gene,log2FC,pvalue,FDR
SCN2B,-5.10451803171973,1.5964419734920292e-91,2.906003324347541e-87
ZBTB16,-6.071821422653569,2.193175405193236e-87,1.996118595036624e-83
SDPR,-5.2551293585039645,8.754714035458262e-87,3.9840514896861685e-83
CENPL,1.9492300094685762,6.9859677170267805e-87,3.9840514896861685e-83
CCNE1,3.9559516747544095,1.995257074344596e-86,7.263932904858935e-83
FAM72B,3.575187915729672,7.411813965697344e-85,2.2486208269598122e-81
PDGFD,-3.071347431648719,3.7212032050932107e-82,9.67672313461596e-79
TRIP13,3.164096200733815,4.3486859254367344e-82,9.894891237590609e-79
LOC728264,-4.621078370221329,8.982288955363082e-82,1.816717842827491e-78
HDGF,1.6923405432595562,2.680227921220797e-81,4.8788188849982165e-78
FAM54A,3.6474688306308436,3.802445279595505e-81,6.292355584043362e-78
ZNF695,4.209408042371877,4.353878187641704e-81,6.604470387470162e-78
STIL,2.8395607823411053,6.257451345589849e-81,8.761875911059387e-78
CHEK1,2.2447030240265153,5.350530329158302e-80,6.956835970119184e-77
KPNA2,2.488871168185586,1.134281176468954e-79,1.3764880170176247e-76
C1orf135,2.918164989939637,2.4699323990712923e-79,2.8100112162684205e-76
RAPGEF3,-3.1891753994555607,3.624430116241675e-79,3.8809118474086594e-76
SCN7A,-5.049969286306071,8.269996548993312e-79,8.363263732295848e-76
CENPN,2.108262599124158,2.7067196392470315e-78,2.5931798733270376e-75
PAMR1,-4.487916794886972,3.588254980956222e-78,3.2658502709173054e-75
FAM72A,3.6645827316842237,3.442181542526528e-77,2.983715743743352e-74
CDC25A,3.2364108533554248,4.59420524760757e-77,3.801287187372755e-74
THSD1,-2.2686311338619953,7.05600125293271e-77,5.5843648177014836e-74
CD300LG,-6.824899402296129,9.322916091248797e-77,7.071043400375077e-74
CDCA8,3.860053047697953,1.6565338924752675e-76,1.2061554577890919e-73
KIAA1524,2.512574647887324,2.568734435739962e-76,1.7984104974528665e-73
UBE2T,3.6739121079417663,2.7943597324914265e-76,1.883915933723757e-73
FXYD1,-5.147397798556042,3.885998383302965e-76,2.526315306116567e-73
BTNL9,-5.051142655935613,5.29658621373946e-76,3.324612374093082e-73
ABCA10,-4.942304515327258,5.759485012121216e-76,3.494663522521416e-73
RAI2,-3.2851802343472594,6.983452085328491e-76,4.1006380099753075e-73
C15orf42,3.109594040714879,8.382480334957436e-76,4.768321548038444e-73
CCNB1,2.760995046751094,1.1473493341188392e-75,6.328848463322797e-73
SMC4,1.9499410995384068,1.5257727840982639e-75,8.168718232041382e-73
ATP1A2,-6.599259066161675,3.0403488339282495e-75,1.581241994971312e-72
CBX2,3.4387052136347496,3.871791250166943e-75,1.957728225744135e-72
ADH1C,-5.67383426440999,4.574243579860953e-75,2.250404213086728e-72
RACGAP1,2.035804462066517,5.022295564588728e-75,2.405811741110753e-72
C6orf97,-3.6892800864007578,8.201930825823455e-75,3.8281986364734456e-72
CTPS,2.034613824121198,1.150544909800374e-74,5.235842248274052e-72
HMGB3,2.569454290448574,1.5809291288857453e-74,7.018939739782249e-72
GPIHBP1,-4.868044703515211,1.6469769161196742e-74,7.138076381934864e-72
TENC1,-2.453054698780921,1.9135946954842198e-74,8.100735870209128e-72
ZBTB4,-1.4364138182033344,2.095209618595526e-74,8.667977428930536e-72
KLHDC1,-2.507329618889809,2.9646682221757457e-74,1.1992412366281134e-71
CDCA3,3.903193632382531,7.211330369052095e-74,2.8536488414751146e-71
MAB21L1,-4.131979021185938,1.1136787528083595e-73,4.313254114334163e-71
ADAM33,-4.693088460172801,2.081351094418016e-73,7.893090410768988e-71
RAD51AP1,3.0796808616404316,2.7728937946239917e-73,1.030101749868174e-70
FOXM1,4.621329222393182,4.061432579736211e-73,1.4786051449787652e-70
TTK,4.0230948277902705,6.80196008154296e-73,2.4277662620456178e-70
SPAG5,3.0296884779263813,8.293543952981731e-73,2.903218857233201e-70
TCEAL7,-3.233847839981064,8.866607255847998e-73,3.045261356192474e-70
DBF4,1.7585939756184166,1.025065508311594e-72,3.45541989773999e-70
FAM72D,3.5525361699609412,1.118048674489322e-72,3.6919899538520615e-70
PGR,-5.525295017161791,1.135809687500497e-72,3.6919899538520615e-70
PRC1,3.0648541839270926,1.2169994103781387e-72,3.8864982924760104e-70
SCN4B,-3.8112592910403604,1.5297758644123671e-72,4.8011224241203996e-70
AVPR2,-3.7833907385489396,4.042835706825125e-72,1.2473175995141992e-69
ABLIM3,-3.830197958338265,4.505280474707346e-72,1.366827008018297e-69
STMN1,2.498884353177891,5.022925422529897e-72,1.4988903519067496e-69
LHFP,-2.640018221091255,6.358025147492665e-72,1.866695673545306e-69
SCUBE2,-4.862313338856674,7.898313940310588e-72,2.2821112484995815e-69
MCM10,4.404075937980823,8.891730594285151e-72,2.529002687621447e-69
CAPN11,-3.9276095750976463,1.0056001047115713e-71,2.8161444163176513e-69
PDE2A,-3.8077155994792298,1.26206556771411e-71,3.480815080166658e-69
C9orf100,2.184353083205111,1.524417078458282e-71,4.1416364297277774e-69
CDCA2,4.1379009054325975,1.8428531265213206e-71,4.933155215009942e-69
NOSTRIN,-3.6488715706000674,3.4492886873446817e-71,9.099623474744239e-69
LMOD1,-3.78690466327376,4.91303856757053e-71,1.277600586364091e-68
AURKA,3.522647928748965,6.3199600466874594e-71,1.6203131370401664e-68
SPARCL1,-2.937809362054681,6.7829657530897825e-71,1.7148656333818516e-68
CDCA5,3.6668352881997874,7.89105800488851e-71,1.967683957027199e-68
PHYHIP,-3.5066993312818084,8.552322826575724e-71,2.1037558434075393e-68
DONSON,1.9444680376375878,8.704153530235098e-71,2.1125560894782596e-68
C5orf4,-3.2456380281690134,9.687840700608341e-71,2.3203653193838636e-68
PEAR1,-2.961484009942007,1.0003400813994515e-70,2.3648299352875606e-68
ORC6L,3.4343740975263373,1.3786852445577458e-70,3.217462500857006e-68
FIGF,-5.885757604450229,2.2124203657310226e-70,5.034085989675226e-68
CENPF,3.9473311516155754,2.2022717777136907e-70,5.034085989675226e-68
CENPA,4.451747804473903,3.424823561803331e-70,7.696551024136547e-68
FEN1,1.9015719493431202,7.743521189356924e-70,1.718967270852001e-67
CBX7,-2.428957574860931,8.239741566246929e-70,1.807084526872203e-67
E2F3,1.797354284530714,8.894148099992492e-70,1.927383069811468e-67
GSG2,2.669869552609777,9.267760954329264e-70,1.9724760020605854e-67
MAD2L1,2.6229184696413768,9.318954907279587e-70,1.9724760020605854e-67
KL,-3.326122848857854,1.0569926332387482e-69,2.2115444715913715e-67
SKA1,4.120890525505976,1.194467156376468e-69,2.4707824599455513e-67
GINS1,2.7841858030536155,1.624144278868275e-69,3.3218312705886755e-67
TPX2,4.39480822582554,1.888935821711311e-69,3.820477640290111e-67
C18orf34,-3.7968099775121305,2.161371540608436e-69,4.323455621285205e-67
DIAPH3,3.3188527399692296,2.2516080922903336e-69,4.45500240260445e-67
CALCOCO1,-1.691114202864247,2.363450062572994e-69,4.6260087622598077e-67
CYBRD1,-2.751434157888509,2.4882387367308104e-69,4.8184478430543556e-67
EZH2,2.9409316546336868,2.9158551110427874e-69,5.587085324874933e-67
FAM83D,4.244907752396731,3.3730370475185935e-69,6.39577014333135e-67
NOVA1,-4.669150840336134,3.585716458437035e-69,6.728948112673128e-67
KIF11,3.014441046277666,6.90169737930783e-69,1.2819550754646985e-66
C10orf32,-1.4190906320274586,1.1990859746369224e-68,2.2047436359915048e-66
KIAA0141,-1.1354430405965203,1.2950696947230707e-68,2.3574153653044057e-66
BLM,2.787649224760327,1.4219382621518377e-68,2.5627269491039505e-66
DSCC1,2.2449772280743314,1.477322099982142e-68,2.6364406064681306e-66
LDB2,-2.671039661498403,1.857062955056422e-68,3.281953103970102e-66
CCNA2,3.6527849508817596,1.9482232733642697e-68,3.409952715870173e-66
TNXB,-5.096659977512128,2.001073336237644e-68,3.469098851384175e-66
ARHGAP11A,2.75881509646112,2.0503687135094687e-68,3.5159166847116246e-66
EXO1,4.558108480293525,2.0667092526734264e-68,3.5159166847116246e-66
NUF2,4.702991046277665,2.3793343708073414e-68,4.0102799585005587e-66
FAM47E,-3.3005954373298603,2.843709937072173e-68,4.748995594910529e-66
ARHGAP20,-3.7268730263936565,3.1026192895488966e-68,5.134270811605324e-66
NKAPL,-2.737607202035744,3.3594511475852377e-68,5.509197228783251e-66
SLC16A12,-3.9166233222866618,3.754527786862301e-68,6.102113330737006e-66
RNASE4,-2.5942630311279427,5.869796841372585e-68,9.372623851184664e-66
CKS1B,1.7150357083678553,5.861174378983049e-68,9.372623851184664e-66
HRC,-2.9166129364421822,6.04161968572988e-68,9.513149670588629e-66
KIF14,4.67265871700793,6.062326879021485e-68,9.513149670588629e-66
PLK4,2.2045741034441937,8.705412332615214e-68,1.3543984674409809e-65
USHBP1,-2.86467151733933,9.497523551934408e-68,1.4530516017277437e-65
SGOL1,4.064699207006746,9.499156216316073e-68,1.4530516017277437e-65
TBC1D9,-2.7893563261924488,1.1327751298498802e-67,1.7183254740547808e-65
SRPK1,1.5804715173393298,1.4756284711317497e-67,2.219906203306714e-65
CRY2,-1.7642118061309002,1.9473262178201e-67,2.9055064871294492e-65
ORC1L,3.3448050360989434,2.0339859551376787e-67,3.0101338488919644e-65
KIF18A,3.1628789501716135,2.2302165753086447e-67,3.273921961318005e-65
ANKRD29,-3.485260113622915,2.3630237293487358e-67,3.441129675626803e-65
CENPE,3.3910340750384664,3.043024646988277e-67,4.396204575327588e-65
RAD54L,4.033630926736894,3.416244467181794e-67,4.896527404418126e-65
TPCN1,-1.3436057107349964,4.1526262779804094e-67,5.905488760787296e-65
KIAA1370,-1.7769433069002254,5.221885342334458e-67,7.368525495078615e-65
SYNPO2,-3.6250082968398623,1.1394558742344604e-66,1.5955011752838372e-64
ABCA9,-5.027806491892532,1.1584167297847402e-66,1.609668681852796e-64
CENPW,2.5640225943898693,1.3630315197638127e-66,1.8796411177470215e-64
ATOH8,-3.825169960942122,1.705466121145007e-66,2.3341804363310195e-64
POLQ,3.328638116936916,1.9513181022500618e-66,2.6507345832281996e-64
SKA3,3.8664588116936933,2.1916719317367365e-66,2.9551854943262084e-64
SPRY1,-2.468049041306662,2.2787010192000518e-66,3.0499407832719515e-64
PLK1,4.388261332702098,2.3790894261064495e-66,3.1494709077433405e-64
OGN,-6.026919517102614,2.387666787170142e-66,3.1494709077433405e-64
MCM2,2.292377287252929,2.51781011957312e-66,3.297244432128741e-64
AGTR1,-4.2735011243934204,2.883492037917015e-66,3.749157540443102e-64
UBE2S,2.8230509468576157,3.0367977114218407e-66,3.920484307873175e-64
CENPI,3.291111841638063,3.063547210582558e-66,3.927165484101007e-64
KIFC1,3.8555814238371404,3.2064110470258534e-66,4.081559460770042e-64
CKS2,2.9245099005799515,3.249234549717649e-66,4.1073483686465526e-64
LOC134466,-3.1633550716061065,3.845030202420693e-66,4.826971363769923e-64
GMPS,1.3852387205586485,4.017732560291843e-66,5.0092319037666034e-64
EME1,2.555712463013375,4.322636429964171e-66,5.352717750655633e-64
NCAPH,3.6175527873121114,4.485621704810709e-66,5.5170116143695494e-64
APH1B,-1.7686270919635465,4.548628460917347e-66,5.556958649267012e-64
ABCA8,-6.057644691679488,4.6318068998792634e-66,5.620852066566815e-64
SEMA6D,-3.4148281275890664,5.455890605097821e-66,6.577058058582493e-64
GINS4,2.594502852408568,5.591633399199034e-66,6.696348866159212e-64
SLC7A5,3.3649543496271743,6.393693588324177e-66,7.60682381622647e-64
JAM2,-2.7599973902236945,6.496284109077363e-66,7.678692184255534e-64
CNN1,-4.276980293525863,6.629023860360694e-66,7.785040085815852e-64
KIF15,3.6803486921529185,7.808227832441557e-66,9.111100720123954e-64
PRIM2,1.411464741389513,1.1218054137669244e-65,1.3006512068025047e-63
CCDC48,-2.7738895076340397,1.1392972115864487e-65,1.3125713381334257e-63
CLDN5,-3.5906445141436816,1.158338700802001e-65,1.32611568369175e-63
FANCA,3.1764410640312466,1.2162366192933622e-65,1.383697198812317e-63
AURKB,4.521548502781393,1.291753928173562e-65,1.4542890964361241e-63
TMEM132C,-6.1355624630133745,1.2942637676352914e-65,1.4542890964361241e-63
RAD54B,2.1104379749082716,1.6674847748760197e-65,1.8621610648508087e-63
CXorf36,-2.435613670256834,1.8033204553248627e-65,2.0015757468462486e-63
ALDH1A2,-4.169507172446444,2.191446211912829e-65,2.4176300239666197e-63
EZH1,-1.7022494378032924,2.2565970184449765e-65,2.474508164262284e-63
LRP8,2.7201023434726004,2.330700083777243e-65,2.5404630913171945e-63
CDC20,4.589603893951947,2.560151251895318e-65,2.7739543594196714e-63
BUB1,4.383004183927091,2.5818276577147796e-65,2.7808880978332625e-63
TUBB,1.3310395372233383,2.6161886793692514e-65,2.8013225017975574e-63
E2F1,3.106958574979288,3.6264603673269903e-65,3.860377664704866e-63
KCNE1,-4.229191129127706,4.687208559731786e-65,4.942535174733199e-63
KIF23,3.254113711681856,4.697349806234375e-65,4.942535174733199e-63
ECE2,2.4480460646230346,5.059812969373807e-65,5.29332042997192e-63
MMRN2,-2.466017960705406,5.2598865984840125e-65,5.471183757268828e-63
CIRBP,-1.5898423837140516,6.219456987035168e-65,6.432544064488703e-63
FAM64A,4.172425535566339,6.928504752531242e-65,7.125399548605999e-63
CENPO,1.8497167061190698,8.097188951526007e-65,8.280512948574601e-63
FANCI,2.131947786720323,9.270051867618544e-65,9.426969505377674e-63
HMGA1,2.285740401230912,1.1039588512851158e-64,1.1164090538857203e-62
FGF10,-4.094906018463723,1.2034225667387385e-64,1.2102707725052628e-62
LRRC70,-2.7572981062847663,1.2329656699543694e-64,1.2331689060538125e-62
ITPR1,-2.9448170493549526,1.2863012124314454e-64,1.2794831131087214e-62
MYH11,-5.288357113267844,1.301881756022971e-64,1.2879431307003336e-62
GPRASP1,-2.9542438631790757,1.323805471031291e-64,1.3025530264423023e-62
LRRN4CL,-4.345517096697834,1.3530852495905022e-64,1.3242048816288124e-62
KIF2C,4.425751432122144,1.402768248862739e-64,1.3654861194678309e-62
LRIG1,-1.7967888211622647,1.4395453673100596e-64,1.3938321447417561e-62
CIT,2.4862011717362993,1.5981879600472767e-64,1.539249494007438e-62
DNALI1,-4.068215120132559,1.6240618683662302e-64,1.555936746835289e-62
DCAF13,1.5290659249615324,1.686336859883096e-64,1.6071408303901567e-62
CKAP2L,3.9868117706237447,1.782727975336771e-64,1.690156111200794e-62
CA4,-6.389800390578765,1.939168000703027e-64,1.8289468972433782e-62
CEP55,4.3325219375074,2.153619240755002e-64,2.0207387133743966e-62
ANLN,4.314298378506331,2.339642540758826e-64,2.184026316381175e-62
ANKRD30A,-6.566775961652265,2.6919694102265422e-64,2.5000979170588647e-62
GRIA4,-5.555663031127945,3.262902652727797e-64,3.014955177035741e-62
H2AFZ,1.6789187241093604,3.388558652682172e-64,3.1152491492309887e-62
RAD51,3.126373748372589,4.2367002127874036e-64,3.858232033147192e-62
CCL14,-5.081945271629778,4.239116665546549e-64,3.858232033147192e-62
SUV39H2,1.700323848976212,5.5599023571635213e-64,5.035169283952616e-62
HMGCS2,-7.615705971120843,7.519283362520579e-64,6.775916586532777e-62
C1orf190,-2.4142471830985905,7.789127544797388e-64,6.9845068324111754e-62
MCM4,2.1757518463723517,8.508827090165716e-64,7.592459780504242e-62
INMT,-3.7323222629897037,8.771986837982672e-64,7.789096410331637e-62
GGH,2.229235584092792,9.506502774440228e-64,8.400333495297839e-62
NCAPG,3.791847561841638,9.925013496636843e-64,8.727778776776834e-62
XRCC2,2.390735897739379,1.2680510889546328e-63,1.1097275948192874e-61
VAMP2,-1.4298535803053625,1.5799930350540137e-63,1.3761058955544599e-61
DEPDC1,4.176971594271513,1.5896297913292163e-63,1.3779062424555107e-61
RFC4,1.7918073263108036,1.6039075712984244e-63,1.3836933421964558e-61
CCT3,1.3510006983074927,1.641029523160029e-63,1.4090405853812268e-61
WDR62,3.5932566339211753,1.8101110021114258e-63,1.5469225620391683e-61
C11orf82,2.3124424843176703,1.8944902049353762e-63,1.6114675327307783e-61
SEMA3G,-3.568015404189846,2.0317932445932173e-63,1.7202201130851316e-61
CDC6,3.0745535566339237,2.0456649228565335e-63,1.723946231053587e-61
TPO,-4.028047916913245,2.1015266212975694e-63,1.762861248270952e-61
ATAD2,2.331061871227364,2.231371512730263e-63,1.8631952131297695e-61
CORO2B,-3.1389403242987344,2.3481551321327769e-63,1.9517565237540154e-61
HJURP,4.427631719730145,2.5277084304626834e-63,2.081985364692861e-61
LOC284276,-2.9242711800213037,2.523848809440203e-63,2.081985364692861e-61
CLDN19,-5.221001361107822,3.7070251843894945e-63,3.0395936680829713e-61
ERCC6L,3.191559557344064,3.7294560157337864e-63,3.0442729979552516e-61
KANK3,-2.3239926618534748,4.2493284535960303e-63,3.4531484750360956e-61
TGFBR2,-2.4903424665640905,4.299101937219288e-63,3.4780690028090086e-61
ILF2,1.4810113563735339,4.923182598148572e-63,3.965340390889312e-61
KIF18B,4.578468369037755,5.139533784504979e-63,4.1213627083411514e-61
GIPC2,-3.449654166173512,5.649364326033153e-63,4.510323632753574e-61
EMCN,-2.752979405846843,6.051874532103251e-63,4.810579568029497e-61
POC1A,2.117588898094449,6.131506104274288e-63,4.852687200700212e-61
NEIL3,4.105495987690851,6.795236131729202e-63,5.354704905015874e-61
ECT2,2.0247793644218266,8.054154252362386e-63,6.31938663171347e-61
IQGAP3,4.669533938927683,9.660343140201527e-63,7.547091252407227e-61
PGM5,-4.156537572493785,9.898938288695853e-63,7.700443319193616e-61
TUBA1C,1.9537472777843536,1.0158713212673472e-62,7.868896025970008e-61
RCOR2,3.3532157947686114,1.0707463208416523e-62,8.258811558593473e-61
TCEAL1,-1.4993907385489402,1.2486003874132486e-62,9.589988545182854e-61
FBXL5,-1.3145265711918555,1.2618274917121506e-62,9.650859593124487e-61
GPR19,2.8147003964966277,1.2679135722658003e-62,9.656832952282159e-61
SOCS2,-2.7083483074920114,1.446829754737842e-62,1.097360084395539e-60
PPPDE1,1.2080428748964405,1.4732804856640438e-62,1.1127852564540494e-60
ACOX2,-3.3096183690377563,1.9320838278749848e-62,1.4532942941656342e-60
CTTNBP2,-3.8727475973487993,2.0021589253528625e-62,1.4998065398435454e-60
GSTM5,-5.022109036572375,2.1781253854846117e-62,1.6183027098765873e-60
C1orf64,-5.799482530476981,2.1773925736208674e-62,1.6183027098765873e-60
LRRTM2,-3.120458580897149,3.1500287757480855e-62,2.3308932441033494e-60
ACTL6A,1.251125109480407,4.5264076484634245e-62,3.335797507084199e-60
CCNB2,4.0967013966149874,5.0881796401170245e-62,3.734682822139121e-60
TYMS,2.7873833589773938,5.182441370519689e-62,3.788593585042968e-60
GTSE1,3.8908642028642477,5.471048094332553e-62,3.9835795384454184e-60
FYCO1,-1.5000210143212218,5.8283871261365925e-62,4.226857803070295e-60
ERBB4,-5.352401088886259,6.894392018880988e-62,4.980103885702009e-60
MCM6,1.5552438158361959,7.151504423100339e-62,5.145408498565038e-60
ZCCHC24,-2.520905852763642,7.440484926071944e-62,5.332249886192424e-60
PARP1,1.2605445437329852,7.694565708422912e-62,5.492712925114598e-60
IGFBP6,-3.590092721032078,7.94333435488347e-62,5.64814512741968e-60
COL4A3BP,-1.5385028228192699,1.0776739530714603e-61,7.633034617805367e-60
STK32B,-3.1902042667771324,1.1888078458257277e-61,8.387546208358808e-60
TROAP,4.279248277902709,1.2858859225692068e-61,9.037444574720954e-60
C1orf112,1.7271832997987921,1.31670846720836e-61,9.218478549459144e-60
MTHFD2,1.7821057639957374,1.4211582912747882e-61,9.911626197729873e-60
C12orf48,1.9506951591904338,1.5156824336187265e-61,1.0530521885176214e-59
PDSS1,1.752625576991358,1.5680015696425036e-61,1.0852597936198667e-59
CDK1,3.565224659723043,1.7267435912386227e-61,1.190602787549873e-59
HN1,2.276994449047221,1.7946223499241052e-61,1.2327362504025844e-59
PCNA,1.553910829683991,2.0335948246878356e-61,1.3916363381125064e-59
SCN3A,-4.022668765534384,2.1478703458803233e-61,1.464332730564027e-59
PIF1,2.932875553319919,2.548921023480208e-61,1.7312690071048592e-59
NEK2,4.857579038939517,2.57516037712235e-61,1.7425890090988154e-59
SESN1,-1.663008563143567,2.614784260170403e-61,1.7628488106622906e-59
MELK,4.848906616167596,2.7607548927795528e-61,1.8543919303788265e-59
ADCY4,-2.4767410462776676,2.8239382514765605e-61,1.8898583820451409e-59
S1PR1,-2.4749057758314574,2.9129384694622283e-61,1.9422790827699977e-59
SPC24,3.529319659131258,2.9240645464242616e-61,1.9425820050569647e-59
FAM162B,-2.7080703574387504,3.122927292055147e-61,2.0671507453556306e-59
TPM3,1.2872737306190114,3.152486080136584e-61,2.0791559462581974e-59
CHEK2,1.5411799443721135,3.268273106521554e-61,2.1477391825997057e-59
KIF4B,2.206936471771807,3.432484505059216e-61,2.247536526819889e-59
NDC80,4.419710450940939,3.52531508954952e-61,2.3000469740168427e-59
ASPA,-3.93271688957273,3.930258212300726e-61,2.5550889370896466e-59
OIP5,3.224067854183928,4.222191757120599e-61,2.735108774194529e-59
C16orf45,-2.490778660196474,5.044496404965122e-61,3.2562045411198625e-59
DTL,3.310404905906023,5.7359109883794606e-61,3.6894271279671843e-59
ASPM,4.666511853473784,7.114947321349959e-61,4.560330496145539e-59
ADCY5,-4.707759480411883,7.712883260888776e-61,4.926232070103803e-59
SCN4A,-3.9448658421114917,7.793908043006551e-61,4.960577206533155e-59
DST,-2.7539145283465487,8.130270136608817e-61,5.156630916260986e-59
SGOL2,1.773980855722571,1.0071693837386701e-60,6.343773111486163e-59
PTTG1,3.7362810510119537,1.0049934224302242e-60,6.343773111486163e-59
MYBL2,4.846088767901527,1.158677740126364e-60,7.272900311558692e-59
SCARA5,-5.749380400047343,1.2043706513720553e-60,7.533731603754476e-59
PDK4,-4.49096407267132,1.5790056054416792e-60,9.843369532827015e-59
CDCA7,2.796602627529883,2.0562881472956493e-60,1.2774953291884882e-58
TMEM206,1.74100644454965,2.2602247176951458e-60,1.3994173651770318e-58
C7orf63,-2.644678855485857,2.28403041199936e-60,1.4093629013431983e-58
BMX,-4.025592170671087,2.3402299074266686e-60,1.4391623312462044e-58
DNAH9,-3.2972421114924835,2.4263191512640695e-60,1.4870803875575708e-58
DACH1,-3.8119461356373536,2.440017577629093e-60,1.4904577169658518e-58
CCT5,1.3030879867439893,2.466815803059794e-60,1.50178756063871e-58
PRICKLE2,-2.5310973073736553,2.555479527197634e-60,1.5505797944526175e-58
AHNAK,-2.451956272931712,3.2784130757820826e-60,1.9809069923023417e-58
C6orf129,2.0342632855959275,3.286457790887805e-60,1.9809069923023417e-58
DSN1,1.1649464907089602,3.473982496742193e-60,2.0870265144619847e-58
ARHGAP6,-2.404720836785418,3.8580304535861797e-60,2.310122642981225e-58
TIMM17A,1.1965018463723514,3.896304453750218e-60,2.325391146610335e-58
PPP1R12B,-2.2579279737247013,3.969267612122776e-60,2.361195370701663e-58
TMEM178,-3.652360592969582,4.067314485675476e-60,2.4116392697964394e-58
C5orf36,-1.7283976742809788,5.022864221541448e-60,2.968545370932434e-58
RABEP1,-1.4232905077523998,5.495365125936515e-60,3.2372858054181996e-58
SNRPA1,1.566336749911235,6.173512959653019e-60,3.625046980792384e-58
DDX39,1.817209125340277,8.519377333141022e-60,4.9864381220310615e-58
MEMO1,1.3186271511421452,8.899713049331318e-60,5.192355020415962e-58
AGAP11,-3.4480133980352714,9.294390142564401e-60,5.405296605913732e-58
COL4A6,-4.5265314593443,1.0737802938771172e-59,6.224847990269161e-58
NEK9,-1.2172698603384973,1.1318384507185163e-59,6.54058898997751e-58
MYCT1,-2.434882861877143,1.1796086999241543e-59,6.795068723012462e-58
ITIH5,-4.106672884365014,1.2417151941838658e-59,7.130265514110066e-58
PLAC9,-4.1599637945318975,1.2642357842722983e-59,7.236755968902091e-58
LEPR,-3.1989063676174716,1.334128794309501e-59,7.612898571415627e-58
SLC7A2,-3.802392661853471,1.3769909592486835e-59,7.832927009751182e-58
AR,-4.666530157415078,1.4633986527584906e-59,8.298518902231403e-58
PPAP2A,-2.0769801455793537,1.4838848457795858e-59,8.388557716685031e-58
E2F8,4.0280156823292685,2.2499039547179948e-59,1.2679567085985033e-57
PSRC1,2.3672472718664936,2.288309768617394e-59,1.285620454263655e-57
NEK10,-4.984907284885784,2.3651302184764237e-59,1.324691242059272e-57
ZWINT,2.609269386909693,2.3963808200472683e-59,1.3380773026785405e-57
DNA2,2.2898476801988394,2.742101059921833e-59,1.5264362566898206e-57
C15orf23,1.6532827553556642,2.845072131651116e-59,1.5789282930623555e-57
ASF1B,3.2419949402296124,2.9683990836006803e-59,1.6423637847654463e-57
UBE2C,4.9397324476269375,2.9859314316570463e-59,1.647057874256158e-57
C16orf61,1.2954608000946841,3.0901896407761007e-59,1.6942988563568484e-57
DUSP1,-2.973889602319799,3.081974195457871e-59,1.6942988563568484e-57
ADRB2,-3.677748485027813,3.125618612167379e-59,1.708577645564048e-57
DEPDC1B,3.775129015268079,3.535445235661675e-59,1.9268176534356127e-57
CLSPN,3.796332400284056,5.0622234054493195e-59,2.7498190793397243e-57
ESR1,-4.755635992425136,5.075752407065579e-59,2.7498190793397243e-57
LMNB1,2.706084187477808,5.294672108148925e-59,2.8599084980603817e-57
FAM198B,-2.4962516333293863,5.494907977808364e-59,2.959284317161114e-57
F10,-3.4191083560184645,5.573075548129628e-59,2.992527852584178e-57
THOC4,1.64990014202864,7.100998861164736e-59,3.8017494785229905e-57
INTS7,1.3091620724346065,7.430586464722387e-59,3.9665385752886106e-57
NUP93,1.0800788318144168,8.465850833974535e-59,4.5059614833578495e-57
SVEP1,-4.1828525861048655,8.49204986451628e-59,4.5067283872825024e-57
ANP32E,1.8672497869570375,8.564923256259512e-59,4.532188896328253e-57
LIN9,1.5791356373535326,9.453611970505926e-59,4.987944889829547e-57
GNG11,-2.4693296839862686,1.022911538613109e-58,5.381519866293187e-57
PPP1R14B,1.9355853532962488,1.1404170936755174e-58,5.982424310137015e-57
CAB39L,-2.330106107231625,1.2198252695845862e-58,6.380597523634546e-57
LIN7A,-3.2476299029470947,1.3785756656305916e-58,7.190318865751765e-57
RIPK2,1.5472240501834538,1.4079253199523686e-58,7.322418456883705e-57
NFE2L3,2.1655706888389137,1.4633024768396127e-58,7.588745010231188e-57
WDR67,1.534986353414606,1.582087340686194e-58,8.181459051849656e-57
UBQLN4,1.272160587051724,1.7100876106582708e-58,8.818335630825072e-57
CCNDBP1,-1.3039981299562093,1.7575405934182646e-58,9.037432605082675e-57
CCNE2,2.9696781690140837,1.7731687294001197e-58,9.092109966555036e-57
SCN3B,-3.1846751153982713,1.8143895902731317e-58,9.277340930264555e-57
SHE,-2.59370164516511,1.8649112923633308e-58,9.508958054590955e-57
ARRB1,-1.756990927920464,2.047416883108436e-58,1.0410371375201917e-56
E2F2,3.205145135518997,2.0696079002281463e-58,1.049389209132394e-56
PLSCR4,-2.503770481713814,2.130630232268672e-58,1.0763195611718111e-56
ANGPTL1,-4.071957781986035,2.1345457429161335e-58,1.0763195611718111e-56
RCC2,1.371215966386556,2.1978944340288974e-58,1.1052008945477353e-56
ERG,-2.249014883418151,2.234877534278899e-58,1.1207018114732452e-56
DNMBP,-1.8914452006154603,2.278149074433925e-58,1.139262296756064e-56
LIMA1,-1.8444137886140357,2.3523151493012625e-58,1.1731285661022158e-56
DKC1,1.217209302876082,2.44511068988558e-58,1.2160751335515632e-56
NOTCH4,-1.9264932654752052,2.7149254188368565e-58,1.3465882125091907e-56
LRFN5,-3.1041744111729206,2.8007337949111106e-58,1.3853738388251887e-56
CXCL12,-2.7351682388448353,2.877587509413132e-58,1.419531854575806e-56
CD34,-2.3218245295301205,2.9352997791860336e-58,1.444088158933064e-56
ABCG2,-3.039585868150078,2.98162265563548e-58,1.4629239137609876e-56
TACC3,2.7657526156941623,3.0042832591905008e-58,1.4700797894366851e-56
BIRC5,4.727273340040239,3.1674385716103326e-58,1.5457609737003453e-56
CDC7,2.4044570777606813,3.219572239882358e-58,1.5670019647748277e-56
ABCA6,-3.9301285181678303,3.484717698526187e-58,1.691528433767258e-56
CEP68,-1.3611864895253856,3.773676982267884e-58,1.8269213326654866e-56
LRRC3B,-3.5627168303941295,4.0512671166798514e-58,1.9561065072923963e-56
PBK,4.084324133033497,4.368576306144427e-58,2.1037353042525663e-56
RNASEH2A,1.88482665995976,4.501182508125177e-58,2.161874015709831e-56
CDT1,3.3155988874423006,4.518167680782002e-58,2.164321218244073e-56
RFC2,1.354053367262397,4.538939477281345e-58,2.1685647061667277e-56
TMEM88,-2.447988548940703,4.5523205927551704e-58,2.1692641819351402e-56
KLF9,-2.1809896555805413,4.6950338609501096e-58,2.2314282342264974e-56
PRR11,3.341973588590367,4.7482716598099084e-58,2.250853880820827e-56
HPSE2,-4.026633933009823,4.808152016115215e-58,2.273319250632344e-56
GALNTL2,-3.844105740324297,7.389604154635633e-58,3.484791824529338e-56
CHAF1B,1.8981679488696903,7.447442893401996e-58,3.5029923252867324e-56
PSMD14,1.0725559178601003,7.852673956671948e-58,3.684077939002563e-56
KIF4A,4.8692487394957995,7.95949318012651e-58,3.7245926570139557e-56
TXNIP,-2.3274184873949615,8.528742736300802e-58,3.9807360007406023e-56
KIAA0232,-1.2386349272103168,9.291187726230707e-58,4.325511257815282e-56
MCM7,1.428736862350572,9.898472549340931e-58,4.59647693407278e-56
PJA2,-1.3074810569298112,1.0763416184082575e-57,4.9854062289785015e-56
NISCH,-1.14389939637827,1.2635046109693133e-57,5.8374554399681245e-56
GPR44,-2.266740578766717,1.3346570315186368e-57,6.150572644236392e-56
DNAJB11,1.2488756835128463,1.3427796314429305e-57,6.172378189685774e-56
FHL5,-3.365533003905788,1.3513568341303348e-57,6.196158300169896e-56
PTPRB,-2.594137720440285,1.474802763067067e-57,6.745184597012519e-56
TOP2A,4.052046964137768,1.6544104745952134e-57,7.547677661417711e-56
DIXDC1,-2.0623118948988086,1.6626041097493057e-57,7.566095652441654e-56
GPRIN1,2.867843804000473,1.6957616173710048e-57,7.697742823193117e-56
GPSM2,1.9526574150787077,1.7721941105351685e-57,8.004776524583542e-56
FAM70A,-3.2354219079180977,1.771463220511706e-57,8.004776524583542e-56
HLF,-3.5632978814060854,1.997401877589483e-57,8.999679796475585e-56
BUB1B,3.746721552846491,2.2062709786295212e-57,9.916234721973622e-56
TTC28,-2.1104268611669994,2.4214975438301562e-57,1.0856778273482841e-55
PPAP2B,-1.9428054621848752,2.5418266927347456e-57,1.1368273043697929e-55
ITM2A,-3.2239022902118606,2.691122891449201e-57,1.200649754731613e-55
KIAA1377,-2.8297653390933837,3.034409779175896e-57,1.350497829103639e-55
HSPB6,-4.735789341933956,3.9285658885172525e-57,1.7441874358214524e-55
CCDC150,2.3964171203692746,4.48348758571079e-57,1.985715925126363e-55
SNRPD1,1.233822529293409,4.891583056243854e-57,2.161201125553565e-55
C16orf59,2.7993016865901295,5.178881273411159e-57,2.2825950561719934e-55
ABCB1,-3.3815141673570848,5.268959880381972e-57,2.316687843057803e-55
NUDT5,1.5492324712983798,5.501570105183765e-57,2.4131344728833752e-55
ZNF367,1.9911991241567035,6.92951706431726e-57,3.032163440427093e-55
ACADSB,-2.3344165818440032,7.178522546684191e-57,3.133588631110128e-55
FAM136A,1.226258557225707,7.310817976016215e-57,3.18370381859864e-55
C20orf20,1.233654343709314,7.382442660070579e-57,3.2072220463309007e-55
C1QTNF9,-3.2991439282755364,7.42130365206945e-57,3.2164283423481003e-55
LOC100132707,-1.6310017220972899,7.627846890230361e-57,3.298092563963498e-55
UCHL5,1.1293555154456136,9.273228109986138e-57,4.0000135375847786e-55
GHR,-3.8008887383122296,1.043502358150949e-56,4.490513812156436e-55
FAM13C,-2.8203575097644675,1.0568414028068772e-56,4.5371896356824495e-55
TK1,3.174952550597702,1.0624253613119481e-56,4.550430318108563e-55
C20orf24,1.3077910995384094,1.0928335225901596e-56,4.669682772701567e-55
MRGPRF,-2.783094011125577,1.2154418261871011e-56,5.181425658567635e-55
RBMS3,-2.9179176293052436,1.286577120759582e-56,5.471860590931466e-55
SYNJ2BP,-1.1452558586815034,1.3287266896047233e-56,5.63795149903841e-55
ARHGEF15,-2.3097622203811072,1.3883842733013237e-56,5.877385796954417e-55
CAV1,-3.124560385844477,1.4246030688694702e-56,6.016716859079111e-55
MTMR10,-1.3805468694520115,1.473490847449213e-56,6.207796065063966e-55
MMRN1,-5.099227299088651,1.4766663166361025e-56,6.207796065063966e-55
E2F7,3.2924479879275648,2.174263367824736e-56,9.119381586293472e-55
CDCA4,1.5409844715350927,2.4043335853763065e-56,1.0061168794162047e-54
ADAMTS15,-4.0014049650846255,2.45419572104232e-56,1.0246267135351685e-54
FREM1,-4.005026606699018,2.732214190217213e-56,1.1380891282499755e-54
UCK2,1.616070428453071,2.859365018200729e-56,1.1883338225184446e-54
C1QTNF7,-4.0229187300272224,3.0833911701899083e-56,1.2785186667646218e-54
RANBP1,1.252962563616995,3.5914699494407813e-56,1.485807442947058e-54
TSHZ2,-3.280963433542434,3.9529172745176794e-56,1.631631590658624e-54
GARS,1.2482112971949295,4.016675579192445e-56,1.6541978635303186e-54
NTN4,-3.3209933246538004,4.45203996480115e-56,1.82935628621389e-54
WDR19,-1.4977712332820454,4.840911563926195e-56,1.984664711670012e-54
SHCBP1,3.197815481122026,5.522405660114073e-56,2.2589741624956512e-54
KIF20A,4.45440681737484,5.570397430021773e-56,2.2734965116297385e-54
C5orf53,-1.6934776008995156,5.825861229794597e-56,2.3724418784329095e-54
DBX2,-2.7391110190555095,5.877784111571045e-56,2.3882433969403513e-54
SH3D19,-2.1908428808142943,6.000689388982535e-56,2.4327516469409597e-54
MFSD2B,2.2659740205941534,6.233346933099897e-56,2.521458093849276e-54
ESPL1,3.3015645105929705,6.520772001397306e-56,2.63187611400078e-54
MTBP,1.7845073144750856,6.690115266317541e-56,2.694251508689783e-54
KLHL3,-2.011430630843887,7.348242844044518e-56,2.9527608055219064e-54
EGR1,-3.3541784116463482,7.520760600038401e-56,3.01542742736782e-54
NCAPG2,1.6517395845662204,7.564363146432168e-56,3.026244007791313e-54
MKI67,3.949491093620546,7.965934388724393e-56,3.1799101683760996e-54
EGR3,-3.9578439815362767,8.550565968681145e-56,3.3983832386005e-54
TSPAN7,-3.284921097171261,8.536060054315929e-56,3.3983832386005e-54
EBF1,-3.190543194460883,9.223187207502117e-56,3.657727162051439e-54
SPC25,3.501802698544206,1.0082722449778331e-55,3.989908625072064e-54
NUSAP1,3.4702434607645847,1.0520162594966892e-55,4.153980904906341e-54
POP1,1.5728882885548625,1.0709330312231016e-55,4.219522503756303e-54
CALR,1.3753304533080843,1.0763997324935904e-55,4.231901583278796e-54
C4orf12,-2.407944952065333,1.1121370384625285e-55,4.362980713606337e-54
ACER2,-2.233531376494258,1.1231122092350001e-55,4.387126940923757e-54
DLGAP5,4.387785956917978,1.1212404145753215e-55,4.387126940923757e-54
THSD4,-3.353853982719846,1.2092271743705667e-55,4.7133966284940955e-54
AQP7,-6.253439217658894,1.312340387504456e-55,5.104387195244362e-54
CDC45,4.251554355545033,1.3989002270586882e-55,5.429462864210938e-54
RUNX1T1,-3.1579110368090895,1.450393345016592e-55,5.617342565816387e-54
EDA2R,-2.582160871109007,1.9128242474842555e-55,7.392598678759215e-54
RHOJ,-2.239225760445021,2.0484392128527717e-55,7.899944701601484e-54
CDC25C,4.0063974257308566,2.058533329219824e-55,7.922089258306228e-54
PKD2,-1.6459694342525744,2.4323386174237776e-55,9.340898703157178e-54
NAV3,-3.1195126227955976,2.5558212348128598e-55,9.79444503943126e-54
FRY,-2.227828849567997,2.5636486743975772e-55,9.803801852953592e-54
HPRT1,1.398874937862466,2.6953816038209797e-55,1.028596044745352e-53
TSEN15,1.090193596875368,3.109601558059696e-55,1.1841857146728168e-53
FLAD1,1.4960934726003075,3.652725283340789e-55,1.3881118649823044e-53
CABLES2,1.4719718842466545,3.738387899057776e-55,1.4177057276364312e-53
GFAP,-3.947322091371761,4.0089436810002586e-55,1.5171476470945468e-53
GPD1L,-2.034340714877498,4.3408022416747195e-55,1.6393282822656623e-53
NRIP2,-1.9893354479820111,4.966518517952094e-55,1.8717502397987984e-53
NFKBIL2,2.3776621316132083,5.004737861609801e-55,1.8822570928694876e-53
SCNM1,1.325423499822465,5.213328886341736e-55,1.9566644477954356e-53
CASQ2,-3.903802781394247,5.65973655212867e-55,2.1198391863867937e-53
CGRRF1,-1.1184071132678435,6.029383213195227e-55,2.2536522100573453e-53
SSTR1,-3.6000599715942716,6.545213332853544e-55,2.4414450470887924e-53
SCGB1D2,-6.802739229494616,6.97846837422322e-55,2.5931277723678447e-53
CACYBP,1.2231230974079779,6.980347241994418e-55,2.5931277723678447e-53
ABCC8,-4.7760372588472,7.346483966439342e-55,2.723585491672003e-53
RECQL4,3.0597097999763294,7.580091847805242e-55,2.8044799167804636e-53
MEG3,-3.2506167889691095,7.726724661929571e-55,2.8529324345051517e-53
MAMDC2,-4.507046011362291,9.218818766606311e-55,3.39696676130637e-53
PTGER3,-3.654224257308557,9.49737675706318e-55,3.492540386036789e-53
TNS1,-2.8822081252219203,9.921104890976107e-55,3.6410054905330256e-53
FBXL17,-1.3250998165463361,9.956927124244616e-55,3.646799686974341e-53
SLC25A19,1.470354988756064,1.1198896221963084e-54,4.0934439343051006e-53
ZNF423,-2.6131430524322417,1.1487326877207871e-54,4.190457137190679e-53
TOM1L2,-1.348281169369157,1.1830298247266557e-54,4.3069383798998625e-53
JAM3,-2.1460608060125477,1.4196260554602963e-54,5.157974668172409e-53
HMMR,3.7879572552964866,1.4727170652349273e-54,5.340212896109837e-53
SNRPG,1.3260522842939988,1.4913550770498115e-54,5.397045023367339e-53
TTC13,1.2391731802580175,1.5619704634509115e-54,5.641378640118441e-53
CKAP2,1.6854623505740296,1.6570738624582758e-54,5.961208600460078e-53
DHDPSL,-3.462358693336488,1.6556732394970446e-54,5.961208600460078e-53
HSPA12B,-2.2505066516747547,1.6839117681144807e-54,6.045807872778677e-53
ABCD4,-1.0947792697360637,1.7304230920832512e-54,6.200569201809335e-53
PDE11A,-3.8634751035625525,2.0344251942533993e-54,7.27556813575533e-53
CLCN6,-1.3350126346313207,2.0554124813628755e-54,7.336210470244789e-53
RPH3AL,-2.255930269854421,2.104802083297469e-54,7.497791061108381e-53
KIAA1683,-3.0694483489170308,2.397279145875686e-54,8.522982869604514e-53
MEX3A,3.0532682092555348,2.648153802700373e-54,9.39655822038107e-53
RGS22,-3.7940247129837847,2.8040690288124954e-54,9.930441348535769e-53
MRPL13,1.2875085098828247,3.1107948652051285e-54,1.0995300763364845e-52
COX7A1,-2.9473749437803303,3.144019794049451e-54,1.109120006028724e-52
CLDN11,-3.7263379630725524,3.6818342313536736e-54,1.2938306662805196e-52
TPRG1,-3.210838838915847,4.084316770207616e-54,1.4325013134506596e-52
NBR1,-1.0008503432358875,4.213782717659985e-54,1.4750670540300905e-52
MND1,3.6020249615339113,4.277707937086925e-54,1.4945703949864358e-52
FAM13B,-1.4701920523138785,4.50935367822594e-54,1.5724859196311644e-52
LCA5,-1.9972674991123203,4.933537581722597e-54,1.717116340346012e-52
EPRS,1.1068815599479205,5.322152859570068e-54,1.8488387118846177e-52
C20orf160,-2.19287616285951,5.90820669425644e-54,2.048515932486666e-52
C10orf116,-3.9321952893833627,6.049140107108781e-54,2.0933934861159913e-52
GRRP1,-2.524320748017515,6.357100160474552e-54,2.1957930592242557e-52
TBC1D7,1.4627348443602797,6.414365083266104e-54,2.211376659293426e-52
INCENP,1.4765206474138939,6.645455654587961e-54,2.2867151092715435e-52
ANKRA2,-1.1534238016333305,7.202005934414386e-54,2.4735493212102842e-52
BAK1,1.3556049591667652,7.242803098427642e-54,2.482876549918613e-52
FGF1,-2.934390543259558,7.667792116004023e-54,2.6236244339778425e-52
C20orf194,-1.4367204106994915,1.0104168490531239e-53,3.450772589739965e-52
GCNT4,-2.767408119304059,1.1809989171679574e-53,4.0257908781289006e-52
FAM172A,-1.240431222629896,1.2272785303560022e-53,4.175729175340245e-52
CLEC14A,-1.9465883003905748,1.2719278512773445e-53,4.319571394925654e-52
ECSCR,-2.31023196236241,1.3442664911644007e-53,4.5567379774051366e-52
SFRS5,-1.283924789915968,1.3586881109285167e-53,4.597063138147173e-52
STAB2,-4.342548964374482,1.3908685207639138e-53,4.697213299344253e-52
SLC40A1,-2.8820725884720098,1.4017143201963846e-53,4.7163411775480205e-52
STIP1,1.117344040714876,1.4130173172966541e-53,4.7430722793427366e-52
NDN,-2.5598273050065066,1.4636691876597962e-53,4.897641585105013e-52
C16orf75,2.5851978873239423,1.7431051295147131e-53,5.821971132579142e-52
AMIGO2,-2.877401822700909,1.7943676447297278e-53,5.982211398720739e-52
SAP30L,-1.0862127589063775,1.8974009456916344e-53,6.314147973386622e-52
RHBDF2,1.4851065924961553,1.908752940552191e-53,6.3403339008889655e-52
CHL1,-4.3652000473428805,1.965168719940795e-53,6.515840839541401e-52
SNRPC,1.0922055036098914,2.220544973252953e-53,7.34919639056791e-52
DNASE1L3,-3.79027213279678,2.5253657888690703e-53,8.342873585260197e-52
XPO5,1.3511200082850028,2.557689178710146e-53,8.434350746387825e-52
CT62,-3.6675983074920104,2.62135304056059e-53,8.628659927183439e-52
CEP120,-1.2207873772044024,2.783109323545608e-53,9.144573829693267e-52
CDKN3,3.286907823411057,2.807768911328367e-53,9.208976124848697e-52
ACACB,-3.842685542667774,2.8811482136681524e-53,9.432651247014636e-52
FANCB,1.9499876671795477,3.0469082115903274e-53,9.957427320570688e-52
VPS72,1.2735430938572616,3.428136189647351e-53,1.1183219186406942e-51
CD36,-4.877263581488933,3.8326186210571953e-53,1.2480350046351364e-51
MAOA,-4.308084181559948,4.0534861086353627e-53,1.3176001363480269e-51
PER1,-2.537063670256833,4.397022185590787e-53,1.4267200507006967e-51
CLEC3B,-4.137841549295778,4.849270545994857e-53,1.5706631983762345e-51
PRCC,1.0280050479346663,5.3715442681654965e-53,1.73673570716548e-51
LSM2,1.0770120132560095,5.489825359005167e-53,1.7718314008860117e-51
LUZP2,-4.109532151733932,5.5083115881807265e-53,1.7746512537991817e-51
ADAMTS5,-2.8239409101668818,5.877730450526297e-53,1.8903238054934662e-51
CCDC152,-2.456297094330691,6.749073699046424e-53,2.1667264293428934e-51
RUNDC3B,-2.6535374718901643,6.766130031662707e-53,2.168377904337258e-51
C16orf89,-4.595783938927684,6.829422664649515e-53,2.184815127673376e-51
C8orf79,-3.561153917623388,7.430055920262385e-53,2.3727948757287053e-51
NR3C1,-1.7648405077523979,7.675707035003129e-53,2.4469508784266546e-51
SEPP1,-2.9925366670611915,7.932994216310333e-53,2.5245505895016957e-51
LMNB2,1.789011445141437,8.374294547234723e-53,2.6603365382777253e-51
PAQR4,2.3776594271511433,9.560254113779629e-53,3.031799749706108e-51
C9orf30,1.0835119126523827,1.154995943613511e-52,3.6564158541907376e-51
BBS1,-1.1538322049946732,1.2071102070974455e-52,3.8147616492699306e-51
GLT25D1,1.275741981299559,1.2400803713636504e-52,3.9121634315307676e-51
STAT5B,-1.3375800153864343,1.3001476022300887e-52,4.094565190898668e-51
TCF19,1.6901899573914072,1.5777476790349946e-52,4.960231606472195e-51
FLJ10357,-1.6542793821754067,1.596647229382634e-52,5.010994744215877e-51
FOSB,-4.866151574150788,2.1974609810466824e-52,6.884747373148495e-51
HNMT,-1.6292335601846375,2.2961978723518092e-52,7.181733654711337e-51
SNED1,-2.113486400757483,2.342097968549618e-52,7.312728871613842e-51
CYB5D2,-1.4649057699135994,2.3958786783921836e-52,7.467838969652896e-51
INPP4B,-2.894348514617115,2.456242670095116e-52,7.642903474143828e-51
ABCB5,-4.534147579595219,2.7444120031994006e-52,8.525005408573155e-51
LOC145837,-3.370930648597467,2.7737706717568363e-52,8.601524282451395e-51
MATN2,-3.43586032074802,2.8026298795683045e-52,8.676236683296232e-51
CFD,-4.569893253639486,2.898681965775271e-52,8.958354469101402e-51
GPR124,-1.9928172209728956,2.9600174676613044e-52,9.132406434548935e-51
PNPLA7,-2.816901118475559,3.12403619660318e-52,9.622137205882856e-51
OXTR,-4.9588472955379315,4.063002520765001e-52,1.2493046433359006e-50
GPR172A,1.9038221623860814,4.10926879862009e-52,1.2613999990098061e-50
RPL39L,1.7358988578530017,4.358837098887915e-52,1.3335111211942304e-50
SLC17A7,-3.085660480530241,4.358736580861122e-52,1.3335111211942304e-50
C21orf45,1.2692573203929474,4.5741005514575404e-52,1.3970193345332487e-50
AGR3,-5.793841040359805,4.9943780244484906e-52,1.5228251788783228e-50
ARID5B,-1.5613845307136938,5.988467681630959e-52,1.8228775452964609e-50
APPL2,-1.2304648242395544,6.6136887977905344e-52,2.0098326742267296e-50
C3orf18,-1.756514978103918,7.152548575214234e-52,2.169964028577078e-50
NPR1,-3.2934612380163326,7.326430209293502e-52,2.219018454239095e-50
NR3C2,-2.5089789028287397,7.382583330541775e-52,2.2323117004294344e-50
MFAP4,-3.9886191028524083,7.469383846532971e-52,2.2548125067734605e-50
EPR1,4.122035749792877,7.550473934522946e-52,2.275517831624523e-50
ASNS,1.7683149721860563,8.279428176963338e-52,2.4910815058721266e-50
TFF3,-5.5155872233400425,8.339260806244696e-52,2.5049433078559767e-50
MLF1IP,2.3656566812640536,8.830633716175489e-52,2.64817175511602e-50
NAALADL1,-1.8814618712273647,9.273701603518946e-52,2.776466945540385e-50
WDHD1,1.5909668185584085,1.1071870673722275e-51,3.309380326334426e-50
CCDC46,-2.105671067581963,1.1298680339136901e-51,3.371637347759164e-50
ALG3,1.3298241034441958,1.2500529038083182e-51,3.7241756150610177e-50
MRPL47,1.191539815362761,1.2762368716808297e-51,3.7959705515042713e-50
CASC5,3.274073801633328,1.2968139757879038e-51,3.850881696780948e-50
FOXO1,-1.955050195289381,1.363599720937838e-51,4.0426067948259717e-50
AFF3,-3.99587687300272,1.3666189079932066e-51,4.044969753203307e-50
MAP3K12,-1.5630477157059994,1.386912616457202e-51,4.0983718112614364e-50
ENY2,1.24730748609303,1.4036636475218093e-51,4.1411490074294155e-50
DOCK1,-1.2328655403006277,1.4906880788908814e-51,4.38368256866732e-50
KIF13B,-1.7751624393419316,1.5365969556916972e-51,4.511399094267091e-50
UHRF1,3.700112622795599,1.6001490513187654e-51,4.690420802118435e-50
GRPR,-4.30656855840928,1.6281742251833277e-51,4.764896369937639e-50
C4orf32,-2.2345099479228363,1.703360514198799e-51,4.976929605130135e-50
RRM2,3.8884300449757365,1.7514007461760717e-51,5.109094195936384e-50
AK5,-4.630277547638776,1.8676549009478288e-51,5.439507545912532e-50
THRB,-2.766980553911706,2.1870971225713498e-51,6.359701105777361e-50
C4orf31,-3.438484862113858,2.4847694032683644e-51,7.202270294218796e-50
MYRIP,-3.8573157178364297,2.5597319864025505e-51,7.407758560967508e-50
SEMA5A,-2.7339723872647674,2.741087095055195e-51,7.90744982429314e-50
LETMD1,-1.216126689549057,2.739799979227736e-51,7.90744982429314e-50
TGFBR3,-3.2843843413421716,2.9080609182773426e-51,8.362627629605446e-50
APBB2,-1.5000266066990164,2.904771368152117e-51,8.362627629605446e-50
DKK3,-2.358218836548703,3.020670378599381e-51,8.672754400890304e-50
ULBP1,3.338740288791571,3.204600000824733e-51,9.171907832549153e-50
TPI1,1.446350822582552,3.226760014573637e-51,9.220833994550064e-50
BAIAP2L1,1.450458296839864,3.306771095195463e-51,9.434663674897024e-50
BYSL,1.387523712865427,3.3687004942816493e-51,9.596315351707177e-50
PSMB2,1.021416457568943,3.4518384041230436e-51,9.802467156045517e-50
EHD2,-2.273149005799503,3.739405552121884e-51,1.0602554402690758e-49
COL14A1,-3.5461017990294685,3.804944154450739e-51,1.077160162417835e-49
MRPL9,1.1150492661853484,3.835068154320325e-51,1.0840022610728708e-49
PTPRT,-5.071497845898924,4.4828204588392944e-51,1.2651283846860726e-49
ADH1B,-7.939138170197652,4.5786733555299325e-51,1.2901794286487826e-49
TTC36,-3.678817516865901,4.803902451429147e-51,1.3515523388464415e-49
ROBO4,-1.9793773286779501,5.1788118323783635e-51,1.454782589271348e-49
MTERFD1,1.2236493135282274,5.652413737700896e-51,1.5853757668315779e-49
TUBB3,3.5387782992070065,5.8749221264601e-51,1.6452493456608183e-49
SMG5,1.15841106048053,6.631750189459698e-51,1.854343297983639e-49
GRIA1,-4.065382139898213,6.821745957529265e-51,1.9045435838175643e-49
ACSM5,-4.207289478044739,7.007040994217267e-51,1.950293076723806e-49
BEND3,1.462020534974557,7.000459460749434e-51,1.950293076723806e-49
P2RY12,-3.5232374718901647,7.155669188709804e-51,1.988620553314268e-49
TRPC6,-1.9631247839981052,7.218972582875229e-51,2.0031548464341127e-49
HELLS,2.3386394957983203,8.512517295194148e-51,2.3584985133092705e-49
WHAMML1,-2.13195584092792,8.731696759374694e-51,2.415548269162577e-49
RUVBL1,1.1805007397325102,8.796638721739135e-51,2.429821163153528e-49
SERINC1,-1.2197397502663012,9.613426639097099e-51,2.6474009850451515e-49
CYP4B1,-4.828687536986625,9.701339020324771e-51,2.667575138776009e-49
AOC3,-3.8255756302520982,1.0149031338816615e-50,2.786467834999681e-49
TAL1,-2.3865536809089836,1.054664554706305e-50,2.8869261487697547e-49
PTTG3P,1.7367355367499115,1.0538071228795616e-50,2.8869261487697547e-49
TIMELESS,1.4039948041188293,1.100183391245359e-50,3.0070027433692596e-49
PCDHGB7,-2.9167052017990294,1.1570174861583582e-50,3.1575995952834476e-49
AKAP12,-3.187662794413539,1.1764110191750003e-50,3.2057200272518754e-49
TNNT3,-4.205203325837377,1.2166383832822525e-50,3.310383929878452e-49
GPR146,-2.658178382057046,1.2545375498906263e-50,3.4084100030834437e-49
SOX17,-2.5652608533554266,1.2856526523811848e-50,3.4877399748576315e-49
C21orf34,-2.725788264883418,1.3571370323693118e-50,3.676185327413479e-49
FLJ10038,-1.3178706770031958,1.4490793055166653e-50,3.91940424937888e-49
TEK,-2.4861418215173385,1.4821448646354341e-50,4.002890648510209e-49
C8orf76,1.1522321339803518,1.6074165163158257e-50,4.3347856068884405e-49
CA9,5.786395437329861,1.7224460157137438e-50,4.6381190568102484e-49
C14orf28,-1.3613378802225116,1.8711190448074526e-50,5.031016244110792e-49
HAUS8,1.2573914427742938,1.9596824212621052e-50,5.261371550771991e-49
FOXP1,-1.3422048940703029,2.1594175733531214e-50,5.789083665353e-49
COL17A1,-5.519774150787075,2.196728785147066e-50,5.880449128828241e-49
IL11RA,-1.9078610368090905,2.226902105675706e-50,5.952466817858278e-49
LRRC2,-2.990166149840218,2.624176050104518e-50,7.004087483878673e-49
FOS,-3.54373793348325,3.3071265354153e-50,8.801114667275542e-49
CRIM1,-1.9328599124156707,3.382689264735531e-50,8.989064625690639e-49
SCGB2A2,-7.555939069712391,3.46181517341335e-50,9.18592151627452e-49
LRRN3,-3.281407906261096,3.479263305613831e-50,9.218781652414638e-49
LTBP2,-2.013384311752869,3.704945611664134e-50,9.802489094349162e-49
CLIC5,-2.615186258728844,3.8171820497436e-50,1.0084784448691256e-48
CPE,-2.4097022665404175,3.968880056426754e-50,1.0470365748860318e-48
NCRNA00093,-2.4851397029234223,4.1772999961646587e-50,1.1004253521010895e-48
FMO5,-2.999304142502073,4.324290803294292e-50,1.137500946421474e-48
PIP,-7.376721990768138,4.408134616346447e-50,1.1578827477828915e-48
ZNF280D,-1.0341828973843086,4.441431236912749e-50,1.1649477349498958e-48
POLA2,1.13609247248195,4.464536321011206e-50,1.1693230885088776e-48
C13orf34,1.3110326961770618,4.570351149996942e-50,1.1953175572326771e-48
TMEM232,-2.4686600840336133,5.136899139488384e-50,1.3415634868881929e-48
GPR81,-3.7689814415907197,5.531990278201876e-50,1.442676490460011e-48
ZWILCH,1.298415818440052,5.566520365463471e-50,1.4496047240705516e-48
AASS,-2.2447462125695363,6.20822815790946e-50,1.614405387977513e-48
LRRC59,1.0756569357320416,6.970122042126768e-50,1.8099448150190235e-48
MAPT,-3.5357689312344665,7.264790936554093e-50,1.883774778035529e-48
ESCO2,3.003161474730736,7.363908041341821e-50,1.906759858841325e-48
PKMYT1,4.48860759261451,7.540215156162125e-50,1.949638302380954e-48
BRIP1,2.4516958870872285,7.690026345250827e-50,1.9855538945049756e-48
REEP5,-1.116425458634156,8.370419421055401e-50,2.1581691886893975e-48
PSMB4,1.267970594153157,8.905031520408614e-50,2.2927622173408487e-48
PIK3R1,-1.9503391939874515,8.970126265128516e-50,2.3062600057081126e-48
C6orf115,1.8592415256243342,9.064824399703128e-50,2.3273201487700427e-48
RHOB,-1.962769812995619,9.20427235457818e-50,2.35979393901953e-48
GREM2,-3.695023482068883,9.285703676754907e-50,2.3773229821092765e-48
EDNRB,-2.758187584329505,9.523636844090147e-50,2.4348140656316423e-48
LAMA2,-3.238154882234582,9.982470770861016e-50,2.548540188527112e-48
RAN,1.0114121316132092,1.0694029036016742e-49,2.7263782989161447e-48
ANGPTL7,-5.045734122381346,1.1133637821562577e-49,2.834484045676973e-48
UTRN,-1.7573638359569177,1.1547580766592064e-49,2.935762747126751e-48
NTRK2,-4.1523108060125455,1.376956807855187e-49,3.4957803031224497e-48
ABAT,-2.2352769617706256,1.4674580640859888e-49,3.7203536407461356e-48
PTH1R,-3.245682968398628,1.5204212613097075e-49,3.849266789933325e-48
FZD4,-2.786480098236476,1.5252345569227607e-49,3.8560895332868074e-48
CHAC2,1.62544830157415,1.590799620249849e-49,4.0162726057431344e-48
FAM189B,1.3565997396141558,1.717090808828273e-49,4.32911412646829e-48
ZNF676,-3.3035884365013612,1.8679384547141746e-49,4.702916139856449e-48
RTKN2,2.4266944549650846,1.9739146504378815e-49,4.9628685610387785e-48
PLIN1,-7.003851355189962,2.1449241926200614e-49,5.3779690190444874e-48
H2AFX,1.952286856432714,2.3305203826688246e-49,5.83527682609637e-48
CDC123,1.2644434844360273,2.4038041967615198e-49,6.010501070556311e-48
TAT,-7.003617824594626,2.476440041221181e-49,6.183626621447073e-48
NPY2R,-5.7022363001538645,2.7178609073929287e-49,6.758636898534629e-48
DNAJC9,1.118853160137295,2.949144932465463e-49,7.323776972123987e-48
PARK2,-2.3241652799147827,2.9534186714053026e-49,7.324397830461952e-48
CMYA5,-3.0338799680435553,3.0135653722013114e-49,7.463391900704826e-48
THSD7B,-3.3203568706355786,3.076218345819271e-49,7.606548993859548e-48
MOCS1,-2.3081967866019637,3.07972675299373e-49,7.606548993859548e-48
GINS2,2.1939809622440523,3.1720532685058696e-49,7.823968244798422e-48
DAP3,1.002647674280981,3.2173992138834613e-49,7.925076845780872e-48
EBF2,-3.1286287726358166,3.266152732982745e-49,8.03429435114661e-48
GPR88,-2.656368244762694,3.3233002442976224e-49,8.163837293785374e-48
NCAPD2,1.5937281630962232,3.6213118576128244e-49,8.883927189235342e-48
TRIM59,2.0467332820452144,3.734982868965745e-49,9.150456684223883e-48
PDCD5,1.288125310687656,3.98625885009419e-49,9.752939495734481e-48
CDH5,-1.8678035684696415,4.281253740416333e-49,1.0460625749905839e-47
DNAJC18,-1.4950776482423969,4.34676825377917e-49,1.0606464145246947e-47
TRIM23,-1.2179987158243621,4.984771555283756e-49,1.2146960725680083e-47
TDRD10,-2.716622120961062,4.996159156307784e-49,1.2158433839875747e-47
TCEAL5,-2.6527452361226187,5.2199094555046436e-49,1.2669068242473472e-47
CDK2AP1,1.443750432003787,5.3150890022315485e-49,1.286576663665171e-47
SLC7A8,-2.093582713930642,5.310074807142679e-49,1.286576663665171e-47
CHAD,-4.0294758373772055,5.32766907778666e-49,1.2879091663074446e-47
GLIPR1L2,-2.249647177180732,5.489640841828013e-49,1.3253041411643942e-47
EBF3,-3.0970622558882726,5.713898310417856e-49,1.377617098603129e-47
MRPL15,1.3387788022251108,5.821298514296326e-49,1.4016547203139685e-47
LOC145820,-2.665253586223222,6.096527352079253e-49,1.4659853023764685e-47
SFT2D2,1.4549054325955746,6.1165362320883824e-49,1.4688563196926758e-47
TIMP4,-5.320356272931707,6.386795350576752e-49,1.5317369666211938e-47
PRDX4,1.2842896319091022,6.79718720046041e-49,1.6280157711839586e-47
GRIK3,-4.243690697123921,6.817171468059158e-49,1.6306566653492884e-47
EIF4B,-1.0537922594389855,8.022343515142088e-49,1.9164136352510688e-47
EFCAB6,-2.742084939046042,8.439530480939202e-49,2.0134308433097814e-47
PI16,-5.443418599834299,8.567850179958815e-49,2.0413688066202918e-47
FAM161B,-1.8035099775121317,8.75542472558439e-49,2.083333284703433e-47
PPM1G,1.0601524973369632,9.138460858921144e-49,2.1716371150775665e-47
FAM111B,3.255026014913007,1.0486392727624532e-48,2.485466234647778e-47
SRPX,-2.6330560598887427,1.156236357873153e-48,2.736927233077374e-47
SYTL5,-4.100893490353887,1.226407871011261e-48,2.8954996726352767e-47
PCDH19,-3.0575494259675704,1.2250347378733508e-48,2.8954996726352767e-47
TK2,-1.351177600899513,1.2678593129201384e-48,2.9894874447001657e-47
FBXO45,1.1183440407148773,1.3269139460799902e-48,3.1246849366745227e-47
PLAT,-2.5589966623269014,1.3831464910623848e-48,3.252896069355115e-47
RERE,-1.0549748135874086,1.4450762331560895e-48,3.3941577641471353e-47
ACBD4,-1.6977490768138246,1.5759162574680112e-48,3.696701499315748e-47
NICN1,-1.1049706296603166,1.5823270523390523e-48,3.706962591213355e-47
CCNF,1.826020949224759,1.5848010693872064e-48,3.707986358104797e-47
ALDH1A1,-3.0336943070185836,1.9830064146607255e-48,4.633718326838149e-47
PREX2,-3.6778737247011453,2.043439715706773e-48,4.768811941667998e-47
LOC399959,-2.437937134572138,2.075974906001251e-48,4.838536647111495e-47
CDO1,-4.180716031483017,2.1669506742625574e-48,5.044118046496334e-47
NR5A2,-2.1326442596757014,2.2161462735424524e-48,5.1520447787092285e-47
ADH1A,-4.974641827435198,2.623641751104986e-48,6.083840865651474e-47
PSMG1,1.2865073026393663,2.7498013981152786e-48,6.368274153930332e-47
CYP2U1,-1.5990255533199171,2.7800167759595246e-48,6.430069297686306e-47
MCM3,1.3099510770505383,3.050959848254934e-48,7.047794684998042e-47
PDIA6,1.180942223931826,3.152105306903723e-48,7.272214562936435e-47
LOC283174,-3.7489151260504214,3.1594616495364405e-48,7.279959545128079e-47
GTPBP4,1.3518641969463872,3.271329404722714e-48,7.528193319110944e-47
COL6A6,-4.1996940525505995,3.351916249273465e-48,7.703905490596575e-47
DNMT3B,2.0135207894425386,3.375426391242751e-48,7.748157200478159e-47
PFDN2,1.6550824535447983,3.4434370572723654e-48,7.894317979033862e-47
ANGPT4,-3.073653124630134,3.5509655005419207e-48,8.130594340423217e-47
IQUB,-2.3302743401585984,3.8297869393751775e-48,8.757991414252055e-47
C2orf48,2.472759066161676,3.8500953780928393e-48,8.793385968309154e-47
LIMS2,-2.2169842289028283,3.8934058182257325e-48,8.88116116656178e-47
MKL2,-1.32351990768138,3.958582200627006e-48,9.018532139926582e-47
DARC,-4.859147248195052,4.0712880235930496e-48,9.263706986683036e-47
SPRY2,-2.1317029885193524,4.189299592086225e-48,9.508456418297451e-47
IL33,-4.0363057995029,4.359693973986843e-48,9.88287788399533e-47
NAP1L2,-3.2804814652621617,4.387417352898274e-48,9.933352994379016e-47
MEIS3P1,-1.640224659723045,4.4548359242874645e-48,1.0073463146559592e-46
FANCD2,1.727689578648362,4.6138091194916464e-48,1.0419995955596333e-46
SIDT2,-1.2952142916321456,4.785991651492087e-48,1.0795465431488283e-46
CDK16,1.032592561249853,4.8790572546363646e-48,1.0991767228483383e-46
VIPR1,-2.7546581666469407,5.0670956236442506e-48,1.1401278323510048e-46
TOMM40,1.5140258728843659,5.1658922502754006e-48,1.1609226744662113e-46
LOC400043,-1.796514161439223,5.605086435042877e-48,1.258068907239032e-46
RFWD3,1.0682731920937396,5.712002185692489e-48,1.2804873865290686e-46
TUSC5,-6.982682702094925,5.738286485307496e-48,1.2847974033462771e-46
EPAS1,-1.9723926677713344,5.973461157534917e-48,1.3358097475504679e-46
SLIT3,-2.9541031423837154,6.102699529336489e-48,1.3630360678835843e-46
ADCYAP1R1,-3.3457348088531194,7.523895925212988e-48,1.6784004598854415e-46
CSAD,-1.8118837613918792,7.611511758582302e-48,1.6958671792102037e-46
MMP1,6.0473407503846595,7.63123761733496e-48,1.6981835983905658e-46
IGF1,-3.728515386436264,7.877938288985817e-48,1.7509415222760543e-46
RELN,-4.515382678423482,8.116858924062699e-48,1.8018436950574792e-46
LAGE3,1.584434607645874,8.187414303772651e-48,1.8152923577536365e-46
DYNLRB2,-2.5866008521718538,8.580894440447335e-48,1.900219239652833e-46
KLF2,-2.259634092792046,8.793536160089913e-48,1.9449421472918188e-46
HRASLS,2.313763628831815,8.860653037640402e-48,1.9574085830602943e-46
DNAJC2,1.0563255414842025,9.111582021366984e-48,2.0104015458780994e-46
EGFLAM,-2.0324232157651787,9.895405349676406e-48,2.1807029489123437e-46
YARS,1.080662877263583,1.078016679494433e-47,2.37280986902505e-46
GPC3,-4.103365777015028,1.0906483485760571e-47,2.3948814286034277e-46
C2orf40,-5.054653870280504,1.0906755503555687e-47,2.3948814286034277e-46
KCND3,-3.4418665936797255,1.094388078976351e-47,2.4001380965790984e-46
MEOX2,-3.605349603503374,1.1012708972319405e-47,2.4123266115900135e-46
GDF10,-4.1809219552609775,1.1116554593564719e-47,2.4321471546473384e-46
BTG2,-2.1858508107468353,1.141434535926944e-47,2.4943016635628047e-46
CENPM,3.1503628654278604,1.166302788492804e-47,2.5455886881216442e-46
LSM4,1.4087959403479697,1.2457016547299985e-47,2.7156296073113963e-46
NPHP3,-1.41321000118357,1.4643088797529308e-47,3.1883749447538995e-46
CASP12,-2.1700335128417563,1.4935147041905336e-47,3.248082217488684e-46
MTHFD1L,1.6970420937389026,1.7384344961468328e-47,3.776219944315131e-46
KCNMA1,-2.8331316013729433,1.7443975044475627e-47,3.784656468827054e-46
CNIH2,3.5956681382412126,1.8076800263156375e-47,3.9172856570266135e-46
NMU,4.317792726949934,1.840884393936183e-47,3.979764682045171e-46
LDHD,-3.3475220617824615,1.840102825627083e-47,3.979764682045171e-46
CCL16,-2.123599520653331,2.0259202554152845e-47,4.374593880109659e-46
TMTC1,-3.181217055272816,2.0394287418653582e-47,4.398545188172407e-46
NR2F1,-2.798133814652621,2.056813590667669e-47,4.430790271115216e-46
TACC1,-2.094191318499231,2.0902128215625128e-47,4.497416547387993e-46
USP53,-1.6341622262989706,2.1685614269184037e-47,4.65499099695704e-46
NME1,1.5604387560658068,2.1676067667235717e-47,4.65499099695704e-46
LIPE,-4.760134649070897,2.1768864930528642e-47,4.6673574597221776e-46
RABIF,1.0752047402059421,2.2792437849363075e-47,4.881067602023013e-46
MAST4,-2.402593472600307,2.8376579922613695e-47,6.06978712492758e-46
RGAG4,-2.131024257308556,2.912005907850512e-47,6.221507457817239e-46
PLIN4,-6.15241929222393,3.065226535208159e-47,6.541186239202125e-46
C17orf108,-1.5891061959995278,3.1672879222125297e-47,6.751070497427948e-46
FABP4,-6.697174103444193,3.28282251348882e-47,6.989148329010174e-46
ARHGAP11B,2.307802805065688,3.396541550946169e-47,7.222809094844991e-46
SAP30,1.4026774351994336,3.5136951044379003e-47,7.463219601643302e-46
NNAT,-3.9480611019055503,3.5812671133375853e-47,7.597879401408399e-46
PER2,-1.8570087229257908,3.7481294808067265e-47,7.933395458037773e-46
SEMA3C,-2.766223777961889,3.760033651168196e-47,7.949348728480218e-46
SLC7A3,-4.231816623269027,3.7951481834998885e-47,8.014278698868732e-46
CNRIP1,-2.0589309740797725,4.1573903690956555e-47,8.769058735648692e-46
APOD,-4.562689584566222,4.163392580785957e-47,8.771554993986895e-46
HMGB2,1.412676482423958,4.467221224320228e-47,9.400789357953887e-46
C1orf31,1.3842608060125476,4.515864039378056e-47,9.492179342817406e-46
RECK,-1.9922224405255031,4.584222901838407e-47,9.624753112129703e-46
MRPL14,1.4054549177417446,4.60432587104655e-47,9.655823021965479e-46
MASP2,-2.0258317374837267,4.727202472304252e-47,9.90210202570245e-46
PYGM,-3.334642300864009,4.889497745360947e-47,1.0230290512506358e-45
CLSTN2,-3.5152938335897748,5.091561486872383e-47,1.0640837399028471e-45
TUBG2,-1.344756042135165,5.162412594384761e-47,1.0776536290778188e-45
MSH2,1.159040241448693,5.940082834798316e-47,1.2385719111321162e-45
FHL1,-4.0729433305716665,8.356951830762404e-47,1.7405216724870485e-45
CTSG,-3.9432666351047447,8.373684588529252e-47,1.7420134921714054e-45
LPAR6,-1.8026754172091373,8.436276165881611e-47,1.7530312220039153e-45
HSPE1,1.2521717185465722,8.517207210517515e-47,1.7678303632046788e-45
C1orf59,1.3247290685288187,8.592516543540535e-47,1.781430280661371e-45
SH2D2A,2.3771474434844357,9.431968829938246e-47,1.9532437839745836e-45
PLCXD3,-3.8028794176825644,1.000576085230743e-46,2.0697143726653653e-45
CAPN8,-4.470645070422535,1.0160972691190312e-46,2.099434573186575e-45
CCDC99,1.19592098473192,1.0220328619071802e-46,2.1093043293986848e-45
PROS1,-2.171407710971714,1.0326056241428875e-46,2.1287112317409945e-45
MSRB3,-2.4133669132441717,1.0458661583449473e-46,2.1536087873702577e-45
NUDT3,1.0450419517102638,1.0509115056934402e-46,2.1615527839703606e-45
CSE1L,1.0073906201917406,1.0697244123252907e-46,2.1977645008529647e-45
TAC1,-3.4464889986980705,1.0926789434262751e-46,2.2423940030652185e-45
NECAB1,-2.6175432062966033,1.1006133180951359e-46,2.2561333591538016e-45
MYOM1,-3.3052340513670275,1.285509155588584e-46,2.6321848323035992e-45
RNFT2,2.3670598414013497,1.3993495640612286e-46,2.8620629342254545e-45
ECM2,-2.9555721623860833,1.4035345574303976e-46,2.8674006227727863e-45
IGBP1,-1.0031305539117064,1.5146393293300592e-46,3.0874557348034794e-45
LIFR,-3.0174498875606606,1.5494545050045045e-46,3.1548904199772926e-45
MYOCD,-3.1899649781039185,1.6026434265448335e-46,3.259543943396157e-45
HSPA14,1.1668159959758526,1.6400689418122129e-46,3.331939168282111e-45
C7orf58,-3.211217800923186,1.7205311771926971e-46,3.491508251776886e-45
DNAL1,-1.1415115871700827,1.8032152033471264e-46,3.655225651060996e-45
DCN,-2.9344571902000265,1.890236305168989e-46,3.827360563180323e-45
GPR116,-1.9548658894543731,2.111681250394671e-46,4.270992644548244e-45
AQP7P1,-4.844602651201325,2.338729837370029e-46,4.7249610687732115e-45
GAPDH,1.630531619126522,2.4212722189920225e-46,4.886299135511285e-45
C17orf103,-1.7814856965321368,2.5198845486358025e-46,5.079674245716225e-45
RNF180,-1.869945236122617,2.525822638120939e-46,5.086012110809231e-45
SLC35A2,1.1669183808734758,2.5360788448252724e-46,5.101021349431429e-45
PDE1A,-2.2896036335661023,2.7160980401833177e-46,5.457078656231449e-45
DDO,-2.057426387738194,2.7632449033665406e-46,5.5456832388071814e-45
ELTD1,-1.9726670848621133,2.8060457780805177e-46,5.625380098942694e-45
PAK7,-3.7143882175405376,2.822463502875237e-46,5.65206855256743e-45
GEN1,1.362034850278139,2.9618999637484514e-46,5.924776378034402e-45
CES1,-4.600118392709196,3.214229573887079e-46,6.422461134299287e-45
AIM1L,3.1432540537341693,3.3725868902783117e-46,6.731491136374574e-45
KIAA0101,3.2377362409752637,3.404315513777112e-46,6.787377360053096e-45
HEPACAM2,-4.545358030536157,3.4226033360214903e-46,6.81637292402617e-45
CD302,-1.8092597171262863,3.585773143634368e-46,7.13353317306846e-45
PSMA7,1.0483794058468447,3.72098119647027e-46,7.394434576348071e-45
F3,-2.569879121789559,3.7624318418520624e-46,7.468652869927272e-45
NUBPL,-1.0909311752870154,3.929637005166094e-46,7.792067800113116e-45
POGK,1.0722886732157644,4.529685627866125e-46,8.972129214803816e-45
ARL15,-1.5678066694283332,4.7959698187823976e-46,9.489243327314781e-45
SERPINA11,-4.186878944253759,5.113493157661969e-46,1.0106505531913227e-44
ALAD,-1.2525685169842617,5.122409661688235e-46,1.0113147838580362e-44
TPPP,-2.8306525032548215,5.3062457150174416e-46,1.0464744393332881e-44
MUSTN1,-2.657106888389158,5.521865761303524e-46,1.0878195070671867e-44
TRAIP,1.4519336548703974,6.5689562438248734e-46,1.2899105771989664e-44
SF3B4,1.0600364303467895,7.477216932025681e-46,1.4650998903515983e-44
SLC27A1,-1.4088379453189752,7.491537539641525e-46,1.466327503592416e-44
SYTL4,-1.8094145638537116,9.154006547814493e-46,1.7898000127805286e-44
SASH1,-1.6063136702568332,1.157369774028704e-45,2.260472317236534e-44
HEPACAM,-4.666029322996804,1.1864277572790012e-45,2.314742172106073e-44
LTBP4,-2.1956010948041182,1.2634701419776714e-45,2.462414025098453e-44
VWF,-2.266871168185588,1.2864669802022593e-45,2.504551704879329e-44
FAM179B,-1.2205069298141815,1.321948513685491e-45,2.570879144724038e-44
CCDC85A,-2.9157457924014683,1.3291922057943373e-45,2.5822076544369606e-44
XPC,-1.013711563498644,1.3340517665126549e-45,2.588885320450944e-44
CHRDL1,-4.323497739377435,1.3865612429216551e-45,2.685061096266265e-44
FLJ42875,-2.3253442833471416,1.4003263893458904e-45,2.7059597946139327e-44
TTC8,-1.0621225825541476,1.3990219667953301e-45,2.7059597946139327e-44
LOC572558,-2.893555752160019,1.4320001662428383e-45,2.764231073819553e-44
ARF1,1.0395668126405475,1.4775287371929592e-45,2.8490948732122285e-44
SNRK,-1.0354715410107662,1.542284063830416e-45,2.9708144776619114e-44
MME,-3.7192629956207828,1.5590315678683736e-45,2.9998997494617344e-44
CACNA2D2,-2.526516818558407,1.5870201159633054e-45,3.0505308522576606e-44
ADRA2A,-3.284141306663508,1.6221603248007465e-45,3.1147873831590707e-44
ZDHHC17,-1.0846792164753207,1.696637937784486e-45,3.254362527027503e-44
DNMT3A,1.2372645224286885,1.939368091846423e-45,3.7160334079874145e-44
CCNG1,-1.1054148419931344,1.9759014388891957e-45,3.7820540370241883e-44
TSPAN31,-1.0521731388329982,2.0943527503899466e-45,4.0045696549735506e-44
TP63,-4.294887608000946,2.2886957277454386e-45,4.366994584082832e-44
CCDC158,-2.904915457450585,2.291516124461221e-45,4.3677976977557706e-44
IRS1,-2.445128109835485,2.554276712697272e-45,4.858463845478416e-44
RGS5,-2.263580068647176,2.5986337404308944e-45,4.937675362950268e-44
TEAD4,1.68193029944372,2.7980306314487494e-45,5.311006421716536e-44
TRIM66,-1.4867484909456739,3.081028300336019e-45,5.842078974064224e-44
LOC100188947,-2.7097891584802927,3.308729781068155e-45,6.267305744514425e-44
TSC22D3,-1.9335485205349734,3.512664583436384e-45,6.639775016852804e-44
IGFBP4,-1.76143598650728,3.756545521778644e-45,7.093402295947786e-44
GSTM3,-2.374069440170441,4.3270363038454317e-45,8.162180501440248e-44
PHYHD1,-3.6630119422416847,4.526793563857305e-45,8.521326085097676e-44
ARHGAP24,-1.6035558645993593,4.551372209652659e-45,8.558742596312743e-44
GRM7,-2.136938501597822,4.645061781031808e-45,8.725909143459443e-44
ODZ2,-3.826502023908155,4.658650181326543e-45,8.742413324813099e-44
C9orf68,-2.5761299917149967,4.685914043679171e-45,8.784520426065082e-44
CIDEC,-6.359743963782699,5.1218860393048416e-45,9.591943577517082e-44
CPA1,-3.438288270801278,5.367396223767051e-45,1.0041388844936448e-43
POLE2,1.9064896200733816,5.5843046988694104e-45,1.0436457744714565e-43
BMP4,-2.753098591549297,6.080080415275571e-45,1.1339723749924307e-43
SIGLECP3,-2.5917124393419337,6.766874810184532e-45,1.2607719771728664e-43
PRAME,5.929110208308675,6.785608976281363e-45,1.2629697361477468e-43
SLC2A4,-3.8884750858089703,6.940478350253035e-45,1.2904752544397957e-43
PHF17,-1.1850426914427725,7.307631228602967e-45,1.3572585462872704e-43
TP53AIP1,-3.424487306190082,7.749393819936004e-45,1.4350174537568167e-43
CMA1,-3.860747052905669,7.976405980549094e-45,1.4755540453651946e-43
DLGAP2,-2.3991219789324187,8.03288416571487e-45,1.4844933042488099e-43
LGI4,-2.392163528228191,8.126151510737513e-45,1.5002062469569468e-43
PDE5A,-2.0970782814534275,8.274593868906319e-45,1.526063142813594e-43
BAI3,-2.5001150668718193,8.410459913737858e-45,1.5495506256049618e-43
SYBU,-2.794873837140493,9.334430577325228e-45,1.7180448918003149e-43
ZNF483,-2.2773176766481247,9.721399084863609e-45,1.7874608842603259e-43
NOP2,1.4441216889572743,9.959105058631161e-45,1.8293197717685473e-43
ANKMY2,-1.2200238075511916,1.0441688671194931e-44,1.9160288193725943e-43
PSAT1,2.4831943070185787,1.0536407201607054e-44,1.9314624399884512e-43
DMXL1,-1.3354338501597791,1.0770333069803718e-44,1.9723578759520833e-43
MASTL,1.2519402414486915,1.1415153775088908e-44,2.0883421524416424e-43
GPD1,-6.184728050656886,1.1553769547873684e-44,2.1115789867464324e-43
RAB30,-1.6997215469286298,1.1576153930786467e-44,2.1135479438526185e-43
EFHA2,-2.58563205113031,1.1832380586056325e-44,2.1581645672142614e-43
TNMD,-4.4794472659486315,1.2546902594848941e-44,2.283912679340353e-43
SMOC2,-2.350867238726476,1.2574307572249846e-44,2.286614592783856e-43
C6orf201,-1.8239135874067929,1.285653173658225e-44,2.3356032654791084e-43
C14orf45,-1.3521861167002003,1.319838795329157e-44,2.395316609309735e-43
RNF186,-3.3725927151142163,1.3472292913611544e-44,2.442591114606284e-43
MGC72080,1.8160171499585749,1.3553376318463245e-44,2.454846856965039e-43
CKAP5,1.0643154160255648,1.4043155668290126e-44,2.5410294496012442e-43
IBSP,4.097412883181442,1.499222652617228e-44,2.7100645427598216e-43
C5orf41,-1.6925343709314742,1.663698733340458e-44,3.0043956391861467e-43
LGALS12,-5.148477648242397,1.7341329240993331e-44,3.128485789631334e-43
KBTBD3,-1.226586276482422,1.75201283409173e-44,3.1576128335615608e-43
C4orf49,-2.725025091726831,1.8697977287355906e-44,3.366560638592874e-43
ZHX3,-1.2303763522310334,1.8800745901042914e-44,3.381719146607551e-43
TIE1,-1.700580950408332,1.9828058437634546e-44,3.559468912625855e-43
SHFM1,1.2464329506450476,2.008289107024172e-44,3.601663705927192e-43
ADIPOQ,-7.549845573440642,2.0776472746586528e-44,3.7223832028160885e-43
AQP1,-2.5029551130311294,2.1494516977269987e-44,3.84724378109386e-43
MGLL,-2.528050213042963,2.298132520854874e-44,4.109322817006019e-43
CYP2A6,-4.080809823647767,2.4180791703161505e-44,4.319557913372413e-43
CYP4Z2P,-4.629488756065807,2.4240375031382113e-44,4.3259563401593e-43
MAZ,1.1901095691797856,2.4427063061160143e-44,4.355003221374124e-43
DNAH7,-2.5360867144040724,2.8561144394342017e-44,5.0870695832701345e-43
PUS7,1.191054905906027,2.9680532569532165e-44,5.28127795076436e-43
ELOVL5,-1.5347857142857126,3.0300771004140256e-44,5.38112131305722e-43
KCTD12,-1.8379342407385515,3.0296330871156395e-44,5.38112131305722e-43
PCDHGA3,-2.479176393656053,3.220684069808308e-44,5.708482193059457e-43
OTX1,3.2878648064859757,3.3485469265117015e-44,5.929338492538181e-43
POLK,-1.060567297905079,3.427016119835292e-44,6.062388185555085e-43
CA12,-3.2039925967570078,3.574791518220035e-44,6.317663107394106e-43
MLPH,-3.6997787785536724,3.581009960793857e-44,6.322514482670279e-43
B3GNT4,2.1550224227719244,3.6403750444640903e-44,6.421099509145333e-43
SLC24A1,-1.1348649840217773,3.766097270926078e-44,6.636424842465382e-43
NUDCD1,1.0778318558409268,3.88065638918251e-44,6.8316816491575654e-43
SH3BGRL2,-2.3959999526571165,4.522690010646057e-44,7.954253745293737e-43
POP7,1.2130056515563972,4.688803497065559e-44,8.238444986205053e-43
CX3CR1,-2.9425888448337085,4.721743217139986e-44,8.288321290414576e-43
TSLP,-3.054060953959048,4.907287581140148e-44,8.605718288968605e-43
TOR3A,1.0275636880104173,5.103996539526959e-44,8.933466250866272e-43
HSD17B13,-4.372550343235885,5.189055066027613e-44,9.073618575110532e-43
CCDC36,-2.3062288495679972,5.550105678254935e-44,9.69564046653307e-43
IGSF10,-3.4532590247366564,5.769690908121179e-44,1.0059931379361094e-42
PSME4,1.1635000177535826,5.851919227743616e-44,1.0193539301685842e-42
CENPK,2.1747522428689807,6.192331331091182e-44,1.077619571891518e-42
C20orf132,-1.8321721327967815,6.22434456415495e-44,1.0821561041195086e-42
LSR,1.8838614155521363,6.620254745531045e-44,1.1498902398177635e-42
PEBP4,-2.9360548467274232,6.68497770325991e-44,1.1600252538840814e-42
MAP1LC3C,-3.2578844301100722,7.180256556632683e-44,1.2447829533369974e-42
TMEM144,-1.4077247721623882,7.257452087568681e-44,1.2569686046623473e-42
KIF22,1.1738655225470467,8.605872335591315e-44,1.4876799062181264e-42
SLC46A1,-1.433646514380401,8.796173621968915e-44,1.5191342356802672e-42
POLI,-1.1556612084270323,9.105755070102596e-44,1.5711095691097398e-42
URB2,1.0869111433305747,9.407474921869173e-44,1.6216313068445507e-42
STARD8,-1.6034651970647413,9.553192369433515e-44,1.645191681180684e-42
CIDEA,-5.815541632145815,9.794682631946861e-44,1.6851853303339197e-42
WHAMML2,-2.047854337791457,1.0796384054851896e-43,1.855775060910945e-42
C21orf58,1.7587267546455205,1.1172521997930367e-43,1.918617150267231e-42
GLDN,-3.257801219079182,1.1490552526032637e-43,1.9713716082127435e-42
MAPKBP1,-1.1314360693573189,1.1677569029955866e-43,2.0015705183831132e-42
AOX1,-3.3832308024618305,1.231893576583003e-43,2.109516347557893e-42
THRSP,-5.095265398271984,1.3405206670412904e-43,2.293373844187275e-42
SHMT2,1.1875133861995515,1.3791633734651985e-43,2.3550573064903385e-42
SRL,-2.454409764469168,1.41572475298932e-43,2.4107051149358832e-42
SNRPB,1.1533256894306998,1.565430905739388e-43,2.663134465156456e-42
B3GALT1,-2.820017889691088,1.6327209815942155e-43,2.775015875626471e-42
PPARG,-3.0392875429044883,1.6481410257261808e-43,2.7986111092624693e-42
XPOT,1.0404819031838084,1.802865634279955e-43,3.055639026145067e-42
FAM13A,-1.8307654811220235,1.8643529844734666e-43,3.1569132443135364e-42
STEAP4,-3.189387732276006,1.917027146706946e-43,3.2430896980954035e-42
MAGOH,1.1302239495798325,1.9827756517988957e-43,3.348095101084907e-42
CRTAP,-1.2680094626583038,2.0034887194427492e-43,3.3799356033379395e-42
SERP2,-2.229870221327968,2.2582255299453646e-43,3.802634534837694e-42
WHSC1,1.1097435021896036,2.3000602714380857e-43,3.869500658131929e-42
CENPH,1.2174603444194574,2.3269405437682618e-43,3.911107914885842e-42
DHTKD1,1.3860918570245033,2.3407781298918495e-43,3.930736558894957e-42
PRKD1,-2.011866670611906,2.407741776007657e-43,4.035738816636039e-42
YWHAZ,1.0489965380518438,2.5665222716288515e-43,4.290027999123965e-42
HPDL,2.83181395431412,2.8817657944689726e-43,4.812548876763184e-42
AFF1,-1.3874049828382056,2.915269810895231e-43,4.864038163861218e-42
FBXO43,2.1891421055746254,3.049787032300939e-43,5.083816240748534e-42
GIMAP8,-1.968866197183094,3.116576841213233e-43,5.190397826221819e-42
CSRNP1,-2.2296975263344763,3.173359176918855e-43,5.280133189895239e-42
HRASLS5,-4.01473608119304,3.3843322782560073e-43,5.6208942026545715e-42
HOXA5,-2.9203725411291277,3.384156082781538e-43,5.6208942026545715e-42
TFPI,-2.188644508225824,3.59364804873933e-43,5.957666250564846e-42
C9orf5,-1.144132264173276,3.767459132561117e-43,6.240132719746134e-42
MRPS12,1.3521923777961895,3.797701851127064e-43,6.284506072369632e-42
PCDHGA2,-2.973566209018821,3.968110861416059e-43,6.560537875600047e-42
FAM49B,1.0996091845188776,4.226832493425358e-43,6.975614857463445e-42
TFR2,3.1254401526807913,4.420358396140102e-43,7.288386221461802e-42
BPIL1,-4.28522731684223,4.546463290759387e-43,7.489526812822908e-42
PCDHGA5,-2.3765470529056696,4.6370399171746825e-43,7.624935647003681e-42
KRT222,-1.29675990649781,4.700297599445763e-43,7.721978086887295e-42
KCTD5,1.0101849686353415,4.741130564305378e-43,7.78203784148339e-42
GSN,-1.9322521304296334,4.925097744381731e-43,8.069446826370895e-42
ALDH1L1,-4.458105113031126,5.266692864843695e-43,8.621367825427138e-42
E2F5,1.7560975263344751,5.57053372985294e-43,9.110550357997581e-42
LAMA3,-3.283628411646349,5.834334497267482e-43,9.533428263353678e-42
FRMD6,-1.7383884956799633,5.945587640046566e-43,9.706505095225797e-42
SAMD5,-3.31256475322523,6.418481524394407e-43,1.0469141504350483e-41
TMEM220,-1.8665223931826258,6.5867394320814285e-43,1.0724366536867463e-41
IQGAP2,-2.2888281335069287,6.836468114268738e-43,1.1121021365865401e-41
F11R,1.0787663037045814,7.154677914530132e-43,1.1617894922229438e-41
CHAF1A,1.3606660669901762,7.341010476512566e-43,1.1909840793579166e-41
EEPD1,-1.7182436678896904,7.399568309587163e-43,1.19941533338749e-41
ARPC5L,1.0169085868150045,7.46662203689419e-43,1.2092074816511116e-41
ST6GALNAC1,-3.264654976920346,7.636079873742974e-43,1.2355516617043854e-41
AFAP1L2,-1.8693416025565135,8.184859547883116e-43,1.3231705004450832e-41
CRHBP,-3.5472737365368667,9.2222326527206e-43,1.4895501417699473e-41
PRCD,-1.8398443484436031,9.374194360191196e-43,1.512752304419861e-41
SNX1,-1.1845046987809216,1.013476867591725e-42,1.6325946390063866e-41
SMC1B,3.5023347023316376,1.0570920267963073e-42,1.701348025090467e-41
LYVE1,-4.2804310806012555,1.1033420876467214e-42,1.7742169630241402e-41
ATG2B,-1.088316712036928,1.1527898117711593e-42,1.8520946993530813e-41
FAT4,-2.5694878920582305,1.2034343581396963e-42,1.9317562276205373e-41
RBM38,1.2794279855604227,1.236105504441455e-42,1.9824518499865908e-41
ZNF124,1.3461272044028885,1.3229640146509072e-42,2.119886792138245e-41
RERGL,-4.105081654633685,1.3793492149966496e-42,2.2063527030390167e-41
B4GALT3,1.17978064859747,1.411618836374998e-42,2.2559875047000955e-41
C14orf159,-1.418223263108061,1.4158389277760228e-42,2.260747017746223e-41
TCEB1,1.1304876139188043,1.4224400794526684e-42,2.2692968243888628e-41
NXPH3,-2.4619379038939533,1.4256183765771161e-42,2.2723757713514226e-41
FBXO5,1.3195473606343953,1.533801500976565e-42,2.440540972226959e-41
ZNF442,-1.4257319386909684,1.5839746014452782e-42,2.5159764110042234e-41
MYO15B,-2.1002000236714435,1.6171344335374496e-42,2.5664078547238185e-41
IGDCC3,-3.4853871404899994,1.6559782751677886e-42,2.625764158787392e-41
DUSP6,-2.0171693928275527,1.7303465547701046e-42,2.741296635028739e-41
KANK2,-1.6187221978932431,1.7471803342842e-42,2.7631558318831705e-41
LRRC48,-2.2920383240620192,1.7525634117119826e-42,2.7692631756417726e-41
MASP1,-3.6795908273168427,1.9372853063097482e-42,3.058491277602459e-41
C9orf125,-2.3286126997277794,2.0312474443986213e-42,3.198511871140839e-41
PLEKHH2,-2.62856112557699,2.0616964586322445e-42,3.243652604708967e-41
C17orf53,1.3763081725648014,2.0894147532645277e-42,3.284422863011589e-41
EFCAB1,-3.363648195052668,2.1113528437097916e-42,3.3160445050948524e-41
CHURC1,-1.0239615457450544,2.120614268405574e-42,3.327719097222988e-41
SEPHS1,1.0300327435199428,2.2286695375557236e-42,3.4942697323106667e-41
HSD17B11,-1.7872626997277798,2.3015382358356735e-42,3.6023130272499365e-41
PFN1,1.0711594389868644,2.3150778994321174e-42,3.6203920105981816e-41
KNTC1,1.2845065451532722,2.3503884678070084e-42,3.6724567621880667e-41
PIK3IP1,-1.440033140016567,2.404382832181058e-42,3.7536004025893487e-41
ZNF154,-2.2082748017516867,2.509507477765462e-42,3.914358579071526e-41
MYOC,-5.328552130429634,2.5596693859658967e-42,3.989183376090515e-41
TSPYL2,-1.3163072375429046,2.675752127908552e-42,4.166528313457602e-41
TBRG4,1.0298200260385855,2.7060791256251445e-42,4.2101502840815815e-41
PRX,-1.987584737838798,2.7162951056230598e-42,4.222435508766572e-41
SLC25A18,-2.5552912297313304,2.726371821339329e-42,4.234483469610905e-41
GLT8D2,-1.8818643744821841,2.7711517587844956e-42,4.300364489782965e-41
NCRNA00219,-1.596579441354005,2.801767359568099e-42,4.3441713156914906e-41
DLG2,-2.5846045863415776,2.8275171904643444e-42,4.380365567491273e-41
YPEL4,-1.9555394247839981,2.8571338181448718e-42,4.4224835792254336e-41
ZFP36,-2.435291738667299,2.932953814263673e-42,4.535986260071508e-41
MUCL1,-7.0486896319091015,2.95811807202321e-42,4.571020650682384e-41
HTR7P1,-1.30785002367144,2.9716723046701105e-42,4.588070480229858e-41
BMPER,-3.39245986507279,3.015954631556944e-42,4.65249340323992e-41
PDIA4,1.2859184518878006,3.2780156166811215e-42,5.043932229116353e-41
GFRA1,-4.731104615930875,3.390420357481017e-42,5.212484946556331e-41
RTKN,1.384294241922122,3.4245239447824266e-42,5.260473364293208e-41
ZBTB47,-1.1827627233992217,3.498551006236843e-42,5.369656320955249e-41
GPRASP2,-1.7729486152207352,3.6675571637205383e-42,5.624308597405641e-41
CDC14A,-1.6723544857379578,3.7911848400284106e-42,5.809001485104138e-41
STARD13,-1.4535953722334032,3.8815493171582174e-42,5.942459396150634e-41
CDADC1,-1.060636809089833,3.970046349049497e-42,6.072836444684705e-41
GRASP,-1.7967804651438053,3.982062037959014e-42,6.086102038368424e-41
THRA,-1.4875355189963315,4.310655439167874e-42,6.577272502864443e-41
FSIP1,-2.9133826665877627,4.403826570861998e-42,6.71380695723626e-41
CXCL2,-3.3498644159072093,4.824161293352825e-42,7.34846929061937e-41
C12orf72,-1.0824916913244174,4.8690106930707605e-42,7.4105854219036e-41
TTC18,-2.3999959936087114,5.117914424642648e-42,7.776410373269627e-41
FAM122A,-1.010554846727418,5.3340378058554334e-42,8.091290848332204e-41
FAM196B,-3.90064765060954,5.360792409272203e-42,8.125104431805321e-41
LOC100126784,-2.4469115398271986,5.4351212521169806e-42,8.230907832968835e-41
ARSG,-1.9604993490353886,5.478307346040593e-42,8.289412187861756e-41
PCDHGB6,-2.3731715706000704,6.683143612397208e-42,1.0087335255096714e-40
PCNX,-1.1806743934193378,6.709101359307306e-42,1.01181252728642e-40
TIPARP,-1.701594999408215,6.809700253928643e-42,1.0261338884293302e-40
PPP1R3C,-2.828078902828735,6.858428347888502e-42,1.032621763578283e-40
PDE7B,-2.1259812995620786,6.96678887968032e-42,1.0480699006348832e-40
KLHL29,-2.44495824949698,7.124364629515629e-42,1.070890250628183e-40
OMD,-3.206376571191857,7.317046865781538e-42,1.0989455783648624e-40
CITED1,-4.169899177417445,7.334258201887396e-42,1.100622440634429e-40
SLC1A7,-2.556345425494142,7.365154816319092e-42,1.1043485430103495e-40
TLL1,-2.823688235294118,7.412547675599779e-42,1.110539961637389e-40
SNCA,-2.213634063202746,7.703991720544234e-42,1.1532546158640354e-40
SPATA4,-1.8039626997277787,7.956693060267018e-42,1.1901042216601523e-40
HOXD8,-1.8516835483489187,8.065265859193777e-42,1.2053533204836151e-40
GNA14,-1.9263168008048286,8.195282379246619e-42,1.2237795336294193e-40
STXBP1,-1.737932068883893,8.366846336975929e-42,1.2483746219014166e-40
ZNF366,-2.378808160729079,8.838248596196839e-42,1.3176301326500496e-40
LOC344595,-1.4229482838205714,1.0462648167999019e-41,1.5559769983830567e-40
PSMC4,1.033818179666234,1.0519847578991475e-41,1.5632064120847495e-40
CXCL14,-3.8491208604568588,1.0668012160243059e-41,1.5839300599747505e-40
HORMAD1,5.403364315303587,1.1412314160947268e-41,1.6930591252789171e-40
CACHD1,-1.9301073618179672,1.1560697525641138e-41,1.713675708951512e-40
STEAP2,-2.096461409634279,1.206523835436604e-41,1.7855571850774391e-40
MESTIT1,-2.795233394484555,1.3019339291421766e-41,1.9251911707697027e-40
MEGF9,-1.3406796662326936,1.4213789232852015e-41,2.098407180905152e-40
LEP,-6.525506953485619,1.4211137020448584e-41,2.098407180905152e-40
PDZRN4,-2.9395017931116105,1.4460159613800106e-41,2.1330493148298486e-40
RDM1,2.488829749082732,1.5768963441245282e-41,2.3242302957165012e-40
KLF4,-2.7049346964137797,1.608075455838718e-41,2.3663538821853014e-40
MANF,1.120032246419692,1.7753847358442988e-41,2.608339656704905e-40
DHRS12,-1.2433115043200376,1.7956939660918303e-41,2.636049779416902e-40
ITM2B,-1.145819807077757,1.902825187921443e-41,2.791065825603064e-40
IL6ST,-2.7975257781986027,1.9614012459152998e-41,2.874668830869259e-40
SETBP1,-1.8023879038939494,2.1901192171490934e-41,3.204721873775317e-40
PDZK1,-3.9510269144277426,2.3045478471951237e-41,3.369452567268501e-40
FBXL3,-1.1418044561486553,2.4146056977200334e-41,3.5275335084749414e-40
KLHDC7A,-4.514604467984379,2.497332341167079e-41,3.645464362972281e-40
RHEBL1,1.7106833175523737,2.628655147047863e-41,3.831017585405304e-40
LRRC17,-2.83095408924133,2.751516883642957e-41,4.0068689466362195e-40
RIMBP2,-2.551752012072435,2.789229330409725e-41,4.058540487725677e-40
RGMB,-1.0491762338738297,2.8376261829984453e-41,4.125663690824337e-40
ARID4A,-1.1128529766836301,2.91370515332277e-41,4.2328950443682675e-40
TLCD1,1.9941850278139412,2.9457190590602487e-41,4.275990752158988e-40
MAGOHB,1.2586400284057264,3.024698867831197e-41,4.383645978593254e-40
PRDM16,-2.5126456740442658,3.0486031427957966e-41,4.414775100104367e-40
KIF24,1.4101387323943664,3.051123118201325e-41,4.41491209225904e-40
PCDHGA9,-2.370813037045803,3.273569838691492e-41,4.72957217218193e-40
NCRNA00182,-1.3907728962007342,3.273779562132193e-41,4.72957217218193e-40
NRXN3,-2.25035063912889,3.455378277939535e-41,4.98401353354464e-40
GLRA4,-2.775539874541366,3.4600464463939504e-41,4.986795365297631e-40
SYT9,-3.4279827257663626,3.5461228858709584e-41,5.106809722429514e-40
CREBL2,-1.2430314770978814,3.6199073011400993e-41,5.208946450802627e-40
C10orf72,-2.1223069889927793,3.760579368441414e-41,5.407095279916197e-40
PTN,-3.9416679015268086,4.093606742075526e-41,5.88128836037891e-40
RDH5,-3.8510239140726705,4.1102314597134143e-41,5.900516030060195e-40
PTRF,-1.7568554858563168,4.151972045137435e-41,5.9557405151801996e-40
TBCE,1.0450620665167474,4.1967615850009865e-41,6.015248120612044e-40
FAM82A1,-1.5186498461356361,4.2336690964684633e-41,6.063373608419783e-40
EIF2C2,1.3998252574269134,4.2448828993892695e-41,6.074654356728214e-40
ANG,-1.6841947922831109,4.907802114575092e-41,7.017810046473715e-40
FLJ36777,-1.8398778849567987,5.350931774712762e-41,7.639451850595796e-40
MEOX1,-3.3596269736063444,5.432057426981563e-41,7.749196030042743e-40
GLYAT,-5.475975736773583,5.640774865274426e-41,8.040644077728299e-40
TTLL4,1.479573458397443,5.689022974537245e-41,8.1030739597419e-40
ANGPTL2,-1.9990671677121554,5.868067100266613e-41,8.351557891020575e-40
APOA1BP,1.1427005089359685,5.877544418834865e-41,8.358511020003989e-40
UBR1,-1.1096220854538998,5.927988065383965e-41,8.423666413285269e-40
VGF,3.174058906379453,6.230104146054967e-41,8.84606753281112e-40
N4BP2L1,-1.7603320511303142,6.49122761159303e-41,9.202477898273204e-40
HEPN1,-4.329093537696769,6.582758548751998e-41,9.324976954313824e-40
RAMP2,-1.7587195289383333,6.651872708650587e-41,9.415555125627265e-40
RBM43,-1.3277833944845545,6.710600012120914e-41,9.491301633305127e-40
PRR19,1.8069325896555801,6.844913172269966e-41,9.673754229412282e-40
METTL7A,-1.9741800449757374,6.994306560411003e-41,9.877219729958223e-40
TFF1,-5.3761022606225595,7.257534076639102e-41,1.024099944163268e-39
PLA2R1,-2.0483151319682813,7.306500479449332e-41,1.0302109080357567e-39
ABCC6P1,-2.406716351047462,7.443763542628746e-41,1.0487525368921908e-39
TNN,-3.424915706000709,7.490126609226264e-41,1.0544684815757593e-39
C14orf180,-5.316057249378624,7.556074456666934e-41,1.0629306285526136e-39
MMP28,-2.6558928985678785,7.602492706121922e-41,1.0686345538960414e-39
BCL2L12,1.3115961888980925,7.70707624110632e-41,1.0824992964263762e-39
YIF1B,1.1832016274115293,7.739910094023096e-41,1.0862728098805121e-39
VWCE,-2.309912036927448,8.12293556601716e-41,1.139150971557861e-39
SSBP2,-1.3672639543141196,8.42175047969196e-41,1.179419897800445e-39
LTC4S,-2.1663572316250432,8.423039428339167e-41,1.179419897800445e-39
PTPRN2,-2.100964226535684,8.666711988635899e-41,1.2126069049126769e-39
NGFR,-3.332114019410583,8.779223479744474e-41,1.2274055683701126e-39
IGSF9B,-2.7875726713220503,9.241532945784774e-41,1.2910485357798945e-39
PGAM5,1.0588685051485403,9.853164839764677e-41,1.3754383403238988e-39
SQLE,2.1517842999171464,9.870959876369768e-41,1.3768665335598382e-39
YPEL2,-1.2993478163096217,1.0234627523394226e-40,1.4265001899567005e-39
GPX2,-3.8509262338738317,1.0686362900061012e-40,1.4883233654920473e-39
CDH23,-2.678483323470232,1.0710133297267012e-40,1.490493550536326e-39
MRPL12,1.4137201384779239,1.0863230841712714e-40,1.5106446983322885e-39
LOC284440,-1.4493824357912182,1.0981391291196646e-40,1.5247464963665333e-39
SIDT1,-2.8473617114451413,1.1463015298872705e-40,1.5904060021751513e-39
FLJ13197,-2.328813770860457,1.169132793531446e-40,1.6208472384351037e-39
LAMB2,-1.4778267605633815,1.2288704599855528e-40,1.7023690245903362e-39
DNMT1,1.3197980885311846,1.2683998935717805e-40,1.755793404006625e-39
DPT,-3.5734618475559214,1.367074313021079e-40,1.8909463313011173e-39
DNAJC27,-1.054161616759381,1.3945029580904968e-40,1.9274212107912917e-39
DNAH14,1.7285338442419222,1.4553295310547187e-40,2.0099668781327044e-39
GEM,-1.9365053852526923,1.495748885633284e-40,2.0642241823489514e-39
IVD,-1.4437515563972045,1.5182787671340945e-40,2.0937294241016607e-39
ITGA7,-3.15247968398627,1.6610238170105037e-40,2.2888430386860107e-39
ENPP2,-2.743250633211032,1.6674088573684702e-40,2.2959034365112154e-39
PTPN21,-1.6182498165463386,1.7263707338134093e-40,2.3734989779158223e-39
SMYD1,-4.43301226772399,1.7951900156456279e-40,2.466252366399801e-39
C1QTNF9B,-2.329831784826607,1.79754251205716e-40,2.4676218964537317e-39
TNFSF12,-1.3591380991833315,1.8958925163092267e-40,2.5987147194560885e-39
GPR135,-1.3709939697005562,1.9129997913969927e-40,2.6201907601805458e-39
BCL2,-2.2339833412238104,1.9407846474602362e-40,2.6562483411818554e-39
POLR2H,1.046870215410106,2.1444825718386134e-40,2.932833678075002e-39
AP1S1,1.143478962007336,2.1576597807858373e-40,2.948639713937282e-39
DLC1,-2.0750662386081196,2.20980887448399e-40,3.0176407308501175e-39
CHST7,-1.3537243579121787,2.275857579949652e-40,3.105504912130699e-39
C18orf56,2.238833962599124,2.478497830439787e-40,3.37695329397421e-39
TSC22D1,-1.2272867972541146,2.4902456414355884e-40,3.390421945478834e-39
C12orf11,1.2138811634512994,2.5337494253041192e-40,3.4470733026017104e-39
LOC339674,2.084534471535093,2.810247373703128e-40,3.814685528972262e-39
CYP46A1,-1.8575336667061193,2.8498711094933286e-40,3.8655889572359953e-39
BCL2L2,-1.0898185643271425,3.023650680488467e-40,4.0952018851883604e-39
TCP11L2,-1.6330332406201915,3.1428791966401137e-40,4.250358842231797e-39
TP53BP2,1.260273115161553,3.1955461908258557e-40,4.318376192398148e-39
DYNC2H1,-2.0594112202627572,3.2604274302144003e-40,4.402786388144861e-39
ARL4A,-1.7498731565865793,3.3962724278457867e-40,4.579433111413101e-39
RCBTB2,-1.397692709196356,3.4948850506730634e-40,4.708328314421668e-39
UBXN10,-2.821092792046395,3.4970388843037382e-40,4.708328314421668e-39
FLRT2,-2.5676360930287565,3.5947138499650155e-40,4.836258404354263e-39
GPR77,-2.07186097763049,3.6157459381050664e-40,4.860961839832091e-39
C5orf34,1.4823314889336014,4.428418513814107e-40,5.944727301398095e-39
ECE1,-1.1495782400284043,4.435857267575731e-40,5.950054162404646e-39
PYCR1,2.2041367617469536,4.438924107315008e-40,5.950054162404646e-39
NCRNA00086,-2.5138295242040485,5.116126187059169e-40,6.852747975205156e-39
UQCRHL,1.1967641140963412,5.218914866352096e-40,6.98015483557731e-39
TAGLN2,1.2160633506923872,5.447733050666247e-40,7.280843224763414e-39
TSHZ1,-1.1514889868623523,5.902287579968816e-40,7.882563522976696e-39
TMEM192,-1.0739140785891816,6.0701848543242674e-40,8.100848599946089e-39
F8,-1.6416296543969704,6.211703761715935e-40,8.277572736055283e-39
ISM1,-2.774717132204996,6.314727941314995e-40,8.408704660991722e-39
UBL3,-1.1215671026156944,6.326988654880637e-40,8.418872403859082e-39
NCAM2,-2.668232104391051,7.189828061683973e-40,9.548299297240831e-39
REEP4,1.310634583974438,7.320293926806446e-40,9.712194631899252e-39
MRVI1,-1.9179868031719707,7.561025509853903e-40,1.002427875862131e-38
DLK2,-2.878282323351876,7.606290754278587e-40,1.0076951280941274e-38
RFX2,-2.0278271688957252,7.959361889157172e-40,1.05370374158784e-38
ADCY6,-1.323007746478872,8.03587510058071e-40,1.0630598434292927e-38
OLFML1,-1.984832015623149,8.183790230216024e-40,1.0818412023284117e-38
CYP4F22,-4.485515640904248,8.208018808858354e-40,1.0842566500555053e-38
GGTA1,-2.13716219079181,8.251303518054104e-40,1.0891840314658364e-38
KCNIP2,-4.677809569179784,8.322278635907033e-40,1.0977567971696791e-38
UQCRH,1.0695714936678886,8.953887087965166e-40,1.1793603955298836e-38
SNORD116-20,-2.0940177890874656,9.093776663983528e-40,1.196919859830023e-38
MAML3,-1.6891731210794187,9.934314602538586e-40,1.3066064213151002e-38
LAPTM4B,1.4718167179547876,1.0603309380569116e-39,1.3935887411877228e-38
SCN11A,-2.2759838679133635,1.096431704532477e-39,1.4399961268113043e-38
RUSC1,1.0639498993963752,1.106722693431957e-39,1.452463820370722e-38
C7orf41,-2.2390338619955017,1.2188383446347411e-39,1.5950046288559446e-38
FAM123B,1.1663816427979627,1.2518815992489394e-39,1.637069019477618e-38
VIPR2,-3.12647384897621,1.2843630240986363e-39,1.6783388462072848e-38
RBMS2,-1.0993623919990512,1.3500856818249832e-39,1.7604304918524477e-38
FTO,-1.2010217067108524,1.3647561990803047e-39,1.778286119674931e-38
CPEB3,-1.4049990649781048,1.376616900756567e-39,1.792457614053776e-38
LOC283392,-4.895367984376849,1.459055353943434e-39,1.8970846148451663e-38
MYH7B,-1.9846407385489409,1.4686286804946346e-39,1.9081690129224721e-38
SNRPE,1.0767543969700544,1.664811272759769e-39,2.1599828651493992e-38
FKBPL,1.0261568587998582,1.7009085289817804e-39,2.2052448684512355e-38
RCC1,2.01145466919162,1.7548771670880193e-39,2.2735963752671329e-38
ABHD14B,-1.296189182151732,1.7684205506552246e-39,2.289513462558823e-38
RAD21,1.2081220085217161,1.8071391465062514e-39,2.3379782433442284e-38
ST6GALNAC6,-1.3953004142502063,1.8541880901139984e-39,2.397143878149511e-38
CPB1,-5.675526594863297,1.943077391868235e-39,2.5102794722624194e-38
CROT,-1.6844478991596628,1.9499272983685853e-39,2.517342312922224e-38
GSTM2,-2.6027133211030886,1.9848229310572078e-39,2.560576315665085e-38
PITX1,3.8474028819978683,2.0936880207492534e-39,2.6991078641429645e-38
PCK1,-5.661406089478046,2.229593370523279e-39,2.870246684839834e-38
ALB,-5.302337460054445,2.2710670357641787e-39,2.921571254559389e-38
CLEC1A,-1.7046859687536982,2.2954112980606168e-39,2.9487206675086386e-38
ZNF643,1.352054367380755,2.4286183851875578e-39,3.115443302718049e-38
SYNE1,-1.9205821517339317,2.4425494031611982e-39,3.1308941051910194e-38
MYLK,-2.3930292223931797,2.444102908024193e-39,3.1308941051910194e-38
GRIK1,-3.4431145165108297,2.466586296146364e-39,3.1574733016000184e-38
CLEC5A,2.821889111137411,2.575674671438503e-39,3.2924863795080805e-38
TMEM150C,-2.056884418274352,2.6026887051957295e-39,3.3246836842580957e-38
MYO19,1.0650947686116687,2.7824971265932603e-39,3.5493899926683336e-38
GJB2,3.5293593147117974,2.8498599148966845e-39,3.632773111405066e-38
LCN6,-2.2216346786601964,2.8564436055363338e-39,3.638617421384036e-38
OR2L13,-2.4329449579831937,2.9826999036351854e-39,3.794136012988908e-38
MCM5,1.206630417800925,3.055453880726064e-39,3.8839683652832785e-38
LOC100128191,1.464224783998108,3.1188245342924636e-39,3.9617559663451307e-38
CCDC58,1.0109506864717712,3.1493269832199256e-39,3.9977126273049024e-38
THBD,-1.7953434726003064,3.233266264130896e-39,4.0985477580762324e-38
POLN,-2.062811492484318,3.244703533288321e-39,4.110183605876639e-38
ATP1B2,-2.272889176233873,3.288662645331742e-39,4.1629712192610367e-38
TIMP3,-2.010304243105695,3.3730576601093703e-39,4.266835899025078e-38
RHBDL2,1.8324262575452694,3.462657908837276e-39,4.374098675542327e-38
PNP,1.33212367735827,3.4758927306871635e-39,4.3877722175241636e-38
PLAUR,2.09803893360161,3.6487685357711005e-39,4.599621444365744e-38
C9orf140,2.343456497810391,3.7995246320345924e-39,4.783039203106894e-38
SORBS1,-2.86249111729199,4.037587161903634e-39,5.07921210146039e-38
C8orf30A,1.3811536098946604,4.1368388832598314e-39,5.200475013258198e-38
RELT,1.8450668303941304,4.4045172424987296e-39,5.533155787798783e-38
ME2,1.0612805124866878,4.481616091700163e-39,5.626128118428832e-38
C14orf132,-2.79084712391999,4.645943688800895e-39,5.828401996364072e-38
GPR34,-2.288218451887796,4.698424806454515e-39,5.890180905777654e-38
ZC3H6,-1.0938571961178862,4.8633418902696235e-39,6.092733133418992e-38
TMEM135,-1.1882245887087244,4.972477201641177e-39,6.22517211151818e-38
MBLAC2,-1.1108288022251154,5.186607420357997e-39,6.484327944558834e-38
LRP2BP,-1.2843248786838668,5.339126688448944e-39,6.670427118039542e-38
IGFN1,-2.38713780329033,5.3440794826257883e-39,6.672035584515585e-38
ATP6AP1L,-1.2930181204876305,5.665809419452973e-39,7.068864212632109e-38
KIAA0408,-5.066662386081193,5.949386601948713e-39,7.417581117484412e-38
CTSO,-1.2735143034678682,6.115092935000567e-39,7.618962128392561e-38
C5orf62,-1.6226023316368785,6.346143643361566e-39,7.898803709122151e-38
KLHL33,-1.9587230914901173,6.348376545869201e-39,7.898803709122151e-38
PALM,-2.879305799502898,6.433449750642683e-39,7.999186189272456e-38
CHRNA5,2.120273535329625,6.471016320575044e-39,8.040403418663994e-38
HOXD9,-1.7099367676648125,6.686195245988672e-39,8.302101777812536e-38
CCNG2,-1.0727424133033505,6.980368497381978e-39,8.655561836365405e-38
TEF,-1.5618804888152464,7.203864954948635e-39,8.920541073124491e-38
SLC5A4,-1.9977867854183926,7.405298304655534e-39,9.163742014931657e-38
AURKAPS1,1.455596354598177,7.58667472126194e-39,9.381809779288797e-38
MTUS1,-1.682482980234349,7.736275351597503e-39,9.553827695056265e-38
SETD7,-1.2340263995739136,7.854992420770741e-39,9.693859460019648e-38
RAG1AP1,1.3547049828382054,8.023673133437634e-39,9.895319921948866e-38
IRAK1,1.348095259794059,8.043515308266868e-39,9.913074418170738e-38
FOXN3,-1.251589294591076,8.279220106700318e-39,1.0196660595552495e-37
TRPM3,-2.0918571961178842,8.555096023272249e-39,1.0522190061596267e-37
EID1,-1.1075168481477107,8.778387665269349e-39,1.0782253081707014e-37
DDN,2.6517302757722803,8.982915291504436e-39,1.1026028796443375e-37
SEPSECS,-1.0358294886968862,9.230099202269663e-39,1.1314174799926914e-37
KIAA1908,-1.5500924665640916,9.854681442677664e-39,1.2071653183113156e-37
NUDT16,-1.1852051485382837,9.953669933137737e-39,1.2184711082239828e-37
KIAA1109,-1.3031076281216727,1.0779106421879039e-38,1.3186295308969364e-37
HDC,-2.760088649544324,1.1156795121781162e-38,1.3630009503475335e-37
PEX11A,-1.4834163747188995,1.115217161618882e-38,1.3630009503475335e-37
WSCD1,-2.408840874659721,1.1299145404347429e-38,1.379465753154502e-37
WDR86,-2.579199207006747,1.1782970433173855e-38,1.4375697774468074e-37
MLXIPL,-3.912888158361937,1.243406352092523e-38,1.515989673619571e-37
WSCD2,-3.1423140075748615,1.2541334403490776e-38,1.5280449139674873e-37
ZNF395,-1.143414102260623,1.3380526447168317e-38,1.6281131211083213e-37
IL17B,-3.469063220499468,1.4397263360009247e-38,1.749488551016344e-37
KCNK5,2.308567493194462,1.4604673490976776e-38,1.7735081491410958e-37
C12orf32,1.231410178719372,1.5695411368769158e-38,1.903421539944737e-37
AGXT2L2,-1.1916777902710365,1.6861232663760767e-38,2.04344219825857e-37
DTWD2,-1.0279910699491062,1.7077074770759447e-38,2.0682235000141994e-37
ANK2,-2.5528571902000206,1.7827652722444597e-38,2.1562575581837807e-37
DTYMK,1.0930739791691346,1.7929803490419729e-38,2.167172728659431e-37
KIF16B,-1.138931187122738,1.818987893005435e-38,2.1971490787244813e-37
SMS,1.1052138418747788,1.8306601273794215e-38,2.2097815847936084e-37
CALCR,-2.5145469167948873,1.9633491211635277e-38,2.3683793275374217e-37
JUN,-1.6867743756657596,1.9884192716660204e-38,2.3970328478236137e-37
TSHZ3,-1.5409682033376741,2.0785195204473505e-38,2.5039901277765137e-37
CYP4F12,-3.171055929695821,2.092300743070071e-38,2.5189252927317793e-37
WLS,-2.557583684459699,2.094143488600873e-38,2.5194774569069196e-37
C14orf139,-2.496170168067226,2.186444281132646e-38,2.62705249171337e-37
PCDHGA6,-1.8736942241685393,2.217054712181209e-38,2.662074335477213e-37
HSPB7,-4.304685595928511,2.2307890573582157e-38,2.676799816156335e-37
TGFB1I1,-1.6068166469404677,2.2924706474434292e-38,2.7490015280245548e-37
PRTG,-2.4888342762457105,2.3276786483778696e-38,2.7893834388691484e-37
SYTL2,-1.8328439933719949,2.430994935227284e-38,2.91127636881199e-37
C4orf34,-1.2715941413185003,2.615969571492243e-38,3.130735970405871e-37
ABCA5,-2.0148731565865807,2.620005874651941e-38,3.13350636900718e-37
EPB41L5,-1.0850494022961286,2.726013314295916e-38,3.2560118346541053e-37
SHROOM4,-1.5431330039057887,2.7492390149422377e-38,3.2794493963953837e-37
ADAMTS1,-1.8564435021896095,2.769494452061587e-38,3.3014477741242344e-37
FLT4,-1.5936703633566127,2.8473149270942124e-38,3.391994346720939e-37
GPM6A,-3.31523264883418,2.867086184914973e-38,3.413313919163326e-37
HAS3,-3.0252782163569654,3.0118380916343724e-38,3.5832999203934953e-37
ERO1LB,-1.537083832406207,3.0295175413919913e-38,3.601979608488466e-37
C10orf128,-2.2795505266895493,3.090999253554733e-38,3.670284371327906e-37
LRP1,-1.9893943425257383,3.0908402765486865e-38,3.670284371327906e-37
BOLA2,1.070666120250916,3.3518069456358476e-38,3.977375608305693e-37
PRDM8,-1.7677639779855605,3.428403518801621e-38,4.065617540895498e-37
PRDX1,1.0401414191028557,3.4950757679700555e-38,4.1419833466379505e-37
HBB,-4.3693675582909215,3.686389263718572e-38,4.365864916556224e-37
CLK4,-1.1851015504793434,3.907355631142246e-38,4.624551011292738e-37
PIGR,-5.838707705053855,4.0269787995027357e-38,4.759941239438201e-37
FAM131B,-1.839505018345366,4.061915049853912e-38,4.795009056581761e-37
ADRBK2,-1.6914000946857612,4.1152075252870943e-38,4.854771392274853e-37
DEFB132,-5.106142040478163,4.165285566371349e-38,4.9074882307221796e-37
GNAL,-2.4375973606343946,4.199889443368078e-38,4.945057408643539e-37
TDRKH,1.2875083501006017,4.308907450358533e-38,5.070138482151026e-37
PDE8B,-2.970113528228195,4.434689957160513e-38,5.214771401175246e-37
PODN,-2.4532883003905805,4.6473518743967175e-38,5.46131350352766e-37
GLRX2,1.2030391584802933,4.94026978683692e-38,5.801789092244674e-37
CYP2B7P1,-3.7824933246538044,5.111631594604965e-38,5.999163759935151e-37
MYLK2,1.8041687951236833,5.153965314250442e-38,6.044950426243608e-37
ANKRD30B,-3.5815155462184887,5.373548446846902e-38,6.2943823924037425e-37
PRKX,1.2109676588945426,5.39849881307626e-38,6.319541729545155e-37
IL20RA,-3.1323165522547045,5.486642482559344e-38,6.418595958228005e-37
CDC25B,1.5407530417800928,5.578237695039907e-38,6.517372321104713e-37
ZFP2,-1.653753426440999,5.583140486229257e-38,6.518916374010979e-37
GPR109B,-2.506729879275655,6.034708820040327e-38,7.032637941817803e-37
C7,-4.8915236714404084,6.193940354976638e-38,7.199763491803305e-37
C4orf38,-1.6419417090779973,6.192244846089815e-38,7.199763491803305e-37
POLD1,1.3115287312107924,6.207215679553425e-38,7.210590109439119e-37
FCER1A,-3.116484252574271,6.257341900863722e-38,7.264183330447853e-37
ACTA2,-2.1757374186294243,6.683033442127648e-38,7.748487754589146e-37
FBXL7,-1.8388600485264543,6.748464824901182e-38,7.81937015962293e-37
PCDHB12,-1.737918943070186,6.968254962731347e-38,8.06890235919839e-37
GRID1,-1.8620722097289635,7.269437852623815e-38,8.412306244838608e-37
CHRD,-1.9513835483489164,7.881572011462965e-38,9.109095576168913e-37
CPEB4,-1.2367848088531197,7.962400499032203e-38,9.196673622073807e-37
PCCA,-1.5930858030536141,8.017105235438713e-38,9.253986468020981e-37
PAPPA2,-3.126172020357439,8.155693938393082e-38,9.407990922723021e-37
PLIN5,-3.342066102497339,8.563651162449204e-38,9.866084943674865e-37
NEDD9,-1.6834965794768593,8.569883547245467e-38,9.867020253669148e-37
SLC35F2,1.6770031838087345,8.947649863666491e-38,1.029545325337049e-36
PDK2,-1.366968298023437,9.483003031212903e-38,1.0897670718255585e-36
CALU,1.1685929991714978,9.516022690266816e-38,1.0928716784285606e-36
KCNJ16,-3.980507734643153,9.851706620093494e-38,1.1307100605647029e-36
BCAS1,-3.2916800745650363,9.960457472790758e-38,1.1424713760378713e-36
RRP1,1.299391164634871,1.0101336910089294e-37,1.1579007290576538e-36
SASS6,1.0216499349035395,1.08184953598807e-37,1.2393270675639293e-36
CCDC69,-2.623199976328557,1.1042651843667077e-37,1.2642100094985646e-36
GTF2IRD2,-1.0884047342880816,1.1096708757370369e-37,1.2696001854834244e-36
NAALAD2,-2.6328371641614385,1.1594031962976637e-37,1.3248346755936204e-36
CABP1,-2.139034714167357,1.1898900608304958e-37,1.3588186184000951e-36
EPB41L4A,-1.772059604686942,1.1996756295451599e-37,1.369134513141727e-36
LOC100130932,1.0050405432595593,1.2320763783814655e-37,1.4043510529541524e-36
RNASE7,-3.1686671499585755,1.2422022023915876e-37,1.4141217442235191e-36
GREB1,-2.915513664338973,1.290058067111067e-37,1.4676829372264222e-36
ZEB1,-1.776295129601138,1.313788792111462e-37,1.4937474942414081e-36
XBP1,-1.8038203633566106,1.334480941884222e-37,1.51538094729373e-36
EFNA4,1.5226740146762916,1.3884513886480905e-37,1.575684577778129e-36
VSIG2,-3.874571872410937,1.5027269334473685e-37,1.7011280080561222e-36
FCHO2,-1.071838152444073,1.5430344307640574e-37,1.7435043912599714e-36
CBLN4,-3.0892776837495566,1.5834375482470116e-37,1.7880467550087067e-36
PCDHB4,-2.155697709788141,1.6878455142059753e-37,1.903584380117185e-36
SLC26A3,-4.963947532252337,1.712933577735611e-37,1.930682966905345e-36
AMT,-1.897869860338501,1.741287352507509e-37,1.9614265889662244e-36
HOMER3,1.5436381465262166,1.8505811403909667e-37,2.0832485156794537e-36
MYST4,-1.0100353355426677,1.9297307170476446e-37,2.171006689889881e-36
UGT2B11,-5.4876303231151615,2.0279767624400364e-37,2.2801273012165525e-36
OLFML2A,-1.7637185465735605,2.036822074320498e-37,2.28865877894173e-36
FLJ39653,-1.101873446561724,2.084644064941385e-37,2.3409485449801375e-36
CACNA1G,-2.7745302994437218,2.086668464434184e-37,2.3417771922376976e-36
PDLIM1,-1.3606205527281325,2.1784461875432926e-37,2.441764529054837e-36
C6orf217,-1.6689246952302046,2.2550566744425666e-37,2.5245262389223885e-36
PALMD,-2.315503284412358,2.281328967885573e-37,2.5523682361660163e-36
CCDC18,1.4738674458515781,2.3285408637434453e-37,2.6035890259657206e-36
HTATIP2,1.1661946502544662,2.432486398343114e-37,2.718143026951486e-36
ESAM,-1.4347499349035413,2.4400418976558152e-37,2.7238649592229565e-36
FAM58A,1.0448590424902342,2.4405997629471197e-37,2.7238649592229565e-36
SUGT1L1,-1.3694702745887097,2.525122275787086e-37,2.8147459146449678e-36
JMJD4,1.2655715232571882,2.7934722541694268e-37,3.1100657763086285e-36
SLC22A5,-1.1657164812403833,2.8254920826833548e-37,3.143791710335276e-36
CYTL1,-2.3378964670375195,3.0101929873012748e-37,3.3431691853474744e-36
MMP11,3.8801766244525995,3.4625593810825954e-37,3.840887776590279e-36
KIAA0087,-1.6979148834181563,3.6708931939916515e-37,4.067027925150945e-36
APOB,-4.457660936205468,3.7049254961219734e-37,4.102235937099044e-36
ASB1,-1.0526094093975633,3.7149377839061798e-37,4.110821427382625e-36
MFAP2,2.3357607764232453,3.772867429299371e-37,4.172387959631619e-36
CD200,-1.4809541365842112,3.860164001391909e-37,4.261162238771189e-36
MPPED1,-2.3857550656882474,4.047000230553928e-37,4.464699708895343e-36
FEZ1,-1.9143780388211624,4.084243589848795e-37,4.5030579082990675e-36
NHSL2,-2.099025517812758,4.268990446029623e-37,4.701054633338005e-36
ZFP106,-1.266586442182506,4.30079695928152e-37,4.7303569214381575e-36
RTN1,-2.126104870398863,4.34770133376946e-37,4.779058416582456e-36
ABI3BP,-3.368885329624807,4.356311912010527e-37,4.7856334178833806e-36
ABCC6,-2.990470357438751,4.414366555327779e-37,4.8464845842359207e-36
C6orf208,-1.5223066990176357,4.4534164477151636e-37,4.8864098612271926e-36
TDO2,3.769405408924133,4.660893224151966e-37,5.110978274652906e-36
FLJ33360,-1.5457035921410818,4.87930473793638e-37,5.347259731767365e-36
LOC338758,-1.4547573914072673,5.0175467111362e-37,5.495451430975467e-36
SLC39A4,1.8654728902828737,5.041701175334899e-37,5.5185860790511826e-36
MYOM2,-2.722118966741627,5.076776975505037e-37,5.553640101269122e-36
PAICS,1.0900735412474845,5.189446748296098e-37,5.673483432987019e-36
LOC90586,-2.112797029234229,5.27826214026944e-37,5.767119192036292e-36
ZNF441,-1.2957344360279315,5.298353884794521e-37,5.782130441541646e-36
WDR4,1.10296400757486,5.450110666009191e-37,5.944180015180666e-36
C21orf15,-2.7977793644218254,6.066968600176114e-37,6.60508549216542e-36
POU6F1,-1.1767678837732278,6.4096286034632435e-37,6.969801043538915e-36
HOXA2,-2.436646745176944,6.671639372136823e-37,7.250379193492931e-36
FBXL6,1.4679440347970178,6.831636931697914e-37,7.419826197356631e-36
MS4A2,-2.9638870813113964,6.990266678178465e-37,7.58758642473957e-36
PECAM1,-1.6121350692389615,7.0495530498963754e-37,7.647378675045514e-36
NUDT1,1.3220018996330927,7.139236373713076e-37,7.740054777290002e-36
ADHFE1,-2.457395011243934,7.176675120620421e-37,7.776012929800805e-36
PGPEP1,-1.3752006983074878,7.1910374925829665e-37,7.786939647679223e-36
ABCC11,-4.834245727305007,7.221261894163789e-37,7.815019634926482e-36
PSMG3,1.2100104509409402,7.688087362675009e-37,8.315285458275293e-36
LRFN4,1.5183745768730041,7.701970025494993e-37,8.325353941454e-36
HGF,-2.4126677654160247,8.016674459775509e-37,8.655250604465811e-36
CYP4Z1,-5.076249272103206,8.049893339222957e-37,8.685963749488767e-36
DCLK1,-2.608966143922358,8.612087119673895e-37,9.287074753520374e-36
PABPC5,-1.762280790626109,8.679934931413364e-37,9.354698375163852e-36
DNAH6,-2.4384115930879413,8.797274700026485e-37,9.475549784886514e-36
ADM2,2.3746949106403115,9.205740253929003e-37,9.909644579672953e-36
CCL7,3.1996580837968978,9.228593340443486e-37,9.928373792913285e-36
PELI2,-2.2771526393656023,9.239773827385414e-37,9.934530595386692e-36
IL4I1,2.6652769854420635,9.276289563355007e-37,9.967904304707861e-36
BBS2,-1.0329585986507315,9.461206996357614e-37,1.0160610675793371e-35
C1orf173,-3.3931108296839856,1.1008956395248557e-36,1.1808841087961666e-35
ALS2CR8,-1.2556111492484305,1.111024726680661e-36,1.1910472968061292e-35
TMEM26,-2.402522144632499,1.1809136755720907e-36,1.263737309608393e-35
TMEM22,-1.8468238312226317,1.252523040860419e-36,1.3395814872374976e-35
STS,-1.5987782281926854,1.3993845581489823e-36,1.4940174259229282e-35
AKAP6,-1.865606787785536,1.4049843358245726e-36,1.4991166392153983e-35
INPP5J,-2.488310131376494,1.5123809220319666e-36,1.6108759463866523e-35
TESC,-2.913009699372706,1.5469654397952152e-36,1.6464735465990175e-35
GPCPD1,-1.1787319031838042,1.5522303889113576e-36,1.6504234678360656e-35
WDR76,1.306505184045447,1.5652748115080513e-36,1.663321505772391e-35
NCRNA00110,-3.0687311871227365,1.573832745911275e-36,1.6714397592662157e-35
IGSF22,-1.6361019173866729,1.5826025225633465e-36,1.6797733946484312e-35
CPEB2,-1.4043351461711442,1.615099551342306e-36,1.7132667326972027e-35
PVR,1.061602189608239,1.6816296145036097e-36,1.7828016233435764e-35
TET3,1.1893170493549547,1.7140911840060747e-36,1.81510190939282e-35
SELP,-3.531068735945084,1.7440123417488267e-36,1.8457125963287146e-35
NACC1,1.1560096757012683,1.757346662937272e-36,1.858743829485599e-35
CXCL10,3.7008365842111504,1.7732109919742925e-36,1.8744343604476218e-35
SLC47A2,-1.7315292164753222,1.940080789045952e-36,2.049639617121501e-35
BAIAP3,-2.4419651260504214,2.0059333848439104e-36,2.117981751990354e-35
IL12RB2,3.3247242277192566,2.0432848287793466e-36,2.1549196835614393e-35
SGK2,-3.5105278435317793,2.0910919466844735e-36,2.2027862676792518e-35
FGF2,-2.576949076813822,2.1617162847619704e-36,2.2758659069706274e-35
FGF14,-2.051421150432004,2.169299586615716e-36,2.2825295014546751e-35
SSX2IP,1.3913922357675457,2.1832233764668485e-36,2.2958529821967676e-35
CCT6A,1.1313138300390566,2.2563027060258223e-36,2.3704412116474682e-35
FOXA1,-3.799600940939757,2.2567569190710667e-36,2.3704412116474682e-35
GALNTL1,-2.8571091430938553,2.305392378135772e-36,2.420130187958792e-35
IMPA2,1.4961939046040929,2.3244578265754064e-36,2.438738087443926e-35
ATAD5,1.4935562788495682,2.4489952500738546e-36,2.5664398697233377e-35
PFDN6,1.2093846845780547,2.4811045925987566e-36,2.598593032167731e-35
HDAC2,1.0888983785063324,2.499346421183858e-36,2.6161933815301763e-35
ALDH6A1,-1.5848072316250423,2.5119503490802445e-36,2.627875414040672e-35
ZMAT1,-1.9285258551307827,2.6420105010769665e-36,2.7623502097130395e-35
RNF125,-1.5149840750384644,2.7302462665113424e-36,2.852966291004935e-35
RANGAP1,1.0594057639957377,2.8761713703567422e-36,3.003726187871703e-35
SPATA18,-2.3661253402769553,2.9448555946748942e-36,3.0736930269419206e-35
DSEL,-1.9564091135045558,2.947908601195488e-36,3.075116347711259e-35
C19orf40,1.1679878032903304,2.9962480016333918e-36,3.1237515677968285e-35
GPR98,-3.4882039353769683,3.0071437243001928e-36,3.13331638313889e-35
COL11A1,4.538286590129007,3.129701160569688e-36,3.2591504705863866e-35
C12orf26,-1.0404958811693703,3.14801472067872e-36,3.2744749691722705e-35
SLC19A1,1.3271044443129352,3.344747213170987e-36,3.471176369518328e-35
CXorf61,4.684017380755119,3.378718718422062e-36,3.504434007489276e-35
THSD1P1,-1.1958043437093142,3.582036507408144e-36,3.7110876803842026e-35
FBXO36,-1.320212439341934,3.6432266350718505e-36,3.7723352922760465e-35
LOC286367,-1.85643543614629,3.743257797219783e-36,3.873707884183724e-35
RANBP3L,-3.2182050597703884,3.828529053497715e-36,3.959699679591984e-35
MURC,1.5613945614865665,4.022705068549093e-36,4.1558059229738447e-35
GIMAP6,-1.816072984968633,4.105590212665061e-36,4.239027716457295e-35
ESM1,2.5560858799857975,4.185204360185297e-36,4.318779760116381e-35
SLC7A4,-3.1430329388093257,4.526052114128029e-36,4.6625764931223836e-35
RBPMS,-1.6453214344892917,4.576036456795405e-36,4.708738927249675e-35
CHAC1,1.981399272103209,4.5759719465481435e-36,4.708738927249675e-35
ETFDH,-1.016685678778554,4.702528296949002e-36,4.83616511804309e-35
CAPS2,-1.7161075985323713,4.72911548919907e-36,4.860761674189197e-35
KDR,-1.3490887797372473,4.747844843353213e-36,4.8745075963654e-35
SLC13A2,-4.714189850869924,4.7458982840043395e-36,4.8745075963654e-35
MRAP,-5.181137886140371,5.038814723536776e-36,5.170323811304393e-35
BCL8,-1.74469825423127,5.054715093217707e-36,5.183717117850248e-35
ARRDC4,-1.427975488223458,5.06538001160922e-36,5.191729299060959e-35
KY,-3.6527156113149477,5.153558332868196e-36,5.27913462764208e-35
ADRA1A,-3.1763401171736305,5.1932323805352836e-36,5.316783409611011e-35
ZNF671,-1.7201736891939872,5.3915185026854615e-36,5.516684165507783e-35
TBX15,-2.227918706355781,5.8041853770191824e-36,5.932262011110622e-35
TMEM132A,2.1203612025091747,6.0139203243180714e-36,6.143057203601713e-35
PENK,-3.7433799443721156,6.119728369286578e-36,6.244249748101098e-35
SAC3D1,1.5327978103917603,6.341360081598128e-36,6.466766250158584e-35
KIAA1841,1.092340099420051,6.499694756655556e-36,6.624520921355044e-35
FANCG,1.0108773760208312,6.525515204354474e-36,6.647115459701426e-35
CCDC21,1.104137282518641,6.67883658731074e-36,6.799488948479719e-35
BNIP3L,-1.0657614569771567,7.029825560573533e-36,7.152818036842931e-35
GAL,3.4985956207835245,7.134062394511561e-36,7.250772627989612e-35
TPSG1,-2.326355290566931,7.165599155707689e-36,7.274701697230735e-35
C10orf82,-2.889596928630607,7.16219108897422e-36,7.274701697230735e-35
HOXA7,-2.690292774292815,7.31592416632794e-36,7.423175451486482e-35
FMOD,-2.4231872233400384,7.93942033980736e-36,8.046841227478473e-35
SMARCA4,1.0974733933009801,7.97337684160953e-36,8.072268000434832e-35
LIAS,-1.0002780447390238,8.083891590245839e-36,8.179604147706783e-35
MYOM3,-2.324399621256953,8.167230443715358e-36,8.259338653719481e-35
RAET1K,1.8469396970055625,8.219349219746279e-36,8.307429974849612e-35
BTD,-1.1594156645756915,9.092008739813588e-36,9.17924764785506e-35
DARS2,1.002998757249376,9.119736102891264e-36,9.202137266126922e-35
CHORDC1,1.0165401585986498,9.767125520207601e-36,9.8390141585135e-35
C11orf84,1.1491759498165468,9.830021195409958e-36,9.89689578650705e-35
DMRTC1B,-2.3376331104272694,9.992200249918973e-36,1.0049061941948899e-34
GPR133,-3.121459054325955,1.0156789680537276e-35,1.0208947683866376e-34
LOC100190938,-2.5589096224405283,1.0189850947612789e-35,1.0236526313432426e-34
GRIK5,-2.6010331104272693,1.0783071034692906e-35,1.082052050962045e-34
RMI1,1.0133573914072675,1.1049525532353129e-35,1.1081791364486171e-34
SKP2,1.395584441945795,1.1383527549378343e-35,1.1410481937298127e-34
PRDM5,-1.8414008758432958,1.3400279839338971e-35,1.340985672982338e-34
ACADS,-1.6518066043318722,1.379415642395063e-35,1.3796430185998533e-34
ACOT7,1.369534228902829,1.3944701988249277e-35,1.3939341586606349e-34
C5orf45,-1.092233998106285,1.4628540319427562e-35,1.4614891297175628e-34
MSX2,-2.9981883122263,1.507884541715797e-35,1.504825784695869e-34
LOC285593,-1.620479760918452,1.5349338631436642e-35,1.5309808827837873e-34
SLCO1C1,-2.0210595750976452,1.5605514092343753e-35,1.5556800275078496e-34
LMO2,-1.485524659723045,1.627002200098449e-35,1.6210356348326253e-34
CYGB,-1.7157392354124754,1.631332562721473e-35,1.6244609758872525e-34
HSPB8,-2.6475227541720905,1.6901784568248714e-35,1.6821387889329215e-34
MGC2889,1.843286489525388,1.6946022293229277e-35,1.6856199114953692e-34
ZNF385D,-2.2651108533554263,1.741104076394734e-35,1.7309294103011109e-34
ZNF175,-1.5784351224997026,1.7723479189931926e-35,1.7610288847943823e-34
SLIT2,-2.415816422061786,1.8048652561344265e-35,1.7923601886205655e-34
NHLRC4,-1.7831025624334238,1.904093614359909e-35,1.8878113323634764e-34
PLOD1,1.3294555982956595,1.932312911307891e-35,1.914746430296001e-34
KLF15,-2.7501048467274236,1.9874926882417352e-35,1.968353068773901e-34
ME3,-1.498741685406558,2.018234498652852e-35,1.996626227118362e-34
PAFAH1B3,1.7398940288791582,2.1150230974416334e-35,2.091242012098319e-34
PDCD2L,1.1469987986743995,2.1295868378271662e-35,2.104498871279474e-34
HPX,-2.7937138300390556,2.2215935049658224e-35,2.1942304162177353e-34
TNNI3K,-2.4428550124275077,2.3103373938341143e-35,2.2806437950088058e-34
FMO2,-3.031406628003312,2.3385599528784242e-35,2.3072524022897534e-34
LDB3,-1.9588580482897386,2.3901672927080474e-35,2.356891399196348e-34
TRIM65,1.0400869688720569,2.5233145945418095e-35,2.4868378757143777e-34
SLC16A2,-1.448545526097762,2.5413356454904286e-35,2.503243114440599e-34
GABRA2,-2.6410414072671315,2.598108770609615e-35,2.5550175014266246e-34
SLC6A9,1.7742887323943641,2.685487422500171e-35,2.6395209261215233e-34
CAV2,-2.0884121730382272,2.973833911103237e-35,2.91977878553464e-34
MKRN3,3.569401952893834,3.0589322231138063e-35,3.0000939255032657e-34
ATP5J2,1.1926079950289967,3.1868921969424696e-35,3.1222281302983733e-34
PFKFB1,-3.9241926381820345,3.19762675017446e-35,3.1310596951815868e-34
GCOM1,-2.5436109302876106,3.3519124906774407e-35,3.2768454923631282e-34
NXNL2,-2.4572454432477224,3.592466406280553e-35,3.5082438837727953e-34
C1orf115,-2.0533718132323386,3.688649264590235e-35,3.600240351921504e-34
CASC1,-2.187175085808971,3.7784359683231083e-35,3.6839244740967085e-34
AXIN2,-1.9979813291513784,4.0538065745567824e-35,3.943957299660989e-34
IDH2,1.4072996212569517,4.152719614503809e-35,4.038031791816925e-34
AGR2,-4.688024559119422,4.184381285407634e-35,4.066646691845978e-34
MCC,-1.773789424783999,4.367137535174741e-35,4.2419959740013765e-34
SLC7A14,-2.035164102260622,4.3739419199576053e-35,4.246339454346042e-34
ANO6,-1.3265992780210691,4.4088735525346414e-35,4.2779704305324135e-34
B4GALT2,1.0152437803290315,4.5343484710977005e-35,4.397375877431617e-34
NT5DC2,1.3523385075156842,4.5911412268837676e-35,4.4477138772200754e-34
C16orf86,-1.3783756420878213,4.681549585299934e-35,4.5304756566302335e-34
HYLS1,1.1840697360634396,4.842831070657781e-35,4.681574826297589e-34
GPAM,-3.265355633802818,4.879170823063424e-35,4.714200981540526e-34
NASP,1.0099515741507865,5.130226639163581e-35,4.951511957194839e-34
RACGAP1P,1.2149245946265832,5.169428022400505e-35,4.986703672059162e-34
HBA2,-3.8766225943898673,5.42881099018593e-35,5.234144409658606e-34
PHF15,-1.4794851935140265,5.682065908629437e-35,5.472520938348235e-34
SLC7A11,2.029630364540184,5.950332082150895e-35,5.727863294097978e-34
MAD2L2,1.1612393005089334,6.212202629700961e-35,5.9767824771906236e-34
ZNF132,-1.4280422890282862,6.493548250903794e-35,6.240868997423535e-34
ACVR1C,-4.196551077050538,6.569106764681813e-35,6.31015569591045e-34
SHISA6,-2.2986884069120608,6.658095129374577e-35,6.3922629556964894e-34
SH3BP1,1.3990770327849473,6.712943686766734e-35,6.441524192420394e-34
ZNF546,-1.1242806071724472,6.911441501705849e-35,6.628502089333592e-34
PGK1,1.0147220440288738,6.953400314909313e-35,6.665231486692692e-34
C2CD4D,1.901807628121671,7.441304850720194e-35,7.125411478046275e-34
OVCH2,-2.775820055627884,7.693611439371954e-35,7.359264794056105e-34
TSPAN33,1.503693922357673,7.715494707235867e-35,7.376320911544879e-34
CCDC77,1.246013818203335,7.726637229494859e-35,7.383095931154589e-34
SGCG,-3.7128548230559835,7.78019560838946e-35,7.430372542471844e-34
ZNF25,-1.0509277192567197,7.801338671538944e-35,7.446657988359906e-34
ZDHHC13,1.0718931234465607,7.842999303726895e-35,7.482500855646786e-34
CORO6,-1.9186547638773832,8.388431664025753e-35,7.990299402420763e-34
PAR5,-2.748966114333057,8.457411262839353e-35,8.051791695474097e-34
IL1RAPL2,-2.5141081784826604,8.565715344893602e-35,8.150638600266504e-34
SERPINI1,-1.5352848502781393,8.598026730617013e-35,8.177109748036651e-34
RAB3C,-2.2653750384660905,9.771619502979296e-35,9.27870578052854e-34
DCDC2,-3.5412410285240847,1.00322422309191e-34,9.521215084954137e-34
SGSM1,-2.4841638122854786,1.0125485400563143e-34,9.604700924775972e-34
ART3,4.1811653331755245,1.075475038735846e-34,1.01962875677649e-33
PGLYRP2,-3.030423683276127,1.10910584206478e-34,1.0504190240949633e-33
FOXO4,-1.0649456799621255,1.1505388726429683e-34,1.0888847372119118e-33
ZNF781,-1.692110794176826,1.2061929218783425e-34,1.1399963529050607e-33
ZIC1,3.877376369984613,1.214569818487578e-34,1.1473178207539898e-33
LRWD1,1.1273991892531656,1.3281482273900408e-34,1.2533064895376316e-33
TMSB10,1.2610872706829195,1.3486298193335455e-34,1.2719745389289392e-33
TRPC1,-1.5817639602319788,1.3759920540128297e-34,1.2971094437698363e-33
LOC284233,-2.1234573381465265,1.3982082906819865e-34,1.317369850687588e-33
ELANE,-1.8663290981181204,1.4078342368955813e-34,1.325619300023491e-33
SAMD1,1.0552402828737142,1.4084204396228267e-34,1.325619300023491e-33
RXRG,-2.704356533317552,1.4634906251154374e-34,1.3767400438747447e-33
SOX11,3.738606521481832,1.49517471021955e-34,1.4050937145134986e-33
FGFR1,-1.6247296543969725,1.4972285742036366e-34,1.4062978192068521e-33
ZC3H12B,-1.4904579358503973,1.5658513962712867e-34,1.4692367508415583e-33
EMX2OS,-2.653942022724584,1.575728292786028e-34,1.4777425097158202e-33
WDR93,-1.7149141555213632,1.6488233938958005e-34,1.5444472549321718e-33
GTF2IRD2P1,-1.1073239022369528,1.6519166321212822e-34,1.5460071184834805e-33
RILPL2,-1.031003473783878,1.6668707807392551e-34,1.5592008644294275e-33
ARHGEF6,-1.6390556160492338,1.7941126631756044e-34,1.6765006574838565e-33
KCNC2,-3.943766996094212,2.129623725475909e-34,1.9839068922639697e-33
TLN2,-1.6382755414841998,2.213870058519869e-34,2.061333845280674e-33
EIF4E3,-1.5441159486329745,2.3775128455398907e-34,2.2114392604681977e-33
FLJ42709,-1.7398121375310698,2.404331023703179e-34,2.234100950713066e-33
MAGI1,-1.3556132086637476,2.4134561486365117e-34,2.2414358302872666e-33
EGR2,-2.371310107705053,2.4776909676502905e-34,2.29991885181735e-33
PPP1R3E,-1.0817255296484793,2.7363972493526157e-34,2.5361832550899015e-33
SNTB2,-1.0867420049710006,2.7777972321566758e-34,2.572248607562818e-33
SCN9A,-2.313275784116463,2.778135891044608e-34,2.572248607562818e-33
RPS6KA2,-1.430066581844006,2.7797817432726746e-34,2.572464009801347e-33
C1orf168,-2.9796954254941417,2.893362118423311e-34,2.6762129391087157e-33
RBP4,-4.811975742691442,2.951764134828727e-34,2.7274600277303206e-33
GABBR2,4.014393857261215,3.0139899557698674e-34,2.783544351338351e-33
BTBD11,-2.183087637590247,3.100647089678415e-34,2.860673034638428e-33
CRB2,-2.3862936915611326,3.144625409659425e-34,2.8997779296874626e-33
SLC12A4,-1.040186779500532,3.2655138464094777e-34,3.009729040313505e-33
FLJ37543,-1.8107125044383943,3.303255862560318e-34,3.042974011446633e-33
KREMEN2,2.8683512900935018,3.305757174758253e-34,3.0437378782055882e-33
SCRN2,-1.5861151970647418,3.338055134859464e-34,3.0719220232480698e-33
VWA5A,-1.815577506213753,3.388211979294414e-34,3.116504429464185e-33
SLC25A20,-1.0228359095750994,3.540845574559814e-34,3.25525313099557e-33
POU4F1,3.335022049946739,3.5449347447924276e-34,3.2573673477767063e-33
EFEMP1,-2.43713009231862,3.624715500806166e-34,3.328995775034038e-33
HIC1,-1.5176926677713336,3.7722218481931746e-34,3.462720842292504e-33
C6orf211,-1.0708919043673788,3.960328564987907e-34,3.633561535709419e-33
CYP4A11,-1.872638205704817,4.315655456264711e-34,3.9575756307499515e-33
CLK1,-1.105938661380046,4.464442741331671e-34,4.087839598614708e-33
CADM3,-3.549659622440526,4.617747431869023e-34,4.2239626383071266e-33
AFP,-4.184717599715942,4.672559778906341e-34,4.2698095208550256e-33
NUP210,1.8739391762338737,4.790534375597032e-34,4.3754188278471036e-33
RPUSD3,1.0071234288081445,4.823820309480992e-34,4.403610887336133e-33
UGT2B15,-3.8298859805894185,5.093148118610774e-34,4.6471466267203966e-33
CAT,-1.571132731684223,5.2799919019897095e-34,4.815215059715365e-33
LOH3CR2A,-1.7938240738548927,5.31241842218342e-34,4.842361168703295e-33
PARP3,-1.2194770505385248,5.973256971365079e-34,5.4365598324879266e-33
PAN2,-1.0234314297550036,6.0471147555906335e-34,5.498283211589226e-33
REEP6,-3.0254334832524545,6.173772232346677e-34,5.610642833020797e-33
MAP1A,-1.6712038880340865,6.296688257326799e-34,5.719491833738509e-33
NFKBIE,1.41629710616641,6.618766280207377e-34,6.006051974008718e-33
FAM129A,-1.7379119363238225,6.685392170889008e-34,6.060467813082302e-33
COL10A1,4.400537122736418,6.701433372564501e-34,6.071985648620787e-33
ATP7B,-1.4140911232098476,6.753790119927739e-34,6.113338714721265e-33
PDZD2,-2.2295480056811474,6.777366943291544e-34,6.1316307390027826e-33
RFC3,1.0826870872292567,6.835024883832419e-34,6.178904872394478e-33
FGF7,-2.0209114155521366,6.836408511235774e-34,6.178904872394478e-33
STOM,-1.1268908095632586,7.023839313634188e-34,6.345158661344077e-33
PGM5P2,-1.550856462303231,7.726860923657679e-34,6.976788164352219e-33
GPX3,-2.9292650668718156,7.827019330575465e-34,7.063720023523312e-33
CKMT2,-2.760013179074446,7.885721367024857e-34,7.113170765309885e-33
NBLA00301,-2.1799290330216605,7.964107728784238e-34,7.180319613029197e-33
FCGRT,-1.289042419221209,8.024014956349888e-34,7.23074971536817e-33
MYOZ2,-1.6702912889099304,8.61665609713234e-34,7.757121213456973e-33
PDGFRL,-1.9473025624334248,8.812760067657326e-34,7.92582369128292e-33
PPFIA2,-1.8621831222629897,8.885736486459039e-34,7.983566696101376e-33
KAT2B,-1.4502889572730524,8.881917728334238e-34,7.983566696101376e-33
DEPDC7,1.799268712273642,8.894171310951243e-34,7.987202781117192e-33
TTYH3,1.5442010356255178,8.94079384797351e-34,8.025111953385692e-33
ASAH1,-1.1919049887560664,9.195523822836373e-34,8.245621682122684e-33
AGMAT,1.7095879453189728,9.352211911445894e-34,8.377869755120552e-33
HPGDS,-2.2266838264883426,9.610255310699506e-34,8.604794757533846e-33
TLX1,4.418145088176116,9.817132877375656e-34,8.781389177733124e-33
PHF7,-1.2395228725292924,1.0141501012616851e-33,9.067079711820459e-33
FAM124B,-1.6887207125103565,1.040332539414384e-33,9.296599516426132e-33
GLI3,-1.893261616759382,1.0483316571580703e-33,9.363484374508515e-33
TMEM65,1.13043193277311,1.0597198629304608e-33,9.46055942369945e-33
LPL,-3.7324129956207805,1.0750405253560116e-33,9.592628766203667e-33
HIST1H3J,1.2282442123328208,1.1124244236292527e-33,9.916484712695047e-33
PALM2-AKAP2,-1.5411786957036337,1.120638318412702e-33,9.984816108696238e-33
MARCKSL1,1.5131829802343475,1.1618918851884916e-33,1.0337203316757631e-32
HIST1H2AM,2.232603799266185,1.2100331124898643e-33,1.0760250486884708e-32
HIST1H2BJ,2.194133228784472,1.2313556134873613e-33,1.0939173368623932e-32
MARCH8,-1.4150723399218856,1.2991368360909332e-33,1.1530076951420408e-32
PHLDB1,-1.3324174576872974,1.3869409518713098e-33,1.2297362955145375e-32
TUBG1,1.007607225707181,1.4004598688216943e-33,1.2411183540487488e-32
GAS2L2,-2.555858971475914,1.4259034221153263e-33,1.2630520677744664e-32
TRIM11,1.0665812699727777,1.4748241858928304e-33,1.3051154426741464e-32
LOC390595,-1.5154941058113387,1.5291279007335107e-33,1.3518560066562455e-32
HIST2H3C,1.6356371168185584,1.5413575724057456e-33,1.362006402451543e-32
DBNDD1,1.9745688602201463,1.5505562971122378e-33,1.3681423304088252e-32
SLC2A1,1.697577257663628,1.5769949442936065e-33,1.3907964617721181e-32
TFAP2B,-4.586346543969701,1.6377439932367956e-33,1.4436733127791472e-32
ZNF846,-1.1378892590839165,1.639072768840623e-33,1.4441452861183863e-32
GPR144,-3.7824904544916556,1.6602851480249015e-33,1.4621272641266223e-32
CCDC8,-2.733531719730144,1.6668233598827993e-33,1.4671753201134716e-32
IL1R1,-1.426211119659131,1.6948931458168914e-33,1.4911619107445566e-32
AMY2B,-1.863581494851461,1.7986244855792655e-33,1.5801332775578846e-32
FBXL19,1.1536126642206188,1.8007417717870382e-33,1.581230220542183e-32
MAGI2,-1.5010159308793947,1.8145757080628286e-33,1.592609528151768e-32
VIP,-1.833766025565156,1.8181262841130733e-33,1.594956759022182e-32
GP2,-4.140104911823886,1.8622466632434905e-33,1.6320883972566807e-32
A2ML1,4.552588477926381,1.8678431743466557e-33,1.636205452484705e-32
DMD,-2.0000596875369876,1.870347227425804e-33,1.6376108985489133e-32
TMEM79,1.596237708604571,1.8887676954059123e-33,1.6521498490857195e-32
FAM13AOS,-1.434262232216831,1.919035905186099e-33,1.6778199126850413e-32
RASL11A,-1.866215202982601,1.9638316080639216e-33,1.7161606702634454e-32
UNC13C,-1.7899879216475323,1.9862946030430353e-33,1.734957805143588e-32
DOC2B,-2.6240752988519347,2.0609237079928887e-33,1.7992803000764774e-32
DPP6,-3.3895989821280614,2.0774018709833653e-33,1.8127970401490985e-32
LRP4,-2.0482384779263825,2.0871112555851662e-33,1.8203970381129267e-32
C13orf27,1.1458293407503843,2.088942509649793e-33,1.821121671607049e-32
VIT,-3.5766167712155266,2.1191957954520368e-33,1.846611826932189e-32
CDKL2,-2.7824849094567394,2.1218429352282877e-33,1.848033825356963e-32
LCN10,-2.3646526630370466,2.153027021370125e-33,1.8742970286944228e-32
SEC31B,-1.7278672209728976,2.1592824569815495e-33,1.8788440996383912e-32
RNLS,-1.391991401349272,2.2148957985263057e-33,1.9263138184698681e-32
PPAPDC3,-1.7708693099775124,2.2698946541905004e-33,1.9722621665980754e-32
ANKK1,-2.2280016629186896,2.2975920554440827e-33,1.9953753905175878e-32
FAM189A2,-2.6733979820097042,2.3671601090756782e-33,2.0548123731761834e-32
PAR-SN,-2.3315269085098844,2.391083732542305e-33,2.0726141515936943e-32
SMAD3,-1.1291781216712042,2.394855406929321e-33,2.0748954294304823e-32
ADRM1,1.0442191383595691,2.4320555643564713e-33,2.1061230940999452e-32
SLC12A8,1.60996975381702,2.4433798631764988e-33,2.1149236162340372e-32
GBAP1,1.0782155107113276,2.6000902049518847e-33,2.248429548728701e-32
KLHL13,-2.8436869274470356,2.651196607846895e-33,2.291535225671274e-32
TBX3,-2.0660305716652854,2.766150161681705e-33,2.3874931907582773e-32
GULP1,-1.9686843886850527,2.7781340065383566e-33,2.3967001573942038e-32
DIRAS3,-2.4125040951591883,3.1350592934407625e-33,2.702058916595748e-32
ZNF214,-2.317962918688601,3.187621132666009e-33,2.74606093127872e-32
C10orf54,-1.4267191975381692,3.217666360436047e-33,2.770632959272345e-32
ADAMTS8,-2.649905438513433,3.250816016790218e-33,2.796531377770905e-32
SERPINA5,-3.632011125576992,3.282464151180651e-33,2.8224230016032777e-32
PUSL1,1.259282968398625,3.392565501848516e-33,2.915716233718061e-32
CES4,-3.061973446561723,3.67069167165105e-33,3.1517736084464185e-32
SLC25A39,1.023914155521366,4.086877702278402e-33,3.5008675206858234e-32
RHOU,-1.8294608829447299,4.11602620780365e-33,3.5241780367191835e-32
GAS2L3,1.7901784944963905,4.2112238994437744e-33,3.60399194365656e-32
CELF6,-1.570573647768966,4.553380554767627e-33,3.887672900489452e-32
LAYN,-1.5290447745295301,4.7539247092030486e-33,4.0512964176789835e-32
RPL21P44,-1.2359617824594629,4.757357091920783e-33,4.05232433992672e-32
FOXI2,-1.8516920582317429,5.084446214094655e-33,4.3248679642600467e-32
MOSC2,-1.730555000591786,5.096955062417743e-33,4.3334830920686676e-32
LAMP3,2.591829826014915,5.160642117114962e-33,4.3835356256576597e-32
LYPD6,-2.942918783287963,5.5105105212671445e-33,4.6785365213911304e-32
CDH13,-1.6011326369984635,5.694951598316497e-33,4.8328766407531564e-32
LOC148696,-1.833229944372114,5.792633356693357e-33,4.9111925939398775e-32
GMDS,1.2091173748372572,6.12457406010588e-33,5.18779067548196e-32
AMOTL2,-1.3589989702923422,7.325019698699736e-33,6.1959727497877e-32
CLCN5,1.0871885785300028,7.391903429499113e-33,6.249643201447856e-32
ANTXR2,-1.5822323292697344,7.606450090435054e-33,6.428050649776661e-32
HIPK4,-1.2450625872884367,7.740781790457845e-33,6.538536006111561e-32
DPP3,1.080552136347496,7.957886487306955e-33,6.718803697979986e-32
PBLD,-1.1042989762102007,8.183027172440625e-33,6.905685842370732e-32
DNAH1,-1.4438732690259197,8.20493748664384e-33,6.920967426755229e-32
PNPLA2,-1.8173389336016097,8.395817721367991e-33,7.07869708115153e-32
GALNT10,-1.2924063143567306,8.573510725642535e-33,7.225167395318104e-32
IGF2,-3.06504587525151,9.171851032616466e-33,7.722257370338462e-32
LRRC4B,-1.9902999881642796,9.206460804235095e-33,7.74781350066997e-32
RPS6KA5,-1.6613234228902805,9.339656977738808e-33,7.856274305257834e-32
CSTB,1.3841823351875924,9.967433660409598e-33,8.376601796880697e-32
HSPB2,-2.2886259912415685,1.0570088543986068e-32,8.878971931987927e-32
PLA2G16,-2.2452108829447255,1.0635046486776576e-32,8.929416568210055e-32
ACSS3,-2.342715475204166,1.0697182078819547e-32,8.977446075645561e-32
GIPR,-1.7900284767428096,1.0739475939404815e-32,9.00878712096709e-32
SNCG,-3.221398751331521,1.1444673632845632e-32,9.587086706796551e-32
SLC22A11,-1.860903166055155,1.2233121514226794e-32,1.0242847788568092e-31
MTFR1,1.0816339981062857,1.3218292891639136e-32,1.10524844054436e-31
BDH2,-1.0142651733933015,1.3356591278352836e-32,1.1162994997238598e-31
PSD2,-2.5287817966623263,1.3824674928544624e-32,1.1548901226447811e-31
CPLX1,-1.7339756775949837,1.4057043094343698e-32,1.1737630983776987e-31
ODF3L1,-2.1870316605515443,1.4349058458811726e-32,1.1970481719786886e-31
CHD9,-1.2332692981417939,1.4488711498505344e-32,1.2075916456377873e-31
APOO,1.1459848857853006,1.479192409516976e-32,1.232299287434211e-31
STON2,-2.2505951591904356,1.5194252865264272e-32,1.2652378083550115e-31
ATP6V0B,1.0680692981417934,1.571992387608066e-32,1.3084123196904266e-31
NAP1L3,-1.7588760622558883,1.5828171732811315e-32,1.316819972817022e-31
RAMP3,-1.6555744289265002,1.5943241219880067e-32,1.3257872084306847e-31
FCN2,-2.6688004201680666,1.605609848081723e-32,1.3345623773804384e-31
TBCB,1.0731049887560644,1.6732231832905183e-32,1.38949277397068e-31
LOC399815,1.9900746064623034,1.6861816423021673e-32,1.3996153413053513e-31
SLCO5A1,2.716510598887442,1.7358368208805884e-32,1.440174915701429e-31
CDC14B,-1.380842129246064,1.738672944331499e-32,1.441870779301425e-31
ANKRD43,-2.5509910403598055,1.7853593968693312e-32,1.4799133470497466e-31
CRYBG3,-1.6626611670020148,1.8128175324922914e-32,1.501989874554264e-31
PPP4R1L,-1.6383996330926731,1.8817196413325683e-32,1.5576599650375962e-31
SEMA6A,-1.8735355367499098,1.9538697841363403e-32,1.6159151149765472e-31
ARHGEF37,-1.4975320215410104,1.9861516120792326e-32,1.6418672931279868e-31
AQPEP,-3.978091638063675,2.0046197663472996e-32,1.6563819158792506e-31
C10orf93,-1.8031380518404547,2.0794089989848543e-32,1.7158423394615278e-31
GPR17,-2.321862563616996,2.1149599684980844e-32,1.7443867832610163e-31
ACTL8,4.595705462184874,2.142780075849634e-32,1.7657322644042955e-31
ARRDC3,-1.2906429636643395,2.1592325373748234e-32,1.778484609856738e-31
HYOU1,1.035875979405846,2.177471436082177e-32,1.7926961805067332e-31
RPP40,1.1049174517694382,2.18632011311554e-32,1.7991674963400621e-31
ANO1,-2.0804573618179685,2.297311168968915e-32,1.8887965315601248e-31
LPPR1,-2.9064164161439225,2.3645241463219666e-32,1.9405515345130188e-31
TCAM1P,3.4388911527991466,2.4888208536779394e-32,2.0398021611661202e-31
ATAD3A,1.3746897325127208,2.583724439057571e-32,2.11567863086662e-31
SEMA3D,-2.9014888093265494,2.6895181113659544e-32,2.201317364262341e-31
TWIST2,-2.1607690259202266,2.740424361689056e-32,2.2409678641431215e-31
LRP1B,-3.0502494555568713,2.893607410357258e-32,2.3651699906031954e-31
ASXL3,-2.556904580423719,2.951935311354341e-32,2.4117629476024717e-31
MMP27,-2.4548688720558647,3.024994770288685e-32,2.4703445403124693e-31
EIF4EBP1,1.5187807255296484,3.082251521205797e-32,2.5137197329977205e-31
ERVFRDE1,-2.0675523375547407,3.1462296177428614e-32,2.563599719416889e-31
TCF4,-1.374127695585278,3.2312822970842015e-32,2.6293711065634207e-31
TTLL12,1.0598926914427782,3.2468272131287983e-32,2.6408398463174047e-31
SYNPO2L,-2.2645207006746357,3.2769895476086823e-32,2.6641822570397874e-31
DSCAML1,-2.2297703929459107,3.390440817381748e-32,2.755187241017855e-31
BCL6,-1.2256883240620216,3.5217140092049953e-32,2.860587242729073e-31
NRK,-2.5555350692389633,3.549270313944922e-32,2.8816845461525163e-31
EXOSC4,1.4332813942478406,3.854142554479625e-32,3.125031488605462e-31
MYLIP,-1.1631413362528047,3.9690720435561344e-32,3.2167862158883486e-31
FIGNL2,-1.3788561190673465,4.1937965094654764e-32,3.3974044442278624e-31
PLD5,-2.5356300035507164,4.293839071698597e-32,3.4753558302414215e-31
WFS1,-1.0115748076695485,4.5038038120848253e-32,3.64044142057638e-31
DPY19L2,-2.0194280861640426,4.8056589677830147e-32,3.879264310002404e-31
CYR61,-1.9531355249141882,4.825738317025229e-32,3.8937462138657023e-31
ABHD6,-1.3344470765771108,4.864415968583462e-32,3.9232150587560817e-31
LOC388692,-1.6722770623742438,4.8689402216661634e-32,3.9251248385734795e-31
SLMO1,1.327271026156942,5.049507267572988e-32,4.065288845273379e-31
FER1L5,-2.4853933187359463,5.103373186437137e-32,4.106839173860088e-31
DHCR7,1.561751148064861,5.167368882575307e-32,4.156500917786934e-31
CLIP3,-1.4053310273405124,5.299958226457131e-32,4.261269416793248e-31
CBS,2.6901565510711336,6.146773225616971e-32,4.937763152069979e-31
CC2D2A,-1.1513026748727668,6.531039603649209e-32,5.244133829079247e-31
FLVCR1,1.1894454018227023,6.731592448843526e-32,5.398025433757651e-31
LONRF2,-3.0907930169250797,7.035670317516602e-32,5.63193961256617e-31
KLF1,1.2655581074683395,7.049413271639031e-32,5.640460210270123e-31
SOX7,-1.6344882412119786,7.560149472643951e-32,6.043803287243647e-31
HOXA4,-2.3252997869570375,8.102729468790099e-32,6.4718729495562164e-31
SLC44A4,-3.5945254112912775,8.367227412240717e-32,6.674348842463531e-31
ZNF763,-1.406785601846372,8.947582557253577e-32,7.124796381876064e-31
ISLR2,-2.0563902414486925,9.12667507720531e-32,7.264226778765556e-31
ITIH3,-2.240314694046633,9.351866281247977e-32,7.436960328421011e-31
C20orf203,-1.6076995857497922,9.743942163214905e-32,7.738611657809813e-31
NLGN1,-2.786082412119778,9.782857404737417e-32,7.766129670232673e-31
SLC10A6,-2.0521936619718315,1.0065255971396634e-31,7.986828877390277e-31
ABTB2,1.495946129719492,1.026468259450248e-31,8.141525806872707e-31
NOP16,1.106069452006154,1.05669416396561e-31,8.377614924506096e-31
EPHX2,-1.6357836252811007,1.0946066115166326e-31,8.66686565873739e-31
DFNB59,-1.161709610604806,1.1181171243836666e-31,8.84916783267647e-31
FERMT2,-1.6387829388093262,1.127873482165997e-31,8.922503692250171e-31
KCNJ8,-1.4376317434015835,1.164952352108232e-31,9.208930498248395e-31
FAM117A,-1.0347581903183833,1.1650918495559001e-31,9.208930498248395e-31
TARBP1,1.0086776068173755,1.165820035645743e-31,9.210686679192474e-31
PTPRM,-1.7486036749911253,1.323954571580929e-31,1.0446443461849869e-30
HIST1H2BO,1.9961214640785894,1.4012836173847866e-31,1.1037458107856024e-30
SIK2,-1.528951201325599,1.4133685846774637e-31,1.112783232996707e-30
POPDC2,-1.3075341993135305,1.4198678437165106e-31,1.117364512688881e-30
CXCL11,3.4875609125340272,1.4916802548446266e-31,1.172918171876317e-30
APBB1,-1.384153130547995,1.5100451762568836e-31,1.186845956105529e-30
BAZ2B,-1.1090762575452722,1.5800014704866868e-31,1.239688222727119e-30
ADAM8,2.093834660906615,1.5887083823605686e-31,1.245982709354133e-30
ZNF844,-1.4600696946384168,1.6606309652965675e-31,1.3012684227849082e-30
TMC5,-3.7712066161675937,1.6758541748916819e-31,1.3126322523904166e-30
TMEM100,-3.2599046810273418,1.6790181704472774e-31,1.3145448497484642e-30
HOXA6,-2.373509646111966,1.7086919023665788e-31,1.3372020076861063e-30
VPS13C,-1.351150733814654,1.7162182192135963e-31,1.3425148364566006e-30
ZDHHC1,-1.0884412770742076,1.8376638170473903e-31,1.4368983875306548e-30
CCDC68,-2.601551597822227,1.8689513217960843e-31,1.4601081935903057e-30
NTF4,-2.6618419162031013,1.9676698340986164e-31,1.53459700043261e-30
BAX,1.0105234879867453,1.9957907925043547e-31,1.5558620897626025e-30
NEDD4,-1.2512178186767624,2.1299952946723946e-31,1.6590630872452544e-30
LOC728606,-3.037353674991123,2.2185397750012726e-31,1.7265532075394684e-30
SEC61G,1.1572815658657856,2.2352246977419296e-31,1.7387946655126644e-30
MYO10,1.3163956267013877,2.2707802529344633e-31,1.7656989724120478e-30
CCL28,-3.6210145224286885,2.3478995370480442e-31,1.824106499056148e-30
DEK,1.0711767605633806,2.439522759207085e-31,1.893673039908169e-30
PLOD3,1.2547600307728732,2.477852950327997e-31,1.9226068736070135e-30
FILIP1L,-1.7225997514498754,2.4888131428490946e-31,1.930288267545039e-30
CABP4,-1.7613677594981647,2.499461704143956e-31,1.9377215247245496e-30
NUDT12,-1.4734807018582075,2.5432654742826165e-31,1.970002613973041e-30
CYP21A2,-2.5524509054325955,2.603499495000201e-31,2.0149447834816606e-30
CPEB1,-2.3651289028287357,2.6138134974272746e-31,2.022067449794674e-30
SNORD116-28,-2.2649832465380517,2.6329266993361895e-31,2.035988305353299e-30
TMEM91,-1.2391933187359445,2.739977679290638e-31,2.116970021058043e-30
PARD3B,-2.0149518937152333,2.7746631637194367e-31,2.1425155593661065e-30
YDJC,1.3392018700437918,2.80389746762159e-31,2.1636009157743028e-30
CLCN2,1.4110156409042487,2.8870068256586785e-31,2.225844356097625e-30
CLIC6,-2.6957479465025456,2.959948401126328e-31,2.280149841121564e-30
CYP3A5,-1.8905586755829096,3.1707756321554864e-31,2.4373998662215507e-30
SETDB2,-1.0051842289028272,3.2170347630504095e-31,2.4708727338315023e-30
HOXD3,-1.8931403183808753,3.2819881543660664e-31,2.5196976117218686e-30
ARL9,2.1941762516274115,3.5322441175450613e-31,2.706121198302725e-30
C1orf106,2.416813688010415,3.5508934731206504e-31,2.718120853289117e-30
C17orf91,-1.5094601905550933,3.576618350215267e-31,2.73666178347913e-30
NBEA,-2.3622311930405964,3.6080783877774937e-31,2.7595735669207446e-30
TFDP1,1.1519530772872564,3.7420878985801964e-31,2.8608662754244147e-30
EFHC1,-1.1671626287134567,3.838788226657628e-31,2.9335626402119566e-30
USP1,1.0764790507752373,3.8853610430117837e-31,2.9679071366321233e-30
DTX1,-1.8683705113031133,3.9277519152111022e-31,2.9990297027092158e-30
TPPP3,-2.216398236477687,4.018174662343278e-31,3.066785466609421e-30
CDKN2D,1.4399185939164392,4.088361744445796e-31,3.1177397919625816e-30
ELMOD3,-1.454568694520061,4.148784108508588e-31,3.162492342009289e-30
RPP21,1.036310835601845,4.189455617033187e-31,3.192158250182299e-30
LAD1,2.0652562610959873,4.406930899264114e-31,3.356458709594338e-30
PPP1R14A,-2.404145887087229,4.451873638263072e-31,3.387853504903959e-30
ARAP3,-1.1546301870043774,4.494333050648572e-31,3.418735667403091e-30
GAS7,-1.8712233637116853,4.6086494885628835e-31,3.502766039261385e-30
SPATA6,-1.336308598650728,4.709962344205965e-31,3.578273979615241e-30
LOC285419,-1.6291967451769434,5.18559726134511e-31,3.9330594561777094e-30
SNX21,-1.02733370813114,5.301723262750623e-31,4.0194614140712035e-30
OR2A1,-1.3190339330098237,5.92286221088742e-31,4.482904815999322e-30
SBK1,2.1303797135755724,6.043916018931876e-31,4.570727182908888e-30
FAM43A,-1.391430589418868,6.329395459528671e-31,4.784633951403671e-30
ROBO3,-1.8545236477689677,6.441658144272601e-31,4.867476264018022e-30
PLCL1,-1.6609575216001913,6.496663885384298e-31,4.9070030168319654e-30
CITED2,-1.3098141969463803,7.2662864108170105e-31,5.4769445770642675e-30
NCS1,1.2166610308912293,7.493037780334709e-31,5.643184390377853e-30
SH2B2,1.698601455793586,7.499559466222647e-31,5.645760172193997e-30
PDLIM3,-2.01789646703752,7.793237850452864e-31,5.864419536659507e-30
FAM69A,-1.4341264350810707,7.816266544160586e-31,5.879318177824593e-30
TMEM147,1.0205534027695595,8.018055785704707e-31,6.028610882576736e-30
TMEM37,-2.4949380104154333,8.14193931829692e-31,6.1192287948372755e-30
ADAMTS18,-2.9097402947094326,8.160977054030563e-31,6.1310055845859816e-30
TMEM47,-1.7164094685761633,8.367618796015688e-31,6.283653669301714e-30
C8orf51,1.5497971239199906,8.620528807315426e-31,6.470906634208772e-30
MED13L,-1.0247238726476535,8.66943120158751e-31,6.504932240828419e-30
UNC5C,-2.2182532725766357,8.829755988095118e-31,6.62249889786961e-30
PPAPDC1A,3.4804914841993133,8.858078616354779e-31,6.64100515047389e-30
RPUSD1,1.0692348325245602,9.154500801881752e-31,6.860410790310972e-30
HYAL3,1.2621146585394696,9.557723811965827e-31,7.15375191403018e-30
GPI,1.0779211622677245,9.610425817965924e-31,7.190241724802044e-30
SLC16A4,-1.6074446206651665,9.648078706549261e-31,7.215446865049968e-30
TSTA3,1.353361125576992,9.694167227651959e-31,7.246937414576944e-30
MAN1C1,-1.6467771629778678,9.951702163099413e-31,7.433353897205525e-30
MYOF,-1.2175631080601246,1.0749068628297003e-30,8.019069518069276e-30
MUC6,-4.245467149958575,1.0962429365874688e-30,8.174891509504995e-30
PCDHGA7,-1.7798672919872183,1.1012782923718809e-30,8.209078114678685e-30
C1orf150,-2.138399325363949,1.1591761033207885e-30,8.633585355461667e-30
CLCA4,-3.1863470114806476,1.2305490955198402e-30,9.142728647243939e-30
SCN1B,-1.383463161320864,1.2695305833568157e-30,9.420817451628257e-30
ADH4,-2.8732185110663986,1.2813501687173712e-30,9.503587786752915e-30
PNPLA4,-1.325334560302994,1.2960730031549327e-30,9.6060329301422e-30
SLC14A2,-3.1072347260030773,1.4033275188242072e-30,1.0392099438450889e-29
PROL1,-4.768686377086045,1.4038440102813126e-30,1.0392099438450889e-29
KLB,-3.5540832465380525,1.4220728182564266e-30,1.0522760776716152e-29
D4S234E,-3.1344784471535103,1.4229716221840143e-30,1.0525133051042508e-29
CD93,-1.3571995916676514,1.47658626322115e-30,1.0917262286520956e-29
GEMIN8P4,1.0953902177772523,1.4788755131512283e-30,1.092974866662274e-29
CYB5A,-1.5306807077760691,1.4876392605102385e-30,1.0990055786959364e-29
KIF17,-1.4526526748727657,1.530834665395348e-30,1.1304577449976276e-29
ZSWIM5,-2.0305940347970166,1.5339211035515199e-30,1.1322776094058522e-29
MPDZ,-1.3229843354243123,1.534829497800737e-30,1.132488907517909e-29
CSRNP3,-2.5102122558882725,1.592567051126643e-30,1.1736638879213879e-29
ITIH2,-3.8000592910403608,1.6024788921025487e-30,1.1804906221344676e-29
PCDHB15,-1.5516341223813477,1.6399629308011738e-30,1.2071267783814705e-29
C8orf34,-2.502801296011363,1.66988651856586e-30,1.2286557921363923e-29
PTP4A3,1.2510265652739978,1.7042283463131308e-30,1.2534169126439565e-29
THSD7A,-2.0718148064859756,1.7490360138113043e-30,1.2858522843056208e-29
GLTSCR2,-1.2003920641496038,1.7624806126397673e-30,1.2952133464627247e-29
EDN3,-3.958018943070184,1.774949655797856e-30,1.3038502253627268e-29
SALL2,-1.7299325896555775,1.8708595178876697e-30,1.3737497298954922e-29
NEXN,-1.5252943247721609,1.8975526085110695e-30,1.3916660005127718e-29
TTC12,-1.325191501952892,1.896991918099521e-30,1.3916660005127718e-29
BOP1,2.2131275239673345,1.9329048797085837e-30,1.4158819929712414e-29
PSMC3IP,1.36486695466919,1.9325072316810777e-30,1.4158819929712414e-29
GPER,-1.9011232098473192,1.9689316270234692e-30,1.441691971307651e-29
FRMPD2,-2.7050333826488338,1.9749651349438524e-30,1.4455283615353014e-29
PDGFRA,-1.7760597585513054,1.9934231541066056e-30,1.458451835779845e-29
FLNC,-2.400454645520181,2.0385898905184604e-30,1.4908980223827858e-29
CADM2,-2.7080421825068055,2.1327143263581934e-30,1.5578570980215968e-29
ASTN2,-1.803162628713456,2.1555343479243004e-30,1.5738945742184532e-29
MYBL1,2.2561033021659354,2.224871971212909e-30,1.623871070248139e-29
ACAD11,-1.0916447626938082,2.2326543635286447e-30,1.6288980913551872e-29
GGCT,1.0879675642087783,2.233945900067794e-30,1.629187388579089e-29
TMEM171,2.452610226062256,2.287673725668748e-30,1.667702235816909e-29
SPEF2,-1.525910131376496,2.412229779479736e-30,1.757095585268893e-29
GAB1,-1.0611098946620885,2.4248033552642235e-30,1.764841882282074e-29
NR2C2AP,1.006299739614155,2.424695427394271e-30,1.764841882282074e-29
ADCY9,-1.0953259202272427,2.427016773413856e-30,1.7657468555736379e-29
XPNPEP2,-2.6878677180731443,2.6243538276492133e-30,1.906269462278477e-29
LFNG,-1.366377423363713,2.7094646166795263e-30,1.9673069173281778e-29
VILL,-1.38952148775003,2.7843419710948727e-30,2.0200628497345543e-29
PTPRE,-1.0577108119304057,2.8274714665322143e-30,2.050536378696649e-29
STC2,-2.5968646407858937,2.893163343585468e-30,2.0965068607996128e-29
KLHL2,-1.1255133802816903,2.9353946388539454e-30,2.1262629769621317e-29
GPC2,2.4829399869807074,3.0776315465646867e-30,2.2284060080396576e-29
MYOZ3,-1.9491523079654405,3.1022380909722773e-30,2.244437200714164e-29
TMEM158,2.2841258314593436,3.22042745050245e-30,2.3280953487488525e-29
CCL21,-3.9487716593679734,3.220103867462415e-30,2.3280953487488525e-29
SLC16A3,2.2095291099538406,3.277665190825349e-30,2.368532729995785e-29
ZCWPW2,-1.273103166055154,3.3444367320486575e-30,2.4148663956160932e-29
C1orf21,-1.5667847378387947,3.3602874196190964e-30,2.4253494012421257e-29
SIAE,-1.0927363534146028,3.372503942902721e-30,2.433202111480707e-29
SLC39A6,-1.3645436383003933,3.429198119702546e-30,2.4731257279296928e-29
TLR3,-1.7680184518877962,3.567183627083199e-30,2.5716215272790287e-29
ZAK,-1.2743134986388895,3.622486212277281e-30,2.6104559193223807e-29
CCDC65,-1.5599480471061673,3.710651345573232e-30,2.6718744637448395e-29
NLGN4X,-2.4919109776304884,3.898066925077727e-30,2.805714204712925e-29
LOC100240735,-1.5777026275298844,3.941646392831957e-30,2.8359600509375537e-29
HOXD4,-2.030555716652858,3.965888578744771e-30,2.8522745870759014e-29
MXD3,1.1492553497455313,4.074415514683792e-30,2.929170047937957e-29
C3orf67,1.5566001952893815,4.194295547632601e-30,3.012974027370017e-29
CD80,2.1093967274233645,4.268452299501101e-30,3.0650349983360373e-29
HAPLN1,3.6986864895253873,4.336536540311661e-30,3.1126961610131373e-29
JMJD7-PLA2G4B,-1.0302848680317203,4.397744742483472e-30,3.155386186339245e-29
CACNA2D1,-2.9771264291632145,4.4605103941565124e-30,3.199159602239204e-29
IGF2BP3,2.890511853473783,4.514711412266876e-30,3.2354839306099974e-29
CFL2,-1.2356617173630031,4.516917962800502e-30,3.2357913292742045e-29
KIF20B,1.1160817078944243,4.777376498010586e-30,3.415655317882431e-29
PTGER4,-1.533231909101671,5.081451469280023e-30,3.6287823105258636e-29
KIF26A,-1.9061750029589302,5.186715732116062e-30,3.702501430263085e-29
PLXNA4,-2.8814673511658153,5.2483731491466396e-30,3.745046508581587e-29
ATG9B,1.79990236122618,5.41234387632881e-30,3.8605366606901777e-29
GLI1,-2.00002847082495,5.4691646422073164e-30,3.896485478751459e-29
LOC349196,-1.704094413540064,5.5001783127833986e-30,3.917047958826143e-29
NACAD,-2.0718556456385366,5.5476608525846634e-30,3.949318361345273e-29
BCAM,-1.684435015978222,5.8914853793426654e-30,4.1924436419145633e-29
C12orf68,-1.6315353000355075,5.9448752020745805e-30,4.2287832474936926e-29
C6orf150,1.5013967451769457,5.996101859360788e-30,4.263556333825954e-29
CYP4X1,-3.495291034441945,6.059809909482026e-30,4.307173751749368e-29
CST3,-1.295367641140965,6.1280763921114766e-30,4.352297095809802e-29
PRKDC,1.1025944963901075,6.2462672819630665e-30,4.4345087103577884e-29
SLC19A3,-3.940971274707067,6.3084989999302825e-30,4.476943754219529e-29
RNF39,-2.2733841756420885,6.409653681175602e-30,4.546957363929832e-29
FRMD1,-3.2461004793466683,6.53091107940571e-30,4.6293681611535104e-29
ACVRL1,-1.1908790685288224,6.728545435775803e-30,4.765747570717002e-29
TLR4,-1.6639262693809922,6.983754665446017e-30,4.9426627595300867e-29
NPC1L1,-1.9126477985560415,7.101633238261173e-30,5.0241364102630447e-29
HIST1H3B,1.3445968516984257,7.263191937634898e-30,5.132448868042238e-29
ZMYND19,1.0660819919517106,7.283074518355764e-30,5.144501569950717e-29
CD99L2,-1.1268466445733267,7.339121264667581e-30,5.182080076832583e-29
NEAT1,-1.5545555805420772,7.440446838558755e-30,5.251587972170803e-29
RETSAT,-1.621061397798556,7.51427759558424e-30,5.301643219861238e-29
RNF157,-2.331715907207954,7.617408933695554e-30,5.372324479661378e-29
NLGN3,-1.5333906083560178,7.726097926351533e-30,5.444760377598798e-29
PACRG,-2.1308026216120255,7.742544474869583e-30,5.454239050930767e-29
COL22A1,3.5967941649899386,7.815361802391542e-30,5.50127729655581e-29
NIPSNAP3B,-1.7984228725292954,7.983953150692534e-30,5.615606615226283e-29
PRR15,-2.548260953959047,8.002618449577407e-30,5.626560974803303e-29
FBLN7,-1.5148940052077178,8.05778864348153e-30,5.663163192173525e-29
SERPINH1,1.2171799029470947,8.163951963206228e-30,5.735562237986991e-29
PRKG1,-2.1131913007456493,8.924759358621168e-30,6.262813978603745e-29
C6orf125,1.0012820274588687,9.981504968014426e-30,6.9962778179733e-29
LPAR1,-1.5668037460054443,1.0111382150579472e-29,7.081857994882575e-29
NEGR1,-2.3865251449875737,1.0136648024209639e-29,7.094341575000482e-29
TMEFF1,1.4593517398508702,1.0137000734261523e-29,7.094341575000482e-29
C15orf34,-1.2397416498993965,1.0813509907083587e-29,7.561979286924415e-29
LOC389033,-2.4815940939756183,1.096585943774582e-29,7.662631068916974e-29
CBLN1,-2.331383063084389,1.1210349662484784e-29,7.827464323214827e-29
HRNR,-2.013009693454848,1.1530632610530967e-29,8.048010176744447e-29
CTXN1,2.147452225115397,1.2001250998118279e-29,8.370067889607166e-29
RSPO3,-2.2244369037755964,1.220317719208884e-29,8.507638239279708e-29
DCUN1D3,-1.0787193277310916,1.231324148949518e-29,8.581084794536016e-29
ANKRD24,-1.6503103858444788,1.290100034818204e-29,8.980378942178112e-29
EPS8,-1.4383985915492925,1.370241708672447e-29,9.530955224671208e-29
HERC3,-1.0825782045212442,1.388665960366657e-29,9.655418822213239e-29
ACADL,-3.3386003195644465,1.4158547084595776e-29,9.836947808431179e-29
ITPRIPL1,-1.9689999822464204,1.417164068172161e-29,9.842288261326915e-29
HSD17B6,2.001446904959166,1.517771040178573e-29,1.052895817239732e-28
ZSCAN23,-2.4412719730145582,1.5213770337415382e-29,1.054995281721799e-28
HIGD1B,-1.5432567759498155,1.5698036544817318e-29,1.087333939213507e-28
SLC38A11,-1.5111993016925078,1.6190915175881034e-29,1.1206206423823668e-28
MEF2C,-1.2681099183335292,1.6337452785996676e-29,1.1303331549353763e-28
BRCA2,1.7725908569061435,1.7044832085893136e-29,1.178826285940398e-28
ZNF385B,-2.543828092081903,1.732399290280747e-29,1.1976780965051437e-28
FOXC1,1.6437896555805462,1.754858054315107e-29,1.2127441595557286e-28
CPA3,-3.1553476151023787,1.797491070696904e-29,1.2412644142600813e-28
C19orf48,1.2151178956089463,1.829614235379999e-29,1.2629680669936337e-28
LOC100131434,-1.625546106048052,1.8511272049139264e-29,1.277333908682646e-28
PHGR1,-2.0684030121907924,1.88341590300792e-29,1.2986295334262564e-28
SLC22A23,-1.3268743342407365,1.908126655470458e-29,1.3151696141434587e-28
NDUFB9,1.1106623209847335,1.9158986849134206e-29,1.3200266374518925e-28
STBD1,-1.8184196946384201,1.954309171173343e-29,1.3459814545163966e-28
NTN5,-1.8285095750976446,2.0180282792979094e-29,1.389340724964442e-28
EYS,-1.7226228192685524,2.0325340231717776e-29,1.3987983676293334e-28
LOC257358,-1.4577103917623389,2.1066772440614177e-29,1.447634800817289e-28
IRS2,-1.7707311871227347,2.1222196993401796e-29,1.4572148316518025e-28
CALN1,-2.5663130725529646,2.1559498567142309e-29,1.4798173168087912e-28
SSPN,-1.5659250147946508,2.184831328274329e-29,1.4990759392603698e-28
ZFP36L2,-1.1108653568469666,2.1865256144819742e-29,1.499673163542403e-28
WNK4,-3.552208480293526,2.280148064570203e-29,1.5627084043438032e-28
MMP12,3.6386235767546458,2.389155489529116e-29,1.6361850028554737e-28
FLJ45983,-2.720664421825068,2.4142155898679663e-29,1.6527253246471076e-28
ABCC9,-2.1140906734524814,2.4581959609486277e-29,1.68220079237398e-28
SLC14A1,-2.559249278021066,2.4601178930381378e-29,1.6828833523853147e-28
ITSN1,-1.4770550893596859,2.4788956075557848e-29,1.6950915381043557e-28
PDE7A,1.193344975736773,2.4996769476562298e-29,1.708660138121906e-28
CACNA1C,-1.7579320807196135,2.5884064022471756e-29,1.7686472124664166e-28
DNAJC12,-2.3455298378506333,2.605640769740926e-29,1.7790877318677447e-28
KLF10,-1.204191194224169,2.6419292442003576e-29,1.8018373185529826e-28
MYO5C,-1.323958131139781,2.677070097463677e-29,1.8251201117652176e-28
CALML3,-3.7768993253639467,2.7036286283974234e-29,1.8418470030957446e-28
CCDC138,1.2721600721978952,2.7028938962275864e-29,1.8418470030957446e-28
OCIAD2,1.110815990057997,2.722466283405553e-29,1.85398629842242e-28
DMGDH,-2.5067741744585166,2.766170092164287e-29,1.8802312990166736e-28
RHBDL3,-2.2178115398271987,2.9692064747305875e-29,2.0152298829053274e-28
RERG,-2.442185761628595,2.976165556095183e-29,2.0192002093775856e-28
PSPH,1.2961531187122741,3.14607186497359e-29,2.1328844006746466e-28
CDKN2A,3.0337323529411755,3.2124484481907777e-29,2.1762634574773627e-28
LOC92973,-1.6899486093028777,3.2842910015293804e-29,2.2232781368850617e-28
PKD1L1,-1.6284427683749554,3.382468233804387e-29,2.288036761796405e-28
GPR109A,-2.650364634868035,3.444362026164599e-29,2.326446083943384e-28
RIC3,-2.770498354834891,3.5522762289719435e-29,2.3984452594946693e-28
LOC55908,-3.322765049118238,3.6207907767230647e-29,2.4428930507297976e-28
KIF5C,-2.1241247780802457,3.67674131446058e-29,2.4797229398712837e-28
HSDL2,-1.1754936383003898,3.744849894708068e-29,2.523787583612401e-28
FAM180B,-2.8510752515090534,3.75314921811934e-29,2.528444678661227e-28
FKBP1B,-1.1993298970292345,3.808886341913297e-29,2.565044694112014e-28
RFX6,-2.728838578530004,3.887878852121191e-29,2.6163053140540496e-28
BMP3,-2.8851603266658774,3.9298838524906796e-29,2.6426182403726577e-28
CCDC137,1.1059903479701747,3.977656736936115e-29,2.6727680170708046e-28
LPAR2,1.2373641377677824,4.022507630711333e-29,2.7019079853076897e-28
EPDR1,-1.809745472837025,4.05636438772793e-29,2.7226401530166487e-28
RASIP1,-1.551800260385848,4.15911813195599e-29,2.79057970350147e-28
CNR1,-2.518034134217067,4.3260222842170447e-29,2.901495344126856e-28
RFTN2,-1.6756271452242855,4.41980684685888e-29,2.963305489258644e-28
LYPD1,2.1949426914427743,4.4435334391584194e-29,2.978116317857169e-28
DDX12,1.3372179311161076,4.541169959608484e-29,3.0424334477273917e-28
COLEC12,-1.848993342407386,4.666124903510107e-29,3.1249989557981785e-28
KIAA1199,2.8229129778672046,4.760444477340436e-29,3.1869941456795863e-28
PPAT,1.036541679488698,4.835558861698201e-29,3.2360911014519245e-28
REEP1,-2.2243653390933824,4.995515491734201e-29,3.3398101779198437e-28
DACT2,-2.8518131849923054,5.095492700630579e-29,3.4050386794999422e-28
NUDT13,-1.0740173570836768,5.265217485896661e-29,3.51716528057897e-28
?|90288,-1.697103639483963,5.292292616916342e-29,3.533954604025245e-28
CDKN1C,-1.9412055509527768,5.399205105239232e-29,3.604023855176741e-28
LRRC8D,1.023001006036214,5.448336714552226e-29,3.6354865548018395e-28
RASGRF2,-1.8221941945792404,5.976981399673915e-29,3.9853110775920983e-28
NEIL1,-1.6058231743401592,6.002832541557597e-29,4.0010824150118247e-28
CDNF,-1.398989661498402,6.019479706831792e-29,4.0107097036405234e-28
NME5,-2.396714125932062,6.243333831469215e-29,4.156818059042945e-28
SIX4,1.2021714759143105,6.284314676475775e-29,4.18257331100141e-28
SYNPO,-1.4764263285595938,6.35703359630409e-29,4.229425531927023e-28
C10orf79,-2.2069551248668504,6.388537332594319e-29,4.247280681709803e-28
C2orf58,-1.5924999822464199,6.404948430244294e-29,4.256636592761478e-28
EBP,1.1406154752041662,6.427746920403141e-29,4.270229094602131e-28
LOC644538,-1.3917110663983907,6.547546694675132e-29,4.348230298546932e-28
CNTN3,-2.1647894484554397,6.713792043500465e-29,4.457007898170641e-28
FLRT3,-2.950721416735708,7.14663659527597e-29,4.742625809107126e-28
HBA1,-4.745046372351757,7.155332572222202e-29,4.746666137469414e-28
SGCD,-1.8770988696887203,7.174758058064628e-29,4.757818613149378e-28
PRRG3,-2.182786915611315,7.38327958983993e-29,4.8925314296999005e-28
LOC645323,2.755554178009232,7.572866280215486e-29,5.016334967203875e-28
TTBK2,-1.52224710616641,7.980241663220917e-29,5.284261149349231e-28
P2RX6,-2.2359384009942005,8.32811480112493e-29,5.508600062677221e-28
G0S2,-3.242062966031484,8.454048924740623e-29,5.589867510971797e-28
ZIC4,2.733401260504202,8.566140542781346e-29,5.659871372059849e-28
C1orf74,1.0419268552491419,8.643699012795653e-29,5.709044017776461e-28
GATM,-1.6443043259557344,8.684676315196602e-29,5.734028399184757e-28
SLC6A11,2.7801165640904246,8.729607370494884e-29,5.761604168423436e-28
LRCH2,-1.8246638951355187,8.7409109339234e-29,5.766973603849498e-28
SLC46A3,-1.2992013611078246,8.864154843550823e-29,5.846167051346218e-28
ASTN1,-2.791050491182388,8.962366146350945e-29,5.9087993829056965e-28
ARHGAP10,-1.122515700082852,8.976330894411717e-29,5.915863550723262e-28
LOC100130872,-1.5908731565865795,9.301752561480973e-29,6.1281144363604105e-28
CHTF18,1.508252911587169,9.400106676643678e-29,6.190670833391638e-28
ETV7,2.209750230796545,9.425169873056418e-29,6.20493190594018e-28
HYAL1,-1.9075140726713222,9.525828133667854e-29,6.268931652825595e-28
MFSD7,-1.4324131909101654,9.542301625911415e-29,6.277503306702764e-28
HES6,1.9837520475795953,9.849729986810582e-29,6.472730503606967e-28
PCDHB11,-2.012789377441118,9.928758160166466e-29,6.521979310690225e-28
ALDH4A1,-1.5081037400875825,9.931839064568096e-29,6.521979310690225e-28
LOC100128977,-1.8637062610959876,1.123266086456408e-28,7.357615175158688e-28
C6orf138,-1.7351485264528348,1.1316296651150203e-28,7.409731940319682e-28
LOC100128239,-1.667982110308912,1.1650129637395733e-28,7.625577482542773e-28
TRHDE,-3.3493090602438147,1.186006110690444e-28,7.760197423759221e-28
CAMK1,-1.2949479583382626,1.187313958697347e-28,7.765963345371114e-28
TMEM54,1.165159456740442,1.2139002840059675e-28,7.937006777931259e-28
CHML,1.3075849331281812,1.3361775044478706e-28,8.714596601026365e-28
HSPA12A,-2.0958337022132776,1.3794451511527189e-28,8.987129594285233e-28
HERC2P2,-1.3735578174931913,1.4408960818305125e-28,9.374064109206869e-28
SLC4A4,-2.7238047402059404,1.4574647271493302e-28,9.478467462772153e-28
C6orf167,1.0459564859746715,1.4620439375581406e-28,9.504852069775297e-28
APOLD1,-1.9421123979169117,1.469725726125842e-28,9.551380718553625e-28
C9orf66,-1.7234698603385015,1.484815466320935e-28,9.646001403797282e-28
ECHDC2,-1.1160217126287133,1.500019261680549e-28,9.741295262351421e-28
FAM149A,-2.088825044383948,1.5248012917468954e-28,9.895172161735735e-28
GRK5,-1.117394632500888,1.524518494224436e-28,9.895172161735735e-28
CTSL2,2.16180361581252,1.5337980684955836e-28,9.95000935168393e-28
INHBA,2.307050704225352,1.5363991683288438e-28,9.963332405090824e-28
C3orf15,-2.538021712628715,1.539495443754853e-28,9.979855969611676e-28
EGFL7,-1.5229074624215908,1.5590809276268648e-28,1.0103221831823362e-27
ACSF2,-1.2757403361344544,1.5866402858993626e-28,1.0278154136735266e-27
FBP1,-1.9630370576399567,1.6502526389013728e-28,1.068642788542216e-27
TTLL3,-1.1587948751331503,1.6530260072706146e-28,1.0700580515770626e-27
DAB2,-1.2284426914427762,1.6835470864037882e-28,1.0894279279704285e-27
NAT1,-1.943319120605988,1.6922936260281117e-28,1.0946986806890446e-27
ANXA9,-1.7036939933719966,1.7162164206281649e-28,1.1097793074491823e-27
GATA2,-2.039610013019293,1.8965270892316344e-28,1.225070355049093e-27
HIST1H2BK,1.6891753225233757,1.9026226921521853e-28,1.2285718646770568e-27
CTSF,-1.3172959521836898,1.9440356632486116e-28,1.254868126883492e-27
C1orf182,1.4113355604213516,1.95342305285731e-28,1.2604806746246586e-27
SEMA3E,-3.3220008995147348,2.0076122116159068e-28,1.2949881321064617e-27
SLC25A34,-1.3773444194579234,2.0227471267863263e-28,1.3042885564609103e-27
DUSP4,-1.9387793585039645,2.0289415478774996e-28,1.307819511190302e-27
ASAM,-1.8844608356018453,2.0858454347170566e-28,1.3435472203876355e-27
CNTN1,-3.007789448455438,2.216672201750685e-28,1.426806368050485e-27
RASD1,-2.2149903893951928,2.2696008159129884e-28,1.4593268686705803e-27
USP44,-2.1370103029944354,2.2749296052345335e-28,1.4622367091837645e-27
GTF2IRD2B,-1.2233102911587164,2.328448827372228e-28,1.4961085070475349e-27
MYADM,-1.3398010415433799,2.3504078327564666e-28,1.5096850310397305e-27
IPW,-2.163675464552016,2.3905637990053556e-28,1.5349359024089767e-27
MYL9,-1.6562161912652353,2.3956215715924556e-28,1.5376410249540715e-27
PCYOX1,-1.0048379394011118,2.4508206633944223e-28,1.5725163389414405e-27
RCVRN,-1.3807511717363,2.463837418842215e-28,1.5803112239318125e-27
GPR182,-1.8114174872766011,2.4850790823948564e-28,1.5933742351825843e-27
HECTD2,-1.0556898271984858,2.495334131497209e-28,1.5993861688606937e-27
DNAJB4,-1.0800123860811919,2.5237213349478868e-28,1.6170115966228927e-27
GNG2,-1.6313417741744587,2.573426926421454e-28,1.6476992733608767e-27
NRXN1,-2.8542652739969228,2.5866688318273535e-28,1.655595384871776e-27
OLFML3,-1.4955478873239425,2.5978264160242415e-28,1.6621523462526983e-27
RHOXF1,-1.925803769676885,2.702568470548677e-28,1.7285612743990713e-27
ESRP1,1.881841016688366,2.71238972514404e-28,1.734233585064874e-27
DLEU2,1.2888315836193636,2.7774622620623224e-28,1.774592683619532e-27
CLDN8,-3.1609458042371887,2.9290309012858216e-28,1.8688100068736703e-27
SEPT3,2.2684412652384918,2.9688750406771733e-28,1.89356805765405e-27
FITM1,-1.1685027754763877,3.0266346120368366e-28,1.9283804635249052e-27
MT1H,2.3519120191738665,3.0340767815796305e-28,1.9324457542020296e-27
C14orf33,-1.027787702686708,3.0585029469791805e-28,1.947321760890592e-27
PFKFB3,-1.7217092081903207,3.319875929409325e-28,2.1071025642621316e-27
PLCD3,-1.3018334832524552,3.394583166052131e-28,2.1537677717548603e-27
STX1B,-1.5533439341933946,3.421725798229001e-28,2.170232568124129e-27
KIAA1467,-1.393047763048882,3.4251702991047997e-28,2.171660569648369e-27
ZSWIM4,1.2078501893715252,3.5075313915444106e-28,2.2231056378928588e-27
FZD9,2.2720496626819733,3.6003588804889916e-28,2.281146282685037e-27
WNT9B,-1.607704953248905,3.7713126368829145e-28,2.387798397536685e-27
COX4I2,-1.6122930110072216,3.9076186427634366e-28,2.4715212701258806e-27
TRIM68,-1.4282569771570595,3.9202014622963987e-28,2.4786185209510714e-27
SUGT1P1,-1.3803322168303933,4.123570635115592e-28,2.600878595669062e-27
SYCE1,-2.894144928393893,4.146522586221411e-28,2.614449277346323e-27
MITF,-1.4741184814770971,4.160466951068697e-28,2.6214254036103664e-27
SLC25A22,1.2689768434134212,4.327222369162129e-28,2.7227248111254143e-27
ANKRD53,-1.9060655994792284,4.341721664782158e-28,2.7309039206644653e-27
TMEM195,-2.284182980234347,4.491113339433381e-28,2.8238941664147093e-27
SRD5A1,1.659530571665285,4.551788699432393e-28,2.8600693716178062e-27
LOC84740,3.969454183927092,4.561486419709331e-28,2.8651738198056917e-27
C6orf218,2.788861912652385,4.5926544311299095e-28,2.8837560748484906e-27
ANO3,-2.7128565155639737,4.69083140207219e-28,2.943371389587041e-27
EN1,3.3236420700674616,4.822678052206713e-28,3.022975502214835e-27
GPR84,2.147152302047581,5.105592232960656e-28,3.1970105062463996e-27
ZFYVE28,-1.1762726121434488,5.170696546934324e-28,3.236664004258786e-27
LHX6,-1.7200934370931487,5.345737056931558e-28,3.343933046299833e-27
HCG2P7,-1.6398596401941057,5.396564530695187e-28,3.3734087964369675e-27
PHLDB2,-1.751365901290093,5.682099345223358e-28,3.549459656180535e-27
SC5DL,-1.1500810687655356,5.694053668146267e-28,3.555706995583756e-27
PTPRQ,-3.2418171736300154,5.935396211331101e-28,3.705144623966393e-27
S100A11,1.4280808498047115,6.057276377223491e-28,3.779931501357532e-27
LOC100130148,-1.7780838501597824,6.363611694663336e-28,3.967014509519065e-27
ADD3,-1.2406040892413337,6.413028924393536e-28,3.9964520886934454e-27
PRR7,1.8808371286542789,6.485284793459923e-28,4.0387149878669516e-27
CSRP1,-1.3318148715824414,6.534662058350781e-28,4.06807296334334e-27
ETV1,-1.636249384542551,6.663909558741148e-28,4.1471160922312855e-27
PDE1B,-1.7343522961297202,6.675524626760695e-28,4.152924633661139e-27
ADRA2C,-2.229671819150194,6.955815957853e-28,4.3258188548274056e-27
HIST1H2BE,1.5582318262516277,7.154234913504165e-28,4.4446600044544815e-27
ABLIM1,-1.1691228725292948,7.3990103675763155e-28,4.5951615735582285e-27
CYC1,1.0264447982009717,7.4752755391917835e-28,4.6409427230527976e-27
CCDC67,2.2135343058350085,7.641232517502966e-28,4.7423578423493525e-27
HS3ST4,-3.498787507397325,7.744037652061625e-28,4.80452342810081e-27
DLL1,-1.4483343413421723,7.886126971684289e-28,4.886016653014606e-27
ST20,1.0640988105101163,7.986187638851887e-28,4.9463277846213306e-27
INTU,-1.3272679015268087,8.13202771196309e-28,5.034942191866127e-27
GRIA3,-2.1755525801870044,8.601343218076171e-28,5.3182829687038226e-27
PPFIA4,1.7660742868978563,8.795690047509538e-28,5.4366025784317874e-27
RGL1,-1.1616433364895276,8.929188308514974e-28,5.517244221992467e-27
SOX5,-2.3272248490945673,9.067061147031666e-28,5.598633448419858e-27
CAPN3,-1.6047132678423477,9.077248780517716e-28,5.603023382562359e-27
PCDHGA4,-1.8537248727660067,9.380192921965203e-28,5.7860946038133715e-27
H3F3A,1.0072638655462196,9.751691378722106e-28,6.009141440991148e-27
C8ORFK29,1.7880171085335546,1.0080814714767087e-27,6.2056499916437364e-27
CMBL,-1.9774375192330442,1.0199645081266718e-27,6.272437142374934e-27
ANKAR,-1.2003569298141787,1.0208497863483054e-27,6.275761114791693e-27
ACOT1,-1.227025653923544,1.025518903913571e-27,6.302336464530295e-27
ATP6V1C2,1.7466734228902832,1.0349926898227906e-27,6.358411047196847e-27
C15orf51,-1.7099006391288905,1.0445350110037811e-27,6.414868692746906e-27
MRPS17,1.0374875310687637,1.0747861435952437e-27,6.596201001977148e-27
ZNF204P,-1.7157790389395196,1.0751966580987213e-27,6.596496382666337e-27
CRIPAK,-1.004393880932656,1.0856698920266235e-27,6.658507090485387e-27
C9orf152,-3.0954927624570967,1.1400484857745545e-27,6.987307268200072e-27
TREM1,2.400888205704817,1.1590330800656249e-27,7.1012720149561e-27
NLRP5,-2.623626446916795,1.2263519024241772e-27,7.511199084733276e-27
LOC441204,-1.5846107941768253,1.2667706177814677e-27,7.756147176413069e-27
SLC16A11,-2.0525548408095635,1.278566984450288e-27,7.820482129687029e-27
ART4,-2.324871884246657,1.2810238797632556e-27,7.83024771099078e-27
CA5B,-1.2178114273878569,1.2838689902801883e-27,7.845004105428085e-27
LRRK2,-1.7950299325363925,1.3376009874674566e-27,8.167846620218087e-27
PTPRG,-1.4885807432832259,1.346799722461367e-27,8.221259338686875e-27
ADCY1,-2.1501713634749695,1.3749226370050845e-27,8.390116245861064e-27
ITGA3,-1.6129327967806812,1.388236447532477e-27,8.46852146596303e-27
FGD5,-1.4978353532962476,1.3917063024639532e-27,8.486844162060751e-27
SLC26A9,3.053260569298142,1.4193774903935487e-27,8.64689707417462e-27
GIMAP7,-1.6826210024855026,1.469227665169933e-27,8.938620049828973e-27
KLHL4,-2.3615659486329745,1.5067349361910615e-27,9.16374742515399e-27
ENPP1,-1.602943141200143,1.5492586478884137e-27,9.406656159944227e-27
CCDC80,-2.1223694697597324,1.650012553201777e-27,1.0008390038631104e-26
PCDHB18,-1.5157774292815724,1.652117232302703e-27,1.0017818114459062e-26
GAS6,-1.5262910699491048,1.6896051185017675e-27,1.0238309577925324e-26
NFKBIZ,-1.6821467984376852,1.730279463755217e-27,1.0481290209230022e-26
CACNB4,-2.205088998698071,1.7709009083120925e-27,1.0723788833667671e-26
COBLL1,-1.3394569298141779,1.8212986780303262e-27,1.102164223277461e-26
MST4,1.2835530358622336,1.878922292880952e-27,1.1366574442443327e-26
ST6GALNAC3,-1.667546200733815,2.0923669158244027e-27,1.2628433345076792e-26
PCSK5,-2.0830330512486697,2.1587164922661587e-27,1.3024566227617132e-26
PRRT4,-3.065106403124629,2.2167227073118343e-27,1.3370113797613425e-26
KIF13A,-1.1430949047224512,2.3193926309791207e-27,1.3980100682686402e-26
SLC22A3,-2.5662762042845317,2.375855923751617e-27,1.431095479154556e-26
ZNF219,-1.4459689726594869,2.5139881614074208e-27,1.510301204689745e-26
CDK5,1.0293474079772773,2.5625954516076312e-27,1.5384869724806633e-26
CCL20,2.8082052491419094,2.639983334277751e-27,1.583902987272838e-26
NPR2,-1.600647455320157,2.7491608404067725e-27,1.6488624309036072e-26
RTN4R,1.5311762634631307,2.7886734864280993e-27,1.67145944924105e-26
GSDMC,2.794641933956682,2.8270389083785032e-27,1.693339560684893e-26
MID2,-1.1058504971002474,2.836963510382635e-27,1.6987252230097074e-26
AKR1C1,-3.128411652266542,2.8863455091083375e-27,1.7277259882373913e-26
ZNF660,-1.4503013492721033,2.9640176069020145e-27,1.7736361768059622e-26
MYCBP2,-1.175590543259558,3.0946014213756702e-27,1.851167587029291e-26
GJB1,-3.057741862942361,3.366987394620967e-27,2.012123162977198e-26
GAMT,-1.9882556693099778,3.464847476007544e-27,2.069925126543004e-26
SH2D3C,-1.102560829683986,3.483040636317526e-27,2.0795822144987887e-26
C19orf28,1.084860030772873,3.589412816984007e-27,2.1408283587011756e-26
CYS1,-1.6860598709906514,3.829862513224924e-27,2.2827435274470625e-26
ADAMDEC1,3.6302099360871103,3.854758549223397e-27,2.2968304376927497e-26
PDK1,1.0023372884365003,3.8704521224342096e-27,2.3054267010690418e-26
LIMK1,1.0872974257308528,3.906323332419117e-27,2.3258422946352493e-26
FLI1,-1.3118915256243362,3.9730368240088895e-27,2.364210176771292e-26
PDGFA,-1.390258279086284,4.0121295673199736e-27,2.3859129210691106e-26
FSCN1,1.452124600544444,4.122989575818559e-27,2.4502376509508723e-26
ZNF582,-1.2901821103089137,4.232457021183116e-27,2.513651391732341e-26
KIF1A,4.49182334004024,4.30070288619973e-27,2.553349466323995e-26
KCNMB1,-2.204118114569769,4.3691372027748435e-27,2.593133501862096e-26
SCGB3A1,-4.0215258373772045,4.4437130229209446e-27,2.636535467934483e-26
PTEN,-1.1063839744348414,4.459088689969583e-27,2.644796071147485e-26
ABHD1,-1.6321232926973606,4.477803169507844e-27,2.6550309802785437e-26
LPCAT1,1.0626632382530445,4.531559415729761e-27,2.6860298288677577e-26
TMEM38A,1.4107285300035528,4.594840559983532e-27,2.7226524320761796e-26
SLC16A10,1.8838078648360739,4.613765838523308e-27,2.732976881179296e-26
PPIF,1.017471718546572,4.714356021955087e-27,2.7907454526064536e-26
DNAH5,-2.672834601728015,5.014974911811043e-27,2.966772451078856e-26
MYL3,-1.706774192212096,5.0550250007108114e-27,2.9894938300175083e-26
ORMDL3,-1.0754833412238138,5.134107040951593e-27,3.0352760788061657e-26
HTR1F,-1.4431570600071026,5.19307014239753e-27,3.069138175391631e-26
RGNEF,-1.2761223340040218,5.2323046343062876e-27,3.0905778053394273e-26
PDE1C,-2.685453367262398,5.25064920481966e-27,3.100148150351355e-26
FAM126A,-1.196467960705407,5.407275294578095e-27,3.1915898893386853e-26
ACOT2,-1.095557024499942,5.7089934833725326e-27,3.36204491678519e-26
LOC388387,-1.1218091194224171,5.71617567723237e-27,3.3651858296462103e-26
DSC1,-2.492284299917149,5.8667082458454515e-27,3.451573697450703e-26
KIAA1804,1.510118735945082,5.936413418540908e-27,3.49032730806525e-26
RBL1,1.2033712214463224,6.015854676901826e-27,3.535892886136388e-26
CCDC136,-1.7690495916676516,6.044468624187684e-27,3.550418275769229e-26
LOC728723,-1.283261054562669,6.107287425386209e-27,3.586159774332425e-26
HIST1H2BH,2.04266737483726,6.3587436537662255e-27,3.73020337510495e-26
C17orf57,-1.4389229553793337,6.4586623205731454e-27,3.784154072881848e-26
CLCN1,-1.5790745413658405,6.4590269210810864e-27,3.784154072881848e-26
INHBB,-2.0614865546218493,6.509935529032462e-27,3.812752781048195e-26
ATP8B2,-1.2654879098118101,6.607252018650944e-27,3.8685046154873964e-26
SLC26A5,-1.8089191797845894,6.626686801690468e-27,3.877495011200602e-26
AQP7P3,-2.608135412474849,6.655105175661957e-27,3.892766051175276e-26
CARD10,-1.5645834359095776,6.666874498469404e-27,3.898397574546693e-26
SLC2A6,1.9049129956207835,6.796395242502527e-27,3.972857501582322e-26
LEPROT,-1.2116663569653259,7.040074301190666e-27,4.1139798556845486e-26
RHOBTB2,-1.0546050952775463,7.11583030410965e-27,4.155580976121526e-26
ACAN,3.1591455320156236,7.397006475745413e-27,4.3183998998715123e-26
AVPR1A,-1.802837394957983,7.723706487799383e-27,4.504794270984049e-26
KIT,-2.4886207420996573,7.729085209758416e-27,4.5064874462918783e-26
ATP1A4,-2.280184169724228,7.75861192471095e-27,4.522254654675422e-26
CHIC1,-1.2117633092673712,8.317298278325395e-27,4.840146437351571e-26
DENND2A,-1.9770377441117297,8.477543771724091e-27,4.9302469417474e-26
ARHGAP39,1.3217042431056925,8.621466376815272e-27,5.0123459743586204e-26
PVRL3,-1.982850183453662,8.765400592792111e-27,5.0943993292016215e-26
VEGFC,-1.2353280920819039,8.820174811309464e-27,5.1245975770911646e-26
SRRM3,-1.6485375488223442,9.002054948587255e-27,5.228602623775808e-26
ARHGEF38,-2.2046363297431655,9.138147502286961e-27,5.30595531049855e-26
GLRB,-1.8018587110900688,9.293041734285169e-27,5.394172152078856e-26
PODXL2,1.6663685051485366,9.343380754709785e-27,5.419934986551377e-26
CBFA2T3,-1.676470777606819,9.341292413736917e-27,5.419934986551377e-26
DPYD,-1.6209829920700667,9.352213674444442e-27,5.423330535709213e-26
PIK3C2G,-3.31876739259084,9.371890190800496e-27,5.433010100100045e-26
MCTP1,-1.7067933246538054,9.506136681690905e-27,5.507326735099285e-26
LOC339524,-1.9259489347851817,9.582026453717332e-27,5.549526806777493e-26
SCARF1,-1.1001567345247967,1.0077148528062851e-26,5.825161468921184e-26
GOLGA6L5,-1.4684389099301693,1.0309441058418972e-26,5.957547796393668e-26
TMEM45B,-2.8681090188187977,1.048076310802134e-26,6.054628081730005e-26
KLHL10,-1.1119632796780687,1.0575744829495105e-26,6.107559744013307e-26
TMC2,-1.8897634394602913,1.0990134205765375e-26,6.342847588698386e-26
EPOR,-1.0615413066635098,1.1134562543217484e-26,6.424166148151755e-26
MEIS2,-1.7448154870398866,1.1290861959051917e-26,6.512280109018442e-26
SORCS1,-3.0100628535921405,1.1308801595490093e-26,6.519722886390853e-26
C10orf18,1.0786480293525837,1.1310929448564695e-26,6.519722886390853e-26
GYPC,-1.4881809326547515,1.1499670517363573e-26,6.626416664373824e-26
MPP7,-1.9263711681855842,1.1552422051451925e-26,6.654706917803145e-26
SLC4A8,-1.9230401467629292,1.2351123794220546e-26,7.103554705409056e-26
PTCH2,-1.8322075748609308,1.3001227691855042e-26,7.472729639243364e-26
WDR34,1.133500343235884,1.309554960495972e-26,7.524567217774045e-26
TAP1,1.6947699076813834,1.3257073013644156e-26,7.614973179784304e-26
RASL10A,-2.211433406320275,1.3491216115636022e-26,7.747022301354022e-26
TP53TG3B,-1.7836884956799617,1.3562854501249555e-26,7.785702948162904e-26
DPY19L2P4,-2.297578530003551,1.3601060306263562e-26,7.805173415980947e-26
SYNGR3,1.8805564090424904,1.376597347992238e-26,7.89732162795547e-26
TIGD5,1.2706930169250796,1.4570790689605817e-26,8.356398957873179e-26
SEMA3B,-2.272268262516274,1.4893026897274507e-26,8.535823948711835e-26
ACSBG2,-1.206326861167002,1.5564726001312212e-26,8.912384630446248e-26
OR2A9P,-1.226416475322523,1.5587783220296213e-26,8.922780438963898e-26
C11orf86,2.554520600071014,1.612636400646711e-26,9.219478769149523e-26
RSPO1,-2.929796656409043,1.6589897944932533e-26,9.481504310568505e-26
ZCCHC5,-1.487934140134927,1.7590045139449507e-26,1.0046802374439893e-25
CNTD1,-1.2503467984376861,1.8319637810958552e-26,1.0460237361131699e-25
TMEM97,1.1987657415078683,1.8562408906906125e-26,1.0592210950859316e-25
GABARAPL1,-1.0591960291158706,1.8795020589340547e-26,1.072158444963228e-25
CLEC4GP1,-1.9680866552254703,1.9467090685901929e-26,1.110148658381807e-25
C6,-3.6193613386199557,1.9967628135926596e-26,1.137979758792335e-25
C1orf95,-2.4054303290330226,2.0457007332142097e-26,1.165505178300415e-25
STRA13,1.1147791572967218,2.2934735740340383e-26,1.3050359321082088e-25
HTRA1,-1.5106011954077392,2.313457886689013e-26,1.3159960597312534e-25
DLK1,-4.262898745413658,2.315776322818993e-26,1.3169033553350245e-25
ACRV1,1.2416398804592261,2.338198403520309e-26,1.3292387738688378e-25
AK7,-1.8027172505621967,2.3413550484561126e-26,1.3306177317217177e-25
FOXP3,2.0823720321931587,2.3549001079245826e-26,1.3374803951498028e-25
KIAA1984,-1.5947193395668127,2.376047563850794e-26,1.3490702995875234e-25
LOC650368,-1.1747926145105936,2.5201026102682113e-26,1.429969694972327e-25
TEPP,-1.7996644277429283,2.5498454655366236e-26,1.4463956687180791e-25
GPR158,2.5973483666706105,2.553903242389997e-26,1.4482461283870753e-25
CRYL1,-1.0195496685998338,2.6471537755296425e-26,1.499724250730348e-25
KERA,-2.362969937270682,2.654388123175188e-26,1.5033549161841303e-25
CAPZA3,-1.9287365250325477,2.7043850302227256e-26,1.5311950452610973e-25
NLRP8,-1.5675988578530005,2.890727952028206e-26,1.6351746709375212e-25
LPHN3,-2.7997750739732528,2.944889386700782e-26,1.6652942375307344e-25
PCDHGA11,-1.587053686826844,2.987684163465803e-26,1.688445042768333e-25
CCDC103,-1.128206929814179,3.025450916091421e-26,1.7088877078110226e-25
SCGN,-2.887592306781867,3.025734814192675e-26,1.7088877078110226e-25
SPATA20,-1.1533121907918051,3.060212366001486e-26,1.7278239980870054e-25
UGCG,-1.2309920996567634,3.238697153944459e-26,1.8280311408759997e-25
GIMAP1,-1.548716877737009,3.343250814892724e-26,1.8852910341850138e-25
ARHGAP23,-1.0286602615694154,3.344299903945502e-26,1.8852985801028175e-25
CACNA1F,-1.6512581962362405,3.359791456650808e-26,1.8934453215298655e-25
HIST1H2AH,1.3095467925198248,3.459345385776198e-26,1.9483435661288407e-25
SHC2,-1.9464393005089367,3.4639709376705546e-26,1.950345282351287e-25
PPP1R1A,-3.407847295537934,3.493984840676071e-26,1.9666359324312466e-25
CCDC3,-2.0428880991833367,3.5202768593720686e-26,1.9802101258080892e-25
C11orf63,-1.6233940584684596,3.550138692701101e-26,1.9957743861407705e-25
MECOM,-1.5314186590129015,3.655673734947917e-26,2.0538342283103988e-25
AKAP2,-1.398235329624809,3.6902676719194834e-26,2.0726301274899833e-25
ONECUT2,2.525695336726239,3.7837677882108315e-26,2.1238336431946273e-25
NRG1,-2.8029705290566946,3.96368503325341e-26,2.2220806486083095e-25
C6orf122,-1.253630009468576,3.9661080026911644e-26,2.222754432665864e-25
PID1,-2.034779790507752,4.044141959425067e-26,2.265092802689677e-25
TSPAN1,-2.535513409870992,4.1421213877689846e-26,2.3178307907026997e-25
ARHGAP26,-1.2312458397443518,4.246405586317218e-26,2.375455466740391e-25
C9orf103,-1.031886223221682,4.2743474891042966e-26,2.3903516849205997e-25
FAM65C,-1.6966613563735349,4.277807518492026e-26,2.391551912134839e-25
PLEKHM3,-1.0828502899751449,4.343888500819049e-26,2.427749535781675e-25
ELK3,-1.1108838087347603,4.34591860539452e-26,2.4281386241251212e-25
ATF3,-1.8770297490827321,4.3593509855142045e-26,2.4348961641397687e-25
APCDD1,-1.7784256065806598,4.4598338209468583e-26,2.4902562896532413e-25
SEC1,-1.26772265948633,4.595604242929532e-26,2.5652800991734516e-25
SLC16A7,-2.3495365546218476,4.855241656796916e-26,2.7077194815770302e-25
DCBLD1,1.117530139661497,4.87387012895464e-26,2.717275894559305e-25
SPTBN1,-1.1870676529766815,4.963350946413732e-26,2.7663158994969122e-25
SPTBN4,-1.9863336726239789,4.981735242492128e-26,2.7757124768620814e-25
GCK,-1.4144745354479824,5.0111234293854064e-26,2.7912325515637257e-25
EGOT,-2.1120439341933945,5.251899783957206e-26,2.9226637654348216e-25
MAF,-1.2742665936797284,5.291191106599183e-26,2.9436293310948935e-25
CTHRC1,2.0797201976565276,5.400112201174924e-26,3.0023898105677197e-25
PCDH18,-1.738721434489289,5.422626604418144e-26,3.0139869337472816e-25
BAALC,-1.8640379985797138,5.478619431634063e-26,3.044179167095081e-25
F12,2.0357900224878662,5.825659946140159e-26,3.234049649270793e-25
FADS2,2.045922967215054,5.894652327824008e-26,3.2713523269323296e-25
SALL4,1.8749773760208304,5.908559453647061e-26,3.2780709458926383e-25
MYH3,-1.594518333530596,6.119727051778858e-26,3.390060606315598e-25
C1orf183,-1.610236116700202,6.185621668948654e-26,3.425520877391918e-25
GRIN2D,1.9480839093383828,6.336782395008432e-26,3.508164535776718e-25
HIF3A,-2.923745040833234,6.632566258104242e-26,3.6707997444898607e-25
CHST6,2.4759044324772166,6.885307883416677e-26,3.8072071507239904e-25
PLXDC1,-1.2000448751331465,7.095971715603155e-26,3.92250146186226e-25
EDARADD,-1.69764004615931,7.153685639013378e-26,3.9520042393614723e-25
PREX1,-1.381861640430822,7.278355500425013e-26,4.0184381308533975e-25
ST14,1.5381508344182766,7.402889145929282e-26,4.0859548551652734e-25
PCDHB5,-2.0928463190910174,7.477656846951644e-26,4.124720835910933e-25
C9orf44,-1.2378938099183334,7.567358329259212e-26,4.172936191078626e-25
HIST1H1B,1.370787684933128,7.60660385517968e-26,4.192037843652307e-25
PAPLN,-1.4845355604213513,7.936205193977826e-26,4.37103610123989e-25
IGSF9,1.8704263640667529,8.024130728739068e-26,4.416790192175303e-25
SAMD8,-1.031434412356492,8.031350847305676e-26,4.41942803728855e-25
NPAS4,-1.6758062078352463,8.113686321276032e-26,4.462037223751892e-25
GNG12,-1.2294191265238474,8.121302841068119e-26,4.464876944003713e-25
ACSS2,-1.2219990590602414,8.352521118208152e-26,4.587837716196227e-25
HSD17B4,-1.12057726358149,8.525145968253854e-26,4.679832088664804e-25
LOC642587,-3.0926788318144167,8.87388292772679e-26,4.865400329319602e-25
PHOSPHO2,-1.0355207065924965,9.208797988797775e-26,5.045988855812339e-25
LOC285830,-1.414644466800807,9.625200107305991e-26,5.266231366194498e-25
MRGPRX3,-2.573753148301575,9.673531323747882e-26,5.291084455714624e-25
APOF,-1.686108569061427,9.774890208530522e-26,5.34491818762034e-25
L3MBTL,-1.592360953959048,9.797362839520643e-26,5.355597470504332e-25
GJA4,-1.2484689667416262,9.903799193360859e-26,5.412154209449046e-25
C13orf33,-2.283893875014795,9.912696675636663e-26,5.415390683871974e-25
C1orf51,1.578308397443486,9.953673467094557e-26,5.436145158161482e-25
EPCAM,1.8754861699609418,1.0147514715310664e-25,5.540348241235753e-25
PECI,-1.3803102734051382,1.0215771370111324e-25,5.575942616195995e-25
ULBP2,2.0288536868268445,1.0378318183449993e-25,5.662965404476626e-25
SHROOM1,-1.2907500828500407,1.0381709064834343e-25,5.663118073334719e-25
KCNA1,-2.6866998638892174,1.0646459008657173e-25,5.802320159718159e-25
ZNF662,-1.5853734288081407,1.0693707800753441e-25,5.826326342326097e-25
KCNB1,-2.696998490945676,1.1073616626720073e-25,6.031509379299386e-25
SLC11A1,1.8784968931234465,1.1187936521618437e-25,6.090131833224294e-25
RRS1,1.0645058823529414,1.1245589815978484e-25,6.119685244252805e-25
C19orf36,-1.383694709433069,1.1423079498796832e-25,6.214414707609048e-25
PLCH1,2.0432597763048888,1.1503955189516095e-25,6.254674322424178e-25
BHMT2,-2.708342721032073,1.1604772927199013e-25,6.307604705697332e-25
PRICKLE4,-1.5992917327494363,1.1920759434371364e-25,6.473555608110439e-25
SERPINF1,-1.5454430701858168,1.2064521307367922e-25,6.549671379600903e-25
EFEMP2,-1.2573095514262054,1.268535151321392e-25,6.878506213733482e-25
C3orf54,-1.128862315066872,1.2752564635454208e-25,6.912892616413727e-25
C11orf75,1.0134156231506708,1.2972063173513123e-25,7.029784636721029e-25
PLA2G5,-1.8321651615575796,1.3548049863497787e-25,7.333189166376754e-25
ADAM19,1.7305704817138121,1.3770705196043258e-25,7.447063181330226e-25
PXMP4,-1.5302972659486311,1.3930405706032585e-25,7.531190230677492e-25
MAST1,2.3199596046869453,1.4165872457826505e-25,7.656216637464842e-25
PDLIM4,-1.7783265475204173,1.4254166483987101e-25,7.701650118967564e-25
JPH4,-1.7545457805657492,1.428236996590791e-25,7.7145988275792795e-25
ABHD15,-1.1263571961178833,1.4295894258411427e-25,7.719613265673781e-25
PIH1D2,-1.0965004438395067,1.4745835694738873e-25,7.955496358960631e-25
SERHL2,-2.8145070600071014,1.4852662987158267e-25,8.010756277192353e-25
FITM2,-1.035004189844953,1.4967809139983086e-25,8.070468891442894e-25
USP18,1.2866089063794526,1.5356966760372977e-25,8.277846193043213e-25
DENND5B,-1.3517179725411284,1.5834266193095897e-25,8.527548742985935e-25
F7,-2.0430753343590964,1.591528439488859e-25,8.566112413960881e-25
ZFHX4,-2.020469771570596,1.5948935299766828e-25,8.58168694240779e-25
MMP13,4.155547283702214,1.6075253592537192e-25,8.647099324614495e-25
APBB3,-1.011863504556752,1.6688010504733676e-25,8.971407419304995e-25
SLC9A9,-1.4817941709077997,1.6941028605351594e-25,9.102052647674588e-25
TPTE2P3,-1.10490115398272,1.7730960290419459e-25,9.523655065402933e-25
AXL,-1.1848169665049113,1.7751875253703281e-25,9.532076260860201e-25
MAS1L,-1.3552333412238136,1.7957060496705443e-25,9.636567577285648e-25
GSC,-1.706796910877026,1.8596403565509136e-25,9.967913253915276e-25
SCUBE1,-2.6664140785891823,2.039957082225558e-25,1.0927998460197715e-24
PM20D1,-1.798070026038585,2.0422861180095678e-25,1.0937256312482543e-24
PLCH2,-2.46006868268434,2.068683933372643e-25,1.1075368717406537e-24
MTMR9L,-1.3657531897265942,2.0788405944859366e-25,1.112647319653852e-24
VGLL3,-1.7413326725056226,2.166283773301977e-25,1.1587676616343195e-24
SPIN2A,-1.2613896614984017,2.201809434406101e-25,1.1770789173126066e-24
GIPC1,1.0347730737365364,2.2134789332491164e-25,1.1829699654120277e-24
CLEC4G,-2.3515714048999876,2.226535198239234e-25,1.1895984799984965e-24
LPCAT2,-1.1308631198958459,2.3782551049424393e-25,1.2695418673098893e-24
SOX4,1.0875963309267327,2.379636325349625e-25,1.2699067730970162e-24
LHX2,2.3649959107586698,2.397486817378312e-25,1.2790578117449419e-24
LCAT,-1.0853691087702693,2.422845129144773e-25,1.2918292292273668e-24
LRFN1,1.5301467215055036,2.468032353178687e-25,1.3151520177081862e-24
ZNF493,-1.1432361581252222,2.480723398949885e-25,1.321527890871664e-24
OTUD7A,-1.501594307018582,2.487586350326175e-25,1.324796206406886e-24
LOC100133545,-1.8006665345011241,2.5958117238843057e-25,1.3816245850838017e-24
C14orf49,-1.9618898982128066,2.611178329308903e-25,1.3893972267877801e-24
CDKN2BAS,1.8791269558527637,2.8114684247625414e-25,1.4950966910883009e-24
KLRG2,2.3071382944727175,2.8162350736231455e-25,1.4971941309918844e-24
C6orf108,1.1281054621848732,2.86554979143944e-25,1.5220777021760177e-24
NRIP1,-1.2498622913954343,3.0414777018328405e-25,1.613640880398228e-24
OR2B6,1.677639566812641,3.1066185224046666e-25,1.6477207739898644e-24
CCL11,2.486606835128417,3.12896543829504e-25,1.659089946789531e-24
PYCRL,1.2099826251627421,3.1573587045153394e-25,1.673170320183194e-24
PTK7,1.405356225588827,3.1949425334196576e-25,1.6921018020319472e-24
MYH1,-2.803474298733578,3.3910368377700886e-25,1.794390801102585e-24
THPO,-1.2915281926855244,3.3993222311631734e-25,1.7982523270521143e-24
FAM134B,-1.5449740797727545,3.5645096287604214e-25,1.882354765660747e-24
CDH12,-2.216530453308086,3.6689023416294844e-25,1.93692080408009e-24
EVC,-1.3176164043082004,3.725908654564413e-25,1.966445788316498e-24
COTL1,1.3687993904604099,3.8095364283938142e-25,2.008835214543818e-24
FAM83H,1.431140738548942,3.834250615465113e-25,2.0212818984451625e-24
ARC,-2.582242957746479,3.86503383340651e-25,2.0369198283004832e-24
EBF4,-1.641632394366198,3.9046041375449183e-25,2.0565830183949694e-24
LIPC,-1.5163845484672747,3.9818945067990155e-25,2.096685730612163e-24
ZNF208,-2.451612516274115,3.9868381053056976e-25,2.098681724432609e-24
SLC22A17,-1.4491288909930153,3.991404784856817e-25,2.1004782104292754e-24
LOC646982,-1.1081683631198955,4.3280158952911815e-25,2.2703998081263796e-24
MMP19,-1.0647667771333875,4.38361623977057e-25,2.2989042469761937e-24
PGBD5,2.2632878979760918,4.437392681494852e-25,2.3264360305659788e-24
SLC25A27,-1.5816280624926025,4.513194173253778e-25,2.3654959267416793e-24
HOXC5,-1.282058000946856,4.637434384806589e-25,2.4299141654183748e-24
ZNF689,-1.170401680672267,4.72593301872318e-25,2.4748607232398745e-24
INA,2.9797991655817264,4.803067842049824e-25,2.5138080485575892e-24
FAM131C,1.8687242040478167,4.825613094201467e-25,2.5248817233040903e-24
BDNFOS,-1.1780189016451645,4.829833702184937e-25,2.526363875887138e-24
KCNA6,-2.394616818558409,4.881234546609438e-25,2.5510511757660522e-24
SLC5A7,-1.5245739673334124,4.8854689736101665e-25,2.5525313354370227e-24
CFH,-1.545869238963192,4.902295578268394e-25,2.559853310706242e-24
FGD1,1.233584015859865,5.158258977425558e-25,2.6911948456886623e-24
RASSF6,-2.3291726476506103,5.433562148173996e-25,2.8307708008932813e-24
HHATL,-2.2615911646348685,5.443103763180379e-25,2.834930409189483e-24
SERPING1,-1.2574350751568222,5.728316995099392e-25,2.9809192184618137e-24
NUAK1,-1.358061279441353,5.764350581685244e-25,2.9979563896690422e-24
PTPN13,-1.462425316605513,5.794127130689485e-25,3.0125820097098173e-24
FAT3,-2.257978819978696,5.847745982188285e-25,3.038724525086308e-24
ZFPM2,-1.7868229139543157,6.003360980403238e-25,3.1186980572568533e-24
EFNA1,1.0362290152680806,6.022390023384911e-25,3.127096234618138e-24
RTN4RL1,-2.3063446206651674,6.022962917415366e-25,3.127096234618138e-24
ADAMTSL5,-1.73126278257782,6.092989856238533e-25,3.162551877761905e-24
ZEB2,-1.47848934785182,6.190305604740127e-25,3.210317177295856e-24
SFRS13B,1.6328133506923903,6.26171606459672e-25,3.2455016379229524e-24
CX3CL1,-1.7329454550834456,6.385406958730617e-25,3.3077280270282703e-24
ZNF608,-1.3574310155047913,6.734619562367185e-25,3.483668084506106e-24
BSN,-1.3927263226417317,6.856064340720671e-25,3.545481227106204e-24
TNFRSF9,2.460914084507042,6.930052589974175e-25,3.5817077596621215e-24
LOC400931,-1.560531015504794,7.1221711612440615e-25,3.679956901735045e-24
SCRIB,1.047637045804235,7.138297755498121e-25,3.687242736757444e-24
TEAD1,-1.0509051130311295,7.376205903994419e-25,3.809051803415898e-24
NXNL1,-1.4598690318380874,7.606551253934715e-25,3.926887478031016e-24
IQSEC3,-2.1530860160965783,7.613063803425365e-25,3.929135254146638e-24
UBE2Q2P1,-1.2972513078470813,7.6731324909055895e-25,3.959014476529321e-24
TRIM63,-1.5608827612735225,7.726635481057569e-25,3.982104916808916e-24
C20orf26,-1.3759339625991251,7.835990832597624e-25,4.0361783001068065e-24
MMP23B,-1.8891951591904377,7.845868040505172e-25,4.04012265746296e-24
MFNG,-1.3675995384069122,7.891629445967212e-25,4.062537635886345e-24
UCP1,-1.7891206237424548,7.956297729431014e-25,4.094670273362531e-24
FOXD3,2.36667035152089,7.994790681811116e-25,4.11331754609971e-24
LSM7,1.082722689075629,8.085549198097701e-25,4.1576624873721026e-24
CGB7,-1.5936073203929464,8.19825070586934e-25,4.2108565913922004e-24
PNMA2,-1.5134186649307608,8.471464395007296e-25,4.34628146511606e-24
XIST,-2.0470589833116346,8.709174229439352e-25,4.4669793885174566e-24
ENTPD5,-1.1084865723754298,8.762342610146768e-25,4.492983733309905e-24
C1orf70,-1.3606406320274593,9.209100975238321e-25,4.7207340200581014e-24
DAAM2,-1.6118178127589093,9.229411914340136e-25,4.729813769052181e-24
GRAMD1C,-1.6463577228074344,9.358502310667704e-25,4.7932700495521725e-24
DRD1,-1.8534757486093028,9.41214578784398e-25,4.818034020700899e-24
VENTX,-1.3131361758788032,9.680253581272732e-25,4.952491735241921e-24
DEGS2,-2.270412912770741,9.744661555341166e-25,4.984042548240383e-24
ST8SIA6,-2.4525583205113017,9.866640086422148e-25,5.045012626211864e-24
CFI,-1.609994685761631,1.0111669683020364e-24,5.168849290649247e-24
CDH6,-1.3316341697242278,1.0147613621161926e-24,5.185766725042407e-24
SLC16A6,-1.6655814593443026,1.0154764759086942e-24,5.187964718205434e-24
RYR3,-2.1503979228311056,1.0206465970858362e-24,5.2129152656435114e-24
ARTN,2.1629828914664464,1.0437372787891031e-24,5.327860259618072e-24
MAN1A1,-1.5706172979050805,1.0782450425481216e-24,5.4978415993006884e-24
TAGLN,-1.7800388921765897,1.1318736545622646e-24,5.764828241185478e-24
LCTL,1.9801809326547515,1.1396724200316797e-24,5.801302310357009e-24
HTR2A,-2.305060776423246,1.1545812149151295e-24,5.8755498616438646e-24
LHFPL5,2.1263354894070305,1.16309237681554e-24,5.917208086968495e-24
NUDT16P1,-1.6125825837377201,1.1828670916619915e-24,6.014449628358444e-24
APBA2,1.828232447626938,1.1951473953307758e-24,6.071802410607343e-24
ZSCAN4,-1.2061472008521714,1.1969985733776408e-24,6.079510332364173e-24
PTGDS,-2.2006163688010414,1.2271194298433085e-24,6.229017005420453e-24
ZNF552,-1.27590632027459,1.246679610907952e-24,6.322781886836092e-24
SIM2,2.0912182506805506,1.2760269744681818e-24,6.466458523453317e-24
SERPINA6,-3.9423192803882126,1.3430074965414972e-24,6.800212923378268e-24
PLN,-2.04360812522192,1.356832866677439e-24,6.868306082349672e-24
LIMD2,1.4847343472600327,1.3634258687221502e-24,6.899761214442396e-24
MUM1L1,-2.3609872055864605,1.3745790145465687e-24,6.954269539130403e-24
TERT,2.0777483548348914,1.4188112281082145e-24,7.176054677758774e-24
BDKRB2,-1.3838507634039532,1.4332675182143262e-24,7.24514541351163e-24
C9orf47,-1.4574742454728362,1.4539916071956657e-24,7.347864860017407e-24
WISP2,-2.692740513670258,1.4878130416058474e-24,7.514611763693463e-24
CCR8,2.1094625221919756,1.7051029713510844e-24,8.604931906710227e-24
SMPD3,-1.5691953071369378,1.761304518002159e-24,8.878711199444283e-24
CC2D2B,-1.1275051011954083,1.8132596751365098e-24,9.135556564215303e-24
MMP9,3.038874014676293,1.888731152262928e-24,9.505273200066927e-24
C2orf84,-1.837269469759735,1.9698675285866598e-24,9.899916792618159e-24
FAH,-1.3497399396378231,2.107631569286307e-24,1.0577672306511898e-23
SOBP,-1.5117115990057997,2.1250259982689636e-24,1.0659092930969949e-23
MIF,1.4540566871819163,2.1804228604254054e-24,1.0933949677224147e-23
WBSCR28,1.6403831104272697,2.2016700535520756e-24,1.1037455242304717e-23
EDA,-1.4965960350337326,2.2089479302778417e-24,1.1067844529272653e-23
KCTD4,-1.5073505207716886,2.2996524430222737e-24,1.1512808971489122e-23
FNIP2,-1.2359682743519933,2.3737314111668244e-24,1.1877139328606295e-23
RIBC2,1.5906484140134922,2.409037161309554e-24,1.2047171276735661e-23
SKAP2,-1.1543701325600697,2.513636250089837e-24,1.2566800510954492e-23
KRT32,-2.0260268789205824,2.519189182847286e-24,1.258764773411176e-23
TLX1NB,2.187385785300035,2.5330814693214413e-24,1.2653590007150987e-23
TMEM25,-1.0847185465735585,2.5342691964393756e-24,1.2656049981559933e-23
KLK3,-2.9133740975263347,2.5476782642587512e-24,1.2716037138552796e-23
LOC148709,1.637960302994437,2.5911430184828858e-24,1.2929434310702843e-23
CDC14C,-1.2220509409397557,2.6234250118131632e-24,1.308692942999041e-23
PKHD1L1,-3.005881311397798,2.6284369396599854e-24,1.310833907195362e-23
SYT17,-1.8254493076103673,2.6966963755959215e-24,1.3437712599225996e-23
MAP3K1,-1.110595378151265,2.7119485062654237e-24,1.3506319742694803e-23
PARM1,-1.5018290152680809,2.7271593193671174e-24,1.3578359160404715e-23
FAM63B,-1.3898975204166186,2.816833949719259e-24,1.402100858264689e-23
KCNJ10,2.1766723044147236,2.8361006476104064e-24,1.410148595696592e-23
NR2E3,-1.18673370221328,2.8373702195965045e-24,1.4103945960490214e-23
DCT,-2.175985436146289,3.1302636187212603e-24,1.5532243679043907e-23
MCOLN2,1.727259657947684,3.241794280835139e-24,1.607474292945847e-23
MPP2,-1.7268060302994437,3.337756985971751e-24,1.6546075821253754e-23
CATSPER2,-1.168257107349981,3.3710640814021984e-24,1.670209022149271e-23
MT1A,-2.2641823825304774,3.432982492490791e-24,1.7004239540356428e-23
KLF6,-1.2045024322405027,3.467884683543467e-24,1.7172444204173482e-23
SHANK3,-1.028144579240145,3.4841451625830626e-24,1.7248271524204376e-23
AREG,-2.6618547461238036,3.537667323889604e-24,1.7498956058902845e-23
CHST11,1.4207672564800555,3.543620078658045e-24,1.7523639307745828e-23
TSSK4,-1.2092924961533909,3.58311404254807e-24,1.771412952648086e-23
BAIAP2L2,2.101650923186176,3.595928975000072e-24,1.777265683734084e-23
CYP7A1,-1.03681339211741,3.624593913487757e-24,1.7909468785889696e-23
ACSM1,-3.010632370694758,3.85638367936658e-24,1.9023781061113782e-23
FAM3B,-2.9908096106048063,3.9132175645050115e-24,1.929891610042935e-23
GIMAP5,-1.476726979524205,4.0136212818152125e-24,1.977800438356316e-23
MRGPRX2,-1.710584820688839,4.115876370139419e-24,2.0265430772423e-23
ACSM2A,-1.30679302284294,4.145994405695641e-24,2.0408203398290358e-23
KIAA1462,-1.2852206770031973,4.272996233711986e-24,2.0999284676635877e-23
RANBP17,1.3191188957273052,4.545945889769505e-24,2.2324094503071692e-23
C12orf70,1.4321993490353897,4.633811840945077e-24,2.2741784022842607e-23
OPN3,1.159282128062495,4.777087506744491e-24,2.3413388229744204e-23
RAB27B,-1.8267007042253534,4.8636431288276174e-24,2.3831196735948622e-23
LOC339290,-1.0675968753698655,4.915102147255948e-24,2.407685801574274e-23
NEDD4L,-1.1132464847910999,4.9450695941198014e-24,2.4210624481377823e-23
LRRCC1,1.0533175760445008,5.022428029165069e-24,2.458275273323252e-23
LOC388152,1.2142028169014072,5.108366108478525e-24,2.4996663514149085e-23
S100P,3.949193395668127,5.131622051788364e-24,2.5103713036469657e-23
EPB42,-2.835412451177654,5.2366288011530184e-24,2.559676532421815e-23
CHN2,-1.5888994910640308,5.337441423873836e-24,2.6082535903026966e-23
AKR7A3,-2.4245254763877373,5.36538368261354e-24,2.6212044867046236e-23
C14orf64,-1.673510598887444,5.4996435042409655e-24,2.685954473003429e-23
CCBE1,-2.0701967984376854,5.5008725349430226e-24,2.685954473003429e-23
IRAK3,-1.6427148538288572,5.561353394977316e-24,2.7147577326031664e-23
CA3,-2.8742395727305015,5.5718442844243016e-24,2.7191496383210604e-23
GYG2,-2.628441572967218,5.784360908221327e-24,2.8198372151138947e-23
CNTN6,-1.8317703515208907,5.827294494778554e-24,2.840006470909077e-23
KCNA5,-1.6347121256953487,5.840135559991627e-24,2.845502880046241e-23
SLC25A25,-1.208501639247249,5.9210582865799904e-24,2.8841590578168467e-23
SPOCK3,-2.3573173511658174,6.0535577022311615e-24,2.947910937766555e-23
GLRA3,-3.6736903420523133,6.199609037790271e-24,3.016651816397282e-23
SMOX,1.2137968990413066,6.207869513468334e-24,3.0198249266078057e-23
IL21R,2.406323328204521,6.28773441692609e-24,3.0562250892204434e-23
MAP6,-1.5984660492365945,6.4512597428698414e-24,3.1340347237646046e-23
PRDM13,2.3192521896082376,6.6130246695641304e-24,3.21090659002603e-23
CDK15,-1.648345644454965,6.641381310158394e-24,3.222955584879052e-23
ISG15,2.326260865191145,6.680065655997412e-24,3.2408644759094053e-23
CXXC5,-1.229828713457212,6.700033317683456e-24,3.2496857575750587e-23
PFKP,1.440489898212805,6.764883847894426e-24,3.280265867960102e-23
SCNN1A,-2.5021340691206104,6.8959757275368e-24,3.341161729261442e-23
SULT1C4,-2.155856858799858,6.902164517806e-24,3.3432703756685103e-23
RPP25,1.2171514853828862,6.934481463573429e-24,3.3580304889977953e-23
BEND5,-1.810416587761864,6.948007120521857e-24,3.3636854684803017e-23
TRPA1,2.085876245709552,6.977139072138542e-24,3.376890787826054e-23
FRMD4B,-1.0326845011243897,7.026881838893864e-24,3.4000619381548375e-23
SMAD9,-1.5601009350218975,7.077191194888453e-24,3.423494853057521e-23
KCNMB2,-1.8846001716179428,8.1116670026236e-24,3.917661832017973e-23
ANKLE1,1.6308708249496986,8.291986878941358e-24,4.003687988259139e-23
DSC2,1.3886316013729427,8.461840495553005e-24,4.0824511672555353e-23
AKR1C2,-3.503397538170198,8.968182822265089e-24,4.324445878508382e-23
PIWIL2,-2.1922597230441463,9.233506319925084e-24,4.450026887519097e-23
CDON,-1.3792005030181098,9.573061975722822e-24,4.6100118292085326e-23
LOC728392,-1.3778473487986735,9.749486424695218e-24,4.6924881382529625e-23
TMEM84,-2.4701694579240168,9.852131081410459e-24,4.7406381727442396e-23
DMRT1,2.1725981891348085,9.981772155390963e-24,4.8004808069902693e-23
PCDHA3,-2.0884892886732156,9.99593617464082e-24,4.80602287868428e-23
FAM171A2,1.8820659486329756,1.0233376519528419e-23,4.917585870775496e-23
CCDC89,-1.3999012309149,1.0423912821379794e-23,5.0078248901445344e-23
GRAMD3,-1.1330759024736636,1.047471328031e-23,5.030902528799022e-23
ZNF677,-1.7348906556988988,1.0486572030860406e-23,5.0352696037391704e-23
FBXO15,-1.5754637826961781,1.0665566437049201e-23,5.118515841118023e-23
GPRC5C,-1.889757006746362,1.090436709413328e-23,5.2317394363338984e-23
ITGA1,-1.3036960291158675,1.1307249635457383e-23,5.419322409537407e-23
FST,-1.6910722866611438,1.1379574637601985e-23,5.452550595637508e-23
CST9,-3.0903078115753337,1.1448107985729934e-23,5.483944991164263e-23
ANPEP,-1.8877695466919153,1.1482487483572421e-23,5.498966578886314e-23
RAPGEF4,-1.2163276423245364,1.1896064626647967e-23,5.692535867478259e-23
PTGDR,-1.3495089951473545,1.2086717482805057e-23,5.780728280070952e-23
LOC100192378,-1.8062471357557113,1.2187938504163441e-23,5.827608210961048e-23
HEG1,-1.176408142975502,1.2251655038070745e-23,5.854998074507791e-23
PFN2,1.202437134572138,1.2295655295224388e-23,5.874483289736732e-23
KITLG,-1.488255888270805,1.2515866749376986e-23,5.97655620248975e-23
CRELD2,1.0313383832406195,1.3056785877912657e-23,6.229952118889754e-23
TRIM47,1.0859752929340765,1.3677596652346431e-23,6.522748018408752e-23
SLC4A7,-1.2120337436383046,1.435075993528085e-23,6.838400081202024e-23
SYNM,-2.1933334891703176,1.466526696623579e-23,6.982784582432385e-23
RRAD,-1.977271594271512,1.511486216696752e-23,7.191213696427333e-23
CD248,-1.6004580187004382,1.5509287563083182e-23,7.371163485921754e-23
TRAF2,1.0216525920227273,1.5846295635887235e-23,7.527403952506663e-23
ZYG11A,1.9508867499112306,1.5996687462166174e-23,7.590920278253672e-23
ALDH2,-1.8848118002130452,1.7084139817188492e-23,8.100614667681222e-23
LOC647946,1.5908726594863305,1.7096505771706866e-23,8.104367045895315e-23
SPAG8,-1.2601298378506334,1.8476550371747706e-23,8.753999125895979e-23
TFRC,1.239540105337909,1.8734790478911695e-23,8.874040881801446e-23
FLG,-2.033540247366552,1.9270257893178098e-23,9.120553937325037e-23
C5,-1.3129760089951468,1.9401631562744522e-23,9.180345706697128e-23
LEMD1,2.548556012545864,1.972662667234856e-23,9.331699202618524e-23
CXCR7,-1.8694306959403484,2.029645406991758e-23,9.590484590297448e-23
KCNJ3,-2.4712814889336014,2.0376702798881096e-23,9.624211755268101e-23
TMEM200B,-1.7824307669546702,2.063446624519803e-23,9.743429028828527e-23
WWC2,-1.3493371759971584,2.1070564865346118e-23,9.944192176403821e-23
PCDHGA12,-1.5557546869451997,2.1487553564893173e-23,1.0133107190200788e-22
TMCC2,1.6479130784708245,2.148325250297787e-23,1.0133107190200788e-22
TRIM34,-1.114222535211268,2.1656034877665358e-23,1.0209914604458495e-22
DRD2,-2.520766694283348,2.2472176404969408e-23,1.059194787932828e-22
PCDH9,-2.423523647768964,2.267835969713919e-23,1.0686362453197637e-22
MPPED2,-2.2776771333885684,2.2936822450963072e-23,1.080535660131679e-22
TECTA,-1.2506586519114689,2.3009843130758658e-23,1.0836951475011637e-22
PMCH,1.191749343117529,2.3452294889295047e-23,1.1033913772805317e-22
MSTN,-1.679959498165463,2.3783075367265787e-23,1.1183759258856604e-22
LRRC4C,-2.160750491182389,2.3948857540204446e-23,1.1258808207756755e-22
FOXP4,1.1122750798911145,2.459794931778084e-23,1.1560972667998055e-22
CTF1,-1.43099183927092,2.5315591257679013e-23,1.1889053345292338e-22
SBSN,3.574358953722334,2.5310689341644226e-23,1.1889053345292338e-22
CDK5R1,1.288439401112556,2.5420489394130152e-23,1.1935237772539366e-22
RAET1L,2.331745887087229,2.5543532882674176e-23,1.1989915654030892e-22
ALX4,-2.5549380459225945,2.5661622193041053e-23,1.2042240494455433e-22
ACTR3B,1.2826812403834786,2.606745156615981e-23,1.2226380336480468e-22
C9orf53,1.1489634157888506,2.6507845639953324e-23,1.242653397332141e-22
LRRC31,-2.4775482009705287,2.7219454807540327e-23,1.2746996034516507e-22
BDNF,-1.7249770564563858,2.870231813587172e-23,1.3424159738624692e-22
LHCGR,-2.4717159545508345,2.917137263586144e-23,1.3633029424662022e-22
SLC22A4,-1.2322694460882957,2.9624852582221066e-23,1.3841406354059806e-22
PRKAR2B,-1.967913646585398,3.0479792939096933e-23,1.4233547226023126e-22
C7orf51,-1.7499580660433174,3.1403963883219696e-23,1.465384143979103e-22
RGL3,-2.2678784471535085,3.1529128502325004e-23,1.4708475810554127e-22
RBP7,-1.9379963250088776,3.192001361595776e-23,1.4887010193473714e-22
SNORD116-4,-2.590406841046278,3.202912059694306e-23,1.4934069729153549e-22
ZNF471,-1.1522846964137763,3.253993149561412e-23,1.5164474475541829e-22
PHF21B,-1.9030709492247595,3.265339247392662e-23,1.520956251798583e-22
GLS2,-1.659488738312226,3.478364140625714e-23,1.617697047823451e-22
STAT5A,-1.121529180968162,3.5871248274418304e-23,1.6665756312895264e-22
NPFF,-1.1296682388448342,3.6817317224956337e-23,1.7092211819583784e-22
APOBEC3B,2.68098131731566,3.710339363981924e-23,1.7220629128649405e-22
KCNK12,1.725409273286779,3.979855472810664e-23,1.8452702285168752e-22
COPZ2,-1.4514019824831346,4.2556399459054875e-23,1.9691259261646564e-22
ZBTB7C,-1.916460581133859,4.4175880971795806e-23,2.0430222594756073e-22
AOC2,-1.8151110723162498,4.490220641352247e-23,2.0750313870153582e-22
SEC14L2,-1.6079874718901639,4.4988016561684925e-23,2.0784692017064739e-22
EPYC,2.8163926796070546,4.5298616946424145e-23,2.092288059568025e-22
ADAMTS14,2.337735004142501,4.641882589113948e-23,2.141855228634758e-22
IFI30,1.6526089951473573,4.6477229392442457e-23,2.1440066057542574e-22
IL1RAPL1,-1.0621446029115873,4.6523784425528185e-23,2.1450669906228204e-22
LRRC32,-1.3769745591194233,4.757803082513974e-23,2.192564291417769e-22
CLDND2,-1.66314708841283,4.8284798963003506e-23,2.224008591911824e-22
C2CD4B,-2.367320463960232,4.8413779400389547e-23,2.229385343853506e-22
WDR65,-1.4142799917149955,4.9104698972311354e-23,2.2606293257283346e-22
GAS1,-1.3104608119304046,5.079373668406059e-23,2.3366145788727697e-22
HAP1,-2.389179470943307,5.1103797774762295e-23,2.3502840598635623e-22
TLX3,2.29441683039413,5.166628231040851e-23,2.375552758010523e-22
PGA3,-2.437050201207244,5.324345488692539e-23,2.4466439918078945e-22
PTHLH,-2.3220543792164747,5.325277973709212e-23,2.4466439918078945e-22
OLFM1,-2.2285836548703992,5.370478891425883e-23,2.466788474908538e-22
PYROXD2,-1.6326375133151858,5.449946645707476e-23,2.502027207864141e-22
ANKDD1A,-1.158023428808141,5.728492080015515e-23,2.6265929806680713e-22
ZBED2,2.3207152680790624,5.831097280128356e-23,2.6729655953204853e-22
C4BPA,-3.1433706829210566,5.976183232186029e-23,2.738783065847993e-22
PAPL,2.454212681974198,5.985325799676591e-23,2.7422825454697457e-22
NPM3,1.1597490353888036,6.105471872897911e-23,2.796625679475608e-22
CLCA2,-3.7987694401704344,6.151371648027499e-23,2.816232849825064e-22
DLX4,1.6163457805657466,6.46154585751247e-23,2.9537799910672905e-22
CGNL1,-1.328162936442185,6.86285204694562e-23,3.1356550153250785e-22
DKFZp779M0652,-1.5348178956089475,6.932580898294771e-23,3.166719450229855e-22
SCN2A,-2.492154438395077,6.953292353367262e-23,3.17538335946674e-22
UMODL1,2.45222620428453,7.164780465926253e-23,3.2703234408539513e-22
TACR1,-2.469805900106521,7.203241228511477e-23,3.2870544016694513e-22
MBOAT2,1.1680767368919405,7.354007198876237e-23,3.355012356920906e-22
DLL4,-1.107947733459583,7.484309084339115e-23,3.4118927689011996e-22
CPS1,-2.3179451236832778,7.49886708227523e-23,3.4176734476378576e-22
EFCAB4B,-1.863371067581964,7.505102860953978e-23,3.4196592585217836e-22
GPR162,-1.4975563025210077,7.691747117487991e-23,3.502949031264296e-22
EGF,-2.926512480766953,7.790286515790062e-23,3.5469381052257753e-22
CTXN2,1.2552460882944727,7.912277139392965e-23,3.6006795192092536e-22
RIPK3,-1.3681098946620898,7.911603074915059e-23,3.6006795192092536e-22
KRBA2,-1.1245654396970064,8.012051937880535e-23,3.6451732423204047e-22
PCDHA10,-2.3371366433897496,8.179846392421702e-23,3.719653856638827e-22
DLL3,2.393593514025328,8.260959332673618e-23,3.7556004678485985e-22
NLGN4Y,-1.048457314475086,8.394125723547517e-23,3.8151877789197366e-22
GATSL3,-1.0325536454018236,8.402304373570549e-23,3.8179517351998182e-22
SYN2,-2.554408048289739,9.064509383980642e-23,4.1116686846897495e-22
CASQ1,-1.6752549769203453,1.013238374857808e-22,4.585772784071775e-22
TCF21,-1.6882915433779146,1.0255013598381967e-22,4.638966514198482e-22
AGXT,-1.4550504615930875,1.0264466011991907e-22,4.64208881531152e-22
PACSIN1,1.80260466919162,1.085689273590204e-22,4.908793305306131e-22
AMIGO1,-1.1473991359924236,1.1137909015795232e-22,5.033350491919578e-22
IQCA1,-2.0767636525032556,1.133103554846773e-22,5.118085362003924e-22
IFITM2,-1.2518871404900018,1.1470781809009904e-22,5.17863693624522e-22
C7orf13,1.44327845307137,1.1504630526666255e-22,5.192630535008823e-22
HIST1H4E,1.3895571014321217,1.1528210194145018e-22,5.201983395240995e-22
MTP18,1.0308629246064607,1.1810027098906093e-22,5.3265094965656e-22
RELL2,1.3952882234583974,1.2044269188814533e-22,5.429465875284571e-22
LIMCH1,-1.4029316368801048,1.2194814586868085e-22,5.49460915655346e-22
CELF2,-1.5051881701976555,1.2274330091220693e-22,5.529067821096022e-22
WDR17,-2.2632307847082487,1.273064356583669e-22,5.72894696734055e-22
ANO5,-2.250119866256359,1.2743872000074676e-22,5.7334825016648375e-22
KLHL31,-2.133160971712628,1.280727616428327e-22,5.759161265277874e-22
SGCA,-1.7929114155521366,1.3168472970182737e-22,5.918659592005836e-22
RCAN2,-1.2087751331518515,1.3651571547777211e-22,6.129737466309536e-22
LRRC18,-1.1351632915137888,1.368101941173819e-22,6.141445039503583e-22
CLEC7A,1.8428457391407242,1.4170880676693312e-22,6.355076150723044e-22
NAP1L5,-1.3709952420404772,1.431502317127998e-22,6.416556680295727e-22
KCNIP4,-1.0618817256480049,1.5033158706585143e-22,6.730166943826103e-22
PDZD4,-2.1802149189253184,1.509335248921408e-22,6.755453537279663e-22
SDF2L1,1.1909915966386553,1.509780719546375e-22,6.755786243338905e-22
HIST2H2AA3,1.736515563972068,1.5756250175391542e-22,7.046953856084821e-22
ABCD2,-2.5414084802935264,1.5898094136722418e-22,7.108646710163552e-22
LYST,-1.033274801751686,1.6125705677614083e-22,7.208649814577828e-22
MAPK10,-2.4060686590128997,1.618886255377659e-22,7.2351059431965445e-22
DLX5,2.682055296484792,1.63577315265349e-22,7.308782203669976e-22
NXPH4,2.2261509468576186,1.6994177863681568e-22,7.581985775798911e-22
AMPD1,-2.3515062551781276,1.738312255473482e-22,7.751714352372315e-22
FSD1,2.4521108296839857,1.7432659253352684e-22,7.7719004748660035e-22
AGAP5,-1.0045159545508344,1.7713196224439945e-22,7.8950369949432e-22
HSD17B8,-1.4214524499940824,1.7852217052886015e-22,7.955052803272562e-22
SPDEF,-3.0873282400284063,1.7994039763560334e-22,8.016287464906724e-22
MT1M,-1.9517011717363006,1.827372621328971e-22,8.138894990470091e-22
IGFBP1,-2.570905533199195,1.867587764107318e-22,8.313939855721572e-22
ZNF396,-1.0026069949106393,1.937826304823383e-22,8.622403379784902e-22
SLAMF8,1.770244194579238,1.9475749360433265e-22,8.663662404886773e-22
AQP9,2.614507397325127,2.0240618399885222e-22,9.001709668534344e-22
SLC6A8,1.0105287193750723,2.0510683643618204e-22,9.119589017215002e-22
HIST1H3D,2.2215604746123803,2.0676628825334582e-22,9.188883654969859e-22
SYT15,-1.7783127470706592,2.0877037935200831e-22,9.275654660593085e-22
VEGFA,1.1217187063557823,2.1275125196294545e-22,9.447941057529876e-22
NR4A2,-1.7667566635104768,2.2296600857523478e-22,9.894320463420279e-22
CYSLTR1,-1.5161811871227355,2.236687232089712e-22,9.920667077419355e-22
GNMT,-1.8945177003195646,2.261115095074108e-22,1.0026572003808524e-21
XIRP1,2.448007716889574,2.262713011645545e-22,1.0031214065022858e-21
IGF2AS,-1.6171912770742098,2.3023088640752287e-22,1.0204267896947014e-21
ZNF484,-1.0224380163332905,2.312540752756815e-22,1.024712252250056e-21
PKNOX2,-2.0955477867203225,2.342870082466116e-22,1.0376463287379735e-21
ADAMTSL1,-1.5675393241803777,2.3656013733338793e-22,1.0474590561614353e-21
GEFT,-1.021096437448219,2.3787125345191224e-22,1.0530083722240172e-21
FHOD3,-1.5530742573085563,2.4385835386915124e-22,1.0792496025966837e-21
IKBKE,1.2384297727541718,2.570266748126667e-22,1.1366998449015966e-21
CCDC30,-1.0920083086755819,2.5775390466218443e-22,1.139639136887477e-21
MPV17L,-2.096058971475914,2.611723776164386e-22,1.1544732369480408e-21
DEPDC6,-1.4014210202390789,2.632449539877169e-22,1.1630698780190316e-21
HOXA9,-2.1866234228902828,2.652490527065012e-22,1.1716400161165838e-21
DUSP5,-1.2343115043200399,2.6570482693550214e-22,1.1733685018697102e-21
LOC648740,-1.305214788732394,2.6706214143475956e-22,1.1787905335928535e-21
FOXD1,2.580053497455321,2.687061102510999e-22,1.185759351491096e-21
MEIS1,-1.3412688957273033,2.770178418691598e-22,1.2221414870441873e-21
LOC648691,1.3550714995857502,2.8310304443373143e-22,1.2480805807283152e-21
SLC15A1,3.048611800213043,2.8973493146076805e-22,1.2770084642567461e-21
TRDN,-2.967397011480649,2.981741021885277e-22,1.313568049888134e-21
TMPRSS6,-1.9710941117291987,3.005297408031096e-22,1.3236251807014286e-21
BCL6B,-1.1099925434962703,3.202651056952979e-22,1.4102045764323917e-21
INGX,1.1023021245117763,3.216839571558744e-22,1.4157671837786223e-21
HAGHL,2.01260874067937,3.2862958848115113e-22,1.445636635843981e-21
CUX2,-2.60559304651438,3.332038501874015e-22,1.4650506485413695e-21
HOXB13,3.4373470706592486,3.334220780010034e-22,1.4656561424419862e-21
TNS4,-2.9525159841401347,3.3903913311315447e-22,1.4896281293890299e-21
ST3GAL4,1.2539858740679364,3.3957015613390613e-22,1.4908817057659174e-21
CNTFR,-3.009169511184755,3.5088440186723465e-22,1.539442942200355e-21
PKD1L2,-2.4881325659841402,3.5281110488121967e-22,1.547523022205504e-21
CAMK2N2,1.6112752100840333,3.722825077362522e-22,1.6321431811953273e-21
RASD2,1.8352802757722815,3.7492037542566723e-22,1.6433122065671611e-21
SH3RF2,-2.02326632145816,3.7699385502982004e-22,1.6520026825006775e-21
HAR1A,-1.3195066161675943,3.7893502683655157e-22,1.6601093365838143e-21
EML5,-1.214422257071842,3.9583384387709803e-22,1.73330850615704e-21
LMO4,1.2316167061190662,4.0060058503642907e-22,1.7537596078446653e-21
C17orf93,2.015342786128536,4.0385473268415707e-22,1.767580596068697e-21
SLC38A4,-1.9204428512249967,4.2070862727952546e-22,1.839135240722671e-21
JAKMIP3,-1.9095322937625747,4.252458247295241e-22,1.8580772317694495e-21
NPHP1,-1.1145321162267727,4.325527908529025e-22,1.8895508643857415e-21
ACO1,-1.2889700497100254,4.361272414241343e-22,1.904708295499884e-21
PPP1R15A,-1.0284130725529668,4.36907610776661e-22,1.9076587284642748e-21
SNX22,1.3572794946147457,4.379036100460041e-22,1.9115490200641278e-21
TMEM204,-1.0481384956799609,4.440386819802752e-22,1.9374007977197865e-21
ODZ1,-2.3407929577464786,4.450861087856934e-22,1.9415054968190694e-21
CCDC28B,1.3238181027340508,4.518900585364234e-22,1.9697688542956215e-21
LOC115110,-1.223612865427861,4.594624062562473e-22,2.0013386410821892e-21
COL25A1,-2.080217031601372,4.660781449616517e-22,2.0296699695542933e-21
BACH2,-1.4501152858326423,4.673169181187346e-22,2.0345778188269136e-21
GPR37,1.3233365191146884,4.718694303847472e-22,2.0539070400032406e-21
THBS4,-2.558832560066281,4.725417933584033e-22,2.056341923142007e-21
NFIA,-1.6253203160137328,4.80652905406453e-22,2.0911388234019273e-21
ZNF703,-1.4539901171736291,4.998753236506967e-22,2.1726911452754614e-21
NOXO1,2.028251230914901,5.088434419397457e-22,2.2095603944726123e-21
FAM108C1,1.0686900875843293,5.19538221090445e-22,2.254924711137189e-21
CCDC64,1.6467199727778423,5.241513810953562e-22,2.2744046698638308e-21
PPP1R16B,-1.7231207894425395,5.268539277793326e-22,2.285586760573687e-21
NLRP1,-1.3783698189134812,5.743616404978191e-22,2.4893107004718577e-21
NLRP13,-1.532711687773701,5.935309282785246e-22,2.5705551956826037e-21
ACMSD,-1.221976512013256,5.999691989157293e-22,2.5978209628599e-21
KDELR3,1.2964562610959867,6.004875231219355e-22,2.5994469401637552e-21
JPH1,1.466157314475086,6.267466203628356e-22,2.710541394740959e-21
SAA1,-2.9545646644573313,6.316091100046342e-22,2.730921764706498e-21
LPPR4,-1.1867041898449529,6.336510611096865e-22,2.7391000392732425e-21
RPLP0P2,1.3961053734169715,6.369915260336103e-22,2.752886217566431e-21
CYP4F8,-3.2394405787667186,6.385552656477075e-22,2.758989200233852e-21
ZDBF2,-1.7760770742099652,6.429496227442355e-22,2.777316559756364e-21
LOC283731,-1.3731021304296374,6.657822773735519e-22,2.873218301334937e-21
SULT1A1,-1.1799380755118953,6.769319170336089e-22,2.9206427318707707e-21
FN1,2.0512571132678374,6.899647675877519e-22,2.9747580919942795e-21
SERPINB7,3.1983237010297065,7.549248791069237e-22,3.2517504908621233e-21
NEUROG2,-2.479112244052551,7.674568151182067e-22,3.304166604918807e-21
LPO,2.2525775358030526,7.780938109357558e-22,3.3491704044605256e-21
HRK,1.4916291454610016,7.993922401761783e-22,3.440032375396448e-21
DMRT2,-2.332658634157889,8.012251234135727e-22,3.44710492117638e-21
SLC7A10,-3.3838856787785545,8.025814881463015e-22,3.452124486939302e-21
PDGFRB,-1.1569122618061307,8.093411822639901e-22,3.4803774015476995e-21
FSTL1,-1.3172587939401073,8.139319259280586e-22,3.499292122736998e-21
ZNF167,-1.028014250207126,8.289742201190033e-22,3.561439161865994e-21
GLB1L3,-1.9358755178127591,8.34323751700358e-22,3.583576038745072e-21
PMP22,-1.2394849745532,9.046705646437607e-22,3.8820646601156e-21
SARM1,-1.2984627529885202,9.328574754613037e-22,4.001132098450073e-21
PLP1,-3.070303379098119,9.83505031762791e-22,4.213401292816682e-21
RARRES2,-1.567960403598061,1.0127448288610394e-21,4.3366252928152194e-21
CCND2,-1.362989910048526,1.0161159131948432e-21,4.3500371514312635e-21
GATA3,-2.1954006213753114,1.0275595177152428e-21,4.397993393127337e-21
FOXP2,-2.277459610604805,1.0668697704484337e-21,4.561952180284905e-21
DCHS1,-1.2058801396615042,1.0710344173066817e-21,4.578684710717127e-21
DHH,-1.4700681678305123,1.1015003980492728e-21,4.7056117685263826e-21
ZSCAN18,-1.042108030536161,1.124220715919895e-21,4.801546150138397e-21
RGS9BP,1.3720616345129604,1.1396420601244934e-21,4.862846793353529e-21
RASSF9,-1.683329642561251,1.1567901492305179e-21,4.9348608123841376e-21
CRHR2,-1.1123150609539594,1.1980859491016444e-21,5.106241754038219e-21
OPRK1,2.669038898094449,1.2099592702971399e-21,5.155638716577443e-21
SNHG3,1.1477052077168892,1.2132655561940552e-21,5.167734770613252e-21
HMCN1,-1.787958864954435,1.2133658413229159e-21,5.167734770613252e-21
BCHE,-2.4536298378506323,1.2338057435955436e-21,5.2523306713446404e-21
CCDC141,-1.739928808142976,1.2772212951934058e-21,5.4358801113877875e-21
C14orf174,-1.1341309740797727,1.283185648208918e-21,5.459987927617329e-21
EMP1,-1.4316013374363852,1.3082088025882299e-21,5.563860942409708e-21
GFRA2,-2.169824843176707,1.3429358110935996e-21,5.7088885028810816e-21
C6orf155,-1.8544731388329962,1.3569023580193132e-21,5.765568072601671e-21
NIPAL4,2.2290598236477694,1.3574205520857312e-21,5.766423876223236e-21
TMSB15A,2.4283581903183817,1.4565023518387154e-21,6.180119419701664e-21
DDX11,1.2032238963190913,1.500591219133699e-21,6.364226924951241e-21
NBPF3,-1.1142014972186072,1.5799487695278015e-21,6.696113492832263e-21
ZNF843,-1.1358732335187605,1.5816792636463407e-21,6.701887252363673e-21
GPBAR1,-1.8925780151497213,1.61198106555093e-21,6.825515546923372e-21
SPP1,2.269941626227954,1.6546682430848518e-21,6.99812407734051e-21
CYYR1,-1.432314433660789,1.6721829091072799e-21,7.070556444710759e-21
HOXC13,2.1260555095277525,1.6825762159043297e-21,7.111199177642562e-21
RORA,-1.0977116818558432,1.7085570823937762e-21,7.21597785865752e-21
MSX1,-1.3754209018818795,1.7098657449865516e-21,7.219829774064067e-21
HIST1H2BF,1.4028716120250921,1.7118523865151463e-21,7.226541973964566e-21
CLIC2,-1.2759594212332832,1.7138769902953663e-21,7.233411280859391e-21
PMAIP1,1.2404180613090299,1.7428423788556386e-21,7.353954525338245e-21
LRRC45,1.1403818913480919,1.7573478055386513e-21,7.413441970850537e-21
IL1F5,2.0996243519943185,1.785842372592306e-21,7.531901924999478e-21
MDGA2,1.9816042016806727,1.850608215313809e-21,7.801440792810854e-21
SCN5A,-1.8925478399810616,1.8980591223575202e-21,7.99591997321776e-21
TFPI2,-2.6908696768848372,1.9131326667965564e-21,8.057555283132281e-21
HIST1H2BL,1.0056534205231389,1.9356153551729057e-21,8.150360006988758e-21
IQCG,1.07127384305835,1.9596679298915665e-21,8.249730649356195e-21
LOC619207,-1.2614858326429164,2.066850822492205e-21,8.694912299936585e-21
TTC25,-1.3253359805894211,2.076214433918931e-21,8.732285429904415e-21
CYP4V2,-1.0237588531187072,2.079507982133183e-21,8.744117301633247e-21
MYL7,-2.514326446916795,2.1488319045804995e-21,9.03144473772312e-21
BCL11A,1.5489420463960224,2.1690530849298166e-21,9.114329017769494e-21
GYPE,-1.3234514794650267,2.1754863558101567e-21,9.13714308602037e-21
PLEKHA4,-1.3960288377322758,2.2397443526018726e-21,9.402690602032262e-21
CPO,-1.2547188306308446,2.271646202303148e-21,9.530024388228671e-21
CAPG,1.1147708308675597,2.2894595398140395e-21,9.602541936229253e-21
RELB,1.134602000236713,2.347156130492489e-21,9.840000700910818e-21
NKAIN2,-1.8577503609894666,2.3539258699147487e-21,9.866109281615973e-21
CBX8,1.018122677239914,2.3886296985280182e-21,1.000926022152521e-20
BCO2,-1.1745981003669073,2.40330087990856e-21,1.0068420234056507e-20
ACSBG1,-1.4621153035862227,2.483699411041501e-21,1.040284868366048e-20
TMCC3,-1.188465392354125,2.6571947966359068e-21,1.1109075995214382e-20
C5orf46,2.2637745354479817,2.677004106749883e-21,1.1189323939189006e-20
KCNJ13,-1.4347202509172685,2.7010438521942523e-21,1.1284622731579521e-20
SLC12A2,-1.5853597348798676,2.720781867402657e-21,1.1361870229945071e-20
AKR1C3,-2.173421931589534,2.743962731389599e-21,1.1456044403551575e-20
PRUNE2,-1.856106722689077,2.92678647793657e-21,1.2210931528278566e-20
PCDHA6,-2.2202608888625877,3.0305054247689116e-21,1.263786718145899e-20
PPAN,1.1115772694993469,3.0335608598200122e-21,1.2647711482204234e-20
PPP2R2B,-1.5401823884483363,3.07421930530732e-21,1.281429219475822e-20
CDH20,-2.078858515800685,3.0835907070284524e-21,1.284747119250147e-20
KLHL14,-2.003477914546099,3.1091914383626955e-21,1.2951169737417882e-20
NR4A1,-2.093866422061783,3.124075813243499e-21,1.3007216840912949e-20
MSLN,4.331038673215766,3.1303447235131462e-21,1.303033729753254e-20
DBC1,-2.870533666706118,3.1700650999287474e-21,1.3192660039781205e-20
DPP4,-1.8800267191383595,3.3131343500823282e-21,1.3778611965855294e-20
HGD,-2.733023505740325,3.3400025267269284e-21,1.3881668860506076e-20
ODZ3,-2.017213504556752,3.3402026923593152e-21,1.3881668860506076e-20
BGN,1.6814842703278483,3.4263868858660064e-21,1.4230098216613945e-20
FOLR2,-1.9272948100366918,3.450296822654208e-21,1.4326129804464996e-20
NRP1,-1.083089661498402,3.697267547985766e-21,1.5316650244875944e-20
PCSK1N,2.775157634039531,3.721313564439534e-21,1.5412757864275958e-20
KAL1,-1.5943725529648471,3.768396060737901e-21,1.5597115391908143e-20
FAT2,-2.174662498520532,3.8342950842002406e-21,1.5862653049476587e-20
HTR7,-1.4272198899278017,3.835326984262635e-21,1.586331676767388e-20
RB1,-1.0882002781394267,4.003105561964855e-21,1.6553505348579342e-20
BHLHE41,-1.4826034856196006,4.146551640917637e-21,1.713889180736234e-20
BCL2A1,2.0349709728962013,4.252568923422489e-21,1.7565126415488895e-20
MORN3,1.8602410995384067,4.293814495431154e-21,1.7731466710601928e-20
NFATC4,-1.1139950053260748,4.333108926399506e-21,1.7889676068779816e-20
MIOX,1.0749377855367497,4.350579136077723e-21,1.7957730615424672e-20
GARNL3,-1.2870978103917627,4.380788712935174e-21,1.8078326216630915e-20
DHRS2,-3.66548544798201,4.4724712124829874e-21,1.8448310328762253e-20
CXADRP3,-1.4249357912178957,4.5338430634313165e-21,1.8688755725462014e-20
SCGB2A1,-3.164948479109955,4.6422103837094564e-21,1.9126789410290456e-20
ERAP1,-1.018625174576874,4.6956378108999114e-21,1.933816630583961e-20
HOXB4,-1.5287055391170528,4.722251706310008e-21,1.9443372044777444e-20
SSC5D,-1.6258929636643416,4.8287802152193716e-21,1.9873001640885872e-20
KIF26B,2.0148179133625286,4.854242616892311e-21,1.9973277205083802e-20
PI15,-2.727364699964488,4.9515799725486584e-21,2.0364575291528067e-20
CCDC148,-1.4488465617232813,4.981917846290801e-21,2.0480092718164286e-20
FLJ34503,-1.346997342880814,5.01021672884839e-21,2.058712756551405e-20
WDR27,-1.0598136288318152,5.04228925253945e-21,2.07142386061782e-20
TM7SF2,-1.6497847319209384,5.062124875342619e-21,2.0786343132384774e-20
SAMD4A,-1.3437768256598375,5.2128535602939325e-21,2.1385975514543713e-20
NOVA2,-1.0471249674517695,5.340282193203581e-21,2.1898886407498263e-20
C6orf186,-1.4585450112439342,5.376156332737367e-21,2.204103011820232e-20
ELAVL2,2.4859510237897973,5.451432752068058e-21,2.2344613912608614e-20
C11orf87,-1.5843556278849569,5.507790336999952e-21,2.256545296070451e-20
GRM8,1.451698721742218,5.5509923527415445e-21,2.2737334337748498e-20
FAM55D,-1.2792610131376496,5.696305983097327e-21,2.3311568752320288e-20
CCDC39,-1.272287087229257,5.701656469374031e-21,2.332822043425837e-20
NEK5,-1.4442754645520188,5.720877763981166e-21,2.3401604030954868e-20
SMPDL3B,1.5755343768493306,6.0259949511770514e-21,2.4627567601319233e-20
MALAT1,-1.0335332820452123,6.032206419675908e-21,2.464230331371252e-20
DLEC1,-1.4787961711445137,6.0323080572379825e-21,2.464230331371252e-20
LOC643763,-2.0724382352941184,6.05293533594468e-21,2.472101905321988e-20
ZNF93,1.045628695703635,6.2003407150551386e-21,2.5306009425145446e-20
KISS1,1.2582113859628357,6.339294814082442e-21,2.584995150106243e-20
FMN2,-1.9039368505148535,6.357556179331219e-21,2.5918610331996903e-20
ACSL1,-1.7094771452242874,6.6731931648112345e-21,2.718713858080996e-20
GALR1,-1.1491561664102259,6.7541740868606845e-21,2.7500730874949627e-20
MAOB,-2.42018188543023,6.789268181861925e-21,2.7635297118611945e-20
HOXB2,-1.482632252337556,6.832023560494877e-21,2.7803113094497706e-20
TAP2,1.1464786661143354,7.151578059034606e-21,2.909054199075015e-20
EPHA3,-1.7639138655462165,7.212179267177071e-21,2.933049579991605e-20
ICAM2,-1.0151867972541115,7.21454240390095e-21,2.9333552686667185e-20
MMD,-1.7534154456148663,7.359738250819507e-21,2.990386504010435e-20
TRO,-1.5835888625872911,7.730897855991305e-21,3.136993617311853e-20
RGS7BP,-2.056124168540656,7.741044311557189e-21,3.140410733302329e-20
PGLYRP4,2.1500534146052783,7.851752583555843e-21,3.183904038281733e-20
C10orf10,-1.3897784116463487,7.87862827398086e-21,3.1940906563758043e-20
HOXD10,-1.4395403538880336,8.023390019043145e-21,3.250606911120463e-20
GBP5,2.3623144750858085,8.313878480787518e-21,3.366048264808167e-20
GABRA4,-1.791924482187241,8.676175142082821e-21,3.511169766814886e-20
KCNG1,2.4882832228666114,8.856993641208915e-21,3.5835486830612554e-20
LMX1B,-2.142695135518996,8.89654914552676e-21,3.598752979911636e-20
PANX2,1.8192210498283812,9.00852275635321e-21,3.640811272955095e-20
KLF8,-1.4510666765297655,9.133673775904437e-21,3.6905718921817643e-20
ATP8A1,-1.295262782577817,9.169689564213346e-21,3.704302244504561e-20
TOP1MT,1.0776527873121076,9.253390940198808e-21,3.737285894928753e-20
PCDHB7,-1.777382713930642,9.282910397955793e-21,3.7483766187663994e-20
RBM24,-2.1012266540418976,9.67328772227236e-21,3.9025455764300484e-20
LRIG3,-1.0512281630962264,9.696207227389958e-21,3.9109253303828804e-20
ARHGAP36,-3.7190889572730494,9.823344876389446e-21,3.960450648613889e-20
LOXHD1,-1.3306415907207956,1.0068926842688422e-20,4.0567657219446066e-20
SGK1,-1.2246098058941843,1.014577570882235e-20,4.086823527941873e-20
FLJ11235,-1.1266637826961774,1.0198916405284235e-20,4.107320250561702e-20
SNORD1C,1.001174227719257,1.02990112519005e-20,4.143963347001432e-20
ELOVL2,-2.2950637412711563,1.0430422583285184e-20,4.1949841423672164e-20
PGAP1,-1.1660559119422418,1.0508097562474988e-20,4.2252904777939517e-20
RALGAPA2,-1.3913743993371996,1.0635309911588462e-20,4.274553904187343e-20
ANXA1,-1.325860829683986,1.0885574767661845e-20,4.374174779155597e-20
LGI1,-1.4417539057876672,1.2391735370424796e-20,4.9739086868322506e-20
CLEC9A,-1.5769334004024143,1.2501535572581976e-20,5.016875044702595e-20
SIX3,2.8641459640194107,1.2893210080000013e-20,5.171773977219926e-20
ZNF853,-1.3266115279914787,1.3001319207612578e-20,5.211693757678304e-20
TMC3,-1.6282845129601136,1.3111877544124611e-20,5.252541966014531e-20
PTGIS,-1.760913995739143,1.3298199235764598e-20,5.326009256075313e-20
ITIH4,-1.3795552313883315,1.4190453019851072e-20,5.675869398381654e-20
TGFB3,-1.1108800864007566,1.427004837135797e-20,5.706451900347739e-20
SYT1,-1.8208818854302269,1.483591531359777e-20,5.927641283532627e-20
ASPH,-1.0237834004024151,1.5199030969910997e-20,6.06727984090548e-20
TPSAB1,-2.3055411291277075,1.521731844631115e-20,6.073248140280681e-20
OASL,1.9538103325837373,1.5768151244553952e-20,6.288949542169492e-20
PRPH2,-1.492098118120487,1.5795149996308096e-20,6.298337686370127e-20
MLLT11,1.5176441117291999,1.619797875255288e-20,6.457551625771355e-20
TCN1,-3.655219268552492,1.6630488313793398e-20,6.625624398686391e-20
CST1,3.6631968280269858,1.725840831848428e-20,6.874284608782699e-20
FLJ42289,-1.2464924606462309,1.7612207457987743e-20,7.012139377903562e-20
PRSS33,3.134034388685051,1.8445290184714967e-20,7.335801119343819e-20
ALDH3A2,-1.0899410817848274,1.855749659337378e-20,7.378814121651003e-20
C14orf50,-1.5724612498520538,1.8805704509313703e-20,7.475873316947748e-20
KIFC2,1.262676162859509,1.9344151022999958e-20,7.684888281791101e-20
KIAA1324L,-1.690441046277666,1.942709531153482e-20,7.716155704906575e-20
WASF3,-1.414448118120486,1.9487727579142672e-20,7.738549413680935e-20
SORL1,-1.273108705172211,2.0523770572474155e-20,8.144630384363354e-20
TPSB2,-2.3041900757486076,2.09902035131615e-20,8.326098813468703e-20
VANGL2,1.3278232098473204,2.1114858854022174e-20,8.37189666128873e-20
FLJ26850,-1.1135792460646239,2.1232094557002128e-20,8.416546542271554e-20
C19orf69,-1.0110385548585632,2.158487143184396e-20,8.550803366133963e-20
TMEM170B,-1.2809577168895743,2.1838905417458494e-20,8.647674468435872e-20
ACAT2,1.0103096757012668,2.1953665330996622e-20,8.691225968249925e-20
CNTN4,-2.042146751094803,2.266531028114043e-20,8.969057457556504e-20
STRA8,1.5731340395313054,2.2772622703910893e-20,9.009564248626169e-20
CDH17,-1.2699809208190318,2.2826949034667592e-20,9.029095029944681e-20
BCAR3,-1.0789035329624763,2.2909715195899925e-20,9.059864125808524e-20
RLTPR,2.1811055095277547,2.465913086305509e-20,9.747451880568768e-20
IL17D,-1.5213591135045568,2.546210585973375e-20,1.0051761287458979e-19
SOD3,-1.9297205408924114,2.551482638902197e-20,1.0068206910023129e-19
P2RY13,-1.6270180849804712,2.7275918547840265e-20,1.0749156642700505e-19
GLYCTK,-1.090450792993253,2.8338722883126685e-20,1.1165579494405954e-19
HPGD,-2.5418117232808592,2.879325826696748e-20,1.1332403896942898e-19
RSPH4A,-1.2459972837022137,2.9201764914455765e-20,1.149069880540074e-19
UGT2B4,-1.8337933305716647,2.997186937970035e-20,1.1786086375430663e-19
BICC1,-1.6669857616285961,3.0428926299741423e-20,1.1958068770168246e-19
BMP8A,1.4779546632737608,3.0478617924311804e-20,1.1972427321455496e-19
CYP3A4,-1.3858918806959406,3.099479769430261e-20,1.216993749847693e-19
OR52N4,-1.06074768019884,3.1673190115235154e-20,1.2433622593651618e-19
SEL1L2,-1.6987985323706947,3.3154801708496546e-20,1.3006828782322472e-19
HIST1H3H,1.9066199727778432,3.447803359766635e-20,1.3514290387130073e-19
SLC16A1,1.2379770801278234,3.4736978584461675e-20,1.3612857291129298e-19
NMNAT2,-2.0640215587643516,3.573991894181893e-20,1.4002878702064787e-19
GJB3,2.2144214463250087,3.643009197931591e-20,1.426714639198553e-19
CLEC6A,1.485464285714286,3.643002775372388e-20,1.426714639198553e-19
RASA4,-1.0446963486803176,3.6617509807114864e-20,1.4337460335962828e-19
TMEM45A,1.514444857379571,3.6866878488437663e-20,1.4431995465054426e-19
P2RY6,1.598723109243699,3.7364763564032926e-20,1.4623753841240408e-19
C6orf174,-1.5853161320866374,3.738349334938791e-20,1.4627939153888825e-19
SLC16A5,-1.1298888507515672,3.818830655402911e-20,1.4933227587604552e-19
MAP1B,-1.1971526275298885,3.8958413795035464e-20,1.5231099791903578e-19
C4A,-2.2200219256716753,3.900391055297223e-20,1.5245612707660584e-19
CCRL1,-1.695168996330925,3.919452360107896e-20,1.5316829392667243e-19
LAG3,1.9379920996567641,4.033996165945068e-20,1.5761071519359965e-19
KIAA0040,-1.0167927447035154,4.037542397272659e-20,1.5771541686170432e-19
LOC285629,1.8809307906261103,4.057302198882706e-20,1.5845327596280175e-19
HMGCLL1,-2.0147979050775233,4.137039720782064e-20,1.6153267704289128e-19
FGL2,-1.6128007456503717,4.1564509193934114e-20,1.6225579259214728e-19
ALOX15B,-2.9934177713338856,4.161289948007965e-20,1.6240986475898153e-19
NOD2,1.3317366848147705,4.170914443430559e-20,1.6275060153004603e-19
CCKBR,2.8590282281926855,4.1746266171476316e-20,1.6286054074568868e-19
LOC100129534,-1.1508947745295295,4.206065058302875e-20,1.6405185827359595e-19
LOC441869,-1.4929754527162986,4.228607797581261e-20,1.6486045778404733e-19
TM4SF18,-1.4653625162741175,4.25832025303739e-20,1.6594777042611776e-19
TSPAN5,-1.4876393478518164,4.306446380533109e-20,1.6775143048329593e-19
RFX8,-1.1899193099775123,4.4797377301880383e-20,1.743525035334891e-19
DGCR5,1.874233690377558,4.495435310682776e-20,1.7492605592210043e-19
PCDHB13,-1.2750520890046166,4.625886695593858e-20,1.7984838855167665e-19
IGSF1,-2.862941105456267,4.6299337891536865e-20,1.7996729610071442e-19
HUNK,-1.839517191383595,4.631991923074289e-20,1.8000885776200102e-19
GOLGA9P,-1.1241830275772284,4.706064266040037e-20,1.8284842654157265e-19
CLDN6,2.7738333589773942,4.753272500629807e-20,1.8464323373658636e-19
FAM166B,-1.9847640253284409,5.3086765628375e-20,2.0577904487506602e-19
FER,-1.1653074742573084,5.951863260876741e-20,2.3036735474747887e-19
PHGDH,1.2405115990057993,6.024517713829313e-20,2.331298808351084e-19
AIM2,2.146622937625756,6.168648276051237e-20,2.3860583206323987e-19
C2CD2,-1.1033070244999426,6.204964428701728e-20,2.3990859705959545e-19
ANGPTL5,-2.1704229968043554,6.351278867622323e-20,2.454614208648177e-19
C2orf73,-1.087857622203811,6.71734810902416e-20,2.5927881176540884e-19
KCNJ11,-1.6077038051840438,6.725973394152438e-20,2.5950168226739475e-19
CYP11A1,-1.9974459462658314,6.742622705058742e-20,2.600889194748554e-19
WT1,2.6205697183098584,6.77453683249393e-20,2.6120926490550096e-19
LIMS3-LOC440895,-1.1722301692507995,6.925662011663078e-20,2.6692319626996187e-19
C1QTNF4,-1.467683323470233,6.961815534314525e-20,2.682597971446386e-19
GJA1,-1.1897702035743851,7.211642048761786e-20,2.778275560076419e-19
MOSC1,-1.8301560362173017,7.284526240181018e-20,2.805760286712126e-19
DRP2,1.518249591667653,7.423384694066616e-20,2.8574301456141806e-19
KIAA1614,-1.2600625162741146,7.505031634760892e-20,2.887636669785511e-19
DUSP9,2.130712575452717,7.639872375918409e-20,2.9388968059772357e-19
MS4A7,-1.3019439578648377,7.904687946627788e-20,3.0369150420528833e-19
B3GNT5,1.0145193573203937,7.924965530501377e-20,3.044063041817188e-19
NPAS3,-1.372370978814062,8.024699005543288e-20,3.081071419487544e-19
C10orf105,-1.2505510592969586,8.232837556845279e-20,3.158986974014642e-19
C17orf72,-1.0999005266895479,8.33259194620675e-20,3.195915954420596e-19
BNC2,-1.484642058231743,8.392989102381611e-20,3.218402793988887e-19
ADRB1,-2.14196166410226,8.438737757287622e-20,3.2352641827276026e-19
DZIP1L,-1.2010762161202493,8.447235848855569e-20,3.2378402644076213e-19
FBLN5,-1.504122357675465,8.708210735067557e-20,3.334361800808472e-19
ICA1L,-1.2716164871582443,9.438995493133208e-20,3.611139868884064e-19
ARHGEF19,1.1424884483370832,9.563370710586256e-20,3.6571856522017146e-19
RGAG1,-1.2731936205468106,9.566968411197066e-20,3.6577930264444486e-19
C14orf80,1.199817268315777,9.608523416032281e-20,3.6729095283921797e-19
RAC3,1.242349887560656,1.0130144066705251e-19,3.8690518767569383e-19
TWIST1,-1.443149053142383,1.0241653624551976e-19,3.909180560447046e-19
GPR161,1.1358472008521723,1.037155451309436e-19,3.9571034752013546e-19
KIRREL,-1.6150541069949123,1.040831976446804e-19,3.970298505293624e-19
RBM44,-1.1416765889454368,1.0493079880612481e-19,4.0009537718221406e-19
ARID5A,-1.1766605042016778,1.0510002290786397e-19,4.006566946579786e-19
ARL4D,-1.231786465853948,1.0513571690583434e-19,4.0070884732765964e-19
HPD,-2.527981832169487,1.0675236924908048e-19,4.067852998620498e-19
CAV3,-1.0935771333885667,1.0697367070771496e-19,4.075432666162695e-19
EHD3,-1.0454827376020805,1.0772713688246915e-19,4.1024206541246567e-19
HOXA3,-1.8429018108651896,1.0836169496526991e-19,4.1257225129738715e-19
PPIEL,-1.2887046336844596,1.0852261211161932e-19,4.1309851699452245e-19
KCNK1,1.3729641318499253,1.109024888317663e-19,4.219811881698667e-19
LLGL2,1.1469389927802105,1.1473311161406316e-19,4.36374181092936e-19
C9orf170,1.3207449402296128,1.175875493316912e-19,4.470438931672462e-19
SCXB,1.156967564208782,1.196339341834188e-19,4.54539032339965e-19
C13orf15,-1.0877967096697816,1.1972747926514464e-19,4.547995210900309e-19
SYPL2,-1.2339981181204882,1.2097536649485884e-19,4.592522620033191e-19
MST1P2,-1.5725865427861283,1.2186066897809426e-19,4.625166299850395e-19
NPDC1,-1.2222268138241255,1.2294447021088127e-19,4.665328728890289e-19
LGALS3,-1.051265108296839,1.2760655270222839e-19,4.84122984334861e-19
DDR2,-1.8216059178601016,1.3048871827051195e-19,4.948512788912768e-19
CXCR2,-1.5312757012664209,1.32305004551341e-19,5.015301953036361e-19
SHISA2,-2.2124793289146636,1.3446393022740936e-19,5.0960793710796015e-19
LRRC50,-1.6628118298023442,1.3668776232817583e-19,5.178204656940238e-19
APOBEC3A,1.9831133033495094,1.400148628224319e-19,5.303143046102222e-19
MSL3L2,1.4009115930879394,1.4236266614676837e-19,5.389824483921848e-19
SPTBN2,1.3548478044739003,1.4365939841407804e-19,5.437787542797801e-19
TMEM151A,1.6530308024618292,1.4612772584895212e-19,5.526621636460577e-19
PRELP,-1.990243028760803,1.4681736483953255e-19,5.551550669243895e-19
CAMKV,2.112965990057995,1.5004141782489983e-19,5.672282302526794e-19
PCDH7,-1.4511748372588498,1.52482785709505e-19,5.763380706540946e-19
EFNB3,-1.8036078766717951,1.6429133631520028e-19,6.201980910297782e-19
F13A1,-2.1506839981062846,1.6608563369909824e-19,6.268415488751161e-19
TSPAN11,-1.4374304888152452,1.7223540603004456e-19,6.495133822177131e-19
ZNF280A,1.66509712391999,1.8016646788211606e-19,6.790000444840908e-19
ARNTL2,1.7615345662208526,1.816926249717533e-19,6.843266816389044e-19
RGS11,-1.7847842999171517,1.8542725295840151e-19,6.9824830070372e-19
C1orf187,1.58481629778672,1.9043092173864947e-19,7.169418962582496e-19
MARCH4,1.5354073322286665,1.948025868921105e-19,7.330972688023749e-19
ADCK5,1.1086319505266902,1.9619442288747672e-19,7.378774958307312e-19
SPATA9,-1.1823050005917861,2.1671381823196926e-19,8.135371485412532e-19
DOCK11,-1.5719523316368846,2.177737986129957e-19,8.173477229180126e-19
UST,-1.4431888625872888,2.19727524365351e-19,8.245104362033569e-19
RASSF8,-1.1926818262516257,2.2316280785346237e-19,8.368835169667441e-19
CPXM2,-1.640123695111848,2.317695349320947e-19,8.684439778445696e-19
GABRD,1.8012738844833707,2.3828662505699366e-19,8.924961802289004e-19
AFAP1L1,-1.1841314475085811,2.424674847788419e-19,9.074086400964761e-19
NKX3-2,1.8480552195526097,2.4998260577840678e-19,9.349565179750028e-19
CAPS,2.0586903834773347,2.514150599012664e-19,9.401208577203683e-19
ART5,-1.5761665049118245,2.525917572527546e-19,9.443269166711629e-19
IGJ,-2.5349699609421243,2.597446303777204e-19,9.70669576424891e-19
IL27,1.1379434962717476,2.692860300900482e-19,1.0052940126597921e-18
SLC5A6,1.0986434607645847,2.7434470077583334e-19,1.0235492084899558e-18
NUAK2,1.2925099775121307,2.759518692972774e-19,1.0291235150211718e-18
PPP1R14C,2.0308761687773664,2.7668011371475115e-19,1.0316280438241734e-18
AJAP1,-1.3218830571665277,2.7706115889169285e-19,1.0328372466322926e-18
MORN1,-1.2309864540182263,2.796742560097801e-19,1.0423649635843626e-18
TNFRSF10D,-1.6338960409515906,2.9256909116467436e-19,1.089978544099584e-18
TRPM2,1.1558293052432242,3.037789956428285e-19,1.1308157582180792e-18
SCML2,1.3827218783287956,3.1539472990778803e-19,1.173815225620827e-18
CLDN9,1.8826466386554617,3.204077921971745e-19,1.191985089181518e-18
PNMAL2,-1.5224429281571776,3.241770235193324e-19,1.205268455703106e-18
LMX1A,-2.013189720677003,3.3735070360991155e-19,1.2539911900778478e-18
C11orf83,1.0109932418037637,3.5086810570704985e-19,1.3031732561080245e-18
C10orf35,1.0243498461356397,3.5819363485010397e-19,1.3301099010967856e-18
C2orf77,-1.3394914546100125,3.6958085758433666e-19,1.3718353080358239e-18
C1orf65,1.3616101905550952,3.73938649405974e-19,1.3877278766843923e-18
LAMA4,-1.273590010652148,3.907842249421017e-19,1.4496525874508003e-18
ARMCX1,-1.0044175878802246,3.9098159218660004e-19,1.4500892262780523e-18
KCNJ12,-1.6467370753935393,3.912288795681253e-19,1.4507107954325902e-18
LOC285548,1.7677741152799147,3.9141856843886887e-19,1.4511185746013705e-18
LOC100170939,-1.285885477571309,4.040963471447507e-19,1.4965952811955028e-18
SLC22A12,-1.868982619244881,4.1390500690520874e-19,1.5319871575224715e-18
IFI6,1.871503929459104,4.160275580204825e-19,1.5395303188954751e-18
ZNF596,-1.147558965558054,4.1643341892317796e-19,1.5404059184431231e-18
SPINK8,-2.4072477630488813,4.163558577008699e-19,1.5404059184431231e-18
ZNF389,-1.196364191028524,4.2029148484469655e-19,1.5543612146745248e-18
ZNF597,-1.3963607645875253,4.38508885520894e-19,1.6207466483526566e-18
SPAG6,-2.0900037164161436,4.619595343804189e-19,1.7053436228608328e-18
OVGP1,-1.0332280447390234,4.635517458639766e-19,1.7108743775267572e-18
DLX6,2.615802112676056,4.669583397145861e-19,1.723098045372919e-18
SDC1,1.4845396614984026,4.762130172304637e-19,1.7558244992193905e-18
PER3,-1.1748564386317941,4.784338879740561e-19,1.7632986561635435e-18
PROCR,-1.033496490708961,4.834392084806079e-19,1.7810248759304807e-18
ITGA2,-1.3839700023671426,4.956576219246664e-19,1.8249303583929413e-18
SDS,1.9437270327849463,5.061339308674693e-19,1.8623723354721133e-18
DSCR9,1.0166130015386432,5.392262580513611e-19,1.9805358303690326e-18
PLCB1,-1.517579968043556,5.436412400046466e-19,1.9963488988913822e-18
CUBN,-1.229451680672268,5.622393133387233e-19,2.0633956090130606e-18
HIST2H2AC,1.1826109421233282,5.641628412724298e-19,2.070037532691401e-18
GNG7,-1.507201550479346,5.665310889903079e-19,2.0783082250887897e-18
CCR10,-1.1035048112202626,5.686662430964379e-19,2.0857206574822604e-18
COX6B2,-1.4951683986270567,5.778417703287665e-19,2.11809378680921e-18
C1orf175,-1.5577210853355417,5.876657248028792e-19,2.153670060114115e-18
PRIMA1,-2.0643093028760804,5.986379976579518e-19,2.1934395071191012e-18
FBXL22,-1.195037531068765,6.01498371580607e-19,2.2025899935388833e-18
PRDM6,-1.2228795656290692,6.030896687376735e-19,2.2079728962252353e-18
ATP13A4,-2.6321645875251525,6.089152907517224e-19,2.228852812699297e-18
ACCN1,-1.3585333826488344,6.229568986037342e-19,2.279333552820859e-18
ANO2,-1.9320346135637347,6.282435567507373e-19,2.297753157229992e-18
LONRF3,-1.4844736122618043,6.446657366691526e-19,2.356395663572005e-18
ZNF835,-1.5642126346313177,6.743979995444017e-19,2.463589561650962e-18
AMBP,-1.810846739259084,6.762015633952217e-19,2.4691869726144873e-18
WIT1,1.8621493549532488,6.800413177905022e-19,2.482710009574912e-18
ZNF528,-1.1598215055036096,6.935710297585469e-19,2.5315968427300637e-18
PDGFC,-1.1896651911468794,7.184880957280487e-19,2.6209697007089522e-18
LRP2,-3.534591028524085,7.196890645048785e-19,2.6248246926832906e-18
TCEAL2,-2.352316327376019,7.310355932110238e-19,2.665673257856624e-18
POF1B,-2.256824659723044,7.386246131083296e-19,2.6926799132636342e-18
TRIM6,-1.3046218724109355,7.44820660317856e-19,2.713765108039618e-18
MYO9A,-1.1238159782222734,7.662047232318728e-19,2.7905611398538975e-18
AMOTL1,-1.1200920168067245,7.772123893851001e-19,2.8295194247953954e-18
SULT1A2,-1.3354108474375668,7.86523351267496e-19,2.862272003822917e-18
CALCB,1.6272431234465619,7.966573988604673e-19,2.8974135127786384e-18
ENTHD1,1.5744670552728137,8.068141500653364e-19,2.9331811411302812e-18
NFATC2,-1.6593122677239895,8.158839638147951e-19,2.9655622590496638e-18
C10orf107,-1.657064421825068,8.767793592059703e-19,3.1792857919574255e-18
B4GALNT1,1.5986637235175776,8.840017049711387e-19,3.2048362946802706e-18
CHRNA2,-1.9336687181915022,8.91608671307533e-19,3.2311273429844758e-18
PACSIN3,1.140262622795598,8.935886506817556e-19,3.2370137728079594e-18
RTN2,-1.1203374423008645,8.964340389681678e-19,3.246675051997127e-18
PLSCR2,1.0194429695821992,8.98568030600148e-19,3.253756487172169e-18
RMST,-1.1950187477808027,9.297596440964787e-19,3.3620212160286457e-18
JPH2,-2.0561175701266423,9.593181883043633e-19,3.466839186361788e-18
TYMP,1.5493673097408003,9.798519201834378e-19,3.540342299146312e-18
CRAT,-1.2465821813232303,1.0118114303573855e-18,3.654365767221327e-18
PCP2,-1.684850171617943,1.0345648977793683e-18,3.735062442339913e-18
PRRT1,-1.0735327257663618,1.0946577915153862e-18,3.946535111696291e-18
NAALADL2,-1.360307953603975,1.10069677790988e-18,3.9675214749096135e-18
CHODL,1.7020436383003918,1.1101544772875584e-18,4.0008200257504304e-18
CES8,-1.4288451296011369,1.1143118471416651e-18,4.015007631338031e-18
ZNF177,-1.076800769321812,1.1289199510920486e-18,4.066837496482992e-18
TTC23L,-1.3060250384660903,1.1920828091856787e-18,4.291828199289341e-18
KRT14,-3.199671458160731,1.2591509709288413e-18,4.5297085224936164e-18
SCUBE3,2.5308891229731323,1.2777027217809225e-18,4.595538953680722e-18
COL21A1,-1.7313904249023535,1.3045585496656206e-18,4.6902783487188015e-18
LRG1,-2.3719044088057757,1.325392319283163e-18,4.763300372736706e-18
KCNK9,1.595539460291159,1.3479218010285908e-18,4.842356531305198e-18
LIMS3,-1.368453941294829,1.448354381642331e-18,5.195978480298651e-18
SAA2,-2.969830690022489,1.4910020083143929e-18,5.342659361682459e-18
PNPLA1,1.0159517576044501,1.4917818077436964e-18,5.344401544254774e-18
SLC47A1,-1.5592857202035741,1.5278960691835212e-18,5.470553136771762e-18
CDH22,-1.8053221919753824,1.5437161881653293e-18,5.525022763109219e-18
IGF2BP1,1.823663688010415,1.5550411425137105e-18,5.5644611592642164e-18
FOXH1,1.276514942596757,1.5596258710689538e-18,5.579769994313712e-18
FLJ23867,1.315564149603503,1.6483547254285312e-18,5.891419805021707e-18
UGT2B28,-3.4220232453544797,1.6695073271596784e-18,5.964679465414647e-18
IGFBP5,-1.3986950112439356,1.7053188294796301e-18,6.087844411260582e-18
SPATA12,1.1652428926500176,1.7648889910827908e-18,6.298034562768092e-18
RDH10,1.5204889454373287,1.7953620471062702e-18,6.405522411500478e-18
RHOF,1.7135268079062618,1.8338588043172002e-18,6.5403079574815825e-18
DGCR9,1.4412951059296963,1.8417947629571863e-18,6.5660380082470935e-18
ZNF99,-1.1405363711681855,1.8645997061111525e-18,6.644735405313491e-18
ZNF486,-1.5416362291395425,1.904325499420419e-18,6.7836471753326585e-18
PTGER2,-1.282935069238964,1.942230131505477e-18,6.91731854505854e-18
PRSS27,1.8006117824594634,1.958164044070543e-18,6.972703461309878e-18
KCNAB1,-1.5102595100011822,2.0409191810519814e-18,7.258861245152251e-18
SLC43A1,-1.1598321931589517,2.0518938523909556e-18,7.29646880153791e-18
CH25H,-1.6008871109007003,2.0971501312717048e-18,7.453030815997432e-18
MXRA8,-1.2814839152562474,2.164384322773192e-18,7.685971093921269e-18
FBLN1,-1.3435258610486454,2.1819776001200304e-18,7.745424776713126e-18
WISP1,1.9915482660669879,2.299006248246512e-18,8.154483775688087e-18
SNRPN,-1.2678671381228543,2.4599518670121025e-18,8.716858834966187e-18
NTF3,-1.9443343117528706,2.609793862424837e-18,9.240629775864485e-18
FCGR1A,1.6218667771333877,2.6118520603584668e-18,9.246118835998672e-18
ZDHHC15,-1.6092477808024634,2.6887697981008026e-18,9.511013726161856e-18
HPSE,1.387255988874423,2.8146064761995387e-18,9.950336315063158e-18
PCSK4,-1.4843317552373048,2.850088018171637e-18,1.0071860259129938e-17
ARPC1B,1.0853457746478874,2.8769359487423747e-18,1.0160819766192752e-17
CADPS2,-1.379333477334594,2.9039071847279608e-18,1.0252099007680968e-17
KCNIP1,-1.664230790626109,2.9208404899862368e-18,1.0307882791628434e-17
CLCNKA,-1.3856716416143924,2.9508236543867527e-18,1.0411677259314221e-17
FAM107A,-2.2579656823292735,2.972850932894335e-18,1.0487365413076664e-17
SLC6A17,2.0742065214818313,2.99529507254391e-18,1.0564494517635495e-17
EFNA3,1.4519521008403355,3.0400861864485195e-18,1.0718320521387254e-17
COL15A1,-1.0198971002485493,3.0436901957991367e-18,1.0728948999638205e-17
SILV,-1.7509270564563844,3.0593341532765266e-18,1.0782005729349974e-17
LOC100130987,-1.0309290330216605,3.063732056796228e-18,1.0795415143217526e-17
MST1,-1.2308800686471777,3.0817219534206775e-18,1.0854602306137111e-17
UPP1,1.0285574683394474,3.107487144767194e-18,1.0943236311897318e-17
NDRG2,-1.5504843768493384,3.1253429513708725e-18,1.1001859938852058e-17
A2M,-1.2470980471061672,3.164331665706487e-18,1.113480172257011e-17
PNMT,-1.8279908628240027,3.1978052300722197e-18,1.1243895808963611e-17
P2RY14,-1.3076987039886374,3.225289017973784e-18,1.1338342215947622e-17
LOC100272228,-1.1355942064149604,3.2643551355909483e-18,1.1469032336066789e-17
HIST1H2AG,1.450279370339685,3.4468293298844653e-18,1.2100797356198056e-17
CRTAC1,-2.443603509291041,3.542054750223228e-18,1.2423125745339774e-17
WFIKKN2,-1.446315327257664,3.701138231209535e-18,1.2971085718657522e-17
RASL12,-1.345259646111968,3.707125775277379e-18,1.2989568909985397e-17
CYP2E1,-1.4938766895490576,3.810934272049345e-18,1.3345601491749564e-17
GNAI1,-1.2521989347851825,3.850915691940052e-18,1.3483019492284049e-17
SFRP4,-1.9635607113267834,3.8540503135205186e-18,1.3491399587887308e-17
SLC45A1,-1.0959037933483256,3.912706781273686e-18,1.368883366125791e-17
ALDH3A1,-2.210819268552491,3.9857837417497905e-18,1.3941818111274295e-17
RGN,-1.8135669014084508,4.025348747804996e-18,1.407750686960506e-17
PCDHGA10,-1.6346168599834296,4.113278470207529e-18,1.4382252783939233e-17
EVC2,-1.428586388921767,4.165527010666337e-18,1.4556553690758174e-17
CLDN14,1.5830204343709318,4.189491652734637e-18,1.46346798224388e-17
MCCD1,-1.4440416794886968,4.376891218330707e-18,1.5280504573700396e-17
NMUR1,-1.9073608060125449,4.720530514187819e-18,1.646126761489672e-17
C2orf55,-1.0561734051367013,4.729152957076355e-18,1.6488176839237865e-17
PAK3,-1.791262711563499,4.869046167429229e-18,1.6962918159945312e-17
LIN28B,1.999096218487395,4.968416553252592e-18,1.7302484507146917e-17
NPW,1.8591267960705413,5.047271816192579e-18,1.7570374616590842e-17
KCNG3,1.5726474967451771,5.178760323701804e-18,1.8010885397849434e-17
CSAG3,2.597616504911824,5.191954336242358e-18,1.8053322785600695e-17
SPON1,-1.712467220972897,5.3106323638060055e-18,1.8455410637334998e-17
DMRTA2,1.780736264646703,5.346328763495855e-18,1.8575915724740414e-17
SEMA3A,-1.7288677831696058,5.3858809019996464e-18,1.8709769095248006e-17
SEC16B,-1.0915099479228312,5.534705756255926e-18,1.9215763662240438e-17
PIP5K1B,-1.836201313764942,5.543827385098496e-18,1.9243762374322637e-17
ZNF516,-1.3448187004379202,5.6390164244410446e-18,1.9570451091344204e-17
ZNF502,-1.1350239850869928,5.723871450776654e-18,1.984602514637856e-17
CKM,1.4079461593087943,5.7480484887185356e-18,1.9926057253883738e-17
GALNTL6,-1.0332892531660551,5.753454473122014e-18,1.9940999957014475e-17
IL1RL1,-1.7388300923186182,6.0827957973145496e-18,2.1046404086393603e-17
PCDHB9,1.0632609421233292,6.135158372640564e-18,2.1215480216028912e-17
ATP8A2,-1.5222712924606459,6.288416978110631e-18,2.1728939683475288e-17
FILIP1,-1.2804692863060723,6.3921743164428525e-18,2.207489073841951e-17
PCDHB19P,-1.0457731506687185,6.510138229277031e-18,2.245670763455179e-17
LRRC26,-2.1404054207598535,6.70098429114706e-18,2.3097522638089363e-17
PDZRN3,-1.0641941117291989,6.746447939079118e-18,2.324982806419106e-17
PCDHGB5,-2.1277163688010416,6.8793250698321546e-18,2.368981351610948e-17
ARHGAP22,1.145909989347854,6.9353870385983766e-18,2.3873837039259884e-17
TPD52,1.1306565333175502,6.98509356342967e-18,2.4035852199453738e-17
C11orf66,-1.0790935140253275,7.042029526294138e-18,2.4222612144204873e-17
CELSR3,1.3912539590484094,7.101358894005969e-18,2.442207367232017e-17
DHDH,1.538407030417801,7.150374648356323e-18,2.4581354055529773e-17
psiTPTE22,-2.0497175050301824,7.422199635894883e-18,2.549175471173482e-17
C15orf59,-1.5356956089478042,7.999893288516356e-18,2.7449963719295612e-17
IQCH,-1.0584930879394037,8.067071351416973e-18,2.7670039534547424e-17
MOCOS,1.0807354538998695,8.101819134169664e-18,2.777875564123006e-17
TRIM15,1.4942025624334239,8.274262087754515e-18,2.8348652886014573e-17
NUDT10,-1.4913014676293046,8.277162891290988e-18,2.835325481937709e-17
MC1R,1.0338088412829913,8.317544593849282e-18,2.8480862347975633e-17
FAM7A3,-1.180940933838325,8.369025653101348e-18,2.865175361357981e-17
ABCC3,-1.4623982364776902,8.376528563517508e-18,2.867204765733531e-17
ZDHHC2,-1.3499356965321345,8.559135443190821e-18,2.928057554452218e-17
KIAA1211,1.8173084566220847,8.83555975087986e-18,3.020351063760865e-17
SLC18A2,-1.7164967984376855,8.895587448480214e-18,3.040300006096233e-17
LARP6,-1.0117662504438396,9.011073802885073e-18,3.079192349050441e-17
NUDT7,-1.206628967925198,9.306270384335089e-18,3.178871079115249e-17
RGS6,-1.762017428097998,9.37920124598658e-18,3.2025811345093554e-17
HOXB3,-1.5206900935021874,9.654684508822835e-18,3.292323381680443e-17
ABCA1,-1.11391683631199,9.662994614746585e-18,3.2945400069719435e-17
CEBPA,-1.641836880104151,9.860518099329063e-18,3.358738977583962e-17
PROKR1,-1.5137565333175524,1.0082667386382284e-17,3.433123726792307e-17
PHLDA3,-1.2342979701739782,1.0321376845242107e-17,3.5137464506067344e-17
IGFBPL1,1.778198058941887,1.0640651611898438e-17,3.6197305417938193e-17
TRIML2,1.4525473487986742,1.0709612096494607e-17,3.642508762938926e-17
MCAM,-1.1782522842939986,1.0787599873684738e-17,3.667663065010894e-17
CBX6,-1.054055225470469,1.0835331441930727e-17,3.6825156504381075e-17
SEMA7A,1.3215014498757265,1.1111880665455695e-17,3.774390068171114e-17
RRN3P1,-1.2215768670848624,1.1798727761231928e-17,4.002464432309072e-17
CYP4F11,-2.4995721801396624,1.1820336240549611e-17,4.009047523508935e-17
C2orf70,1.6488175997159427,1.2063499077954909e-17,4.088472793074161e-17
CXorf49B,2.6369735234939036,1.2153264197965928e-17,4.1173621476935376e-17
NRG2,-1.8677765711918575,1.2380134679719211e-17,4.191102688765646e-17
DLX6AS,1.812563551899633,1.2627342372576864e-17,4.272407308699194e-17
ZNF737,-1.2076717481358719,1.2656521232409745e-17,4.281484036304675e-17
STAT1,1.1262469227127472,1.3241964533189778e-17,4.473709732695871e-17
HOXC11,2.3132834714167347,1.3261129518420615e-17,4.479353138315281e-17
MACROD2,-1.1594144099893464,1.3298040039227631e-17,4.4901543838631154e-17
TMEM132B,-1.3741962658302769,1.3957182203398526e-17,4.7092231260141494e-17
TPK1,-1.0042577109717117,1.4430287017885573e-17,4.8616419505195464e-17
CXCR4,1.2295312107941747,1.4835106443425207e-17,4.995254209945783e-17
GPLD1,-1.8414987750029574,1.488397214956365e-17,5.010781302728077e-17
ANKFN1,-1.524946757012664,1.5008185001005982e-17,5.0507301085840615e-17
SLCO2A1,-1.2563688306308443,1.5369309591029875e-17,5.169392876672521e-17
IL32,1.496247035152086,1.56390098051285e-17,5.257191052313095e-17
GSPT2,-1.3428228902828732,1.617495895556169e-17,5.4333415365951176e-17
CD24,1.5078885193514058,1.6665129974095792e-17,5.593866142697136e-17
HEATR4,-1.0951480471061656,1.680027499839987e-17,5.637150337251112e-17
NOTUM,2.116618966741626,1.8526509834865693e-17,6.208358956628502e-17
IGSF21,-1.6454351757604453,1.925986383036393e-17,6.448175488396443e-17
ADRA1D,-1.048603213398035,1.9542139398764576e-17,6.541477813087745e-17
HIST1H2AD,1.1925295774647884,1.9757701342898424e-17,6.612418414134584e-17
AADAC,-2.7291093975618415,2.0408755387323772e-17,6.827799564702346e-17
C4orf48,1.5505337258847205,2.04930029740485e-17,6.854724974946801e-17
SNAI2,-1.1269326074091595,2.0521316175321794e-17,6.86293438066108e-17
FBN2,2.291024511776542,2.1390288410062445e-17,7.149603744553189e-17
CXorf30,1.8142284116463483,2.149477939407018e-17,7.181891874270549e-17
SIX2,2.005600520771689,2.1854571569944776e-17,7.298087805681615e-17
EGFL8,-1.1298629364421808,2.3028756725653304e-17,7.687373164809593e-17
ARHGAP29,-1.155283376730976,2.3108350392203045e-17,7.712528459649285e-17
C15orf54,1.2204605278731209,2.434370626052456e-17,8.112934548889208e-17
RBM20,-1.5431367144040715,2.579065773969801e-17,8.590436282446896e-17
GPR160,-1.2261382175405382,2.6237301159854915e-17,8.731217422538191e-17
COL9A3,2.524027636406678,2.781361268743891e-17,9.24732770318631e-17
MDK,1.2424771097171252,2.978474614164243e-17,9.88102303656492e-17
BHLHE40,-1.034268848384425,3.0325426418399637e-17,1.0058559349382809e-16
HCN1,-1.5483455793585046,3.0498612634503194e-17,1.011416006168449e-16
C8orf4,-1.6543384779263857,3.1727926469387774e-17,1.0506520748085603e-16
HTR1D,1.8536752100840346,3.212226835215244e-17,1.0633236057723784e-16
CREB5,-1.3361638300390588,3.3146236109183903e-17,1.0968204615442185e-16
PRSS35,-1.527949130074565,3.3699784172547415e-17,1.1143920146402148e-16
PLLP,-1.484297396141554,3.3701741694195366e-17,1.1143920146402148e-16
LGR4,-1.0940249023553097,3.609414218706176e-17,1.1922004540574946e-16
EMX2,-1.5868493135282287,3.621785434130786e-17,1.1960696708541855e-16
KIAA1239,-2.1792276659959757,3.653195809329749e-17,1.2062238947438678e-16
C19orf59,1.6538783761391878,3.657688995105001e-17,1.2074884435599624e-16
GLDC,2.4734056456385365,3.7097215243831264e-17,1.2239996539486325e-16
CAMK2N1,-1.4937993016925066,3.8045388541903635e-17,1.2548291495348286e-16
SERPINF2,-1.288216842229847,3.8176335547335916e-17,1.2586919687885448e-16
HAPLN3,1.3692755000591763,3.896658621669981e-17,1.2835844533162984e-16
MAFF,-1.0881135814889316,3.911335027143184e-17,1.2881858422125453e-16
NAT14,1.051571333885665,4.0303183830702433e-17,1.326336649051487e-16
MAK,-1.3205777606817395,4.0616965089230195e-17,1.3362563085473652e-16
TIGIT,1.9183766007811585,4.0818869330475455e-17,1.342656086777457e-16
C10orf108,-1.6234415256243344,4.234138838835518e-17,1.3919817461318933e-16
FRMPD1,-1.5590149130074566,4.257341891684847e-17,1.3991044313836302e-16
HHEX,-1.039094372115044,4.3109842256549584e-17,1.416477362086592e-16
ALPK3,-1.3361570422535234,4.468475945380284e-17,1.4674304101345356e-16
TRIM46,1.2787531778908754,4.4916975105076156e-17,1.4745242521870174e-16
TAF7L,1.3524193395668132,4.508407506857646e-17,1.4797429110589566e-16
GYS2,-2.0807747721623855,4.758701746488063e-17,1.5604872615983105e-16
CSF3,-2.3939196413776784,4.8035852610923674e-17,1.574354744466409e-16
RADIL,-1.6160010770505373,5.022551460176324e-17,1.6455274339378984e-16
CXCL9,2.542237507397326,5.0542141579437134e-17,1.6556030289193705e-16
NRN1,-1.4996406556988973,5.24664957439465e-17,1.7167852274439298e-16
GABRA5,2.3188131258137057,5.4261325874389804e-17,1.7745578779941028e-16
STEAP1,-1.2472028642442865,5.537373100286861e-17,1.8102874020208643e-16
RCAN1,-1.1275952420404725,5.619720909608889e-17,1.8358898011057178e-16
PDPN,-1.1989012960113623,5.638274747516432e-17,1.8412901906896595e-16
LOC100128164,-1.1198222511539826,6.395352805577202e-17,2.082178628508707e-16
UNC13D,1.354628115753342,6.475753653368217e-17,2.107601354411973e-16
TSNAXIP1,-1.0818538406912057,6.495248389140126e-17,2.1135682235880891e-16
DKK2,-1.421851491300746,7.467368156780742e-17,2.425995048329107e-16
XKRX,1.2384599715942715,7.539575535299688e-17,2.448579722909192e-16
BEGAIN,-1.5917053024026502,7.55546635659237e-17,2.453302784321279e-16
NTS,-2.7559556929814173,7.591814418011335e-17,2.4646655582496936e-16
TMSB15B,1.426187264765061,7.901310410198798e-17,2.5637710052914213e-16
AMPH,-1.6367697242277188,7.937224540090808e-17,2.574965216597273e-16
C1QL4,1.9694970588235297,8.188825411663688e-17,2.6546961526004294e-16
GLI2,-1.1865342111492483,8.307488369508835e-17,2.6922059959083023e-16
FCGR1C,1.3416328973843048,8.38127611685927e-17,2.7151516133687366e-16
UNC13A,1.5652282636998462,8.511702812112027e-17,2.756913279161481e-16
C13orf36,-1.804556799621257,8.617847934378925e-17,2.7907967612435433e-16
RASGRP4,-1.1972787548822357,8.672236262672119e-17,2.8079102933016823e-16
MUC5B,2.3500086400757496,9.102976645539797e-17,2.943187990741757e-16
SV2B,-1.6910750562196712,9.14247234758808e-17,2.95543285638689e-16
GJD3,-1.1324768670848622,9.448510192513767e-17,3.050571674961478e-16
ITGB3,-1.3643421943425276,9.676803492956569e-17,3.1226175143110876e-16
ACBD7,1.597452698544208,9.748943752609977e-17,3.1447815546475175e-16
PRND,-1.6758743815836197,1.007148409221071e-16,3.2453748438752263e-16
FAM46B,-1.356427825778197,1.0165327250311167e-16,3.2750345475648526e-16
APLP1,1.717681122026276,1.0317336442564798e-16,3.3234201957884804e-16
C2CD4C,-1.4786264054917733,1.0486205607030364e-16,3.3749325334300925e-16
HAAO,-1.115536104864482,1.0570075099649717e-16,3.401221089604451e-16
STK32A,-1.615010906616167,1.1023091788660697e-16,3.541357921443535e-16
PARP11,-1.005997828145345,1.1486843018482295e-16,3.6877425655279232e-16
NCAM1,-1.8675203988637712,1.1662051321016928e-16,3.742671371587996e-16
CDH8,-1.7575297668363117,1.1765345337939112e-16,3.77449032757324e-16
WIF1,-3.5423065747425726,1.2149358992849636e-16,3.897000559415717e-16
MST1P9,-1.645344395786482,1.3059402955226686e-16,4.1808004219836683e-16
LOC100240726,-1.137636667061191,1.3621719313403999e-16,4.3569874655050605e-16
C2orf88,-1.5271870162149366,1.4111854663982923e-16,4.511381988909048e-16
NTSR1,1.6788456030299448,1.4305018092692995e-16,4.572330892735568e-16
PDE3B,-2.1676965853947205,1.4529780310432843e-16,4.643356583406058e-16
PARP8,-1.1433870517220983,1.4914714116236785e-16,4.762191563898583e-16
SLURP1,1.9455091490117176,1.5383931602355058e-16,4.907706045525221e-16
NRXN2,-1.4739530891229728,1.573296467343947e-16,5.015536881797174e-16
GJB6,2.4568869570363354,1.584549273923532e-16,5.049641182288174e-16
ZNF727,-1.714189111137412,1.5958729905745993e-16,5.084837396714412e-16
FLJ44606,-1.0110307136939287,1.8113383981448592e-16,5.755243997456951e-16
ALDOC,-1.408585720203579,1.8135043469103479e-16,5.761120353718859e-16
ADAMTSL4,-1.3047933187359435,1.857041995347007e-16,5.89634317831878e-16
DLGAP3,1.379191140963428,1.9320119704911557e-16,6.130105263874936e-16
GOLGA8A,-1.107025429044855,1.9327263647395502e-16,6.131303244571982e-16
HIST1H4H,1.6770337081311402,2.0012260173505266e-16,6.345291272222894e-16
CCDC74B,-1.5186856373535313,2.0199813736092458e-16,6.403643494219628e-16
KNDC1,-1.891368978577345,2.0430531535279084e-16,6.473402359211229e-16
FANK1,-1.201348301574149,2.1251259803638923e-16,6.728764693088177e-16
EFHB,-1.5699723044147238,2.1845360616674897e-16,6.913266677770048e-16
KCNH3,-1.6666296543969699,2.2074332931427645e-16,6.983300006096236e-16
B3GALT2,-1.1306086755829092,2.3643172688608814e-16,7.465336902875044e-16
IGF1R,-1.4358937448218718,2.388412844511529e-16,7.536189809090546e-16
TNIP3,1.8759180080482893,2.4550883570507927e-16,7.743887257562915e-16
SEC14L4,1.9240736418511064,2.4871436480041864e-16,7.84363753025298e-16
FAM19A2,-1.0841275594744926,2.4937496894444355e-16,7.863108539226929e-16
FUT5,1.237150076932181,2.572177486723602e-16,8.107592517892593e-16
CHST9,-2.3158266007811577,2.591017697928779e-16,8.161324650527351e-16
GAB3,-1.0905470055627893,2.649419876035152e-16,8.339510635218376e-16
LOC401052,-1.232248763167239,2.650492465885017e-16,8.340002481677609e-16
HTR2B,-1.379711604923659,2.655397523656439e-16,8.353992589546865e-16
GOLGA8B,-1.4053877618653141,2.7062045977930375e-16,8.50942171249381e-16
KCTD16,-1.0482853355426673,2.7850814784125586e-16,8.752907139423999e-16
KLHDC7B,2.325860320748018,2.929793764629591e-16,9.19500618923318e-16
TUBB8,1.1261882648834192,2.937089432178481e-16,9.21631424477588e-16
LY6E,1.1484979701739846,3.021059345264797e-16,9.473271879733868e-16
KLHL32,-1.1430662918688599,3.1604749674611426e-16,9.89680471919752e-16
SNCAIP,-1.7235004083323489,3.161710868244277e-16,9.898971952984275e-16
MDGA1,-1.159984057284885,3.221570047394369e-16,1.0084649969513276e-15
PSORS1C2,1.9192805065688248,3.2526899002160946e-16,1.0178097644677245e-15
KRT16,2.486407385489409,3.253099604281284e-16,1.0178097644677245e-15
ENTPD3,-1.4361894425375796,3.4937285132325005e-16,1.0912206610564724e-15
C10orf91,1.1775342407385487,3.734192973476203e-16,1.1653268420398994e-15
CAMP,1.9856710616641022,3.738027520467907e-16,1.1661236496157208e-15
GYLTL1B,1.5315602793229965,3.9583585128615043e-16,1.2338013700277048e-15
CDHR3,-1.3430596401941068,4.114203474228148e-16,1.2814997577237334e-15
SAMD14,1.381215510711327,4.426726688969843e-16,1.3776663689402983e-15
CLEC10A,-1.944739359687536,4.450180912669591e-16,1.3844922774453011e-15
C11orf53,-1.7260286838679135,4.481132369274613e-16,1.3934071150991764e-15
CMPK2,1.3126002071251026,4.58811039847499e-16,1.4264282422449227e-15
HCN2,1.3647648124038347,4.636481797222579e-16,1.440974528851675e-15
MMP17,-1.3152830394129484,4.654980331780882e-16,1.446229851159027e-15
DPYSL5,2.6701645697715706,4.66392307259446e-16,1.4487609503487534e-15
BOC,-1.2013006687181917,4.741612714468689e-16,1.4721401371562944e-15
SNTG2,-1.8163004379216476,4.791606412947443e-16,1.4874081093943092e-15
DES,-2.616165853947213,4.800748308246877e-16,1.4897378359191596e-15
SEMA6B,-1.0833271925671681,5.017324116978166e-16,1.555618308658722e-15
LILRB5,-1.9185067404426546,5.045201002334915e-16,1.5637288242040262e-15
SMARCA1,-1.0345268966741585,5.089136522416353e-16,1.5770778365261299e-15
FAM81B,-1.2687024440762218,5.12271475116402e-16,1.5872132189861901e-15
LPAR4,-1.0581426855249148,5.887986018670156e-16,1.8199865766319048e-15
LGALS4,-1.1303381701976558,5.908815365311081e-16,1.826114874274323e-15
ENDOU,-1.5550803408687415,5.914085935095816e-16,1.82743347948649e-15
ZBTB20,-1.2730627470706586,5.970981716108456e-16,1.8443879208946586e-15
CCL23,-1.512520978814061,5.998136130226661e-16,1.852461350161451e-15
CNTNAP3,-1.596850639128891,6.147688699889435e-16,1.8970397932545752e-15
C17orf96,1.0986087761865306,6.317890573881863e-16,1.9479092499385425e-15
FAM154B,-1.319687199668599,6.32020729522633e-16,1.948293537595341e-15
CD209,-1.785504479820097,6.381338907774914e-16,1.966805149648269e-15
ZNF334,-1.694416942833472,6.489922504246783e-16,1.9992563774717244e-15
IL2RA,1.696417445851579,6.525421737499634e-16,2.009172054934131e-15
SLC26A4,-1.7244592851225007,6.681966804669798e-16,2.0566763906899618e-15
RASGRP1,1.3030184222984964,6.805674243097095e-16,2.0933370775109233e-15
HIST1H2BG,1.6286343709314712,6.8175328687566815e-16,2.0966303566477086e-15
HSD3B2,-2.6045851639247255,7.141736906295761e-16,2.1955925841125104e-15
GBX2,1.324470162149367,7.222281918144206e-16,2.219604892047594e-15
WDR63,-1.1103509409397558,7.759653229547181e-16,2.3819387476803936e-15
SCTR,-1.0455642442892652,7.854978520087387e-16,2.410793694168786e-15
C20orf151,1.4841132027458865,8.07721341603273e-16,2.476495129055816e-15
SIGLEC15,-1.61215753935377,8.097218184005959e-16,2.4822105524328136e-15
RALGPS2,-1.2703164220617813,8.189451906580717e-16,2.5100621831198652e-15
ALCAM,-1.3700110427269507,8.621884679767149e-16,2.6377170895092673e-15
RASGRP2,-1.3150270860456867,8.684503946295389e-16,2.6564279168948913e-15
SUSD3,-1.379610663983903,8.776060348220882e-16,2.6839823003807917e-15
ZNF704,-1.3725964670375177,8.957128831944187e-16,2.737978440434593e-15
CCDC74A,-1.3796069238963211,8.962469939710198e-16,2.73915111337382e-15
SLC27A6,-2.211183601609658,9.183111095746246e-16,2.8051715266969107e-15
ERMN,1.5841902532844125,9.305784759926433e-16,2.841214357345536e-15
KIRREL2,1.7944584921292461,9.6207500484759e-16,2.9368860159719407e-15
SNPH,-1.2276857438750142,9.837755468184388e-16,3.0016202277465707e-15
TF,-2.4475708131139795,9.856766291598066e-16,3.0069166550353545e-15
ZNF699,-1.0579549354953253,9.909859984591116e-16,3.0226069252599208e-15
C9orf98,-1.0320457864836063,9.98923865453868e-16,3.046307777325642e-15
MGC45800,-1.737563776778317,1.0048966425195533e-15,3.0640089755081125e-15
MGC14436,-1.3080918215173394,1.011372689911211e-15,3.0826929466328276e-15
SYNC,-1.4433391939874562,1.0115324380727286e-15,3.0826929466328276e-15
TSPAN8,-2.426471907918097,1.0348065732294995e-15,3.153094083109571e-15
NOV,-1.4331499822464204,1.0443737703657238e-15,3.1795845027541843e-15
FADS6,1.6753470351520892,1.061504855263466e-15,3.2279607217442152e-15
TNFSF4,1.206021700792994,1.0632525650189725e-15,3.2321954644355972e-15
OSCAR,1.143250668718193,1.0663130100917842e-15,3.2409577095843627e-15
FCGR1B,1.2753333057166518,1.0775365647571365e-15,3.2739773140167177e-15
SCT,1.2841187655343829,1.1078433618854963e-15,3.3643764958961782e-15
GCNT2,1.0584525565155616,1.175026893811813e-15,3.5648357580094055e-15
RORB,-1.5541193040596522,1.1969453311774517e-15,3.629517884961378e-15
NLRP3,-1.119026949934903,1.223508498703942e-15,3.708830175172e-15
CELF5,-1.886629956207834,1.2267328651982019e-15,3.71798507246135e-15
ESR2,-1.153773375547401,1.233732692146252e-15,3.738577691882508e-15
OSM,1.5881761983666705,1.2876073369722747e-15,3.8979405213547845e-15
RSPH9,-1.1637026807906254,1.319546708197969e-15,3.993301534385309e-15
FOXN1,-1.4890840987099063,1.358985633113678e-15,4.110604100958505e-15
COL29A1,1.558492904485738,1.3706090484910883e-15,4.1443848022729706e-15
PLAC1,1.5356721742218014,1.3912481541044993e-15,4.204697019618828e-15
NAT8L,-2.068062403834774,1.4200765714231994e-15,4.291111193495435e-15
SLC22A20,1.173108764350811,1.5572482897502572e-15,4.696254244255124e-15
ATOH7,1.0619335720203578,1.564387082861418e-15,4.717001502290275e-15
FNDC1,1.9878173866729796,1.5826212233545169e-15,4.770401412273931e-15
ACOT6,-1.0713062610959876,1.6115351705110158e-15,4.8559468149001856e-15
KIR2DL4,1.5735340276955851,1.6490649353407537e-15,4.9649237542189444e-15
SV2A,-1.3960129186886032,1.6757774690008294e-15,5.042846299920995e-15
C8orf84,-1.7864569416498997,1.6844533240224084e-15,5.068116340029735e-15
KLRF1,-1.3189269025920232,1.6965350551112746e-15,5.102780503666645e-15
GABRQ,1.6776557580778793,1.7261573491241024e-15,5.191019697027265e-15
SGCE,-1.0392850337318027,1.7351900740366278e-15,5.216459936860237e-15
SPINT2,1.0870199964492837,1.7466172887762439e-15,5.249079496053157e-15
CMAH,-1.1600655521363468,1.7901581216197174e-15,5.378156178881617e-15
B3GNT7,1.3712272990886474,1.807383671021802e-15,5.428114991521178e-15
CALCRL,-1.172178198603385,1.8292536276471924e-15,5.490173748402612e-15
SPOCD1,1.572870298260149,1.8397962756007195e-15,5.519085630316397e-15
CACNA1H,-1.3603213279678075,1.845893131224795e-15,5.536462789204966e-15
ZNF311,-1.4032118002130431,1.847221308527014e-15,5.5395336868397416e-15
SOX18,-1.1141269972777827,1.849348954876683e-15,5.545000663090144e-15
INSRR,-1.1112725470469877,1.8804116089452727e-15,5.630717637379634e-15
PPEF1,1.862529873357793,1.9117776034030474e-15,5.7236986372936965e-15
WBP2NL,-1.1854283465498874,1.925620072532926e-15,5.762298566548883e-15
TPTE2P1,-1.1734661735116592,1.9850207010232436e-15,5.9380989023378976e-15
LYPD5,1.2631084921292457,2.026804098269119e-15,6.060104303678182e-15
GBP1,1.2430525091726832,2.080520137523362e-15,6.219692570756734e-15
CA11,-1.2328820392945907,2.124067545914605e-15,6.344667137887029e-15
VAX1,1.8608571428571432,2.1270634348340703e-15,6.351531447553245e-15
HTR6,1.1238523375547407,2.1319715764862857e-15,6.3651432846940885e-15
RP1,-1.628675701266422,2.3083208294365287e-15,6.881487726536707e-15
NCRNA00087,-1.0695750798911128,2.377319526763788e-15,7.080226987186065e-15
PSAPL1,2.058805982956563,2.4332494973950917e-15,7.242060268326169e-15
KIF5A,-1.8718417149958575,2.5767266882419455e-15,7.664077762429435e-15
CYP2A7,-1.9466076577109717,2.6268035678280925e-15,7.805371424285794e-15
SLC38A5,1.3952445969937282,2.661814581160297e-15,7.908113403110964e-15
SYCE2,1.1282180198840095,2.663969119533827e-15,7.913222892113945e-15
PKIA,-1.3551415078707532,2.6710540345215613e-15,7.930386003979119e-15
TRIM9,-1.4823005385252692,2.6709680208236943e-15,7.930386003979119e-15
CELF4,1.511073357793821,2.7582630746706875e-15,8.183971108106034e-15
MYEOV,-2.4418914960350335,2.9627202124794286e-15,8.774877323098443e-15
PGPEP1L,1.3406700792993258,3.0309678570457072e-15,8.968255510696198e-15
FBN3,2.5455926204284527,3.0456508321688634e-15,9.010235998369872e-15
MT1X,-1.0991900343235876,3.1276584381911178e-15,9.251343280856827e-15
PKDCC,-1.617557290803644,3.1721167335642733e-15,9.38132264842737e-15
OIT3,1.3919022132796783,3.1794068531118187e-15,9.399828316906681e-15
CLU,-1.714787247011479,3.1799971469160853e-15,9.400046779037594e-15
HERC2P4,-1.2798299917149956,3.260101817915581e-15,9.633706719402162e-15
HMSD,1.400929240146763,3.3104924496602102e-15,9.781024843558645e-15
MFAP5,-1.8521035447982026,3.4650932405333282e-15,1.0227840482800093e-14
SDK1,-1.4069556160492365,3.5300857541611448e-15,1.0412923510451357e-14
CD1C,-1.6959265652739974,3.681034910416063e-15,1.0851154408794106e-14
PURG,-1.1453233814652621,3.800222721265893e-15,1.117896803413107e-14
AMDHD1,-1.4702082021541028,3.8575476315089586e-15,1.1343932073724972e-14
FAM19A4,1.2719593620546814,4.0188585491411966e-15,1.1808762255047168e-14
IL16,-1.0818741981299578,4.0835830127005235e-15,1.199313675059497e-14
IDO1,2.3151912948277875,4.2633368007096444e-15,1.2512982873801621e-14
PTPRH,-1.4693021304296363,4.443137096635068e-15,1.3023900896948171e-14
SLC8A3,-1.2204409397561844,4.444596762210146e-15,1.3026081929240266e-14
ST8SIA2,-2.1017951887797377,4.536919879720561e-15,1.3283827017943279e-14
GFRA3,2.1130994969818913,4.892627886590691e-15,1.4302313380377444e-14
FOXL1,1.3118501775358036,4.96384180886037e-15,1.450117355908928e-14
C12orf63,-1.0145306190081669,5.106655039907511e-15,1.4904031055224695e-14
ALDH1A3,-1.3522898567877863,5.136998384890316e-15,1.4990186213555375e-14
KCNK3,-1.945899715942713,5.300894842772968e-15,1.546597031944163e-14
ITGA8,-1.7761729790507772,5.340548067693019e-15,1.5579166101957694e-14
FRZB,-1.7479748313409873,5.354583437178897e-15,1.56176065225072e-14
CXorf59,1.2951725292934075,5.559349676149073e-15,1.6204458311439804e-14
PROX1,-1.712663759024735,5.747260382768853e-15,1.674413904410074e-14
DGKI,-1.312174239554977,5.816358914727307e-15,1.6942739850341042e-14
CSMD2,1.7582707302639364,6.095321572407353e-15,1.773264161459662e-14
EPHB3,1.3555875961652237,6.095069965327363e-15,1.773264161459662e-14
EPB41L3,-1.1628492365960472,6.1003035264142465e-15,1.7744299311492256e-14
C11orf92,-1.8541633270209488,6.1055443436813955e-15,1.7756706133253306e-14
SCML1,-1.074682376612615,6.1554544296938094e-15,1.789750979139491e-14
TTLL10,-1.1318231447508598,6.254676673843756e-15,1.817590668805522e-14
SPIB,2.414899952657118,6.463264403604504e-15,1.8767076397960247e-14
NKX2-5,2.3237388329979876,6.754904930359187e-15,1.9592022697152373e-14
FBXO40,-1.1112734879867439,6.787819092026923e-15,1.9684350953029486e-14
HIST1H2AE,1.6981748550124287,6.98684025111876e-15,2.0248599441349276e-14
CPZ,-1.5113121375310676,7.08155860499847e-15,2.0516570314624723e-14
GNG4,2.0424356965321344,7.204517975226018e-15,2.085620876320598e-14
MN1,-1.2501436087110909,7.396442090210303e-15,2.1384599010180772e-14
JAKMIP1,1.8131645046751101,7.487746082361343e-15,2.164170243525302e-14
PLAC2,2.050740312463014,7.584134572428164e-15,2.1913333590779346e-14
C12orf39,-2.591434566220854,7.603645015511816e-15,2.1966219682171336e-14
NMNAT3,-1.1256174340158598,7.86189383073297e-15,2.2694267903715867e-14
SEZ6L,-1.3987060184637237,7.934545219192724e-15,2.2900353040267186e-14
CDYL2,-1.0763728015149727,7.957985647168092e-15,2.2964364732942416e-14
NOS1AP,-1.3596971002485514,7.960858269619569e-15,2.2969013010284518e-14
FAM19A3,1.8091369866256364,7.96237569630131e-15,2.296975036446478e-14
ROPN1L,-1.053370274588709,7.973239182633852e-15,2.299744459538647e-14
DSCR6,1.631663510474612,8.331727226625345e-15,2.4023828719509133e-14
POU5F1,1.2438596520298257,8.421903987525623e-15,2.4279999728370116e-14
C6orf127,1.7774525861048647,8.555995522689128e-15,2.465876923678122e-14
PTCHD3,-1.848708793940111,8.623270107124063e-15,2.484872340667711e-14
NAP1L6,-1.2660603917623388,8.709708640200604e-15,2.507795418816381e-14
EDN1,-1.2169169250798921,8.984173309407433e-15,2.584369575713393e-14
ABCC6P2,-1.3353316901408445,9.251754481417698e-15,2.6592402783080114e-14
CLEC4M,-1.2615194164989942,9.404449265191669e-15,2.7014232282512852e-14
GABRG1,-1.1030347260030777,9.517063323789317e-15,2.7329090342788603e-14
C14orf37,-1.0694455379334853,9.609627426253173e-15,2.7581842958071037e-14
TCERG1L,-1.086308598650728,9.984309861655564e-15,2.864371826819799e-14
TBX18,-1.5303996153390953,1.0038186270465247e-14,2.878467307518571e-14
PLD4,-1.6664959936087094,1.0036887792187738e-14,2.878467307518571e-14
UMOD,-1.0126989880459227,1.0432862069535347e-14,2.9906990275866446e-14
BMP6,-1.4020548289738421,1.0619552191065243e-14,3.0427783493461455e-14
C20orf114,-2.6366899928985688,1.0852168970982837e-14,3.107961481730657e-14
CSN1S1,-2.996273955497692,1.097572067714369e-14,3.1428510851981536e-14
NPTX1,-1.8546471298378493,1.1175718495909875e-14,3.1976045863100825e-14
CXCR2P1,2.211447342880815,1.1273646668826404e-14,3.225116930891828e-14
ZDHHC11,-1.3209385430228426,1.1645757981679515e-14,3.329475931215835e-14
ABO,-1.5345136347496746,1.20453841204087e-14,3.441025221967978e-14
CXorf22,1.3740314238371405,1.2052222237286622e-14,3.4424384337883e-14
AG2,-1.3475872115043215,1.2151100547615827e-14,3.4690477300541235e-14
C21orf29,-1.1049499112320988,1.2593114202380794e-14,3.593548484495024e-14
CHRNB2,-1.5954350455675232,1.2677259753771639e-14,3.616993092443654e-14
ICOS,1.725402254704699,1.2863556232601906e-14,3.668995833626645e-14
GPR120,-1.3715431056929814,1.2992864504786466e-14,3.705297079439574e-14
KLK2,-1.9849706474138946,1.311460616810537e-14,3.7382583162859706e-14
EIF3C,1.7176457095514257,1.3685164866225027e-14,3.8971880349002874e-14
KCNK15,-1.5521526393656035,1.4151666514766166e-14,4.027560749973242e-14
FOXG1,1.9908339566812634,1.4259479785362783e-14,4.0563417804806804e-14
KCNA4,-1.3435854302284296,1.5163750313461897e-14,4.307517898813154e-14
ADSSL1,-1.2596873121079426,1.6056506875263e-14,4.5589860341664706e-14
TRIM58,-1.8299114806485957,1.621470909977475e-14,4.601751633040222e-14
C11orf41,1.403701810865189,1.6249294798252832e-14,4.61084821843486e-14
C8orf73,1.2188096934548476,1.628887787372606e-14,4.62135978702362e-14
NR4A3,-1.7198912770742112,1.641549007478531e-14,4.6565554905924414e-14
GUCA1A,1.0027225233755475,1.6615974995612168e-14,4.7119581374844726e-14
RGS2,-1.3986981417919253,1.6887726619820844e-14,4.7867842986701773e-14
ST3GAL5,-1.006969256716772,1.8109383716329924e-14,5.125876407842538e-14
KCND2,-1.3805894839625985,1.8902400003357162e-14,5.347845621092795e-14
RICH2,-1.1286897680198855,1.8913256267188538e-14,5.350085529629106e-14
SIGLEC6,-1.3851956858799856,1.8980301651730766e-14,5.3665490985780546e-14
LAMB3,-1.6588989643744814,1.9050794192411124e-14,5.3856438373110686e-14
APLNR,-1.0280436146289507,1.9203559732102855e-14,5.427987543532116e-14
OSR2,-1.4028266481240372,1.9265683396254972e-14,5.444701674616197e-14
RASAL1,1.6051386850514833,1.9416931572650992e-14,5.4848914558809124e-14
BMP5,-2.237818292105575,1.9824509090845254e-14,5.5982863633362727e-14
FAM190A,-1.080152810983547,2.1251356878757884e-14,5.9919214570017e-14
IL29,1.1214650846253995,2.180560508371504e-14,6.143436454710801e-14
KCNE4,-1.1895113267842357,2.2035126342882754e-14,6.205219752776837e-14
FAM110B,-1.0793482601491293,2.2357226817771234e-14,6.293977726011286e-14
MEIS3,-1.1074797786720323,2.248269482818544e-14,6.328320611681761e-14
AZI1,1.0141180908983314,2.2566266130288193e-14,6.350861817712368e-14
TMEM35,-1.861467806841047,2.352935550680638e-14,6.61576858650597e-14
ACTG2,-2.569818670848621,2.3795599147063483e-14,6.689595232030834e-14
IER5L,1.0470328263699837,2.4182983822464976e-14,6.795351258418185e-14
TOX3,-2.389899946739262,2.4344161688643065e-14,6.838530481764964e-14
BRDT,-1.0568239318262518,2.5332893687903425e-14,7.10859663636359e-14
SPAG17,-1.775370582317434,2.535423663425002e-14,7.11348904829305e-14
C21orf63,-1.0398763167238698,2.6045915143689462e-14,7.300797557138578e-14
LNPEP,-1.073621600189373,2.6321757584524254e-14,7.37471068664145e-14
CD72,1.0767904840809557,2.7487472033696183e-14,7.693026651743105e-14
LOC440925,-1.4188668718191504,2.818391371752431e-14,7.8794621624957e-14
VWA2,-1.8236949994082146,2.8344317511643904e-14,7.921873355818424e-14
LOC440173,-1.5336267487276596,2.870655545419137e-14,8.020651249925487e-14
LEPREL1,-1.3305428334714158,2.895329280009242e-14,8.08710739358727e-14
HLA-DOB,1.2991134808853113,2.921106605707156e-14,8.157855713974741e-14
LTA,1.4684924310569296,3.035839250482187e-14,8.470475456242681e-14
LRMP,-1.308644040714877,3.0484823955716955e-14,8.50444828300254e-14
ALS2CL,-1.1626834122381338,3.117305017703973e-14,8.692448412571297e-14
HRASLS2,-1.683806201917387,3.164318426252447e-14,8.820840476734042e-14
RNF128,-1.6963056278849553,3.1802611924141707e-14,8.863925047544809e-14
IGFL2,1.6008926204284533,3.200977142627337e-14,8.918932638488508e-14
NRTN,1.5278448573795709,3.2759768708517645e-14,9.126508567510663e-14
FAIM2,-1.63005926736892,3.3073284273921354e-14,9.209622053513696e-14
NCRNA00173,-1.2451620132560062,3.333581149436311e-14,9.28130585243028e-14
GAS2,-1.5653030832051122,3.410605994342537e-14,9.488500827604648e-14
CCDC40,-1.095928737128653,3.429498743666419e-14,9.539603549963298e-14
FAM26E,-1.0677312699727777,3.4379441986892685e-14,9.561634568180406e-14
FSTL3,-1.1612803882116216,3.465519679984926e-14,9.636855290981608e-14
GPR37L1,1.374631086519115,3.570022426490018e-14,9.92290704373153e-14
EDN2,1.9748587821043913,3.5706958665091316e-14,9.923263642452782e-14
STX11,-1.287441448692153,3.683800389283891e-14,1.0232903782410296e-13
KIF12,-1.845515386436266,3.694435547904313e-14,1.0260880420888344e-13
ENPP3,-2.2391895668126405,3.820443627939971e-14,1.0604381726043197e-13
TNFSF10,-1.1054885666942784,3.904803540053851e-14,1.083358311836614e-13
IFNG,1.6898014853828855,3.9188544337079254e-14,1.0870909365557051e-13
PVRL4,1.3024430642679583,4.085705865997521e-14,1.1319646236998278e-13
COMTD1,1.0319465262161218,4.188414924775691e-14,1.1599226666011245e-13
NCALD,-1.325487578411641,4.2396001732249225e-14,1.1735620734977686e-13
NPY1R,-2.3770231447508587,4.285660378506236e-14,1.1859512902090151e-13
MICALCL,-1.1817853828855491,4.3168910176824454e-14,1.1944120260658695e-13
TMEM155,1.127176636288318,4.445627187577365e-14,1.2298442506910452e-13
RASSF7,1.0344059237779621,4.4736915081125156e-14,1.2374199441144525e-13
MAL2,1.060236329743164,4.52752189452762e-14,1.2519289236835223e-13
SSPO,-1.271469298141791,4.6988804012104406e-14,1.2979320173480068e-13
IFIH1,1.0160317493194473,4.708079074282204e-14,1.3002755786551201e-13
LOC201651,-1.0678872588472004,4.763577593527643e-14,1.315204048763593e-13
NPB,1.3098212451177655,5.444333755332564e-14,1.5011088662271838e-13
CAPN13,-2.3818142206178248,5.525903477348594e-14,1.5233684839947971e-13
TNIK,-1.2023986033850163,5.663229033380394e-14,1.560044765354469e-13
ITGBL1,-1.1423570600071002,5.701147680014667e-14,1.5697775105022988e-13
GRIA2,-2.1019088886258714,5.761078712424e-14,1.5860392589572606e-13
ANKRD22,1.4697994496390114,5.863320411191848e-14,1.612966925267118e-13
LOC643719,-1.6205481003669076,5.871846331854532e-14,1.6150682801261415e-13
TNFRSF4,1.1445579772754177,5.941628872327447e-14,1.634015264586441e-13
FUT7,1.4804371582435794,6.090931914351088e-14,1.6743164245988048e-13
C6orf52,1.0987724227719262,6.130238863659588e-14,1.684358309965215e-13
CSPG5,1.1079944135400632,6.22800998470379e-14,1.710447582250499e-13
TREX2,1.0433130370458041,6.289594048239628e-14,1.7271003237306676e-13
BOK,-1.0134568824712993,6.804849149058161e-14,1.8666164716742874e-13
LOC90246,-1.4619634512960107,6.951444334250528e-14,1.9059668808007588e-13
FMO1,-1.4519262812167124,7.090969311743002e-14,1.9433440888536263e-13
LOC650623,-1.0849692981417922,7.106701382668546e-14,1.9473624156061348e-13
ANGPT1,-1.5972892117410336,7.120423926608932e-14,1.9508289695373631e-13
TDGF1,-1.4169944668008048,7.149470413614729e-14,1.9579029628257696e-13
LOC80054,-1.2154410344419446,7.183862317322006e-14,1.9670253574340024e-13
PCDH17,1.0262781394247842,7.254418428551324e-14,1.986045700931264e-13
GLIS1,-1.2394940466327369,7.275482079134224e-14,1.9912133556830593e-13
TFDP3,-1.2986983725884724,7.600146727339952e-14,2.0781954465640553e-13
MAGEL2,-1.1843702864244285,7.775771441954743e-14,2.1255799302883644e-13
BTBD8,-1.1332856136820917,8.058186571351754e-14,2.2007977518126928e-13
RUNDC2A,-1.0542099124156694,8.060456837543113e-14,2.201087545961555e-13
FAM65B,-1.306502597940586,8.231740146150833e-14,2.2465122320897094e-13
C1orf226,-1.1211967510948053,8.249412124763278e-14,2.250997585175625e-13
MYO3B,1.8433982601491308,8.368327168568074e-14,2.2831034090144585e-13
MAGEB1,1.60019009942005,8.410612451608825e-14,2.2942960955587507e-13
TLE2,-1.2839763463131746,8.492227466436198e-14,2.315518522641374e-13
TRIL,-1.093796958219908,8.585734362450065e-14,2.3399629076160884e-13
C11orf70,-1.1675199668599836,8.839498468875715e-14,2.408402793428299e-13
SPESP1,-1.8295927742928146,8.930294854790541e-14,2.4324129469063625e-13
SELENBP1,-1.0884886199550259,9.415986560328213e-14,2.560872603580673e-13
CILP2,1.4849504379216478,9.476947702627255e-14,2.5770672099032553e-13
ATP8B4,-1.2142737365368665,9.755524122268594e-14,2.650444859666496e-13
OR2W3,-1.24958666114333,9.856752557152392e-14,2.6771481169478514e-13
MYO16,-1.7381978163096239,9.915354489770718e-14,2.692261303360626e-13
CLLU1OS,1.2533285714285713,1.0087980482425278e-13,2.7375001300177004e-13
MS4A14,-1.0360327967806864,1.0765375796867055e-13,2.9191439837683746e-13
MT3,1.2385503195644454,1.0842777085814276e-13,2.939694240290099e-13
ACSL5,-1.0517809444904742,1.1023480997089336e-13,2.9873518622899685e-13
EPHA5,-1.044596863534146,1.1169224874168603e-13,3.0263977431451484e-13
GLP2R,-1.5125065451532729,1.1397759550461387e-13,3.086942673665357e-13
RNASE10,1.1071231447508583,1.2610310587206814e-13,3.405719341527087e-13
KCNC1,-1.3772712510356249,1.3088599725485177e-13,3.533844271774053e-13
PROC,1.1819209137175999,1.3104275600224312e-13,3.5375519613062904e-13
HK3,1.727186684814769,1.373593458461332e-13,3.704774296098923e-13
CILP,-1.9542664220617816,1.3831837616407943e-13,3.73008800194776e-13
LRRC15,1.8749487158243578,1.4517282833585688e-13,3.909721843760324e-13
GUCY1B2,1.4159127115634995,1.4969566239325698e-13,4.0285484070734134e-13
CAMK2B,-1.7807682802698537,1.5192148689761847e-13,4.086636361751661e-13
CYP27B1,1.234245230204757,1.5462358327613713e-13,4.1556372159685873e-13
DHRS9,-1.6922103917623392,1.5479184633472385e-13,4.1595452890920847e-13
OR1F1,1.0364710675819624,1.6172800718704333e-13,4.340166467382795e-13
MYBPC1,-3.1846352053497435,1.64009255968821e-13,4.398792524532855e-13
TPM2,-1.0901836667061175,1.6398967366340776e-13,4.398792524532855e-13
GPR156,1.2694467688483848,1.674504411572846e-13,4.4897634119694383e-13
ADAMTS4,1.493778382057048,1.6747661310505263e-13,4.48980381200482e-13
FGF5,1.2168166587761866,1.7850925553582392e-13,4.7806443703378e-13
LOC389458,1.241153669073263,1.7928080008022607e-13,4.798483169916712e-13
LOC554202,-1.6070046100130204,1.7925660852385243e-13,4.798483169916712e-13
KIAA1324,-1.8512028583264293,1.8170517249505712e-13,4.862656946379777e-13
PCLO,-1.287537578411647,1.828993677099037e-13,4.893895620201936e-13
ALPL,-1.2000864125932047,1.8977730440190048e-13,5.073456119882206e-13
CACNA1D,-1.5208877677831714,1.9278095309716397e-13,5.149973127718925e-13
PHOSPHO1,-1.0404722925790026,1.9905565861457692e-13,5.31369724851319e-13
DIO3,-1.6518293821754058,2.0204765104894753e-13,5.390405088735149e-13
LOC153910,1.4313247662445254,2.028512790881085e-13,5.411051924444372e-13
IL17RD,-1.0506006391288896,2.0455962622542514e-13,5.454224221739291e-13
ACSM3,-1.5017157178364284,2.1252722736944921e-13,5.661690501691912e-13
QPCT,1.3030745176944043,2.1336014584330665e-13,5.68304760723692e-13
CSF1,-1.0014811989584569,2.2421460467373905e-13,5.964311630682555e-13
NTRK3,-2.0006056397206766,2.2608442893408224e-13,6.012293440302555e-13
TNFRSF18,1.5290687004379206,2.2607937729576494e-13,6.012293440302555e-13
AZGP1,-2.312920120724348,2.289024072441988e-13,6.086343147920173e-13
MYH2,-1.070693295064505,2.3711945931907826e-13,6.298388323340408e-13
C21orf128,1.2325840040241451,2.4032016182307447e-13,6.381543261364588e-13
BAG2,1.0866500946857602,2.4634711816054936e-13,6.536817189324315e-13
BRSK2,1.837900059178601,2.4737673916194735e-13,6.563181435599661e-13
MEGF6,-1.0932757190200046,2.5531343641747227e-13,6.764876976866445e-13
ZNF578,-1.2044368209255545,2.6386628028500596e-13,6.989461437758969e-13
RAB37,-1.0634566753461945,2.678744276268425e-13,7.093567364113201e-13
DENND2C,-1.0709374896437458,2.7438745314897405e-13,7.263924970434517e-13
MIA2,-1.3808079299325366,2.775249300544561e-13,7.344847778105939e-13
C17orf107,-1.0830881583619352,2.8164293074349185e-13,7.451666087679916e-13
C8orf42,-1.0897660018937154,2.8981956796583664e-13,7.664660170975047e-13
CR1L,1.2113538702805062,2.9595984668190184e-13,7.823637945324803e-13
VAV3,-1.2552804059652036,2.974257240252499e-13,7.861246485308008e-13
ZNF626,-1.2703978754882224,3.0112449624818143e-13,7.95669793178349e-13
PLEKHG4B,1.409724831340987,3.230421585626575e-13,8.527169971455995e-13
SLC44A5,-1.9585623150668714,3.2346148690795064e-13,8.537000791917393e-13
OLFM4,-2.777793809918334,3.283860087171233e-13,8.66194829253412e-13
GRIN1,-1.3363800627293179,3.3383333551955963e-13,8.803083016750027e-13
MEST,-1.737885755710737,3.3909094391264334e-13,8.939134615556621e-13
CSAG2,1.7867137767783166,3.4180579164071264e-13,9.008094433525253e-13
NKX1-2,1.1082086696650493,3.4391751184646344e-13,9.061123850254991e-13
HAO1,1.386967611551663,3.480029754689309e-13,9.167435835688785e-13
LYPD6B,-1.6662655284649066,3.5105402601363487e-13,9.246471473775425e-13
C14orf115,1.589106740442656,3.5134103819264985e-13,9.252692300666674e-13
C9orf150,-1.001492371878328,3.5446732402120277e-13,9.332323834477803e-13
C4BPB,-1.6177463131731569,3.5460092592147845e-13,9.334491185175232e-13
EPHA6,-1.2528083027577224,3.555990742845748e-13,9.359412882015783e-13
MAP3K15,-1.0432415729672153,3.5568476098151867e-13,9.360314737814925e-13
FUT3,1.76721913835957,3.9487918950662583e-13,1.0373770943266143e-12
FAM174B,-1.0564948277902673,4.0432220855080817e-13,1.0617249224250377e-12
SPHKAP,-2.322249266185346,4.126176706137268e-13,1.08272732567128e-12
IRX2,-1.5705327790271024,4.1321811284917074e-13,1.08414662845106e-12
KRT75,2.1006568706355777,4.2103980158881037e-13,1.1043497850606794e-12
KRT86,1.9499709847319204,4.2706910397946637e-13,1.1200027229128693e-12
HAND2,-1.2661484909456746,4.2745733746212277e-13,1.1208593940972371e-12
ORM2,2.8450362409752623,4.351401124091664e-13,1.1401835995658638e-12
C1orf88,-1.2760701739850857,4.3689516128040864e-13,1.1444528163458452e-12
COL4A5,-1.7384927565392374,4.393559659697177e-13,1.1505677814050886e-12
KRTCAP3,1.422903373180258,4.4189186116549116e-13,1.1568758160212047e-12
HBG1,-1.3179649958574984,4.4345861256667707e-13,1.1606437274696222e-12
B4GALNT4,1.4208960113622915,4.4981762546053385e-13,1.1771176302843728e-12
DAPK1,1.021149739614156,4.510655482752436e-13,1.180213623006218e-12
C19orf76,-1.0447398745413672,4.604754656104944e-13,1.2043212787581148e-12
DOK6,-1.1205073026393677,4.833038769620638e-13,1.2625689541246337e-12
TRH,-1.713777660078116,4.996609306163727e-13,1.304925096127666e-12
NETO2,1.0890443070185798,5.095373370449713e-13,1.3303367966479652e-12
SEMA5B,1.2695824949698196,5.107916013827815e-13,1.3334202667389607e-12
NCCRP1,2.104626565273996,5.224558449658024e-13,1.3632832204576405e-12
CPXM1,-1.239243596875374,5.227849963567612e-13,1.3639465800031711e-12
ABCB11,-1.2326736359332462,5.425408348364069e-13,1.4130592096905301e-12
EPHB2,1.2422366966504912,5.429219717345301e-13,1.4136473539527466e-12
TEX9,-1.0395895668126407,5.583698269015539e-13,1.4530679200584103e-12
MX1,1.2944727660078144,5.583810416309719e-13,1.4530679200584103e-12
RUFY4,1.5656574920108888,5.75164571773874e-13,1.4961018433837994e-12
LOC221442,-1.143460581133862,5.78748976863352e-13,1.5052104051783964e-12
LOC647309,-1.0754247484909458,5.808464578390265e-13,1.510233976866705e-12
GZMB,1.78107207953604,5.833862102693603e-13,1.5166208491192753e-12
HIST1H1E,1.0051507456503719,5.868267636016328e-13,1.5253473622505387e-12
ADAM22,-1.5424545745058573,5.925884186286046e-13,1.540103795587734e-12
PPL,-1.024367647058824,5.996492980239352e-13,1.5582321444582e-12
FAM95B1,-1.2055669309977515,6.222922724966681e-13,1.615687667416467e-12
ZBTB32,1.071520304178009,6.308386404427892e-13,1.6369430893770625e-12
SDR16C5,-2.3251925612498536,6.440094605216004e-13,1.6704052735643619e-12
OSR1,-1.7320787903893944,6.579510126555071e-13,1.705594173080062e-12
LOC158696,-1.0794060835601842,6.661128214946243e-13,1.7257688143561979e-12
RNF183,-1.8194521659367981,6.749746076354362e-13,1.7482303333505754e-12
SLC16A9,-1.504741111374126,6.843957507519766e-13,1.7720366852153119e-12
SPAG4,1.0489531542194337,6.844580527247628e-13,1.7720366852153119e-12
PRG4,-2.7134942300864004,6.901408431898425e-13,1.7864951320512946e-12
CACNA2D3,-1.1080942655935608,6.999842422186996e-13,1.8111054785974737e-12
KSR2,-1.4417546573558973,7.054933124641483e-13,1.8244203390801095e-12
CDK5R2,1.0362725174576874,7.144147741686073e-13,1.8469666431176192e-12
ESPNP,1.0203689193987455,7.146955924178133e-13,1.8474302568562134e-12
UBASH3B,1.1490393774411167,7.188684447996713e-13,1.8579529036899637e-12
SPIRE2,1.0222229553793367,7.297252615684931e-13,1.8852098972936817e-12
PHLDA2,1.1747702390815498,7.427416275872768e-13,1.917476364625046e-12
ALOX15,-2.0118584151970658,7.47077526573968e-13,1.9283965139288056e-12
APBB1IP,-1.0725741685406538,7.566573428924091e-13,1.9528475276719867e-12
CATSPERG,-1.0493074328322893,7.691026096358797e-13,1.984685965863612e-12
COMP,2.5887207302639377,7.729807206423193e-13,1.9938455516298902e-12
HEY2,-1.4753533258373759,7.780792520811282e-13,2.006428194593112e-12
SH3TC2,-1.1891866315540307,7.896767076916354e-13,2.035757698641954e-12
HSPA6,1.1925032074801747,7.941954927467797e-13,2.0465374510857348e-12
PCOLCE2,-2.3613119481595426,7.988453637841547e-13,2.058228189237504e-12
ZCCHC12,-1.0973302816901411,8.377420641797241e-13,2.155699575100865e-12
GUCY1A2,-1.126337933483252,8.407922523187793e-13,2.1632425963192566e-12
KCNJ4,1.0991234643153036,9.11859421900054e-13,2.341785702151056e-12
CYP26A1,-1.9727820392945925,9.20739558187124e-13,2.3642576072337733e-12
PTPRZ1,-2.458152142265356,9.301282207196568e-13,2.38701875112927e-12
SNURF,-1.5900499526571181,9.755466838948419e-13,2.5011093361884232e-12
APOL3,-1.0968573203929495,9.90438271420793e-13,2.5382159446251857e-12
SERPIND1,-1.2429056338028168,1.026303653126001e-12,2.6282787560287838e-12
BEX5,-1.3437068469641371,1.1017199522716595e-12,2.816262925319621e-12
KCNS2,-1.0688685643271396,1.1081905266709742e-12,2.8324055261151e-12
GOLGA8C,-1.223214776896674,1.134164512433736e-12,2.897164835788843e-12
EPHA4,-1.0300388152444073,1.1724492114998575e-12,2.9920220099441896e-12
GABRA3,1.8196985442064149,1.2287941251765805e-12,3.1318593476042135e-12
C5orf49,-1.1397229376257547,1.2465676919399157e-12,3.1767145032034555e-12
SYT6,-1.3030006628003319,1.266229970203945e-12,3.2241130434497706e-12
FGF19,-1.126529920700675,1.2723087394491117e-12,3.2391378998870182e-12
AGBL2,-1.033284187477808,1.2812006391700577e-12,3.2608634276863198e-12
IGFALS,-1.1724510119540774,1.3113053749278004e-12,3.3342215029767774e-12
VASH2,1.1385701207243475,1.3143360768267967e-12,3.3409942195891886e-12
RNASE2,1.2535797017398504,1.3181258407192714e-12,3.3492245503368087e-12
HR,1.043513303349508,1.3305547756270186e-12,3.3803333678630315e-12
CLEC4D,1.2218860575216002,1.3312116175550593e-12,3.381530152714868e-12
PLA2G7,1.1921945733222872,1.345944542496882e-12,3.4180006287766104e-12
HSD11B1,-1.6326418511066398,1.3488962204089906e-12,3.425018538164996e-12
STOX1,-1.0417113208663764,1.372835460908271e-12,3.484345216803299e-12
TMPRSS13,1.1156774943780317,1.386272720832672e-12,3.5164886200274705e-12
BEND6,1.0320225588827094,1.4363012362217597e-12,3.640856622050507e-12
CCDC160,-1.3969254053734166,1.460715525635904e-12,3.702228447946305e-12
LCT,1.9040151142146997,1.4846292477432468e-12,3.760220703585686e-12
C8orf85,1.7572778967925204,1.489092660995512e-12,3.771000794115374e-12
SRPK3,1.344284264409989,1.49985205902395e-12,3.797191520224334e-12
ERP27,1.4281204106994911,1.542188419453275e-12,3.902204031040862e-12
VAX2,1.2641831696058716,1.5583598575726591e-12,3.940931437537526e-12
PCDHB16,-1.3667670611906733,1.5582189371678575e-12,3.940931437537526e-12
TBX5,-1.1795109243697475,1.5591044052103772e-12,3.94226663259404e-12
C22orf34,-1.0514606343946036,1.5687209349840974e-12,3.9654807914894495e-12
KCNH1,-1.1580300804828974,1.6232960772427107e-12,4.1011600963288076e-12
PKP3,1.1707865131968305,1.6285775132412056e-12,4.113932344369923e-12
GJA3,1.1195298674399334,1.6373531771668565e-12,4.13495281409105e-12
TMEM92,1.5547834122381352,1.6662784536761408e-12,4.205083417754997e-12
DMBX1,1.4172161024973369,1.6739492845122452e-12,4.22327080055113e-12
ADAM23,-1.342770428453071,1.7011849438230943e-12,4.290795279536065e-12
ACTN2,1.7537754290448573,1.7498033284963147e-12,4.408535638563103e-12
PRKG2,-1.3333634157888508,1.7903072150920763e-12,4.506840303736837e-12
OAS3,1.0065362528109816,1.8012368458603257e-12,4.533727088660884e-12
CD1A,1.9789494259675697,1.868346452009976e-12,4.696797468020659e-12
FGF12,-1.0185321931589524,1.8693078150897274e-12,4.698565335277314e-12
CYB5R2,1.0486665108296833,1.8730483805378476e-12,4.707317364480248e-12
CSMD1,-1.9396559888744238,1.8756651647592373e-12,4.713243096923302e-12
SCAND3,-1.8888697005562776,1.9101344852689576e-12,4.7972099938397944e-12
PCDH8,1.7366255888270805,1.9464434184618306e-12,4.887049592587683e-12
LOC153328,-1.2048273286779492,2.0430668766822975e-12,5.1239937112493615e-12
PECR,-1.017758415197065,2.0856738660309292e-12,5.228690453568517e-12
IL6,-1.815795389986981,2.1160955764511213e-12,5.301305777338255e-12
FAM38B,-1.4337860220144414,2.1196084688410127e-12,5.307914838122569e-12
RHCE,1.2270905314238374,2.1393051735007127e-12,5.356502348450272e-12
ISL2,1.2113356373535331,2.1465948810322025e-12,5.373276487820294e-12
NPY5R,-1.937686661143331,2.1823142383803224e-12,5.461185878641327e-12
KLRB1,-1.3584619363238257,2.1863222412976104e-12,5.470463746850914e-12
CTSK,-1.0727970469878105,2.3020824685959508e-12,5.7522041421897175e-12
FAM180A,-1.3717325304769776,2.363902664760582e-12,5.901003868161942e-12
TMEM98,-1.0500652503254795,2.3916898820102537e-12,5.968731960821586e-12
PAQR6,1.2094774825423107,2.5507263235872776e-12,6.355169897106381e-12
CHST8,-1.8803869984613568,2.6364321982751818e-12,6.562419705347071e-12
PNMA3,1.471022008521718,2.639644705914379e-12,6.569517716948242e-12
SERHL,-1.0957298319327728,2.7438578956451433e-12,6.8186273412189144e-12
COL7A1,-1.6745042371878336,2.766425928380183e-12,6.87377165906422e-12
COCH,1.8098321694875121,2.819792131156155e-12,7.000637774609314e-12
RLBP1,1.7625757426914428,2.873427027460641e-12,7.130878279600007e-12
KCNJ6,1.1981431707894423,2.9286678915480865e-12,7.265986320001338e-12
LAMC3,-1.4934844419457907,3.0550880256275665e-12,7.569316364570382e-12
KBTBD11,-1.2474986980707774,3.082927289170698e-12,7.636212470373415e-12
FAM26F,1.223986696650491,3.1069726623718875e-12,7.693677509611682e-12
AQP4,-1.636573559001067,3.192592327442102e-12,7.900320573195838e-12
RPS6KL1,-1.1364627529885185,3.3012067903053705e-12,8.16022096739933e-12
EPSTI1,1.2260965380518396,3.3653625504748852e-12,8.315419371018642e-12
ATP2B3,1.081550177535803,3.530055303821555e-12,8.714076036813638e-12
PCDHA4,-1.6931300508935974,3.536112407704297e-12,8.727844631517467e-12
ROBO2,-1.6360844892886734,3.607489516717225e-12,8.900397353321178e-12
GPR112,-1.0518742573085578,3.64381078899792e-12,8.987572871562215e-12
ATP1A3,1.528150550360989,3.6544505258210256e-12,9.012594895206629e-12
PROK1,-1.5712225884720084,3.815171172259526e-12,9.401321354899169e-12
UNC93A,1.0335031660551544,3.957662145644629e-12,9.743213962289583e-12
FASN,-1.0347106343946049,4.003698314451029e-12,9.852551090705974e-12
CTLA4,1.4059190673452484,4.032310259447986e-12,9.918938331450228e-12
TEKT2,-1.250147106166411,4.068393447634623e-12,1.0004994045838023e-11
RPE65,-1.269919629541958,4.196170746260268e-12,1.0313650566321316e-11
UCHL1,1.7608363415788872,4.236997814964888e-12,1.0409781512458612e-11
CYP1A1,-1.971325594744941,4.289044471141952e-12,1.053338862765744e-11
AMY1A,1.9650531778908755,4.417827604465705e-12,1.084088917283489e-11
CDH2,1.6630816250443834,4.492825566628154e-12,1.1016016135416525e-11
ORM1,2.7687109243697483,4.5576170869173995e-12,1.116886158227752e-11
TEX15,1.9041095277547644,4.562627474151392e-12,1.117813027079109e-11
VGLL1,2.013002864244288,4.669302856271696e-12,1.1434860741653933e-11
SALL1,-1.2708556693099764,4.704361110129102e-12,1.1517617389062548e-11
GRHL3,1.582129873357796,4.962214964562853e-12,1.2129340539806312e-11
IFI44,1.083088170197657,5.138376032177882e-12,1.2544777214824839e-11
FAM184B,-1.6218099242513904,5.239833083944722e-12,1.278904285693829e-11
SLITRK3,-1.2882099420049715,5.257004096323831e-12,1.2827512810373014e-11
FNDC5,-1.1618639661498396,5.5114219907158604e-12,1.3433906601098126e-11
SAA4,-1.6293809444904732,5.5811724949152165e-12,1.3602099735565898e-11
RSAD2,1.3337092910403605,5.900703939495269e-12,1.435777487109108e-11
RHCG,2.0281348857853003,6.202913061310564e-12,1.5079009943247356e-11
PYGO1,-1.1981569298141803,6.480449553315299e-12,1.5745278059129525e-11
SCN1A,1.3894882589655577,6.716874892760151e-12,1.6313178608794267e-11
ABHD12B,-1.1928461356373532,6.754846688199705e-12,1.6397547736415485e-11
HIST3H2A,1.300682808616406,7.008855849285809e-12,1.7004158739777367e-11
MGP,-1.5262145697715717,7.187321500761764e-12,1.7420880596320423e-11
STRC,-1.1336042135163926,7.367620198719525e-12,1.7841265195861583e-11
SPDYC,1.6937276896674165,7.727239620536156e-12,1.8707134301452273e-11
HIST1H2BD,1.148541720913717,7.951055042791496e-12,1.9241299513950227e-11
CHMP4C,1.0520240442655915,8.008026602557847e-12,1.9376592881345274e-11
BEX1,-1.6639710971712631,8.070188146671569e-12,1.952181193805483e-11
PLEK2,1.003694537815127,8.171469960704201e-12,1.975631128897577e-11
GRP,-1.8811101254586338,8.246155083578566e-12,1.9931584249950955e-11
AMTN,1.7749915019528937,8.379830135910098e-12,2.023856281862432e-11
LOC100302650,-1.1828053142383723,8.593804607860274e-12,2.074708558048814e-11
ERN1,-1.034185708367855,8.61926412164583e-12,2.079751654378566e-11
DNAH11,1.6856613149485153,8.656533873377266e-12,2.088467675243027e-11
TPH1,-1.1049715114214695,8.685931606178742e-12,2.0952824413897647e-11
FTCD,1.3244967984376848,8.808114549473886e-12,2.1239118975238198e-11
ESRRG,-1.5100468221091248,9.035474812699872e-12,2.1778700743587892e-11
TMEM105,1.347414806485975,9.175675183174772e-12,2.210785113955399e-11
ZNF354C,-1.0272081252219198,9.41034080363914e-12,2.2664254253591328e-11
TAGLN3,1.341385702449994,9.584895192555484e-12,2.3078551215620036e-11
SECTM1,1.1963937033968488,9.651202783471621e-12,2.3232060865846854e-11
USH1G,1.1872502899751451,9.858619254239013e-12,2.371880072494221e-11
SLC4A10,-1.0913826547520413,9.948454261905216e-12,2.393177123423558e-11
CSDC2,-1.3327943957864834,1.1169554364058417e-11,2.6826678729245993e-11
SNX31,-1.0577555568706356,1.1532675552503636e-11,2.7676900867794818e-11
DDIT4,1.0571420759853236,1.1710654758861755e-11,2.809661902933446e-11
RORC,-1.5999540123091434,1.1715157495507575e-11,2.810371796135008e-11
NBEAL1,-1.1662108060125451,1.1942712704513479e-11,2.8619431195400057e-11
SH2D5,1.1840511776541602,1.2008220350931266e-11,2.8772625384757383e-11
FGB,-2.007739874541366,1.2028287361350444e-11,2.8816914298323524e-11
TRIM7,-1.025691714995859,1.2379448756560421e-11,2.9650408646798595e-11
SLITRK6,-1.817474020594152,1.3345086137140395e-11,3.1917041512858574e-11
IGDCC4,-1.0001850041425024,1.3569255992783605e-11,3.244465609308288e-11
EVPL,1.276382122144632,1.3710932581312952e-11,3.277910504040447e-11
IL18,1.0216677654160247,1.4156664565496044e-11,3.3826957874209044e-11
HOXA10,-1.3307496626819733,1.4168521026280042e-11,3.385084502446195e-11
PDCD1,1.4578125517812768,1.472286069917799e-11,3.516140557690068e-11
CYP2C8,-1.0636537874304657,1.5191630221489738e-11,3.626189941276917e-11
HOXD1,-1.0339441294827796,1.564485373395274e-11,3.731925992912354e-11
DOCK3,1.34745055036099,1.5687282233578076e-11,3.741556584090955e-11
CXXC4,-1.1291099301692507,1.5764008114041177e-11,3.759363811082032e-11
STXBP6,-1.5827020949224755,1.607792242844798e-11,3.831715396242977e-11
AKR1E2,1.02846337436383,1.6376217271515334e-11,3.901783808814053e-11
OLR1,1.3883275476387729,1.6517929027285304e-11,3.935032876373176e-11
ADAMTS7,1.032932080719612,1.705642945972912e-11,4.0601305800372585e-11
ICAM1,1.0079853177890872,1.7134601345501732e-11,4.078205390849477e-11
ANKRD35,-1.2676389454373291,1.755735936880212e-11,4.177187460335969e-11
HOXB9,1.39856101313765,1.8161514914772215e-11,4.3175402376074e-11
FMN1,-1.1021377914546093,1.8479567507279645e-11,4.392003751599574e-11
SERINC5,-1.0023954965084627,1.875587040302481e-11,4.4559267677663874e-11
FIBIN,-1.0809830394129545,1.8816701548610828e-11,4.4692121384311447e-11
CPA4,1.5447585217185456,1.9476337436924185e-11,4.621663021305318e-11
ROS1,1.676232607409161,1.9516170123766838e-11,4.6305115323635e-11
IL20,-1.3512819091016683,2.010595238756147e-11,4.767339472590614e-11
MKX,-1.520177269499349,2.0264424749038005e-11,4.8042891860737015e-11
ESRRB,-1.1791709433069002,2.1404770962528986e-11,5.0660648268224566e-11
ITGA9,-1.0458976269381024,2.1510047515732597e-11,5.08965806484961e-11
LOC729467,-1.091665404189845,2.2063994381774026e-11,5.2173407343651935e-11
KRT15,-1.8560353710498312,2.266526558932043e-11,5.3567362960581644e-11
ANKS1B,-1.0038272458279094,2.288102112036217e-11,5.405622679480241e-11
FABP6,1.5409260089951469,2.3128324102883316e-11,5.4619211681990793e-11
C10orf90,-1.8506672268907565,2.318146330734692e-11,5.473760235875418e-11
NT5E,-1.0659541129127703,2.3626755591223896e-11,5.5752894999617395e-11
MIR155HG,1.1093023375547388,2.388893226427448e-11,5.636425586605163e-11
SRPX2,-1.0813494437211508,2.4555780211034913e-11,5.792262111979636e-11
KCNV1,1.1253732926973603,2.4867503081586627e-11,5.865031855326786e-11
NR0B1,-1.1435576222038109,2.5036207209767022e-11,5.904055963717957e-11
KLHL34,1.5211834950881757,2.609776520777115e-11,6.148021484108429e-11
PCDHB6,-1.5228858977393775,2.7692745629095363e-11,6.517856848802986e-11
PTGFR,-1.5417977808024617,2.815409882312958e-11,6.62472932881887e-11
SESN3,-1.0019131435672843,2.868721805681295e-11,6.74668514584194e-11
KRT5,-2.0321302994437236,2.888066685053187e-11,6.790425971069899e-11
CFP,-1.2035885489407043,2.89416906872921e-11,6.803895074012374e-11
DYDC2,1.3679200970529055,2.9202843082129994e-11,6.86351649611378e-11
ID1,-1.056806829210558,2.928857074250944e-11,6.880999654438556e-11
GDF15,-1.5142534441945799,2.960151019262918e-11,6.952726323050697e-11
MRC1,-1.527382015623152,3.068256464527737e-11,7.200138252391182e-11
KCNH8,-1.6283560717244647,3.1054500606280226e-11,7.285540334271413e-11
FAM90A1,1.1900233577938213,3.154710477680326e-11,7.392532804481844e-11
FCRL4,1.0616600899514734,3.179350088818256e-11,7.449312609957357e-11
C11orf9,1.1390881879512396,3.321602886995642e-11,7.775609227363898e-11
FPR2,1.3204781157533434,3.576536737669462e-11,8.359488730841963e-11
LRRIQ1,-1.3538678541839269,3.623320230422194e-11,8.463402817191736e-11
LOC162632,-1.279619872174223,3.6977418971051755e-11,8.630593121298309e-11
RTBDN,1.1180458456622087,3.722062640313469e-11,8.683828899629901e-11
HOTAIR,1.844101923304534,3.756452665384747e-11,8.75976272969492e-11
TBX20,1.2169231033258376,3.766975151707849e-11,8.783175187208656e-11
OR7E91P,1.3033147058823524,3.835399991075037e-11,8.94042592361876e-11
SORCS2,-1.3222361640430815,3.878981918660426e-11,9.039701429442545e-11
DNAJC5B,1.3315114569771578,3.8867117658353334e-11,9.056555846582255e-11
SULT2B1,-1.6399094981654638,3.896618643684219e-11,9.078478071289368e-11
TMEM52,1.1221202154101082,4.026539612858693e-11,9.372775009318004e-11
CWH43,1.9991701266422066,4.071298648361246e-11,9.473328556323631e-11
OAS2,1.1270937507397338,4.186889703510461e-11,9.734826066292109e-11
SLC1A1,-1.0905916262279556,4.2256227631268065e-11,9.82362850028062e-11
TIFAB,1.3792619126523857,4.462353691893616e-11,1.0359791455035243e-10
SCG5,-1.0861773878565497,4.5501750776145436e-11,1.056195319278469e-10
TTC22,1.068599159663866,4.626794493158312e-11,1.0732960387276761e-10
PRKAG3,1.1492901881879514,4.644493321625279e-11,1.0769899609368784e-10
TDRD9,-1.6842942123328215,4.815249578906834e-11,1.1160171643091557e-10
FAM83B,1.2107316546336842,4.8307077558510965e-11,1.119220530662035e-10
CLCNKB,-1.039094602911587,4.959862803165509e-11,1.1483640626560896e-10
CRB3,1.0068362764824244,5.296701762036441e-11,1.2246394281004613e-10
SPATA22,-1.2659760622558878,5.3445288234931114e-11,1.2352267416714715e-10
CPAMD8,-1.288184998224641,5.664349093890356e-11,1.3069862663973398e-10
ID4,-1.2980492780210664,6.09531786843724e-11,1.4039361148824885e-10
TBR1,1.001668676766481,6.537067317170492e-11,1.5030218059170706e-10
MNX1,1.6007255296484793,6.807476454112525e-11,1.564404669791823e-10
RGR,1.4723599715942717,6.835982826784298e-11,1.5707573263816535e-10
ADAMTSL3,-1.3237410048526437,6.969130385087129e-11,1.600745494003041e-10
SIGLEC8,-1.1624414013492714,7.214811131266117e-11,1.6565490290418406e-10
HIST1H3G,1.2830904130666356,7.48751605389328e-11,1.7176465624325064e-10
GABRE,-1.5790091312581378,7.543621298188671e-11,1.7298631707096041e-10
PTPN5,-1.0319578589182143,7.558512016882144e-11,1.7330595067805225e-10
LOC400696,1.4951459225943897,7.619302767372102e-11,1.7465579684482355e-10
TNFSF13B,1.1027834181559957,7.783638583924645e-11,1.7831056272738526e-10
DDX25,-1.0465777725174574,7.81692929099781e-11,1.7902813775041914e-10
MRO,-1.0047810155047934,7.906241289528373e-11,1.8102806313620753e-10
S100A8,2.2168392768374945,7.985785843257613e-11,1.827804095370531e-10
NKX3-1,-1.048074825423126,8.50811782544511e-11,1.9458885384668592e-10
PCDHGB4,-1.30219300508936,8.847523017405723e-11,2.0214818813334553e-10
FPR3,1.1266964788732388,8.957915207752836e-11,2.0451640602875312e-10
S100A7,3.0405910581133857,9.003379463565973e-11,2.055028418498952e-10
ALAS2,-1.2394932062966029,9.112856296372106e-11,2.0787133228428755e-10
NOS1,-1.1641419872174217,9.287061767707012e-11,2.1176548334908022e-10
CXCL13,2.561659936087109,9.546914673310569e-11,2.175816799778043e-10
KCTD14,-1.4688931589537226,9.642608422899132e-11,2.1968010152945294e-10
RHOH,-1.1992251804947331,9.657790388042326e-11,2.1997091896087894e-10
CNTD2,1.2762161202509175,9.772439553143178e-11,2.2247088192329323e-10
ANGPTL4,-1.361748408095636,1.0075070792592808e-10,2.2915970715677482e-10
NPHS1,1.1012945082258256,1.0268195018895432e-10,2.3334825708982964e-10
CYP27C1,1.432143087939402,1.0303440512111537e-10,2.340813546929781e-10
PALM2,1.0488724760326678,1.0482762532948033e-10,2.379866879362098e-10
RND1,-1.2156247484909457,1.0537709027063619e-10,2.391963076530957e-10
CEACAM19,1.0015989170316013,1.0562151628851185e-10,2.396993468395189e-10
FAM153A,-1.0115608474375666,1.0693923845628454e-10,2.426293104349679e-10
ITGA10,-1.441269020002368,1.0755680195682e-10,2.4396965308660365e-10
MAGEA3,2.5142259083915253,1.0833447332090015e-10,2.456724078560291e-10
ABCC12,-1.3720146585394724,1.119750891041721e-10,2.537702374207227e-10
GRIK4,-1.1146010119540766,1.1322819085720438e-10,2.565462731109897e-10
TNNT1,2.2525672150550355,1.1417218488403907e-10,2.5862074184223035e-10
C1orf105,1.1173859095750975,1.1927480305842938e-10,2.699103978210579e-10
S100A9,1.9641387679015292,1.248480725315026e-10,2.8224161255476173e-10
ITPKA,1.1466174103444196,1.2560884426542724e-10,2.838909600401753e-10
UPK2,1.2250535092910406,1.301432349365156e-10,2.940661997951085e-10
EDIL3,-1.3569982128062499,1.3090303420469268e-10,2.957106161504973e-10
CA8,-1.837964350810748,1.309034854112348e-10,2.957106161504973e-10
ATRNL1,-1.6752688424665632,1.3317904408999295e-10,3.008137659225886e-10
C3orf57,-1.7313677003195638,1.4316301581981327e-10,3.22763980303203e-10
SH3GL3,1.4952464019410585,1.470825631494689e-10,3.313954569884618e-10
SLC10A4,1.022372150550361,1.5420989849263239e-10,3.4689604328489706e-10
IVL,1.8083735649189259,1.601091976642185e-10,3.6007755437135776e-10
LIX1,1.1443339981062848,1.6031674192628336e-10,3.604997718695659e-10
CXorf57,-1.241116362883182,1.6095515463981636e-10,3.618459528107419e-10
ATP13A5,-2.128493963782696,1.6389137527109148e-10,3.6835593333247047e-10
TRPM8,1.8301088353651318,1.7453661985973042e-10,3.9174970299712364e-10
NCAN,2.3205431885430228,1.7878154206501828e-10,4.011291027005458e-10
KLHL30,-1.5577381701976583,1.8158278575253351e-10,4.0731379532389003e-10
KCNK2,-1.3748188720558643,1.8328247110043857e-10,4.110757542436278e-10
HOXC12,1.2606307551189488,1.8502453572960914e-10,4.148296124998245e-10
BZRAP1,-1.0416292046396034,1.867203907580924e-10,4.1852866309192904e-10
EYA4,-1.4322376671795474,1.8729151953818939e-10,4.1975714481084236e-10
SULT4A1,1.5725377086045684,1.8832570263938112e-10,4.2197104445404414e-10
PHKG1,-1.318331879512367,2.0115766985702842e-10,4.496712592911075e-10
PLA2G4D,1.1468139188069593,2.0188130743985737e-10,4.512334773241311e-10
GPR15,-1.3581485856314353,2.0945418052853157e-10,4.675284424476837e-10
BPI,1.7802858681500768,2.102436957488097e-10,4.692332017797429e-10
FBN1,-1.1661165285832666,2.1400055662606374e-10,4.773838397382645e-10
CTNND2,-1.7004582376612616,2.1741210908397212e-10,4.849347655502444e-10
CLEC4E,1.4662154692863063,2.179198309107201e-10,4.860076797436704e-10
MMP16,-1.3591888270801284,2.2373545022248697e-10,4.986112145445556e-10
XK,1.0729343590957487,2.2390146906484771e-10,4.989201176872841e-10
SLCO1A2,-1.982312605042016,2.2735909231529335e-10,5.063767964536014e-10
TNFRSF12A,1.0073641732749454,2.385321672971659e-10,5.31131625848356e-10
C1QTNF2,-1.1357859391643972,2.3876942616279117e-10,5.315948953573004e-10
PHYHIPL,-1.281362380163333,2.459027825815486e-10,5.473426695196783e-10
CDX2,1.0522058586815008,2.534222241562954e-10,5.636662691003232e-10
FEZF2,-1.151452148183217,2.8007866423218684e-10,6.218921596753473e-10
ADARB2,-1.1244569712392005,2.8042008140111217e-10,6.22574306835522e-10
AGPAT2,-1.042724180376375,2.823289805341277e-10,6.266594845339259e-10
IL11,1.0641260089951472,2.896453465079772e-10,6.424289317027792e-10
MAGEA6,2.641964747307374,2.923949711250185e-10,6.483695528552457e-10
CACNA1E,1.0577490886495442,3.02361432714261e-10,6.702246906597287e-10
SLC28A3,-1.5885106699017646,3.079908997370889e-10,6.825369305958399e-10
RAB25,1.1607580778790378,3.269855051784322e-10,7.240137636252283e-10
RNF150,-1.28888548348917,3.2769203975059194e-10,7.254899294064736e-10
DKK4,-1.0695376494259676,3.417161509875669e-10,7.561705684933965e-10
DSCAM,-1.1107183157770146,3.4387500458449765e-10,7.607628474053975e-10
SERPINE2,1.0935625754527152,3.4957041153523406e-10,7.731749940675414e-10
GABRB3,-1.7776524440762227,3.5500547585725597e-10,7.848147531005137e-10
PCDHGB2,-1.0703188247129853,3.6418962145609314e-10,8.045319999229688e-10
KLK11,-2.2202797431648724,3.678787474845627e-10,8.123858838361634e-10
NPNT,-1.0803413599242493,3.683518699290385e-10,8.133320097426356e-10
NR2E1,1.1197226121434491,3.722302015036071e-10,8.216961384877711e-10
ABP1,1.2864243875014796,3.8531947215116315e-10,8.499721705729063e-10
TUBA3D,-1.081977204402888,3.924816536036329e-10,8.653516885352386e-10
CHGB,-1.460428399810629,4.1798268224475574e-10,9.207961714754071e-10
C8orf46,1.6937093324653807,4.263716762706822e-10,9.388222599679724e-10
LTF,-2.3950036690732635,4.278530149294431e-10,9.418561411005748e-10
MAG,-1.2437903065451537,4.3116620183561133e-10,9.4892012719304e-10
CD70,1.3349030062729317,4.4188517621112805e-10,9.72040587621893e-10
BARX1,1.8637351757604446,4.482933180436708e-10,9.858986671920913e-10
C12orf56,1.1111891584802933,4.603852923106712e-10,1.0115139983018888e-09
BMP2,-1.1993357853000353,4.687640808668696e-10,1.0294260542911843e-09
IRX4,-1.9461998934785165,4.745233858648374e-10,1.041696718873328e-09
IL1R2,1.2567816901408446,4.757449641194596e-10,1.0442524516901632e-09
ZMYND10,-1.21046443366079,4.899866282992946e-10,1.074605613847236e-09
PCDH20,-1.4379581193040583,4.91359861647861e-10,1.0774874788068924e-09
HIST1H2BC,1.0794748017516884,4.987659816051073e-10,1.0934646709813042e-09
HFM1,-1.0700123150668726,5.192432787922595e-10,1.1365783313919552e-09
CD300E,1.01854940821399,5.469058614920241e-10,1.1961224794832771e-09
BANK1,-1.5203724582790867,5.58014123269275e-10,1.2198308017137761e-09
HTR3A,1.4828795478754877,5.6470494036702e-10,1.2338643655624613e-09
KCNQ4,1.1106442596757011,5.961704179192267e-10,1.301521961787441e-09
KCNQ5,1.323928843650136,5.997676023116522e-10,1.3089041679509657e-09
TPRXL,1.3349733222866602,6.119353791068569e-10,1.3351384041570316e-09
ACSL6,1.5461501893715228,6.276929256770268e-10,1.3683705779759184e-09
C3,-1.165980133743636,6.430341929252749e-10,1.4011433341894636e-09
LTB,1.542638667297905,6.856267240351538e-10,1.4914511541123214e-09
NLRP7,1.434932530476979,6.905093382065398e-10,1.5018928764934452e-09
S100B,-1.5908291868860198,6.987661057776279e-10,1.5193071456605544e-09
KCNH2,1.459114048999882,7.019053927669597e-10,1.525586133079041e-09
GPR97,-1.1572934193395654,7.04278275576783e-10,1.530560822627051e-09
OR2A4,-1.0322909338383237,7.095837889963833e-10,1.5419068534202178e-09
SLC22A16,1.0986473665522547,7.131532102625576e-10,1.5492932195261171e-09
CABP7,1.1306991064031244,7.198938713728943e-10,1.5633772537104264e-09
FFAR3,-1.094551396614984,7.323523362843863e-10,1.5900536232567611e-09
CHRM3,1.407103645401822,7.391851194689402e-10,1.6043146214013495e-09
RGS20,1.1891351698425852,7.408021867661065e-10,1.6076325948621167e-09
MYCN,1.2844968043555447,7.891640403359312e-10,1.7093842728866793e-09
TMEM130,-1.370142283110428,8.035896283340277e-10,1.7397409615323866e-09
CXCL3,-1.1267774292815709,8.051804121435816e-10,1.7427703974137473e-09
DAPL1,-1.526984501124394,8.137542600893013e-10,1.7602814968990555e-09
PRSS3,1.3305608356018461,8.226705055611552e-10,1.7791459204858867e-09
DAPP1,1.0156550834418274,8.777090676836693e-10,1.8945734802615717e-09
MAGEA4,2.3393642087821043,8.804245002145985e-10,1.8997590300386836e-09
ZNF280B,1.1902920700674642,8.916480369533654e-10,1.923065073064231e-09
EPHB1,-1.299600289975145,9.022801393548375e-10,1.945074061662258e-09
TMEM63C,-1.519877103799267,9.255026873844011e-10,1.993483069276802e-09
PDZK1P1,-1.0472437270682926,9.834639108493595e-10,2.114075763957356e-09
SFRP1,-1.1615960291158753,1.0378516136478833e-09,2.2278317126453324e-09
SHISA3,-1.379657876671795,1.0465560077923622e-09,2.2462515045212086e-09
WBSCR17,-1.505400325482305,1.0874480783647834e-09,2.332094412167077e-09
CRYM,-1.5746304592259435,1.1269984205245644e-09,2.415011334197166e-09
MMP8,1.2488771511421466,1.1961316989239756e-09,2.559443436641957e-09
P4HA3,1.301993259557344,1.23185482371983e-09,2.6337154517467776e-09
F5,1.2453404959166763,1.3046420701903296e-09,2.7883526598185472e-09
PRKAA2,-1.085160119540773,1.3179808059749546e-09,2.8161996256793164e-09
ARL14,1.012828719375074,1.3419092267402763e-09,2.8666557510096525e-09
LAMA1,-1.3629230441472364,1.428770540120978e-09,3.0482782632234135e-09
KCNA2,-1.0790961001301924,1.4946538382641558e-09,3.18771925224633e-09
PLA2G4F,-1.3811864007574854,1.5781692499268633e-09,3.3615041956960793e-09
FAM110C,-1.091351278257782,1.6397813322578044e-09,3.489471544434044e-09
CXCR1,-1.202285376967689,1.7123066220490702e-09,3.6391263795865996e-09
RASEF,-1.2373104154337797,1.7176899433581978e-09,3.6501412606758436e-09
CSAG1,1.5796904604095159,1.7440923770255414e-09,3.7040851171387156e-09
FCER2,-1.6133936974789922,1.8199612851777903e-09,3.861610359493101e-09
GOLGA7B,-1.05313425257427,1.9312025774724124e-09,4.092395869351609e-09
UGT2B10,-1.050337608000947,1.9780808562239713e-09,4.189296780203019e-09
MFI2,1.1660504971002474,1.982003597811502e-09,4.196628066879467e-09
STON1-GTF2A1L,-1.5702294236004262,2.0161270833505356e-09,4.266894698085083e-09
PDE3A,-1.2635063972067693,2.0534974104926674e-09,4.343459605298399e-09
PP14571,-1.1241457924014666,2.075166615918893e-09,4.385725985089006e-09
HAPLN4,-1.2014345958101549,2.086105615116199e-09,4.407821301446334e-09
RBPMS2,-1.0667487690850983,2.1220604999850125e-09,4.481191099910346e-09
GALNT5,-1.1268870280506569,2.145556625485376e-09,4.529757278324089e-09
SLC1A6,1.8007617351165817,2.1533590735870033e-09,4.545702796764956e-09
NXPH1,-1.5079718073144748,2.2280102858563925e-09,4.697298034913587e-09
C12orf69,-1.0607414250207126,2.326868210727314e-09,4.901178204104293e-09
NDP,-1.1745215824357924,2.353734169363093e-09,4.9566199774313255e-09
CASP14,2.3514164279796423,2.446750997125002e-09,5.147735598782525e-09
GJC3,-1.0083209018818784,2.5673877590797828e-09,5.3959311140202386e-09
STAG3,1.1123221623860813,2.6246523454712932e-09,5.511830485073137e-09
CHADL,-1.0203514794650266,2.7196386007468232e-09,5.709327811024614e-09
ESYT3,1.0206533317552386,2.758304626627494e-09,5.787829293198879e-09
IL12B,1.0608497751213164,2.8184224456235133e-09,5.910569559641108e-09
CHGA,-1.4032538525269265,2.823622346367072e-09,5.920792255606475e-09
PRSS50,-1.1819115634986384,2.877523291839673e-09,6.030342675726177e-09
CPNE7,1.353148360752753,2.932807539312941e-09,6.141957620583693e-09
UBD,1.7469254172091357,2.9812018160379763e-09,6.237565133027504e-09
CYP8B1,-1.1575363948396276,2.990977416210523e-09,6.257299380218383e-09
GRB14,1.3160130666351053,2.995899099603335e-09,6.26687558148466e-09
PCDH11X,-1.4706142975500063,3.018082110961985e-09,6.3125529892957616e-09
LOC286467,1.2454672979050776,3.0659969916280825e-09,6.410560904962783e-09
PRSS1,1.1025949343117527,3.0829436914349878e-09,6.4437735693180714e-09
RET,-1.2782432418037644,3.186578824146154e-09,6.656563499647974e-09
BCAT1,1.0753175227837595,3.2142176178981434e-09,6.712758524391912e-09
GPR39,-1.2090034856195988,3.263348758459635e-09,6.809897678578556e-09
HYDIN,-1.1206266481240394,3.4023921996187923e-09,7.0935454369099615e-09
LOC254559,-1.098353840691206,3.609574684666537e-09,7.515165044605396e-09
LINGO1,1.0120337613918773,3.723308169830964e-09,7.74310277795419e-09
SP5,-1.1883574032429864,3.835490907013227e-09,7.972757905716773e-09
ALPK2,1.0374605988874404,4.069913301655187e-09,8.453289802604902e-09
TMPRSS2,-1.448393875014795,4.1285982569110504e-09,8.57224524587109e-09
STAC2,-2.0322604509409405,4.174462351435326e-09,8.664508344718045e-09
GRIN2A,-1.5493984850278135,4.180003427563353e-09,8.675020224824504e-09
LILRB4,1.0393290093502188,4.305293437327385e-09,8.928934310091192e-09
SLC28A1,1.2130793466682448,4.364941535143531e-09,9.04851734019106e-09
CCDC144A,-1.1556019884009947,4.3724110640253284e-09,9.062969551178895e-09
GLYATL1,-1.4268734169724224,4.376627626729254e-09,9.07067661270097e-09
GPAT2,-1.3673392827553572,4.387480672706368e-09,9.091099679598638e-09
ASPHD1,1.2011223280861643,4.465418828559183e-09,9.250485824088177e-09
INS-IGF2,-1.0626195407740564,5.0110095713527335e-09,1.0354797051576095e-08
LACRT,-1.4272216593679727,5.036211331925935e-09,1.040451195948789e-08
HOXD13,1.397813824121198,5.10771535731817e-09,1.0543858318129128e-08
SLC1A2,-1.168281926855249,5.35754417118776e-09,1.1049555466590845e-08
MYB,-1.338935092910404,5.6438834381240075e-09,1.162825243057966e-08
KLHL38,1.3385719434252583,5.7996825087657185e-09,1.1937089632187062e-08
DCD,-1.9135109480411885,5.913126280480606e-09,1.21650811125213e-08
ETV4,1.1683548348917032,5.972968105373532e-09,1.228402874501349e-08
DIRAS1,1.104628737128654,6.046271156831257e-09,1.2430570800519467e-08
PLEKHB1,1.0719944253757845,6.407434348710211e-09,1.3156743085118102e-08
VPREB3,1.1327741507870752,6.893080712620506e-09,1.4133222371235758e-08
CLEC3A,-2.0153243401585987,6.918049032346703e-09,1.4182818620994147e-08
IGFBP2,-1.213169866256358,7.0555446361672464e-09,1.4454932922020528e-08
CDR1,-1.4196726772399084,7.082884242310334e-09,1.450604656421861e-08
HCG4,-1.0366428571428568,7.443917363150052e-09,1.5226612851041736e-08
HABP2,-1.2971334004024142,8.04169835592642e-09,1.6421700154019366e-08
LOC84856,1.1669489170316023,8.047946411414791e-09,1.6432615650811378e-08
MRAP2,-1.0504776541602565,8.161956205145646e-09,1.66560637670702e-08
LST-3TM12,-1.6928727482542314,8.473650786179383e-09,1.7274707723241497e-08
SLC35F1,-1.0018044383950748,8.511515544059072e-09,1.7344130465521918e-08
FGG,-1.6753136584211155,8.599186919625887e-09,1.7514937842447132e-08
ZBP1,1.2811332051130302,9.003626009730354e-09,1.831820769588931e-08
KCNN4,1.0625463901053411,9.209351878957742e-09,1.8726299402666196e-08
LOC731789,1.005504000473429,9.276085707176699e-09,1.8853571698050185e-08
CHRNA6,1.0356587288436503,9.337616324432345e-09,1.89701595930404e-08
RGS13,-1.097740306545154,9.524264700220645e-09,1.9334246719986216e-08
HMGA2,1.3304547934666826,9.897986784412883e-09,2.0077229043533283e-08
ANKRD20A3,-1.026336708486212,1.0352173325387053e-08,2.098214130297523e-08
DQX1,1.0212126168777362,1.0507606131161054e-08,2.1292436202329364e-08
LYZ,1.3434946206651652,1.103070419542131e-08,2.2317651269229088e-08
GVIN1,-1.0123259853237068,1.1723070494502033e-08,2.3696483553422265e-08
SORBS2,-1.124777778435318,1.19388728688152e-08,2.412291073715652e-08
CRYAB,-1.3095489998816419,1.1993549207555092e-08,2.4225319155029442e-08
PAX1,1.4975956385371048,1.234832473637606e-08,2.4910340091326307e-08
GTSF1,1.4110075334359091,1.316026691403193e-08,2.6520130481138408e-08
FGFBP2,-1.6760705231388338,1.3398485709104029e-08,2.6991216839621584e-08
RASGRF1,1.2954486980707784,1.4017564194632622e-08,2.8219610820050612e-08
C4orf40,1.7168958397443483,1.4231276033456148e-08,2.864034468070782e-08
FFAR2,-1.0810870931471181,1.4625717070778464e-08,2.941464234221416e-08
PEG3,-1.8397403953130587,1.4806364353349092e-08,2.9771374165913345e-08
GREB1L,-1.228295526097762,1.523822596975941e-08,3.060929456273787e-08
PCDHA13,-1.1515939105219561,1.606234581783199e-08,3.220430454036741e-08
XKR9,1.3119894247839992,1.6086813608481027e-08,3.2246257913795855e-08
EMILIN3,-1.4850218369037744,1.64334517364842e-08,3.292297182029737e-08
CLEC4F,-1.2401562966031476,1.675881229643994e-08,3.356002862839343e-08
ASCL2,1.0728499585749791,1.7593853740300004e-08,3.5208984128702834e-08
RBM11,-1.1057761746952322,1.8091842121932272e-08,3.618964858742123e-08
PXDNL,1.289742644099893,1.959763815815535e-08,3.9098619837012474e-08
KCNT2,-1.0367145165108287,1.9800671270314575e-08,3.9486373699993014e-08
FCGBP,-1.3346481122026272,2.1116341698248905e-08,4.201341872698927e-08
AZU1,-1.0346114984021781,2.137524370187742e-08,4.25053049055358e-08
EYA1,-1.3242931471180017,2.1570960220688e-08,4.288043998003535e-08
CACNA1B,1.3839163628831819,2.1886057029311777e-08,4.3492565076917277e-08
RIMS1,-1.0842943721150435,2.2046098049335982e-08,4.379625917189379e-08
SLC24A2,1.0733118712273644,2.2597503459906874e-08,4.4857399725265516e-08
TNF,1.0797284885785308,2.3927736659099775e-08,4.7430751432602986e-08
SIRPG,1.2370585513078467,2.435996707883503e-08,4.827177016503746e-08
SDK2,-1.2058179133625275,2.5085941034834758e-08,4.966170578108723e-08
PLA2G2A,-2.192288904012309,2.5367953083387658e-08,5.020907360844901e-08
COL9A1,1.81951107823411,2.5797634747502195e-08,5.1020680715860765e-08
CCDC78,1.0313085217185458,2.6571923642118012e-08,5.2523479862903046e-08
S100A7A,1.8740105692981417,2.7080714050205066e-08,5.348852407290395e-08
NFASC,-1.2010779382175354,2.869333290941159e-08,5.659386054285612e-08
LGR6,-1.5780516984258481,2.9397024300573218e-08,5.7925312117702346e-08
IRX1,-1.6603400994200488,2.9621797594755126e-08,5.834926757032005e-08
DNASE2B,-1.0755399337199674,3.3314800175913755e-08,6.544672000886662e-08
MAGEB4,1.3623806190081664,3.3336844111140516e-08,6.548295816932026e-08
C6orf223,1.6861392886732154,3.37338815960588e-08,6.624140741025441e-08
MOXD1,1.1310659900579916,3.385274929034902e-08,6.646765131401393e-08
SLC30A8,-1.5243696887205582,3.548742409311661e-08,6.960965309989242e-08
HHIPL2,1.366262149366789,3.675638016060207e-08,7.205216326334691e-08
C3orf55,-1.2012300745650393,3.7678101590462794e-08,7.383512576716485e-08
COL11A2,1.4073984258492125,3.802280434121208e-08,7.447854378812908e-08
HTRA4,1.1014817374837262,3.816504719124763e-08,7.47491235229482e-08
PPM1E,1.133129855604213,3.837834843621877e-08,7.514263489130798e-08
PNCK,1.1109770387028046,3.937150562253214e-08,7.700435337347724e-08
TUBB2B,-1.479065043200377,3.988053677363304e-08,7.797480245869411e-08
IL8,1.3045582494969823,4.05998781521047e-08,7.934717436147324e-08
PAX2,-1.2128745532015628,4.120946435769763e-08,8.052988509964251e-08
FLT3,-1.2894853532962496,4.1253591164767084e-08,8.0598810773023e-08
SLC35F3,-1.3687520120724335,4.1746917184728535e-08,8.151889439107633e-08
PLEKHN1,1.0579813469049588,4.196273888940459e-08,8.192275160916256e-08
ZNF492,1.1211184992306764,4.437659149828361e-08,8.650536464374134e-08
PRPH,-1.0130270505385255,4.733874609886193e-08,9.217105521848152e-08
CHI3L2,1.2962258610486472,4.761465925208779e-08,9.269835747227316e-08
TRPM6,-1.0547350574032421,4.773528152411485e-08,9.291331582372354e-08
RAB17,-1.010541584802934,4.7742135090192874e-08,9.291672030864758e-08
NEFM,-1.0698535684696422,5.03711548866222e-08,9.791821149094234e-08
RARRES3,-1.0210142797964252,5.3972334325621146e-08,1.047397016768957e-07
TPSD1,-1.4640939697005564,5.623494611732674e-08,1.0901434762233211e-07
GRAMD2,-1.040088116936916,5.6665110395391605e-08,1.0981315921721638e-07
GSTT2,-1.1331787844715366,6.412987324543298e-08,1.23949467263391e-07
TYRP1,1.2312040478163098,6.453918726332401e-08,1.2471410039854425e-07
PMP2,-1.0136909930169251,6.508010835995878e-08,1.256926485386026e-07
PADI2,1.103002089004617,6.732519889344881e-08,1.2989089512002637e-07
LOC100144604,-1.0465061723280873,7.223482030998034e-08,1.3905355690594038e-07
MAPK15,1.1993632619244874,8.035296020493195e-08,1.5435467862076576e-07
C12orf53,-1.2456926263463135,8.113858290436036e-08,1.5578162900623055e-07
SRD5A2,1.1540983015741508,8.921452972851632e-08,1.7096242600780951e-07
CCNO,-1.0547044975736766,9.25458082727097e-08,1.771783075292527e-07
ZFP42,1.6125829624807668,9.815528553070268e-08,1.876610295678375e-07
CDH4,-1.2440335779382172,1.1327642403493283e-07,2.1546193800500338e-07
BNC1,-1.4908643034678675,1.211366578445937e-07,2.2993228182952442e-07
KRT1,-1.085614960350337,1.284349679151767e-07,2.4325270221204466e-07
S100A14,1.2751142561249846,1.305467961962846e-07,2.470468168376098e-07
CST4,1.0174561959995263,1.3147513219504364e-07,2.4867433825294884e-07
RNF182,1.2636837377204415,1.3542103828446263e-07,2.5581871729888683e-07
OGDHL,1.3298294650254472,1.3842043362824802e-07,2.6129494486518705e-07
LDHC,1.1900450940939749,1.4902955658303664e-07,2.8065228827653794e-07
C2orf65,-1.146846715587643,1.4921726042216278e-07,2.8097670336863856e-07
TRPV3,1.039326624452598,1.6246778325584143e-07,3.0516985436034277e-07
UNC5A,-1.18870986507279,1.706051310301579e-07,3.198275180372775e-07
SCD,-1.170484637235175,1.7420220713353755e-07,3.264699656596092e-07
SLC27A2,-1.1967996390105338,1.772149721297538e-07,3.3180869550276777e-07
EFHD1,-1.0231563972067725,1.7739764150205687e-07,3.3211655541108106e-07
ATP10B,1.0447335720203572,1.791325941036516e-07,3.352612184319114e-07
CMTM5,-1.3564054799384544,1.8382144611358917e-07,3.4378935411544887e-07
MAGEA2,1.6262998461356375,1.8629171731681072e-07,3.4823045084390076e-07
DMBT1,-1.6237014498757243,1.8640743363292834e-07,3.4841097796695707e-07
LMO1,1.0745206059888743,1.8829264622410813e-07,3.517901097421164e-07
LOXL4,-1.1534988223458393,1.885375563704814e-07,3.522115290036815e-07
ALDH3B2,-1.3316297550005913,1.968523341317809e-07,3.6717932556622683e-07
RND2,-1.0474206710853364,2.0065559485583884e-07,3.740817076158167e-07
EPHA8,1.2206818676766487,2.0604098087540158e-07,3.8380720168593274e-07
HEPHL1,1.1803789265001774,2.151546132915362e-07,4.004969246084296e-07
BCL2L14,1.2370509350218963,2.1536408956972638e-07,4.0084586118995186e-07
CBLC,1.0622795774647908,2.4461814012910085e-07,4.537637832232776e-07
LSAMP,-1.1521590602438172,2.471173593549449e-07,4.5825970785840074e-07
B4GALNT3,1.1014595277547654,2.560041692531381e-07,4.7449790173249903e-07
S100A2,1.345350331400165,2.6626374221930707e-07,4.929616456080194e-07
HOXC10,1.1114268315777016,2.7365127867162057e-07,5.063814400385798e-07
FCAMR,1.0447945674044266,2.7787703805169e-07,5.140442808592391e-07
ANKRD1,1.3171551367025685,3.011752722748193e-07,5.558444166296803e-07
CCBP2,-1.2468583382648832,3.1098766705685117e-07,5.734888565936442e-07
PVALB,-1.2219181974198128,3.5068584854061576e-07,6.442808337691592e-07
PKHD1,-1.173356716771215,3.578664616312132e-07,6.570751665395374e-07
NPTX2,1.337039862705646,3.583922606428984e-07,6.578415166363496e-07
PPP4R4,-1.5472795537933495,3.842068076054831e-07,7.045146085265045e-07
MOG,1.2037544916558172,3.985509685929376e-07,7.299349312101061e-07
LRRC14B,1.1901639543141198,4.0370580143570525e-07,7.391527563401874e-07
PNPLA3,1.1334074032429862,4.390394217550012e-07,8.015882240929074e-07
SNAP25,-1.0086666528583264,4.6952631115053555e-07,8.557912728420145e-07
STRA6,1.117661729198721,4.799942462146244e-07,8.740215082103869e-07
LRTM2,1.0324625221919752,4.83415137993141e-07,8.799605756889145e-07
APOC2,1.1692614333057163,4.838558519672054e-07,8.806747398619178e-07
TMEM90B,1.0498009350218966,4.871075882416695e-07,8.863274119115464e-07
EDAR,-1.2165600011835704,5.419629871367283e-07,9.83388382660473e-07
CHI3L1,1.1378687596165182,5.643930201430258e-07,1.0230677300999302e-06
FAM5B,-1.3843089418866157,5.752288548554011e-07,1.042294529656865e-06
FOXI3,1.0136916854065567,6.005662524063752e-07,1.0867986372952824e-06
PCDH10,-1.1369701384779263,6.076794240054138e-07,1.0991244589795855e-06
IYD,-1.2734278731210797,6.683788515298919e-07,1.2061564622185608e-06
TM7SF4,1.0463520239081556,6.881516483193575e-07,1.2411002134506356e-06
SIGLEC12,1.1432650017753572,7.176490840322188e-07,1.2930185367354724e-06
ABCA12,-1.5075444549650863,7.192143358136424e-07,1.2955822419411908e-06
CCDC144B,-1.0748928393892783,7.204082433529464e-07,1.2974761307760644e-06
APCDD1L,-1.2603237483725893,7.259013838300596e-07,1.3069898004496892e-06
CEACAM7,-1.0684428571428572,7.893964708243348e-07,1.4183579072564768e-06
FAM150B,-1.5087660078115745,8.355821828217321e-07,1.4989753103285691e-06
LOC440905,-1.239571067581962,8.406832734053341e-07,1.5076805542657436e-06
MUC7,-1.6062254527162976,8.531700728427133e-07,1.5291704249661196e-06
DKK1,1.4020182565984145,8.780955518839226e-07,1.5719879357733126e-06
DIRAS2,-1.0958865309504078,9.203997337733607e-07,1.6454563301784014e-06
KRT9,1.081968150076932,9.257790587854016e-07,1.6547482528545429e-06
ITIH5L,-1.4292869333648976,9.264911904622424e-07,1.6558585311717426e-06
PRODH,-1.1136909456740431,9.475087565471591e-07,1.6922588201950486e-06
GPR87,-1.2215315185229034,1.0358444663327095e-06,1.8444171789743042e-06
B3GALT5,-1.2742515682329287,1.064166730129259e-06,1.894106481719263e-06
LPPR3,-1.4958669783406324,1.1016241678817736e-06,1.9594356779315935e-06
TCL1A,1.3946463605160373,1.1339944721142136e-06,2.015830212489749e-06
SLC5A1,-1.2904927802106787,1.1448658345427344e-06,2.0335668214462717e-06
WDR72,-1.4273993431175285,1.148832638822831e-06,2.040214685316292e-06
RNF212,-1.2890925316605513,1.1849754782700833e-06,2.1027596637697724e-06
LMO3,-1.2792945910758684,1.1944315627414023e-06,2.118919962633442e-06
TP73,-1.050231897265948,1.2180032458796048e-06,2.1598941144419334e-06
AKR1D1,-1.1302632855959283,1.3924653127347947e-06,2.4604005132703812e-06
CACNG4,-1.4204251449875702,1.6417526589426095e-06,2.890487461328226e-06
PSG4,-1.3964976861166993,1.6516323252591428e-06,2.9070453700147146e-06
GRM4,1.0771278731210798,1.7110311143653867e-06,3.008684251815411e-06
GSTA2,1.0447036809089831,1.8021034707744125e-06,3.1648518551381213e-06
FBXO2,-1.0305677950053242,1.8583612192789893e-06,3.2601917188256983e-06
RSPO4,1.2036158776186539,1.9739568122997172e-06,3.454661653138328e-06
INE2,-1.0928733282045213,1.9908574866873067e-06,3.4839049058035993e-06
UPK3BL,1.1046859628358394,1.991990636422025e-06,3.4855527785052502e-06
ADAMTS16,-1.3889252870162148,2.188717561685104e-06,3.81730629255092e-06
MUC16,1.476276328559595,2.2381019581714724e-06,3.901567702029814e-06
HP,-1.501217126287134,2.2669195400088303e-06,3.949912547791781e-06
VSTM2L,1.1560582139898212,2.313156585823236e-06,4.02931955327659e-06
FOXQ1,1.0634353473783884,2.483053391656267e-06,4.317002950173737e-06
DIO1,-1.281445804237189,2.557875010012724e-06,4.442419502648757e-06
CR1,-1.0226429814179188,2.648548410899654e-06,4.5937614791430585e-06
STMN2,-1.047534838442418,2.7896940281699573e-06,4.8321248829363154e-06
PCDHA12,-1.1622067345247973,3.2285593513297507e-06,5.566344560736451e-06
MMP3,1.4548364895253858,3.3101661141315296e-06,5.703801001092033e-06
MAGEA9B,1.2889306012545863,3.4329763677037124e-06,5.9098230396548776e-06
PTPRN,1.2487819564445501,3.4674320849941845e-06,5.966880907841666e-06
CXCR5,1.1064069712392008,3.4790465160563813e-06,5.986301515433813e-06
FAM3D,-1.5812836903775604,3.501657755904502e-06,6.024638575683332e-06
OLIG1,1.039146999644928,3.6532741376152516e-06,6.277189836417823e-06
BAI1,-1.1475646052787316,3.6644358771453827e-06,6.295179904839318e-06
PCDHA11,-1.1701955142620437,3.893696858293138e-06,6.677057363307583e-06
ZG16B,-1.35892739969227,3.8999353953166034e-06,6.687125471076501e-06
WISP3,-1.3114748372588476,3.969750542982454e-06,6.80042999566249e-06
PPARGC1A,-1.2473935495324895,4.1945494098294056e-06,7.1774189610006265e-06
NALCN,-1.0959012545863418,4.279807263143046e-06,7.316428588560562e-06
MAP7D2,1.0958035921410811,4.35436446347308e-06,7.440392033098703e-06
C21orf88,-1.1916084684578068,4.3669666862146165e-06,7.461225322805018e-06
HS6ST3,-1.2515360160965785,4.680810261351068e-06,7.981713272821873e-06
ROPN1,1.2486934726003085,5.2904709259165725e-06,8.98679005827355e-06
CHST4,1.1262819682802694,5.3332248400724335e-06,9.056879537628372e-06
SFTPA2,-1.0926193691561132,5.3573880788151615e-06,9.095367953616152e-06
SERPINB3,1.4368103740087583,5.908975352723701e-06,1.0007543575142308e-05
ABCA13,1.3143131376494264,6.499948659253792e-06,1.0981860538741114e-05
SCEL,1.5232840336134457,6.637284070567435e-06,1.120765138557876e-05
MAGEA12,1.2508003136465855,7.235913064745765e-06,1.2193605398774963e-05
C10orf81,-1.1770888093265501,7.240079148275784e-06,1.2198367339509819e-05
UGT8,1.1158391466445714,7.327578847742171e-06,1.2340079356596424e-05
SLC6A15,1.5547930050893588,7.710855968862802e-06,1.29663474550771e-05
KRT17,-1.284922191975383,7.777079857228347e-06,1.3072876963812688e-05
PAX3,-1.0412848325245587,7.988592776247229e-06,1.3414792832659437e-05
OLAH,1.1184750384660909,8.822804418289656e-06,1.4776107169576465e-05
KRT83,1.0974552136347495,9.131446539880448e-06,1.5271933238280392e-05
MUC13,1.0390544088057758,9.570900021755803e-06,1.5986336309049446e-05
MUC15,-1.235621428571429,1.0954372266838007e-05,1.8200295579887936e-05
ECEL1,1.2576003018108644,1.1118400769926862e-05,1.8459344145838987e-05
FOXI1,-1.4265208367854187,1.1130012899003871e-05,1.847525303671051e-05
PTGS2,-1.125559072079536,1.2016940753453572e-05,1.9900325012292154e-05
TMEM132E,1.0915831814415897,1.2365308761585748e-05,2.046233776246776e-05
SPINK5,-1.3454650432003787,1.2584373752484598e-05,2.080593600512962e-05
SHC4,1.1672785951000142,1.2655743928391054e-05,2.0916334367941014e-05
ZIC5,1.1372607705053852,1.2847908333393562e-05,2.122621849634807e-05
INSM1,1.0135142620428454,1.311878597848625e-05,2.166390829777603e-05
PCSK9,1.0414187714522418,1.46538897404879e-05,2.412887878300328e-05
B3GAT1,-1.0263499289856783,1.468161597746126e-05,2.4172345842775626e-05
CFTR,-1.0700000473428806,1.4988085296759964e-05,2.4656856453404574e-05
SPRR1B,1.2458743638300394,1.712152755693792e-05,2.8042393928283334e-05
EEF1A2,-1.3875451000118355,1.820600138801907e-05,2.97677035180195e-05
EMID2,1.065904787548822,1.8710425573105953e-05,3.056775055710354e-05
CD19,1.1935854538998707,2.0402040939303697e-05,3.326272738183119e-05
NOL4,1.0523070067463602,2.061991682320376e-05,3.360590437217102e-05
RIMS2,1.018914486921529,2.2312771148309765e-05,3.62901512877665e-05
IRX6,-1.0868620605988868,2.3814802779557798e-05,3.864332813302644e-05
PYDC1,1.0798841638063674,2.4209880216669688e-05,3.924941659993217e-05
PAX9,-1.0134869629541958,2.889566994040169e-05,4.6535245503417855e-05
KRT6A,1.6617364540182278,2.949555505112284e-05,4.745934664506224e-05
HSD17B2,-1.0998126997277797,3.233630332571072e-05,5.188802269375108e-05
SERPINB4,1.2523032311516153,3.273398163391904e-05,5.251226471157383e-05
SCRG1,1.3383293348325225,3.311160917374337e-05,5.3108698721442474e-05
GSTM1,-2.122570819031838,3.311548649277423e-05,5.311023794079025e-05
BBOX1,-1.0406251982483123,3.3720664491623823e-05,5.404748223483565e-05
RIMS4,-1.0578292283110438,3.4664528561084284e-05,5.549678218095138e-05
MUC4,-1.18301396614984,3.652155858447057e-05,5.838766299957121e-05
FOLR1,-1.2172381879512368,4.9082978191185735e-05,7.765818791952664e-05
?|652919,-1.306582335187597,5.250704628557143e-05,8.292432444354127e-05
CAPN6,-1.4185311634512958,5.544427342270237e-05,8.738870110948579e-05
CALML5,1.6544498579713576,5.861973273038633e-05,9.21384159305088e-05
CTAG1B,1.212772866611433,6.721789903720791e-05,0.00010517168782656828
GCNT3,1.0344783228784467,6.919763244172838e-05,0.00010818556242693305
C2orf82,-1.370721830985917,7.069567027375656e-05,0.00011042331268175654
HAS1,-1.1847631258137068,7.177155920008847e-05,0.00011202689865539447
SMR3B,-1.5560002071251031,8.105466875119998e-05,0.00012614895137466598
PLA2G2D,1.1766877500295907,9.246308078884221e-05,0.00014315773238064936
CRABP1,1.3229389691087725,0.00010027029757394403,0.00015477149383011135
GALNT13,1.059525446798438,0.00010055475670269222,0.00015519740853477246
XDH,-1.2401273345958108,0.00010183250899812037,0.00015712538462338927
SOSTDC1,-1.0716367499112325,0.00010183844903514511,0.00015712538462338927
EREG,-1.1473222452361234,0.00010922408314889026,0.00016819270667111491
KRT81,1.4799636584211147,0.00013783031783659645,0.0002105509630395741
C2orf54,1.12016860575216,0.00015154668753746163,0.00023080692379889677
CHRDL2,1.188801177654161,0.00016937715905325314,0.00025686681881582663
DSG1,-1.3866657178364301,0.00017509587969314635,0.00026525218858641336
WFDC2,-1.0638354894070279,0.00020236793614883337,0.0003056000947168752
DDX43,-1.0135579476861172,0.0002125994923205184,0.00032049263426173056
LEFTY2,-1.0363201739850858,0.00021958761262587222,0.00033064383428147505
CEACAM5,-1.229785850396497,0.00022092934963971185,0.00033260912674647875
PAX7,1.0051061131494854,0.0002346497653894239,0.0003526236010388577
TDRD1,-1.149607296721506,0.00024666926272726646,0.000369922605818457
FAM83A,1.0623961770623742,0.0002632427577210281,0.0003940307473724097
GSTA1,-1.2032912178956074,0.0003418328282716434,0.0005072456976464274
CCL18,1.05949014676293,0.00036375643810829185,0.0005382861916011086
SHISA9,-1.0003592792046385,0.00038664432757561996,0.0005710415168242605
P2RY11,1.075682080719611,0.0004037192866919341,0.0005951895544637209
KRT6C,1.0106724346076463,0.00048474974550592547,0.0007095448389710809
GSTT1,-1.4606156113149487,0.0005864354157961377,0.0008535127427630203
CLDN10,-1.1645467688483842,0.0007557010001721932,0.0010893273128076049
DCX,-1.1224340750384663,0.000800517401691109,0.0011510125010255339
PRSS21,-1.0520796899041303,0.0009523073267136364,0.0013604497149716155
CEACAM6,-1.176644425375783,0.0010209532432934791,0.0014553180804754268
KLK7,-1.1202180553911703,0.001295028250635433,0.0018309436307818864
LOC100124692,-1.0598101136229143,0.001746976495980207,0.0024418500465582206
KLK5,-1.2276672150550354,0.0017700131503567869,0.002472720596772417
SOX10,-1.1939227186649326,0.00212423120839654,0.0029465351433698253
LY6D,1.0242183335305954,0.0023831951720005057,0.003290700274286976
TMPRSS4,1.0584368623505744,0.0026787762302619856,0.003685417861042924
DSG3,-1.1311239140726705,0.0029982221655701167,0.0041081398629938155
LALBA,-1.225275795952183,0.007293450595590519,0.009680107997924478
