gene,log2FC,pvalue,FDR
KLHL29,-3.570155863539444,1.9057356769299856e-71,3.469010652715653e-67
RYR3,-3.8294004138969027,7.995635760590681e-70,7.277227887501608e-66
SYNM,-4.5609582842092085,1.8628981864022038e-66,1.130344522902644e-62
LRRC3B,-4.108545440862913,1.343319435846817e-65,6.1131109226799015e-62
PDE1C,-4.517016116894519,1.7563230091557017e-65,6.394069547132247e-62
GFAP,-4.958138856139472,1.1177959559841426e-64,3.391206631129891e-61
UBE2T,3.4578829298883713,2.0656526152585343e-63,5.371582079364443e-60
EDN3,-6.4528394707136565,8.703058185955855e-62,1.9802721019869304e-58
LOC284578,-4.093217785024458,9.812882808191897e-61,1.9847100639724123e-57
LOC728264,-4.218903837953093,2.3521077667065685e-60,4.2815417677359663e-57
CLCA4,-4.812536059199798,2.870937958848715e-60,4.7508803331748334e-57
ERCC6L,3.2679136460554368,1.5997451692108642e-59,2.426680109595447e-56
FGF2,-4.392398193904425,2.175366323848373e-59,3.046014861000918e-56
SGOL1,3.743925084660731,2.657239167913542e-59,3.4549803266807286e-56
PAMR1,-4.071418161294371,4.796708711781287e-59,5.820965912036984e-56
ABCA10,-5.144969798068482,5.329671781682395e-59,6.063500965122789e-56
C10orf90,-4.8938105104728455,7.0808933758879714e-59,7.581970713016985e-56
FIGF,-6.310055060830301,4.582394060745554e-58,4.634073282652851e-55
EXO1,4.002559300137966,4.961895117284929e-58,4.753756674733556e-55
NPY5R,-4.71335048287972,6.425712717612805e-58,5.848362429935294e-55
SLC7A3,-5.082443772732975,7.913772649437898e-58,6.859733501796098e-55
SDPR,-5.099636999874576,9.454427781011431e-58,7.822679495352322e-55
USP44,-3.259631293114259,1.5270101796736872e-57,1.2085289695913098e-54
TPX2,3.651912304026088,2.4851696592379469e-57,1.884897637796181e-54
AURKA,3.369425109745393,2.8706988448800524e-57,2.0902132429340638e-54
PAK7,-4.904823102972533,8.330058783244426e-57,5.832002308899934e-54
CA4,-6.142256791671891,1.8374133752303507e-56,1.23875687664141e-53
RRM2,4.352400225761945,3.001526290087191e-56,1.9513136806591834e-53
SPHKAP,-5.217679505832183,4.693138835759965e-56,2.9458346974944357e-53
TSLP,-4.559038881224131,5.978568717110276e-56,3.6275962119186117e-53
CAV1,-3.2950576320080263,6.800408534663702e-56,3.993156017951076e-53
PI15,-5.110689263765203,7.574160094154238e-56,4.30851363105905e-53
NEK2,4.39654223002634,1.8602546512748195e-55,1.0261277399138042e-52
BUB1,3.7726674275680425,2.1170162718182585e-55,1.1334131528208165e-52
CKAP2L,3.5752916844349674,2.268777251731298e-55,1.179958637521852e-52
CDK1,3.4802658096074257,2.394519057362375e-55,1.2107619555879808e-52
ZWINT,2.913328972783143,3.1204031470177233e-55,1.527489579099763e-52
NCRNA00092,-3.3690826037877835,3.188738340152227e-55,1.527489579099763e-52
BAI3,-2.858189063087922,3.655929445332214e-55,1.706381633163649e-52
RNF186,-4.035447171704504,3.834958391249577e-55,1.7451936898979013e-52
FAM83D,3.732776934654458,4.108468695171439e-55,1.824059894102578e-52
C2orf40,-6.577106308792171,5.125298013951447e-55,2.221328565427576e-52
HJURP,3.834642882227521,8.349931299502379e-55,3.534739521973065e-52
CEP55,3.775065420795185,1.0896829770788963e-54,4.508068007219807e-52
CMTM5,-3.377638504954221,1.4464859494134852e-54,5.851196386038594e-52
NTRK2,-5.402021485011916,1.560182855044898e-54,6.173914893561364e-52
KIF4A,4.545865157406246,1.8601707447087952e-54,7.204401716156213e-52
CCNB1,2.5815295748150016,1.9023520414705115e-54,7.214273793934941e-52
KCNJ16,-5.519781951586605,2.2836946913534683e-54,8.483692748307589e-52
DSG1,-5.454096651197792,2.3578766463617404e-54,8.584085718744552e-52
SMYD1,-6.302791508842343,2.5770060754973345e-54,9.197890508289801e-52
ANGPTL7,-5.670257456415401,3.180939456019317e-54,1.080072169485071e-51
IL17B,-4.085739182240061,3.104048907889997e-54,1.080072169485071e-51
HOXA4,-2.9628736360215733,3.204081588320268e-54,1.080072169485071e-51
KL,-3.0829730590743774,3.462864972530782e-54,1.1460823835450515e-51
CDCA8,2.9015706007776245,5.1420642589813384e-54,1.6714463518970948e-51
KIF11,2.6924739872068226,5.47907458807672e-54,1.7497472759080794e-51
CYYR1,-2.476215264016055,6.520373463548013e-54,2.0463854854649046e-51
PLK1,3.6349567289602414,1.0062173120163096e-53,3.104436225530997e-51
RAD51,2.8650671265521135,1.04484249570027e-53,3.169877991538669e-51
CDKN3,3.454410598269159,1.613200887335414e-53,4.8139501233059906e-51
CDCA5,3.0811658221497575,4.285936173896571e-53,1.2583370350554724e-50
NCAPH,3.263316819265021,5.571901763356695e-53,1.6099258380695543e-50
TROAP,3.883273209582341,5.86646976680212e-53,1.6685523307046715e-50
SKA3,3.4389959989966137,7.009226390919624e-53,1.9629068922139987e-50
ROPN1,-4.9987216104352195,9.136478021756215e-53,2.5198683246974e-50
TTK,3.245294932898531,9.648968548017038e-53,2.621495141485883e-50
ADAM33,-4.16956697604415,1.0204993442513983e-52,2.7317867005012066e-50
CENPI,2.9699014674526536,1.436238244649064e-52,3.7889630097604225e-50
NUF2,3.787587420042641,1.5196674411342361e-52,3.951786632995214e-50
FXYD1,-5.684259413018939,2.286656171179329e-52,5.862535532954553e-50
DTL,3.129717634516493,2.355490533439469e-52,5.955138080583146e-50
ANLN,3.7588676658723195,2.6443135352450922e-52,6.593758805762522e-50
TRPM3,-2.5590600025084664,3.435987545262224e-52,8.452065038703819e-50
LEPR,-3.2809428822275217,5.556899230917994e-52,1.3486964893386698e-49
NUSAP1,3.3381842217484,7.226707866088737e-52,1.7308916221896486e-49
GPRASP1,-2.930362046908316,7.669061812261215e-52,1.812986132059622e-49
SCN4B,-3.619179944813748,1.10783574470501e-51,2.585376161649397e-49
ATOH8,-3.9946856641163917,1.6612844792633242e-51,3.827893845067126e-49
CAV2,-2.755932196162046,2.5619709175009635e-51,5.829444576408754e-49
NCAPG,3.2013088925122277,3.52543581511731e-51,7.922655326244493e-49
NEIL3,3.7952591997993217,3.5770540645643054e-51,7.940623797227323e-49
FOXM1,3.5185555625235168,3.977821189784219e-51,8.72388905031833e-49
HIF3A,-5.109698908817258,4.265222819134887e-51,9.242839401989565e-49
MELK,4.201944286968521,4.557066112682768e-51,9.759091111666402e-49
CENPA,3.4874960491659346,5.100013182874503e-51,1.0794830228821462e-48
ANKRD53,-3.2765698984071236,5.51091937699559e-51,1.1530490278097783e-48
UBE2C,4.318175993979681,6.235533424828952e-51,1.2753417408108023e-48
GINS1,2.576268092311551,6.175668732407694e-51,1.2753417408108023e-48
ANKRD29,-3.7884201304402367,6.523923414990818e-51,1.3194997547008651e-48
MIA,-5.428937288348175,8.022778835861351e-51,1.6048202543866392e-48
BUB1B,3.4014900413896907,8.178403093770675e-51,1.6181681686511693e-48
CCNB2,3.4854923993478,1.107162087684759e-50,2.1670614496909323e-48
AASS,-2.391951373385176,1.3994130319902345e-50,2.7099484490764082e-48
NPY2R,-5.9796828420920605,1.6140204703841683e-50,3.092633118147686e-48
CLDN19,-5.231553179480747,1.7439465207234573e-50,3.3067769288259475e-48
PLSCR4,-2.6049872569923496,1.7979053826200515e-50,3.373945534003381e-48
MCM10,3.577555336761569,2.133729104815877e-50,3.9632929484656543e-48
EPHB1,-3.548217559262511,2.5090322867392576e-50,4.6133247187388587e-48
KIF2C,3.5715510221999267,2.618163542081113e-50,4.76584309565025e-48
LDB2,-2.14787426313809,2.6780263357996124e-50,4.826545880253499e-48
TMEM220,-2.973355060830303,2.8167966879115637e-50,5.0268774617700196e-48
HMGB3,2.7518343409005386,3.535123694955645e-50,6.247558895075495e-48
HMMR,3.603545766963501,3.8209810574312803e-50,6.687819056578999e-48
KIF20A,4.0187078264141505,3.933258879641749e-50,6.818772512963692e-48
KCNE1,-4.604525699234916,6.524511801610502e-50,1.1204310219312826e-47
DLGAP5,3.9388803336259874,6.786746574212459e-50,1.1545714756111158e-47
EZH1,-1.969927028721937,7.32441590346408e-50,1.2345031730625615e-47
GTSE1,3.3267207826414174,8.267062009934142e-50,1.3805993556590018e-47
SCN2B,-4.579487056315063,9.07979955652247e-50,1.5025417393398048e-47
CCNA2,2.9696148752038116,9.758092525102542e-50,1.6002392633733474e-47
SKA1,3.167094782390568,1.0110472039173707e-49,1.6432225225810625e-47
POLQ,2.9313555123541963,1.090039755579787e-49,1.7559286434352976e-47
SHCBP1,3.1868326978552624,1.2723135093074562e-49,2.03157217630909e-47
MESTIT1,-3.2189915088423433,1.3954204034195224e-49,2.2087684872561362e-47
ASF1B,3.065814900288472,1.7015589988588164e-49,2.67012745312302e-47
PROS1,-2.5037115264016077,1.734100392580703e-49,2.6979341406962854e-47
PPP1R12B,-2.244605932522264,1.7791232874272692e-49,2.74452383059649e-47
KIFC1,3.0629155524896543,1.9143316233928884e-49,2.928283910976534e-47
WIF1,-6.225665445879844,1.9370822530087974e-49,2.9383923542932614e-47
MYBL2,4.265252652702872,2.2043509205940328e-49,3.3161818022787747e-47
SPC25,3.2003075755675416,2.64921148651446e-49,3.952753826969075e-47
CDC45,3.837911965383168,2.710227787699319e-49,4.0109167820724146e-47
ARHGAP20,-3.2211467703499315,2.857251703997489e-49,4.194399416763411e-47
MAP1LC3C,-3.848958058447259,2.9002808293892895e-49,4.223504954989859e-47
IQGAP3,3.800044123918224,3.428834624938309e-49,4.953577514107306e-47
LEPREL1,-2.959967954345915,3.6197085805226474e-49,5.18815395994124e-47
KIF18A,2.671695672896022,4.338424208652345e-49,6.169713739851456e-47
PRC1,2.5371868305531162,4.667371303999518e-49,6.586058902845211e-47
CENPE,2.8989106358961516,5.218868138893026e-49,7.307619748636134e-47
FAM54A,3.333213533174464,5.2849108456709175e-49,7.343605505629597e-47
FAM150B,-4.155600777624482,5.3508552328660175e-49,7.378910439686373e-47
SLC7A14,-2.525117371127555,5.721256153026226e-49,7.830377876205744e-47
KIF14,3.84885161168945,6.46824683833092e-49,8.786678895383414e-47
RERGL,-5.121747347297129,8.16998343051256e-49,1.1016163584120009e-46
GDF5,-3.3986539696475604,8.84447869551216e-49,1.1809277385498943e-46
C18orf34,-3.739587946820519,8.88793606445836e-49,1.1809277385498943e-46
PDGFD,-2.6796193151887664,1.0164367198826377e-48,1.3407389573930186e-46
TNMD,-5.044605443371377,1.0969220694477902e-48,1.4364944194358364e-46
KIF23,2.6913202809482,1.64099023221863e-48,2.133638942648266e-46
EFHA2,-3.2126601781010904,1.655541328014608e-48,2.1372921130390005e-46
MKI67,3.5935805092186115,1.8594474578018688e-48,2.383628315096297e-46
PDE2A,-3.5017878088548855,2.0092298926548823e-48,2.557623198321456e-46
IGFBP6,-3.4429554496425467,2.6125304734960184e-48,3.3024925145172237e-46
E2F8,3.730391759688951,2.828478788867255e-48,3.550813751293148e-46
MMP11,5.5634857268280475,2.928712815126284e-48,3.651462970804366e-46
AQP1,-2.716599899661359,3.374044434443781e-48,4.178076927903411e-46
PKMYT1,4.3511071616706385,5.008743427188684e-48,6.160415986832137e-46
C2orf71,-2.2498167816380286,5.700082906146647e-48,6.9636650429924445e-46
LRRTM2,-2.910037338517498,5.757664424179283e-48,6.987117700889032e-46
FAM111B,3.5443659350307293,6.178767478979771e-48,7.44848373641515e-46
HEPACAM,-5.160029123291108,8.226361836518047e-48,9.851609507245922e-46
CENPF,3.13528551360843,8.371524769442936e-48,9.959925841710442e-46
GPR146,-2.753077110247083,1.0064044800049319e-47,1.1895831655538815e-45
ASPM,3.8076881725824663,1.505610603480337e-47,1.7681696654937147e-45
NECAB1,-3.174037225636523,1.5359867008562103e-47,1.7922798663901024e-45
FANCI,1.8724727078891252,1.7635684446404277e-47,2.0447284329802358e-45
TNXB,-4.450001379656339,2.480310070161236e-47,2.857536975135759e-45
CRISPLD1,-3.9838931393452928,2.620320060887768e-47,2.999854469706921e-45
PTTG1,3.122416430452777,2.8155490931929134e-47,3.203215008961913e-45
KIAA0101,3.5378552865922517,3.233878142483259e-47,3.656290920970358e-45
CEP68,-1.5443387808854876,3.2846760307616046e-47,3.690799863453919e-45
CDC20,3.5154453906935883,3.3092430090702194e-47,3.69559205485308e-45
C16orf59,2.6866129436849358,3.5761586324018754e-47,3.969318023512886e-45
CDC25C,3.7713587984447536,3.6828645190157105e-47,4.0629807781601806e-45
POC1A,2.1646974539069346,4.1390343766785523e-47,4.538725467390343e-45
DEPDC1B,3.2789121033488016,4.584554929769601e-47,4.9971648734488645e-45
SEMA3G,-3.3076788160040147,5.226855316157068e-47,5.663359959524232e-45
CAPN11,-3.78096833061583,5.5782655051603e-47,6.008353076356979e-45
MAB21L1,-3.2522517245704234,6.1038679059487415e-47,6.535806323057937e-45
TGFBR3,-4.287532396839333,7.093930379172771e-47,7.551509631115903e-45
PER1,-2.6614787532923607,8.176685130524992e-47,8.65349996691549e-45
B3GALT1,-3.1570704753543213,8.634650453168815e-47,9.085349260059651e-45
HSPB2,-2.8851999874576704,9.38721844874576e-47,9.820433185202245e-45
TAL1,-2.2885846983569547,9.640703351067763e-47,1.0027984177113514e-44
ITIH5,-4.227434667001128,1.0057083724794803e-46,1.036340784573432e-44
DST,-2.822346218487393,1.0077037788798412e-46,1.036340784573432e-44
WDR62,2.9622825536184623,1.0766378692891403e-46,1.1010134345320349e-44
AURKB,3.442589263765207,1.1100402284823944e-46,1.128830294919834e-44
MPPED2,-3.269417032484637,1.1259897815512917e-46,1.1386884440876758e-44
MYOM1,-3.834826777875331,1.6860803922016194e-46,1.6956752143229877e-44
CDCA3,2.8615645804590484,1.8150142977639277e-46,1.8153134759448778e-44
PEAR1,-2.475874802458298,1.972564950155905e-46,1.9621092780157344e-44
OIP5,2.8754491659350316,2.4689427534759733e-46,2.442508964213214e-44
E2F1,2.718655926251097,2.596664041014842e-46,2.5549770561401713e-44
CPA1,-3.5561214850119147,3.3880517283137656e-46,3.3157368607793267e-44
LHFP,-2.2029146368995374,3.827044944536428e-46,3.705515910925351e-44
ABCA9,-4.200328659224885,3.8123078467232784e-46,3.705515910925351e-44
MRAS,-2.154076069233664,4.201492652547002e-46,4.046548717159422e-44
NDRG2,-3.3566716167063895,4.359719426783396e-46,4.1768406697756925e-44
LTBP4,-2.4829194782390562,5.171319488403634e-46,4.928456997246667e-44
LOC572558,-2.9294222751787284,5.489531041784254e-46,5.204475705916602e-44
BMPER,-3.94605156152013,7.747687123586665e-46,7.307313404696791e-44
TCEAL7,-2.757477060077764,8.227350043523818e-46,7.719714064034229e-44
FAM126A,-2.37530861658096,8.44483253112935e-46,7.883142900725516e-44
LOC286367,-2.85039963627242,1.1728500744915482e-45,1.089254587039268e-43
CBX7,-2.4565151636774125,1.2676388709115974e-45,1.1713111861524776e-43
MTHFD2,1.8112597265771964,1.565330125617222e-45,1.4390759735661765e-43
CLSPN,3.5358903674902793,1.6575812071301235e-45,1.516228679064806e-43
PROL1,-6.11611582842092,1.827244041845835e-45,1.6630661646859867e-43
MYLK,-2.6978152640160538,2.074168006554232e-45,1.8784119514082926e-43
CACHD1,-3.14344700865421,2.4310475259765294e-45,2.1907107977896417e-43
TRPM6,-3.7246429825661607,2.458702214747885e-45,2.2047170647810714e-43
SPRY2,-3.0030266273673636,2.528828817853333e-45,2.2564838711462857e-43
PAK3,-3.8083705631506337,2.5430859957041654e-45,2.2581363112098986e-43
KCNH8,-3.8985886868180115,2.6670431699486547e-45,2.35670809818327e-43
CD300LG,-6.898371390944437,2.7514929242867602e-45,2.4195857826469516e-43
RGN,-4.113240298507462,2.851405644430166e-45,2.4953911993058804e-43
ORC6L,2.931724181612946,3.2633598459816056e-45,2.842245898392496e-43
PRSS12,-3.9155999372883463,3.579886983962826e-45,3.10308013186073e-43
HTR2A,-3.3689129311426065,3.7076372197301087e-45,3.198583900983278e-43
COL10A1,6.250293176972285,3.916315428916197e-45,3.3626740449321475e-43
EBF3,-2.951894355951338,4.275977856354141e-45,3.654254691042931e-43
FAM107A,-4.553773849241193,5.530996494939323e-45,4.70470697184021e-43
UHRF1,3.4972046030352466,5.842578541197048e-45,4.946625915600458e-43
MT1M,-3.4894838078514994,5.901643969995608e-45,4.9735011660106506e-43
BTNL9,-4.338585287846481,6.742833712598494e-45,5.656212076978359e-43
EDAR,-3.2729300137965622,7.256708383107218e-45,6.059351499894527e-43
RACGAP1,2.024117684685816,7.566122417899939e-45,6.288864217946693e-43
PLP1,-4.924226702621349,7.839795479501971e-45,6.486718050607926e-43
FAM72A,3.0059210961996747,8.00568185565561e-45,6.594001213506745e-43
CCNE2,3.347268656716417,8.338789040995216e-45,6.8374313924881045e-43
NOVA1,-3.986130691082402,8.550950560682145e-45,6.979953051842918e-43
LOC158376,-2.4086682929888386,1.0010371915679271e-44,8.134767856299545e-43
TMEM100,-4.360828446005268,1.0727294825638944e-44,8.678619898271363e-43
PRCD,-2.3248318826037884,1.2888846322356315e-44,1.0381224318843008e-42
SRPX,-2.647598996613569,1.3588064520292945e-44,1.0896191121713326e-42
EPR1,3.7724129938542568,1.5707773195767256e-44,1.2540727872041727e-42
FAM196B,-4.67764500188135,1.5780025029131512e-44,1.2543397188003533e-42
ROBO3,-2.5361622225009404,1.5938081786444371e-44,1.2613952293854213e-42
LOC100124692,-4.5594828170073995,1.6494044505902192e-44,1.2997449876231065e-42
GPIHBP1,-4.53579273799072,1.6625556594860556e-44,1.304461235759684e-42
GRIA1,-3.8745634516493164,1.670930341804166e-44,1.3054053653159328e-42
MRGPRX3,-3.7400486391571564,2.0820306641043594e-44,1.6196241102004982e-42
NPR1,-3.456292938668004,2.2875395925455654e-44,1.771918434174763e-42
BIRC5,3.8386213219616208,2.4073801651141004e-44,1.8568449637954223e-42
NKAPL,-2.4580130565659095,2.535871682684876e-44,1.947699250629232e-42
AQP7P1,-5.000111501316944,2.5674602067623247e-44,1.9636755522560755e-42
TMEM132C,-6.1315034867678415,2.672280792427558e-44,2.0352940278058092e-42
OVCH2,-3.3955494544086284,2.7136395528992425e-44,2.0581825325593714e-42
ITGA7,-4.142835570048915,2.9268326272806463e-44,2.2106694736261248e-42
ANGPT4,-2.865046870688574,3.207573387561233e-44,2.4127048914783933e-42
CORO2B,-2.6777655713031496,3.251971068665452e-44,2.4360341301612026e-42
FRMD3,-3.103192662736737,3.560053104202603e-44,2.6558871580245898e-42
SCN5A,-3.2560815376897017,4.0999634812779e-44,3.046189193865372e-42
SCRG1,-3.48912297754923,4.2205963536640596e-44,3.123069732753938e-42
ASPA,-3.806589414273171,4.375965368395206e-44,3.2249270283764344e-42
KCNMB1,-3.229404439984947,4.742802836419818e-44,3.4811790335221755e-42
STIL,2.2292719553493017,4.835515203280999e-44,3.534975230735905e-42
SOX10,-7.379816317571807,4.8691477912324095e-44,3.545323889752142e-42
NDC80,3.3726904803712534,5.504242617644658e-44,3.991782006732498e-42
CENPL,1.5820401103725077,5.9868323213971e-44,4.324536061364739e-42
TM4SF18,-2.372683958359465,6.583268460340325e-44,4.736570584331025e-42
BOC,-2.607430929386682,6.631797864713599e-44,4.752701438243372e-42
PTX3,-4.447271177724822,7.571945550089142e-44,5.387550383401446e-42
HOXA2,-3.1561620594506454,7.576843916666319e-44,5.387550383401446e-42
CLDN11,-3.7959238680546834,7.83976811655149e-44,5.5528131916570726e-42
S100B,-5.168708879969896,7.932395832591326e-44,5.596643462816276e-42
TUBA1C,1.7726160290982094,8.906664792677806e-44,6.241000188300643e-42
TSHZ2,-3.078447635770728,8.914245173642627e-44,6.241000188300643e-42
PSD2,-3.235734077511601,9.041962710793114e-44,6.306162728910616e-42
TNS1,-2.638441728333122,9.989601464443027e-44,6.940485322796046e-42
TRIP13,2.4745810861658084,1.2083002981940894e-43,8.363000124725099e-42
FOXC1,-2.673708641665616,1.2666727612746989e-43,8.733804649046721e-42
MAD2L1,2.2190623102972538,1.3432350524842397e-43,9.226757607687024e-42
GGCT,2.104642054433711,1.3671662194158104e-43,9.355837102265412e-42
VAMP2,-1.5663529286341422,1.5702198801919723e-43,1.0705135759975457e-41
SYNPO2,-3.017622087043774,1.5772491763156602e-43,1.0712935356893271e-41
ESPL1,2.929691533927005,1.8163926759321304e-43,1.2291373933082741e-41
PALM2-AKAP2,-2.038687482754293,1.9779676225054437e-43,1.333516467869133e-41
MASP1,-4.288594569170953,2.1072330019252466e-43,1.4154229643559137e-41
CXorf36,-2.064787708516242,2.180681647752558e-43,1.4593730894867577e-41
CA3,-5.305884422425688,2.190144084467313e-43,1.460336731485659e-41
CDCA2,2.882660554371003,2.418202488940359e-43,1.6065160549701225e-41
PPAP2A,-2.094558861156397,2.564529730065473e-43,1.6975321700502477e-41
TK1,3.1598558509971166,2.59847232721652e-43,1.713767817837765e-41
LMNB1,2.557518662987583,2.645227654865357e-43,1.738306101137693e-41
CKS2,2.4538340649692705,2.8046795329653104e-43,1.8364597675743722e-41
SORBS1,-3.4007942179857036,2.9895090094437014e-43,1.9504671146560465e-41
TRIM59,1.905138705631507,3.5394857715533212e-43,2.3010449821280393e-41
C1orf190,-2.2948402985074625,3.855240621762683e-43,2.497400179286339e-41
NMT2,-1.9142718800953196,4.030213135119552e-43,2.6014882871837307e-41
PPAPDC1A,4.884322375517371,4.097779845231489e-43,2.635755707517625e-41
ADH1A,-5.008221898908816,4.265364512577598e-43,2.7338883881144374e-41
CASC5,3.1968714787407517,4.769311135431448e-43,3.0461673894125843e-41
TMEM47,-2.0036252978803457,4.864150162336418e-43,3.0958785106646787e-41
SLC25A27,-3.6700286090555627,5.049196614761225e-43,3.1954156119538044e-41
NPAS4,-2.1289551987959356,5.055648498833685e-43,3.1954156119538044e-41
KIF15,2.9203123667377398,5.2150233504932234e-43,3.28474290827087e-41
ESCO2,2.979907638279192,5.331001191222661e-43,3.34621429944228e-41
HSD17B13,-4.409826389063087,5.704202935483094e-43,3.5681651558281365e-41
EDNRB,-2.8961836322588725,5.733960250787754e-43,3.574495837160599e-41
PRRG3,-2.688895986454283,7.096016335286692e-43,4.4084909676185553e-41
CCDC158,-3.4578876458045897,7.218932750591693e-43,4.4695997571095434e-41
BLM,2.061042455788286,7.621020712689844e-43,4.670890236804486e-41
CCL16,-2.083535457167941,7.608062884097938e-43,4.670890236804486e-41
HEPN1,-4.755300790166814,7.583335730271236e-43,4.670890236804486e-41
TAC1,-3.4734098206446755,7.951238465079794e-43,4.856925965766694e-41
PBK,3.3973574313307404,8.687581569212883e-43,5.288964792788699e-41
GNG11,-2.1417430327354836,8.795436641475283e-43,5.336777772825819e-41
TEPP,-2.438792060704879,1.015107050325568e-42,6.138868317965554e-41
ECT2,2.122451247961873,1.2141020268496834e-42,7.317979865809532e-41
D4S234E,-3.905683092938669,1.3909508702952684e-42,8.356263594714445e-41
C7orf51,-3.18825297880346,1.4551290304257886e-42,8.713063730539682e-41
LYVE1,-4.550929461934029,2.5131530615583168e-42,1.4998991862146243e-40
COL11A1,6.152257117772483,2.6000098397703682e-42,1.5466659840960788e-40
EFCAB1,-4.167836422927379,2.831477615920566e-42,1.6788725421043019e-40
NTF4,-3.8499012918600277,2.9033484232362245e-42,1.7158977710444477e-40
EBF1,-2.7687072369246213,3.0355009751156104e-42,1.7881949595478786e-40
CDC25A,2.386354872695348,3.060464327383134e-42,1.7970849081082318e-40
PTCH2,-2.980397253229651,3.411216192644338e-42,1.996603484074112e-40
CCDC85A,-3.168933789038003,3.481547109029639e-42,2.0312372444123887e-40
MYOC,-5.3288919979932245,3.549955929418356e-42,2.0645318780575826e-40
PPAP2B,-1.6928629248714415,3.775350529231861e-42,2.1886212001148906e-40
CNTNAP3,-4.6558328232785655,4.0270770485839594e-42,2.3271391592182166e-40
ACACB,-3.643136698858651,5.1211829431151186e-42,2.9500282630862185e-40
RBMS3,-2.7543137087670893,5.1678318245401175e-42,2.9675092335048504e-40
CLCN6,-1.2403211589113283,7.100041750147401e-42,4.064215722576514e-40
MYH11,-4.808685902420672,7.379305770729289e-42,4.210830813309882e-40
PDK4,-4.453198369497052,7.992193947338804e-42,4.5463095757315075e-40
TNNT3,-4.365673096701366,9.33855189284867e-42,5.295628040670541e-40
ADRA1A,-3.5711847986955982,1.0349918911947491e-41,5.850918445781993e-40
IRX1,-4.792224143985953,1.2297998431839792e-41,6.930664565163459e-40
ST6GALNAC3,-2.200121384673272,1.5459917145936602e-41,8.685705919984073e-40
LOXL4,-3.2756198545089665,1.8482676747089002e-41,1.0352005071608033e-39
CMTM7,-2.1656467452652706,2.0434465054095997e-41,1.1410078753978816e-39
KIF18B,3.2453663614699595,2.271226377766317e-41,1.2643160169565832e-39
KANK1,-2.393117835193779,2.2834457452267454e-41,1.2672427713525136e-39
RAD54L,2.9802873698733237,2.7133094934910207e-41,1.5012271340430714e-39
RNASE7,-3.557070061457419,3.0080951409321494e-41,1.6592835106178155e-39
RHOJ,-2.0747368493666105,3.1571138351182226e-41,1.7362218471497583e-39
SPARCL1,-2.322009130816504,3.1890924465187297e-41,1.748525596505435e-39
NNAT,-4.04295776997366,3.3913937043400197e-41,1.8538600480510924e-39
GSN,-2.2249516994857608,3.4366394160327126e-41,1.8729684817378284e-39
FLJ13197,-3.007323955850998,3.690083347844783e-41,2.0050921546513013e-39
GPR17,-2.7908546594757304,4.377246954280799e-41,2.3713995925230174e-39
BMX,-3.9650348551360852,4.631631790258737e-41,2.5017683524652755e-39
ROPN1B,-4.512433876834317,4.919234023328998e-41,2.6492549386585133e-39
RAD51AP1,2.1655963125548734,5.540870233026681e-41,2.9752348333859786e-39
PGM5,-3.802590956979805,5.757599487316473e-41,3.0825171608124045e-39
GLYAT,-5.650979857017433,6.640199469514859e-41,3.544620262275044e-39
LRRN4CL,-3.7214492913583346,7.660646771854363e-41,4.0773904440954673e-39
HN1L,1.355555876081775,7.841943594192074e-41,4.161717179156802e-39
CMA1,-3.8900925122287724,7.914306270391979e-41,4.187910379068175e-39
STAT5B,-1.7361230151762168,8.17600170530024e-41,4.313848088161746e-39
LOC399959,-2.2777022701617957,8.494165065378384e-41,4.4687655111295585e-39
PHYHIP,-3.2814675780760063,9.917213688044356e-41,5.202393105575545e-39
DACT2,-4.091559663865545,1.1138641426442516e-40,5.826341663377388e-39
ORC1L,2.6080639282578684,1.1611573209406999e-40,6.056317109766063e-39
C3orf64,-1.5272440486642385,1.209356499706281e-40,6.289690389758124e-39
EZH2,2.2749324219239977,1.4497248242375366e-40,7.518330762278027e-39
OSR1,-5.394522914837575,1.4771151037206846e-40,7.63861540711012e-39
HOXA5,-3.15732469584849,1.502934158332863e-40,7.75011628445697e-39
TTC28,-1.931610874200425,1.5280194748061742e-40,7.857214265507567e-39
ATP1A2,-5.465405681675655,1.7887611066581157e-40,9.172061528027517e-39
SAMD5,-4.064205556252348,2.1421489141304007e-40,1.095324064154935e-38
TGFBR2,-2.1726502445754416,2.2082625656925424e-40,1.1259664841260881e-38
DPY19L2,-2.862730377524144,2.372113681871815e-40,1.2061336690254928e-38
IRS2,-2.8869366737739846,2.4525496537919824e-40,1.243558811921322e-38
CALCOCO1,-1.479722275178732,2.543023635532475e-40,1.2858516454888237e-38
LOC100190939,-1.73788797190518,2.745076679265437e-40,1.3841725981348683e-38
KY,-4.454225260253354,2.7713761519119246e-40,1.3935734832390266e-38
KLHL21,-1.651603775241437,2.955911432751975e-40,1.4822715099279396e-38
ABCB5,-4.239518800953217,3.1816680911352626e-40,1.5910962709597577e-38
LOC145820,-2.6823149379154647,3.70821869241133e-40,1.849334379670231e-38
LIMS2,-2.2135452652702883,3.809174243457152e-40,1.8944917692254248e-38
E2F2,2.625811952840839,3.825560004771268e-40,1.897456914628103e-38
MLF1IP,2.374599523391443,3.866444646120835e-40,1.9125242362319985e-38
HSPB6,-4.802380985827166,3.940165516862945e-40,1.9437082087657505e-38
ARHGAP11A,2.2202095572557408,4.208937573589689e-40,2.0706835311365705e-38
TMEM22,-2.0009471967891646,4.353816142161288e-40,2.1361863944949305e-38
LPL,-4.767630590743758,4.4067977683548734e-40,2.1563693488538647e-38
LMOD1,-2.9681319704000995,4.582005327652273e-40,2.2360923050738428e-38
ADCYAP1R1,-3.2849012793176975,5.333277214341361e-40,2.595765912637855e-38
ADAMTS5,-2.973811952840836,5.561126069851207e-40,2.699444742653374e-38
FAM72D,2.712012667753669,5.69865091827054e-40,2.75884421982124e-38
EEPD1,-1.936579919729085,6.766702261907562e-40,3.2632796090065427e-38
MMRN2,-1.9966727956854378,6.776463726882784e-40,3.2632796090065427e-38
DLK2,-3.877769321459928,6.939042332614162e-40,3.332754289724949e-38
AVPR2,-3.5315883105480985,7.15991720118856e-40,3.4297887582430363e-38
RBP7,-3.395032534804968,7.525475449698447e-40,3.595439097397922e-38
CCDC64,2.6495843095447116,8.084287428621055e-40,3.852311101130604e-38
GSG2,1.9860801580333627,8.144614124699796e-40,3.870924566890611e-38
RELN,-4.657089878339395,8.494666992967498e-40,4.0267818560673794e-38
C1orf173,-3.8351396713909436,9.18089996003318e-40,4.3407771940904926e-38
GJB2,3.6766846983569543,9.276800124803482e-40,4.37475628683414e-38
MAMDC2,-3.9693087294619334,9.446340896260676e-40,4.443197502186901e-38
CCNF,1.8903576320080262,1.0103004057593162e-39,4.739819145885782e-38
MAGI1,-1.7901196412893512,1.0236499143551755e-39,4.790102671210092e-38
IDH2,1.9619343910698603,1.0639988546372288e-39,4.966146448964481e-38
KCNIP2,-5.109103336259878,1.0784648213436542e-39,5.020791596654357e-38
ALDH1L1,-5.604379004138968,1.0866730622496656e-39,5.046099426563945e-38
ANGPTL1,-3.8092944437476497,1.10401390102015e-39,5.11357889065389e-38
CCDC8,-2.8143010911827417,1.1145054759132171e-39,5.14907187260109e-38
SCARA5,-6.485165558760819,1.1363549526617835e-39,5.236726380582897e-38
SNCA,-2.4250866173334993,1.242906924499209e-39,5.713291602691692e-38
SOX7,-2.0677323341276805,1.288704786964968e-39,5.908889984162044e-38
GPM6B,-2.6074502947447646,1.2939293602129424e-39,5.917938729637234e-38
BMP2,-2.9436805719302654,1.4295224811376176e-39,6.52170369026267e-38
KCNAB1,-2.4112175718048396,1.498223173884991e-39,6.801036517263963e-38
SPAG5,3.096424645679166,1.4964275925716554e-39,6.801036517263963e-38
GDF10,-4.635605179982441,1.537965407841596e-39,6.964075701228997e-38
MMP13,6.081133262260126,1.567910655940107e-39,7.082054012426246e-38
GIPC2,-3.3637515489778003,1.6152341134150627e-39,7.277749150122372e-38
LETMD1,-1.177214097579327,1.6631808234727044e-39,7.475279143129293e-38
FAM64A,2.9832297504076255,1.7175438308034635e-39,7.700603535003805e-38
POU6F1,-2.035523391446132,2.098739695497535e-39,9.386574613548312e-38
KIAA1524,2.0439999999999996,2.377067292659565e-39,1.060533233536325e-37
RABIF,1.4570634641916484,2.520091058733965e-39,1.1215945609323805e-37
SLC35A2,1.414709783017683,2.5528405728131517e-39,1.1333989499248244e-37
RDH5,-4.094213834190392,2.584386117588393e-39,1.144612664196144e-37
CNN1,-3.803159839458173,2.7490839290780085e-39,1.214601329150655e-37
AOC3,-3.3743293615953807,2.8015841936361544e-39,1.2347999292193443e-37
FBLN5,-2.0125427066348944,2.8186237180105158e-39,1.2393093608440924e-37
SYN2,-4.647219189765458,3.13912008905092e-39,1.3769012766504554e-37
FHL1,-3.8383498683055315,3.253021654112336e-39,1.4234315665818955e-37
TENC1,-2.049665220117898,3.4127270364484223e-39,1.489733099387785e-37
NPHP3,-1.5992195660353685,3.7059788802945966e-39,1.613874008564654e-37
ALX4,-3.569977072620093,3.837378198375221e-39,1.6671072874707432e-37
SLC27A6,-5.020245415778252,4.6078578558412393e-39,1.997067536901859e-37
KCTD4,-1.9234001003386427,4.802891141891618e-39,2.0766514835119505e-37
PTN,-4.227006434215477,4.9469587990760936e-39,2.1338741947768278e-37
C2orf82,-3.9910805970149266,5.045955982241466e-39,2.171431128717291e-37
MPPED1,-2.5092247209331497,5.095466199741005e-39,2.187565359289753e-37
BNC1,-3.533231656841842,5.12265465144826e-39,2.194063120477946e-37
SFRP1,-6.064909682679044,5.245191030100161e-39,2.241272589692799e-37
CDO1,-4.001632396839334,5.5553455280150546e-39,2.3682424975751296e-37
KIAA1045,-2.8553626238555134,5.5810356385393836e-39,2.37363532075543e-37
OXTR,-4.696505042016805,5.792261460122995e-39,2.457728096937503e-37
C1orf175,-2.5547211589113243,5.914020687783583e-39,2.503556246040106e-37
SEMA6A,-2.8249537940549336,6.364165889776309e-39,2.6878633803155028e-37
ANXA1,-2.2815978803461707,6.676872017400665e-39,2.8134051234431552e-37
CHL1,-3.8542438354446267,7.64204815454655e-39,3.212660567141128e-37
C14orf139,-2.701817182992599,7.8822752756548e-39,3.3060151346254453e-37
CLIP4,-2.7278694092562397,8.498644283506848e-39,3.5563407331649463e-37
MFAP4,-3.1466629750407638,1.0411247874335021e-38,4.346695987534871e-37
MAML2,-2.5880244324595463,1.0781637878766667e-38,4.491033279340724e-37
CASP12,-2.0233197541703247,1.1287030120475295e-38,4.690817563539082e-37
GPRIN1,2.7250673272293984,1.1897858599922524e-38,4.933410480510016e-37
SOX5,-2.7537575692963747,1.4394187985191637e-38,5.941437730032729e-37
ECE2,1.9676220368744497,1.437597790737401e-38,5.941437730032729e-37
MOCS1,-2.0111871691960355,1.5413328415334478e-38,6.3477107951206674e-37
HS3ST4,-4.760784974288223,1.5775502376325044e-38,6.4822002202312596e-37
TTYH1,-4.073375304151511,1.7115546941126878e-38,7.016988760570553e-37
LIFR,-3.291163614699613,1.752769440268294e-38,7.169811712630057e-37
DPYSL2,-1.7621001379656356,1.9236865621948394e-38,7.85131535686831e-37
ENPP2,-3.243363351310675,2.0131189432579955e-38,8.197942757075009e-37
OR2L13,-2.426617346042895,2.1061139811359932e-38,8.55749839254877e-37
TIMELESS,1.5268558509971157,2.1359692609494577e-38,8.659476271060797e-37
LOC283392,-5.05122232534805,2.1830359864033814e-38,8.830623124555722e-37
MOBKL2B,-2.4706161043521906,2.1988765129389585e-38,8.874977641913052e-37
CSRNP3,-2.9924734604289487,2.570942419061575e-38,1.0353731162428727e-36
ABCA8,-5.511782152263891,2.924141675189879e-38,1.1750143689510235e-36
MMRN1,-4.599433889376646,3.040337551296873e-38,1.2190146353801097e-36
PYGM,-3.040303536937164,3.1746816386725945e-38,1.2700819751375217e-36
FGF10,-3.5250455286592244,3.196603056979232e-38,1.2760474878551089e-36
IQSEC3,-2.6128869936034107,3.4041813943219544e-38,1.3559368472832065e-36
C2orf88,-3.280436711400977,3.4860921430034473e-38,1.3855313379714356e-36
DNA2,2.0789804214222993,3.5692211681624313e-38,1.4154800201320423e-36
IGSF10,-4.009376094318325,3.773042470829416e-38,1.4871097249160219e-36
SLC17A7,-3.177016944688323,3.7743486947821903e-38,1.4871097249160219e-36
EGR1,-3.526305067101468,3.772041605638451e-38,1.4871097249160219e-36
TXNIP,-2.190860278439736,4.12797162514201e-38,1.622925863768035e-36
FAM189A2,-4.616381700739995,4.4237806057494427e-38,1.7354758268632997e-36
FGF9,-2.680211225385677,5.016815560479178e-38,1.9638944870409138e-36
CRIM1,-2.285111814875206,5.60483710929477e-38,2.1893744613839633e-36
CCL14,-4.745571002132197,5.866897560349668e-38,2.2868337535555676e-36
PLAC9,-3.782683933274802,6.38762285590822e-38,2.4844850180790028e-36
ADH4,-3.336806823027719,7.877614963080508e-38,3.057488809657878e-36
ADAMTS1,-2.636319779254986,9.042932412543177e-38,3.502308483096244e-36
LRRC70,-2.5206868807224385,9.173412682703202e-38,3.5453000225742335e-36
EMCN,-2.2921748651699456,9.365690034799724e-38,3.611941858124139e-36
SHISA3,-2.681017935532422,9.58034754276408e-38,3.686914721372823e-36
CENPM,2.898312655211339,1.1208638198663644e-37,4.304448125111273e-36
PAQR4,2.6484778000752547,1.1752355920637514e-37,4.503750206807677e-36
CXCL2,-4.6019262510974555,1.1926774324062564e-37,4.554281499263802e-36
LOC284276,-3.000743158158785,1.1934254107283599e-37,4.554281499263802e-36
KLF15,-3.742022914837578,1.229148540118922e-37,4.680793070247853e-36
LEP,-7.1295265771980425,1.2527793579001107e-37,4.760823100596183e-36
NTRK3,-4.499050068982816,1.3428903338037428e-37,5.092631822131152e-36
CENPO,1.503508917596891,1.371048638120124e-37,5.1886067275884857e-36
TESC,-3.1320690329863283,1.4715588393632832e-37,5.5574243885746566e-36
TSPAN7,-3.394667565533675,1.5793247475344719e-37,5.952059705873704e-36
DPP6,-3.7311508215226388,1.7823391121252602e-37,6.703289020251263e-36
SPC24,3.0107440862912327,2.1804024952330504e-37,8.183477653758189e-36
C10orf108,-2.4547683807851497,2.2049404111598628e-37,8.258545330111725e-36
PAPPA2,-3.2501380283456673,2.2207995475387808e-37,8.300865331385714e-36
DCT,-2.855575755675404,2.245804379840349e-37,8.377126460293827e-36
SRL,-2.169561582842092,2.344722971140127e-37,8.728219272732869e-36
HLF,-4.051832020569423,2.548395364265309e-37,9.467028737902331e-36
FAM72B,2.5208889878339384,2.6474479544654176e-37,9.814968455220773e-36
EGFLAM,-1.9139624106358957,2.692722097423647e-37,9.962524459228181e-36
MRAP,-5.486281926501944,2.7212425069440863e-37,1.0047622181319109e-35
TIMP4,-5.364768644174086,2.8231144242197317e-37,1.0402662320662302e-35
LCN6,-2.156590806471842,3.1700882266699432e-37,1.1657599189913732e-35
CLDN5,-3.2679367991972876,3.2325472817275863e-37,1.1863318179291785e-35
AK5,-4.239090517998247,3.5493366957728156e-37,1.297886161531965e-35
TPM3,1.2222990091559023,3.550773545255829e-37,1.297886161531965e-35
NMUR1,-3.216928947698481,3.7027314655341374e-37,1.350717853048455e-35
KPNA2,2.301075856014048,4.0947442463134865e-37,1.490732590312888e-35
GRIK1,-3.4035087670889252,4.253839764217015e-37,1.542482972670166e-35
CLEC3B,-3.458105970149256,4.250524007134407e-37,1.542482972670166e-35
SCN3B,-2.960352464567916,4.342115805033459e-37,1.5713625049507765e-35
CD34,-1.9552762322839587,4.588525513512387e-37,1.6572406730648015e-35
PYCR1,2.4395374764831317,5.73497063264534e-37,2.0672013945751114e-35
NCRNA00110,-3.143293390191898,5.966415400019199e-37,2.1463766704851675e-35
IGSF1,-5.006746318826038,6.260430251820191e-37,2.2477043762107088e-35
PSMD14,1.1655227141602893,6.427769770077641e-37,2.3032419906441593e-35
CIDEA,-6.073020368744512,6.675020225726966e-37,2.3871393549883687e-35
MMP1,6.799683970901794,6.9209860555086216e-37,2.470249199380852e-35
HPSE2,-3.855213457920481,6.96592284510002e-37,2.481422574351383e-35
NAALAD2,-2.973106346419164,7.374519368799631e-37,2.621843282622259e-35
F10,-2.9498959112003016,8.277135186648555e-37,2.9370115361123517e-35
ZBTB4,-1.2975125674150245,9.556185741169534e-37,3.3842655456519266e-35
SOX17,-2.3092384547848983,9.578537502343992e-37,3.385594527284809e-35
NACC1,1.3886672645177516,9.648214260777976e-37,3.397029868258056e-35
ITPRIPL1,-3.053443822902295,9.634299800886181e-37,3.397029868258056e-35
N4BP2L1,-2.441743760190646,1.0102605668279163e-36,3.550149246712077e-35
FAM13C,-2.4615091809858267,1.0899493135780222e-36,3.822802958585884e-35
F8,-1.9756971654333384,1.1555536303332711e-36,4.0451043717224104e-35
NFAT5,-1.3607362849617388,1.2907057505939602e-36,4.509542567766192e-35
PGM5P2,-1.6643021949078136,1.3062763898759002e-36,4.555200981783719e-35
LOC644538,-1.9140095948827298,1.4134553856416746e-36,4.919527415838509e-35
CLEC1A,-1.955531217860278,1.4553251585266798e-36,5.055588523026938e-35
C15orf42,2.208435758183871,1.5010796674167388e-36,5.204600606854647e-35
LRFN5,-2.948204703373887,1.579916240447636e-36,5.46753143058333e-35
DEPDC1,3.350137539194784,1.5895078251130158e-36,5.490286705983345e-35
LOC339524,-2.8289174338392087,1.6655383820491398e-36,5.742006660689487e-35
KIT,-4.283927605669132,1.862484176268441e-36,6.408846778944127e-35
CRYAB,-4.203517446381538,1.9382192560138734e-36,6.656868890041612e-35
NPY1R,-5.465533224633137,1.9419939686834164e-36,6.657272356298348e-35
SGK2,-4.011786504452527,2.1033311803290384e-36,7.196792758558174e-35
CAPZA3,-2.477352627618211,2.112224870463195e-36,7.213664036968393e-35
FREM1,-4.208189251222878,2.1602433964400332e-36,7.363840926104481e-35
CDT1,2.5308810610811516,2.1796924805692375e-36,7.416250882953613e-35
CRY2,-1.4109697102721661,2.4623840666918543e-36,8.362458426491012e-35
SLC27A1,-1.3877497805092212,2.6169647019965223e-36,8.870876810138304e-35
SLC19A3,-5.643057694719681,2.7111607385544237e-36,9.173096454257654e-35
CUBN,-1.886464367239432,2.755516982908276e-36,9.305876742092644e-35
C9orf125,-2.378831619214849,2.9179318785223225e-36,9.836132219396636e-35
IL11RA,-2.0450413395208837,4.0232009593500406e-36,1.3536844189103289e-34
SIK2,-1.760362510974538,4.3710667014257545e-36,1.4680171063847418e-34
TOP2A,3.674745955098457,4.458889680406286e-36,1.4947544908367518e-34
SLCO1A2,-4.0507558886241055,4.886556942681744e-36,1.635110221096246e-34
LAMA3,-4.011169246205947,5.0499719358037226e-36,1.6866906265584434e-34
ZC3H12B,-1.8955245955098459,5.168175388156079e-36,1.7230090950660275e-34
CIDEC,-6.877274413646058,5.3060729988541903e-36,1.7657485703499604e-34
ENPP6,-2.573896111877586,5.401393367398621e-36,1.7941891143568813e-34
FLRT2,-2.3636677411262967,6.050677328315584e-36,2.0062018106981524e-34
ELANE,-1.9483727706007776,6.069363787149491e-36,2.0087387094087672e-34
AQP7,-5.6710504327103965,6.093999081085244e-36,2.0132316746460015e-34
TFCP2L1,-3.691422563652326,6.600991850011917e-36,2.176772729089981e-34
NPAS3,-2.674943797817634,7.759928390007142e-36,2.5543214553942136e-34
ALDH1A2,-3.8334268907563036,7.858585756422753e-36,2.5821270130715412e-34
CLEC4F,-3.3254196663740117,8.055689368764861e-36,2.6421209653986805e-34
PCOLCE2,-5.10146091809858,8.150586771806688e-36,2.668437608043114e-34
C16orf75,2.509370149253731,8.796044452243845e-36,2.8745852273643575e-34
C4orf49,-2.7322835319202308,8.950288546437216e-36,2.9197509392615884e-34
FZD7,-2.015674350934402,9.033037891282426e-36,2.9414738593025757e-34
HFM1,-2.0942845980183122,9.931133343960225e-36,3.2281503617876426e-34
TMPRSS5,-1.991422789414272,9.977506190245245e-36,3.237442873102214e-34
CLEC4G,-2.9480726451774735,1.0851091924763966e-35,3.5146339200441013e-34
FAM162B,-2.667765659099461,1.1324456259380183e-35,3.6614400939519975e-34
GPRASP2,-1.8971763953342533,1.2678555882580868e-35,4.091981431393964e-34
C14orf180,-5.206794205443371,1.3056548907794448e-35,4.206519641921811e-34
GEN1,1.2438965383168217,1.3710725996703956e-35,4.409476065689083e-34
MASP2,-1.9734915966386564,1.4785886023021086e-35,4.746869193598815e-34
CAT,-1.6965822902295287,1.5352589774889728e-35,4.920126613949256e-34
DIXDC1,-1.7765326853129348,1.6627820133417583e-35,5.319441298569425e-34
SGOL2,1.5099044525272811,1.708673341817351e-35,5.456663305456359e-34
KCNIP1,-2.5229566787909183,1.7132502067884038e-35,5.4616976382082866e-34
NBLA00301,-2.1802145491032245,1.7355495330827523e-35,5.5231133130603736e-34
NRG2,-4.029458986579707,1.767646163882385e-35,5.615438590078718e-34
CRHBP,-3.2332625109745377,1.8059810920084943e-35,5.727225403803245e-34
STK32A,-2.3438338517496544,2.130732365219742e-35,6.7378094727903565e-34
EGR2,-2.7776014047410014,2.132054197839502e-35,6.7378094727903565e-34
SLC16A11,-3.3046191145114765,2.248713064202204e-35,7.0941635888514245e-34
S1PR1,-2.2405359839458185,2.2683474157839154e-35,7.143724569120174e-34
PPARG,-3.0651077762448278,2.3094808575641178e-35,7.260704671889401e-34
RCBTB2,-1.387077699736614,2.422868095262124e-35,7.604046196216628e-34
GYPC,-2.032079229900912,2.502030043797931e-35,7.838976400560022e-34
H2AFZ,1.5506122914837572,2.5320080282970687e-35,7.919268408778615e-34
RASL12,-1.9036751285588878,2.565785258051365e-35,8.011147350310291e-34
NDN,-1.8719391822400553,2.5765160481467115e-35,8.030876990481949e-34
SNX1,-1.0498085036999871,2.6502102398518026e-35,8.246457606157668e-34
CAPN6,-5.3366856515740615,2.715626786342394e-35,8.435589486653687e-34
MAP7D3,-2.161826602282705,2.7321332439248505e-35,8.472405696620793e-34
SH3D19,-1.8550132823278567,2.7982056489463727e-35,8.662540378872588e-34
LRRN3,-3.126478728207701,2.999186995309095e-35,9.268964495010436e-34
RASGEF1C,-2.9274886993603406,3.152345888926518e-35,9.725788511208373e-34
SEMA6D,-2.7669689201053584,3.2365402831430583e-35,9.968653599670574e-34
CIT,2.0033703750156757,3.3151472655333385e-35,1.0193517850422866e-33
EHD2,-1.9815197541703249,3.7288612942991296e-35,1.144628366612598e-33
MGAT3,-2.4297002759312676,3.765247929695604e-35,1.153851987613621e-33
H2AFY,1.108362510974544,4.0913287314436717e-35,1.2516715445120866e-33
FAM149A,-3.007247159162171,4.213710024335274e-35,1.2869490532378355e-33
ASTN1,-3.7958199046782894,4.3682642809960244e-35,1.3319181692959904e-33
FGF1,-2.54789722814499,4.393722802410135e-35,1.33744040421859e-33
EGR3,-3.8687858146243572,4.4517259182342344e-35,1.3528341717799295e-33
TMEM178,-3.01172198670513,4.514377794195591e-35,1.3695869831290389e-33
LMO2,-1.4952881976671248,4.5524868846200546e-35,1.378850561742743e-33
YPEL4,-2.1385759814373517,4.77959317536494e-35,1.4452314712818607e-33
FOSB,-4.748178050921861,4.83816295386767e-35,1.4605154270191241e-33
DIAPH3,2.5050923868054698,4.900388183070031e-35,1.4768504320599965e-33
FAT2,-4.835023303649817,5.029859330970396e-35,1.5133641223413904e-33
FEN1,1.6134804841339534,5.080264355760315e-35,1.5260074598664192e-33
TANK,-1.084075366863166,5.109796728247243e-35,1.5323497503177029e-33
MND1,3.06217902922363,5.245784162075134e-35,1.5705429128660143e-33
SDC1,2.4701145616455538,5.369159371098108e-35,1.6048408543858596e-33
GSTM5,-4.195832948701868,5.791518913333055e-35,1.7254176559640198e-33
PACRG,-2.931625335507338,5.786456206940964e-35,1.7254176559640198e-33
GPX3,-3.3809308541326946,6.227941058268112e-35,1.8524054098636344e-33
GRIA4,-4.462401153894394,6.242551838297581e-35,1.85372220411959e-33
PPM1F,-1.320968920105356,6.325586629049111e-35,1.875320088087638e-33
IL17RD,-2.683458196412893,6.760099410984568e-35,2.0008795053358063e-33
TDO2,4.276709318951461,6.888429178054393e-35,2.0355531871448718e-33
SVEP1,-3.2452383544462595,7.187254786570894e-35,2.1204148927058345e-33
C7orf41,-2.2172096450520495,7.938753201118883e-35,2.338335348219531e-33
DLC1,-1.989637050043898,8.057894074303847e-35,2.3695936322221797e-33
USHBP1,-2.5117120155524892,8.095812185257814e-35,2.376904342068516e-33
PNMAL2,-2.259516819265018,8.978045723618693e-35,2.6316806168604036e-33
AFAP1L2,-1.860359576069234,9.214040381231787e-35,2.6965141006360485e-33
NIPSNAP3B,-2.671664379781764,1.0095921921741873e-34,2.9498566090123164e-33
C5orf4,-3.3096791044776133,1.0504431763208341e-34,3.0642976183602797e-33
RAB3D,1.5414775993979681,1.123101598468763e-34,3.271010943508303e-33
L3MBTL4,-2.9245300514235533,1.158886076153241e-34,3.369840773836653e-33
MYCT1,-1.949953957105227,1.2005191903212903e-34,3.485335059237392e-33
COL25A1,-3.089449278816003,1.2646707432505686e-34,3.6657327292022454e-33
CSRNP1,-1.9932099711526394,1.3289210409381496e-34,3.845842560921644e-33
PLIN1,-6.167273259751662,1.4007518238648862e-34,4.047283404732147e-33
KANK3,-2.1564577448890008,1.428460720270035e-34,4.1208035643542704e-33
RIC3,-4.236934554120154,1.4933709657102381e-34,4.3012391912695356e-33
CCDC46,-1.8436366236046657,1.521696654237583e-34,4.375899557201694e-33
SNX32,-1.9201971905179978,1.5362468884289859e-34,4.4107732034815184e-33
GPR144,-3.876823805343032,1.6439501621751119e-34,4.7125708349722146e-33
IFFO2,-1.8344348802207477,1.66831507638516e-34,4.771964054122429e-33
HBB,-4.637326313809105,1.669912158696911e-34,4.771964054122429e-33
SLC2A4,-3.9459215226389057,2.028169798646368e-34,5.7866418251974666e-33
NPR2,-2.0327330239558528,2.0612022256369364e-34,5.871684524768256e-33
HOXC11,3.8404976294995605,2.1196375285926755e-34,6.028712802026948e-33
HSD17B6,2.7026751160165556,2.308651049092462e-34,6.556064749864288e-33
PCDH18,-2.0752244826288724,2.431290485591964e-34,6.89357954972438e-33
PLEKHM3,-1.7989757682177343,2.716079375240908e-34,7.689081316875622e-33
ERG,-1.7992936410385019,2.808013161121287e-34,7.936997449051365e-33
MRGPRF,-2.292027204314561,2.9708478491817233e-34,8.384239286613165e-33
FAM180B,-3.358510021321961,3.1803744618645776e-34,8.961665066458344e-33
PITX1,4.21716568418412,3.2574256670163096e-34,9.164593418345885e-33
FAT4,-2.297533488022074,3.3229040109365343e-34,9.334386066524342e-33
CREBL2,-1.044940800200676,3.375110248859725e-34,9.466430178735527e-33
INMT,-3.381249065596389,3.480323421837092e-34,9.746511884261629e-33
TACC3,2.1713812366737697,3.6461470566419565e-34,1.019520965776552e-32
DMRT2,-3.1106894519001638,3.891195575188588e-34,1.0863716726251206e-32
CFL2,-1.8995425561269297,4.086376512937858e-34,1.1391165645483587e-32
NUDT9P1,-1.6643311426062952,4.115625729949576e-34,1.1455158281692986e-32
PHYHIPL,-2.7291383419039263,4.1441338505702e-34,1.149933970761118e-32
C10orf10,-2.271219992474604,4.139664288333277e-34,1.149933970761118e-32
GNG7,-2.2394135958861145,4.45783122152088e-34,1.2350974387419267e-32
ACTG2,-4.494776596011539,4.869142163218271e-34,1.3470059999553526e-32
FOXO1,-1.747956754044898,4.971192356465234e-34,1.3731504471128475e-32
DNAJC18,-1.4939267653330015,5.458240305207762e-34,1.5053992162984377e-32
ZNF483,-2.494662021823655,5.570433597644366e-34,1.53332991509724e-32
APOB,-4.506317032484636,5.576357764073906e-34,1.53332991509724e-32
DLGAP2,-2.436627843973411,5.857937346242752e-34,1.6083262973402235e-32
CCDC50,-1.254362485889878,7.045474239659611e-34,1.928552896007878e-32
THSD7B,-3.07960620845353,7.3072957167449906e-34,1.9972177767553915e-32
SSTR1,-3.0257632509720307,7.622703121139504e-34,2.080300823299886e-32
RNF150,-3.3670434717170448,7.802752686899862e-34,2.1230718558989266e-32
ANKDD1A,-1.6585066850620827,8.484377028833819e-34,2.3027698522109664e-32
AKAP12,-2.5390715289100694,8.488483056823373e-34,2.3027698522109664e-32
CYP2U1,-1.5578202558635388,9.21408045748825e-34,2.495891466780634e-32
FAM122A,-1.028467690956976,1.0010581345291818e-33,2.707616823600995e-32
CA11,-2.560813771478742,1.1466505960503635e-33,3.0968072403419535e-32
TMEM132A,2.525937300890506,1.1562922615942614e-33,3.118220450044495e-32
DONSON,1.7276192148501188,1.1804654132695674e-33,3.178699987832239e-32
CALN1,-2.699514323341277,1.3922026286786876e-33,3.743318234835768e-32
SIK3,-1.271640474100085,1.4248002186348567e-33,3.825315395252256e-32
C6orf129,1.6383063589614943,1.4485326499704001e-33,3.883304834670279e-32
C17orf48,-1.1115506208453523,1.606937655174359e-33,4.3016303142851256e-32
C13orf15,-1.7055168694343408,1.642711804942671e-33,4.390937295942943e-32
PTPRB,-1.9982501442367955,1.7977690933598078e-33,4.7983564232299973e-32
PLIN4,-6.310690555625233,1.8101418197979075e-33,4.8243062292505574e-32
JAM2,-2.2958509218612813,1.834160254948139e-33,4.8811723860849375e-32
C21orf34,-2.6609445503574554,1.8995857730826182e-33,5.047906544149329e-32
FHL5,-2.9784466574689574,1.9356965711890054e-33,5.136368029934907e-32
DPP3,1.6659913207073878,1.9725328748958258e-33,5.226494311750905e-32
SCN3A,-3.8686597892888512,2.045094300361029e-33,5.410879585679042e-32
CHRDL1,-5.274369170951959,2.076613093374218e-33,5.486297262509564e-32
C5orf53,-1.2923709895898652,2.1729424903571275e-33,5.732474224923303e-32
PCDH19,-2.4720492788160042,2.2167503494414255e-33,5.839581275091501e-32
ROBO4,-1.783030502947451,2.2956354643913598e-33,6.038649184727735e-32
PTRF,-1.8291542455788292,2.369296807022853e-33,6.223421324420922e-32
LOC93432,-3.15483163175718,2.4136271503818598e-33,6.330728388818587e-32
ATP1B2,-2.350717860278439,2.6758383514100414e-33,7.00838640441971e-32
RNASE13,-1.0061735983945814,2.9223615598709193e-33,7.64306716585206e-32
NACAD,-2.416022526025335,3.090961931037368e-33,8.072421812148237e-32
PPP1R14A,-3.332867728583971,3.532813350130624e-33,9.213152064817728e-32
RRN3P1,-2.105062435720557,3.616933778348812e-33,9.419033700612793e-32
SLC14A1,-2.5883960617082633,3.635186135099306e-33,9.453041888173239e-32
PRSS50,-2.9169959864542827,3.6933786662036296e-33,9.590666456619782e-32
ACBD4,-1.7786952088298005,3.732294783464981e-33,9.677914806753995e-32
EDA2R,-2.082785676658724,3.785136049053532e-33,9.800971764000205e-32
PTPRZ1,-5.762541389690204,4.1599993481967705e-33,1.075631649648094e-31
CENPN,1.6320237300890525,4.206114781852657e-33,1.0860128705540981e-31
SPRY1,-1.9431679292612554,4.291591053880082e-33,1.106513200478458e-31
TMOD2,-1.750364367239432,4.497992425141396e-33,1.1580899026145522e-31
FLJ10357,-1.6602193653580848,4.817069965443491e-33,1.238490460183162e-31
FRMD1,-3.5422914085037003,4.943709154856551e-33,1.2692572319584457e-31
RGMA,-2.94948757055061,5.0974563892523145e-33,1.3068873049797166e-31
ORMDL2,1.091111024708388,5.2561044724539284e-33,1.3456662406762145e-31
JAM3,-1.5717393954596783,5.582887044575168e-33,1.4273215291067667e-31
LOC90586,-2.034031042267653,5.639091835386821e-33,1.439668845435432e-31
XRCC2,1.6871945691709538,6.124855049728673e-33,1.5614949085463728e-31
C20orf194,-1.4639416530791411,6.320113170241779e-33,1.609021259271484e-31
UBE2S,2.180040887996989,6.443201337260783e-33,1.638066954499414e-31
KCTD14,-3.577669509594883,6.494113825872521e-33,1.6487078657232565e-31
GIMAP8,-1.9187208955223864,6.607494545649601e-33,1.675156312179104e-31
RBMS2,-1.190738479869557,8.099647249860157e-33,2.050596368417308e-31
CDC6,3.5452183243446624,8.666615756749173e-33,2.1910889808347946e-31
LCN10,-2.896374325849743,9.569985503731321e-33,2.416122692433027e-31
C9orf140,2.6868354446256104,9.824655761886376e-33,2.476983501850661e-31
GABRD,3.064788862410635,1.0355802369664963e-32,2.6072845163901983e-31
RSPO3,-2.7670436096826814,1.0526579737439284e-32,2.646620593378554e-31
POLE2,1.944881989213597,1.0564187063061365e-32,2.6524123739159453e-31
WDR86,-2.761565383168193,1.1055109331368162e-32,2.7718478672024057e-31
C1orf135,2.1388277185501074,1.124707658935884e-32,2.816100896232448e-31
HELLS,2.165364868932648,1.4030116665614957e-32,3.508107330552048e-31
DBX2,-2.454489640035119,1.494447541814301e-32,3.731608861954146e-31
TUSC5,-6.704167766210965,1.562381500971691e-32,3.8958945838613272e-31
BCHE,-2.9883149755424556,1.5806586067269035e-32,3.936077786354285e-31
PPEF1,3.456145240185625,1.6149000332789143e-32,4.015850451608754e-31
G0S2,-3.918622036874452,1.6527834386988056e-32,4.104449786443978e-31
CD302,-2.0859475981437328,1.6865715482644218e-32,4.182651484067748e-31
KLHL33,-1.8167482754295747,1.6946213065297243e-32,4.196896822144296e-31
GPD1,-5.884449366612319,1.732222061620708e-32,4.284189971152411e-31
GCNT4,-2.3496662862159785,1.8075004115532888e-32,4.464305290570491e-31
FMO2,-4.823671290605791,1.822091603883701e-32,4.494245727031844e-31
C6orf155,-3.2078936034115126,1.835974482163066e-32,4.5223604193253435e-31
TIMM17A,1.1284842092060696,1.856159116201338e-32,4.565900593542291e-31
HAS3,-3.308978163802835,2.09952992331093e-32,5.157590174632775e-31
ZWILCH,1.169323943308667,2.1040455290648504e-32,5.161717084308285e-31
C1orf130,-3.6491168318073495,2.1102519699763778e-32,5.169975317561239e-31
MME,-3.496299247460179,2.151666601273487e-32,5.264353110615764e-31
EME1,2.905152740499185,2.2365472859305944e-32,5.464680569905316e-31
FANCD2,1.7076882227517851,2.2470467216796737e-32,5.48297472851677e-31
TRIB3,1.9682361344537807,2.2683461550231216e-32,5.527537491283251e-31
HOXA3,-2.592955437100212,2.2736658233228758e-32,5.533093446784266e-31
C16orf5,-1.3288839709017957,2.3867518547216962e-32,5.800539921428443e-31
ZNF521,-1.9944594882729225,2.498844462210423e-32,6.0648620994155105e-31
PPP4C,1.292169597391192,2.611000634758282e-32,6.328634428029961e-31
DMD,-3.675616656214725,2.624937768053897e-32,6.353955078708123e-31
PLK4,1.85092648940173,2.674666314649449e-32,6.465730534603442e-31
NR5A2,-1.7921405493540705,2.8020909947615e-32,6.7647828087060455e-31
KCTD12,-1.7565513733851752,2.841954502393446e-32,6.842870080299987e-31
STAB2,-3.616563301141352,2.9364013204331836e-32,7.06093966127414e-31
AGTR1,-3.291584748526277,2.978938359471468e-32,7.153775060350808e-31
NRIP2,-1.9721803712529793,2.9940235793884583e-32,7.180528486904889e-31
DKFZP434L187,-1.4170844600526782,3.082154570423353e-32,7.382165742817934e-31
FGF17,-1.5425073372632634,3.541168962523952e-32,8.470420318636464e-31
GEM,-1.963959789288852,3.708514197943112e-32,8.859066134535233e-31
SHE,-2.0506072369246224,4.056208730893798e-32,9.676955115132348e-31
PELI2,-2.2421650946945917,4.08632803547828e-32,9.736050946310357e-31
ZFP36,-2.3194962373008927,4.370445645884901e-32,1.0399375436868347e-30
WHAMML2,-1.8200990718675545,4.6632150812041e-32,1.1081527953414913e-30
ARHGEF15,-1.8572506584723403,4.8216254421093757e-32,1.1443031019910946e-30
THSD1,-1.7600129186002755,4.986375296473891e-32,1.1818618427306542e-30
ANPEP,-2.6337524771102476,5.000281865093372e-32,1.1836167853094234e-30
PKD2,-1.611247435093441,5.241807492683038e-32,1.2391769063546666e-30
PEBP4,-2.711640825285338,5.272943778880553e-32,1.2449208249930311e-30
GRRP1,-2.537859764204187,5.698294785084986e-32,1.3436018131204923e-30
ZNF367,1.744388298005771,5.850197106485047e-32,1.3776343845969897e-30
ANKAR,-1.6770188385802083,5.901828626875186e-32,1.387997241537584e-30
FXYD6,-1.7186845729336504,6.009534533835442e-32,1.4115039628310522e-30
HBA2,-3.998929048037126,6.451911093293551e-32,1.5134553818456507e-30
CASQ2,-3.4364160040135445,6.754888774832405e-32,1.5824870060266958e-30
NGFR,-3.867207450144238,6.802110378995281e-32,1.591501481090631e-30
NOTCH4,-1.6354319453154424,8.335485309387133e-32,1.947764301499024e-30
C1QTNF7,-3.241681763451649,8.422702876428642e-32,1.9656212879439816e-30
LRRC2,-3.0710352690329863,8.827538843078458e-32,2.0574608138355593e-30
ODF3L1,-2.4006421923993475,8.850321440973291e-32,2.0601330075452276e-30
EVC2,-2.003820443998494,8.902048297498217e-32,2.0695272689573442e-30
COL14A1,-2.861215000627112,9.002394512773464e-32,2.0901860627042776e-30
TMEM8A,1.3859681675655313,9.062919443720684e-32,2.1015582501152566e-30
KLHDC1,-2.206846005267778,9.957249544470381e-32,2.306002715750564e-30
DBF4,1.3716730590743778,1.0058479119404688e-31,2.3264865998795875e-30
RECQL4,2.4032396086792938,1.0199741773928512e-31,2.356166237446963e-30
ESM1,2.84491301893892,1.0357102128440516e-31,2.3894845379468025e-30
C12orf48,1.5944017810109097,1.1011338862261893e-31,2.5372076115158638e-30
DMRTC1B,-2.7350135708014545,1.1089594847673244e-31,2.5520087865005825e-30
C1QTNF9,-2.9783516116894524,1.1479374598568352e-31,2.6383719168906526e-30
NES,-1.991189213595888,1.1548528953951296e-31,2.650918947651645e-30
CBX2,3.088748087294622,1.24930025423486e-31,2.8641073712641258e-30
ITGA10,-2.440770964505207,1.2879246339820292e-31,2.9489424040723115e-30
C17orf39,-1.1364878966511966,1.2926683595485413e-31,2.9560856970932282e-30
AMT,-2.469616580960743,1.3016307069973887e-31,2.9728461429703222e-30
COPG,1.0571157782515996,1.320589790318431e-31,3.0123679139306267e-30
PRX,-2.23273776495673,1.3230000876813585e-31,3.014088935677568e-30
ADM2,2.446807838956479,1.3724385386353716e-31,3.122812339847459e-30
RAPGEF3,-2.4609109996237324,1.3778335463051758e-31,3.1311740378767933e-30
NR3C1,-1.8552266649943583,1.4287733120930716e-31,3.2428878553653596e-30
MYOCD,-2.858687282077011,1.4515018771403197e-31,3.290372187993181e-30
ACSM5,-3.257526602282704,1.4687754495458148e-31,3.3253879985177194e-30
TRPC1,-1.8576575065847223,1.491301955568601e-31,3.3721949685981665e-30
SLC7A4,-3.8101287344788655,1.532740409387464e-31,3.461597229786601e-30
LARP6,-2.050992411890129,1.6473841887538103e-31,3.7159026502956144e-30
SMC4,1.4985619214850114,1.6906392547538813e-31,3.8087507864213984e-30
FLJ37543,-1.7649241189012908,1.7753606388613497e-31,3.994671163064666e-30
PCNA,1.3467695221372153,1.9153828280680016e-31,4.3044090888051644e-30
MEOX2,-3.4717020945691726,1.958306067704514e-31,4.395443323110391e-30
CYP7A1,-1.3109717797566787,2.0448682782011017e-31,4.5840809443466326e-30
P2RY12,-3.329645754421172,2.0672648420997356e-31,4.628588182133024e-30
LAGE3,1.7305944562899755,2.109239585966215e-31,4.7167675900912785e-30
CITED1,-3.7997687695973905,2.2134766010680515e-31,4.9437931986799684e-30
PTGFR,-3.4121778627869057,2.333217018532946e-31,5.204846738769022e-30
SSPN,-1.8882206948451028,2.3624615094542557e-31,5.26363364217819e-30
C10orf54,-1.8879864668255326,2.3673358509205175e-31,5.268045781700022e-30
CABP1,-2.21003301141352,2.375201452214631e-31,5.2790954865278306e-30
HN1,2.344233801580332,2.3891697188555986e-31,5.303665413698593e-30
SQLE,2.350537137840208,2.6491639502010793e-31,5.873657903229019e-30
CREB3L4,1.9715569170951923,2.654291995038624e-31,5.877868270764972e-30
PLA2G4A,-2.7062465445879855,2.6785515169388754e-31,5.9243831425076974e-30
WDHD1,1.4270945566286226,2.700224123714279e-31,5.965070354850852e-30
CDH19,-3.128497780007525,2.7465775879419535e-31,6.060115373734228e-30
CNIH2,3.450585312931144,2.9138691381896987e-31,6.421447932502069e-30
C22orf23,-1.880772971278061,3.063026647522961e-31,6.741992027189899e-30
CC2D2A,-1.710149090681048,3.453271363982719e-31,7.591775197895826e-30
IGF1,-3.2129793553242187,3.525462144229725e-31,7.741132377733858e-30
LOC144571,-1.4899738366988586,3.558236272402116e-31,7.803683718859726e-30
MCM2,1.6929546469334031,4.099788327885585e-31,8.980559197653587e-30
ARF1,1.034529562272665,4.7320329545257295e-31,1.0353028349907675e-29
ABCA6,-3.2359092938668006,4.74492582127698e-31,1.0368773676435158e-29
ST3GAL3,-1.4270489401730844,5.045888455397112e-31,1.1013226325370939e-29
MCM4,1.7966260002508463,5.113591663255278e-31,1.1147629825896506e-29
CFD,-3.7936452401856293,5.4297332672051476e-31,1.1811108097578533e-29
PLAGL1,-2.161915138592751,5.430916594887234e-31,1.1811108097578533e-29
SOCS5,-1.037080822776872,5.527507087262487e-31,1.2006827149097738e-29
PMM2,1.0919175592625106,5.726173552897833e-31,1.242354436035748e-29
RNASEH2A,1.5782756929637536,5.770802477381007e-31,1.250546636854363e-29
PALMD,-2.3244838078514984,6.724897279391043e-31,1.4555684325416782e-29
SHC4,-2.806781600401353,6.814595565869792e-31,1.4732313905644637e-29
LIX1L,-1.321858008277939,6.869916612976811e-31,1.483429325101031e-29
CXCL3,-2.7578189890881726,7.226377359891631e-31,1.5585515057121723e-29
VIT,-3.9753656465571288,7.279033947227658e-31,1.568050354335918e-29
RASSF9,-2.7598059826915846,7.405562561152078e-31,1.593421457454507e-29
FABP4,-6.336614549103222,7.595485652558105e-31,1.6323568516353622e-29
DCX,-4.13187630753794,7.607912172901795e-31,1.6330993547562662e-29
PPYR1,-2.1091608930139216,8.054402627041361e-31,1.726905665724781e-29
KIF22,1.2938413896902041,8.734896333262484e-31,1.8684056163851586e-29
FANCA,2.009789865797063,8.747872587869253e-31,1.8689850318894837e-29
KLF9,-1.4729540449015435,9.146310930500584e-31,1.9518206080645036e-29
ADCY4,-2.3774560767590636,9.2152802932341e-31,1.9642359154302144e-29
DBNDD1,2.0826414900288492,9.422555096762759e-31,2.0060674903669298e-29
LIPE,-3.945779267527909,9.76249564862749e-31,2.0760129473360537e-29
GNAL,-2.866702069484509,9.853175061039761e-31,2.0928511742836263e-29
CCT3,1.0777484384798708,1.0365177076055398e-30,2.1990363440027556e-29
SLC47A2,-1.8692980308541325,1.045730210420331e-30,2.2159984889733743e-29
CX3CR1,-2.7028841464944193,1.0676976663132508e-30,2.2599186767325702e-29
CTHRC1,2.4342167816380265,1.086752102818809e-30,2.2975782262033427e-29
DAB2IP,-1.1812223253480525,1.1013943675489168e-30,2.3258331406604333e-29
PLA2R1,-1.940341314436222,1.1287103192642347e-30,2.3807548020355577e-29
TMEM63B,1.170920669760445,1.1903533485692298e-30,2.5078706023154733e-29
PLEKHA8,1.3255676157029974,1.2026639387038235e-30,2.530877650430717e-29
CYP11A1,-2.559369910949455,1.2605220582549947e-30,2.6495707882697074e-29
CHST3,-1.9689740624608039,1.3154938006763045e-30,2.7619300638651406e-29
AMOTL2,-1.8458775492286463,1.3189956917808704e-30,2.7660920020146527e-29
PTGS2,-3.534579631255487,1.3244096249858395e-30,2.7742495286095784e-29
DNASE1L3,-4.08991172707889,1.3718489860483033e-30,2.87031805667095e-29
BMP8A,2.2518558509971154,1.4244467711756615e-30,2.9767453116723387e-29
MMP27,-2.438274463815377,1.4259857780466293e-30,2.9767453116723387e-29
SCN4A,-3.614689890881725,1.4601142977807216e-30,3.044497200744843e-29
ARID5B,-1.4889778878715667,1.566264392963755e-30,3.262095050928974e-29
GFRA2,-2.746608992850871,1.5870327292702037e-30,3.3015722023892016e-29
PTGER3,-3.0640685814624353,1.6445909360409936e-30,3.413510696551221e-29
ARHGAP19,-1.400158334378526,1.674645539039862e-30,3.471933114708725e-29
RBP4,-4.9572687319704,1.704582902388699e-30,3.5299798148101805e-29
MAPKBP1,-1.1778868681801082,1.7211406181313662e-30,3.5602184854369615e-29
APCDD1L,-3.1657895146118147,1.809044465046688e-30,3.737802088223027e-29
MST1P9,-2.621656315063337,1.853607280351119e-30,3.825534390502428e-29
ARHGEF10,-1.4788494920356214,1.893714402388887e-30,3.9038825896585403e-29
FAM19A3,-1.9056449767966892,1.9797501990328108e-30,4.076628153053649e-29
ZNF25,-1.1132261005894915,2.067497146769085e-30,4.252502888433633e-29
GRASP,-1.7543491533927025,2.0834543035050036e-30,4.2804874364223006e-29
VWF,-1.9856057067603192,2.380694158005943e-30,4.885656793481644e-29
KIF4B,1.9160109619967385,2.3950359147316847e-30,4.904031356114832e-29
UTRN,-1.4090299385425809,2.3948566111066728e-30,4.904031356114832e-29
ECSCR,-1.8850763075379415,2.445819716042491e-30,4.9914228841113135e-29
TMEM88,-2.194777712278941,2.4459425438813887e-30,4.9914228841113135e-29
TPO,-2.7521025837200566,2.530668351401978e-30,5.15853930577494e-29
MFGE8,-1.8602748150006256,2.6032895641279026e-30,5.300635339577204e-29
DNAJB4,-1.494428709394203,2.6237364843000403e-30,5.336298907677501e-29
JPH4,-1.8443754421171472,2.6924057322709575e-30,5.469850618808956e-29
RAG1AP1,1.8978446506961006,2.7636173828115274e-30,5.608263904048856e-29
NISCH,-1.1825004264392334,2.812063931089341e-30,5.700222687930877e-29
LOC201651,-1.70896118148752,2.8298997318233402e-30,5.729996086582899e-29
CCDC82,-1.4792833187006167,2.8674170988309828e-30,5.793073634852428e-29
C8orf79,-3.625085965132322,2.8654523080685224e-30,5.793073634852428e-29
CXCL12,-2.349761858773361,2.872033569994329e-30,5.795967524900972e-29
RAD54B,1.7432001254233036,2.9540304785091084e-30,5.954841284640232e-29
SEPHS2,1.4148121911451152,3.038289479971724e-30,6.111158387174066e-29
TACR1,-3.8759232534804955,3.081746910059417e-30,6.1917261593611e-29
APBA1,-2.237201831180232,3.155501171797846e-30,6.33292037819583e-29
CADM3,-4.088036046657469,3.256696165910729e-30,6.528815011902314e-29
GAS2,-2.641732208704376,3.3895554491008214e-30,6.787687331131161e-29
CDH23,-2.6488011288097315,3.6171413027232966e-30,7.227532725957428e-29
SPTBN1,-1.5904453279819393,3.6743736303286876e-30,7.333840262376437e-29
CRB2,-2.946080195660355,3.834028161502403e-30,7.644119893080858e-29
WDR19,-1.3605087043772706,3.861040585730965e-30,7.689553805477107e-29
HOXA6,-2.7799766210962,3.9360703175076035e-30,7.830413987933433e-29
STAT5A,-1.9841468706885745,3.94421120949845e-30,7.838043302019682e-29
LOC100190938,-2.834703210836574,3.983984940594078e-30,7.908449059283969e-29
DNM1P35,-1.8899575818387042,4.3994442959579624e-30,8.723647551124488e-29
ZNF695,3.009854195409508,4.706085705317051e-30,9.315453001332042e-29
GPR124,-1.6542096952213718,4.7132517795016265e-30,9.315453001332042e-29
GGTA1,-2.4928704628119895,4.7100786083994624e-30,9.315453001332042e-29
MPL,-1.6899924369747885,5.0613904849207585e-30,9.992677982322404e-29
ZNF37B,-1.6932335758183843,5.112575000433598e-30,1.0082795529024138e-28
NVL,1.3862323842970063,5.176985942007604e-30,1.019877436172775e-28
LOC100126784,-2.7346330239558507,5.24723263787197e-30,1.0325986562938754e-28
ZNF781,-1.8929780634641915,5.307311356837535e-30,1.0432936136988515e-28
CNKSR2,-2.9878615326727695,5.346375746193254e-30,1.0498390259757907e-28
COL17A1,-5.103265847234414,5.431283724875888e-30,1.065362690128403e-28
FOS,-3.2338541201555238,5.94090792216588e-30,1.1640726254810066e-28
HNRNPAB,1.1597494544086313,6.11524825479857e-30,1.1969447740010577e-28
ASXL3,-2.8691205568794684,6.2911318710350784e-30,1.230048049929662e-28
PRNP,-1.713126301266776,6.311826575393487e-30,1.2327701625739017e-28
SGCG,-3.573401743383921,6.477575449488158e-30,1.2637867728513713e-28
LPAR6,-1.4232224006020324,6.542747446788361e-30,1.275135243831783e-28
KLF10,-1.2553227267026212,7.307654543209696e-30,1.4226870122999582e-28
FOXN3,-1.3160356578452284,7.406639857325158e-30,1.4388800994972236e-28
ART4,-2.5942998745766968,7.82618078032314e-30,1.5187629930087646e-28
KCNA6,-2.3872632133450398,8.296122514452178e-30,1.608246199473621e-28
PGR,-4.345010573184495,8.339696769091757e-30,1.614973407316779e-28
GALNTL2,-3.131331092436974,8.504320485966389e-30,1.6451025059090985e-28
C6orf123,-2.059260027593126,8.644570044303363e-30,1.6704576275632073e-28
TUBG2,-1.582617446381538,8.789366487538742e-30,1.6966366720325314e-28
CGB7,-1.9576756302521015,8.88225323180721e-30,1.7127505887562143e-28
RGS2,-2.6761649065596362,8.950741336571384e-30,1.7241306301545918e-28
INTS7,1.3243108742004264,8.971496389038961e-30,1.7244788676840149e-28
ABCG2,-2.4848740750031366,8.970766620326708e-30,1.7244788676840149e-28
HSPB7,-3.7827410510472834,9.212054795923254e-30,1.76885056382058e-28
DUSP1,-2.4483064091308133,9.32152105604762e-30,1.787983643658955e-28
CDH5,-1.57768413395209,9.628259699219141e-30,1.8448759084724843e-28
CSF1,-1.5533621848739507,9.650723446407939e-30,1.8472357402204387e-28
HSPE1,1.3758770475354325,9.969305270880014e-30,1.9062107546830768e-28
MCM6,1.2086823905681694,1.0629914972191734e-29,2.0303918388122362e-28
PABPC5,-1.5361910071491272,1.12544404707235e-29,2.147427462144443e-28
MPZ,-2.1938215100965754,1.2482623113061152e-29,2.3767906749691648e-28
GPAM,-2.9107805970149254,1.2745415670510786e-29,2.424292596136968e-28
PCNX,-1.1789306158284187,1.2884044295547025e-29,2.4474572692899005e-28
IBSP,4.5421434591747145,1.2894091749980852e-29,2.4474572692899005e-28
CD36,-4.103090405117269,1.319812941504497e-29,2.5025578098131622e-28
RFC2,1.2098967139094423,1.3835489751349528e-29,2.6206807486349164e-28
KCTD5,1.0976606045403248,1.413900741427938e-29,2.67538827403459e-28
FCER1A,-3.390521660604542,1.4415251712589387e-29,2.7248268631803177e-28
HYMAI,-1.685870124169071,1.471923030829756e-29,2.779399889024279e-28
FN1,2.8947650068982753,1.473958212532172e-29,2.7803586883650904e-28
COX7A1,-2.386504941678165,1.4815607554972012e-29,2.7918064629726246e-28
CLK1,-1.0558529035494804,1.5008658050874498e-29,2.825259591520874e-28
TCF7L2,-1.2080612692838386,1.5179313819407762e-29,2.854432329077267e-28
TRHDE,-3.5166705380659717,1.542971072636662e-29,2.8985245031171476e-28
CMYA5,-2.6438523140599512,1.5698336971806968e-29,2.945946679358786e-28
NTF3,-2.6392939922237546,1.5769149552377319e-29,2.956187737403958e-28
LOC134466,-2.436430013796562,1.6402455331035326e-29,3.071747884679383e-28
CKMT2,-3.4520752665245196,1.7688991498742707e-29,3.3092776182077443e-28
ALG3,1.1828220117897903,1.8134243297702185e-29,3.3890927181526985e-28
NCAM1,-2.805962410635897,1.8946567253773933e-29,3.534028944949268e-28
PARP1,1.1682558008277937,1.89485922664972e-29,3.534028944949268e-28
GCOM1,-3.973974426188388,1.935302691192058e-29,3.6057640622076802e-28
DRD2,-3.687844600526779,1.9603013889949018e-29,3.64860594927139e-28
LOC257358,-1.633033074125173,1.9769120303062097e-29,3.6757640130402383e-28
C15orf23,1.3310258497428817,2.055133287207794e-29,3.8173052272493342e-28
ACVR1C,-4.155557330992099,2.0919635221012607e-29,3.8817545354545614e-28
HIST1H2AM,2.709818913834191,2.1693665664643677e-29,4.0212810192821676e-28
CDH4,-2.317403348802207,2.1965747704794592e-29,4.0675738094646595e-28
KLB,-3.838320381286843,2.24877188249675e-29,4.159999448891091e-28
MEOX1,-4.137387558008278,2.404561635530476e-29,4.443678726046828e-28
PDZK1,-4.024640599523391,2.4189211889231531e-29,4.465681785189468e-28
WISP1,2.903983519377899,2.5119345778152406e-29,4.6326996068866085e-28
MUSTN1,-2.7474355198795934,2.6080685729672275e-29,4.805128768595389e-28
TRPC6,-1.772457556754044,2.6754719578155454e-29,4.924329226300948e-28
IL34,-2.630100476608556,2.8930645703117217e-29,5.31943983569538e-28
CD200,-1.3546250846607313,3.0768456007221626e-29,5.651646868813877e-28
BRIP1,2.1086662360466573,3.451892914877884e-29,6.334153904185699e-28
GARS,1.1015309419290062,3.576871016998647e-29,6.5568764473742565e-28
FNDC4,-1.8215199046782908,3.6833579421523744e-29,6.745288191247452e-28
DENND2A,-2.2208310171829933,3.7011484907413815e-29,6.771055877081947e-28
FBXO17,-2.1924958359463176,4.031925845325209e-29,7.368789775346865e-28
ITM2A,-2.946585651574064,4.2284434747920925e-29,7.720196245901751e-28
KLHL3,-1.548598846105607,4.450062179552345e-29,8.108556742181314e-28
C16orf88,1.1650773360090287,5.147674823825647e-29,9.360951530279546e-28
MNX1,3.549164756051675,5.265641090157104e-29,9.565914647118738e-28
TMEM55A,-1.7231136460554382,5.295672708903902e-29,9.610880390845237e-28
SCN9A,-2.350971453656089,5.490110378043405e-29,9.94392827975364e-28
FLJ45340,-1.1185903925749408,5.561406816555248e-29,1.0055420115868476e-27
SUGT1L1,-1.6173482754295758,5.56271386951577e-29,1.0055420115868476e-27
PLEKHA4,-2.2961592875956347,5.692285746390404e-29,1.0279432285867513e-27
TCEAL2,-3.432067189263764,5.765320600985985e-29,1.040100405349335e-27
AQP7P3,-2.787847121535181,6.130001970509244e-29,1.1047962957344531e-27
FLAD1,1.21414256866926,6.303574708572183e-29,1.1349551970340202e-27
KMO,3.3179483506835563,6.742884545489771e-29,1.2128530373670978e-27
DDIT4L,-2.079703185751911,6.801291969741782e-29,1.2221512115025633e-27
MAP2,-2.1918558635394447,6.924241226568328e-29,1.243017387053484e-27
HYAL1,-2.342950608303023,7.001321309451469e-29,1.2556162738516757e-27
HM13,1.1964342280195677,7.09756741093453e-29,1.271624208476784e-27
NCRNA00219,-1.6066319954847623,7.72485480828933e-29,1.382650266227047e-27
LRRC15,3.4503141352063196,7.771868771284614e-29,1.3896986959105485e-27
PDZRN3,-1.8858589740373741,7.806113623586111e-29,1.3944522697756426e-27
GPR116,-1.5472531293114251,7.915794998029182e-29,1.4112753805007364e-27
LOC100132707,-1.4902551486266145,8.02421364217226e-29,1.4292050971473743e-27
ITGA9,-2.258088009532174,8.054990931622857e-29,1.433284456777428e-27
RANGAP1,1.0935821146369005,8.06529181661077e-29,1.4337158880641194e-27
CDH20,-2.5583388185124782,8.197441037574491e-29,1.4557855532387168e-27
ID4,-3.563993076633637,8.375403043650864e-29,1.4859401715748215e-27
STARD13,-1.3254908315565057,8.744614729546629e-29,1.5499340011873154e-27
ISM1,-2.5643392574940425,8.773385553286101e-29,1.5535207901407285e-27
MAFF,-1.7952501066098066,9.207654363391622e-29,1.6288331620681993e-27
MEF2C,-1.390830540574438,9.282689694758045e-29,1.6405126263464144e-27
MPDZ,-1.5987509845729377,9.513667233022507e-29,1.6797020818885422e-27
PDCL3,1.0085052677787534,9.915127340097957e-29,1.7488862691066193e-27
APCDD1,-2.277694757305907,1.0212370353988694e-28,1.7995719027459456e-27
LOC339290,-1.3937456666248575,1.0422161560554958e-28,1.8347640898141384e-27
SHANK3,-1.5861756177097668,1.0479757595266552e-28,1.843121038711469e-27
SMAD4,-1.0280318951461158,1.091985316893969e-28,1.9186687956969997e-27
AGAP11,-2.6892024457544226,1.1070793020640383e-28,1.9433138414148204e-27
CCT5,1.164212203687443,1.1233060812671924e-28,1.9698979380834973e-27
PTH1R,-2.518128333124295,1.1531143061935688e-28,2.020225189185903e-27
SLC10A6,-2.116229850746269,1.1692256517787959e-28,2.0464821672432136e-27
CST1,5.693649592374263,1.1776934058598903e-28,2.059323061178442e-27
LOC55908,-3.294840348676783,1.1987573768453774e-28,2.0941440048672174e-27
BBS12,-1.2263601530164312,1.22096674140092e-28,2.130897180606035e-27
MEIS2,-2.08082306534554,1.2311055463928828e-28,2.1465339330449852e-27
TLN2,-1.7507857895396963,1.3371450417967555e-28,2.3291915019929513e-27
TNFSF12,-1.3309784397340998,1.3414767199575952e-28,2.334502938182419e-27
PRR11,3.0340301893891892,1.4451749003871448e-28,2.5125614815422345e-27
SAA1,-5.424067954345915,1.4811134550626572e-28,2.5725866624528197e-27
SFRS5,-1.0596882227517916,1.511411492249068e-28,2.622709570391781e-27
C20orf160,-1.8313072118399614,1.5786321859010295e-28,2.7367468266625182e-27
TMEM35,-2.506512793176973,1.6233039672860694e-28,2.8115130462900404e-27
ARAP3,-1.4620750156779128,1.649849525063678e-28,2.854772899689556e-27
PREX2,-2.8155608804715904,1.6568102998256246e-28,2.8640947661657973e-27
OCA2,-2.790757933023955,1.7274499149115802e-28,2.9833748388174095e-27
WDR17,-3.3736006396588483,1.8065456090455803e-28,3.117018930943763e-27
CNRIP1,-1.539746130691082,1.827418802599592e-28,3.1500477711856412e-27
DSC1,-3.1520863915715527,1.881528231380812e-28,3.240251503862339e-27
ABCA12,4.261175830929386,2.0005734300408155e-28,3.4420073862980115e-27
C21orf45,1.2779039884610555,2.16847944862234e-28,3.7273684044638765e-27
GALE,1.8794839583594616,2.17058467764957e-28,3.727467253514634e-27
DCHS2,-2.665760328609055,2.179111702281332e-28,3.7385834417179155e-27
PI16,-5.790832484635644,2.257836027789841e-28,3.869279188775394e-27
C2orf54,5.129457180484133,2.2595417116234927e-28,3.869279188775394e-27
BMP5,-3.684776658723191,2.3940683392185647e-28,4.095791915300332e-27
KIF26B,2.5001349303900673,2.4339694047632677e-28,4.16014507745594e-27
HDAC5,-1.2764504954220488,2.487836011059813e-28,4.248225038397915e-27
ARPC5L,1.1092023328734442,2.561805183986023e-28,4.370434841996023e-27
NCRNA00162,-1.747553079142105,2.5820532556371134e-28,4.400853503030185e-27
FAM70A,-2.474158359463188,2.6616324739955516e-28,4.528008964872993e-27
CLEC14A,-1.5322867552991326,2.671364821817342e-28,4.540322488472556e-27
RGS9,-2.7792627869058073,2.759933027056097e-28,4.686479560774453e-27
MAOA,-4.222231280571931,2.77899633893325e-28,4.714452037055168e-27
TXNDC17,1.2377387934278161,2.878178831986423e-28,4.878164737304363e-27
GABRP,-5.893761607926751,3.1694022100806266e-28,5.366756133032339e-27
ADH1B,-7.4275135958861105,3.245767386282505e-28,5.49095759595729e-27
IGF2,-2.44319445628998,3.4413852673909638e-28,5.816484310335906e-27
LOC390595,-1.6415298005769472,3.447634618022793e-28,5.8216412756835714e-27
SAA4,-3.5418390693590873,3.5187966133286047e-28,5.936297938129805e-27
ADIPOQ,-7.019043923240936,3.5762560011601885e-28,6.0276470360295284e-27
CDKN1C,-2.262640825285339,3.645994471548222e-28,6.1395039191112195e-27
GRK5,-1.490050119152139,3.8442547845522453e-28,6.467372443919088e-27
ZCCHC24,-1.5396824031105005,3.865825707578329e-28,6.497657004159587e-27
PCK1,-5.373825460930641,3.8831281086095145e-28,6.520717800832011e-27
HCRTR1,-1.0345978427191773,3.972496971555125e-28,6.664641693384143e-27
CFL1,1.1166672896024092,3.9774367576862047e-28,6.666784650106997e-27
HBA1,-5.021427116518248,4.0068405622162505e-28,6.709891329716873e-27
NFKBIL2,1.9491906685062084,4.035436896869432e-28,6.751567815598739e-27
C2orf84,-2.079282177348552,4.0723455490486645e-28,6.799937396144433e-27
EMP1,-1.8466633513106743,4.075554413664548e-28,6.799937396144433e-27
LPHN3,-3.145401981688199,4.144160551265266e-28,6.908072757754728e-27
ZC3H6,-1.485055524896528,4.184383727009447e-28,6.968740803545559e-27
DOCK1,-1.1802811488774605,4.294430871594469e-28,7.145477619344984e-27
SOX8,-2.8445539696475595,4.3079039864055715e-28,7.161349430551654e-27
PDE5A,-2.027794594255612,4.332203775537527e-28,7.195173843623139e-27
ADAM8,2.2110465696726473,4.520154324639412e-28,7.500489441331926e-27
NICN1,-1.1427956979806861,4.532826795469438e-28,7.514667227498195e-27
FBLN7,-1.9196099711526395,4.598342757251562e-28,7.61634515106917e-27
PKM2,1.1759891634265642,4.699555893336993e-28,7.776910538764844e-27
LGR6,-4.28985188762072,4.727450061897222e-28,7.815964893434617e-27
E2F7,2.557128784648188,4.999859285292361e-28,8.258841975515141e-27
ARRDC3,-1.4126321585350556,5.005123109965442e-28,8.260041339138799e-27
ZBTB47,-1.3023050294744802,5.041527170556312e-28,8.312583250510558e-27
FGFBP1,-4.234770337388689,5.151710650160808e-28,8.478895928108245e-27
ZNF559,-1.246703863037756,5.237199661378949e-28,8.61181078916721e-27
LGI4,-2.55640247083908,5.29229429493225e-28,8.694551719372902e-27
RCC1,1.6918387558008288,5.402829177764258e-28,8.860153110166018e-27
CA6,-3.3141535306659975,5.603190916924912e-28,9.180457629233499e-27
IL33,-4.205285513608428,5.649731767478192e-28,9.248387352824238e-27
ELTD1,-1.5253431832434465,6.265575888165857e-28,1.0238085986739954e-26
TMIE,-2.0939045528659226,6.528728563975667e-28,1.0652263329843615e-26
EPYC,4.435712429449391,6.530750907051296e-28,1.0652263329843615e-26
FHOD3,-2.0536238053430313,6.593630405687889e-28,1.0745197338830496e-26
DSEL,-2.063500263388935,6.61968203812558e-28,1.077800287477638e-26
AQPEP,-3.774010736234791,6.653801603148076e-28,1.0823874046658126e-26
LCAT,-1.6806593126802962,6.78343325793234e-28,1.1024896035191284e-26
MFSD4,-3.144116869434341,7.634603558520029e-28,1.2375128101134468e-26
NLGN1,-3.3721427442618843,7.632953018230578e-28,1.2375128101134468e-26
ATAD2,1.7343443496801694,7.980854289712665e-28,1.2924865714914558e-26
SLC7A10,-4.28243156904553,8.023783947613268e-28,1.2982839039858163e-26
TUBB2B,-3.6310052050671002,8.352952502542317e-28,1.3503445328932308e-26
SYNPO,-1.5334613821648055,8.367735264111884e-28,1.3515340285060215e-26
DCTPP1,1.1435772607550483,8.41386972200674e-28,1.3577807672844744e-26
ABCB1,-2.943629323968394,8.527649779007522e-28,1.3737062736926896e-26
WSCD2,-2.884556565909946,9.171069348370525e-28,1.4747435984839987e-26
SPOCK3,-2.621924645679166,9.198622216382445e-28,1.4778686690627504e-26
ADAMTS14,2.82508937664618,1.0552416183590008e-27,1.69238442105629e-26
HOXA7,-2.958941891383418,1.0737827671973559e-27,1.7206045520504815e-26
C1orf112,1.183203837953089,1.0775561739658418e-27,1.723883549939e-26
CTSG,-3.2667065972657707,1.077723166417943e-27,1.723883549939e-26
ZDHHC2,-2.0598190894268162,1.1039130712388264e-27,1.7642256045443684e-26
TEK,-1.9163106358961501,1.1133203228460426e-27,1.7776991084882906e-26
ZNF540,-1.5305650946945955,1.1580221535890741e-27,1.8474563770185728e-26
SCN7A,-3.4326375015677906,1.1851759696595664e-27,1.8891206808855596e-26
PRELP,-2.811136648689329,1.2617612316081901e-27,2.009434794310051e-26
C5orf41,-1.520954383544467,1.2852557032366996e-27,2.045062025001542e-26
S100A11,1.375763338768346,1.3112010246205509e-27,2.0845233407133525e-26
ANK2,-2.5994397842719144,1.3157393056885072e-27,2.0899129652223295e-26
RECK,-1.7277332246331358,1.324989376970692e-27,2.1027708482125115e-26
TDRD10,-2.4398548726953484,1.3299658064210242e-27,2.1088299280733367e-26
RAI2,-2.069309895898657,1.3319423545183095e-27,2.1101259076846637e-26
ADHFE1,-2.8316500564404876,1.3640849880631316e-27,2.1591686119750592e-26
TSPYL2,-1.195743321209081,1.382578842829341e-27,2.1865406321479145e-26
DPY19L2P4,-2.6287945064593,1.39748271676884e-27,2.208192525463819e-26
EPN3,2.691958535055816,1.4853942392496269e-27,2.34506776557337e-26
TP53AIP1,-2.8659244199172202,1.5268242829383158e-27,2.408386691709373e-26
AHNAK,-1.6993447635770735,1.5713906781601521e-27,2.474396584303568e-26
CLIP3,-1.4126982440737486,1.5706814122664347e-27,2.474396584303568e-26
CLEC4GP1,-2.145319816881977,1.585928952567584e-27,2.4951309182011866e-26
EFNB3,-2.5407313683682426,1.642586563359689e-27,2.5798104583983108e-26
GLDN,-2.6674694343409007,1.680619742162967e-27,2.637269066085559e-26
CYTL1,-2.1608491157657093,1.711804078717364e-27,2.6838905809553985e-26
TWIST2,-2.192094167816381,1.7432540064151145e-27,2.730847906951319e-26
ASB1,-1.0369186379029234,1.786267839244637e-27,2.795824030762694e-26
DMGDH,-2.581030302270162,1.7889417151074703e-27,2.7976036116925497e-26
HAPLN4,-2.211992825787031,1.949636873851843e-27,3.0440114386054097e-26
RNF180,-2.118942230026337,1.9498529568828807e-27,3.0440114386054097e-26
FAM110A,1.5521667001128812,1.9854712907679224e-27,3.0969609173820476e-26
CDC14B,-1.892911237928006,2.0162503668965534e-27,3.142277862039209e-26
SYCE1,-3.046193866800452,2.0339978791781292e-27,3.1652091857779647e-26
TCEAL5,-2.405248200175593,2.084734166187523e-27,3.2406845454407753e-26
C20orf24,1.2156156528282942,2.1203391212576552e-27,3.293219541318524e-26
LEFTY2,-2.8538075504828795,2.122835101518877e-27,3.294285366832747e-26
ELOVL2,-2.9529840586981067,2.401839896084837e-27,3.724079355062375e-26
BOLA2,1.1596505957606915,2.439614872259112e-27,3.779430597424052e-26
CLK4,-1.0637359839458131,2.4559453178634808e-27,3.8014942704990595e-26
OR10A3,-1.0057250344914084,2.501731746900498e-27,3.869075869909071e-26
WHAMML1,-1.6910882352941172,2.516525751465067e-27,3.888651804237574e-26
SLC16A7,-2.7074432710397582,2.7512071812805204e-27,4.2476865412085935e-26
ANKRD20A3,-2.114542079518375,2.9835497866399513e-27,4.602504810695511e-26
MTMR10,-1.0900642543584667,3.1353712200678766e-27,4.832613236146956e-26
GABRA4,-2.043426426690079,3.1535667865055043e-27,4.85654621106258e-26
ANGPT1,-2.4825227517872808,3.1740884792107006e-27,4.8840179701667275e-26
EDA,-1.963031393452905,3.1778083279171377e-27,4.885611908198958e-26
SERPINF2,-2.2120112504703355,3.3434834133992375e-27,5.1350632956044874e-26
PLCD3,-1.7793380659726576,3.345704042513279e-27,5.1350632956044874e-26
SNRPG,1.189441552740501,3.393743368998292e-27,5.204406954159723e-26
ZFP36L2,-1.3298842342907324,3.458965529281055e-27,5.299962081608e-26
LOC284440,-1.3496713784021077,3.512189573226422e-27,5.376987956386927e-26
INHBA,2.8670268656716402,3.567081663839035e-27,5.456435926627055e-26
HMGCLL1,-3.570378565157406,3.577552983076745e-27,5.463271556287416e-26
RIBC2,2.1994561394707133,3.576373416959394e-27,5.463271556287416e-26
SPATA18,-2.422698369497052,3.598541702062318e-27,5.490717066440936e-26
DDX39,1.4438675655336741,3.668058779234428e-27,5.592099996516272e-26
CENPK,1.9168970400100376,3.733940163228541e-27,5.687775128974823e-26
ZNF660,-1.6867813997240684,3.815526984415158e-27,5.807193787400429e-26
FLJ10038,-1.2896872946193403,3.8646255698606305e-27,5.877007455987724e-26
KLF14,-1.8363464693340013,3.939325598959695e-27,5.980612500238809e-26
PER2,-1.374165859776749,3.963991791435948e-27,6.00803851619555e-26
GPR172A,1.588127743634768,3.997399095116311e-27,6.053631924159918e-26
ADAMTS18,-3.4799734353442857,4.0407373066723524e-27,6.11417632529982e-26
DSC3,-4.539331857519126,4.385408279643663e-27,6.630198248700466e-26
CCNE1,2.5006560893013914,4.456786630911582e-27,6.732521746264192e-26
SFRS13B,-1.956863777749906,4.563191164064959e-27,6.887543014881794e-26
LOC389705,-1.613624081274301,4.78186868732531e-27,7.211628476833689e-26
FTO,-1.1496351185250209,4.816257568270051e-27,7.257478188346006e-26
BRI3BP,1.4436450395083407,4.856420155094867e-27,7.311945085458384e-26
AMIGO2,-2.3229197541703215,4.986027585026442e-27,7.50088100249887e-26
PAFAH1B3,2.0374147246958483,5.098920324662667e-27,7.664380402133322e-26
SLITRK3,-1.856836786654961,5.446157515284866e-27,8.172828132788988e-26
WDR34,1.672853254734731,5.612686669905236e-27,8.415793694586905e-26
GLRA4,-2.505026000250847,5.852305393563114e-27,8.767861323376903e-26
NCRNA00086,-2.9107777373636035,5.9583361388499416e-27,8.919374402589267e-26
C3orf55,-2.9271460930640925,6.027819435105878e-27,9.015973473889261e-26
VIP,-1.7130494920356205,6.177856748064007e-27,9.232801837849681e-26
BIK,2.1864441615452144,6.184215539851235e-27,9.234723172429206e-26
LRRC8C,-1.3733284710899305,6.739440309873548e-27,1.0055576390215426e-25
ALDH18A1,1.1532117145365586,6.778953029494783e-27,1.0106247501711183e-25
TSTA3,1.7822744638153782,6.807372482240979e-27,1.0140311071541125e-25
SLC26A5,-1.9394616330114132,6.851222131511204e-27,1.0197285074398893e-25
TP63,-4.089761520130439,6.999981967863804e-27,1.0410185601390916e-25
TMEM26,-2.1573566411639282,7.060764988755672e-27,1.049200857880159e-25
SCHIP1,-1.3567331995484757,7.18848837148859e-27,1.0673087587781958e-25
IFI30,1.8924615702997656,7.235197960364282e-27,1.073368447208729e-25
CYBRD1,-1.9208205568794696,7.33050165798827e-27,1.0866215120550528e-25
KCNB1,-3.7264070362473367,7.639094676958283e-27,1.131443778719867e-25
SLC6A2,-2.8974977925498546,7.688996486161409e-27,1.1379089677853343e-25
FGF7,-2.1216382917346044,7.815193717395614e-27,1.1556455827599704e-25
MSRB3,-1.9961195409507102,7.923423939387834e-27,1.1706987497457527e-25
CCDC3,-2.2200724695848475,8.263576464982499e-27,1.2199666049641234e-25
TMEM71,-2.7141810485388174,8.639870877910101e-27,1.2744859772333676e-25
CREB3L1,2.4629145867302142,8.808468132015468e-27,1.2983040113933406e-25
TNFRSF10D,-2.32353370124169,1.026233679500253e-26,1.5113698760471765e-25
ME3,-2.071778452276434,1.0713420252761323e-26,1.5752535449193405e-25
BACH2,-1.769334152765583,1.0863937595977619e-26,1.5960956905535157e-25
DHTKD1,1.3885931393452928,1.1327182340463164e-26,1.6628120979310563e-25
HOTAIR,3.308154508967766,1.1339681827838222e-26,1.6633056270115968e-25
KLHL13,-3.319443885613947,1.1419756674347172e-26,1.6723558386415251e-25
SAA2,-5.231060729963628,1.1612251320496701e-26,1.6991785433038702e-25
CXCL11,3.6975869058071,1.1765664516990357e-26,1.7202441060463893e-25
OR2A1,-1.3560567415025713,1.2329426860315754e-26,1.8012243751069638e-25
PCDHGB7,-2.274525561269283,1.249513748771486e-26,1.8239694281385214e-25
KLHL10,-1.553199573560768,1.2775970064684695e-26,1.863469415764868e-25
VIM,-1.4088280697353568,1.279833621047916e-26,1.8652371019964141e-25
KCNK1,2.1691020443998505,1.3654459825661623e-26,1.988417057652148e-25
HRCT1,-2.9221144613069097,1.385753990651816e-26,2.0163772895151881e-25
TLCD1,2.3985702495923737,1.4099425356802837e-26,2.0499348224431473e-25
GCK,-1.6746292863414027,1.439906512959425e-26,2.0918290706624434e-25
ARHGEF6,-1.870681136335131,1.476647545979422e-26,2.1434940414245153e-25
C17orf28,1.7504619214850106,1.484680605740782e-26,2.1534375351633028e-25
PDE7B,-1.874576044149002,1.4922908375054003e-26,2.1627523976999044e-25
CXCR2,-1.8275704878966508,1.4938932679225446e-26,2.1633523592676274e-25
CAMK1,-1.4845724695848475,1.4981606280729346e-26,2.167807465247347e-25
TBC1D7,1.1472404991847496,1.5897842944903502e-26,2.298557864385055e-25
SAV1,-1.1812092938667984,1.592109623117203e-26,2.300092973777972e-25
PDLIM4,-2.0108945315439604,1.621152425272279e-26,2.3401933066797215e-25
PGK1,1.4467383042769288,1.6739014944152496e-26,2.4144238433312827e-25
BEGAIN,-2.2615319578577693,1.678451290422321e-26,2.4190695834962397e-25
SLC7A5,2.1345380158033365,1.6881895340727884e-26,2.4311799120828297e-25
DOK5,-1.6556259500815251,1.802099985420346e-26,2.593172018545973e-25
SEPT4,-1.5026041138843578,1.809556768406965e-26,2.6018453282236956e-25
PRSS45,-1.6200411137589361,1.8649944290907035e-26,2.6794391154489403e-25
DRP2,2.300803449140851,1.8713528239245283e-26,2.686453900149699e-25
STAC,-2.592625072118399,1.9653035965411705e-26,2.8168835722707816e-25
BCL2L2,-1.0166440110372523,2.023519618466482e-26,2.898043085361556e-25
AQP4,-3.152344023579582,2.064233362583798e-26,2.9527522211715794e-25
DNAH1,-1.6309951210334885,2.0659679602867642e-26,2.9527522211715794e-25
TEAD1,-1.3328431832434458,2.066585908791184e-26,2.9527522211715794e-25
GOLGA6L5,-2.1711677411263013,2.131268919680601e-26,3.0427833839173316e-25
NR3C2,-2.900626464317072,2.181759732097025e-26,3.112427304338726e-25
TARS,1.0267588486140706,2.3100638267093417e-26,3.2920302850448123e-25
PLD5,-3.0488989966135707,2.311275451457051e-26,3.2920302850448123e-25
OGN,-4.001555863539444,2.3301543716297416e-26,3.316325256198294e-25
CHEK1,1.4860001755926255,2.3446710625761147e-26,3.3343786993807043e-25
C6orf138,-1.9100686441740882,2.3520375705299398e-26,3.3422435516281416e-25
KRT14,-6.66595908691835,2.4620757977842359e-26,3.4958787634217197e-25
NAALADL1,-1.6985533049040518,2.5633245780843584e-26,3.636804153925922e-25
RGR,-1.1851860027593126,2.574467758895375e-26,3.6497692067891364e-25
TTYH3,1.6373829675153626,2.686904902273761e-26,3.8062046642871035e-25
SERPINA6,-4.220866537062587,2.7248812507313495e-26,3.8569994873299182e-25
TMEM206,1.2778161670638406,2.734322856387337e-26,3.8673565621459744e-25
LHX6,-2.140528721936536,2.759204734470311e-26,3.8964936991127287e-25
SGCB,-1.3586209331493801,2.816127539148005e-26,3.973796092644274e-25
KRT15,-4.466983205819641,2.8819367669271606e-26,4.0635085180770806e-25
PHLDA1,-1.7487188887495257,2.9396519267418676e-26,4.141678329913484e-25
EHBP1,-1.05915948827292,2.9435028691736704e-26,4.143896575991363e-25
C9orf100,1.7583784773610933,3.086730154068755e-26,4.342175347334895e-25
DSN1,1.1177001379656346,3.122277425726582e-26,4.388788878803164e-25
C14orf49,-2.272254634391069,3.134316733131197e-26,4.402312306573085e-25
ATP8B4,-1.8214087796312546,3.308462559087077e-26,4.643326442795842e-25
SNRPA1,1.059803010159289,3.3160596205219117e-26,4.650403179688779e-25
MAGI2,-1.5046021196538328,3.3469610901009853e-26,4.690125690770457e-25
CADM2,-2.931506634892763,3.388115457167684e-26,4.744143512832566e-25
SETBP1,-1.7314978050921876,3.4586259515483675e-26,4.839152051962716e-25
ADRB2,-2.5513181612943683,3.507082325889536e-26,4.903181227201785e-25
NTN5,-2.048954897780008,3.7222540424346165e-26,5.200014607401176e-25
H6PD,-1.046844312053178,3.86303363549202e-26,5.392546109421874e-25
RPE65,-1.867110159287596,3.914686585943746e-26,5.46046282942023e-25
FAM175A,-1.0869813871817398,3.9436401860581197e-26,5.496637236356504e-25
THSD1P1,-1.1774133199548462,3.962649902203633e-26,5.51890712852431e-25
RARB,-1.5675431957857757,4.017494292465608e-26,5.591012890347971e-25
RTKN2,2.00086596011539,4.127966398581996e-26,5.735667351342036e-25
HSPA12B,-1.7618685814624362,4.1308904563035815e-26,5.735667351342036e-25
MT1L,-2.3242742882227523,4.1991352506099863e-26,5.825980104180913e-25
ZNF132,-1.4328407124043618,4.562080429729686e-26,6.32471820733964e-25
CKAP2,1.328476056691331,4.5962737502750954e-26,6.3672732934747e-25
C9orf7,1.5111881098708135,4.6333857800573366e-26,6.413803905276327e-25
CYR61,-2.1880805217609396,4.7089128025577586e-26,6.5133996766686085e-25
H2AFX,1.840752013044023,4.728823619567368e-26,6.535973906376978e-25
LAMA2,-2.3494770600777617,4.868374590346493e-26,6.723749823071108e-25
GMPS,1.0326476232283994,5.026008623060584e-26,6.936196737344338e-25
LLGL2,1.7403761695723077,5.780468047686732e-26,7.971353020609211e-25
IGFBP1,-2.8716921108742004,5.897911603606551e-26,8.127152529935659e-25
F3,-2.3786581211589084,5.932745540242289e-26,8.168968764677034e-25
SFRP5,-1.7712110999623734,6.200698722105221e-26,8.531467788244998e-25
LPCAT2,-1.5630596513232184,6.377095273213649e-26,8.767542693225683e-25
LOC388387,-1.0982100338642922,6.669388370333838e-26,9.16248124567448e-25
CLIC5,-2.2991577323466705,6.783929199866176e-26,9.31281019797617e-25
RAMP2,-1.616070926878213,6.795567840805832e-26,9.321757453367638e-25
YAP1,-1.0946557632008016,6.863116972265693e-26,9.407328181186175e-25
ALPL,-2.366928182616327,6.938800525558155e-26,9.503911660401436e-25
STIP1,1.1714775492286442,7.608455124688706e-26,1.0405462707340985e-24
ZFP2,-1.6905720306032883,7.764937103278518e-26,1.0611497754577993e-24
ZDHHC17,-1.0869726577198016,7.840640090947881e-26,1.0698888423952346e-24
RPL21P44,-1.2877201806095577,8.829012270066937e-26,1.2038540101275538e-24
TMEM195,-2.558652351686943,8.916874941835724e-26,1.2149242108251174e-24
TRIM11,1.0914943559513368,9.186751307511178e-26,1.2507586690398351e-24
BCL2,-2.537836410385049,9.448099172367901e-26,1.2853792917385119e-24
CCDC69,-2.4068862912329116,9.825986108979968e-26,1.3357910764881431e-24
PDGFA,-1.5079957606923395,9.841770322267281e-26,1.3369383968375473e-24
LRCH1,-1.0627091809858253,1.0052455045289162e-25,1.3645401878404072e-24
ARRDC1,1.2931773234666988,1.0258686384753858e-25,1.3914967828738783e-24
SLC22A11,-1.7069958610309799,1.0346300550477647e-25,1.4012924770858973e-24
FOXP3,2.4115142857142864,1.053115966871516e-25,1.4250483769529034e-24
FOXO4,-1.4078660604540296,1.0537357113545064e-25,1.4250483769529034e-24
EBF2,-2.4795667377398733,1.0653013648464744e-25,1.439619951321483e-24
SNCAIP,-2.0579741627994492,1.142724401615422e-25,1.543101801380232e-24
S100P,5.344982716668756,1.1517928502273886e-25,1.5541946073157267e-24
ALS2CR8,-1.2527135457167926,1.1549983870238695e-25,1.5573656028885552e-24
PLAC2,2.761253493039008,1.1620765369985299e-25,1.5657497559573826e-24
EPCAM,1.7892096826790418,1.1784471590104533e-25,1.5866326653452131e-24
OSBPL1A,-1.6234175968894995,1.18995956576895e-25,1.6009485569617295e-24
GRAMD3,-1.3735280571930222,1.2862123377528457e-25,1.7278910098977898e-24
CACNB2,-1.7107544587984438,1.303080230959695e-25,1.7492602834925758e-24
LOC401093,-1.8702454784899043,1.3056383527727235e-25,1.7514027218512812e-24
PCDHB15,-1.526302232534806,1.3591995011198007e-25,1.8219078438058714e-24
HOXC13,2.5039201931518864,1.4579925542116743e-25,1.9528946625691766e-24
KIAA0087,-1.5652085664116395,1.477635238731621e-25,1.9777495772523306e-24
HAP1,-2.8230405493540704,1.5596559956864528e-25,2.0859969206084127e-24
GINS2,1.9071161419791816,1.5701534383336606e-25,2.098495083552689e-24
RGS22,-3.227386579706509,1.5943762044012047e-25,2.1293052126716895e-24
HMGA1,1.4081194531543968,1.6319813424952988e-25,2.177929353184892e-24
CELF2,-1.809030013796562,1.6896811009613455e-25,2.2532794930988552e-24
CDON,-1.937439445628998,1.7391201985223142e-25,2.3175113450733296e-24
LOC441869,-2.063733262260129,1.7668543601466558e-25,2.3527468849853382e-24
ESRP1,1.8297385676658724,1.7900715694224962e-25,2.381920524722054e-24
LRRC34,-1.5627195911200298,1.7943306574267237e-25,2.3858437514345255e-24
GALNTL1,-2.980435682929886,1.8445313624152311e-25,2.449015637494125e-24
MAZ,1.177854082528535,1.8985182824630987e-25,2.5188577474982347e-24
PKDCC,-2.205629762949953,1.9250363746790126e-25,2.552180417209182e-24
NAP1L5,-1.734969910949454,2.0039892703328758e-25,2.654921156322368e-24
PRRT1,-1.5361471466198413,2.0430166748079775e-25,2.704656911383972e-24
EFEMP1,-2.646669434340902,2.0745612417124554e-25,2.7444213868380687e-24
ATF3,-2.352243045277813,2.0880552644387096e-25,2.760266519867671e-24
LOC342346,-1.381678251599147,2.090813057705572e-25,2.761906392555481e-24
PTCHD3,-2.55526220995861,2.1787306442553676e-25,2.875956049121135e-24
ACADS,-2.09002474601781,2.322505192155612e-25,3.063518986435406e-24
GRIA2,-3.5028722689075615,2.356918547814031e-25,3.104413048180811e-24
ASAM,-2.2255031732095825,2.4604875008571243e-25,3.238485464794088e-24
LOC148709,2.3689775617709774,2.46506869472718e-25,3.2421709140259294e-24
RGNEF,-2.139539445628995,2.4674644553197073e-25,3.2429787350313813e-24
SACS,-1.6005899285087182,2.5062927489417435e-25,3.291633976117356e-24
CXCL10,3.312926451774742,2.5361864421174985e-25,3.3260952309700886e-24
TMEM213,-3.9024093565784526,2.5396997896583975e-25,3.32830491512972e-24
CKAP4,1.2061535306659987,2.5958903020713376e-25,3.399495767525508e-24
KCNT2,-1.859861005894894,2.6529187511075956e-25,3.471680807074878e-24
UCP1,-1.8390501066098084,2.6665983130712365e-25,3.4870753658646344e-24
LOC285830,-1.9693705756929654,2.6716153675195007e-25,3.491128107319273e-24
SGCE,-1.9700412140975807,2.7509204630627236e-25,3.5921811469964674e-24
NAV2,-2.2221902420669757,2.9057562865844647e-25,3.788931352771992e-24
RERG,-2.4456325348049663,2.9053696388458403e-25,3.788931352771992e-24
NXNL2,-2.4111125548726964,2.9096722815260447e-25,3.7913217280328265e-24
EPB41L2,-1.7069499686441763,2.9621468455986598e-25,3.854178629766433e-24
LPHN2,-1.683513257243197,3.0380282069877273e-25,3.9500876751284e-24
CDKL2,-2.8344614072494663,3.042785113751599e-25,3.9534487812719744e-24
LAMB3,-2.8524230026338913,3.2134289364950055e-25,4.172185943724579e-24
SALL4,2.415028069735356,3.3153209655498165e-25,4.2983466905914034e-24
BCAN,-2.4619710523015175,3.3149173811917986e-25,4.2983466905914034e-24
PM20D2,-2.363161118775867,3.3521078570115973e-25,4.342947994390185e-24
KLF6,-1.4097723817885388,3.3727473502240353e-25,4.36658037099062e-24
HHATL,-2.281697754922865,3.566506591951214e-25,4.61415206064591e-24
KIF24,1.463928358208956,3.593893459179023e-25,4.64628143731788e-24
MCC,-1.653080459049292,3.711104131028869e-25,4.794409403627999e-24
PHLDB1,-1.1919990216982317,3.7795534923003706e-25,4.879376753215861e-24
GNG2,-1.7073384422425697,3.785068200439867e-25,4.883033058299567e-24
SLC12A8,1.5082601153894393,3.823341700903602e-25,4.928915650251294e-24
MST1P2,-2.365569998745767,4.042086329166488e-25,5.203542959675926e-24
C13orf36,-2.3246441866298757,4.0724007578656497e-25,5.2388629678748004e-24
CATSPER2,-1.3160567289602403,4.191949694915466e-25,5.38884606614027e-24
C16orf86,-1.565045917471466,4.2227871792852985e-25,5.4246573764664986e-24
MMP28,-2.156415728082278,4.3162648183554045e-25,5.540829935720975e-24
RGL1,-1.377579041765964,4.3538283430415665e-25,5.585111862465513e-24
C20orf132,-1.85463262260128,4.465461131763331e-25,5.7242809141892906e-24
IL21R,2.612352527279568,4.717192195644313e-25,6.042719882991796e-24
SLC4A5,1.24178902546093,4.731940955623772e-25,6.0573502964289395e-24
AIM1L,2.9557330741251726,4.783793418611074e-25,6.1194231622612354e-24
HIST1H4H,3.408655612692841,4.818742431138867e-25,6.159801156883483e-24
MBLAC2,-1.1718111125047033,4.848807173990999e-25,6.193883297414607e-24
SV2B,-2.6717875956352684,4.90588433302334e-25,6.262399194531827e-24
DARS2,1.0753302897278285,5.057910640914701e-25,6.451937448953771e-24
C15orf51,-1.832902972532296,5.078375343977087e-25,6.473506049468831e-24
SLC16A12,-3.0388606672519756,5.1346041277387885e-25,6.540601745082516e-24
TINAGL1,-2.3182537438856166,5.146206480846018e-25,6.550796962995809e-24
AKAP2,-1.669458096074253,5.287487477108128e-25,6.725935328148096e-24
ABCA5,-2.318651273046534,5.716283985517719e-25,7.266307080194067e-24
SEPT10,-1.215694744763578,6.045417416012615e-25,7.673970238750183e-24
C6orf115,1.7241952464567945,6.340887436221234e-25,8.043426759688859e-24
PLCZ1,-1.0274901542706636,6.3533248134954305e-25,8.053591335658588e-24
EFNB1,-1.1978320205694235,6.396425083036499e-25,8.102583562039902e-24
LRP6,-1.2190266775366876,6.4237882655330125e-25,8.131586773122213e-24
SLC14A2,-2.790674940423931,6.512327427270986e-25,8.237935799764681e-24
CRB1,-1.8467032484635646,6.60661912553923e-25,8.351408884874348e-24
ENTPD7,1.3177954471340794,6.659078173233008e-25,8.411880637568387e-24
ICAM5,-2.264390028847359,6.677757686099767e-25,8.429627126218727e-24
XPNPEP2,-2.8607244450018805,6.795638282908844e-25,8.572488126388752e-24
TEF,-1.4848882352941182,6.905916370211877e-25,8.705567568349501e-24
KIAA1199,3.4695400852878464,6.9263582901245625e-25,8.725294114542381e-24
TMEM91,-1.3560348049667619,7.28298363839e-25,9.161862554914525e-24
SNRPB,1.0406942305280342,7.382718358289856e-25,9.280913140604299e-24
C6,-3.8717008277938043,7.839619847672867e-25,9.848488618853638e-24
FGFBP2,-3.3241078891258,7.885133363972036e-25,9.898833284440206e-24
STC2,-3.0504229022952476,7.968695022619809e-25,9.996840489093618e-24
SDS,2.4958524269409246,8.001903808296404e-25,1.0031587811461395e-23
LRCH2,-1.6783948074752297,8.057633039517178e-25,1.0094500634434356e-23
NXNL1,-1.4609516994857645,8.516736749181947e-25,1.0654993748821922e-23
NR4A1,-2.4688473974664493,8.904435767738371e-25,1.1132379414844888e-23
C11orf82,1.6196929888373255,9.0616339020041e-25,1.1321133968303407e-23
DAAM2,-1.7211031606672549,9.090157388969089e-25,1.134898044934186e-23
CREB5,-2.1203052426940934,9.262953654504151e-25,1.154887297074925e-23
DZIP1L,-1.7006205192524764,9.306039390659294e-25,1.1586719222173128e-23
WSCD1,-2.2383667628245325,9.361553914667795e-25,1.1647871900799581e-23
SVIL,-1.2386363351310639,9.610410430329132e-25,1.1949337504322487e-23
ACTA2,-1.8991727455161165,9.67513559501328e-25,1.2021603633858479e-23
SYT8,-3.965492186128182,9.720062175262969e-25,1.2060960584615666e-23
TUBB3,3.072452263890634,9.956820454305961e-25,1.2346321711834565e-23
TSHZ1,-1.1141007274551598,9.978191258370996e-25,1.236439860286775e-23
C21orf62,-1.4303625862285216,1.0003507738118817e-24,1.2387336827005226e-23
DOPEY2,1.630944989339019,1.013621128241616e-24,1.2543130793597644e-23
AKT3,-1.4707634641916485,1.0170092285977114e-24,1.257650746478542e-23
UBE2Q2P1,-1.946568230277184,1.0305548957410003e-24,1.2735363725168655e-23
SLC22A3,-2.8303218738241585,1.0385279583532367e-24,1.2825186177682474e-23
HRNR,-2.426007023705006,1.101796584124049e-24,1.3597290319193265e-23
CDC14C,-1.5445176846858146,1.105495418483089e-24,1.3633694513988936e-23
DNAH9,-2.6218043145616448,1.125989548097901e-24,1.3877039772529515e-23
MB,2.185738617835195,1.1324724485315932e-24,1.3947493897578205e-23
CD80,2.1558999122036875,1.1383084090884857e-24,1.4009890446678636e-23
TUBB6,-1.2840360968267905,1.1549052350106647e-24,1.420455404925617e-23
GABARAPL1,-1.2706410259626235,1.1724202990155799e-24,1.4410240852789063e-23
ADRA2A,-2.3078546343910693,1.1848715788816766e-24,1.4543639481040566e-23
PGCP,-1.5119641665621497,1.1843029416823211e-24,1.4543639481040566e-23
DLEC1,-1.9870725322965002,1.2085926210157084e-24,1.481482254568952e-23
SYNE1,-1.675924783644799,1.2104206399751213e-24,1.4827245564917317e-23
PPP4R4,-3.423775843471718,1.2193426682101551e-24,1.4926492662696338e-23
APH1B,-1.2322262510974529,1.2325832597032123e-24,1.5078436207242993e-23
OLR1,2.1830278314310823,1.2522268839165876e-24,1.530845263125161e-23
MCAM,-1.6761669258748295,1.262214231648654e-24,1.5420191717248623e-23
NAB1,-1.2619897152891024,1.2925600115004763e-24,1.578032856428113e-23
SRXN1,1.2112864668255376,1.3291762073730077e-24,1.621648425121371e-23
TRIM66,-1.291314498933902,1.330757341969519e-24,1.6224900131193003e-23
ZNF157,-1.4010255612692841,1.3698565855712396e-24,1.6679263830871757e-23
FAM13A,-1.834517772482128,1.4607043554034398e-24,1.7761657569411365e-23
PTPRM,-1.4613107487771266,1.4833154597564256e-24,1.8024560289683721e-23
CHPT1,-1.5082303649818112,1.5190658444828396e-24,1.8444755133572027e-23
C1QTNF6,1.68890649692713,1.5452580634442628e-24,1.873972853356157e-23
NIPSNAP1,1.1033916969772974,1.6028213952648952e-24,1.9424872075903387e-23
C8orf46,-2.2648486767841454,1.6119431168595294e-24,1.952242219307652e-23
A2M,-1.5259936535808354,1.6162413484754845e-24,1.956146360791173e-23
SOBP,-2.092803863037754,1.6699888117166122e-24,2.019854241839036e-23
CFI,-1.6536007399974944,1.7377538690675515e-24,2.1004205629904807e-23
RUSC1,1.3574294243070337,1.807218185356007e-24,2.1814849222835145e-23
DLG3,1.3132126802959991,1.8238877713589994e-24,2.1986906690097923e-23
BRCA2,1.7655150633387695,1.9206619199824336e-24,2.3138192540992878e-23
SLC37A1,1.500237024959235,1.9247347624436528e-24,2.3171922540186382e-23
GPBAR1,-2.2122937288348177,1.931198974689395e-24,2.3234378675658335e-23
AK3,-1.0630149253731282,1.9771793522816382e-24,2.3771859808178773e-23
LOC349196,-1.8230542832058199,1.993333294620128e-24,2.3950261361036426e-23
BCL6,-1.3067900163050314,2.0067074425308714e-24,2.4095049852499638e-23
MATN2,-3.218578514988087,2.0188400344960806e-24,2.4224749603119417e-23
ADAM19,1.794149943559514,2.0336999936641694e-24,2.4386983520862238e-23
DPT,-2.6366933274802467,2.134946635980691e-24,2.5584222261195867e-23
RGS6,-3.251939721560264,2.2518430417892276e-24,2.6949571919585344e-23
P4HA3,2.486263965884862,2.2629241300542984e-24,2.7064394178303804e-23
NKAIN2,-2.0553198795936285,2.279619546724873e-24,2.72461684891877e-23
IRS1,-2.44079035494795,2.288447740006481e-24,2.7333736359145654e-23
ACSL4,-1.388537162924873,2.2976719664256456e-24,2.7425916593341656e-23
ARHGAP24,-1.259301944061204,2.3026831517878854e-24,2.746772045346978e-23
MEIS3P1,-1.3590628245327965,2.3351992051869725e-24,2.783734848200292e-23
ASPRV1,-1.3601185626489416,2.42405471516515e-24,2.887766229067488e-23
VWCE,-2.0943462811990474,2.4475253731453976e-24,2.913819775498082e-23
CXCL5,-2.8268259877085145,2.4580747167304555e-24,2.924466278996371e-23
ITIH2,-3.5583829298883742,2.4745705693332222e-24,2.9421690446487684e-23
POLR3K,1.0510305531167692,2.5544712899183472e-24,3.035185436709117e-23
KIAA1109,-1.2731225009406764,2.603100814020796e-24,3.0909487356569174e-23
KIAA1239,-2.833465031982943,2.6081413604820634e-24,3.0949150707206646e-23
INPP1,-1.5814582716668752,2.6202998110218e-24,3.1073170983732785e-23
KCNA1,-2.6929066223504323,2.7014977791080975e-24,3.2015210985094205e-23
ARHGAP31,-1.2515632509720263,2.7889959314169625e-24,3.3030639518271286e-23
LHCGR,-2.569875529913458,2.791084969465997e-24,3.303388797086447e-23
DNMT3B,2.0418997993227164,2.8142597188603e-24,3.3286529995070853e-23
LCA5,-1.5663808478615309,2.823800346079986e-24,3.3377686817983105e-23
PPP1R15A,-1.372371039759189,2.8335325779865922e-24,3.3470988654827994e-23
MYOM3,-1.8854120030101593,2.8940298880291227e-24,3.4119187857379614e-23
HOXC10,2.6051217233161923,2.8967969656490244e-24,3.4129705608873265e-23
ADRBK2,-1.5961652828295474,2.9517965675731012e-24,3.473274267584561e-23
PLAC1,2.9643875830929387,3.005694232420487e-24,3.5344090512112484e-23
SHMT2,1.2488560391320718,3.1223000923894092e-24,3.6691561382675545e-23
SOSTDC1,-4.896328383293617,3.1583986542913252e-24,3.709182626068709e-23
KCNC2,-3.6778100589489524,3.1652161560713973e-24,3.714792371951492e-23
LSR,1.517668142480872,3.2243596894267786e-24,3.78176671563374e-23
C3orf18,-1.4511544462561137,3.2415637718430034e-24,3.799496802244571e-23
LBXCOR1,-1.327301567791296,3.318117820357653e-24,3.884224995753721e-23
KLHL31,-2.7613069986203422,3.334650631815085e-24,3.901069759057197e-23
NOV,-1.9899139721560255,3.503034694978874e-24,4.095423285337216e-23
RHOXF1,-1.9889894644424935,3.6855397145143585e-24,4.3060256369258575e-23
TMTC1,-2.9037555248965266,3.813543276981309e-24,4.4527215055093495e-23
SCT,2.4191956101843726,3.892844894283492e-24,4.542401000682206e-23
PLCXD3,-3.7527242568669243,4.1743162258208595e-24,4.8614893319652664e-23
ACAD11,-1.2074128308039622,4.2076743956422504e-24,4.897205692063675e-23
RCAN1,-1.9345266273673616,4.292125160876846e-24,4.992303789357267e-23
CNTNAP2,4.5987860780133,4.319654335879074e-24,5.021115445466589e-23
ZDHHC12,1.1847930640913074,4.415765708051926e-24,5.1295585950012255e-23
FCGBP,-2.673732472093314,4.520898044700142e-24,5.2483359124793807e-23
FAM95B1,-2.3815697478991598,4.698703921186512e-24,5.451275173827794e-23
KIAA0408,-4.460901843722564,4.736406824318824e-24,5.491516778539844e-23
LRP4,-2.0217604665746896,4.871197229064076e-24,5.644201346954384e-23
GOLGA6L10,-1.4144223378903797,4.943211225355279e-24,5.723999614194793e-23
ANKRD22,2.123385375642794,5.0076282302985825e-24,5.794905065233637e-23
TRAIP,1.1872049918474845,5.087177356524437e-24,5.883220420636235e-23
TPRN,1.5766056816756562,5.1709556886539105e-24,5.976311517496327e-23
C17orf103,-1.4868459550984596,5.2994839386651016e-24,6.12097120149244e-23
DARC,-4.51054329612442,5.5355449406362274e-24,6.385521201166111e-23
TMEM63C,2.3263497303398974,5.852031774437621e-24,6.746328967073339e-23
HCG11,-1.3812899535933774,5.962458630390445e-24,6.869280661328941e-23
NEURL2,-1.1631325473472982,5.985170252721423e-24,6.891085016463508e-23
HAND2,-1.6380085287846482,6.0007484286912026e-24,6.904653833594562e-23
EPHA4,-1.6400158911325722,6.0716784994327585e-24,6.981854941577669e-23
WDR27,-1.5354954345917466,6.197953743435058e-24,7.122560100489164e-23
PDXDC1,1.0313923617208047,6.23041957526547e-24,7.155351894546205e-23
AKAP6,-2.482482854634391,6.4720220302951225e-24,7.428134742589036e-23
HABP4,-1.1957051674401127,6.5830211167139855e-24,7.546015956394501e-23
BMP6,-2.3664324093816633,6.643493929273786e-24,7.610542479205205e-23
RNASE4,-1.6845653329988703,6.686819782306753e-24,7.650545600083584e-23
CYP3A4,-1.5354202809482007,6.87119689187232e-24,7.856557601931647e-23
GRM4,3.3163547598143737,6.880890290048318e-24,7.862702193957912e-23
ALDOA,1.3422720055186286,6.969328069508307e-24,7.958762788535742e-23
CTTNBP2,-2.66743020193152,7.655120068609404e-24,8.728902030883269e-23
SGCA,-1.9763965006898283,7.726653844387478e-24,8.801519394830117e-23
CDH22,-2.1904616706384052,7.89099524213455e-24,8.97748664953595e-23
C17orf91,-1.3117635645302874,7.887471632427246e-24,8.97748664953595e-23
ZBTB16,-4.656395986454283,7.926816214905308e-24,9.012606843218072e-23
F11R,1.0158460178101105,7.97114186253713e-24,9.057346774267376e-23
PIWIL4,-1.8042268405869821,8.195260053387716e-24,9.306195804854435e-23
NCRNA00182,-1.1409422676533296,8.424624533797761e-24,9.554731488393811e-23
GLT25D2,-2.3686249090681053,8.456623724109377e-24,9.585051161267933e-23
SLCO1C1,-1.7642489276307542,8.61990794321413e-24,9.757971659846194e-23
ITIH3,-2.1265287470211973,8.814900723523516e-24,9.966312911198668e-23
PARK2,-2.292530352439484,8.999424099970454e-24,1.0168623022455753e-22
SH3BP5,-1.3805632384297013,9.082539048915632e-24,1.0256169870186802e-22
PPP1R14B,1.4919031481249245,9.444137997358413e-24,1.0657882452939565e-22
PELI1,-1.3521838956478103,9.804948474062933e-24,1.1058207997110752e-22
SLC39A11,1.4260760316066747,9.8453321040897e-24,1.1096878036578626e-22
SGK1,-1.4782792299009095,1.0049742926312509e-23,1.1320264262850655e-22
OLFML2A,-1.467889326476861,1.0174208188307074e-23,1.1453377343955083e-22
MEG3,-2.0075382415652845,1.032830429338724e-23,1.1619661498920144e-22
RAG1,-1.591592499686441,1.0480102873649727e-23,1.178315704811896e-22
APOLD1,-1.9370557130314818,1.0861539239526553e-23,1.2189432723619102e-22
LTBP2,-1.4699029474476344,1.09201326283014e-23,1.2247638584902674e-22
CHST9,-4.277672018060955,1.1010039739370992e-23,1.2336383863438714e-22
TBC1D4,-1.4337804715916196,1.1152883638474863e-23,1.247793121519102e-22
GNRH1,-1.661002345415779,1.1379728874329909e-23,1.2723906922569245e-22
ANKRD35,-2.7370830803963377,1.1618111410268354e-23,1.2982472805470525e-22
PZP,-1.4603903925749404,1.1684780407231667e-23,1.3048960598333622e-22
BGN,1.9283509720306018,1.1846776891876832e-23,1.322175841586965e-22
SNRPE,1.0513385676658693,1.2044916229506779e-23,1.3418213593984816e-22
HEY2,-2.1222074250595755,1.2070069444834045e-23,1.3429796705642672e-22
C3orf50,-1.0961651197792552,1.2275959124951894e-23,1.3650536588362818e-22
TMSB10,1.4220150507964373,1.2499904754844541e-23,1.388259708678677e-22
CELF6,-1.6919667001128813,1.2936874865141087e-23,1.4359142266473365e-22
JAG2,-1.2504938668004488,1.295880154126701e-23,1.4374714470181803e-22
ZNF296,1.993140160541829,1.3094212978766507e-23,1.4516075447776292e-22
PNP,1.3883140599523411,1.3375916642210272e-23,1.4810329114242919e-22
PGP,1.0958648062209964,1.4346084030864043e-23,1.587487949020171e-22
RND1,2.141065245202557,1.4583038074181194e-23,1.611748889279419e-22
ICAM2,-1.5488692336636136,1.5018577334661152e-23,1.658878417614302e-22
C7,-4.820610259626239,1.51676000167237e-23,1.6743227598812704e-22
GSPT2,-2.0912683180734977,1.5486126154033985e-23,1.7074134123675384e-22
DYNC1I1,-2.135726238555124,1.5580176341720347e-23,1.7167430384281807e-22
CCR8,2.7454265646557117,1.605239603279591e-23,1.7666370313481498e-22
HRC,-2.0423507964379772,1.610185568141774e-23,1.7710095405972636e-22
MYH1,-2.7423698106108114,1.6674800033620623e-23,1.8329189916183348e-22
ZNF677,-2.006233613445378,1.7167239882379643e-23,1.884772422068496e-22
LOC84856,-2.164971579079392,1.7209945730404287e-23,1.8883221346024667e-22
MAS1L,-1.308372231280572,1.737101736262579e-23,1.9037003555200319e-22
ST5,-1.1781893891885087,1.894781247240071e-23,2.0740049935965732e-22
FAM66A,-1.4079032359212342,1.9225327453278947e-23,2.1031168006732972e-22
SLC39A7,1.0643858522513518,1.9851641630579924e-23,2.1703269225312093e-22
KRT8,1.8507489025460941,2.0005362359710445e-23,2.1858199942005356e-22
LUZP2,-3.203293440361218,2.0820449899783972e-23,2.273513194515703e-22
ETV3L,-1.7824471340775117,2.0869916374139715e-23,2.277548487760583e-22
RBM24,-3.034762937413771,2.1200716658007946e-23,2.312262704168476e-22
SHF,-1.5551854759814363,2.1333732545800231e-23,2.325376847492225e-22
GLRA3,-3.6749217484008523,2.1661980623004302e-23,2.359742868225896e-22
GNPNAT1,1.1568683180734975,2.227340304118657e-23,2.4248968633894683e-22
DCDC2,-4.375473033989714,2.2828855555715855e-23,2.482399388773571e-22
RFX6,-2.5593773109243703,2.364692270550116e-23,2.5698205015417174e-22
FERMT1,-3.3303267904176597,2.3742675327743034e-23,2.5782364258558217e-22
DAPK2,-1.7434767339771726,2.4272303947074253e-23,2.6330676325899444e-22
LOC400804,-1.189405882352941,2.48580583064382e-23,2.693400210429134e-22
RUNDC3B,-2.1059547096450517,2.5121968202825982e-23,2.7203758905177955e-22
METTL7A,-1.7025270914335895,2.549687237365325e-23,2.7593315565850777e-22
ALDH3A1,-3.4877455035745637,2.5838858057137962e-23,2.794680530089616e-22
JAZF1,-1.0592297378652997,2.66366711268318e-23,2.8792596468035584e-22
B4GALT6,-1.8326153518123673,2.8731276594376296e-23,3.103830432328972e-22
TUB,-2.0191056064216744,2.937608755810452e-23,3.1716068909856265e-22
CHAF1B,1.4124084786153288,3.0354512967582527e-23,3.2753005308174555e-22
ANGPTL5,-2.3821979179731594,3.1692883936629006e-23,3.417687004137783e-22
RCC2,1.0062547723567068,3.225978728119478e-23,3.4747035969206425e-22
ALDH1A1,-2.3751858773360084,3.332404362478291e-23,3.587212099952237e-22
RHBDD3,1.2208073498055958,3.364953033271032e-23,3.6179704704449264e-22
APBB1,-1.512108879969901,3.531707331491049e-23,3.7927828056124813e-22
FLJ36777,-1.6683116141979173,3.584278335035797e-23,3.8424392539844883e-22
CACNA1G,-2.4571621472469594,3.594232831684308e-23,3.850842862575013e-22
OGFRL1,-1.4075411012166086,3.694801478610183e-23,3.9562630185377153e-22
ZDBF2,-2.1398790292236285,3.7885431244524105e-23,4.054253409430172e-22
PROCR,-1.2441165558760812,3.8298899009194325e-23,4.093686780178299e-22
DNMT3A,1.07312749278816,3.835934781557651e-23,4.0977418326698314e-22
PLEKHH2,-2.332401329487018,4.00638795845439e-23,4.274811254850251e-22
PDSS1,1.149320531794805,4.038476284341671e-23,4.30652512032053e-22
MRGPRX2,-1.6656372381788538,4.130900836557122e-23,4.402505148000544e-22
ST6GALNAC6,-1.1750570676031575,4.283185540375428e-23,4.562131444789579e-22
KRT5,-5.595372595008156,4.390878160765389e-23,4.674102640959788e-22
C17orf51,-1.3471661607926757,4.483824811759471e-23,4.770254999909857e-22
ARC,-2.913946268656717,4.48837057278476e-23,4.772301958901927e-22
EPAS1,-1.4431928884986824,4.5102154730878605e-23,4.789933037142259e-22
KATNAL1,-1.2017941678163817,4.595284161431311e-23,4.87743192947721e-22
MAST4,-1.5379948074752257,4.6814754118270543e-23,4.963127368752934e-22
FIGN,-2.512912780634644,4.747818703948599e-23,5.030532239113874e-22
NEK10,-3.724711037250721,4.8301243100945047e-23,5.11476165309193e-22
LRFN2,2.6406384798695592,4.8491819880213075e-23,5.131956960927433e-22
PCDH9,-3.04258461056064,4.899453451863157e-23,5.179137699434672e-22
GEFT,-1.5108256365232657,5.072890885032709e-23,5.356254801638655e-22
XIRP1,3.055489953593378,5.2733374252182046e-23,5.564670211666491e-22
RPS6KB2,1.2038213094192898,5.398160218406113e-23,5.693088670663179e-22
EZR,1.156866223504327,5.571253875105972e-23,5.871047395792429e-22
OR2A9P,-1.2226621974162803,5.573350491638366e-23,5.871047395792429e-22
GRM8,2.0112477862786906,5.617508866651721e-23,5.914141925949177e-22
TRIM29,-2.7679468832309038,5.739054350634467e-23,6.03512457218944e-22
LOC285205,-1.2023642418161296,6.098473912161613e-23,6.4056849753651385e-22
TIMM17B,1.0865391696977316,6.121901062074357e-23,6.426583911934228e-22
ZNF662,-2.3636231029725314,6.176634341497984e-23,6.480304029872496e-22
RND3,-1.5962494042393054,6.183119649777733e-23,6.483371370098162e-22
DGAT2,-2.7406911325724312,6.332849913245813e-23,6.636549624111316e-22
SLCO3A1,-1.3882892386805459,6.338060218223439e-23,6.6381881560599115e-22
HRASLS5,-4.545439244951711,6.442979727244092e-23,6.744195513227383e-22
TYMS,1.7367224382290232,6.448267256647805e-23,6.745851084641379e-22
SLC6A15,-2.829012880973285,6.463168160290069e-23,6.757556003547393e-22
CYGB,-1.567226012793177,6.53157104129241e-23,6.821238534976807e-22
GPR182,-1.7092419039257498,6.635364494187795e-23,6.92566169080851e-22
SLC16A3,2.2153460428947698,6.724634063308451e-23,7.014814547530299e-22
PDE1A,-1.606300564404866,6.842848478245365e-23,7.134041858505177e-22
IL4I1,2.2496578452276426,6.857117024110759e-23,7.144825483107506e-22
WBP2NL,-1.796376696350182,6.892581775816554e-23,7.173565812760935e-22
FLJ43663,-1.489290129186002,6.890574312276504e-23,7.173565812760935e-22
ARHGAP36,-4.125869785526151,6.970024204457286e-23,7.25002003392777e-22
RELT,1.417000664743509,7.01141343455244e-23,7.288906838901089e-22
KLK8,-3.886677097704753,7.042572299092259e-23,7.317120066231529e-22
ETS2,-1.2391443245955092,7.219482913717358e-23,7.492374428642935e-22
ANO4,-1.731541088674276,7.322716841914971e-23,7.595180323269415e-22
SLIT3,-2.05381498808479,7.588356480989522e-23,7.866221698374274e-22
NFIX,-1.8478350808980277,7.733105610560642e-23,8.011708675528479e-22
MYL9,-1.6759678414649404,7.746950587276634e-23,8.021487004561807e-22
STX1A,1.7002524394832559,7.887413304550043e-23,8.162284501576148e-22
ZBTB20,-1.9662411263012665,7.905910566664934e-23,8.176777843466011e-22
TMEM90A,-1.374665044525272,8.000423538079305e-23,8.262311479193693e-22
PODXL,-1.0349759061833712,7.994197694383161e-23,8.262311479193693e-22
NRN1,-2.2259052552364222,8.002227730494139e-23,8.262311479193693e-22
FGFR4,3.560753718800952,8.032549750060841e-23,8.284221138830452e-22
FAM7A3,-1.5858077511601663,8.069060715349687e-23,8.317163771319952e-22
SOCS2,-2.3008489276307555,8.077239230916215e-23,8.320882044163434e-22
KIF17,-1.5560625235168692,8.180509773798274e-23,8.422501097989253e-22
OLFM4,-5.226693515615201,8.194768469171149e-23,8.432412122347225e-22
PECAM1,-1.3001670011288091,8.319723652294541e-23,8.556154217102685e-22
CCL28,-3.2154842092060694,8.366238602692606e-23,8.59913276594091e-22
RNPC3,-1.0035212341653068,8.426571112175361e-23,8.656256995199104e-22
ZNF385D,-2.2377160667251985,8.59442966482365e-23,8.823711403766775e-22
JAG1,-1.0250132823278584,8.620980363196109e-23,8.845981147196098e-22
FLNC,-2.0249922112128456,8.627084117508038e-23,8.847257024845004e-22
PCGF5,-1.053206747773734,9.100366292646967e-23,9.327363041951166e-22
MIF,1.6168107864041144,9.173757265731539e-23,9.39200807132234e-22
B4GALT3,1.1046654709645072,9.74201890751251e-23,9.956988780092656e-22
REEP4,1.206376269910952,9.757603067498682e-23,9.967320350038076e-22
GPC3,-3.3907271917722284,9.918572452771155e-23,1.0126066985854926e-21
RBPMS,-1.4317498557632007,1.0226433690540888e-22,1.0434516393997521e-21
CHAC2,1.3102884108867423,1.0334313958078482e-22,1.0532783705425679e-21
RMI1,1.1524585475981448,1.0426093196547743e-22,1.0620379096628905e-21
PHF17,-1.2891245077135327,1.0727424420415553e-22,1.0915109375339537e-21
SIRPA,-1.3667006271165203,1.1153489399289453e-22,1.1342288689121e-21
ZFP106,-1.087648676784145,1.1528109101065244e-22,1.1716704074075413e-21
SOX11,4.196567063840459,1.1622966130762714e-22,1.1806520785617951e-21
MRPL47,1.0234626238555098,1.1665198561920984e-22,1.184281145692402e-21
SH3BGRL2,-2.1760412391822364,1.2216906243991357e-22,1.2396005817133483e-21
ADAMTS8,-2.9007865295371875,1.2377303434316082e-22,1.255175790612009e-21
CYB561,1.6301244575442126,1.2703020831335784e-22,1.2867728892198402e-21
PKD1L2,-3.0379057318449765,1.269732955365019e-22,1.2867728892198402e-21
BHMT2,-2.5980658974037363,1.3369225200834004e-22,1.353503928424813e-21
KCNA4,-1.7156032986328862,1.3661007766965506e-22,1.3822752883939585e-21
TAGLN,-1.7453578326853094,1.4018997445037856e-22,1.4169228789118493e-21
FLT4,-1.389899310171831,1.41692873641638e-22,1.4313181902878672e-21
C6orf174,-2.0255761068606546,1.4407965033374655e-22,1.4538147865993284e-21
ODF2,1.0625525649065626,1.4461575796946705e-22,1.4584158683203373e-21
MYOZ3,-1.9580806346419166,1.4505775611748973e-22,1.4620633081985965e-21
PCDH11X,-2.736802483381412,1.4598759645049253e-22,1.4703203446217387e-21
NANS,1.199051548977799,1.4603852019316066e-22,1.4703203446217387e-21
NCAPG2,1.1499278439734084,1.4778505806985896e-22,1.487082040931809e-21
CACNA2D4,-1.2246326853129306,1.4867033705009652e-22,1.4951636162005011e-21
RNF157,-2.2111481123792798,1.502863333802594e-22,1.5105809643958377e-21
EPB42,-2.784518274175342,1.513152370107483e-22,1.5192450409854669e-21
PCDHGA6,-1.7974535682929886,1.5125786066916543e-22,1.5192450409854669e-21
BHLHE41,-1.6980846607299647,1.5207761168232652e-22,1.5260577538331807e-21
CDC7,1.5819839959864552,1.549104234306021e-22,1.5536277893703857e-21
PIWIL2,-2.1992708014549094,1.640962489509043e-22,1.6448480284434531e-21
CYP46A1,-1.618097667126552,1.657391801862399e-22,1.6604019245625343e-21
MAPK4,-3.49288587733601,1.712105900507622e-22,1.7142719310748208e-21
LOC100302640,-1.5918092060704874,1.729670063673566e-22,1.7309062214980713e-21
LSM4,1.0914526777875295,1.786104504225131e-22,1.7863989170554978e-21
NLRP1,-1.5152213219616195,1.7954040746015205e-22,1.794713913782069e-21
KIAA1614,-1.6628227643296123,1.8087876977802963e-22,1.8071000253948812e-21
COL6A6,-3.4051329110748796,1.906659686270879e-22,1.9018868309392843e-21
TF,-5.461588134955477,1.9067974874823899e-22,1.9018868309392843e-21
LENG8,-1.1211031104979288,1.9438262776201464e-22,1.9377584737962498e-21
BDH2,-1.3627246331368372,2.010853305695047e-22,2.003479076276242e-21
STARD8,-1.1971338642919864,2.0582562206025332e-22,2.0484657180769773e-21
ADCY3,-1.2739961620469078,2.0630317902916613e-22,2.0520965944633395e-21
ERBB2,3.4386717922990098,2.0752970436233445e-22,2.063169420266288e-21
GLP1R,-2.2525566537062587,2.1288147651824303e-22,2.1152191687017346e-21
CABC1,-1.2721322839583582,2.164734954646817e-22,2.1497365182452817e-21
DNAJC9,1.0154920607048776,2.2058813807095124e-22,2.1894034227401993e-21
DES,-3.749633312429449,2.2141100689818584e-22,2.196373056440151e-21
GTF2IRD2B,-1.3891699611187747,2.2515267308391343e-22,2.2322734793826123e-21
FAM89A,-1.981993515615204,2.3019338639380837e-22,2.2810071924477375e-21
BDNF,-2.2481183745139854,2.3331529269317065e-22,2.3106845880814935e-21
PLAT,-1.9164834817509107,2.3889660667622065e-22,2.3646736983834933e-21
VENTX,-1.5503925874827549,2.434675336268975e-22,2.4073001165727404e-21
SNRNP25,1.204555926251098,2.488598297565291e-22,2.4592809343420738e-21
ZNF366,-1.934491395961369,2.5332672590197075e-22,2.501152564663858e-21
C10orf128,-2.18260240812743,2.5337171506016338e-22,2.501152564663858e-21
CSRP1,-1.2850442493415333,2.540929402564545e-22,2.506912624112868e-21
PDIA4,1.0198524018562676,2.6372552737216403e-22,2.5991314427479708e-21
OBSCN,-2.2827198168819764,2.879751648760526e-22,2.8350524208971256e-21
KIAA1328,-1.0628439483255985,2.988443801321765e-22,2.9404671629978423e-21
CDC14A,-1.7890403486767843,3.0610254459729156e-22,3.010256412374121e-21
RGS5,-1.5143661733350058,3.1863077460629715e-22,3.1317688931740968e-21
HIST1H2BK,1.963410849115764,3.2520212183816066e-22,3.1946326086454605e-21
RNF175,-1.6190641916468071,3.2640224350216e-22,3.2046925773839366e-21
SLC23A2,-1.120576081775992,3.2696706396680737e-22,3.2085075285109403e-21
DSG3,-4.780670550608302,3.297905673694691e-22,3.2344707423633867e-21
C8orf76,1.0266596513232145,3.3673709088012316e-22,3.300821359876619e-21
ZNF763,-1.1849269409256227,3.373622774724744e-22,3.305169826066443e-21
EPB49,-2.167254609306408,3.5522183016189634e-22,3.476399448622042e-21
PYROXD2,-1.9613350432710401,3.6501623328762297e-22,3.5703334199541115e-21
NAP1L3,-1.3801351436096843,3.6655715932975293e-22,3.583480113469115e-21
AGXT2L2,-1.0697015552489662,3.674192669948739e-22,3.5899800950658556e-21
KIAA0427,-1.1351446632384299,3.7761005594411396e-22,3.6875728800164734e-21
LOC374491,-1.0822917471466198,3.894721899327572e-22,3.801373873107764e-21
NEDD9,-1.6869228144989314,3.9157006876281907e-22,3.8198016943674144e-21
RPLP0P2,1.6995551737112766,3.917907959045953e-22,3.819907797456534e-21
ABCD2,-3.143707061331995,3.932221456402407e-22,3.8318108763861356e-21
FERMT2,-1.4161212717922993,3.9385193488197175e-22,3.835894473331477e-21
KNTC1,1.0557733099209834,3.971828753598432e-22,3.866267315601725e-21
SCN11A,-2.3509507588109875,4.012596973995068e-22,3.9038643889701886e-21
C7orf63,-1.9451318826037882,4.059328608733338e-22,3.9472200141438545e-21
PRR19,1.5788642167314686,4.350592136592494e-22,4.228180921644057e-21
NT5DC3,-1.124408077260755,4.353324373677643e-22,4.228578632553582e-21
TCF21,-1.6433275429574814,4.454587257482105e-22,4.32463209855716e-21
ABTB1,-1.1328585350558171,4.511189022200428e-22,4.3772480688227286e-21
KLF2,-1.5896071115013175,4.604961983003885e-22,4.4658563120202306e-21
CCBE1,-2.0709783519377907,4.639452246988423e-22,4.496908905853582e-21
DBC1,-3.1766678163802817,4.690295597809481e-22,4.5437706634872795e-21
L3MBTL,-1.9728299260002506,4.7252684486083795e-22,4.575216040958421e-21
PIK3R2,1.2262511350809007,4.777894500236532e-22,4.623711514503221e-21
SPG20,-1.6511630001254218,4.796157891454002e-22,4.638919346340978e-21
SHROOM4,-1.4336272544838833,4.805991334270738e-22,4.645961776831133e-21
TSPAN11,-1.6790031606672526,4.924526553212402e-22,4.7580231872678006e-21
PENK,-3.3184580082779385,4.939419619223554e-22,4.769880919295828e-21
GTF2IRD2P1,-1.1706808604038628,4.981316306093769e-22,4.8077890095347225e-21
TRIM2,-1.9005085413269747,5.010827140883989e-22,4.833708873635996e-21
SPDEF,2.2255976796688817,5.016541215830714e-22,4.836657825835089e-21
FOXA1,2.0903405242694095,5.047886655835327e-22,4.864302847865032e-21
GOLGA8A,-1.8745285087169208,5.358966635784339e-22,5.161337019639276e-21
ATP6V0B,1.1451540574438717,5.429816572827953e-22,5.223664295935574e-21
SLC2A9,-1.2016716167063857,5.489811877318068e-22,5.276190369737106e-21
GRM7,-2.045493578326853,5.539863889626263e-22,5.3186783957208266e-21
AIFM1,1.0579055060830296,5.558236886626697e-22,5.333504799539577e-21
PTPN21,-1.6512374137714811,5.648354122028691e-22,5.408573912850513e-21
MYLK4,-1.6748806095572544,5.690155866537677e-22,5.445736447875149e-21
C7orf58,-2.620783619716544,5.874999482921054e-22,5.610840272172715e-21
DEFB132,-3.8564527404991846,6.0021423753458145e-22,5.723258127732837e-21
KLF4,-1.968754446256117,6.014362262161268e-22,5.731907657493276e-21
CTF1,-2.040275768217736,6.125890761583903e-22,5.835143355997477e-21
LOC728819,-2.191069647560517,6.148605130641501e-22,5.8537164849930565e-21
ELAC1,-1.4328182365483508,6.240149002577425e-22,5.93776436455394e-21
CD164L2,-2.703799811865044,6.2463142820707425e-22,5.940525542138648e-21
SAMD4A,-1.5242477737363593,6.276077782850005e-22,5.96571508518113e-21
C17orf37,3.1443957105230194,6.3939618891067125e-22,6.071428704611866e-21
COL27A1,-2.117343684936662,6.403030144595788e-22,6.076869537126023e-21
MYOZ1,-1.9356796437978177,6.50812940887473e-22,6.166969267555789e-21
RSPO1,-2.974433412768094,6.5588102013981155e-22,6.211759734445884e-21
KCNB2,-1.898043484259375,6.703743062171968e-22,6.345722046839123e-21
RASIP1,-1.7356881098708161,6.769213300733398e-22,6.404365369711541e-21
ADH1C,-4.1845755299134595,6.8060425890906335e-22,6.4358645843748986e-21
KRT17,-4.542152715414524,6.9936961860656545e-22,6.6030213524353275e-21
ECM2,-2.0611322212467105,7.221331031267358e-22,6.814405845627772e-21
DFNB59,-1.619728446005268,7.559310365699378e-22,7.122263280891604e-21
GPR34,-1.8529061331995482,7.6656965607743035e-22,7.215029705055567e-21
TPTE2P1,-2.031693753919479,7.7311986324107e-22,7.272920346551524e-21
GTF2IRD2,-1.082883544462561,7.877276751780419e-22,7.406511813670401e-21
C4BPA,-3.846074677034994,7.936862372095631e-22,7.45868382856256e-21
LRRC59,1.723673385174969,8.141406048191752e-22,7.635137264051236e-21
TBX15,-1.684959099460678,8.320372216337785e-22,7.79895651153433e-21
TLE4,-1.5897475103474212,8.367587895419994e-22,7.835144159482004e-21
C12orf68,-1.4773181989213602,8.41413784599745e-22,7.874681296179516e-21
CCDC19,2.6024920105355576,8.449593583902141e-22,7.903800205949162e-21
SV2A,-1.9121498432208703,8.483293799244224e-22,7.931247921296489e-21
SERPINB5,-4.070537915464693,8.778429244157001e-22,8.202964452330077e-21
LOC401463,-1.4342828044650702,8.94458377842463e-22,8.353938353959133e-21
PDE11A,-2.755880684811239,8.978194367717175e-22,8.381029337207987e-21
NUAK2,1.6411491408503691,9.099269147649724e-22,8.489697401059351e-21
ARID5A,-1.631739608679295,9.362905736903951e-22,8.731197393896651e-21
C4orf12,-1.6871389188511219,9.401995364131864e-22,8.763160348862893e-21
TNFSF4,1.853314900288476,9.505257733992632e-22,8.85117674627271e-21
SORBS3,-1.1796656214724681,9.50615312803557e-22,8.85117674627271e-21
DCAKD,-1.0696526527028727,9.534913256900125e-22,8.873416462952606e-21
GIMAP6,-1.6037127053806568,9.708395671856195e-22,9.03024662313737e-21
HES6,2.697568644174088,1.0001417444855859e-21,9.298049118933156e-21
ACCS,-1.5727047410008783,1.0296174617754775e-21,9.567190738488524e-21
MBOAT2,1.573541515113508,1.0419434729879824e-21,9.676784203469513e-21
NLRP13,-1.5215205694217986,1.0934222143348798e-21,1.0144528321884718e-20
CDRT4,-1.0037141352063212,1.122836958287177e-21,1.0412124886246298e-20
MARCH8,-1.4107104101342056,1.1759168621293051e-21,1.0893239003226332e-20
SLC13A5,-1.7764577323466693,1.1968691575903964e-21,1.1081693426051875e-20
HOXB13,5.426108390819015,1.2002863920878703e-21,1.1107683373246314e-20
PLXNA4,-2.453073899410507,1.2360045784212088e-21,1.1426608095988452e-20
TOMM40,1.0401254734729708,1.2541901637479035e-21,1.1588844441981263e-20
DTYMK,1.0723526527028726,1.2685499076586162e-21,1.1715582937143476e-20
RTN1,-2.255323190768844,1.273246714081622e-21,1.175299692516621e-20
FTMT,-1.1150859275053306,1.2859979289021217e-21,1.1862130440678949e-20
CHRNA1,2.693044073748901,1.2863728775421768e-21,1.1862130440678949e-20
NRG1,-2.9145997491533935,1.304539968187734e-21,1.2017480283867066e-20
IL6ST,-1.936800489150885,1.323162717918733e-21,1.2182868464478857e-20
C6orf195,-1.0658051548977798,1.3729884717426872e-21,1.2635242240208361e-20
NAV3,-2.2214031104979313,1.4019357737471227e-21,1.2895117175097965e-20
DCN,-1.8598994857644584,1.4079284407783945e-21,1.2943697680550058e-20
LMNB2,1.2182617709770476,1.4155166856615469e-21,1.3006890575011175e-20
RBBP8,-1.1966690079016669,1.4169419079067584e-21,1.3013417532606823e-20
LOC728723,-1.1851557255738103,1.4212857660111998e-21,1.3046729600959087e-20
PLAUR,1.5900724946695108,1.440449681422775e-21,1.321598062043285e-20
PCDHB18,-1.4381786905807101,1.461514860067499e-21,1.3402496220558533e-20
NPM2,-2.3442909695221372,1.4645179699791694e-21,1.3423273216279365e-20
FLVCR1,1.3172128182616332,1.4663575333438446e-21,1.3433369994694515e-20
CYP2A6,-3.712990630879216,1.4739546195230555e-21,1.3496175019707333e-20
G6PD,1.8775056942179873,1.5073204376264322e-21,1.378089097243292e-20
PRUNE2,-2.1312186629875844,1.514823584627303e-21,1.3842537003499395e-20
GPLD1,-2.854896914586729,1.551903271439802e-21,1.4174257526351587e-20
CPEB1,-2.313833927003636,1.5543900547329661e-21,1.4189850635057262e-20
PTPN14,-1.7637182867176726,1.5642322922807187e-21,1.4272541562098207e-20
FES,-1.392751636774113,1.5716082745448393e-21,1.4332658026823503e-20
ZNF454,-1.768828596513233,1.623176114577139e-21,1.4795530702878148e-20
GTF2IRD1,1.0022334378527535,1.6270984479297772e-21,1.4823860384217084e-20
CLDND2,-1.6962406873197045,1.6653502076369912e-21,1.5164767298457304e-20
NAT8L,-3.1149938417157914,1.6798022742355346e-21,1.528872039895472e-20
FGFR1,-1.5952852251348322,1.7198062224975237e-21,1.564499383714264e-20
RIMS3,-1.8221883732597508,1.74908773825541e-21,1.589922079706528e-20
TFRC,1.5191607801329496,1.7605792543016094e-21,1.59839522025198e-20
FAM171A1,-1.8311265646557153,1.7962550800348373e-21,1.628348168420027e-20
MXI1,-1.3222604916593461,1.796216960042825e-21,1.628348168420027e-20
GABRG1,-1.3168824031104984,1.8263079098643686e-21,1.653944422052791e-20
PRDX1,1.1610298256616076,1.9099328764322526e-21,1.7280922699979368e-20
DPYD,-1.383595773234667,1.9500171847934233e-21,1.7633463892098702e-20
GPR44,-1.7149662987583087,2.02275061803152e-21,1.828209011917962e-20
PRKCE,-1.2327667126552138,2.1059946965277776e-21,1.9015586042110683e-20
NLRP5,-2.575358284209206,2.1076473647039853e-21,1.9020905354543573e-20
TFPI2,-3.0901883230904303,2.108673680463052e-21,1.9020905354543573e-20
TXN,1.1447078013294831,2.132929066444712e-21,1.9230167308812824e-20
SEMA5A,-1.7087318575191297,2.1969538621702844e-21,1.978780363834027e-20
IL1RAPL1,-1.0539967891634268,2.224799995457306e-21,2.0018800947755484e-20
MTMR8,-1.7645182114636895,2.255763997000873e-21,2.0287387370260323e-20
PTCH1,-1.8454958735733138,2.268101762359958e-21,2.0388274755673243e-20
LYSMD4,-1.0143319829424318,2.2736285062258765e-21,2.042786757099192e-20
SCN2A,-3.3095905430829062,2.383422814625517e-21,2.140377182764099e-20
DTX1,-1.8766674526527032,2.4077962495148227e-21,2.16119897090327e-20
CCL11,3.1530102721685695,2.5079727685391214e-21,2.2500063235937714e-20
MYO15B,-2.015359977423807,2.516969322968295e-21,2.256965152019304e-20
PNPLA2,-1.434984434968019,2.549054221563612e-21,2.2846102410203068e-20
GAPDH,1.2410260378778428,2.5643775935685456e-21,2.297212861010248e-20
FNDC5,-1.7208613069108236,2.619124688431703e-21,2.3427973810084663e-20
CD59,-1.2245944061206568,2.6236581917956186e-21,2.3456999049732633e-20
DNAJC5B,2.2367544462561155,2.6443903662263775e-21,2.3619154973708906e-20
C6orf125,1.0205628872444503,2.678814313904847e-21,2.3914888158906296e-20
MRPL13,1.2442290480371234,2.7392435272191057e-21,2.4442377414690874e-20
PYCRL,1.2894019440612068,2.7823598420000345e-21,2.4814941795162482e-20
RNF125,-1.6143419791797307,2.80346785218104e-21,2.4990952650955664e-20
C6orf97,-2.5409163802834573,2.849240969871546e-21,2.5386555738899536e-20
STMN1,1.6462041765960098,2.9067074894825023e-21,2.5877456671150395e-20
ADAM32,-2.210266223504327,2.9732309908419378e-21,2.6452455389196382e-20
SBK1,2.3382605418286735,2.9940880168519234e-21,2.6625004480095533e-20
SLC9A3R1,1.5273276683807815,3.116817672151325e-21,2.770284769832547e-20
SGK3,-1.4692916217233147,3.180471153656456e-21,2.824103239512608e-20
COL4A6,-3.5326055186253607,3.2442070423496828e-21,2.87929306640133e-20
ARHGAP11B,1.6929700112880979,3.2519588792823005e-21,2.883361299540951e-20
TTC23,-1.1149481500062715,3.3355942893168595e-21,2.95463858143235e-20
KLK7,-4.534276884485137,3.38086760312865e-21,2.9932846780034447e-20
C17orf108,-1.361125210084034,3.433876247766396e-21,3.038738421880978e-20
KCNJ2,-1.4511676407876557,3.523308614094774e-21,3.114851224010062e-20
TMEM37,-2.0010781512605043,3.6914168223656645e-21,3.260303756308694e-20
ERRFI1,-1.5386485889878365,3.805698803517939e-21,3.359608890418867e-20
COMTD1,1.673785626489403,3.963380397344976e-21,3.49457912355153e-20
DOC2B,-2.5670852000501685,4.047715693454381e-21,3.564613873630871e-20
TPD52,1.6261701868807226,4.068805397346562e-21,3.5814538030899165e-20
PPP2R2B,-2.0408559011664353,4.390249791261477e-21,3.8550755885351015e-20
FRZB,-1.8920193026464318,4.4422913141257735e-21,3.89889242001116e-20
C13orf33,-2.138523378903799,4.522851010725635e-21,3.9638640803196314e-20
DCAF13,1.1007744387307152,4.52982144713608e-21,3.9680625506360954e-20
AGPAT9,-1.9469106609808113,4.661587513925503e-21,4.081523690042613e-20
MED13L,-1.1540081274300782,4.7072207554082456e-21,4.1194970870527064e-20
TIPARP,-1.2910588736987343,4.7275255251949604e-21,4.135278574489373e-20
FAM181B,-2.296941402232534,4.776642997969019e-21,4.176235950625843e-20
NCRNA00173,-2.406862423178226,4.78282516146083e-21,4.1796335292401103e-20
PRDM11,-1.46226220995861,4.9480604602993385e-21,4.315742432143213e-20
ZNF334,-2.301977348551361,5.000805379865343e-21,4.359658061766707e-20
IGF1R,-1.9988770851624214,5.026123207179701e-21,4.379632395418482e-20
MYC,-2.385297478991591,5.0546953185445176e-21,4.402421956146692e-20
TTLL3,-1.2552656340147994,5.192259911096966e-21,4.5200720785125815e-20
ERGIC1,1.0433422551109999,5.200990185519031e-21,4.525507855975283e-20
WTIP,-1.4171853631004652,5.226498660061747e-21,4.545530583330338e-20
ZNF441,-1.0506364856390311,5.304473521752491e-21,4.6067429158616696e-20
SLC12A4,-1.1046533550733688,5.373741190474967e-21,4.664673862194364e-20
CTPS,1.0683700990844098,5.562243548100751e-21,4.819110866543455e-20
PKHD1L1,-3.0049836448012037,5.670371140729237e-21,4.910455084428844e-20
USP18,1.340750834064968,5.806661922798029e-21,5.023700902124169e-20
SEMA6C,-1.4534849868305555,5.827515261804876e-21,5.0393472831655186e-20
LHX2,2.6843456164555377,6.136433527703073e-21,5.301447532262888e-20
UGT8,-3.216378753292362,6.3814577254364136e-21,5.510515890707735e-20
MAL2,1.7738078138718176,6.536755639304177e-21,5.639268383993078e-20
RAB26,2.533101630502947,6.673675361163296e-21,5.754661894801301e-20
EPDR1,-1.573098720682304,6.98732902724684e-21,6.022270373246886e-20
MAP3K15,-1.4775062460805217,7.094240885729937e-21,6.11152233047525e-20
C1QTNF9B,-2.0476369246205945,7.10676108211438e-21,6.119412108691015e-20
PLCH2,-2.600812554872695,7.16496399383258e-21,6.166611800460258e-20
FAM82A1,-1.3686608930139217,7.179722245602382e-21,6.176393385477323e-20
MYH7B,-2.0060539821898917,7.186527300612952e-21,6.17932718247792e-20
SULF1,1.8191380785149853,7.314153553482411e-21,6.286097126253085e-20
DDX25,-1.476417019942305,7.384008432877873e-21,6.343138532500044e-20
AOX1,-3.1937150257117786,7.481093965191976e-21,6.423507238131583e-20
CROCCL2,-1.2120348175090943,7.551284418493543e-21,6.480718070242243e-20
EBP,1.3059512855888649,7.644790158480414e-21,6.557875365448584e-20
ACOT7,1.3968139219867073,7.888891087757895e-21,6.760898515558238e-20
SEMA3D,-2.4630135833437867,7.906613088340293e-21,6.772897790449805e-20
C10orf140,-1.7085559889627495,7.972109468188428e-21,6.822581506790501e-20
F12,2.2755822024332097,8.011371733005695e-21,6.852960510145802e-20
EFNA4,1.2802157531669396,8.30228253783039e-21,7.095138452400309e-20
LAMC3,-2.225256703875578,8.358105779556257e-21,7.139493172466567e-20
SLC5A4,-1.4850929762949954,8.435685401275137e-21,7.199005220788154e-20
IGFBP4,-1.3730336636146987,8.592699702044668e-21,7.326131741279582e-20
TTLL10,-1.8371197917973174,8.892503293715099e-21,7.574648453696582e-20
CECR7,-2.6758760692336643,9.163686225465564e-21,7.798344102952299e-20
GPER,-2.274375028220243,9.174886936820516e-21,7.804227425745039e-20
SRMS,2.5042141477486526,9.280348419884347e-21,7.890246720558374e-20
CHRFAM7A,-1.4504963250972036,9.331803569393652e-21,7.922892741309358e-20
ARGLU1,-1.1132815627743629,9.953855711157218e-21,8.443151701313833e-20
CYP4V2,-1.1803300639658811,1.0276780843874328e-20,8.708949799862403e-20
NEXN,-1.4412644424934147,1.0630498396673693e-20,9.004511973692472e-20
LOC643763,-2.148256892010536,1.094754705559186e-20,9.268753444322728e-20
JUN,-1.5619580208202652,1.1225349829552268e-20,9.499537096575543e-20
FAM43A,-1.2109110497930518,1.1608571254383537e-20,9.819276140499235e-20
GLRX2,1.160751235419541,1.1851394842887383e-20,1.002001580701714e-19
STOX2,-2.0727643296124443,1.1873365193616362e-20,1.0033930669424263e-19
TPI1,1.0045715289100698,1.2563382616980166e-20,1.0607201010059831e-19
SMARCD3,-1.7096455286592258,1.258288168076938e-20,1.061873876843046e-19
KIAA1211,2.5861381286843095,1.2696705275819035e-20,1.0709829756058105e-19
PIF1,1.701617270788912,1.2770608872789066e-20,1.0767178939850827e-19
PHF15,-1.4331303900664754,1.2893587077353548e-20,1.086583173930864e-19
ZNF219,-1.4482793678665509,1.2972575612987788e-20,1.0922284638446656e-19
ROBLD3,1.0680048915088438,1.299484804416778e-20,1.0934513639427255e-19
MECOM,-1.3664063087921736,1.2999114165643345e-20,1.0934513639427255e-19
DDR2,-2.0829421171453646,1.3065497485448431e-20,1.0985277169866873e-19
RMST,-1.2768170450269662,1.313885186798794e-20,1.104185228776475e-19
UNC13C,-1.6589181612943684,1.4029655011101403e-20,1.1774172898436092e-19
ITGB8,-2.436589539696479,1.417077724060348e-20,1.1887127101875814e-19
SPINT2,1.466320406371505,1.4553775534085957e-20,1.220278102473361e-19
PAK4,1.2352393076633597,1.4648678526887875e-20,1.22766986751814e-19
PPP1CA,1.130641627994473,1.5118563242246793e-20,1.2664666668137063e-19
NRBP2,-1.2821397717295877,1.520434855253994e-20,1.2730669581503428e-19
CTXN1,2.131448325598897,1.5428502289430297e-20,1.2912415042505734e-19
GPR133,-2.6881562899786777,1.5441686180824333e-20,1.2917509813857783e-19
PEMT,-1.0995412266399098,1.548166595128054e-20,1.29450052967919e-19
FOXC2,-1.6608047410008786,1.6714771191062685e-20,1.3963239100087842e-19
ANXA8L2,-3.765216355198798,1.681520253809629e-20,1.4040694119310404e-19
PGA3,-2.4142098081023455,1.6851670170283704e-20,1.4064692898196895e-19
ZNF204P,-2.5968556628621586,1.6953745533876548e-20,1.4136923039539845e-19
IGF2AS,-1.4650789163426563,1.7015710369594588e-20,1.418209596418179e-19
ATL1,-1.328292600025084,1.7850821298204087e-20,1.4857727484737493e-19
ASB12,-1.3403096450520504,1.8037522674748178e-20,1.4999407274940207e-19
ADAMTS9,-1.468796362724195,1.8453816366815972e-20,1.5331575505483849e-19
SYNGR2,1.1009319954847587,1.878783383921488e-20,1.5601958913103487e-19
CAPN13,2.504145428320582,1.9318007574511478e-20,1.6034915270352597e-19
ABHD11,1.5389294744763564,1.9464545067298407e-20,1.614918477028409e-19
WDR67,1.270821522638908,1.9682754773362264e-20,1.6322787477882155e-19
MYOT,-1.3072824909068106,1.9768077821652688e-20,1.6386080172474674e-19
ZNF516,-1.8731344036121893,2.0199568321617408e-20,1.6728514201929102e-19
STX1B,-1.6384703373886857,2.085053823796998e-20,1.7259770238552412e-19
SH3TC2,-2.048595660353694,2.1193455882976013e-20,1.7535658065355107e-19
PCDHGB6,-1.9336820393829175,2.1298865314128945e-20,1.7614868028763708e-19
CST9,-2.9158537438856134,2.15089078127171e-20,1.7772430726958209e-19
GAS6,-1.609657845227641,2.193581375020785e-20,1.8116951801045076e-19
AP1S1,1.0463704377273277,2.2222508659880056e-20,1.8337095427733304e-19
TAF4B,-1.431195409507085,2.2456379569881412e-20,1.8513291544861928e-19
SGSM2,-1.0673810359964904,2.2520679486950178e-20,1.8557896274375468e-19
APOO,1.1477969522137181,2.2605975534931142e-20,1.8619754419110931e-19
THBD,-1.4843246582214977,2.2678522938351673e-20,1.8671060743863208e-19
ZNF345,-1.1199679292612554,2.2785912201085954e-20,1.875099275752114e-19
TMEM231,-1.3544278188887509,2.2885265343692952e-20,1.8824242433404556e-19
QKI,-1.096231970400103,2.384509119724758e-20,1.9604886859236572e-19
TDRD6,-1.93406870688574,2.4159608146325055e-20,1.985450776918984e-19
GYS2,-2.6031439859525896,2.4555288004226436e-20,2.0170573444987986e-19
CD209,-2.524966399096951,2.4694679188823827e-20,2.0275924459817776e-19
C9orf68,-2.267074978050923,2.478276688409703e-20,2.0339075995997216e-19
MYO1H,-1.9159611689451896,2.4916879350728226e-20,2.0439925859454977e-19
ZMYND19,1.0551117270788914,2.5939093623845313e-20,2.1268888343912445e-19
GPR125,-1.3681083782766859,2.6053130986677084e-20,2.1352775477284237e-19
FILIP1,-1.4382897403737598,2.6164575450785983e-20,2.1434462958175394e-19
MTFR1,1.2278209331493795,2.6598178831644336e-20,2.1779876260567784e-19
ZNF154,-1.8293674651950331,2.7899646197204257e-20,2.2825045381020636e-19
SEL1L2,-1.720209757933024,2.8228862007538225e-20,2.3073640553355107e-19
ATOX1,1.0089358208955197,2.843585602468235e-20,2.322197789220694e-19
TLE2,-1.5058563652326598,2.909925692297177e-20,2.3753084025509197e-19
CXorf57,-2.0333422300263395,3.01118965920432e-20,2.4568662199236327e-19
FBXL6,1.347575241439861,3.042782353375254e-20,2.480419488512752e-19
TMED3,1.2854091809858232,3.1154767199413305e-20,2.537405938840807e-19
KREMEN2,3.471374739746646,3.1200683405822484e-20,2.5400091235965414e-19
FAM49A,-1.5532879844475103,3.1280124478909e-20,2.5453379789431404e-19
RP1L1,-1.5333216355198798,3.1351066806405974e-20,2.549970818038463e-19
KLK5,-4.595080521760943,3.159515124920683e-20,2.568675918665975e-19
KCNIP4,-1.3480690706133198,3.2524195920686863e-20,2.6430265104654594e-19
ICA1L,-1.6343309920983309,3.305045796318526e-20,2.684593870164486e-19
ZNF502,-1.8186131694468823,3.332295345539879e-20,2.705520614400643e-19
TRO,-1.5370865922488424,3.431541820019534e-20,2.783616566391069e-19
SLC25A34,-1.4770968895020684,3.4599354275788916e-20,2.8053988680720964e-19
GRID1,-1.5012954596764079,3.512615003378678e-20,2.846844653005435e-19
ZNF862,-1.1562609933525678,3.5223925286048474e-20,2.8534984956917683e-19
TOR2A,1.070852276432964,3.580340164305794e-20,2.8978626950137113e-19
DNAH14,1.3131967515364371,3.604095768511367e-20,2.914498235193799e-19
PHKG1,-2.494285789539696,3.6512869807553264e-20,2.9511675015958764e-19
ADAMTSL4,-1.75840793929512,3.652683832937159e-20,2.9511675015958764e-19
KIAA1107,-1.306409619967389,3.678645984691402e-20,2.970824882845501e-19
ITGA6,-1.374621359588609,3.6961928180457605e-20,2.98234919622726e-19
ENAH,1.1160582967515342,3.7694197585984374e-20,3.038739940910866e-19
PPP4R1L,-1.7466210961996733,3.9175822172518396e-20,3.153991556861355e-19
GPI,1.0886705631506342,3.940138215585124e-20,3.170748715220867e-19
PAM,-1.236835820895525,3.979526194487409e-20,3.201030283617071e-19
FEZ1,-1.4382701241690707,4.0070470512400193e-20,3.2217020846909857e-19
THRB,-1.4894673523140618,4.074467832344761e-20,3.271616142574843e-19
FAM7A2,-1.322041364605544,4.1049811692906344e-20,3.2946636783332194e-19
PLIN5,-3.0253511350809,4.1563836033094886e-20,3.332980208415974e-19
PHLPP1,-1.3512122914837565,4.203764020314482e-20,3.369489936670388e-19
ANTXR2,-1.3145373008905032,4.2102016191561114e-20,3.373164615911034e-19
MYH3,-1.928683858020821,4.230230791784768e-20,3.3877206820439124e-19
C8orf38,1.3175190517998239,4.2538205510526305e-20,3.4051141376785854e-19
SEC16A,1.0463627743634802,4.335334014111091e-20,3.4673148092646833e-19
HIST2H2AA3,2.195293365107238,4.356065855397416e-20,3.4823656901975922e-19
PTPRQ,-3.0194643672394337,4.387776924580715e-20,3.5061766180045107e-19
C2orf58,-1.6326647184246839,4.490168646036462e-20,3.5848482396404263e-19
LOC642587,-3.301819666374011,4.541213974366556e-20,3.624012186558282e-19
MRPS12,1.0416171202809483,4.5644394769917856e-20,3.6393557511906033e-19
AMOTL1,-1.566327091433589,4.6661476361355036e-20,3.715568041144994e-19
CAND2,-2.009714034867679,4.700974938602768e-20,3.7416636120413726e-19
PPARA,-1.4880678916342625,4.7074932787507306e-20,3.7452141675305747e-19
LOC647309,-1.2732198294243071,4.7163605056168593e-20,3.7506295449429313e-19
GRIK5,-1.9429598394581715,4.9028623735530174e-20,3.895539231156071e-19
ABO,-2.329585802082027,5.295527780073371e-20,4.2020266861672006e-19
RUSC2,-1.079186918349425,5.355531106070538e-20,4.2477879182484534e-19
NYNRIN,-1.7190118274175372,5.425163811649291e-20,4.301143591613765e-19
MXD3,1.1371295246456796,5.501251494767716e-20,4.359568174107825e-19
AMY2B,-2.2050074250595744,5.519498258138653e-20,4.372124751649168e-19
CDH17,-1.4279119277561771,5.540090542304562e-20,4.386527539868201e-19
PSMA7,1.0623315815878573,5.548016068847578e-20,4.390892891357933e-19
CX3CL1,-2.5604962749278855,5.748539892293789e-20,4.545641688072278e-19
LAMC1,-1.1617820393829188,5.792281905855701e-20,4.578241751293588e-19
COMP,4.028781199046786,5.969389853033898e-20,4.714134641855793e-19
MFSD2B,1.3598956728960228,6.170737475514607e-20,4.868917826909076e-19
HAUS8,1.0152614448764599,6.355168499730221e-20,5.012267426368683e-19
PCDH17,1.4073332371754663,6.373344956404449e-20,5.024426082348643e-19
FLI1,-1.2288489778000784,6.416745665480812e-20,5.054263147933675e-19
UNC5B,1.4828005267778757,6.671307552246705e-20,5.252500491935414e-19
WNT11,-2.6315938166311303,6.68425592148618e-20,5.260419824419064e-19
SLC9A9,-1.5414148877461429,6.704051415222374e-20,5.273718578707557e-19
CCDC36,-1.6528788285463443,6.793400692641955e-20,5.34169644959661e-19
GAS1,-1.6183640913081625,6.959493114853271e-20,5.467572428557362e-19
INTS8,1.088204991847487,7.052910638747698e-20,5.538573440773268e-19
GHR,-2.527166486893269,7.076275549363847e-20,5.554525391335493e-19
SLC24A2,2.470157782515991,7.154531995916773e-20,5.611113568361612e-19
PTAR1,-1.0655051548977834,7.189358646082133e-20,5.635998942059995e-19
JAKMIP1,2.9206489276307535,7.255279918352346e-20,5.685228598956855e-19
PID1,-2.145908453530665,7.339221403093371e-20,5.748530430314485e-19
SEC31B,-1.7496798444751045,7.579601176607405e-20,5.931705942295125e-19
DZIP1,-1.2936778126175827,7.843197446954323e-20,6.135355527585284e-19
ECHDC1,-1.6606960115389438,7.995631386209067e-20,6.24922619678676e-19
SCARF1,-1.0624322337890382,8.043411956673256e-20,6.283872439799283e-19
CNTFR,-3.9254774363476734,8.065343271468628e-20,6.298303027479341e-19
CHST2,-1.3156416029098184,8.158996268317978e-20,6.367371885349255e-19
PTGIS,-2.3431041891383444,8.160785919090156e-20,6.367371885349255e-19
CHODL,-2.620380872946193,8.165413886303509e-20,6.368253169339451e-19
LASS3,-1.9797939169697725,8.393370136746378e-20,6.540433073595647e-19
TP53INP2,1.301569133324973,8.584457297190203e-20,6.677900691485182e-19
KLHL4,-1.9378941176470583,8.858779167399719e-20,6.879537422533153e-19
CENPW,1.63669621221623,8.892053489351585e-20,6.902432821606264e-19
CRB3,1.4218736109369132,8.940859902638286e-20,6.937360307234643e-19
LRP2,-4.587711839959866,9.223917047115898e-20,7.15393958281426e-19
SDK2,-2.675357318449766,9.291389181436357e-20,7.200134409096893e-19
EFNA3,2.117867026213469,9.573416858962402e-20,7.415527961008196e-19
RAB3C,-2.2683224633136834,9.77403971940822e-20,7.567709273176854e-19
MBOAT7,1.144631393452908,9.899873744543089e-20,7.661879327037323e-19
FOXP2,-2.3961747146619836,1.009497254879293e-19,7.8095531366628865e-19
ZSCAN23,-2.3443091182741753,1.028047555572772e-19,7.949681246427854e-19
GPR19,2.0941934278188876,1.0427576093098342e-19,8.056586062082731e-19
TCF7L1,-1.8205446005267767,1.0738250678746624e-19,8.29310042873249e-19
SLC5A9,-1.730357995735607,1.0767025989737557e-19,8.311797035249906e-19
FHIT,-1.607762360466575,1.1310002416648904e-19,8.723558219926271e-19
KDM5B,1.0945709017935563,1.1550593112520766e-19,8.901585369484143e-19
TRDMT1,-1.0537398093565793,1.162486591612397e-19,8.955033189640484e-19
FAM124B,-1.387720544337137,1.1851445856270684e-19,9.12571357536782e-19
GPR160,1.5500843597140328,1.2066130993849868e-19,9.283169166570124e-19
P4HA1,1.4003307663363866,1.25209726987969e-19,9.624969004907094e-19
TCP11L2,-1.359070312304027,1.2841077551683255e-19,9.866869340366834e-19
OTX1,1.8595024457544218,1.3279940355449672e-19,1.0195476773102082e-18
KCTD9,-1.0852444876458005,1.371664735669166e-19,1.0513016077215086e-18
RFX2,-1.544836849366611,1.387256709921359e-19,1.0628044566792296e-18
CNTN4,-2.4342375015677895,1.3983957323574773e-19,1.0708875690409408e-18
IGSF9,1.9644140348676755,1.4123419108358212e-19,1.0811126914610788e-18
KCNC4,-1.3445967013671156,1.4167921073438542e-19,1.0840633345935341e-18
THSD7A,-1.9085740875454658,1.436113841230129e-19,1.0983857248702537e-18
NMNAT2,-2.6457729461934028,1.4371009255536637e-19,1.0986790486288677e-18
LEPROT,-1.1031667879091955,1.4533891071466112e-19,1.110665067900494e-18
CXCL9,3.1657073623479235,1.464038691615791e-19,1.1183338776115083e-18
IL22RA1,-2.398387570550607,1.4811094231208897e-19,1.1304249404222035e-18
SMR3B,-2.7630434591747144,1.486550455292768e-19,1.1341021767684096e-18
GCH1,1.179725385676658,1.4921662015466801e-19,1.137909567103235e-18
HCN2,2.420207738617836,1.5751520182151174e-19,1.2001880363151856e-18
TIE1,-1.3159309293866794,1.6110117882165307e-19,1.2264846332457342e-18
ISLR2,-1.9171138592750534,1.6916816588419046e-19,1.2873612556814044e-18
KIAA1244,1.8488250470337384,1.7002499136095243e-19,1.2933409601936551e-18
EIF4E3,-1.1256374012291488,1.7040000161123607e-19,1.2956521425769968e-18
HIST1H2BD,1.9319534930390043,1.7114621154702754e-19,1.3007826675534622e-18
PCSK5,-1.857211388435971,1.7311408258939445e-19,1.315190169188125e-18
PNKD,1.114316392825783,1.7481139069047948e-19,1.3275309740253641e-18
WDR76,1.1880141602909795,1.7601758114824938e-19,1.3361334568980747e-18
FRMPD2,-2.2595958484886487,1.77507288913751e-19,1.3463188250404206e-18
IL6,-3.056415665370627,1.8203585802684947e-19,1.3789424567884898e-18
PLLP,-1.9305054684560377,1.8234696718667673e-19,1.380724560606937e-18
MARCH4,2.140269798068481,1.8423701011101202e-19,1.3938762656071288e-18
TMEM141,1.1937830302270118,1.8995313749922993e-19,1.43652553464831e-18
KRT18,1.6197447635770743,1.9232846670788335e-19,1.4532814775772522e-18
TRNP1,-2.07736597265772,1.9551967311062732e-19,1.4755457773132598e-18
CLDN14,2.096465809607425,1.9559918478585374e-19,1.4755457773132598e-18
DHDPSL,-2.699239395459674,1.9945246362273846e-19,1.503990553158537e-18
LOC100302650,-1.7807201555248966,2.015607439337864e-19,1.5192588910255546e-18
SNHG8,-1.2024150884234306,2.023918971731198e-19,1.5248922616896935e-18
CYP39A1,-3.0623238053430333,2.0517079688557692e-19,1.5432743866562631e-18
NXPH4,3.132006559638784,2.1018076951430464e-19,1.5803058849520394e-18
LMX1A,-1.9809809231155149,2.147033153479745e-19,1.612977486289385e-18
ITPR2,-1.4964248839834422,2.189434331211569e-19,1.64415318197377e-18
UTS2D,-1.4794250846607295,2.2106446637357365e-19,1.6593964871744995e-18
GREM2,-2.4518095447134067,2.2607148082298624e-19,1.6962816015749458e-18
PLCD1,-1.0236966888247823,2.3249909873954616e-19,1.7430729383673637e-18
SGCZ,-1.196704251849994,2.328559092977198e-19,1.7450292782817592e-18
SEC61G,1.0566888498683085,2.331414435976681e-19,1.7464500814026143e-18
ARL10,-1.5962957857769968,2.353600380336008e-19,1.7623442091014542e-18
KSR1,-1.2097805217609423,2.4060956213140864e-19,1.7986923447548383e-18
GAS7,-1.453523090430206,2.503702858843321e-19,1.8708909334780365e-18
GPM6A,-3.3940634140223245,2.533235615368523e-19,1.892182515656677e-18
MFI2,-2.2082255487269533,2.5736253971014063e-19,1.9215628836520466e-18
GSR,1.3193970525523664,2.5748015975957624e-19,1.921652869251155e-18
BCO2,-1.6768308415903674,2.773977784056135e-19,2.0677607536107217e-18
SIX2,2.817819503323718,2.8011916606751783e-19,2.0871916413946077e-18
HOXA9,-2.369361093691209,2.805794553669385e-19,2.0897658862702055e-18
STARD3,2.4424320581964114,2.891752091230356e-19,2.150268109340938e-18
ZNF658,-1.2592728960240827,2.9187065312860975e-19,2.1694248668436437e-18
ALB,-4.7150948701868804,2.973266872444043e-19,2.206374923730082e-18
PDGFRA,-1.608651812366734,2.972636910778669e-19,2.206374923730082e-18
ABI3BP,-2.687777499059325,2.9896956534619006e-19,2.2176621833727375e-18
GLTSCR2,-1.2721530164304529,3.008836572897997e-19,2.2309512071878714e-18
LAMA1,-1.962771604164053,3.0349932307650175e-19,2.248513706944062e-18
BTG2,-1.640763928257872,3.0850038303521926e-19,2.2846348545118377e-18
OR7C1,-1.4020988210209455,3.1136265565266687e-19,2.30395708164451e-18
SIGLECP3,-1.8098912705380656,3.1130254504000064e-19,2.30395708164451e-18
MYRIP,-2.503635457167941,3.1492175543500115e-19,2.3274546139599376e-18
CYP24A1,-2.6007465947573065,3.1484750119869935e-19,2.3274546139599376e-18
CACNA2D1,-2.4293319578577703,3.255439283831136e-19,2.403031682221337e-18
MDFIC,-1.178442367991975,3.2593797354732975e-19,2.4049651124775205e-18
CCND2,-1.2244010410134205,3.3136096793433363e-19,2.4439885329451684e-18
RASSF8,-1.3174918851122506,3.347422017866981e-19,2.465929704218238e-18
LY75,-2.0422550608303016,3.3492526844850917e-19,2.466280202899762e-18
CFLP1,-1.2629178728207697,3.3941884252817593e-19,2.4963398749658128e-18
PTCHD1,-3.1568363100464065,3.4459030698978365e-19,2.532328364204696e-18
FAM83H,1.3600375642794447,3.4843876146838036e-19,2.559576583942263e-18
NMNAT3,-2.422488298005769,3.569001804895997e-19,2.6196185425210416e-18
FAM158A,1.3088048037125288,3.58031671347725e-19,2.626864374664505e-18
IQCA1,-1.8904583970901783,3.5880555895311497e-19,2.631481704119078e-18
CHPF,1.1697448388310558,3.59378658310231e-19,2.634623325501867e-18
SLC25A42,-1.1382079769221143,3.624848470863791e-19,2.6563251495625434e-18
IGFL2,2.7945356202182374,3.641161368906095e-19,2.667205649826867e-18
AFAP1L1,-1.2178307537940558,3.6566885471227225e-19,2.677502076559731e-18
ETV5,-1.5163726200928167,3.68152246276275e-19,2.6935190269160107e-18
TACC1,-1.5298831305656595,3.712018789681135e-19,2.7147399770416112e-18
LAMB2,-1.2080761194029872,3.74780425555314e-19,2.739810476459189e-18
POPDC2,-1.0878396964756085,3.753694727349733e-19,2.7430150590906137e-18
EMILIN3,-3.0870724570425163,3.75686873670426e-19,2.744232809559697e-18
KIF21A,1.1918312178602815,3.768693408367205e-19,2.751765989270286e-18
PSRC1,1.3447659601153905,3.7952956953366785e-19,2.7700788910270075e-18
SLC22A12,-1.872542919854509,3.8119303963462593e-19,2.781104970127894e-18
CSMD2,1.9204020945691718,3.827092388708619e-19,2.7910481871659855e-18
PNMA2,-1.4445220494167819,3.920442897703765e-19,2.856838353358752e-18
AHSA2,-1.2319955098457296,3.919255353294236e-19,2.856838353358752e-18
LOC100132215,-1.3510270914335876,3.947917483914687e-19,2.875707961572591e-18
LOC91316,-1.1765427442618819,4.078301780955155e-19,2.9683057704408915e-18
REM1,-1.5989725824658225,4.1162569890413466e-19,2.9935367947071365e-18
TTC7B,-1.045118211463694,4.1212762269985315e-19,2.995990062302487e-18
EIF2C4,-1.013558748275429,4.230373947049165e-19,3.074071734855726e-18
MEX3D,1.0258616204690814,4.243956964901877e-19,3.0827114378335544e-18
GLP2R,-1.8032374890254612,4.282421636884058e-19,3.1094104928679895e-18
QPRT,2.1981217734855134,4.3315391384751664e-19,3.143820053335864e-18
RPL23AP32,-1.1033669007901667,4.363459066559254e-19,3.165725204805823e-18
LOC100129550,-1.0318568042142235,4.386020221002376e-19,3.18082574035483e-18
C6orf217,-1.5691124921610435,4.478553008678134e-19,3.2466388059326195e-18
MSRA,-1.39570484133952,4.833430697622853e-19,3.49415961035857e-18
LOC653501,-1.3615041264266878,4.886831765200497e-19,3.529960262775581e-18
ZNF462,-1.9732962498432212,4.904225285405576e-19,3.539715022610535e-18
TEAD4,1.0554009532171085,4.9081259054450655e-19,3.541126272565063e-18
GPRC5B,-1.4776989966135687,4.9787972223634265e-19,3.5906911980460165e-18
MGP,-2.987334014799954,5.036299850387667e-19,3.629286071916338e-18
LRRTM4,-1.4236026338893768,5.129284329243159e-19,3.693368775522675e-18
RACGAP1P,1.2000672896024083,5.144956060244518e-19,3.7031884209027666e-18
SMOC2,-1.548007663363851,5.154648266855258e-19,3.708698118638983e-18
RFTN2,-1.201918662987583,5.157514795231234e-19,3.709294421872546e-18
HOXD4,-1.811138279192273,5.223562851906499e-19,3.754945397749578e-18
LOC150622,3.5621904678289225,5.230172335305076e-19,3.7570965674648106e-18
CRHR2,-1.1365852627618214,5.345933962765548e-19,3.83873908971287e-18
PRKCA,-1.6078635143609699,5.357630493359447e-19,3.845620972816325e-18
GPR75,-1.4329203687445125,5.499853927436978e-19,3.9445957857027306e-18
LRRC4B,-1.9939192650194402,5.581513366336594e-19,4.001586758858804e-18
TFPI,-1.894958372005517,5.740189759450233e-19,4.112108390054018e-18
C14orf80,1.5094311426062959,5.796717428771499e-19,4.149337292800928e-18
ACSBG2,-1.2204974413646055,5.852727265849644e-19,4.187782799538564e-18
FBXL19,1.0012043396463053,5.983583210795644e-19,4.273015503574465e-18
AMIGO1,-1.2841884359714015,6.072747437440094e-19,4.334989082498903e-18
SLC26A4,-2.2820761444876467,6.140532872747184e-19,4.379942001669945e-18
IFNE,-1.4518984447510346,6.207564650906447e-19,4.42602034235997e-18
RGS7BP,-2.4452518750783896,6.536846127970894e-19,4.6553290323730126e-18
C1QTNF1,-1.395908616580959,6.709993540452013e-19,4.776770137538052e-18
DNASE1,1.313391772231281,6.742413392670823e-19,4.797973064377912e-18
CAMP,3.4524358083531923,6.776634646741326e-19,4.820440815733973e-18
RFC4,1.1514451022199887,6.839087755608973e-19,4.862965406849614e-18
PRDM5,-1.7482117019942303,7.019155633217615e-19,4.983217238356483e-18
IL17D,-1.8454942932396845,7.058893051208028e-19,5.009474862032738e-18
C6orf15,-2.526234541577824,7.074540872755004e-19,5.0186230517053526e-18
DBNDD2,-1.333716806722693,7.293671216275792e-19,5.1700427239045265e-18
MLXIPL,-3.4559776370249593,7.393852473865344e-19,5.2390150479474835e-18
SLC45A1,-1.2915957105230147,7.577263672067044e-19,5.3627111439594246e-18
C8orf30A,1.0229480496676278,7.712463267562187e-19,5.45627550949998e-18
KIRREL,-1.8252090681048552,7.748185331071838e-19,5.479417932459234e-18
TNFRSF9,2.358043283582089,7.757192910821165e-19,5.4836575749777734e-18
TMEM86A,1.899925837200552,7.783822495762537e-19,5.500346307855802e-18
LPPR1,-2.8075421046030358,8.035019848973948e-19,5.669049081816775e-18
NME1,1.8264062460805235,8.085144971998125e-19,5.702204336508402e-18
KIAA1377,-1.7502370124169078,8.103085708689439e-19,5.712644041644999e-18
AKR1C1,-3.8538500062711663,8.362392722965662e-19,5.890891437157273e-18
AMACR,1.0313648438479905,8.367226322604064e-19,5.89201627660974e-18
IRAK3,-1.7901447886617339,8.393256737345934e-19,5.908060803940759e-18
FEZF2,-1.5237586228521258,8.454806152058118e-19,5.949085287433859e-18
AXIN2,-1.5180637024959234,8.524340320108044e-19,5.993378402739541e-18
C17orf57,-1.6447802709143362,8.637758033563528e-19,6.070776427990614e-18
ZNF846,-1.0494277812617598,9.123780383940288e-19,6.409887083321692e-18
ACO1,-1.3488620719929774,9.148663966242656e-19,6.424889281539934e-18
SIK1,-1.495974049918475,9.255768149093728e-19,6.497599213958856e-18
LOH3CR2A,-1.4651746519503304,9.62388246122565e-19,6.75341296999578e-18
PCDHB7,-1.8468514862661465,9.744900354493755e-19,6.833067070602843e-18
PRICKLE2,-1.1896544337137858,9.82337419886294e-19,6.885440144085564e-18
NUDT7,-1.6079175216355202,9.854593627556116e-19,6.904663887698382e-18
C17orf69,-1.278842468330616,9.91015830096004e-19,6.940923876582364e-18
CHST4,-2.118057205568795,1.0448728878285193e-18,7.309692996595901e-18
CLDN7,1.379226978552616,1.0710618473244616e-18,7.487150079434399e-18
NHEDC2,-1.2665077260755044,1.0827124155704442e-18,7.5656867948671e-18
CALCR,-1.967700627116518,1.1167940714217796e-18,7.791875232690937e-18
HIST1H2BE,1.7317232283958361,1.1197821298224052e-18,7.809729543738406e-18
HOXD9,-1.404030829048037,1.1252010435001707e-18,7.844517271096747e-18
IGFN1,-2.06034812492161,1.1264499084596737e-18,7.850217336788453e-18
GPR12,-3.1045571553994744,1.1282730583832685e-18,7.859913693743069e-18
WNT7B,2.1405969145867294,1.1307261259142584e-18,7.873989162210117e-18
PFDN6,1.0348423679919723,1.1359776888673396e-18,7.90753417608114e-18
ZNF167,-1.2554317822651457,1.1420704365760534e-18,7.946906787841705e-18
PGAP1,-1.5582517496550867,1.1606818215308246e-18,8.073324874790065e-18
CNR1,-2.757965057067603,1.1851482488433022e-18,8.240356598049898e-18
GOLGA8B,-1.8563752539821925,1.200299667157789e-18,8.342518076087527e-18
IER5L,1.5851565282829547,1.2163747512877907e-18,8.447794581339816e-18
COL5A1,1.8430001505079616,1.2997685538127155e-18,9.00978179171853e-18
IGDCC4,-1.2626565408252848,1.320346605096089e-18,9.145460141767165e-18
MYLK2,1.4455683431581587,1.335124688258441e-18,9.240788859455666e-18
SRD5A3,1.6142951837451438,1.3463097127690205e-18,9.314661992221391e-18
C8orf51,1.462024683306157,1.3573225193064812e-18,9.387287925127613e-18
DSCC1,1.3530002257619484,1.3716275177456644e-18,9.48261895386416e-18
BZW2,1.0084468832309028,1.4010200992127588e-18,9.682144596040185e-18
GRB7,2.9553263012667745,1.402138655814406e-18,9.686197325157356e-18
C1orf226,-2.1080225761946565,1.417979424140729e-18,9.791911782106862e-18
SCUBE2,-2.8783659350307342,1.4201154158341547e-18,9.802943084728525e-18
LOC100128977,-1.646546118148752,1.427262235697283e-18,9.848542257921775e-18
PPAPDC3,-1.462275090931895,1.4339553600534775e-18,9.890977422907712e-18
ENY2,1.0098357707262036,1.4350134547427986e-18,9.894526483592107e-18
RHPN1,1.6252904803712536,1.4424458540233818e-18,9.938281672155078e-18
KLHL14,-2.0520873322463307,1.4482190148583628e-18,9.974245451179257e-18
SCRN2,-1.4553741627994476,1.4771259333634734e-18,1.0169486900535291e-17
PROC,1.8849169196036628,1.5161789463821704e-18,1.043046309939329e-17
CARD6,-1.2137797566787922,1.5421474783039317e-18,1.0601099149383108e-17
NFIB,-1.9244548225260232,1.5519311128695466e-18,1.066432693377288e-17
TMEM200C,-1.6375383920732474,1.5892722703304872e-18,1.0912683190051247e-17
GPRC5A,2.395733663614699,1.6067434192500313e-18,1.1024331119716668e-17
PRDM8,-1.4783898030854123,1.6400006525098832e-18,1.1231351345988488e-17
METRN,2.0550197917973163,1.6830896152633077e-18,1.151777453633007e-17
HAGHL,2.353547410008781,1.7048971319092376e-18,1.1658242859558171e-17
PM20D1,-1.6208080647184253,1.7346649006954612e-18,1.1857343292286701e-17
HIST1H3D,2.657178816004014,1.7533771245918185e-18,1.197176436569575e-17
MYEOV,-3.1067896776621104,1.7955732678431834e-18,1.2255275663498113e-17
DLGAP1,-2.8875957105230166,1.819147043218859e-18,1.2411519350716977e-17
SCARB1,-1.3115346670011299,1.9566265010731815e-18,1.3319548316767061e-17
PLEKHG4,-1.9555987583092964,1.9709889851674033e-18,1.34123037371971e-17
PLEKHG1,-1.167587783770223,1.9975497433370743e-18,1.3587966359478611e-17
ADRB1,-2.5498859651323205,2.0709233525349446e-18,1.4076556305524122e-17
ZNF608,-1.5677518374513983,2.129533542309478e-18,1.4458746389652902e-17
PLTP,-1.3112213345039496,2.1802623607175592e-18,1.4792141540119916e-17
HIST1H3H,2.7100171453656086,2.24083937847394e-18,1.5197466172265695e-17
KLK10,-4.232367176721435,2.2838600170844574e-18,1.5477700629556358e-17
NUP210,1.2659850244575424,2.2898604985139348e-18,1.5512590492909996e-17
GYG2,-2.3652898281700754,2.3295812366455346e-18,1.576993947588645e-17
COL1A1,2.1782283456666285,2.3306227554942065e-18,1.577112491385169e-17
NALCN,-2.243711639282578,2.3391110193485433e-18,1.582268223158734e-17
KIF5A,-2.2795183494293236,2.3405038199597512e-18,1.5826222524044337e-17
SAMD14,1.7550919979932278,2.368066630647614e-18,1.600071153588661e-17
ADAMTS3,-1.66904565408253,2.3838963594743485e-18,1.610169403766663e-17
DENND2C,-1.3194482001755938,2.42721387601639e-18,1.638819517252461e-17
LDB3,-1.9256982942430714,2.4634689831420815e-18,1.662681716727301e-17
SLC25A19,1.0523335256490647,2.4771443066345092e-18,1.6712919871633792e-17
CDNF,-1.5404638153768975,2.4895471370002607e-18,1.6790376633870228e-17
KLHL30,-2.1128837451398486,2.506427675541323e-18,1.6897964065881e-17
LOC100130691,-1.1797344914085044,2.5208827965572777e-18,1.6982838469923066e-17
CHD9,-1.1392988335632772,2.5264991903188064e-18,1.7014378380086286e-17
DYNC2H1,-1.847875567540453,2.547206224691059e-18,1.714114414345706e-17
DLL1,-1.2555562774363498,2.5680325866125602e-18,1.7274906568406666e-17
TLR3,-1.5964195660353688,2.5808202096111466e-18,1.7348105714753213e-17
BBOX1,-3.514722087043771,2.5833444520472997e-18,1.7358663366783683e-17
SNTG2,-2.219234955474727,2.6193595740683223e-18,1.7594170600282536e-17
TMEM45B,2.4635948701868786,2.623176031312817e-18,1.7613306270006348e-17
SLC16A4,-1.9022634140223253,2.8278312924004007e-18,1.8931597284135525e-17
GPR64,-2.07991444876458,2.837063869270004e-18,1.898642412217716e-17
HIST2H3C,1.9510595258999124,2.841950368472032e-18,1.9012136184232414e-17
LDHB,-1.7963557757431339,2.922661703470848e-18,1.954489749753117e-17
PCDHGA2,-2.414437451398472,2.9359461554079146e-18,1.962652510719437e-17
IGF2BP2,-2.0118799448137468,2.9462364549514525e-18,1.9688084504214864e-17
LOC541471,1.0143000376269908,2.9711641409499817e-18,1.984737646154588e-17
MAF,-1.0218934278188918,2.9800744447915574e-18,1.9899594687652502e-17
SEC1,-1.3575812993854255,3.0012422991119543e-18,2.0033595002103006e-17
NMB,-1.6383479242443233,3.007404587667e-18,2.00673701280434e-17
EPHA2,-1.2112667377398747,3.0095901970120226e-18,2.0074595220304085e-17
ANKK1,-2.1579469961118787,3.0287851642858433e-18,2.0195229430584325e-17
CPXM2,-1.8546045654082537,3.0527427803950035e-18,2.0347519894372116e-17
WIPF3,-1.7118476733977155,3.062668921359285e-18,2.040620877580639e-17
SEMA3A,-1.734076696350181,3.1344640574608217e-18,2.086166334111859e-17
ZNF667,-2.0563997491533943,3.175778697619907e-18,2.1128052158385662e-17
KIAA1683,-2.1355501567791286,3.318171444116734e-18,2.2052090104876563e-17
LTBP3,-1.186403273548228,3.3667434250475666e-18,2.2366726483993014e-17
AKR1C3,-2.346530277185499,3.3856547024664964e-18,2.2475956436541807e-17
P2RY6,1.8891551987959359,3.387735159277836e-18,2.2481568758415767e-17
LOC344595,-1.377327756177099,3.4140927499303455e-18,2.263172990785946e-17
CRHR1,-2.5476323341276816,3.4778405649431015e-18,2.3045916200822453e-17
LRP1,-1.4931012166060427,3.510580841938142e-18,2.324594509487086e-17
ARRDC4,-1.1100575567540432,3.559400648844029e-18,2.356064364033013e-17
MAP6,-1.6093542455788281,3.579238354559371e-18,2.3683217089007792e-17
DCHS1,-1.0588401354571761,3.580520432288603e-18,2.3683217089007792e-17
PRTFDC1,-1.6674611062335387,3.689494300268583e-18,2.439515610163059e-17
FGD4,-1.1321905556252396,3.799120522583238e-18,2.5110889931947237e-17
GNAI1,-1.7838234039884613,3.8717464352931184e-18,2.557235136489138e-17
TMC2,-1.7190559137087673,3.870815558804476e-18,2.557235136489138e-17
SORBS2,-2.1554835068355693,4.018703325178284e-18,2.6533353873130322e-17
SUPT3H,-1.0893899535933782,4.0467769377480235e-18,2.6699340557385745e-17
C5orf45,-1.0128089928508706,4.0653411168265386e-18,2.678299107839069e-17
ANO6,-1.0116483005142367,4.064861320068037e-18,2.678299107839069e-17
CPA2,-1.3880100213219615,4.065115202208323e-18,2.678299107839069e-17
SATB1,-1.5659448262887263,4.063552599832141e-18,2.678299107839069e-17
PROX1,-2.4808730716167053,4.074251342763219e-18,2.6831981618060374e-17
NXPH3,-1.8725813871817394,4.097673263626188e-18,2.6966719601513924e-17
NTN4,-2.0994012918600227,4.1286272513733066e-18,2.716060782679736e-17
TSPAN13,1.1611641038504938,4.305417158688994e-18,2.827254997821636e-17
FANCB,1.2000129562272677,4.396281651537242e-18,2.883802338844411e-17
ESAM,-1.0518552113382693,4.4980393808892874e-18,2.9484267501018255e-17
GPSM2,1.0549901668129937,4.5491533436244356e-18,2.978713608417108e-17
C5orf62,-1.1189391195284077,4.565495629644792e-18,2.988339336440998e-17
CHST11,1.347408616580963,4.582589430600024e-18,2.9973724543734184e-17
YDJC,1.0931755299134567,4.6305120313952955e-18,3.027629687768986e-17
PFKFB1,-2.871999260002509,4.6803063318082825e-18,3.05908855145085e-17
PION,-1.0005876583469204,4.7051336534528744e-18,3.074212056489687e-17
NFATC1,-1.1570138969020451,4.7606125307805775e-18,3.10934445273767e-17
FAM13AOS,-1.572538856139471,4.8768630015538435e-18,3.1829880680274153e-17
BAIAP2L1,1.0138041765960129,5.088779298206046e-18,3.318919726450901e-17
GRM6,-1.3446875454659468,5.121534324866284e-18,3.337890773918402e-17
MIR17HG,-1.4374246833061588,5.1540357059863235e-18,3.3578708645694e-17
HCG2P7,-1.6235668506208456,5.2498889653509365e-18,3.419095843874172e-17
ABCC9,-1.6118614323341287,5.2522108445947026e-18,3.419384621035671e-17
ANXA8,-3.7342360215728077,5.3757882677485255e-18,3.4985868372479946e-17
PLAU,1.4431671014674556,5.4326836831560856e-18,3.534351003734461e-17
GPR162,-1.8012548099836954,5.573699962997969e-18,3.624796728347697e-17
CCDC136,-1.843540762573685,5.604418651489929e-18,3.643472596895399e-17
P4HB,1.0203438354446241,5.656247044532457e-18,3.6745419326061496e-17
AVPI1,-1.1819702245077144,5.7213461294180746e-18,3.7155070850444955e-17
TUFT1,1.1072881600401363,5.900576371892261e-18,3.827804408323407e-17
LRP8,1.7679064216731488,5.9162949915758145e-18,3.836634048152994e-17
GALNT7,1.6507746268656707,5.966749986078549e-18,3.865222419807396e-17
TSPAN15,1.0614361595384452,5.965410475983548e-18,3.865222419807396e-17
SAMD11,2.9061362473347545,5.987897831247966e-18,3.877541950274163e-17
ZNF546,-1.112449316442997,6.220679366896125e-18,4.023988149097732e-17
MRPS34,1.101423955850997,6.319940218222262e-18,4.08384351410365e-17
PIK3R1,-1.28186806722689,6.401232362920364e-18,4.1349053478438393e-17
SYT15,-1.991141126301267,6.474979576519266e-18,4.181059000758432e-17
RASA4,-1.4169522137213075,6.5500739743963275e-18,4.228049523260154e-17
LAYN,-1.1480144613069108,6.581770976869526e-18,4.243994937724265e-17
SLC35F3,-2.9850100213219615,6.6518189306846615e-18,4.287643767537284e-17
MT1X,-1.719692788160037,6.8537414266963e-18,4.4131112553998144e-17
COL5A2,1.772672858397092,6.901376996888246e-18,4.442212357650522e-17
PDE3B,-2.7718266148250352,6.920055933300284e-18,4.4526609457004267e-17
SAC3D1,1.282474476357705,7.059414157425656e-18,4.539121014045186e-17
CG030,-1.2713681424808732,7.421802829698366e-18,4.765399538236309e-17
TGFB1I1,-1.2759112128433454,7.498593138394894e-18,4.8130074364669347e-17
PIK3C2G,-3.5191005016932158,7.517873535539184e-18,4.823681775376093e-17
HERC2P2,-1.3803456039132058,7.596637019373406e-18,4.867355989568958e-17
HIST1H2BH,2.4620159663865557,7.66030259005422e-18,4.906421113538247e-17
CPM,-1.6487155274049936,7.829089398976173e-18,5.01276518922136e-17
SPEG,-2.120865408252853,7.966147978560683e-18,5.098726851397331e-17
CHAC1,1.759083306158285,8.102424039146736e-18,5.1841274089486124e-17
MBP,-1.3816379280070255,8.266798415856259e-18,5.287439619249174e-17
SLC25A25,-1.148116869434343,8.29769535188527e-18,5.305337144024151e-17
CLEC4M,-1.3648927505330493,8.31699622464387e-18,5.315810473216024e-17
TAGLN2,1.0328392073247183,8.334332390930012e-18,5.325021148195824e-17
RCAN2,-1.0317146118148752,8.615560557722904e-18,5.502773643236141e-17
PPM1N,-1.6035138843597139,8.621848469702529e-18,5.504858214450899e-17
TBX18,-1.5519902922362991,8.641619388081158e-18,5.5155469046718556e-17
CACNA1C,-1.2869358961495045,8.89690617251713e-18,5.676494323811052e-17
SOD3,-2.3535536184623105,9.075212171708462e-18,5.786202702683333e-17
CSAD,-1.3335928007023687,9.137217612084307e-18,5.823696505349112e-17
OAF,-1.0790203436598542,9.269493579012839e-18,5.903869545793237e-17
LGR4,-1.4870246080521774,9.570349429932899e-18,6.086969625194569e-17
HS6ST3,2.989936886993604,9.58833590156137e-18,6.09627937185196e-17
CLCNKB,-1.5239923115514862,9.643101946207955e-18,6.128958963925399e-17
LOC441204,-1.7001243321209074,9.697509792416521e-18,6.161388158860661e-17
UCP2,1.292514386052929,9.901092236770858e-18,6.288540892740403e-17
OTUB2,1.1612415527404991,9.916618794880384e-18,6.295163904445148e-17
KIAA1755,-1.3005042393076645,1.0359138385837399e-17,6.570292544857079e-17
NR4A3,-2.1869356327605676,1.0370676221255302e-17,6.575319374974235e-17
PCDHGA3,-2.0156748275429566,1.0573745383678512e-17,6.701737020163647e-17
CSN3,-3.182381073623479,1.0702205197850864e-17,6.778435672111317e-17
C1orf111,-1.0737349931017182,1.0712194804323972e-17,6.782402852977713e-17
NDUFS6,1.0281314436222235,1.0756254539087137e-17,6.807931202190652e-17
CXCL14,-2.751528985325475,1.0851337898486918e-17,6.863339255252168e-17
JPH2,-2.680190630879218,1.0901333149965273e-17,6.89256572868419e-17
NCRNA00152,1.1889789915966409,1.0931604833243005e-17,6.909305652066752e-17
TSPAN2,-1.4672640411388427,1.1042005705395347e-17,6.97666191792126e-17
ARL4A,-1.2171050043898166,1.1180085599291857e-17,7.061453787783125e-17
GLI1,-1.7857788912579955,1.23413731449855e-17,7.781434546524802e-17
PCDHGA9,-1.6860348049667628,1.2460255060007264e-17,7.850952677650129e-17
AURKAPS1,1.0240261633011425,1.2564810038252946e-17,7.911353757396001e-17
KCNK2,-2.6783281951586595,1.266064116315892e-17,7.968936759784987e-17
C10orf105,-1.4861414524018568,1.2795975790183585e-17,8.048553811634823e-17
PLEK2,1.5193415527404994,1.3041680749984715e-17,8.200266483315087e-17
TMEM170B,-1.581528759563529,1.3237842992583063e-17,8.317861787849138e-17
LPAR2,1.09395360591998,1.3390108981192243e-17,8.410633325902084e-17
SLIT2,-1.8216921735858564,1.353500724810196e-17,8.498714623566745e-17
DMRTC2,2.5934921861281826,1.3851074589854438e-17,8.694176233073115e-17
DIRAS2,-2.181775830929386,1.3925545074978493e-17,8.737907514644381e-17
CD24,1.9911661733350083,1.3936609217886245e-17,8.74183658143292e-17
BDNFOS,-1.6965621221622964,1.3959222260517127e-17,8.753004574860257e-17
GGT7,-1.5086575065847239,1.4172076172293546e-17,8.880354649372097e-17
ZNF488,-2.1746168067226876,1.4385789281391412e-17,9.011167318966547e-17
ADD3,-1.474715577574317,1.4601246160215115e-17,9.142981900736007e-17
C17orf100,-1.0232289602408136,1.5145919115275243e-17,9.471012217635013e-17
LOC646982,-1.0403924118901289,1.5199573523050522e-17,9.498238622223061e-17
CDHR3,-2.0202847610686074,1.524300870103458e-17,9.521911028995624e-17
SERPING1,-1.1774200551862517,1.541309795346801e-17,9.624858389261688e-17
TMEM232,-1.9117802332873444,1.5574438222093113e-17,9.722273626775067e-17
KLKB1,-1.4029499310171825,1.5705188930942077e-17,9.800533222829572e-17
PNPLA7,-1.7514122914837573,1.625986845888822e-17,1.0129308198396381e-16
ADRM1,1.0541678665496068,1.6527510347217012e-17,1.0285479345312521e-16
TTN,-1.1534535808353183,1.6645590145679146e-17,1.0355423015099026e-16
C10orf107,-1.8804867678414647,1.669265907869913e-17,1.0381157267152726e-16
SH3BGR,-1.4499449893390182,1.7037570484427278e-17,1.0584808721093164e-16
FCGR1A,1.6989306409130807,1.708809232003949e-17,1.0612574019163386e-16
TUBB2C,1.0238986328859898,1.788540235771206e-17,1.1092605762093106e-16
FAM66C,-1.3374523893139325,1.831068540885945e-17,1.1348634882447006e-16
C1orf95,-2.9795139846983574,1.8677279475709933e-17,1.15679659168543e-16
AP1M2,1.4501941678163774,1.88136467269718e-17,1.1644502256751706e-16
FMN2,-1.8791497052552364,1.9068301703870362e-17,1.1798106591283215e-16
KAT2B,-1.0924802332873451,2.0281903865378222e-17,1.2527706008194088e-16
ELMOD3,-1.0312679167189298,2.0414518463656987e-17,1.2599662993531182e-16
TTBK2,-1.3704834315815875,2.0419164879919236e-17,1.2599662993531182e-16
TCF19,1.1591015928759543,2.0529405211891293e-17,1.265910444011034e-16
CHIC1,-1.148702157280824,2.1020576277219308e-17,1.2953200743880268e-16
SELP,-3.276151235419543,2.1245444159843603e-17,1.3082910014940226e-16
MFAP2,1.6566905430829033,2.1405484984399507e-17,1.3177005179946712e-16
ADAMDEC1,3.3161494042393067,2.1567514866389675e-17,1.326329301057065e-16
LOC400940,2.3067756678790925,2.1685080061417458e-17,1.3331087887807564e-16
RDM1,2.1843206572181115,2.1734606339177428e-17,1.3357023605403334e-16
CES1,-2.8852248463564525,2.189493374936819e-17,1.34464736518134e-16
DHCR7,1.3401417408754543,2.2248676697991053e-17,1.3654506471123776e-16
FAM198B,-1.1592369497052548,2.2445170543923175e-17,1.3765816691746412e-16
IMMP2L,-1.2125162548601516,2.259876849559033e-17,1.3855351395258699e-16
PTPRE,-1.034377524143986,2.326102171158425e-17,1.4256578391110037e-16
MAGED1,1.1591744638153774,2.3318240473223102e-17,1.4286837136791658e-16
SLC25A22,1.0494293239683934,2.3738970166656785e-17,1.4539719850055633e-16
ZDHHC1,-1.0939281700739976,2.3795940898283654e-17,1.4569711139302298e-16
LOC389033,-2.05548936410385,2.427895102110432e-17,1.4850461876248723e-16
KIAA0495,-1.1137282829549733,2.5090883990281623e-17,1.532134724170065e-16
ATP6V1B1,-3.0244032359212323,2.560908265756208e-17,1.5622055349048342e-16
ST14,1.2823701743383946,2.5714225066995387e-17,1.5680939326449483e-16
EGLN3,2.090101153894393,2.6430076249821142e-17,1.611207896769907e-16
LGALS12,-4.295804377273299,2.64670190928058e-17,1.6129198143499966e-16
TMOD1,-1.6330900413896936,2.656806999526394e-17,1.6185360713647574e-16
TRIM9,-2.304104038630377,2.6746206825748424e-17,1.6282983372879552e-16
LOC375190,-1.3150212090806468,2.709629415588122e-17,1.6479580438339654e-16
C4orf7,-4.134337614448764,2.7405813214639926e-17,1.666225844843322e-16
LOC338651,2.1781378652953722,2.753204026329094e-17,1.6733413319288315e-16
NOS1AP,-2.21600201931519,2.7758624214641466e-17,1.6859867753724346e-16
LOC415056,-1.0573361846231029,2.7983773980505686e-17,1.6990948557943463e-16
MARCKSL1,1.288146381537688,2.868518967703477e-17,1.7405216923035463e-16
BVES,-1.4759812743007652,2.9154410244210306e-17,1.7678138896580955e-16
TMEM90B,2.3863437351059833,2.941166790970818e-17,1.7828191507173426e-16
CSF3,-2.481381939044275,2.958224463527685e-17,1.7919653880064708e-16
C3,-1.5748915590116646,2.957774420425141e-17,1.7919653880064708e-16
STARD10,1.5942834064969293,2.964037644055998e-17,1.7948894622339098e-16
CST4,3.513352075755675,2.974550620738728e-17,1.8000580102828145e-16
GIMAP7,-1.6186007901668136,2.97861788864145e-17,1.8019202867045637e-16
WASF3,-1.8018288097328456,3.0905623390685985e-17,1.8690201414639767e-16
GLIPR1L2,-1.678199184748526,3.1939901649951105e-17,1.9296449709062725e-16
RASA4P,-1.2193896525774477,3.325743260130341e-17,2.005914664153499e-16
DPY19L2P2,-1.6521546343910694,3.478529555973272e-17,2.0959838963052458e-16
PDZD2,-1.5498327229399234,3.5121698456814495e-17,2.115553530805408e-16
RAET1K,1.5600776621096202,3.5260012689503997e-17,2.123182305613765e-16
XKR4,-1.010504603035244,3.53950816067059e-17,2.130610682826943e-16
PPP1R16B,-1.8690430829048044,3.5534251146734404e-17,2.1382809045421695e-16
C10orf72,-1.3704299761695715,3.58957875254897e-17,2.1586092511611794e-16
MICAL2,1.21612687821397,3.589227149173508e-17,2.1586092511611794e-16
ALS2CL,-1.6020730590743746,3.6012892946637627e-17,2.1649362295496856e-16
CEBPD,-1.675637940549354,3.6287239546889504e-17,2.179988849742672e-16
STAT1,1.2637671140097808,3.6654875210310637e-17,2.1998967802614063e-16
HIST1H2BO,2.1211807976922112,3.675526653454671e-17,2.20519484748963e-16
CABLES2,1.086305844725949,3.7182832440686716e-17,2.2293777961720035e-16
PPIEL,-1.4691577448889985,3.813460141331222e-17,2.2841860793896754e-16
LPAL2,-1.1681401229148372,3.8342942708755914e-17,2.2959098227877764e-16
PTGER2,-1.3284117772482142,3.859132387917893e-17,2.310022586559336e-16
ITPR1,-1.5419815753166919,3.879507255541458e-17,2.3206924276247506e-16
TMEM101,-1.4382479618713164,4.040385166363615e-17,2.415340925560489e-16
SPAG1,1.2819340649692723,4.0744642320115684e-17,2.4349137365497893e-16
CCDC68,-2.1998231029725317,4.0773902742180256e-17,2.4358626570919173e-16
PARP3,-1.040551887620719,4.091985799028299e-17,2.4437801016965923e-16
FAP,1.5814478866173332,4.110792062206682e-17,2.4542062285453666e-16
ZNF423,-1.323648864919103,4.131056347911457e-17,2.463880036075762e-16
LOC100240735,-1.3023858522513474,4.129821904501585e-17,2.463880036075762e-16
HOXD3,-1.6406811739621232,4.2296536257802234e-17,2.521034215785115e-16
PTK6,2.0547661984196637,4.404033504870234e-17,2.6232533340691386e-16
PLEKHG5,-1.2650121786027837,4.4242899787760777e-17,2.634456999792638e-16
DACH2,-1.2196284836322593,4.502870151665821e-17,2.679494781653251e-16
ZMAT1,-1.3422946695095925,4.526696674819895e-17,2.692792796462306e-16
SORCS1,-3.0928319202307786,4.558900353416821e-17,2.7110638070318977e-16
ANKRD6,-1.1769352564906557,4.582211211257112e-17,2.724036272975611e-16
PRICKLE4,-1.6500581086165793,4.608939483669991e-17,2.739031192335777e-16
C1orf203,-1.029905230151762,4.625334710254303e-17,2.7478775369046697e-16
PTTG3P,1.106241853756428,4.6325295267334325e-17,2.7512539959258947e-16
ALDH1A3,-1.7743548977800092,4.860873358387974e-17,2.8840442549783666e-16
KCNH3,-2.3558837325975164,5.137430553772948e-17,3.0441617308049796e-16
SDF2L1,1.1811095070864166,5.2402426428123e-17,3.1000369459575004e-16
SPOCD1,2.1777739244951713,5.3420766921914475e-17,3.1572020138948347e-16
OXGR1,-2.9630794054935405,5.3793015016927187e-17,3.1771390407304527e-16
ADD2,-1.5674858773360087,5.481877417417905e-17,3.236672547170228e-16
ZDHHC15,-2.135010698607803,5.641862124015787e-17,3.326816204841573e-16
LOC286002,-2.366229110748777,5.655396902083165e-17,3.333717286548571e-16
MAP3K8,-1.3662672394330864,5.753680945743125e-17,3.39055533361483e-16
NUDT1,1.01666766587232,5.82165525636989e-17,3.428391803031417e-16
ST8SIA1,-1.8690569798068477,5.824140213246515e-17,3.4287459347259474e-16
CRYBG3,-1.4469936034115154,6.041663771697035e-17,3.5533572095703116e-16
APOBEC3B,2.291994907813872,6.199711632746202e-17,3.640430672609004e-16
GLRB,-1.905979154646933,6.208890066019109e-17,3.6446444976377244e-16
TMEM117,-1.1142018938918863,6.263882961896276e-17,3.6757402177755614e-16
CLIC2,-1.232778477361097,6.271638124389127e-17,3.679105020246706e-16
ANGPTL2,-1.4207247460178127,6.345507938062588e-17,3.7212397228271033e-16
CDH13,-1.077719992474604,6.444031826613977e-17,3.777800687273888e-16
AOC2,-1.8056432459550975,6.563738180143236e-17,3.8467394105971445e-16
POP7,1.0069114009783036,6.612197438026484e-17,3.8720683535917953e-16
COL2A1,-3.330847936786655,6.613338741590337e-17,3.8720683535917953e-16
ECHDC2,-1.1870836949705232,6.636343432638479e-17,3.88428808695557e-16
ROR1,-1.8906099460679808,6.719660577613761e-17,3.9299921102962556e-16
KLK6,-3.7092109745390687,6.7209061359953e-17,3.9299921102962556e-16
DNAJC1,1.1480093691207802,6.809753520127961e-17,3.979388228792593e-16
IL28RA,-1.4954343283582086,6.841105534743066e-17,3.996426317359692e-16
STRA13,1.4514003261005897,6.854712997826728e-17,4.001806949949965e-16
PLCG2,-1.4143755299134586,6.996869472890887e-17,4.0834887789366084e-16
CDH12,-2.1534415527405018,7.022812137459411e-17,4.0973156839158225e-16
RAMP3,-1.519498193904429,7.055838514561312e-17,4.1152652508990573e-16
CAPN3,-1.7645352564906567,7.065627303903262e-17,4.119654510344365e-16
ZC3H12C,-1.4065920356202168,7.072244430569466e-17,4.1221922948977257e-16
LAMC2,-2.8069841464944183,7.106696079658782e-17,4.138297784325938e-16
HPR,-1.0367349053054058,7.184570715070778e-17,4.181024446148039e-16
APOBEC3C,-1.3289494167816356,7.268686924761446e-17,4.2272175109083895e-16
NAGS,-1.3793132697855253,7.276335519750927e-17,4.230314131779819e-16
FBXO43,1.5276273799071878,7.342817328694114e-17,4.266240147916341e-16
PALM,-1.8733467076382784,7.791995747950379e-17,4.517124159233782e-16
ASCL2,2.3298928007023703,7.869477406264876e-17,4.560588896091676e-16
ZNF214,-2.065014022325348,8.029969793230148e-17,4.649158401595686e-16
GPR109A,-2.154575818387059,8.205443807208119e-17,4.747733427292098e-16
CARD10,-1.2303270663489299,8.295354640107587e-17,4.796707131952936e-16
CPNE8,-1.323072068230279,8.737860251004248e-17,5.046169738230657e-16
CHRM3,-2.070836611062336,8.943509002725812e-17,5.156753068629013e-16
SLC4A4,-2.8221142104603016,8.954471199126964e-17,5.161438861232049e-16
KLHL32,-1.6255622977549224,9.015716508722025e-17,5.195096157273409e-16
HGF,-1.8469951461181493,9.047569779693848e-17,5.211801034802756e-16
RHOU,-1.591333575818389,9.088678143270715e-17,5.233824999745549e-16
NTS,-2.888054421171453,9.124160905845657e-17,5.250935851062551e-16
SLC2A6,1.545685814624357,9.231519224205666e-17,5.306010244338988e-16
GPT,-2.997552966261129,9.644869570732605e-17,5.54009342997935e-16
ZNF596,-1.1931560015050815,9.974790198766539e-17,5.722379640345014e-16
MYBPC1,-4.7335409757933,1.0181980490922981e-16,5.837561917362866e-16
CDR2L,1.1581408503699997,1.0492455870292718e-16,6.013670472510654e-16
CBX8,1.11732702872194,1.0795400300689734e-16,6.177575343396896e-16
GRIK3,-3.0977408127430097,1.101774879339569e-16,6.302830964367748e-16
HSPH1,1.0337939671390917,1.1107171006485034e-16,6.351989752781875e-16
FAM124A,-1.357191270538066,1.1216881459844662e-16,6.408690935767495e-16
GAL3ST2,3.5430493039006645,1.1405533370263906e-16,6.512387827443974e-16
C18orf18,-1.0624597516618595,1.144490875379427e-16,6.532821387435468e-16
PDLIM3,-1.6363521008403374,1.1643720085495102e-16,6.642138411666165e-16
PAX9,2.3901154019816886,1.189357726782558e-16,6.778296399694083e-16
DYRK3,-1.2895374263138084,1.2047282088299462e-16,6.863446105563817e-16
MEGF8,-1.0067449893390155,1.2088302327883927e-16,6.882807859695687e-16
CDC25B,1.1371488900037647,1.2299021427821607e-16,6.996221470332398e-16
GIYD2,1.1233528157531651,1.230497147028237e-16,6.997419421229303e-16
UMODL1,2.6748382917346056,1.2397285270856957e-16,7.047713422405035e-16
ANO2,-1.8810907939295118,1.2572243852465866e-16,7.14494395399426e-16
SLC1A7,-1.9174310046406626,1.2671625452602767e-16,7.194684906853654e-16
GOLGA9P,-1.0656170826539575,1.2712002847096319e-16,7.21535977005595e-16
HIST1H2BG,2.607393189514612,1.286889772746109e-16,7.30213669990568e-16
MYL3,-1.372167076382792,1.2996339670160842e-16,7.369855794889028e-16
ACSS2,-1.112655449642542,1.3112801094392962e-16,7.43126769368727e-16
GRIN2A,-2.0408689075630257,1.311980029185301e-16,7.432920159122327e-16
FAM135A,-1.2929501442367988,1.3299694418797212e-16,7.527809002032514e-16
STEAP2,-1.722334491408505,1.3420606011853127e-16,7.591525520005049e-16
WNK3,-1.9733990091559006,1.343033223583552e-16,7.594667216182479e-16
GUK1,1.018924118901289,1.3482159569945787e-16,7.621607163096992e-16
UNC119B,-1.0661860654709638,1.3997372622724285e-16,7.903045094647958e-16
LONRF1,-1.0312564530289734,1.4140022182316812e-16,7.978636819116954e-16
VILL,-1.6326258497428832,1.416351194278803e-16,7.989414561343988e-16
ZNF655,-1.3225004891508831,1.4467246103064627e-16,8.155691570581772e-16
NKX3-2,2.2049847234416156,1.451547608008104e-16,8.177815261086821e-16
SYCE2,1.6337675153643563,1.5226948181163487e-16,8.568041352139689e-16
NLRP3,-1.3080663865546205,1.525535215849665e-16,8.581371302259411e-16
CD93,-1.0431930013796542,1.5304914436884163e-16,8.606591210831091e-16
FAM129A,-1.68125779505832,1.5367746309662855e-16,8.639255283347528e-16
POSTN,1.7534878213972132,1.5449299390357574e-16,8.67974064205799e-16
PFDN2,1.035184271917723,1.574792778743658e-16,8.839331776586743e-16
GNG12,-1.0180423554496407,1.5860285953235412e-16,8.899654291206664e-16
APBB3,-1.028091747146619,1.5928124890844798e-16,8.934966329369734e-16
C3orf14,1.3582594130189403,1.5944371867647154e-16,8.94132474142887e-16
KIF7,-1.2668664367239435,1.6269701319374253e-16,9.114067104442393e-16
EID3,-1.205411187758684,1.6272437559434036e-16,9.114067104442393e-16
LAMB2L,-1.297377310924369,1.671963894175451e-16,9.355904938726018e-16
TMEM92,2.4408566411639288,1.6928408939846007e-16,9.463999629361696e-16
SUGT1P1,-1.2505113633513099,1.702240434574766e-16,9.513626843894525e-16
CEACAM5,4.965822400602032,1.714820924459478e-16,9.580996098200086e-16
GLI2,-1.179924909068105,1.7239553588152674e-16,9.629076218629737e-16
FCGRT,-1.2584944688323105,1.745200428137501e-16,9.73877479870844e-16
C9orf170,-1.0574119653831686,1.7589536060147933e-16,9.812513788013265e-16
NIPAL3,-1.0214555876081803,1.7685981357022066e-16,9.857254091912819e-16
TJP3,1.6000877461432346,1.7696692291719708e-16,9.860204768477926e-16
ZNF843,-1.0928185877336003,1.78338627199098e-16,9.933592505829808e-16
SLC2A1,1.1458595258999136,1.7884659035865897e-16,9.95883904649333e-16
ARMC4,-1.746587545465947,1.833670609148459e-16,1.020431247273904e-15
RAB40B,-1.007708127430078,1.8700125926846485e-16,1.0401533260221264e-15
INTU,-1.308184046155775,1.9047623629668775e-16,1.0586989097125517e-15
LOC283867,1.9835650068982817,1.9071801405402606e-16,1.0597191727183872e-15
COL28A1,-1.8961442869685188,1.9135307590630919e-16,1.0629234179806367e-15
SMAD3,-1.0147322839583612,1.9171624322505157e-16,1.0646158558345374e-15
FGFR2,-2.615052464567917,1.9497974826540392e-16,1.0820781578277888e-15
CEACAM7,2.8872526652452017,1.9507912329168068e-16,1.0822996895088277e-15
LOC338758,-1.1576779505832189,1.9565516651408614e-16,1.0851648373113682e-15
C1orf182,1.5467107864041136,1.9850807229041302e-16,1.1006525860196126e-15
MURC,1.1055373510598265,2.053184191447084e-16,1.1373740668567033e-15
C17orf44,-1.1331826790417656,2.066300850862029e-16,1.1439438682555206e-15
PTPLA,-1.8774725322964985,2.0899728268152569e-16,1.1566973355584712e-15
GINS4,1.38993474225511,2.1102141818599186e-16,1.1671901778303281e-15
TNNI3K,-2.4118800702370513,2.1365799980506832e-16,1.1806971980727562e-15
BZRAP1,-1.92315460930641,2.290391022628016e-16,1.2637765318247278e-15
SLC13A2,-3.9633734855136065,2.3620184996938784e-16,1.3021145593557743e-15
MXRA7,-1.2704614072494707,2.4498728007834184e-16,1.3501372870923575e-15
PGAP3,2.452810773861783,2.4599628433403187e-16,1.3552876403548371e-15
ANTXRL,-1.1242117772482125,2.501104985697143e-16,1.3775374903069621e-15
ADRA2B,-1.8152158033362604,2.531493633559263e-16,1.3938529525613813e-15
A4GALT,-1.16093474225511,2.562321935326168e-16,1.4099741895024859e-15
PDE1B,-1.432186466825537,2.574292335321556e-16,1.4161330728273884e-15
RGAG4,-1.1856626113131812,2.6175882135250074e-16,1.4395153550089339e-15
GPR112,-1.2461655963878093,2.6871156321074247e-16,1.4773049184914361e-15
REEP2,-2.101298156277437,2.703603676640013e-16,1.4859208250567076e-15
FAM55D,-1.2691783770224507,2.7176151488221096e-16,1.4931707984910614e-15
PSMD12,1.0004794682051958,2.81071550488815e-16,1.5438580065020819e-15
MGC21881,-1.0515627994481367,2.8767300627345264e-16,1.578689096531703e-15
AHR,-1.1257322212467074,2.920809605362385e-16,1.6019131439111628e-15
C9orf142,1.0626380158033362,2.923639700867759e-16,1.6025886154973789e-15
MRVI1,-1.1621357205568756,3.081043674702076e-16,1.688267248964536e-15
TYMP,1.631495058321839,3.0993010432836804e-16,1.6977603638547346e-15
MAOB,-3.517119440612067,3.127422822227092e-16,1.7126497482851913e-15
STX11,-1.5773144989339007,3.13981660314188e-16,1.7189197481801996e-15
CSDA,-1.12130612065722,3.151276828530168e-16,1.724675048398516e-15
PVRL3,-1.6572461683180721,3.177344630525168e-16,1.7384191256221712e-15
TAS2R5,-1.1720985952589986,3.1829001738260807e-16,1.7409354526489226e-15
ULBP1,2.1058173962122155,3.2357443357241917e-16,1.7677147101796956e-15
LRP1B,-3.185290668506209,3.353245436916931e-16,1.8302586713103115e-15
CCL23,-1.6665572306534555,3.3621860622888774e-16,1.834588515942579e-15
LRRC49,-1.239631418537563,3.3732468777842577e-16,1.8400723079504596e-15
GYPE,-1.3438859024206709,3.3960111836924345e-16,1.851935038249053e-15
PLCL2,-1.2310130440235785,3.5352432265271927e-16,1.92670755845732e-15
DIO3OS,-1.127108867427568,3.5659531780599626e-16,1.942281439264677e-15
DKK3,-1.5886904678289202,3.624833095541395e-16,1.9737611976709546e-15
LOC100128191,1.101284422425687,3.655372125408249e-16,1.989767485477172e-15
RORA,-1.0392361720807717,3.6657924795507366e-16,1.9942743725422013e-15
FAM198A,-1.6784971654333365,3.775190949181625e-16,2.052562749341491e-15
CXorf50B,-1.2252674275680415,3.777329302263398e-16,2.053112131654244e-15
HIST1H3J,1.3796802959989967,3.8090776122928547e-16,2.0697504410915473e-15
FOXRED2,1.0052728082277707,3.9617222320627893e-16,2.1514090032887514e-15
KCNJ8,-1.1273521133826643,3.966150248408786e-16,2.1531712786097565e-15
KGFLP2,-1.3302098833563267,4.0023191606768157e-16,2.1721590841323815e-15
FKBP1B,-1.303888799698985,4.006831282952946e-16,2.1739597568880025e-15
C7orf68,1.5074988586479368,4.022933447150676e-16,2.181395815861893e-15
LOC100131434,-1.57586804214223,4.094675994920535e-16,2.2189755026954005e-15
HSD17B11,-1.2406092311551529,4.118488447937417e-16,2.231215631482286e-15
CCDC88A,-1.0862548476106895,4.187926576744901e-16,2.2674844579561997e-15
C2CD2,-1.2016408378276715,4.2959756034264303e-16,2.3239121518327285e-15
LOC100129726,-1.1032981562774364,4.321793104767936e-16,2.336489453106348e-15
NR1D2,-1.016004866424181,4.324318844031123e-16,2.3369615732108155e-15
LOC283856,-1.0544916718926376,4.343386826819319e-16,2.3453773482228434e-15
GIMAP5,-1.5041137463940792,4.3795668244106507e-16,2.36421277890709e-15
TMEM98,-1.2209785149880812,4.415853153881729e-16,2.3830944251440592e-15
C2CD4A,3.5191503699987474,4.485400768007926e-16,2.4199096081816326e-15
KLK11,-4.281749692712907,4.565158527167271e-16,2.4622097976303954e-15
C11orf80,1.208648012040637,4.6181403477374825e-16,2.4893102975974355e-15
SPATA9,-1.2713276934654458,4.617285469526186e-16,2.4893102975974355e-15
STAT6,-1.0387334002257607,4.746455546336043e-16,2.557718481644612e-15
MMP9,2.6824247083908164,4.77105192736644e-16,2.5702118447425664e-15
LYPD1,1.759854358459802,4.846240072857079e-16,2.609172080633464e-15
ARHGAP6,-1.7493734855136074,4.867488574157108e-16,2.6198372121638625e-15
ODZ2,-2.644238517496552,4.950810737067856e-16,2.6638961822892748e-15
CILP2,1.9338215226389073,4.988558462824515e-16,2.6834139981913313e-15
C1orf127,1.750240825285338,5.082954795504375e-16,2.731769298570007e-15
HMGCS1,1.063615928759564,5.312756137610735e-16,2.8527463118857877e-15
PHLDA2,1.835667264517748,5.362178199591565e-16,2.8784349680673918e-15
CRELD2,1.0193757807600647,5.398534922201326e-16,2.8966482588089697e-15
TMEM133,-1.1877803085413259,5.39928997535507e-16,2.8966482588089697e-15
C6orf208,-1.2556258497428825,5.459596343846042e-16,2.9281388405135383e-15
SCGB3A1,-4.2126728207700985,5.551098928478347e-16,2.9763373724621897e-15
RPS6KA3,-1.0870295121033458,5.565749541208408e-16,2.9833138662725755e-15
LOC554202,-2.0562425435845997,5.567837422419044e-16,2.9835544480510408e-15
SLAMF8,1.6732241189012935,5.572277517881757e-16,2.9850549634491355e-15
PMP22,-1.2034614197917985,5.639969732237716e-16,3.020428627123364e-15
RND2,-2.5931775241439867,5.65275212239496e-16,3.026383731881043e-15
CSDAP1,-1.1403758183870565,5.660508104242975e-16,3.02964507561114e-15
USP53,-1.2237425184999395,5.723642012828155e-16,3.06163548514578e-15
ZNF395,-1.086921848739495,5.755679833811996e-16,3.0778683905663855e-15
DQX1,3.0245321459927257,5.791120067230365e-16,3.09591067793816e-15
GREB1,-2.3012525649065596,6.05095894596156e-16,3.2319719980439637e-15
TEX19,2.022669409256239,6.064771414554404e-16,3.238399356384095e-15
LOC100128640,-1.3473104352188638,6.155271469219699e-16,3.2822032661181545e-15
RUNX1T1,-1.8311711902671508,6.490290085477835e-16,3.4504307951504975e-15
MYO16,-2.3627514110121672,6.5212741534064215e-16,3.465890610641083e-15
HIST1H1B,1.2730825661607925,6.536687677530759e-16,3.473068470347122e-15
RADIL,-1.8183901668129927,6.595583331136598e-16,3.5033382952051213e-15
MYOF,-1.009431155148624,6.62270823242876e-16,3.5156943118956175e-15
KRT6B,-3.9414502194907817,6.673318036016598e-16,3.5415279361402375e-15
CAPS2,-1.595473648563904,6.70129101681372e-16,3.555336647597207e-15
GBP5,2.2131627618211454,6.741441124929226e-16,3.575595943971058e-15
NKD1,1.537632860905556,6.795378580931742e-16,3.6031539851063355e-15
DAGLA,-1.4213076006521996,6.954787680131776e-16,3.685531299605203e-15
NRXN1,-3.112323567038756,7.100244659873047e-16,3.760423437406723e-15
ENTHD1,1.765001793553242,7.113928860350875e-16,3.766574957677922e-15
AMMECR1,1.13597659601154,7.397190775988754e-16,3.9120006884172945e-15
UST,-1.3897836071742127,7.437828298913444e-16,3.932349361752002e-15
LAD1,1.6327908942681528,7.753596631076743e-16,4.0969149339764865e-15
HIC1,-1.1576705004389813,8.00755678963339e-16,4.226197629507005e-15
MMD,-1.5674337764956743,8.043375607063609e-16,4.243871483344315e-15
C3orf15,-2.8158478740750033,8.058539084955645e-16,4.2506400163270825e-15
FIGNL2,-1.1720922237551759,8.3178629123205305e-16,4.3848844075577935e-15
PER3,-1.3427526652452038,8.425075677258247e-16,4.4388322012483905e-15
RPL34,-1.0087194656967267,8.555324197942583e-16,4.5061506474290754e-15
POP1,1.0466134830051441,8.64407456241964e-16,4.55157909342565e-15
FMOD,-1.6715831556503193,8.6771372886109555e-16,4.567667150508538e-15
ISG15,2.3584371002132194,8.71554392189553e-16,4.586558138486971e-15
ELF5,-3.211613395208828,8.839214076252347e-16,4.650295197399465e-15
C1QTNF4,-1.5725085914962997,9.01046765417892e-16,4.736284802455065e-15
CETN4P,-1.1557864793678667,9.137542404794761e-16,4.7975392095321325e-15
LTC4S,-1.719215640285964,9.461096294641725e-16,4.9616921881694995e-15
PFKFB4,1.308265496049163,9.53830262773617e-16,4.996423675760618e-15
C20orf197,-1.1086242192399345,9.812885624204407e-16,5.13434771536053e-15
ADCY1,-1.8405176846858167,9.906844136965712e-16,5.179043188546435e-15
SLITRK2,-1.5724770851624235,9.946174691233886e-16,5.198111338057147e-15
ATP2C2,1.8370847234416159,1.0141843177996148e-15,5.295810997391391e-15
GIMAP1,-1.4865191270538052,1.0328242644955216e-15,5.3915973864674445e-15
CBLN4,-2.0813480747522894,1.0375466694101203e-15,5.4146966809840645e-15
FADS3,-1.334430239558511,1.0383193403293808e-15,5.4171759679036165e-15
C9orf44,-1.0779711275554997,1.0506302027486523e-15,5.479834263791896e-15
SCD5,-1.253107086416657,1.0700612557317188e-15,5.577985406095211e-15
CANT1,1.059957243195786,1.0736251947889765e-15,5.5949611854405215e-15
HHIPL2,3.2768856515740628,1.1546406180938035e-15,6.005120906046144e-15
NCRNA00176,1.7263683431581578,1.157839655381604e-15,6.016601554927587e-15
ARMCX1,-1.4211871064843855,1.1628826469309731e-15,6.041082426393979e-15
RAB25,1.3223904302019331,1.2081660906055702e-15,6.26916971131505e-15
FA2H,2.0134493916969785,1.2213172442426095e-15,6.335604957807986e-15
NGF,-1.3010700112880982,1.2281081128014286e-15,6.3690176573573806e-15
TNN,-2.046835319202307,1.2407527353810723e-15,6.43276047910614e-15
FAM180A,-1.6624709895898642,1.2663156209739297e-15,6.561555151889679e-15
C8orf48,-1.3086021823654828,1.2848045318420345e-15,6.655462974707044e-15
CROCCL1,-1.024853003888122,1.306885212946008e-15,6.76599304074408e-15
MERTK,-1.1860407374890256,1.318403930266954e-15,6.823686875931011e-15
MFNG,-1.266343873071615,1.3194089930261888e-15,6.826947669146025e-15
PRKD1,-1.3059637275805835,1.3305297918743262e-15,6.882533049584643e-15
FAM86B1,-1.5318433462937424,1.3432152088295012e-15,6.944205182142406e-15
NMU,2.881651787282077,1.3827352446942428e-15,7.142431798856216e-15
ZBED2,2.2901779756678784,1.4059214697785181e-15,7.260138585639253e-15
IGF2BP1,2.346328960240813,1.4114688589952711e-15,7.286717992141498e-15
ELL3,1.1483546343910698,1.419283102229829e-15,7.324981658602093e-15
TAT,-4.882476432961243,1.4209834654483272e-15,7.33167857753852e-15
TRPM2,1.2655580208202677,1.450150984273077e-15,7.471581762446312e-15
LOC100240726,-1.4332229399222378,1.4644424519674892e-15,7.5430803489429e-15
MST1,-1.4640960240812744,1.4848053215631318e-15,7.645802339013773e-15
LOC283922,-1.3622641038504968,1.515333756615219e-15,7.800797616421615e-15
PLD1,-1.181395798319329,1.5540717668621382e-15,7.995694847990813e-15
MUC7,-2.4777153518123667,1.57677773368435e-15,8.103355473251333e-15
TBX19,-1.0570593252226255,1.5786787486034266e-15,8.110835241554663e-15
ADAM11,-1.4777671767214349,1.6139093415450978e-15,8.287162692283615e-15
ITGB3,-1.3869351310673537,1.6276888741601702e-15,8.353205688282373e-15
DDX26B,-1.305307199297629,1.7087274087714116e-15,8.761680287849579e-15
SKAP2,-1.1990093064091312,1.7199688196280549e-15,8.816838193097573e-15
FCGR1C,1.3957573560767584,1.7512849424691441e-15,8.974842288222361e-15
CELSR3,2.085654358459802,1.7525911558795191e-15,8.979008390226537e-15
C18orf56,1.625901116267404,1.754935371649896e-15,8.98848862412579e-15
CAB39L,-1.5111816380283472,1.7815594216301868e-15,9.110885320359983e-15
PAR-SN,-1.6626248588987842,1.7818355073604097e-15,9.110885320359983e-15
PYGO1,-1.529642719177224,1.7967382874735333e-15,9.181927862684088e-15
BEND3,1.192282653957105,1.8065314981555165e-15,9.229383345754945e-15
SGK223,-1.0378310798946444,1.818141340007702e-15,9.286090575802526e-15
CCDC152,-1.6402355324219249,1.822892731861353e-15,9.307746535223621e-15
ALDH3A2,-1.0442833563276075,1.8837208177268066e-15,9.607556751213521e-15
ENDOU,-1.9014454659475726,1.9078062335984624e-15,9.727674193331319e-15
NCRNA00188,-1.0079136711400984,1.9305459987556253e-15,9.838109970702309e-15
TLL1,-1.6499031606672538,1.938721583690896e-15,9.877007833172512e-15
PSME2,1.1281385425812154,1.9460522594312243e-15,9.911580659884324e-15
ZEB2,-1.1852519503323737,1.9491242048153995e-15,9.924449762309012e-15
FOLR1,-4.292902608804717,1.972465068433605e-15,1.0034874689965598e-14
EPSTI1,1.4001096450520514,2.011489010372159e-15,1.0227691188772182e-14
ERO1L,1.3163051047284604,2.022129098662835e-15,1.0276051363193632e-14
LRRC18,-1.1584579204816257,2.0551909163070818e-15,1.0438236676768363e-14
PDGFRL,-1.394103750156777,2.0932321381400596e-15,1.062848106291869e-14
TRIM3,1.097105807098961,2.1179007094199098e-15,1.0750738040594149e-14
ACADSB,-1.4473619465696697,2.1295057997689037e-15,1.0806633418788223e-14
CAMK2N2,1.9979043145616466,2.139784310813115e-15,1.08557675054992e-14
ZCWPW2,-1.3860660102847104,2.1495909154243994e-15,1.0902480756051921e-14
CPB1,-4.818662247585601,2.1544795671999157e-15,1.0924231632796675e-14
PDZRN4,-1.9356843346293733,2.245105388056746e-15,1.1377409069820976e-14
LOC100130015,-1.0638538567665878,2.3099845987153724e-15,1.169967992499052e-14
HOXA1,-1.0451778753292351,2.342386252208711e-15,1.1850599485535065e-14
FDPS,1.0235530791421077,2.3715721223311463e-15,1.1988260856093823e-14
SAP30,1.0098660729963624,2.4464496133554863e-15,1.2349617945621164e-14
CYP26B1,-1.8697189514611807,2.448251497360174e-15,1.2355287498321943e-14
C12orf24,-1.1588296124419921,2.4724180116646914e-15,1.2473787435236246e-14
STK32B,-1.9785698858647924,2.503601505109494e-15,1.2620619827612329e-14
ZNF853,-1.49052094569171,2.5134534642530217e-15,1.2666775584107904e-14
ESR1,-2.9500568669258733,2.5144683018064105e-15,1.2668382645386685e-14
BEND5,-1.698843358836072,2.6385515563208714e-15,1.3278837152255689e-14
SOX6,-2.1685718550106614,2.6483038833664313e-15,1.3320551419983185e-14
GATS,-1.1800571930264638,2.6552463641221045e-15,1.3351781648097975e-14
HIST1H2BC,2.166797315941304,2.6805895595708625e-15,1.3475496203498595e-14
C20orf151,1.5172591245453395,2.695454114616205e-15,1.3535269309892077e-14
PAPLN,-1.3315033237175458,2.704104798757265e-15,1.3574964051786679e-14
GRPR,-2.8018760316066746,2.714986289317348e-15,1.36258327610818e-14
ADCY5,-3.1696463313683676,2.78748709963704e-15,1.3978134345645465e-14
PMP2,-1.4332188887495296,2.8178660535712992e-15,1.4107155053123861e-14
CYP4F22,-3.607747246958485,2.8242992411522575e-15,1.4131588534000699e-14
IRS4,-1.518422174840085,2.857115671076705e-15,1.4280523821045494e-14
SNAI2,-1.1364487520381257,2.8579875998499553e-15,1.4280523821045494e-14
IYD,3.077695986454283,2.8578925280742335e-15,1.4280523821045494e-14
AQP9,2.3089802583720056,2.877999282328608e-15,1.437656996054546e-14
NAP1L2,-2.1853406622350438,2.9054007046655874e-15,1.4509467497126938e-14
BEST1,-1.0455970023830439,2.9323153458040697e-15,1.4639861832054714e-14
EMX2OS,-1.9113846231029745,2.943014505158769e-15,1.468522287209569e-14
IL27RA,-1.2920624608052194,2.9791408407591528e-15,1.486141428455436e-14
ANKRD36,-1.0615214975542475,2.980065800156057e-15,1.4861955550750878e-14
C2orf65,-1.5716341025962617,2.988836505824641e-15,1.4897533109399215e-14
HIST1H2BF,1.8012295371880094,3.0387367513556188e-15,1.5133823552647422e-14
HAPLN1,2.714334303273548,3.110461185729233e-15,1.5478328311599025e-14
CORO1B,1.0278649191019706,3.132260828540121e-15,1.5582548199485057e-14
ECHDC3,-1.6825359588611573,3.1508874347325993e-15,1.5662371374778128e-14
GRAMD1C,-1.4544624106358972,3.167163212964796e-15,1.573468121331828e-14
CLEC9A,-1.6755087420042643,3.1694411916591298e-15,1.574170204959649e-14
SCN1B,-1.1245638655462162,3.3580611726867003e-15,1.665580041591717e-14
NUDT6,-1.2745463188260384,3.3921233830497534e-15,1.6820163972120583e-14
C8orf34,-2.0084874952966265,3.5053474591564475e-15,1.7357954243477915e-14
SLC4A7,-1.1919888624106356,3.6077986676957935e-15,1.7845858464148514e-14
ALOX12,-1.0311580835319207,3.625093337526752e-15,1.792653464357497e-14
NKPD1,-1.7038909444374752,3.670072585973604e-15,1.8139107054704726e-14
CLYBL,-1.1564649316442992,3.717842849413499e-15,1.8370220789325172e-14
C2orf48,1.8153086667502818,3.848048894186654e-15,1.899295933321032e-14
PRR15,1.9281730590743758,3.8518646922429495e-15,1.900663946676563e-14
TLL2,1.7454577323466705,3.917327985416582e-15,1.9319187569368207e-14
PTPRG,-1.084445679167187,4.017289840862894e-15,1.980144245145607e-14
PRSS8,1.4688753292361696,4.016601143904784e-15,1.980144245145607e-14
GABBR1,-1.2835697604414955,4.093764222634101e-15,2.016201032051097e-14
LY6G5B,-1.0169657719804341,4.0974466588834165e-15,2.0174687998824675e-14
PCDHB4,-1.483485990216983,4.27707291087977e-15,2.104204275587688e-14
DENND5B,-1.115581888874952,4.296193793323545e-15,2.111898882524129e-14
TRDN,-2.729342029349054,4.3097245217755785e-15,2.117978279424429e-14
CCDC150,1.3415853881851247,4.401277770420863e-15,2.162387564236733e-14
SPATA4,-1.4340360968267907,4.417108868071347e-15,2.1695799440232793e-14
PPL,-1.2765863037752396,4.453184413831925e-15,2.1861196301235852e-14
C21orf88,-2.2014740875454666,4.513086915694523e-15,2.2137354116515066e-14
OLFML1,-1.1482418537564252,4.568062210914223e-15,2.239494651906049e-14
C5,-1.2646725824658214,4.649154131935029e-15,2.2780229519142216e-14
LOC650623,-1.3836331619214848,4.663471093669541e-15,2.283194306564461e-14
NOS1,-1.4050618211463686,4.7002519911122854e-15,2.2993466002208258e-14
LOC400931,-1.662298106108115,4.824709939719977e-15,2.358963068297683e-14
DNM3,-1.0623466574689573,4.8932015348594175e-15,2.3911663768871403e-14
LOC729467,-1.2934041891383419,4.8998554114094885e-15,2.3937753100882155e-14
TPRG1,-2.2992743760190653,4.92668271806815e-15,2.4062357262407978e-14
ARRB1,-1.083789025460927,4.951529353891474e-15,2.4177223398306466e-14
SPATA22,-1.5532903674902794,5.207543227507459e-15,2.5400029306087427e-14
ACADL,-3.748697754922866,5.224608144024432e-15,2.5476437729889296e-14
SLC38A5,1.4712422425686693,5.418886823810285e-15,2.640256875102211e-14
LOC202181,-1.196787031230401,5.4525296537096424e-15,2.6559378455037898e-14
LOC100271722,-1.2087410385049546,5.50445991814956e-15,2.6790824569539154e-14
SRPK3,2.564317320958234,5.6202239346381745e-15,2.7332336703772025e-14
OLAH,-1.6709641038504957,5.704816392692853e-15,2.7721509021940207e-14
PLEKHF2,1.143979518374513,5.7389558172917865e-15,2.7857656731243303e-14
LOC283174,-2.348358409632511,5.808703080097591e-15,2.818118927692336e-14
WT1,2.9867402985074625,5.898375748859034e-15,2.85944730242269e-14
C1QL2,-2.085599874576697,5.911903870390269e-15,2.8651327516697037e-14
SLC11A1,1.5530093064091322,5.92067000921561e-15,2.868617412237204e-14
FLJ10661,-1.2928242317822654,6.209307463740642e-15,3.006864159682652e-14
VAT1L,-1.5550341527655842,6.3809502267129614e-15,3.0891605578951073e-14
EVPL,1.3344132447008636,6.404901815349677e-15,3.0999316071473055e-14
ABCB9,1.1187284334629384,6.4789305527558616e-15,3.134094415408317e-14
MKX,-2.033326828044651,6.516617446010258e-15,3.1514874434039515e-14
HIST1H3B,1.698243898156277,6.559979148530889e-15,3.1707727148355754e-14
MPHOSPH6,1.2129628621597899,6.569051539712795e-15,3.174314976835466e-14
STON1,-1.22846527028722,6.573599123105799e-15,3.1756694489887176e-14
APOC1,1.6436601906434252,6.63376119697623e-15,3.2038831273164846e-14
CH25H,-1.5908109494544096,6.74780416341532e-15,3.256370073877229e-14
PRR15L,1.9783727956854378,6.891736203830236e-15,3.323186069359518e-14
FRY,-1.1582504703373875,6.9984408191549486e-15,3.372851952106898e-14
MFSD2A,2.217109795560014,7.194214324733747e-15,3.466285954291381e-14
CHST5,-1.1622930264643172,7.198218760904717e-15,3.4672975947274026e-14
PRPH,-1.7098130816505708,7.218937202194035e-15,3.475974649239905e-14
PAR5,-2.0686438103599647,7.220051721571214e-15,3.475974649239905e-14
SDC2,-1.2212829424306992,7.262012718198908e-15,3.495251652812658e-14
B3GALT2,-1.3751488900037625,7.484478750135817e-15,3.6013736898948526e-14
FBXO32,-1.3328063338768334,7.690759105807448e-15,3.698676037067714e-14
RNFT2,1.4536930766336384,7.720869325419909e-15,3.712176025637047e-14
TAS2R4,-1.1285386805468454,7.83217877794956e-15,3.7619621950659344e-14
OTUD7A,-1.5183097579330243,7.829100756934868e-15,3.7619621950659344e-14
CYP4F12,-2.356098971528909,7.900548651529995e-15,3.7935554498496566e-14
FBXO2,-2.2441947447635746,7.977142875279973e-15,3.8283135185531596e-14
RNF165,-1.844458735733098,8.010813366325521e-15,3.842446263694953e-14
VIPR2,-2.570467552991346,8.035814701360931e-15,3.8517868706958547e-14
ZBED3,-1.0474727706007796,8.036634914521154e-15,3.8517868706958547e-14
PRKAR2B,-1.8953232534804982,8.223542977042628e-15,3.937221273306338e-14
PSPH,1.2283311300639674,8.290612325676227e-15,3.967245430186234e-14
CSN1S1,-3.0390867051298134,8.387263628992867e-15,4.010332541070585e-14
CCDC89,-1.2534621096199658,8.41253962129267e-15,4.0213618363022705e-14
C4orf39,-1.4556133324971787,8.502345823526463e-15,4.063223970219275e-14
ABLIM3,-2.0743933651072357,8.508663961668688e-15,4.0641094225729496e-14
HIST1H2BL,1.281293603411514,8.634410903706982e-15,4.122008436406457e-14
FZD4,-1.4739389063087884,8.728878430572845e-15,4.1649219940161864e-14
SERPINB13,-1.4095284836322586,9.336966735155286e-15,4.449235745550568e-14
DIRAS3,-2.2364641540198145,9.365473195767243e-15,4.460484264326298e-14
CLEC5A,1.8318626238555114,9.393942216968087e-15,4.471703194965222e-14
OR2B6,1.759125398218989,9.449615369536921e-15,4.4958533343356137e-14
C20orf203,-1.442268305531167,9.496695616491152e-15,4.5170721271750315e-14
PRSS35,-1.4782249341527658,9.6351892385425e-15,4.5805523559464377e-14
RNF128,-2.154512617584346,1.0017512202525771e-14,4.75609740799626e-14
RPP25,1.0661852251348298,1.0457398725139771e-14,4.9597714693517264e-14
STAC2,-4.274684510221999,1.0523833580298571e-14,4.989980272523441e-14
NR1I2,-1.143186228521259,1.076231517933088e-14,5.100401541508982e-14
LOC400696,2.9117457544211707,1.0861921310799197e-14,5.1462663618031697e-14
KRT79,-1.810183469208579,1.1005680212757973e-14,5.2116648520508166e-14
C3orf67,1.7362686943434085,1.1280925887103868e-14,5.3378397172589476e-14
ART5,-1.6630020945691708,1.1300294111463102e-14,5.345614701428348e-14
SLAIN1,-2.23593096701367,1.1325734927520165e-14,5.3562575444440004e-14
RPL21,-1.254549366612316,1.1354464229185113e-14,5.368449671788483e-14
MET,-1.9953181863790306,1.1514022647592346e-14,5.442476090732887e-14
HIST2H2AC,1.4541491910196909,1.1604965861526368e-14,5.4840392932856825e-14
NUDT11,-1.4680922488398336,1.1638128000983205e-14,5.4982830003087795e-14
KCNQ4,-1.8245460178101096,1.1651602881270564e-14,5.503220738136172e-14
ALX3,-1.0446142731719559,1.1715503007654204e-14,5.530531671377839e-14
FLJ40852,-1.0849354446256108,1.1714326433891328e-14,5.530531671377839e-14
MCTP1,-1.4587251724570427,1.1829550626491433e-14,5.5814751180410464e-14
KCND3,-2.1804576069233663,1.211207466038295e-14,5.711815933755203e-14
ATP10D,-1.0824006396588484,1.2168904348199266e-14,5.737129392651418e-14
TREM1,2.005352815753165,1.2284750270075189e-14,5.788747325036984e-14
CST3,-1.1082183243446657,1.2314167141962573e-14,5.801107258932316e-14
C9orf172,1.5553179355324214,1.2364834398565058e-14,5.823469095914095e-14
GPR137B,1.1187082026840578,1.2420776245896314e-14,5.84679053540343e-14
NRXN2,-1.30475839709018,1.2556175252753172e-14,5.908998400358479e-14
PHYHD1,-2.6119556252351677,1.2742025517737242e-14,5.991813239456756e-14
RCVRN,-1.1094360466574686,1.2972026159106898e-14,6.095245022566413e-14
TPM2,-1.4149230402608808,1.3152436118537884e-14,6.176826487764321e-14
SPATA17,1.4974131819892138,1.3324375645066724e-14,6.255961048933443e-14
SLC6A14,-3.3682387432584973,1.3698789016617077e-14,6.42843661947617e-14
ZNF467,1.1642477361093668,1.4644682872983755e-14,6.861703020255426e-14
IL1RL2,-1.9477030352439506,1.4701552944215626e-14,6.886576640338576e-14
SEMA3C,-1.2689294117647059,1.486405659347296e-14,6.959115796578916e-14
FRAS1,-1.829028358208955,1.5000071628942217e-14,7.020990071011448e-14
P2RY14,-1.1827244450018801,1.5271858758116008e-14,7.140859105419617e-14
CCDC141,-1.8172074501442368,1.5302013223824346e-14,7.152102691752537e-14
C11orf87,-1.373290229524646,1.5303763107386767e-14,7.152102691752537e-14
LOC648740,-1.4187074626865668,1.5902042038957604e-14,7.414571496801877e-14
SLC26A6,1.2394147623228386,1.637989727470912e-14,7.633468256311575e-14
TCF7,-1.5170583469208552,1.741284553734903e-14,8.100332924006246e-14
ABHD1,-1.6554849492035615,1.7566625695010846e-14,8.167695722254979e-14
ZMYND15,-1.1074567540449003,1.7681459915713017e-14,8.218989143149235e-14
CCL21,-3.0406823278565183,1.7766766879508803e-14,8.25232093665983e-14
FBXO5,1.0458169948576472,1.7898889088449968e-14,8.311568318292214e-14
ZFYVE28,-1.1845404490154268,1.7918676083824747e-14,8.318634551233406e-14
PURG,-1.1328613570801453,1.7932155553118516e-14,8.322769697435399e-14
NEDD4L,-1.1057993227141605,1.8099083172906425e-14,8.391686474692197e-14
NCRNA00087,-1.615440110372508,1.809649004285353e-14,8.391686474692197e-14
PSMD3,2.1417868556377737,1.8112144351291623e-14,8.39560386112965e-14
DMBX1,2.162618299260002,1.820477111337098e-14,8.436391257044093e-14
CACNB3,1.1398814875203822,1.833516349042476e-14,8.494654645360191e-14
RLN2,-1.8134935281575322,1.838521305267515e-14,8.515675144983353e-14
FABP5,-1.4935771102470827,1.860551392987458e-14,8.613330876538836e-14
PACSIN1,1.7085984572933643,1.8902842363662946e-14,8.748752594603524e-14
HIPK3,-1.1369863915715541,1.8944270756252558e-14,8.765698031928451e-14
ZNF471,-1.61489175968895,1.902169464039726e-14,8.799286087399017e-14
CDK18,-1.097325787031231,1.9097843066524497e-14,8.832267208840077e-14
MTMR9L,-1.6062304653204569,1.9648721642122045e-14,9.082419503594403e-14
HIST1H3G,2.496227053806597,1.988690799524755e-14,9.190184976833998e-14
ZNF389,-1.4863654207951842,2.0035084650665204e-14,9.256310809544637e-14
SORD,1.4637000125423327,2.0113077051334553e-14,9.289985830130496e-14
CHRNA7,-1.352473648563903,2.0588961965984164e-14,9.502557674107753e-14
HBG1,-1.4353285338015807,2.0694235821413206e-14,9.548724325910889e-14
C1orf204,-1.2804821898908818,2.086969242308426e-14,9.624803931527813e-14
PIGR,-4.838827129060582,2.1297049422093018e-14,9.811951167561611e-14
FGL2,-1.4799773485513583,2.1449397206935297e-14,9.877140838802003e-14
CLTC,1.17209722814499,2.1874372212022658e-14,1.0065197102513863e-13
KIAA1529,-1.6427218361971665,2.2513556506122924e-14,1.0346232493838818e-13
C9orf163,1.0656714661984203,2.2864460408974244e-14,1.0496892126722778e-13
STXBP1,-1.2400775492286495,2.2916077928062033e-14,1.0517936624420404e-13
AVPR1A,-1.2254441113758938,2.3081133622594433e-14,1.0591022821580199e-13
FLJ33360,-1.259600827793804,2.32867524257813e-14,1.0682680302583089e-13
GSTM2,-2.4245963250972,2.337897245703225e-14,1.0719582761595922e-13
PABPC4L,-1.167200464066223,2.341541906115176e-14,1.0730888045572645e-13
SLC28A3,-3.1664430327354824,2.4110319965816792e-14,1.1035457740451673e-13
LPAR1,-1.098766800451525,2.4157650594824515e-14,1.1054341723921333e-13
C21orf58,1.24513500564405,2.4676560403412587e-14,1.12832813118141e-13
TLR4,-1.1581427818888734,2.477750497088621e-14,1.1326592741964883e-13
IFI6,2.046501028471086,2.5104449298030156e-14,1.1470288417972964e-13
HIST1H1C,1.936751724570426,2.5156502480457273e-14,1.1491187318739367e-13
PFKFB3,-1.5989073372632632,2.5405728700386297e-14,1.159920941893985e-13
HCG4,-1.8674383795309173,2.54586112949485e-14,1.16204388516035e-13
C7orf31,-1.4186422801956589,2.5556393916086398e-14,1.1656302642308212e-13
GALNT6,1.5714392825787051,2.570335464755598e-14,1.1717459670660192e-13
TM4SF1,-1.2973001254233019,2.5751451445586828e-14,1.1736446436254807e-13
CRAT,1.5772771102470848,2.5972748001152412e-14,1.1834341223153375e-13
ARHGEF16,1.028157757431332,2.661385329827743e-14,1.2114327871681522e-13
SLC19A1,1.0208137463940812,2.7455415595905514e-14,1.2494273252306702e-13
GPR137C,1.1428321961620487,2.7677886542548504e-14,1.2589219608545988e-13
SDK1,-1.4317274049918476,2.7920273065742817e-14,1.2696296043360392e-13
OSCAR,1.161278690580711,2.8103485167675262e-14,1.2776417095584236e-13
RASSF7,1.1327892010535567,2.8131063702781142e-14,1.278576161252747e-13
C9orf4,-1.0068743133074125,2.822312859778019e-14,1.2821203141137827e-13
C21orf63,-1.487840348676782,2.833755485360123e-14,1.286997282934389e-13
KRT19,1.3942721811112495,2.881116132457962e-14,1.3078542882576627e-13
THOC4,1.047694192901039,2.94952784885699e-14,1.338575303733328e-13
C3orf54,-1.0867487771227902,2.9580152183563556e-14,1.3417387812573836e-13
ODZ1,-2.3716,2.993487726902197e-14,1.3568340909561925e-13
CDK2AP2,1.0569463689953569,3.029421785195865e-14,1.372438147235449e-13
CHST7,-1.1935406496927135,3.0323657217148916e-14,1.373430038128295e-13
FLJ42875,-1.573510974539069,3.036618332428306e-14,1.3750140175421008e-13
TIGD3,1.388144964254359,3.102770366913514e-14,1.4032230804702284e-13
LRIG3,-1.1481335131067372,3.1254387946142956e-14,1.4127728427704004e-13
FBXO40,-1.124329762949956,3.1548680942338054e-14,1.425367682286869e-13
KPNA5,-1.073034754797443,3.174110912486022e-14,1.4337057305206713e-13
SERPINA5,-2.9881087921735876,3.3085234264917214e-14,1.493676883244762e-13
TBX4,-1.3835216229775495,3.3219463213676455e-14,1.4993649612659374e-13
APOC2,1.8989601404740988,3.347510974416289e-14,1.510529059675253e-13
IDI1,1.0484548099836957,3.419523782522293e-14,1.5426416707125974e-13
C11orf93,-1.833492248839835,3.469129079174219e-14,1.5646322256741403e-13
SPAG16,-1.4772987708516263,3.7052680434167e-14,1.6694800543147078e-13
ANGPTL4,-2.3022433839207332,3.743016686346761e-14,1.6856539520428027e-13
HIST1H2AG,1.8470848990342408,3.951985010256901e-14,1.7771240894690307e-13
SMAD9,-1.6868168694343417,3.974937393692308e-14,1.786562601910644e-13
ATP1A3,2.1666280571930265,3.984405852372003e-14,1.7903761967595054e-13
HESRG,-1.0941291860027589,4.038278101754484e-14,1.8132406582692865e-13
AMPD1,-2.210934855136085,4.096229834159695e-14,1.8388081793146466e-13
ADAMTSL2,1.4460733099209842,4.104671847778005e-14,1.8416894662337446e-13
HIST1H2BJ,2.1542253982189896,4.103670815511259e-14,1.8416894662337446e-13
C2orf73,-1.2255933274802455,4.161158678573291e-14,1.8661141026378326e-13
THSD4,-1.813375529913456,4.2544223316038963e-14,1.9060607851879332e-13
CACNA2D3,-1.4089488272921105,4.2733532293402544e-14,1.9140710835059216e-13
EPHX2,-1.4877173335005676,4.3499735360106125e-14,1.9474315857353955e-13
RASL10A,-1.765287169196037,4.357025644920975e-14,1.9501091176419108e-13
NCALD,-1.7977917722312746,4.487373219954766e-14,2.003032239402565e-13
PODXL2,1.4861477988210208,4.552620540998705e-14,2.0306628695858718e-13
PDZK1P1,-1.437683594631883,4.558416686365927e-14,2.0327500965683235e-13
LOC162632,-1.8595928383293625,4.577826971639488e-14,2.0404060814092456e-13
HTR7P1,-1.00237490279694,4.6656027942811644e-14,2.078511200790505e-13
SOX12,1.1661567540449038,4.6816750016279723e-14,2.085160999624027e-13
SCNN1G,-2.7794625486015305,4.819691598275834e-14,2.1455819555738566e-13
ARHGAP8,1.2032769221121296,4.865285768550755e-14,2.1642912229943647e-13
IRAK2,-1.235043245955099,4.870096403446511e-14,2.1659019015865343e-13
RAVER2,-1.5072716041640541,4.921469613955676e-14,2.187146273994999e-13
FCHSD1,-1.0112936159538437,5.0426906565100536e-14,2.238831659035427e-13
DCLK1,-1.7702478866173355,5.082656440441114e-14,2.2560252422665107e-13
C17orf93,2.503301730841591,5.2204464474559244e-14,2.3149278120107234e-13
TEKT3,-1.3526182490906802,5.236811714474023e-14,2.321053899161691e-13
OR7A5,-1.4884533049040511,5.32098450639627e-14,2.3577867811570424e-13
ADAM15,1.078607098958983,5.657862559123347e-14,2.502796407380857e-13
VGLL3,-1.3659427944312075,5.698496040112626e-14,2.517100786657853e-13
RAD51L1,-1.1511523266022836,5.69800364774311e-14,2.517100786657853e-13
STAB1,-1.1379190267151635,5.748489192372122e-14,2.538567413118625e-13
C1orf133,-1.0538108114887743,5.776865364376341e-14,2.550479753280197e-13
SOCS3,-1.5040061833688707,5.791744584284189e-14,2.5564288716713166e-13
TRIM17,-2.1425664116392817,5.890013120060323e-14,2.598484481876005e-13
TCAP,2.5225781136335135,5.936930816129482e-14,2.617339589392225e-13
FGF19,-1.2728174338392075,5.939102700398604e-14,2.617663110299172e-13
MSX1,-1.0807197667126553,5.950965823012892e-14,2.6216222380518793e-13
WNT9B,-1.2576614699611186,5.95915619021319e-14,2.6245952124473916e-13
SERP2,-1.6000304904051168,6.036672626182347e-14,2.6574498625005385e-13
C1R,-1.0495838203938312,6.041045489518364e-14,2.6587318918206666e-13
MMP23B,-1.4448271541452415,6.284622989934524e-14,2.765264498085041e-13
UNC5C,-1.8045105355575064,6.392316543232114e-14,2.8119704697064807e-13
PDE8B,-2.3321651574062487,6.414984406497145e-14,2.821260235599602e-13
RRAD,-2.1561614197917978,6.486222633208462e-14,2.8519012220360784e-13
AKAP7,-1.0649162423178238,6.506248385607596e-14,2.8600154398264927e-13
C11orf70,-1.7193640913081647,6.513731394867343e-14,2.862613534060122e-13
ESR2,-1.2115262134704619,6.580759301232385e-14,2.8899773597185307e-13
GRIA3,-1.673237539194782,6.6297258546212e-14,2.9107790576861967e-13
TNNI2,-1.5347983694970515,6.660342687477579e-14,2.9235162271558806e-13
ZIK1,-1.7676703373886875,6.801771780136098e-14,2.983437390694395e-13
CITED4,-1.9850679794305783,6.816838575512758e-14,2.988605794558255e-13
C4orf36,-1.0764747272043143,6.899963364443844e-14,3.0228648164373353e-13
CEACAM6,4.318835131067352,7.035844162435409e-14,3.080170064665987e-13
WNT2B,-1.2142768970274682,7.110922255417867e-14,3.1115412936387367e-13
LPCAT1,1.1349311802332842,7.132906248434108e-14,3.120410777222929e-13
PCDHB12,-1.2133648438479891,7.182871418089749e-14,3.1415138977291615e-13
ANG,-1.1975422801956608,7.263891089527264e-14,3.1761856714548347e-13
FAM195A,1.0102051047284561,7.275119964410584e-14,3.1803316213296316e-13
AP1S3,1.170682515991471,7.619117817785319e-14,3.3283129742535677e-13
P2RY13,-1.5588123040260884,7.745502430387363e-14,3.3818992741746503e-13
ANO1,-1.6069992474601769,8.154653775265862e-14,3.5579856824344315e-13
ZNF727,-2.1018462059450638,8.162623076524654e-14,3.5606093424868985e-13
CALB2,-2.4813199046782906,8.17655282572242e-14,3.565831123301994e-13
ACSBG1,-1.2864783895647798,8.18954357451651e-14,3.570640998489198e-13
SC4MOL,1.1599060328609028,8.258752429674905e-14,3.5990919434372107e-13
MYO9A,-1.143819089426815,8.312815847218338e-14,3.6200523173903213e-13
ARHGAP39,1.0993621472469588,8.343376250732097e-14,3.63249169796882e-13
BTBD8,-1.605059914712153,8.400206238196674e-14,3.6554853969374625e-13
FCGR1B,1.295273309920983,8.420190298838864e-14,3.663306023177912e-13
VGF,2.2875075504828795,8.495256680866548e-14,3.694198694739937e-13
SLC2A10,1.443162799448137,8.49478524153426e-14,3.694198694739937e-13
C4orf38,-1.2686518625360588,8.517399492954462e-14,3.702942989497255e-13
EGFL8,-1.4465030352439472,8.583696257882161e-14,3.7299838382007394e-13
LIMS3,-1.235004151511352,8.637225448779195e-14,3.75055856021297e-13
HLA-J,-1.3543193904427437,8.651135587809964e-14,3.7557028644146145e-13
TDRKH,1.0073771855010687,8.840282564347693e-14,3.834159245147035e-13
ERMP1,1.1013625862285252,9.20138568009337e-14,3.9850778856707023e-13
SASH1,-1.0659832309043011,9.336516170287901e-14,4.0416790451308125e-13
XYLT1,-1.183890229524648,9.340733004259007e-14,4.042543102152323e-13
N4BP3,1.1653239056816744,9.666630473587418e-14,4.1806052390285527e-13
LOC121838,-2.280765207575568,1.0087405000651985e-13,4.3574046802768885e-13
LIF,-1.595299874576697,1.013083806936407e-13,4.374090260356598e-13
PCDHGA11,-1.3716899912203688,1.0294776171743448e-13,4.440659020242796e-13
CTNNA3,-1.2632793553242192,1.0431366447681421e-13,4.4963808535909284e-13
UNC5D,-1.0183046532045656,1.0544605897001558e-13,4.5419654790137094e-13
PPFIA3,1.3894039633763953,1.0716637468839806e-13,4.61497402047057e-13
FAM184A,-2.086869685187506,1.0788571470986204e-13,4.644852565902599e-13
LOC100128288,-1.0412138216480589,1.1200276747280963e-13,4.819825948717621e-13
EMILIN2,-1.1579340649692682,1.1260007045491118e-13,4.843239797946002e-13
ST3GAL6,-1.045046632384297,1.1284272568276187e-13,4.852530440829942e-13
KLKP1,1.419791784773611,1.1333391997239619e-13,4.872501996356939e-13
CD1C,-2.233155186253606,1.1345563031725376e-13,4.876582853990485e-13
CPE,-1.2047973159413026,1.165594567487596e-13,5.004084413202054e-13
CAPN9,2.7344683807851506,1.1680771047847312e-13,5.01355990058865e-13
HTR1D,1.990989389188511,1.18658085613428e-13,5.089380613622124e-13
HIST2H4A,1.6005058572682795,1.1875483736670973e-13,5.092330517282019e-13
HIST1H3C,1.4434425561269284,1.1879669651234867e-13,5.092925733900808e-13
CHTF18,1.1786354320832801,1.2433638719665813e-13,5.326653933021341e-13
NPFF,-1.0573603662360473,1.2477307922723553e-13,5.342847238704701e-13
CPS1,-2.100219277561772,1.2515673159943327e-13,5.356755197047928e-13
CCDC80,-1.4061284460052637,1.280602021106271e-13,5.479736386976364e-13
ZNF391,-1.4574881349554731,1.2885997153654263e-13,5.511367626597004e-13
WLS,-1.5575568292988837,1.3020545943159226e-13,5.567606243911849e-13
SH3RF2,-1.9561633889376626,1.3038813898748864e-13,5.574108252675565e-13
KLK4,2.171896764078766,1.330563186233991e-13,5.682834744020961e-13
C12orf53,-1.7370677787532922,1.3359329979513492e-13,5.704430767466199e-13
ACAN,1.9652277687194277,1.3970341332051084e-13,5.961137441803233e-13
MMP7,-2.213264429951085,1.4020605025589856e-13,5.981182875106917e-13
ELOVL3,-1.8183964003511863,1.4930091412765272e-13,6.358737809699725e-13
GSTA1,-3.6021722563652325,1.5002913837097426e-13,6.38825825910373e-13
FER1L5,-1.8083915213846744,1.5141275150858e-13,6.445664910455289e-13
MRGPRE,-1.1980623980935656,1.5188485088097704e-13,6.464250504059914e-13
FBXO16,1.1617659601153898,1.5615314560468983e-13,6.639700325723357e-13
LOC440173,-1.8336834441239176,1.58594368848337e-13,6.741927361387853e-13
psiTPTE22,-2.4197652452025595,1.6053093396524808e-13,6.822658395912704e-13
RNF212,-1.9884621974162795,1.6398611224838517e-13,6.963002568829846e-13
VEGFA,1.043533726326352,1.6618535667131111e-13,7.054738916716129e-13
COL24A1,1.4617508716919616,1.6696064890969005e-13,7.085998349505917e-13
NEGR1,-1.5410043020193163,1.6836977971462156e-13,7.144137762576356e-13
DFNA5,-1.0042252978803452,1.6877333034897777e-13,7.159592011984251e-13
CHI3L2,-2.4168149630001228,1.7022780460984172e-13,7.217928551858721e-13
CC2D2B,-1.006429612441992,1.7154739941774421e-13,7.268801935756978e-13
ZCCHC5,-1.1827763200802706,1.7378720312760913e-13,7.360280266477127e-13
MYL5,-1.084757468957732,1.7566465702662737e-13,7.436334306641158e-13
LRRC45,1.2444874200426472,1.7789167573162209e-13,7.528858808050958e-13
CASP14,4.319695973911953,1.8531884002648593e-13,7.834089282401586e-13
CGNL1,-1.1955104979305151,1.8561597008090792e-13,7.844828194526972e-13
KIF25,-1.7070715289100717,1.8930650820471009e-13,7.991526829430282e-13
ISL2,2.101825862285213,1.9357374995132682e-13,8.16787892991192e-13
PTGDS,-2.1295251348300503,1.9447895811448335e-13,8.200371727027891e-13
IGFBPL1,1.8960833437852753,1.9558221452415554e-13,8.244981590975458e-13
CNTN6,-1.769421560265898,1.9798693731770896e-13,8.342491249986704e-13
PDZD4,-1.8330701743383928,1.9822864726473993e-13,8.350743036704607e-13
PKP3,1.1398390568167578,1.996506143736907e-13,8.40675487727109e-13
GJC2,-1.2084194782390565,2.0258631801263234e-13,8.528396731692754e-13
PTK7,1.039512868430954,2.057883095955758e-13,8.661189825591367e-13
C1RL,-1.0856402859651304,2.1023057591438693e-13,8.839979610463353e-13
PCYT1B,-2.0675396713909446,2.147515717886525e-13,9.025912863700858e-13
LOC728392,-1.3192541703248466,2.1503228192569056e-13,9.035624718128682e-13
ARHGEF4,-1.5456063087921716,2.1571286377503738e-13,9.062130762282496e-13
NODAL,-1.1561225260253356,2.1691612613401046e-13,9.108475764746004e-13
LOC100270804,-1.0372813244700878,2.193878220674135e-13,9.2101395873919e-13
MUC15,-3.238520682302771,2.3799946425443623e-13,9.97996832025686e-13
SEPX1,1.0259523391446166,2.448611182857086e-13,1.0251165906519673e-12
CHRNA6,1.5836905556252352,2.4595963863634844e-13,1.029242138413207e-12
EPHA7,-2.3671446506960976,2.494685432676357e-13,1.043445747495582e-12
IRF7,1.326555211338265,2.5203040165197123e-13,1.0536769410360203e-12
FAM83A,3.1007688699360347,2.546859407621169e-13,1.0645345992406e-12
PTGER4,-1.2097719553493054,2.5872341771949364e-13,1.081162160869592e-12
WNT2,1.6043133324971794,2.5943944558396386e-13,1.0839054918441345e-12
CPLX1,-1.1910746895773254,2.628889642968761e-13,1.097813217961926e-12
LOC100134259,-1.1579021196538313,2.6433731353730017e-13,1.1033552208941698e-12
C19orf76,-1.3950334629374157,2.693444313135289e-13,1.123482283043118e-12
KDELR3,1.2775714912830818,2.738976818932856e-13,1.1419880746613054e-12
SKA2,1.1373643546971017,2.7448813578174393e-13,1.1441510271662662e-12
SYNGR4,1.8095205067101467,2.7619218566610934e-13,1.1509904660439992e-12
C12orf39,-2.7446902420669756,2.779072821490622e-13,1.1576078391211394e-12
NUDT16P1,-1.660457431330741,2.846796254303399e-13,1.1841917782697618e-12
MID1,-1.7304129813119244,2.8637961298141237e-13,1.1909882706544749e-12
KIAA1324L,-1.5699650319829423,2.8657109950062286e-13,1.1912431432312944e-12
NAT14,1.2439509218612814,2.8672917280328603e-13,1.1916281124516473e-12
KCNA2,-1.4734134955474723,2.8706499958978975e-13,1.1924792760230358e-12
FIBCD1,3.10042029349053,2.8884787798264235e-13,1.199611663910116e-12
CXCR7,-1.3721391571553987,2.9758547898364964e-13,1.2356178088365361e-12
PRDXDD1P,-1.2017483381412264,3.105931066596273e-13,1.2881581956083836e-12
GCAT,1.1612620092813248,3.130216101232579e-13,1.2979344804268027e-12
HBEGF,-1.0815008277938043,3.1347656116342303e-13,1.2995249015845569e-12
MMP3,2.476483557004891,3.1471376605119853e-13,1.3040597959093938e-12
TSKS,-1.160421923993478,3.157509100839414e-13,1.3077619604682562e-12
PRIMA1,-1.7443666499435606,3.166182783317077e-13,1.3107579077716797e-12
ZAK,-1.1951640662235015,3.210698343711867e-13,1.3285824494336692e-12
CA9,4.027868456039132,3.266897356062745e-13,1.3512231895571493e-12
C1orf230,2.2857769095697984,3.2769984707377686e-13,1.3550932113321127e-12
C1orf70,-1.124458710648439,3.2904667677950874e-13,1.3600446542727968e-12
TMEM74,-1.2460984322087048,3.3704784681934513e-13,1.3924834216188242e-12
LEMD1,-1.5459717045026955,3.4974129224220557e-13,1.4432874048254065e-12
EYA1,-2.046427580584472,3.5019303722645675e-13,1.4448240835524007e-12
AGPAT4,-1.0172093314937918,3.613563946609915e-13,1.4891941254276722e-12
PPM1K,-1.2293367490279685,3.6150763703497833e-13,1.4894801984942758e-12
PKP1,-2.75122753041515,3.643892064802317e-13,1.5010130630368087e-12
MT1E,-1.8289605669133335,3.654356399231296e-13,1.5049830211585357e-12
DNAH6,-1.956853794054937,3.676289190640885e-13,1.5136731992136628e-12
NOSTRIN,-1.3059835319202273,3.7713810152349954e-13,1.5517732509114517e-12
OAZ3,1.4774588109870823,3.7725931890034594e-13,1.5519212162583044e-12
LOC654342,-1.2133159789288843,3.818153553202995e-13,1.5695991221534354e-12
CES4,-2.0359598770851624,3.876458436752379e-13,1.5924886690183606e-12
C16orf89,-3.1171903925749396,3.912408961391633e-13,1.6059349885054544e-12
TRIM7,-1.404607901668132,3.911554744600124e-13,1.6059349885054544e-12
IQCD,1.016271980433964,3.9482894498907565e-13,1.6201693610541353e-12
ALPK2,1.5949422049416757,3.9895325469130687e-13,1.6359869554282177e-12
TMEM200B,-1.5178146118148765,4.026098361056543e-13,1.6498664670489024e-12
C19orf51,1.8323048538818512,4.1370979878281806e-13,1.6942091039918195e-12
EGFR,-2.2862174589238684,4.1398787354887214e-13,1.6949665457062797e-12
SPTBN4,-1.433428333124295,4.1887382751856554e-13,1.7145851770452999e-12
SP6,1.6375270663489268,4.2492546320297583e-13,1.7389654241645165e-12
SIX4,1.2759346670011276,4.4036891467533925e-13,1.8009515510750844e-12
CDC42EP3,-1.0543967389941074,4.415781693307619e-13,1.8054913334069764e-12
CPAMD8,-1.8270019942305291,4.447737117041589e-13,1.817740429759947e-12
PDE9A,-1.638515401981686,4.4665412978521715e-13,1.825015740624087e-12
AKR1C2,-3.5385354822526036,4.571623084952553e-13,1.866276183345847e-12
ID1,-1.2076810987081403,4.611561099232223e-13,1.881314358792563e-12
VCAN,1.4671007901668158,4.619559404520425e-13,1.884155049081006e-12
ST7OT1,-1.2800981186504439,4.627147614882664e-13,1.8868272408985022e-12
HCN1,-1.6201342907312184,4.661596216685965e-13,1.9004487330870017e-12
PCDHB6,-1.6851781512605033,4.692265438862444e-13,1.912095540264452e-12
SESN3,-1.5774166436723922,4.775265724963636e-13,1.9450472587047008e-12
TSSK3,-1.0739656340148,4.808693720268914e-13,1.9573491008509627e-12
MSTN,-1.515193553242192,4.849802442206619e-13,1.972758745374013e-12
TMEM20,-1.0012228270412642,4.863623410372341e-13,1.9777561003975762e-12
EPHA6,-1.4185199172206193,5.020662015463709e-13,2.039069849787726e-12
FLG,-1.83086392825787,5.023224469727289e-13,2.039655476744275e-12
SLC6A9,1.2164059701492516,5.046053314824872e-13,2.0484680751506944e-12
PLS3,-1.059401981688195,5.212878698968416e-13,2.112422772870037e-12
FAM134B,-1.2953500940674756,5.322725051889551e-13,2.1559760596249553e-12
SEPP1,-1.5515169697729831,5.377949395988867e-13,2.1778601302599634e-12
CRIP3,-1.0363102219992473,5.412075267437688e-13,2.1911923063427097e-12
OR2W3,-1.256869885864793,5.429116192356153e-13,2.1976028919159226e-12
MGLL,-1.3551383042769327,5.477901889249871e-13,2.2153798731396443e-12
RTN4R,1.1824942054433718,5.488745089967708e-13,2.2192720318232384e-12
FAM5B,-2.2038542330365005,5.495132634196122e-13,2.2213613000282482e-12
C11orf90,-1.0289607675906183,5.515978872508682e-13,2.2287983000283138e-12
HIST1H2AJ,1.0556655838454785,5.520237183789158e-13,2.230023911595962e-12
HHEX,-1.1186679794305778,5.629422081125664e-13,2.2736270277952175e-12
C9orf152,1.608389589865796,5.758400594572215e-13,2.3231419774600627e-12
PSMB3,1.213254170324845,5.779213368161846e-13,2.331021957470642e-12
CD160,-1.0531669635018193,5.857918540202981e-13,2.3607624822746415e-12
RCSD1,-1.139080760065223,6.230480943791227e-13,2.505267166331604e-12
SERINC2,1.3343165433337543,6.367191895025051e-13,2.559107839813226e-12
COL22A1,1.7275872068230282,6.375060533743775e-13,2.561139415046081e-12
TFR2,1.8288881976671258,6.428667436832451e-13,2.580966770018992e-12
ACTL8,3.129504715916217,6.660156712957448e-13,2.6715476563676603e-12
PODN,-1.3779001881349586,6.683102925840303e-13,2.6801613253816046e-12
C9orf169,2.0214936786654962,6.877499735739889e-13,2.7544802571985307e-12
USP2,-1.8466633136836812,6.958904119674801e-13,2.7858573057057485e-12
AKAP3,-1.3602639157155405,7.097474763719901e-13,2.840082064717374e-12
RAB19,1.2962965383168203,7.164765702750798e-13,2.865748848322847e-12
PDGFC,-1.0106315565031956,7.213580683521649e-13,2.8840063514637505e-12
TSPAN12,-1.4412578076006533,7.239663468784507e-13,2.893798729079587e-12
KCTD8,-1.123822212467076,7.314467541421157e-13,2.9217742518430836e-12
PCDHB19P,-1.1420922488398348,7.454959671331695e-13,2.9759348880976063e-12
KCNK3,-2.286589226138214,7.467034255027269e-13,2.979793921986439e-12
CRTAC1,-2.765747623228397,7.509363213236941e-13,2.9950249467693265e-12
HTR7,-1.2762430452778122,7.583035843436243e-13,3.021760101971759e-12
ARHGEF37,-1.1852904302019294,7.71266018202681e-13,3.0727413721478228e-12
BCL11A,-2.1924061457418773,7.901549219439748e-13,3.145929580959355e-12
RNF207,-1.3336004389815637,7.979083639342444e-13,3.1754101330771866e-12
COL13A1,1.6232943057820144,7.998188497937684e-13,3.1823174913215226e-12
KCNS3,1.1359854759814407,8.167127280839428e-13,3.2466961758707163e-12
KRTAP5-1,1.1446889502069477,8.217543872789424e-13,3.266025133545543e-12
OR52N4,-1.0775222124670765,8.228051575903212e-13,3.269487510066932e-12
CLCN4,-1.2567198294243065,8.24624906106978e-13,3.2749637736458437e-12
TAP1,1.2724753417785024,8.26607524008286e-13,3.2817310271587416e-12
SEMA7A,1.1509863037752437,8.396627065175642e-13,3.3321081854674563e-12
HIST1H4D,1.0548888373259753,8.406675131816879e-13,3.335368514046701e-12
STK33,-1.1774781512605044,8.475744610407936e-13,3.3613067351471818e-12
CELF5,-2.024465608930138,8.638800878515577e-13,3.4222435776195657e-12
SYNGR3,1.814990380032611,8.893852345067785e-13,3.5202173132695997e-12
VSIG2,-3.0084161545215102,8.938176266137003e-13,3.5362230509126684e-12
KBTBD11,-1.61244601781011,8.967925342237885e-13,3.5464511189388708e-12
C13orf18,-1.0275388310548097,9.177639601421025e-13,3.6262334201143243e-12
LOC283731,-1.1713457293365117,9.204840426466136e-13,3.6361916294045807e-12
FPR3,1.3752149253731343,9.30095296882082e-13,3.6725650084912226e-12
XKR6,-1.1942403612191141,9.972544492897664e-13,3.927525473912077e-12
LDHD,-1.9206347798821044,9.999389921713005e-13,3.937246263139559e-12
SCARA3,-1.220262122162298,1.0009932930513396e-12,3.9405451802364905e-12
MPP2,-1.709077009908441,1.0205576156105031e-12,4.0140903796365575e-12
FAM20A,-1.0306203562021814,1.0847565123943522e-12,4.261075268691064e-12
C9orf130,-1.0812474476357705,1.086620259445694e-12,4.266554914298958e-12
C20orf103,1.711424332120906,1.0877969670646154e-12,4.269333374617765e-12
MGC72080,1.0666357330992096,1.1068039525290808e-12,4.341123108788377e-12
RDH16,1.9608361720807728,1.1131714122864006e-12,4.3632771786927975e-12
ADRA1D,-1.0384546218487394,1.117427264501768e-12,4.379015822545896e-12
EDN1,-1.7548793804088811,1.14006479085053e-12,4.464844962963037e-12
EAF2,1.3958032986328845,1.1433086132975729e-12,4.476585650216331e-12
ADCY8,-1.249981023454158,1.1768853112721156e-12,4.604092697418078e-12
MAMLD1,-1.2096304778627864,1.187377854276068e-12,4.644142475588154e-12
BIN1,-1.2696793302395601,1.218164457424004e-12,4.761487571073469e-12
OVOL1,1.2616512730465317,1.2230410613688647e-12,4.779522636345522e-12
OAS3,1.2240330364981808,1.227411358057072e-12,4.795571785943954e-12
HTRA4,1.7227348802207447,1.2608042163121063e-12,4.921814100263623e-12
CHML,1.085345265270286,1.2848242461446168e-12,5.008063330314874e-12
SNAP91,-1.2817927630753794,1.3423806156957846e-12,5.22681376417334e-12
HILS1,-1.1547717045026964,1.352362332043985e-12,5.26455336402837e-12
C6orf59,-1.0983200677285838,1.3760006716708016e-12,5.354283930402651e-12
CCL7,2.091883782766838,1.3821373452245243e-12,5.377013484745034e-12
FOLR2,-1.7219029349053043,1.4029823972113184e-12,5.456942003512313e-12
TMEM97,1.3347551360842846,1.4214089239936198e-12,5.526250884975622e-12
MBOAT1,-1.0096451147623213,1.4251734498137796e-12,5.539703674345554e-12
ZNF177,-1.12273881851248,1.468194241698447e-12,5.702056706131178e-12
HIST1H2AD,1.4879432835820894,1.5106627626196192e-12,5.860740466318187e-12
PTPRT,-2.944307726075505,1.5235127139808007e-12,5.908074548911912e-12
ALDOC,-1.8941119026715167,1.5372054818739336e-12,5.95863530378007e-12
ZNF354C,-1.3642193402734222,1.549159265338139e-12,6.001137711630165e-12
GPR135,-1.031818512479619,1.6328684842320655e-12,6.3160019163783026e-12
TRPA1,2.181309670136711,1.6397463945864758e-12,6.33991155918811e-12
TLR5,-1.0102471717045045,1.6860918168286107e-12,6.513567347566044e-12
KCNJ10,1.8837488022074496,1.6896939290595644e-12,6.526097727704488e-12
PTRH2,1.0931156904552868,1.7005212398236014e-12,6.565130037859812e-12
FLJ35390,-1.0818445001881347,1.7437786977382224e-12,6.730704757194416e-12
APLF,-1.0188044399849474,1.7499908383197067e-12,6.753250631743401e-12
LOC100192378,-1.2406472093314944,1.7519067864599556e-12,6.759211367937806e-12
ATRNL1,-2.6763748651699473,1.7549887867155528e-12,6.7696674898459855e-12
C6orf163,-1.0257848614072498,1.7642670016863749e-12,6.8025740800036184e-12
RSAD2,1.50096054182867,1.795094459001979e-12,6.917041582813933e-12
ARPC1B,1.0283835820895533,1.8301342095997077e-12,7.040138000283913e-12
CDH2,2.005165659099461,1.8323389341710617e-12,7.0471298581694134e-12
SYBU,-1.4887644299510878,1.8336656561042453e-12,7.050742699211148e-12
C1orf114,-1.045359952339145,1.84027116851175e-12,7.07464753546344e-12
GGTLC2,2.0392695472218723,1.8469929465605463e-12,7.097490522744696e-12
C11orf92,-2.423507588109869,1.8790130410717924e-12,7.21596506047043e-12
MEST,-1.3708406747773765,1.9001012594741397e-12,7.295410931492884e-12
NFASC,-2.081669697729833,1.9586150030015956e-12,7.515318064847818e-12
ZNF300,-1.485931343283582,1.9933924894038665e-12,7.645538028786047e-12
COL23A1,-1.4614894519001638,2.008929226162887e-12,7.703505098766175e-12
GAL3ST1,-1.6041962373008902,2.015765121808107e-12,7.728090251110567e-12
LGALS7,-1.801874526527028,2.0534409380547126e-12,7.865906017552595e-12
LOC400043,-1.061450896776619,2.0613348496464987e-12,7.892822521690201e-12
FUT1,-1.0823885613947075,2.0808160547771758e-12,7.96239113834537e-12
POU3F3,-1.2740782766838077,2.2054556052323993e-12,8.418097794515698e-12
KLF5,-1.4450383669885891,2.221544780054005e-12,8.475954649197873e-12
SLC26A10,-1.1772399347798812,2.2486414386993537e-12,8.577539838357991e-12
MCTP2,-1.4385665119779256,2.273160939126942e-12,8.665622738204759e-12
GUCA1A,1.1206088172582467,2.2747600434395214e-12,8.669903071760805e-12
TRAF4,1.140829411764706,2.290685069419392e-12,8.725118292245488e-12
OASL,1.7065950708641662,2.392166285716821e-12,9.104035730483649e-12
GPR84,1.2953753417785032,2.4098862159369074e-12,9.167640290219336e-12
PDPR,-1.0805213846732737,2.41426788881641e-12,9.1823899665953e-12
TMEM191A,1.1559611814875215,2.4271187389336776e-12,9.227410694404706e-12
FAM18A,-1.1730008528784652,2.449603766042616e-12,9.307062691144591e-12
ERMN,1.7400662360466583,2.4731070821876826e-12,9.392440687891172e-12
ADAM12,1.41508631631757,2.4885192981534744e-12,9.445061881627958e-12
FADS2,2.3092744387307143,2.5186893682113837e-12,9.553595034288772e-12
PLCE1,-1.526935381913959,2.5338336794045886e-12,9.607034881525041e-12
ST8SIA2,-1.8867103348802212,2.689025930600357e-12,1.0180602956472192e-11
MAGEE2,-1.2073961244199176,2.698783572126998e-12,1.0215420537206851e-11
IL9R,1.409922074501442,2.739767255493059e-12,1.0366240563654159e-11
C6orf204,-1.252724006020319,2.740581855201015e-12,1.0367167811767265e-11
ARHGAP26,-1.0061432961244225,2.7497819300116385e-12,1.0399808949096584e-11
SNCG,-2.3907070864166595,2.7721335614065305e-12,1.0482166019585183e-11
RASGRP4,-1.0189344412391836,2.8482698622940226e-12,1.0763349865754224e-11
ZNF439,-1.2901514611814866,2.8669943870197754e-12,1.0829611709259384e-11
TAS1R3,1.8598095948827291,3.0229454624268502e-12,1.141158777531231e-11
LOC115110,-1.0503275805844723,3.0255256444567415e-12,1.1418959839528522e-11
SULT1C4,-1.871219503323717,3.0282217559167583e-12,1.142676629829037e-11
MGC14436,-1.365074815000627,3.0298214001943666e-12,1.1430432942536382e-11
TSSK4,-1.033281186504452,3.0345374434368997e-12,1.144585269019517e-11
PEG3,-2.240332070738746,3.1135604985409764e-12,1.1739051730518102e-11
CORO2A,1.2584218111125054,3.131296950861444e-12,1.1803478649105584e-11
IGDCC3,-2.4205135331744647,3.142176204226103e-12,1.183958465028519e-11
SCNN1B,-2.201454383544462,3.180814775028471e-12,1.197773507444006e-11
ZFHX4,-1.2995879342781844,3.2421828834570468e-12,1.2198729852742584e-11
ISG20,1.15008379530917,3.2445068054496905e-12,1.2204950894730463e-11
PPAP2C,1.0831999498306804,3.288862737033642e-12,1.2369249669880866e-11
CHDH,-1.3656990969522127,3.319164517524958e-12,1.248063452024516e-11
FABP6,3.0138725824658223,3.444965477704326e-12,1.294297349652257e-11
BEND7,-1.7629293490530547,3.4805469132499927e-12,1.307125963727865e-11
TSPYL3,-1.2098915590116652,3.5011563769984024e-12,1.3145946685334554e-11
GULP1,-1.3663851875078397,3.5808719211605153e-12,1.3428675863876228e-11
FCGR3A,1.2032748902546118,3.59323347840755e-12,1.346944584173242e-11
SLC35B1,1.2818057318449743,3.640899257794942e-12,1.3639697301840158e-11
PTGDR,-1.1679958986579702,3.712400464684033e-12,1.3887551512257184e-11
RYR1,-1.9054114511476241,3.7867699654252645e-12,1.4162846451743596e-11
LALBA,-2.884441740875454,3.792355520194391e-12,1.4180823240365346e-11
ABCC12,3.14584330866675,3.892600015314846e-12,1.4534768836672029e-11
CD248,-1.1552255612692832,3.895378900476359e-12,1.4539180259456869e-11
AMIGO3,1.1368532672770595,3.910479705891243e-12,1.458955976354546e-11
LRMP,-1.42900142982566,3.9186581287791446e-12,1.4617076622575157e-11
FST,-1.3946329236172073,3.953679676142108e-12,1.4741669632284882e-11
SEMA3B,-1.907496463062838,4.0111999855643975e-12,1.4950015015812598e-11
MAPT,-2.0122661984196686,4.1042165094892674e-12,1.5284176170669628e-11
TIMP3,-1.1488128935156183,4.129424229546282e-12,1.537490473520781e-11
CORIN,1.9026445127304656,4.370805886461857e-12,1.625036347043815e-11
SPAG4,1.6172569170951965,4.3842614791942506e-12,1.6290408594768922e-11
PLB1,-1.36059044274426,4.4471527172025925e-12,1.652071855331404e-11
PPARGC1A,-1.9284516744011029,4.477375783134944e-12,1.66296003632739e-11
SIDT1,1.1725149755424553,4.485479051571575e-12,1.6652901320774502e-11
ADAMTS7,1.1772941051047292,4.508175171508723e-12,1.6733750539758013e-11
HSD17B3,-1.036520205694218,4.560234270712791e-12,1.691663835944262e-11
PPP1R1A,-2.5912065345541215,4.669893400181428e-12,1.7319900074063272e-11
C5orf27,-1.9673682302771849,4.72560268631785e-12,1.7515810567917703e-11
C1orf106,1.782137915464694,4.912187268142044e-12,1.819258287731223e-11
B4GALNT2,3.4536925122287725,4.926512188008481e-12,1.8238214634598005e-11
GRIN2D,1.5523997491533938,5.024213243558157e-12,1.858856781961161e-11
NEFM,-1.2997707011162678,5.036126886453758e-12,1.862885952329156e-11
FBN2,2.284939458171329,5.112154478048315e-12,1.889856782370298e-11
NOL4,-1.401492951210335,5.1503399061446615e-12,1.902813828121601e-11
NFATC2,-1.6475064342154768,5.149665678254813e-12,1.902813828121601e-11
SCML1,-1.2618080020067701,5.15933826104347e-12,1.9057515090457444e-11
MRPL12,1.0640951962874663,5.176841686491878e-12,1.911828955553087e-11
ADRB3,-1.1311046532045657,5.2721490781972936e-12,1.9466314334771875e-11
LOXHD1,-1.016417647058823,5.352475360326453e-12,1.9758894541476865e-11
GLT8D2,-1.0143623353819127,5.399571725535975e-12,1.9928711297634094e-11
FAM47E,-1.3140356202182364,5.468680127523981e-12,2.017559472260215e-11
PHEX,1.6368278063464188,5.5298219719221125e-12,2.0397031277588292e-11
C19orf23,1.0675554496425437,5.5780530362586816e-12,2.05707656845658e-11
GJA1,-1.0454772983820373,5.5986459487599576e-12,2.0642526272083757e-11
LOC154822,-1.6841179606170815,5.6931707580087555e-12,2.0969807225421566e-11
ZNF577,-1.024309243697478,5.7079161185188125e-12,2.1019865892251252e-11
HIST1H4E,1.4136962122162298,5.872902736486931e-12,2.160995522786974e-11
MAGEB4,-1.20168935156152,5.943456508970859e-12,2.1856310875312435e-11
ASPG,-1.2615801580333632,5.982904116163262e-12,2.1996930645631157e-11
ABCA13,-2.4513498432208705,5.995398794831878e-12,2.2038417662020332e-11
KBTBD12,-2.029070763827919,6.0605691940305374e-12,2.226448860523469e-11
NDP,-2.466061281826165,6.1419694234562075e-12,2.254987281467796e-11
CXCR2P1,2.266081713282329,6.2471426920166145e-12,2.2912903167998877e-11
LOC399815,1.4403330992098335,6.2750665270006674e-12,2.3010684123890644e-11
AFF3,-2.588228922613819,6.387883155887726e-12,2.3405522763008105e-11
GLS2,-1.4578023077887865,6.432405322748157e-12,2.354969309935332e-11
STOX1,-1.5294356954722206,6.489610994619716e-12,2.37400299306798e-11
CCDC129,-2.4889348300514236,6.608711228087008e-12,2.416600451684769e-11
HPGDS,-1.3209749027969409,6.6420167302162835e-12,2.4282914348288214e-11
SEC14L5,-1.574850144236799,6.9006403955727555e-12,2.5187960120435304e-11
ITPKA,1.6449954847610686,7.153561480846094e-12,2.6084991914231062e-11
COL1A2,1.4305551235419536,7.1931843112796775e-12,2.6224220712642494e-11
C11orf63,-1.3638799949830682,7.287065558479852e-12,2.6539906834935725e-11
MCCD1,-1.2086776370249592,7.455653952453852e-12,2.7148483475998694e-11
SEC14L2,-1.4876741126301258,7.547017869080224e-12,2.7459197735532148e-11
CIB3,1.4418916969772984,7.55654022913181e-12,2.7488349678434523e-11
KLK13,-2.077270801454911,7.568000781282459e-12,2.7524539105231687e-11
PNMAL1,-1.6843584096325097,7.622319713413012e-12,2.7716557279915507e-11
SPTB,-1.068483531920232,7.644039081367709e-12,2.7789982703841906e-11
ZYG11A,1.637041816129436,7.727972097005656e-12,2.8083904188818916e-11
LOC339674,1.3494757055060833,7.726696136172482e-12,2.8083904188818916e-11
CYP2A7,-1.792522099586103,7.903949374319926e-12,2.870622315657335e-11
ZSCAN18,-1.2384659977423826,8.016595834488197e-12,2.9109534006620514e-11
FAM166B,-1.987535131067352,8.097732574775926e-12,2.938656819351001e-11
PARD3B,-1.2876146118148748,8.096485054800005e-12,2.938656819351001e-11
FOXD4L1,1.0038810109118268,8.104149976232457e-12,2.9403994821080215e-11
SLC25A10,1.0257746143233408,8.436204042009745e-12,3.057221225894951e-11
CST2,1.9547183870563154,8.49284721857503e-12,3.075911220050165e-11
ADRA1B,-1.3307602031857537,8.857309917536464e-12,3.2047229661879597e-11
LOC151009,-1.0975768343158157,8.927610412682587e-12,3.2288752700588345e-11
RXRG,-1.960152276432961,8.930185181419981e-12,3.229164895855938e-11
ALK,-1.2459494669509592,8.974118550998024e-12,3.244406752409475e-11
LRRC26,2.0532815878590247,9.151445874321157e-12,3.305889447316293e-11
SLC34A2,-3.6385304151511377,9.180077801552116e-12,3.315574528207405e-11
COL12A1,1.4035941301893917,9.273981475725466e-12,3.347497219960949e-11
NKX2-2,3.162579104477611,9.308247687288143e-12,3.359199695711857e-11
LYPD6,-2.342086115640286,9.43763178062011e-12,3.404542435644627e-11
DKK4,-1.253389614950458,9.514345066514078e-12,3.4315360262681945e-11
ABCD1,1.134834428696852,9.548511558511944e-12,3.443176622416658e-11
CTSF,-1.1270393829173475,9.843956969288852e-12,3.5462012410838106e-11
KCNE1L,-1.5521023203311175,9.939961346549982e-12,3.579369265900086e-11
SLC1A4,1.0932453279819345,1.0208262256920244e-11,3.673077641089528e-11
LOC285593,-1.3508416907061331,1.0649268619519184e-11,3.82570824316376e-11
ULBP2,1.8898884986830553,1.0755808373682881e-11,3.863219807145806e-11
VGLL1,-2.776763627241941,1.0778322905696528e-11,3.8705427471373827e-11
PROK1,-1.6840774865169945,1.081455430155154e-11,3.882787612448574e-11
MYOZ2,-1.448371591621724,1.0883595940890157e-11,3.90680530293874e-11
GGT1,1.9900075630252072,1.1085609332395252e-11,3.97618417098701e-11
ICOS,1.724238969020444,1.1110185523675037e-11,3.98421408761735e-11
C9orf122,-2.0034798695597646,1.1181422646927065e-11,4.008181103623738e-11
GFRA1,-3.292971717045022,1.1309148939465056e-11,4.05077603591268e-11
EDN2,1.7584292361720815,1.1326785921452245e-11,4.055497327462534e-11
CLIC6,-1.8814156152013064,1.1358920623877626e-11,4.065403698711058e-11
FNDC1,1.8649146118148767,1.1541568531757212e-11,4.1299620991463835e-11
NLGN3,-1.0879106735231394,1.160903489816932e-11,4.15328738701604e-11
TMEM139,-2.2413778627869068,1.1672961062385807e-11,4.175337202173489e-11
NPTX1,-1.798809080647183,1.1911503267605319e-11,4.2573158056198633e-11
RASGRP2,-1.5329373761444884,1.203104512382315e-11,4.294981651087523e-11
GUCY1B2,1.7412033989715285,1.2099939887462879e-11,4.3187295249311136e-11
KCNS1,-2.39895879844475,1.2222836260165578e-11,4.360883740568288e-11
RAB9B,-1.2714945817132826,1.239580296577894e-11,4.4217284222236734e-11
HIST1H2AE,2.174634503950836,1.2436326159031004e-11,4.435314362712409e-11
B3GNT4,1.4825337639533425,1.2560629807748603e-11,4.478768744181152e-11
LPPR4,-1.0376070487896651,1.2577223888884132e-11,4.482929438992713e-11
AIFM2,-1.241571955349304,1.2839447394282796e-11,4.57121795609161e-11
PLCL1,-1.1180794682051944,1.2839991984561006e-11,4.57121795609161e-11
CYP2E1,-1.3666991722061943,1.2860605869724004e-11,4.577661490938327e-11
MIA2,-1.4734551235419542,1.2949652813543321e-11,4.607555319877425e-11
DHRS3,-1.0007811237928017,1.2999822823168557e-11,4.624502146768365e-11
QRFPR,-1.336961369622476,1.3501361044693497e-11,4.795420001884014e-11
CLDN18,-1.0185321585350562,1.3740616318063018e-11,4.877543659081535e-11
FBLN1,-1.0161014549103218,1.3827843087424856e-11,4.907549770333294e-11
TMPRSS4,3.1029931268029607,1.3955820031480195e-11,4.949109527236197e-11
HIST1H2AL,1.2263019064342155,1.3963511912350116e-11,4.9508727569246033e-11
SERPINA3,-2.622036134453783,1.4410677236646187e-11,5.103454430713435e-11
OTOR,1.9137751912705387,1.4629879907985195e-11,5.1800759378536185e-11
DPP4,-1.3764151887620715,1.479179454370003e-11,5.23536916350324e-11
COX4I2,-1.2883192775617722,1.486256904815261e-11,5.259396274951826e-11
PAX7,3.7499346920857892,1.504111507351854e-11,5.3194757661406256e-11
HIST3H2BB,1.4527109243697482,1.5038873045737355e-11,5.3194757661406256e-11
NEU4,2.53198177599398,1.617659781358124e-11,5.706639728694173e-11
GOLGA8C,-1.1771401605418284,1.637403542230226e-11,5.775170834957722e-11
PEX5L,-1.1675540825285338,1.648064029690031e-11,5.811644620776372e-11
SUSD2,1.958192662736737,1.7362001193515195e-11,6.108243288085758e-11
THY1,1.025437238178851,1.7935396431478513e-11,6.302664502745239e-11
GSDMC,2.221557468957732,1.8330257593432968e-11,6.436452140687892e-11
CLEC10A,-2.3102028345666614,1.8701341543584905e-11,6.565487369679384e-11
WNK4,-2.495093628496174,1.8710733915436082e-11,6.567518115362187e-11
HNF4G,-1.8584090806471854,1.9008819889387423e-11,6.665720447823527e-11
MARVELD3,1.0809876708892512,1.906461317832853e-11,6.683997567124696e-11
P2RX6,-1.728576733977173,1.911857829548471e-11,6.700336555885794e-11
RAB11FIP4,1.1147718299260028,1.9406754547898683e-11,6.792177524233796e-11
GAB2,-1.3028158033362622,1.9511198555726695e-11,6.824795298037914e-11
BOK,-1.004172018060956,1.96837518301014e-11,6.883829674607796e-11
LOC92659,1.191252251348299,1.9709645231199615e-11,6.891561124539504e-11
DGKI,-1.2001347924244326,2.033565534715452e-11,7.104989141732316e-11
TGM1,-1.3824851247961871,2.035780550911895e-11,7.11136314877168e-11
HIST1H1E,1.178544512730465,2.036405942665327e-11,7.11218291909765e-11
LILRB4,1.260851586604792,2.1422963635781575e-11,7.473403738254734e-11
GPR115,2.364833212090806,2.164564534100087e-11,7.549639435566944e-11
GLIS1,-1.117990304778627,2.2108052057653146e-11,7.702064528334166e-11
ZFP37,-1.0827033488022062,2.268555519355059e-11,7.897210961717372e-11
CSMD1,-2.2257339897152897,2.3371340733785398e-11,8.131278963629504e-11
LBX2,1.7114861030979553,2.4525586876456924e-11,8.523086252618278e-11
MSR1,1.2225844349680202,2.492219539257337e-11,8.659261743290952e-11
MRPL27,1.1089966386554657,2.49368626109404e-11,8.66270439135397e-11
FOXI2,-1.407719365358083,2.526165040556861e-11,8.772182799171412e-11
C3orf58,-1.0735765082152255,2.531104554176072e-11,8.787659011952515e-11
BCL8,-1.1936654709645051,2.5406682074311234e-11,8.819180659776647e-11
BPI,-1.9048244324595514,2.5440431043821565e-11,8.829211940718475e-11
C19orf21,2.4060094318324357,2.547231211123039e-11,8.83859125735278e-11
ZNF835,-1.5117733977172958,2.555151867466856e-11,8.864385257003846e-11
EIF4EBP1,1.2234387558008297,2.5693353844550802e-11,8.91019470436956e-11
DPEP1,1.809243446632383,2.5952274767901453e-11,8.994844965729439e-11
PLEKHB1,-1.812273937037503,2.636276685416125e-11,9.13363998946131e-11
GABRE,-2.4766862912329106,2.6391540858514682e-11,9.141869043721081e-11
DUOX2,-1.6625430076508216,2.6428064144927032e-11,9.151037695075266e-11
SPINK5,-2.313363414022326,2.665439000722232e-11,9.222388544030944e-11
GPR87,-2.223862924871442,2.6681298278469476e-11,9.229944366457238e-11
BHMT,-1.0546022701617965,2.730478403695255e-11,9.438453927547423e-11
TAS1R1,-1.220675028220244,2.801298661885398e-11,9.675908831555958e-11
LRRC4C,-1.5818393076633654,2.8037250460481905e-11,9.682452478318197e-11
NOG,-1.080387507838956,2.8095620445646305e-11,9.698930001367336e-11
SRD5A1,1.2773503950834053,2.9755457473222174e-11,1.0256364180743481e-10
C12orf69,-1.239084372256366,3.0139704924256244e-11,1.0382911596068063e-10
EFNA5,-1.3656861783519378,3.021433344004283e-11,1.0406651118431403e-10
PROM2,1.1965629123291066,3.043068150646461e-11,1.0475221169859595e-10
RELL2,1.1319746644926632,3.068486665391142e-11,1.0558726421571827e-10
STBD1,-1.056651962874703,3.078922714231128e-11,1.0592634694225896e-10
TMEM49,1.0110731719553492,3.0827361181854016e-11,1.0603750105693284e-10
DNAJA4,1.007833550733725,3.097820155000401e-11,1.0653621817772964e-10
MEX3A,1.7747667377398724,3.108042752804938e-11,1.0684740742078996e-10
S100A14,2.323298269158407,3.117306208011963e-11,1.0714562859600031e-10
PNMT,3.398290091559012,3.130898144273897e-11,1.0757217614235136e-10
GNG13,1.8858607299636276,3.262034531334419e-11,1.1195100786930699e-10
CHAD,-2.4868489401730836,3.373490387964289e-11,1.1573246425200519e-10
GLT1D1,-1.0955691834942929,3.391310942692631e-11,1.1629998698160131e-10
KANK4,-1.6655093942054418,3.57579317510451e-11,1.224189640143453e-10
PCSK6,-1.7728623353819142,3.6856120814145376e-11,1.2610751262779855e-10
WNT5B,-1.1189445754421197,3.7271913388819236e-11,1.2750622804297622e-10
TWIST1,-1.1273262761821146,3.767210327862742e-11,1.2880264762976237e-10
LRTM2,2.0771996989840718,3.883108600673222e-11,1.3259093201660976e-10
TNFRSF11A,-1.3229751536435455,3.9415448376694407e-11,1.3453579726251045e-10
ZNF192,-1.1158839458171332,3.987252048143382e-11,1.3601501053055384e-10
GBX2,1.4551984572933652,4.136743784221127e-11,1.4096058986180678e-10
NME5,-2.233244512730464,4.167104212481644e-11,1.41941987237656e-10
CTGF,-1.199137626991094,4.172282736855806e-11,1.4206521260566075e-10
HOXB9,1.9104753919478243,4.183044322046197e-11,1.424050042906432e-10
XKRX,1.215028922613823,4.226867608507728e-11,1.43843094181466e-10
ABCC11,2.8163124921610425,4.2632740130059376e-11,1.4502780201597288e-10
MMP15,1.0373116894519026,4.2790660102117826e-11,1.4553781499231144e-10
NR2E3,-1.0100443496801708,4.317164444471065e-11,1.468061729548044e-10
CDCP1,1.05310599523391,4.429907928581281e-11,1.5052756024634135e-10
TIGIT,1.822036197165434,4.4476107953535695e-11,1.5110089456480222e-10
KCNIP3,-1.2876491910196899,4.499846154765869e-11,1.52732984440058e-10
ANXA3,-1.464004214223003,4.529937633521991e-11,1.5369702654799777e-10
CCDC87,1.369677122789414,4.543174722806448e-11,1.541086838464629e-10
TPPP3,-1.3704286968518726,4.5437636994120006e-11,1.541086838464629e-10
CDKL1,-1.002910949454408,4.602772387189565e-11,1.5605190121812564e-10
RET,2.1913653455412003,4.654660799107478e-11,1.577523562207288e-10
S100A16,1.2440500564404875,4.6829278229786e-11,1.586512844996826e-10
AG2,-1.258602420669761,4.738735969915009e-11,1.604822527634659e-10
NLGN4X,-2.0501958735733083,4.755506292882296e-11,1.6100655487353396e-10
DOCK11,-1.2382644926627382,4.900751661876792e-11,1.658148373627198e-10
C21orf15,-2.1380273673648564,4.956025965369873e-11,1.675915672443392e-10
ZFP28,-1.0017131067352327,4.9773880904880715e-11,1.682514306613823e-10
PRG4,-2.8610603536937163,4.977017411457791e-11,1.682514306613823e-10
FFAR2,1.7213228395835953,4.995390029919256e-11,1.6882860140107727e-10
EGOT,-1.8030091433588353,5.0038277857628016e-11,1.6908237828891828e-10
FUT3,2.411018612818263,5.147866085040117e-11,1.7385270194060344e-10
PCDH8,-1.2911360466574688,5.1670595147183156e-11,1.7437149489510104e-10
GLI3,-1.0507466072996383,5.2815453764224494e-11,1.7813594679825428e-10
LOC100133669,-1.3478422676533297,5.579731389385223e-11,1.879146169860855e-10
VSTM2L,2.4579330615828425,5.595243687684059e-11,1.88402184326513e-10
XIST,-1.1412151636774102,5.777749048083945e-11,1.9436770638009989e-10
FCRL4,1.3149452276432962,5.876887455358766e-11,1.9742864939644975e-10
CACNA1E,1.0607714661984196,5.891722423788736e-11,1.9787273667938444e-10
TRPV4,-1.0536870813997243,5.959810531957993e-11,1.9993813327171274e-10
IVL,2.360900062711652,5.959426602448179e-11,1.9993813327171274e-10
SCUBE1,-2.0090111250470346,5.963175951955325e-11,2.0001417330650964e-10
PAX1,1.743454383544462,6.021131221921603e-11,2.0184650392751184e-10
HOXD10,-1.4576442744261868,6.024588371240181e-11,2.019252110507918e-10
COL3A1,1.4118582465822218,6.028849972256523e-11,2.020308469163945e-10
GPR68,1.0692148626614815,6.0852823986175e-11,2.0373440408687577e-10
MT1A,-2.2450655336761582,6.204695248377252e-11,2.0757961331779292e-10
HSPA4L,-1.8685949705255238,6.255033520656821e-11,2.0914837468133009e-10
GRHL2,1.0490889125799558,6.290557109039785e-11,2.1022032505204923e-10
TKTL1,-1.1120856390317324,6.493709627887417e-11,2.1669110239493064e-10
C14orf50,-1.666540837827669,6.558396551344706e-11,2.1868930651058377e-10
CCDC146,-1.0541400100338656,6.89201891484952e-11,2.2968769737642952e-10
ACR,-1.2300808729461943,6.934052948268431e-11,2.3100396379452825e-10
TEX11,1.30786494418663,6.970284971601894e-11,2.3208358759478556e-10
LAG3,1.6257504452527272,7.057851798902165e-11,2.348274105198613e-10
TCN1,-3.5156843095447146,7.059365995133821e-11,2.3483486697628096e-10
SIGLEC7,1.1010836949705247,7.082705913654412e-11,2.355252023132102e-10
MCOLN3,-1.7750935908691847,7.153852015424523e-11,2.378476132178495e-10
SARM1,-1.2489971654333392,7.19549667296186e-11,2.391885060955529e-10
GPR39,1.1720242944939177,7.366460384287852e-11,2.4469284375034994e-10
PCDHGA7,-1.4631373886868184,7.37383283553953e-11,2.4484837487290415e-10
SLC8A3,-1.1603055813370127,7.469798322621702e-11,2.4789925044062506e-10
CCDC144A,-1.559003775241441,7.80422555340737e-11,2.588091050258232e-10
AP3B2,-2.110276520757557,7.80743288124499e-11,2.5886830735392085e-10
HSD11B1,-1.9055475479744128,8.05000816737925e-11,2.6657140016518913e-10
ALAS2,-1.2571954345917469,8.405730675526885e-11,2.7789582195538386e-10
CFP,-1.588604577950584,8.496852708190285e-11,2.807555088894314e-10
STAC3,1.029774062460806,8.502640232398773e-11,2.808957534489199e-10
FAM3D,-2.779436749027969,8.598500612415685e-11,2.8395955487627493e-10
DPYS,-1.2271201053555745,8.952247848573054e-11,2.9505299219187995e-10
CDK6,-1.0726099711526391,9.332227817399155e-11,3.067988856061348e-10
OIT3,1.4246810234541574,9.383953575214756e-11,3.083879886796068e-10
PLAG1,-1.2731292612567415,9.479644335634908e-11,3.113640668378965e-10
S100A7,4.716117408754545,9.535598969538333e-11,3.1308893947061013e-10
AJAP1,-1.2073196663740116,9.720660370466979e-11,3.1887760087152716e-10
NRTN,-1.393203975918726,9.950112236692876e-11,3.2605201268140494e-10
DHRS13,1.1487819515866047,1.0097111232115765e-10,3.306308972084966e-10
TNS4,-2.1558602031857497,1.0138610003851384e-10,3.318107117945105e-10
CSPG5,1.3010512981311928,1.0264406760076893e-10,3.3574662399583056e-10
ARMCX2,-1.0031616580960723,1.062819411994123e-10,3.472716165235868e-10
KRT2,1.5452381035996487,1.0734000319234913e-10,3.505400211895105e-10
SEC16B,-1.108591333249719,1.090458984684857e-10,3.559832298819665e-10
DUSP6,-1.1432223253480487,1.0908480498814296e-10,3.5604638787863837e-10
CYP7B1,-1.210998394581713,1.1134972676241146e-10,3.631784763046364e-10
C1orf150,-1.286614524018563,1.141278735772691e-10,3.7183992889332905e-10
IL6R,-1.1194803461683174,1.1598063482140701e-10,3.7760606253873577e-10
DSCAM,-1.1971918600275926,1.177902706954203e-10,3.833606825440257e-10
MPO,-1.2367087796312548,1.1846677354968486e-10,3.853557324740732e-10
TCTEX1D2,1.0045436849366611,1.2063084351933532e-10,3.9204485709381555e-10
ADARB2,-1.2670320080270923,1.2129726110952758e-10,3.9399965095944517e-10
GAS2L3,1.1853194656967263,1.263762562100247e-10,4.0991215106754797e-10
PADI1,1.597443095447134,1.2647795723706217e-10,4.101689391744598e-10
ONECUT2,2.9209053430327363,1.2908291206520443e-10,4.1824425922444223e-10
BEX1,-2.2637660729963627,1.298104695567849e-10,4.205267800929268e-10
KIF26A,-1.1874698106108115,1.306105664990658e-10,4.228929459236028e-10
IQUB,-1.3905322337890378,1.347996864873926e-10,4.361771450309916e-10
FAM171B,-1.194476922112127,1.3488237598905878e-10,4.363362164792673e-10
C11orf53,-1.5662649567289602,1.3932360312384048e-10,4.5030318672998374e-10
ZNF676,-2.061827894142732,1.4025717780077164e-10,4.530030761481722e-10
KLK3,-2.20211373385175,1.4025849240076352e-10,4.530030761481722e-10
OAS1,1.247728659224883,1.453481491927455e-10,4.689422828350845e-10
GGTLC1,1.4751650821522635,1.4668243859450745e-10,4.731632872117348e-10
PCDHB16,-1.2901936535808343,1.4681789464601922e-10,4.734324422039837e-10
ADAMTS10,-1.0113022701617984,1.4842395158792953e-10,4.781878213725807e-10
P2RY2,1.1036881474978042,1.507190349303886e-10,4.851527131455108e-10
C15orf28,-1.0597318700614573,1.5273508161992462e-10,4.913815289373432e-10
COX6B2,-1.5541659601153897,1.5304679122729586e-10,4.922973565489427e-10
LDLRAD1,1.8350099711526406,1.556963743153509e-10,5.006431905427191e-10
PTPN13,-1.012783168192648,1.59164830106664e-10,5.114346694495331e-10
RASD1,-1.6946252853380148,1.5983515043159187e-10,5.134979250452289e-10
MAGED4B,-1.2614412642669022,1.6079638684044192e-10,5.164037808144962e-10
PVRL4,1.1107907939295103,1.656862814819817e-10,5.313578896787372e-10
SYPL2,-1.0023467201806109,1.6575851254390692e-10,5.314958963954091e-10
INS-IGF2,-1.186918826037878,1.6602419544456826e-10,5.322540383369982e-10
OAS2,1.3662390944437472,1.6941503754673748e-10,5.424559240920427e-10
LILRA1,-1.0861511977925504,1.7781311102314012e-10,5.685459441338871e-10
NETO1,1.7532438856139472,1.800285182161225e-10,5.754274130093201e-10
LPPR3,-2.249249404239308,1.8102751884404946e-10,5.78417399599479e-10
ZNF578,-1.1256098081023467,1.8224197416746778e-10,5.821956222833304e-10
CDK12,1.2896395710522963,1.8374660209288936e-10,5.867963855959412e-10
S100A7A,4.024950068982816,1.8419714735642983e-10,5.881041325206681e-10
BHLHE22,-1.1692431957857767,1.8422071986116845e-10,5.881041325206681e-10
FAM23A,-1.0951534679543462,1.8599023668799515e-10,5.935449295988036e-10
C17orf96,1.5195254358459822,1.8712990472359795e-10,5.970772402600619e-10
RGS4,1.4276024206697615,1.873082884928292e-10,5.975416711242499e-10
BARX2,-1.7965255738116142,1.8818081606538312e-10,6.000097030720212e-10
ADORA2A,1.181552753041517,1.8960584008582796e-10,6.042358380746369e-10
MYO15A,-1.05821822400602,1.9191515803406677e-10,6.113811028516131e-10
ERVFRDE1,-1.6126772482127183,1.9344062790794403e-10,6.158096799245025e-10
FGF14,-1.153328634140224,1.9381212380755468e-10,6.16884436032334e-10
ETV1,-1.010852527279571,1.939676835579146e-10,6.172716335322936e-10
GPR97,-1.4809606045403223,1.9514559540180282e-10,6.20911601660377e-10
ZFPM2,-1.1094312805719335,1.959149271684247e-10,6.232505101794539e-10
OLFM1,-1.4087766336385315,2.028474637431207e-10,6.444035571581197e-10
C3orf36,1.2389301517621973,2.0663419731457924e-10,6.560547074923931e-10
C6orf126,1.777807726075505,2.140978345524769e-10,6.791953437362734e-10
GGH,1.234725987708516,2.1661237321860482e-10,6.869329320031818e-10
TNNC1,-1.1295046406622358,2.189727131808221e-10,6.942972126860312e-10
CDH8,-1.357473849241189,2.213068357827683e-10,7.014536534483251e-10
CDKN2C,-1.0303912579957348,2.3089323699179446e-10,7.310748987583292e-10
HPSE,1.046439959864541,2.310975913410169e-10,7.315946878574836e-10
MAGEC1,2.5177894268155026,2.330416086880976e-10,7.373642278723171e-10
IL20RA,-1.6509907061331992,2.3471225752617973e-10,7.423922195914943e-10
C6orf124,-1.075043760190645,2.365039747064862e-10,7.479294391212941e-10
ZC4H2,-1.2984655838454788,2.402850648999805e-10,7.592273973918323e-10
PCDHGB3,-1.2322505455913704,2.4130106882054503e-10,7.623053376848978e-10
MACROD2,-1.2750403612191121,2.4523664471543117e-10,7.742009441129022e-10
C17orf107,-1.3166328609055533,2.481834796015806e-10,7.829608109510524e-10
VWDE,-2.4056305531167683,2.4815611153645685e-10,7.829608109510524e-10
LRRN1,-1.9642914085036978,2.4883460727382117e-10,7.848789388676775e-10
PKDREJ,-1.0402205694217992,2.510905560892826e-10,7.917203174247724e-10
BAI1,-1.6957717421296872,2.511567709131862e-10,7.917919468189692e-10
HES2,1.7005570174338391,2.5123792296159827e-10,7.919106340554067e-10
C4orf32,-1.0970002884736019,2.545763278180851e-10,8.021555989739663e-10
ANO3,-2.4458602784397345,2.586147956686218e-10,8.145985681875622e-10
CHST1,1.788760968267904,2.616297767994537e-10,8.235253029708552e-10
PRR7,1.3085596638655463,2.6302964889268347e-10,8.272164303375116e-10
BICC1,-1.2652370124169066,2.640557399426059e-10,8.301565862133428e-10
ITGA2,-1.260745102219989,2.6563424750723244e-10,8.349749969563378e-10
RRAGD,-1.0815473472971284,2.7273749348505003e-10,8.562677809431468e-10
C14orf184,1.3192873824156528,2.7973640936267765e-10,8.773331942847728e-10
PCDHGA5,-1.6106492286466816,2.805856746992225e-10,8.798451398018858e-10
PLA2G4F,1.5852659852000501,2.869030721434656e-10,8.988806578704827e-10
SPTBN5,-1.4157165057067598,2.8772638168208915e-10,9.011499184031432e-10
UNC13A,1.5116085664116392,2.989196383972578e-10,9.352413505921767e-10
COL16A1,-1.0326920105355573,3.0028806685709163e-10,9.390238442046179e-10
S100A1,-2.551773410259627,3.063904422435243e-10,9.571349270909342e-10
SPAG6,-2.026671679418036,3.101438179878858e-10,9.68527692371502e-10
LOC100272228,-1.00568246582215,3.109983430276698e-10,9.710296463349354e-10
ATP2B2,-1.674487658346921,3.1567426793236895e-10,9.84953496601459e-10
VWA5A,-1.1470743634767313,3.2171231108631187e-10,1.0032772312325057e-09
ZNF699,-1.0815172331619216,3.288509725256514e-10,1.02466180295865e-09
PLEKHF1,-1.0126750407625735,3.4048577840447644e-10,1.0605514415292068e-09
PLA2G5,-1.2356498683055297,3.4877337881952857e-10,1.0852515922481843e-09
PLA2G16,-1.4661455161168906,3.5349957752759345e-10,1.0993939534827924e-09
DNASE1L2,1.0578650445252724,3.5588528536677983e-10,1.1064354994929962e-09
TMEM151A,1.6391538316819263,3.563782022122985e-10,1.1077787593699573e-09
FRMPD1,-1.6387604038630372,3.6248750634399014e-10,1.1263844448582542e-09
NLRP8,-1.115602357958109,3.6312133955202613e-10,1.128161417283757e-09
SPAG8,-1.3266507964379781,3.6712503673049287e-10,1.1394334260196355e-09
CLCN1,-1.2297853254734716,3.837383785680247e-10,1.1895759034526147e-09
UNC5A,1.888812617584347,3.848261962148883e-10,1.1925419219781428e-09
OSBP2,1.007614850119154,3.8616654790921395e-10,1.1964918589942845e-09
SIGLEC11,-1.116229323968394,3.912831211881406e-10,1.2117262087423823e-09
HIST1H4J,1.4234149128308036,3.9385927106500184e-10,1.219496565945948e-09
EPHX3,-1.0164158785902417,3.971903680222881e-10,1.2293923259836269e-09
FAM19A2,-1.282081700739996,4.0365809280733313e-10,1.2489866162454333e-09
TCF15,-1.40240208202684,4.0712539914321015e-10,1.2590729936465945e-09
SNORD116-20,-1.3862640787658345,4.0927926402273676e-10,1.2650892244873285e-09
FZD8,-1.1448466072996357,4.1174779259322273e-10,1.2722873991808579e-09
PRRG1,-1.1355642418161294,4.262249209977131e-10,1.3159043821101376e-09
RIMBP2,-1.9159697228144998,4.308944448698794e-10,1.3298697151519861e-09
TBX10,3.1934555248965255,4.399074534990628e-10,1.3565365705647025e-09
GPRC5C,1.016731757180482,4.459163332214733e-10,1.3743675945869418e-09
KRT23,-2.5242079267527915,4.518672976420403e-10,1.3917665683550017e-09
WNT4,-1.4668173711275552,4.5205368511090226e-10,1.392105097288742e-09
SNHG5,-1.0412008027091417,4.578069378882252e-10,1.4083927142773977e-09
TPPP,-1.4651358961495013,4.651730641149475e-10,1.4293628099399713e-09
C9orf116,1.0292774614323337,4.686708704681552e-10,1.439381787604493e-09
PRRT4,-2.047352251348299,4.72038110538253e-10,1.4492342260293167e-09
AMDHD1,-1.304309043020194,4.737932490417186e-10,1.4543774894277239e-09
ELN,-1.620370801454909,4.746572053562834e-10,1.4567838659754554e-09
ANKRD58,1.0829102470839076,4.789924971123399e-10,1.4690986394163306e-09
HDC,-1.5174020193151887,4.812481319405376e-10,1.4757173425112983e-09
SNHG4,-1.2436760190643419,4.859611959641596e-10,1.4897190384196023e-09
SLAMF9,1.4443825285338017,4.979518070455642e-10,1.5257055619677504e-09
AFF2,-1.579126777875329,5.054182232011661e-10,1.5462399860387944e-09
COLEC12,-1.1588634391069874,5.067443820053307e-10,1.5500366300862098e-09
CDR1,-1.6975344914085024,5.082418277336991e-10,1.5542650619051975e-09
FAM46B,-1.2554168945190005,5.082975286228446e-10,1.5542650619051975e-09
PRPH2,-1.1270825410761316,5.135679225142299e-10,1.568799612942864e-09
ANKRD24,-1.248538229022953,5.1517051454049e-10,1.573431019493379e-09
FER,-1.089422199924746,5.219611983147651e-10,1.5933690580116834e-09
C16orf71,1.1691492161043522,5.334737103047401e-10,1.6274211410553349e-09
GPR109B,-1.4049430703624761,5.445320896000973e-10,1.6597651753165726e-09
BATF,1.1265187382415647,5.469654620958072e-10,1.666903115106308e-09
MYL7,-1.9490150006271167,5.508828011859919e-10,1.678560366586644e-09
FHL2,-1.142500087796309,6.0439954282164e-10,1.8382430873821743e-09
S100A8,2.866789928508717,6.229507932725326e-10,1.892452151191574e-09
NPW,1.8875481750909322,6.254826987713787e-10,1.899509770726628e-09
ESPNL,-1.2508045403235917,6.341269015354293e-10,1.924476823716142e-09
GABRA2,-1.9969087921735853,6.541104493735931e-10,1.9834703498163445e-09
CCDC78,1.7979396337639528,6.565456143109266e-10,1.9898601094408584e-09
GLB1L3,-1.8110646180860406,6.631628339134417e-10,2.0095809997879774e-09
CDH11,1.0307659099460675,6.859091805346242e-10,2.0750548135735025e-09
ATP2A3,1.4443711400978287,6.956141673289521e-10,2.103715681656241e-09
IRX6,-2.1342749153392697,7.339881786781957e-10,2.214617407007989e-09
IGJ,-2.1294632760566934,7.374210787482392e-10,2.2242379281614247e-09
EPO,2.7243922237551734,7.521073594805833e-10,2.267408125973014e-09
WIT1,1.8372797943057815,7.636490520966192e-10,2.2999178847310985e-09
DHCR24,1.0006290856641193,7.715238476397613e-10,2.32286612613076e-09
KLK1,-1.2888014423679932,8.175694543667581e-10,2.4582452556719688e-09
LRRC17,-1.327714085036999,8.217456283200114e-10,2.4695782850105943e-09
TMEM84,-1.7527999498306812,8.304598453303319e-10,2.4949431530859927e-09
HIST1H1D,1.575810849115766,8.448398737657143e-10,2.536470430835774e-09
C19orf77,-1.099698871190266,8.450078049709292e-10,2.5365562456935722e-09
CCDC148,-1.1926621597892888,8.631450795658891e-10,2.589719776386662e-09
TRIM50,-1.0312097328483634,8.75109199686896e-10,2.6243184121747224e-09
SPP1,1.7158120908064713,8.813298739605856e-10,2.6421027166838833e-09
TNFRSF12A,1.1012689451900162,8.816991081222763e-10,2.6427743891239577e-09
NXPH1,3.586998783393955,8.990349241724475e-10,2.693849008182891e-09
HSPB8,-1.578534641916466,9.005266591219077e-10,2.6978747162600537e-09
DNAJC22,1.7603454910322345,9.100877958562158e-10,2.7260701247277764e-09
HSH2D,1.2461849993728817,9.466450161533839e-10,2.8323108528994157e-09
ADAMTS15,-1.8980481750909322,9.56431226812577e-10,2.8606502828901315e-09
KRT77,-1.0554479869559763,9.61278182344559e-10,2.8746750046357827e-09
CD300LF,1.0840892637652084,9.741011812399663e-10,2.912065002810167e-09
MGAM,-1.4127772356703878,9.76240842814735e-10,2.917982276150513e-09
CAPS,1.729696111877586,9.92138247982057e-10,2.9645260223272135e-09
OSM,1.325425536184623,1.0096813668615705e-09,3.0154602003250484e-09
STAR,-1.249837652075756,1.0186290507745719e-09,3.0406862268365906e-09
PRSS21,-1.855230415151135,1.028609356711514e-09,3.069471495117982e-09
LOC100129066,1.1581275429574818,1.0423205190730877e-09,3.108348690807244e-09
EXTL1,-1.4872351310673508,1.0465883732020916e-09,3.120053743432308e-09
SNF8,1.0449836949705222,1.0465750389171792e-09,3.120053743432308e-09
BEX2,-1.6744907186755293,1.053044835933703e-09,3.136732964899557e-09
MST1R,1.3315509093189508,1.0783991440261776e-09,3.2091057084695943e-09
SUSD3,-1.6946765458422162,1.1356735716920865e-09,3.3756802784962527e-09
PRSS16,-1.998832785651576,1.1451927530163425e-09,3.4028638072406923e-09
SMYD3,1.160024432459549,1.1469325779995568e-09,3.406921298519245e-09
PPP2R2C,2.5261970776370246,1.169113564597642e-09,3.470543740438825e-09
KALRN,-1.0489777373636002,1.1803855828829112e-09,3.5028625310103738e-09
C6orf142,-1.2366245327981944,1.182832552986175e-09,3.5089799481759034e-09
S100A9,2.7359616079267557,1.1927630453410217e-09,3.5349830208959002e-09
MUC1,1.8520883983444119,1.1946777648342958e-09,3.5400812881782007e-09
KCNMB2,-1.5318952840837823,1.1989902087899528e-09,3.5522817009445817e-09
CLDN10,-2.4415100965759438,1.2521841215690395e-09,3.704454341771693e-09
ATP6V0D2,1.7360578703123046,1.2680758284247248e-09,3.749640075506054e-09
LTA,1.40096326351436,1.2801035762257481e-09,3.783976193250616e-09
PFKP,1.0413695597642008,1.300760452437271e-09,3.842541790930809e-09
EPS8L1,1.1808508967766205,1.3399565623851232e-09,3.954479459321724e-09
ARSI,1.0835439984949202,1.3530079908481238e-09,3.990409017726572e-09
GPC2,1.6682474601781014,1.4042759973185462e-09,4.1396009682897975e-09
CCDC144B,-1.4620747397466465,1.415727650718457e-09,4.1713322152845695e-09
MGC45800,-1.2822202934905307,1.433970425607771e-09,4.222963919353389e-09
NR0B1,-1.478526163301141,1.464702042824544e-09,4.308657285962374e-09
SNAP25,-1.434653819139596,1.4722629647256787e-09,4.3294996360099405e-09
C8orf42,-1.122850708641666,1.4967802922564248e-09,4.400176301670494e-09
SLCO5A1,1.4346108616580961,1.529107201804335e-09,4.492307681479068e-09
CALML3,-3.0639130314812473,1.5478312722937773e-09,4.546582644757726e-09
SCG3,-1.5500847359839458,1.5555913979295215e-09,4.5671661639534e-09
CACNA1F,-1.369139571052301,1.5651938952411882e-09,4.594617718928455e-09
SLC7A11,1.2115845478489913,1.5698152109841096e-09,4.606697772939504e-09
CNGA1,-1.7656438103599648,1.5715056749183326e-09,4.610915183839202e-09
GRIP2,-1.1858739621221628,1.5800696678830294e-09,4.633055438865139e-09
PLN,-1.3778417283331246,1.5976111187483856e-09,4.68298151281431e-09
DMKN,-1.925475730590744,1.695877543262544e-09,4.960639389363344e-09
SNORD116-28,-1.3093263514360975,1.7079751258034887e-09,4.99108528234407e-09
C10orf116,-1.6319749404239339,1.7154717267334236e-09,5.010707933525114e-09
NEURL3,-1.6570892261382175,1.7858966667578046e-09,5.213901688050091e-09
WFIKKN2,-1.423154784899035,1.7880542600923686e-09,5.219363646000863e-09
AREG,-2.2562344286968523,1.8073279075175011e-09,5.273087017236909e-09
KIF1A,3.0964004264392324,1.8196481651184798e-09,5.307331445225394e-09
ACSM2A,-1.1008059826915841,1.8444478877723808e-09,5.377079580576657e-09
ProSAPiP1,-1.0538441113758923,1.9450302827211023e-09,5.663955564929167e-09
GPR88,-1.9493686441740867,1.9849891363656845e-09,5.772928143355896e-09
NQO1,1.2720374513984698,1.991000546930727e-09,5.787637009865861e-09
SRD5A2,1.5706600526777876,2.0605608608617517e-09,5.981245311795004e-09
HIST2H2BE,1.2462805593879338,2.0922697871948973e-09,6.069416244830074e-09
STEAP1,-1.1791333876834296,2.12422187313665e-09,6.1611234475313e-09
ZNF883,-1.2618250846607308,2.127868937559129e-09,6.169735309077544e-09
ACSM3,-1.6271205317948052,2.221073435517877e-09,6.432808233370233e-09
LGALS9C,1.136214799949831,2.27941485007129e-09,6.597581255501302e-09
CLSTN2,-1.9174758810987091,2.307654334718953e-09,6.674012051936622e-09
ZDHHC8P1,-1.2226083281073636,2.3117525391391206e-09,6.683740703613312e-09
LYNX1,-1.7469728709394197,2.4055646618525973e-09,6.948348705125806e-09
GABRQ,1.8291917471466195,2.4501197198193957e-09,7.073676329876679e-09
TYRP1,1.904771064843848,2.458502449475122e-09,7.096752313319957e-09
ARHGAP28,-1.005164768594005,2.5079456229283064e-09,7.237180433443874e-09
GPR55,-1.1988952966261133,2.5137128334031344e-09,7.25037469599703e-09
KLRG2,1.8753650445252719,2.5556229396846847e-09,7.368921965956013e-09
DNER,-2.030552113382667,2.5875421421642548e-09,7.453873969586316e-09
DIO2,1.6308945064593026,2.642131988845372e-09,7.60631481780046e-09
SH2B2,1.0530572682804484,2.6787704664027405e-09,7.704480771042675e-09
ADAMTS4,1.340205468456043,2.687031887961617e-09,7.725800261659345e-09
CATSPERB,1.5780577072620066,2.6948223108227913e-09,7.746975761829954e-09
PDE6B,-1.384878602784398,2.891138985524453e-09,8.29169732999868e-09
LIMD2,1.2377585852251327,2.939410545008629e-09,8.426155929258593e-09
NEUROG2,-2.2673180985827166,2.9466296760069465e-09,8.445520389285851e-09
TTC18,-1.3579301643045278,2.971629090013634e-09,8.511811852953292e-09
AKR1B10,2.852405506083031,3.024331785276771e-09,8.655960925690733e-09
SFTPD,-1.406287394957983,3.0250958829969354e-09,8.656396347424214e-09
LONRF2,-1.649593227141601,3.0254350141357386e-09,8.656396347424214e-09
FAM171A2,1.4625374012291488,3.0718540273198577e-09,8.783752389520644e-09
CYP1A1,-1.7858050671014682,3.2028790417616733e-09,9.138245642192434e-09
SMOC1,-2.000330753794053,3.2595034803207314e-09,9.295431905417244e-09
PRG2,-1.3192479367866552,3.2817000700928833e-09,9.352870890230274e-09
CLDN8,-2.1299219867051313,3.349170999222085e-09,9.539189438091005e-09
ZNF385B,-1.8411968644174097,3.3581233125063197e-09,9.56319127934176e-09
HSPA12A,-1.0603771855010642,3.41640937928191e-09,9.72309254707139e-09
DLG2,-1.3463139094443726,3.5149358123034246e-09,9.98944209076647e-09
LOC100133545,-1.4788972156026587,3.603021970531225e-09,1.0227009033148274e-08
FAM106C,-1.000019352815753,3.73565277682484e-09,1.0593564028126275e-08
PPP1R3G,-1.0018826539571042,3.851914501276245e-09,1.0913058313888169e-08
PCDHGA4,-1.360527994481374,3.882184364165651e-09,1.0995394737965979e-08
TTBK1,1.2622343158158795,3.906317570732344e-09,1.1058584562992358e-08
KPNA7,1.826931042267653,3.9431244658497e-09,1.115064387942552e-08
SLC9A2,2.0830148877461427,3.986704553426826e-09,1.127038095760654e-08
CRISP3,3.8449207073874327,4.010519293380116e-09,1.1330666257550559e-08
CDKN2BAS,1.1388612316568418,4.111428043273774e-09,1.1606750104173775e-08
IFI27,1.476035193779003,4.121077053353002e-09,1.1632185703548566e-08
TNFRSF8,-1.3417277938040888,4.143694582216161e-09,1.16924000124137e-08
WISP2,-1.7994647936786645,4.151566503360271e-09,1.1710981723332871e-08
ALDH3B2,1.9437815126050424,4.185863024857862e-09,1.1804068883266872e-08
NUDT8,1.6296883230904289,4.262919168654078e-09,1.2015781608394268e-08
RBPMS2,-1.2812856515740627,4.308647458990399e-09,1.2139035705928218e-08
SERPINA11,-2.6255217233161923,4.420099308080966e-09,1.2440762362461224e-08
MMP10,2.4665411388435983,4.420526888996275e-09,1.2440762362461224e-08
C1orf101,-1.129500489150884,4.472822351082327e-09,1.2585992465103045e-08
IGFL3,1.2550358208955223,4.517639781142727e-09,1.270228559409037e-08
RAC3,1.129108390819014,4.64414725957515e-09,1.3055971052671267e-08
PRRT3,1.0331258622852104,4.798667907517269e-09,1.347580251782426e-08
ARMC3,1.965774250595761,4.822164866884175e-09,1.3537610590976654e-08
GNAZ,-1.1795664492662734,4.880719276201676e-09,1.3697769501187036e-08
BSN,-1.3055859400476608,5.016506671911236e-09,1.4061513851062555e-08
CNGA2,1.829031004640662,5.059839880000763e-09,1.4174248281879637e-08
ETV7,1.3783511977925507,5.433066066342192e-09,1.519172067674761e-08
ANKRD45,-1.0847231782265148,5.451001941852274e-09,1.5239531308176463e-08
NR4A2,-1.1711030477862785,5.757348866905985e-09,1.607131136701267e-08
PCDHB5,-1.4873317195534934,5.849395631759584e-09,1.6310745815704614e-08
MYCN,1.7344761821146362,5.905772618237321e-09,1.6465427932267417e-08
CA13,-1.1853212216229778,5.951671767749494e-09,1.659085469959327e-08
HIST1H2BN,1.1001953342531046,6.077064001388216e-09,1.69222573072158e-08
SGCD,-1.0157756302521026,6.132993387817154e-09,1.7067555211502163e-08
EFCAB6,-1.0952923491784787,6.303186338466186e-09,1.752243447145693e-08
C9orf66,-1.0349538943935785,6.382475730905449e-09,1.7732021631512805e-08
SGSM1,-1.235231155148628,6.4471416993365816e-09,1.7895291301162517e-08
REEP1,1.2502107487771248,6.4857462505200165e-09,1.7996957164362173e-08
WISP3,-1.92263952088298,6.695915143066986e-09,1.8560338563917823e-08
BCL2A1,1.145859400476609,6.8398561498071065e-09,1.8927622604885797e-08
DNALI1,-2.100156101843722,7.352784623790341e-09,2.0294577483981135e-08
APOBEC3A,1.4317879091935275,7.602819377613883e-09,2.09719838052289e-08
LOC100130148,-1.174669208578954,7.612259166448466e-09,2.0991660900903112e-08
CYP4Z2P,2.1205086792926133,7.992872770989792e-09,2.201123495466372e-08
FAM69C,-1.3561373886868178,8.098331060405834e-09,2.22814268882357e-08
DUSP15,-1.4429359714034877,8.101475764072537e-09,2.2286710493186095e-08
CPNE7,1.4411920857895408,8.116179438751081e-09,2.2320413102218755e-08
GRIN2B,-1.320114135206322,8.168454802977488e-09,2.2456029047121414e-08
ALDH2,-1.2243972532296503,8.309002381801369e-09,2.2826557554471825e-08
CLGN,1.9051348425937515,8.455519185149633e-09,2.320105754104293e-08
SLC26A3,-2.6209883983444127,8.563210501820608e-09,2.3482392402024787e-08
CHRDL2,-1.550201944061207,8.63147815858698e-09,2.3662469415776926e-08
LRRC46,1.2741973535682947,8.687191275101074e-09,2.3800864355909823e-08
C6orf186,-1.0101291609180985,8.724401230289243e-09,2.3899213784041396e-08
GPR77,-1.2976421422300275,9.25500589886646e-09,2.5310828181650562e-08
SMC1B,1.8971254107613191,9.301766107888708e-09,2.5431067657239134e-08
PI3,-2.697290655963877,9.316648223354477e-09,2.546793026125868e-08
TSPAN1,1.8203183118023318,9.335027764602478e-09,2.5514340900759594e-08
C11orf66,-1.0753408127430069,9.339827821982481e-09,2.551979673424604e-08
KGFLP1,-1.2179155399473225,9.958187411268846e-09,2.717674444487658e-08
LHFPL5,1.553608466072996,1.0118320039667787e-08,2.7593075607801156e-08
LRRC31,2.6672150006271176,1.0299659087245141e-08,2.807497669438804e-08
ZIM2,-1.3260054057443875,1.0347991251227057e-08,2.819827615959373e-08
CLIC3,1.8425826664994345,1.050722631428267e-08,2.8606497247814455e-08
SLC16A5,-1.0245133199548473,1.0564918496034673e-08,2.875926594636147e-08
SMTNL2,-1.453751247961872,1.0940690618787605e-08,2.9742143269682018e-08
PTHLH,-1.6056600025084649,1.1660007063547764e-08,3.1626748409739226e-08
C21orf130,-1.0303342781888887,1.1927695492245387e-08,3.2338373703506514e-08
C4orf31,-1.556242944939168,1.2255790864840333e-08,3.320317921010397e-08
COL29A1,1.6784941552740507,1.2428133211740014e-08,3.365005337696021e-08
RNF112,-1.1035898281700742,1.3209247658206159e-08,3.566418497809651e-08
CRIP1,1.5563720180609568,1.324599714682368e-08,3.575810263438105e-08
C1orf21,-1.0686497052552326,1.3407816199147515e-08,3.6168120668802937e-08
STEAP4,-1.818886103097956,1.3472969885221422e-08,3.633310678824971e-08
HOPX,1.1011470964505197,1.3487475550468681e-08,3.636683712711915e-08
LANCL3,-1.0719935908691838,1.351873603508724e-08,3.64349351564544e-08
ADAM22,-1.2706869058070973,1.361470891280706e-08,3.666645159636439e-08
MRC1,-1.665268719428072,1.3672777602785949e-08,3.6806502618088233e-08
OR7E91P,1.5248109745390699,1.3759797442589965e-08,3.702433005875316e-08
PTGES,-1.1425512855888655,1.3830369039557554e-08,3.7203222643278586e-08
APLP1,1.4175590492913583,1.402954295423794e-08,3.773341761170113e-08
GPRIN2,-2.023553116769097,1.4080088460149723e-08,3.785817581094615e-08
TNFRSF18,1.4333821648062202,1.4149108707323481e-08,3.803252005307285e-08
ATHL1,-1.339403988461056,1.4391174182322545e-08,3.866035177698012e-08
C14orf128,-1.1060420544337157,1.4447947038281964e-08,3.879568962057038e-08
SALL2,-1.3159836197165404,1.4705549248932216e-08,3.945830085175606e-08
SLC34A3,1.0198931644299514,1.4890667659083791e-08,3.9931470742236634e-08
OTP,1.0243233663614701,1.5150715837563317e-08,4.0592946775267155e-08
WBSCR17,-1.6682776746519483,1.549401961319781e-08,4.1451740008677213e-08
SOHLH1,1.574875529913458,1.6020837494493116e-08,4.282968202559233e-08
PP14571,2.3650005393202074,1.606557788422213e-08,4.293667805410299e-08
CLEC2L,-1.110008089803085,1.619249803912238e-08,4.325048302364559e-08
C7orf46,-1.0639219490781375,1.623090060188577e-08,4.333398117572993e-08
FGF5,1.437478514988085,1.6511160100013567e-08,4.4049926322812095e-08
PADI3,2.6821167440110383,1.6685930773474123e-08,4.4496630218217034e-08
VTCN1,-1.8455031481249229,1.6828123522450084e-08,4.486267318089614e-08
F5,1.2608877210585732,1.7471267596068084e-08,4.64955386039806e-08
DACH1,-1.9230497303398968,1.7699115480148278e-08,4.708125077964915e-08
CHI3L1,-1.7086932647685984,1.783326133217963e-08,4.743115956014989e-08
IL2RA,1.2947944061206558,1.783710038520324e-08,4.743443949040973e-08
ZBTB8B,-1.077214411137589,1.7928905704749578e-08,4.765769137610347e-08
PAX3,-1.3562388686818008,1.798568219405742e-08,4.780163132989155e-08
HOXC12,1.5228771604164055,1.8173024352623344e-08,4.828544187575576e-08
TERT,1.0320360466574687,1.830681821154969e-08,4.862673455491595e-08
TNIP3,1.6277778251599135,1.8848139185513115e-08,5.000622031684816e-08
CTLA4,1.2920894268155028,1.8892738951349106e-08,5.011724382562049e-08
PDK2,-1.0738058321836235,1.9252560891761702e-08,5.103456617340007e-08
KCNK5,-1.1132319076884478,1.9307732929637794e-08,5.1173363791234246e-08
HK3,1.4174238931393441,1.95176884533377e-08,5.1662132167530344e-08
ANO5,-1.8807681424808713,1.966209133154657e-08,5.2036791001474586e-08
PTCHD2,1.5321745139846983,1.9686351450701676e-08,5.209342280231467e-08
ANKRD20B,-1.1919357958108612,1.973208219808925e-08,5.22068448040434e-08
RIMKLA,1.4432110623353838,2.0175521297516697e-08,5.3333577429377935e-08
HEPACAM2,-2.3004928634140205,2.0325430392814947e-08,5.370646094359275e-08
OSTalpha,1.2345780132948692,2.0460713942238572e-08,5.4056077778021586e-08
SLURP1,1.847890229524646,2.0739976061468752e-08,5.477002527882137e-08
TGFA,-1.1791800576947171,2.075361214229141e-08,5.479808555644481e-08
WNK2,-1.4182443747648321,2.126707820609722e-08,5.609688807210371e-08
MYOM2,-1.8216576570926883,2.1283020556428767e-08,5.613080602559734e-08
TH,1.819558208955224,2.1668975661393176e-08,5.7132150052772296e-08
DSCAML1,-1.413989953593377,2.1752041485448682e-08,5.734285462123423e-08
TPH1,-1.2143082152263884,2.187710191362928e-08,5.765583989196377e-08
C8orf73,1.1683413520632149,2.223645419231552e-08,5.857744944467719e-08
UNC80,-1.0626800827793808,2.2425981393237923e-08,5.9051083364835805e-08
CD207,-1.419099962373009,2.2438128770887858e-08,5.907452386700487e-08
CDC42EP5,-1.0355625736861906,2.36023404619216e-08,6.20230118995754e-08
SLC2A12,-1.1945299510849114,2.3626902053495566e-08,6.205172386088296e-08
FZD9,-1.1667688573937043,2.4091612405124404e-08,6.320836272852112e-08
VSNL1,-1.3890673523140586,2.4125377543638723e-08,6.328782928762872e-08
SPDYC,2.390119039257494,2.4184662100791252e-08,6.343420810096587e-08
FZD10,-1.0534497930515485,2.459701524854312e-08,6.446932592789495e-08
DDN,1.1542275429574809,2.4870420225976296e-08,6.512029047374087e-08
SHISA9,1.5082007901668142,2.6052779460996637e-08,6.813775065064969e-08
THBS4,-1.6713422300263403,2.62960790603883e-08,6.875431300434475e-08
PDE3A,-1.1918812868430946,2.6329462220760833e-08,6.88317105851658e-08
LRRC48,-1.1760571804841344,2.646855084807058e-08,6.914567036271941e-08
GDA,-1.2037237928007025,2.6544291009893073e-08,6.932363403917985e-08
WNT6,-1.529914323341277,2.862348550285912e-08,7.456114862743911e-08
EYA2,-1.256881763451652,2.8751173874061358e-08,7.488304736436384e-08
THRSP,-2.2386511350808957,2.987439907679649e-08,7.768624091356094e-08
HGD,1.9016125674150253,3.0031482552200406e-08,7.807241886571037e-08
FFAR3,-1.0559297127806342,3.139491470495999e-08,8.148889667394648e-08
AFP,-2.3048036623604657,3.205611303932804e-08,8.31339828543793e-08
DLX4,1.377264994355952,3.2274563546421185e-08,8.367666717497576e-08
HRASLS2,1.6828277060077754,3.261559354934074e-08,8.447661488028592e-08
MATN4,-1.4045798068481128,3.266105433621058e-08,8.45823263738855e-08
GAS2L2,-1.6389956227267026,3.291108935813533e-08,8.519348116981477e-08
MCOLN2,1.0649185501066079,3.345285490174195e-08,8.654666256060386e-08
IPW,-1.0666289226138197,3.435305866002568e-08,8.878726775357765e-08
TNFRSF4,1.0394959739119525,3.564823743002786e-08,9.203018946798996e-08
RASL11A,-1.130189903424057,3.672424320505871e-08,9.470058068588805e-08
CHADL,-1.0767933651072372,3.6783694011876946e-08,9.484022226092011e-08
TP53TG3B,-1.2283479869559757,3.6939170336768864e-08,9.521434687626786e-08
LILRB5,-1.476162899786778,3.7277662417542155e-08,9.603244961598073e-08
SDR16C5,2.3132158158785883,3.7716309539655405e-08,9.713497206428232e-08
CNTN1,-1.5089076006522024,3.807487409397252e-08,9.801681984621437e-08
PROM1,-2.4367264016054175,3.8519069383098875e-08,9.913228050057244e-08
HES4,1.0906387934278179,3.884242339322854e-08,9.993620254797725e-08
FCER2,-1.8285929512103354,4.186264358090476e-08,1.0749410369631957e-07
OMD,-1.388753016430452,4.2093371108265496e-08,1.0805607591083865e-07
DSCR6,1.517765696726452,4.226329928747058e-08,1.0846169983502425e-07
SIM1,-1.7196432961244206,4.2452862294784286e-08,1.089174703808257e-07
C2CD4C,-1.3556675028220235,4.259590199208427e-08,1.0926905354592869e-07
ENHO,-1.4686791546469342,4.2706188166181385e-08,1.0953652855981398e-07
NCOA7,-1.00602716668757,4.274994971718959e-08,1.0963332413384081e-07
MEGF10,-1.625896437978179,4.363256686766356e-08,1.1181805078024493e-07
ORM2,2.6476478239056815,4.364754291250684e-08,1.118406846334969e-07
KCNA5,-1.279146569672645,4.523669508911256e-08,1.1579856007693939e-07
LRRIQ3,-1.013046281199046,4.7658858968161694e-08,1.217933749540148e-07
PKHD1,-1.3305088925122286,4.856416224284568e-08,1.2405465132002807e-07
ALS2CR11,-1.0222133575818382,5.127303391801162e-08,1.3064432200581826e-07
SLC30A3,1.2391547096450524,5.1266240407462375e-08,1.3064432200581826e-07
C8orf47,-1.9059082026840577,5.137929059126328e-08,1.3089674270577543e-07
TEKT5,1.0226555750658466,5.143585523344888e-08,1.310225122886188e-07
BMP3,-2.108971867552991,5.2065354515337165e-08,1.3253866721994902e-07
KERA,-1.1289600150507955,5.220683996471288e-08,1.3285629915806914e-07
TTC22,-1.4400650194406115,5.2508396126252454e-08,1.3354901979686648e-07
ZSCAN4,-1.0935815502320327,5.294749020060998e-08,1.3462818328281933e-07
AADAC,-1.9972379029223628,5.383565690441225e-08,1.3679096351633392e-07
KLK14,-1.7508974162799447,5.50149035677532e-08,1.3965085617679702e-07
ATP5G1,1.037912329110748,5.537939294255614e-08,1.4049771285482222e-07
RBM20,-1.5045011037250724,5.6787166089419314e-08,1.4394886287783034e-07
SYCE1L,-1.1770153643546977,5.6897029800171494e-08,1.4414706102331547e-07
PRR5-ARHGAP8,1.029249630001254,5.693995319417736e-08,1.4421566272347442e-07
LHX1,1.9060019440612062,5.958206662099305e-08,1.5067690451541213e-07
DDO,-1.0403635645302893,5.978795454010328e-08,1.511555745129861e-07
ZSWIM5,-1.1353364354697106,6.13456264811938e-08,1.5502907661212976e-07
PCDHA10,-1.9135256490655976,6.200002141508538e-08,1.565524191730891e-07
MSL3L2,1.053001555248965,6.209807318679416e-08,1.5677825606369124e-07
RCOR2,1.5079818763326225,6.341851810640451e-08,1.6004537433673663e-07
LY6D,-2.1465489778000744,6.412227096182086e-08,1.6170929597090955e-07
TM7SF4,1.3615026966010286,6.696870504034383e-08,1.6853744474621577e-07
C4orf48,1.1731670136711405,6.726288942000156e-08,1.6923101259326723e-07
C1orf88,-1.50242993854258,6.81681539471257e-08,1.7136651102051223e-07
MPP6,-1.0742624106358951,6.89553405513546e-08,1.732736145853545e-07
C19orf46,1.062813809105731,6.937440390720233e-08,1.7425448797058148e-07
TRIM63,-1.0872281575316682,7.039153002892663e-08,1.76760521605263e-07
KRT6C,-1.9057452025586339,7.168504223391432e-08,1.7985979652432012e-07
TOX3,1.5716625611438602,7.217332715368611e-08,1.8103501091064463e-07
BTC,-1.3339642794431206,7.233754822074135e-08,1.813969403860249e-07
PCDHGB4,-1.3608856264894005,7.239373895124576e-08,1.8148784329011522e-07
PRR4,-1.2340441239182223,7.309941149272394e-08,1.8318124826570127e-07
CHRNB2,-1.58569209833187,7.423291316119379e-08,1.859449178854012e-07
GPR141,1.2188068982817013,7.490107350706319e-08,1.8754116107965217e-07
PHGR1,-1.3152970525523644,7.647056486769044e-08,1.9139195549107235e-07
EPHB6,-1.314016706384046,8.083236172007522e-08,2.0205870370647204e-07
LOC389332,1.1846929010410134,8.23632269814732e-08,2.0565950901834797e-07
DUOX1,-1.4320530540574437,8.33503587637421e-08,2.0801022492135965e-07
KCNG3,1.3758551486266144,8.353637774546883e-08,2.084458785607634e-07
AS3MT,-1.5746150758810984,8.37289518541779e-08,2.0889776735219304e-07
AIM2,1.545440511727079,8.418720724229704e-08,2.1001229730458175e-07
CDKN2A,1.2917047410008777,8.421050304970091e-08,2.1004162606381278e-07
C10orf79,-1.2986910824031117,8.530512128884489e-08,2.126844436133192e-07
SLITRK4,-1.0799132196162056,8.729943764970199e-08,2.1744822982177412e-07
IL12B,1.203451109996238,8.753655017051351e-08,2.1797918231926913e-07
NPTX2,1.670519892135959,8.941501038014546e-08,2.2250463895417465e-07
LOC100131726,1.2070354195409507,8.998752396762568e-08,2.2389870130982645e-07
ST8SIA6,-1.8854596764078746,9.0107023438469e-08,2.2416538849944668e-07
WDR93,-1.0189605292863408,9.151702086342168e-08,2.2748659439804242e-07
TLX1,1.8695561770977052,9.212343152484458e-08,2.2886895373914914e-07
RASGRF1,1.724381838705633,9.436721453056349e-08,2.3421958086990006e-07
SNORD116-4,-1.7695513859275063,9.55413014909089e-08,2.370367058796531e-07
TGM5,-1.7486375391947822,9.650938078974784e-08,2.393406346751744e-07
KIAA0754,-1.1174987959362843,9.757044041409587e-08,2.4180731475259186e-07
C6orf127,1.6562264141477485,9.834652386685065e-08,2.4363116139742547e-07
C15orf52,-1.0253276182114597,9.928440812941602e-08,2.458876300924843e-07
ARSH,1.2535002633889374,1.024094391092124e-07,2.531792774826828e-07
FREM2,-2.1834455161168944,1.0263271397206071e-07,2.536433616815542e-07
DUOXA1,-1.307135281575317,1.0998740951863128e-07,2.713609129123943e-07
SPINK8,2.039715627743634,1.1060246963015042e-07,2.7280443830320165e-07
GNAO1,-1.1985377022450772,1.1321640443866457e-07,2.7902494042743177e-07
RAP1GAP,1.2315683557004906,1.1443509894328565e-07,2.8183765472393836e-07
KCNK12,1.2522834692085785,1.1826662919221958e-07,2.9107726489804933e-07
LINGO2,-1.0096326978552617,1.1849769825144445e-07,2.9152772013394286e-07
PGLYRP2,-1.8953118901291868,1.1857411863916849e-07,2.916368979311963e-07
MAP2K6,-1.1768000376269905,1.215212082362729e-07,2.985223419061911e-07
SILV,-1.1190930013796558,1.2320857191697874e-07,3.025041319941683e-07
MARCH10,1.0577727204314562,1.2893705039441373e-07,3.159721497481843e-07
TMPRSS3,-1.895014549103223,1.3206846141765407e-07,3.233847461912237e-07
KRT75,2.1279390442744264,1.3277441331932222e-07,3.249385111120761e-07
PLCB1,-1.1609209707763704,1.3304979605930283e-07,3.255249244176733e-07
RGPD5,-1.047520795183746,1.3761325281160015e-07,3.3628326499255704e-07
FAM38B,-1.0366131819892148,1.4158601167742894e-07,3.455739032668596e-07
DNAH8,1.3326889878339396,1.486261073891851e-07,3.6217416771155775e-07
TNNT1,2.5370252978803465,1.5237752765338962e-07,3.709680534806274e-07
TMEM45A,1.0950258748275434,1.5841803702215254e-07,3.8510730874923115e-07
CXCL13,2.398677762448262,1.6078068095356996e-07,3.903815840199859e-07
ADORA1,-1.1692598394581708,1.6204018431519922e-07,3.932823300119428e-07
KAZALD1,1.1527098582716686,1.744953319381903e-07,4.227227212231671e-07
ORM1,2.721434804966763,1.7633958330571423e-07,4.270768274233523e-07
CELF3,1.27800377524144,1.7851225018201633e-07,4.322237949006708e-07
LGALS9B,1.2022903047786277,1.825845602320378e-07,4.4143800636256926e-07
TMED7-TICAM2,1.1138615577574322,1.8276943279891657e-07,4.4182629286038227e-07
SPEF1,1.2153067226890766,1.8544959184140514e-07,4.4805944481958294e-07
FOXI1,-2.336474978050921,1.9058726055404552e-07,4.601140456054762e-07
C1orf186,-1.1218457795058319,1.910892803640155e-07,4.612648415947718e-07
AMTN,1.2606740750031353,2.0598887392733278e-07,4.961777784966572e-07
COLEC11,-1.2692700865420794,2.068496824972008e-07,4.981853361334408e-07
STAG3L1,-1.0381139972406865,2.0852493289191814e-07,5.021536385013343e-07
BCAS1,1.783313608428446,2.1113042072257244e-07,5.078233414922023e-07
CAPSL,1.5976168067226886,2.1299093281300856e-07,5.120277271520331e-07
TNFRSF11B,-1.253901505079643,2.1444136598889499e-07,5.153784242270736e-07
MGAT5B,1.3795536560893007,2.160502862941565e-07,5.191081522455822e-07
PRTG,-1.1356383544462565,2.161911666714886e-07,5.193780925064151e-07
SYT5,1.689831506333877,2.1695796653456118e-07,5.210827107571734e-07
HRASLS,1.3214581211589111,2.192906610497255e-07,5.265463531312694e-07
C19orf59,1.1451225636523266,2.2080455689667157e-07,5.300415863365571e-07
KRT16,-1.8863721183995974,2.2523512039320376e-07,5.404633399047571e-07
MLLT11,1.0140440486642426,2.3546816680554392e-07,5.636805681695576e-07
SLC12A1,2.349677712278941,2.3643698798643688e-07,5.658509719060098e-07
ALOX12P2,-1.6761373259751657,2.3749528590324226e-07,5.683090166026974e-07
LCT,1.989506032860905,2.3755034505287096e-07,5.683660529702169e-07
GREM1,1.3276630628370736,2.413247381462939e-07,5.771691247506226e-07
MRAP2,-1.6320484761068608,2.4787664694033614e-07,5.91891305805326e-07
EYA4,-1.2270532547347295,2.4790305529087546e-07,5.91891305805326e-07
FAM86B2,-1.2116707763702497,2.552534768687067e-07,6.08483373420779e-07
ZNF135,-1.0343891007149137,2.6626101629092446e-07,6.338934448788514e-07
SEMA4G,-1.151924106358961,2.676710938144507e-07,6.370838023933638e-07
CNTN2,-1.4389593001379657,2.8703183762360735e-07,6.814713108468142e-07
AWAT2,1.4854740624608054,2.8780923389612105e-07,6.831388035742719e-07
SVOPL,-1.399606133199549,2.8905327096991717e-07,6.857339621354623e-07
LOC100127888,-1.188264116392825,2.9054508382054815e-07,6.890534266484517e-07
MAT1A,-1.4565678665496056,2.928100411676513e-07,6.940131743977548e-07
ALG1L,1.8289013545716801,2.998320394254145e-07,7.101942242889812e-07
CALML5,2.637765508591494,3.068287576495042e-07,7.262943921318498e-07
SLC35D3,1.0265172457042517,3.1124484422166717e-07,7.36355451756251e-07
RHBG,1.3629671892637647,3.2483294569595543e-07,7.676144502795634e-07
LYZ,1.448376846858146,3.27214065745154e-07,7.730405760881295e-07
HIST1H3E,1.0481041891383418,3.3468011527754323e-07,7.899613768668465e-07
AMH,1.4275471466198417,3.3475900110085483e-07,7.900451312120913e-07
MUC16,-2.1760953342531026,3.42389477748014e-07,8.074252705592821e-07
APOD,-2.157851724570426,3.659375768579138e-07,8.60484837641433e-07
ARL14,1.0411832810736235,3.7198803715378504e-07,8.736031789846922e-07
PLEKHG7,1.5628314561645555,3.8339282200000086e-07,8.989951743998474e-07
EMX2,-1.0745561770977057,3.8429830913654894e-07,9.010023340047142e-07
SPTBN2,1.1029736611062315,3.8591951487354327e-07,9.045702973529627e-07
KCNK17,-1.0973693967139093,3.877987867465205e-07,9.087411579746282e-07
C6orf27,-1.0828024332120902,4.032496555517992e-07,9.4349016452563e-07
CYP2C8,-1.0929396713909452,4.0568385157825754e-07,9.484540393371464e-07
PRSS22,1.0865489527154155,4.1667378414520003e-07,9.73397445173906e-07
MOSC1,-1.0197718550106583,4.452334554162302e-07,1.0373204388764415e-06
RASL10B,-1.1170722438229026,4.4667067724398174e-07,1.0404026024148688e-06
TNNC2,-1.149919152138467,4.578964680822576e-07,1.066140881107871e-06
ABCA4,-1.4462994732221244,4.627249320560504e-07,1.0769699447917512e-06
JPH3,1.5151632635143608,4.7344877703594655e-07,1.1005220391246757e-06
NFKBIZ,-1.1207649191019708,4.740147556220576e-07,1.1015563125990442e-06
CHST6,1.031941966637402,4.788677715000455e-07,1.1119824014051957e-06
REN,1.1074614072494664,4.916540059597054e-07,1.1406548394703694e-06
RSPH9,-1.0261484133952083,4.978621837081124e-07,1.1544694687947478e-06
PHF21B,-1.3805262887244443,5.024343171849898e-07,1.164626496334951e-06
EFCAB4B,-1.0805784146494428,5.058502835964199e-07,1.1723953033238643e-06
LOC148696,-1.0003042769346537,5.303001254991622e-07,1.228592743344947e-06
MED24,1.0594026464317086,5.32317991358717e-07,1.2329538613949263e-06
DMRT3,-1.0356216731468693,5.324703854599436e-07,1.2331499270391035e-06
STRA6,1.1756501567791302,5.363409853604797e-07,1.2414820646638877e-06
RHOF,1.1734408503699996,5.494280888124687e-07,1.2701599569028915e-06
PDCD1,1.2282545215100975,5.614071990770047e-07,1.2975235201623562e-06
CACNB4,-1.1848008654207938,5.796563359234882e-07,1.33800206477495e-06
FOXE1,-1.0641188134955475,5.798543909170359e-07,1.3382895242630663e-06
SLITRK5,-1.7424125047033745,5.861268283107689e-07,1.3522517941369995e-06
TPSG1,-1.145852715414524,5.88037221520312e-07,1.3564873328265414e-06
FAT3,-1.0990359463188257,5.956745327810947e-07,1.3735829136324128e-06
LY6G6C,-1.5156533049040508,6.000176220216269e-07,1.38307215064704e-06
IDO1,1.562445541201555,6.002510378155497e-07,1.3834350014378895e-06
CD200R1,-1.0607217860278437,6.240418610205794e-07,1.4355407552328582e-06
SLC22A18AS,1.1192489150884222,6.241849291094921e-07,1.4356884337351636e-06
SLC4A8,1.1671335131067373,6.282435304674709e-07,1.4446585377841553e-06
COL4A3,-1.328083293615952,6.35306229568785e-07,1.459608645316243e-06
NAP1L6,-1.0337300890505454,6.355957006830397e-07,1.4600894169022427e-06
MESP1,-1.6640364354697104,6.459908975749056e-07,1.4820988541159574e-06
SIX1,1.5553709394205413,6.48798085539392e-07,1.4881642579477763e-06
LSAMP,-1.1163884485137352,6.611350112337153e-07,1.5155069398674373e-06
BAALC,-1.3176765207575576,6.688101996443464e-07,1.5327145995374592e-06
LRAT,-1.5198755549981176,6.71161900108883e-07,1.5377168115395843e-06
NOX4,1.0917069735356817,6.873740779220864e-07,1.5740684791062696e-06
SOX15,-1.4014127555499818,6.880012356379485e-07,1.575306477021079e-06
WNT3,-1.020655600150508,7.016642665986048e-07,1.6053789146423333e-06
ECM1,1.427724532798191,7.019976924300769e-07,1.605939926518121e-06
LMO3,-1.8615563526903305,7.080621903675386e-07,1.619406464538297e-06
DPF1,1.0876829675153639,7.107379805040073e-07,1.6245057080756462e-06
KLHDC7B,1.5279023955851017,7.136083606520404e-07,1.6300430404001874e-06
MMP12,1.9309613947071371,7.213519683556145e-07,1.6469045378122727e-06
FLJ35024,-1.094172758058447,7.29897459066119e-07,1.6657877943054869e-06
COL21A1,-1.2549048037125292,7.380850554660333e-07,1.6836293564722059e-06
FAR2,1.1952359337764937,7.513518717320791e-07,1.712389898727812e-06
ABCC2,1.8191825159914705,7.606690287568325e-07,1.7327566425304243e-06
KIRREL3,-1.0257776871942799,7.724865978339034e-07,1.7581362266029687e-06
PRODH,1.81528763326226,7.755202580293767e-07,1.764820009614795e-06
NOTUM,1.0950487018688073,7.904004633264323e-07,1.797558674903929e-06
KIF12,-1.4054002508466095,7.986177107249081e-07,1.815112771672556e-06
WBSCR28,1.0797344663238433,8.256413973486648e-07,1.8737252656698347e-06
KRT7,1.1481485262761808,8.26712333314008e-07,1.8756879724934425e-06
CRABP1,-2.2963106735231396,8.443009605394835e-07,1.9134475080553063e-06
F13A1,-1.149353768970272,8.590917678533143e-07,1.9447888882270712e-06
CD177,1.5609854132697851,8.901448011461364e-07,2.0125830102177523e-06
SLC6A17,1.405810347422551,8.912026763549054e-07,2.0147245799414236e-06
CXCL1,-1.6243393703750155,8.954520067011888e-07,2.023850499602245e-06
FAM5C,2.661221497554248,8.957476248776512e-07,2.024245067119539e-06
SCAND3,-1.6896214348425938,9.102245705473299e-07,2.0546649129058837e-06
ERBB4,-1.7891783644801205,9.333250512882095e-07,2.105765481978096e-06
BTN1A1,-1.4058637401229146,9.393468073288523e-07,2.117776806267909e-06
DNAH11,1.9566796563401492,9.494188426551306e-07,2.1394245101326246e-06
HAMP,1.0596321459927256,9.516386281945166e-07,2.1438957857703944e-06
GPR15,-1.2926305280321078,9.579126059328825e-07,2.1574960610982754e-06
HOXA10,-1.110217709770473,9.652524207562876e-07,2.1737584826211435e-06
IGSF9B,-1.3832396463062846,9.973430506071948e-07,2.242697412007754e-06
SLC39A4,1.085195183745137,1.0045863011208454e-06,2.2584271260099727e-06
CLDN9,1.267175743133075,1.0504460000893973e-06,2.3559966165139597e-06
CCDC160,1.1911523642292732,1.0591293679937203e-06,2.3732709370166333e-06
SLC5A11,1.6705190016305032,1.0753047623769303e-06,2.4070059751041886e-06
CLEC6A,1.0661710021321964,1.1151938640487835e-06,2.493842003351352e-06
FAM155B,1.1897496801705767,1.1242748557048743e-06,2.513223037995312e-06
RTBDN,1.4228067979430579,1.129972155176347e-06,2.5247186867159745e-06
SERPINB2,-1.4877998244073751,1.1500743551385427e-06,2.5677423631285284e-06
ACCN1,-1.1225092813244704,1.1663109345971216e-06,2.6030355495918837e-06
JAKMIP3,-1.1168697228144975,1.2078087604883908e-06,2.693341034811978e-06
CCR4,1.2499205443371375,1.213909275098375e-06,2.7062817556173572e-06
MAPK8IP2,1.519909870813998,1.2237539063771695e-06,2.7268934212001e-06
AZU1,-1.0380034365985202,1.2737989636112788e-06,2.834591996896835e-06
KRT1,-1.1132311049793047,1.3624373105173126e-06,3.026289977223507e-06
IL17REL,1.3294565408252854,1.385177106342448e-06,3.074924252042876e-06
CRYM,1.848156139470714,1.4303074601166882e-06,3.1720134864161887e-06
C8orf84,-1.5339712153518148,1.4560465627625084e-06,3.225951263627792e-06
PCDHGB5,-1.3087072243822888,1.4621436654400608e-06,3.238436540989938e-06
SLC7A2,-1.5509980433964614,1.4776911657786906e-06,3.270721338846e-06
SLC39A2,-1.2471619967389938,1.4992465647673597e-06,3.316818816050103e-06
LOC221442,-1.0261069233663607,1.5053042125394902e-06,3.3298156010276264e-06
EPGN,1.2849592374263137,1.5150291771965792e-06,3.3497999799758215e-06
ELFN2,1.551338718173838,1.5181784338240402e-06,3.356254800935026e-06
RASSF6,-1.3077811614197934,1.559159543763404e-06,3.4443423756219952e-06
PSCA,1.7901712780634655,1.5680519408251513e-06,3.4623058562397175e-06
KIF19,-1.202163351310674,1.6501379192262663e-06,3.6373771547197536e-06
SHC3,-1.0135110874200426,1.6554884255318898e-06,3.648729363113814e-06
KYNU,1.53834217985702,1.6626256113790903e-06,3.6635726914336738e-06
DAPL1,-1.6564678414649454,1.670587074087474e-06,3.6793341209454677e-06
C4orf19,-1.4271046532045668,1.6856157404959532e-06,3.70974045753208e-06
NHLRC4,-1.1988664367239439,1.7051783683671889e-06,3.7510055737748017e-06
EPHA3,-1.0524429700238285,1.707096783723235e-06,3.7542929508413733e-06
ORMDL3,1.275447171704501,1.7405924603130815e-06,3.824261261928669e-06
WFDC2,-2.178074137714786,1.7458828280617951e-06,3.834958986268717e-06
GATA5,1.6159584598018313,1.7566245302012524e-06,3.857622912685897e-06
TMEM130,-1.1317413896902044,1.7918050614026096e-06,3.933457251894802e-06
KIR2DL4,1.029978740750031,1.8052982223220678e-06,3.961167254210294e-06
FUT7,1.062481650570676,1.8459903564689161e-06,4.04655135582896e-06
IFNG,1.2283449266273676,1.8554950742103665e-06,4.065428121792405e-06
MUC2,1.8357175968895016,1.8577897806670298e-06,4.069965985976885e-06
MED1,1.0881878841088675,1.8705129077526877e-06,4.096853141598144e-06
PPP1R9A,-1.1217166938417167,1.8827845805259627e-06,4.122738809011681e-06
HPD,-1.7169837451398464,1.90901540721117e-06,4.1781661004526785e-06
PAH,-1.1566922739244954,1.91371150782658e-06,4.187940680087429e-06
CXCL17,2.3756461181487527,1.9386180849057763e-06,4.240406753129037e-06
HYDIN,-1.0991457042518515,1.9778222480577636e-06,4.324080997044856e-06
ZBP1,1.2979310924369747,2.038940024468023e-06,4.4528884541561395e-06
RASSF10,-1.611000614574189,2.0610336441036124e-06,4.500059424687304e-06
GFRA3,-1.3309722814498928,2.066606353251424e-06,4.511685709790798e-06
FOXN1,-1.0974795685438357,2.1003519742699696e-06,4.580412961259885e-06
LOC284233,-1.3024989715289097,2.1306349879014725e-06,4.642560292646697e-06
EPHA8,1.126979681424809,2.2461366191183876e-06,4.887213109946451e-06
CST6,1.4452191145114766,2.2613162773647594e-06,4.919065511098317e-06
SP140,1.008712191145114,2.314117630474386e-06,5.027316294011845e-06
TRH,-1.5808507838956483,2.327529205934946e-06,5.055245690923974e-06
B3GNT5,-1.0524661482503452,2.3325378517724156e-06,5.06551974657758e-06
WFDC6,1.8368630628370752,2.354234256829551e-06,5.1105942101863995e-06
WNT10B,-1.0486097704753532,2.403463258006068e-06,5.210843459443122e-06
C1orf61,-1.0220425184999373,2.5316324316864097e-06,5.476328598216009e-06
EGF,-1.5338895146118139,2.5518953213476223e-06,5.515572374078695e-06
CRYBA2,1.104820644675781,2.5544803211833173e-06,5.51984868073361e-06
ELOVL7,-1.1690116769095713,2.608368982183628e-06,5.628943756098232e-06
PYGL,-1.0309904803712566,2.6183506009327647e-06,5.6484754667906036e-06
ETNK2,1.0206501442367983,2.6481482392778466e-06,5.710726501548945e-06
CCL20,1.3690529788034613,2.652244200554273e-06,5.71888192166423e-06
PLD4,-1.1098555374388548,2.6585440933853913e-06,5.731787058142163e-06
CCNA1,-1.0131958234039886,2.6781538396641623e-06,5.7726979684318225e-06
FSTL4,1.1971203311175227,2.6903350701622363e-06,5.798267734094624e-06
PRAME,2.5234466072996367,2.721814132940719e-06,5.862641422544067e-06
CDC20B,1.9298343910698612,2.7268318406906395e-06,5.871365033840988e-06
AGR2,1.438771930264645,2.7369626050437785e-06,5.891784567125343e-06
C1QL3,-1.1108621472469595,2.759474225244045e-06,5.939542310762369e-06
MDK,1.0284361595384404,2.83532812427481e-06,6.0934448460654505e-06
SLC44A4,1.8080381161419794,2.8811778283417986e-06,6.187597924646739e-06
DPYSL5,1.5728161043521887,2.897150242427747e-06,6.2211661982909374e-06
UTS2,1.2660096074250595,2.9181109965574368e-06,6.261744013949666e-06
MUC20,-1.3925600025084641,2.962588678536203e-06,6.3511955853721e-06
MAG,-1.0281511852502199,2.9825053002158613e-06,6.3916345632010035e-06
CYP27B1,1.053113056565909,3.130093936984036e-06,6.6953113907074505e-06
TRIM58,-1.0763935281575314,3.42433423980127e-06,7.301529362434406e-06
MATN3,1.0897416279944814,3.4262288914995167e-06,7.304713576009101e-06
HAS1,-1.535078377022451,3.428167713747586e-06,7.307991204280045e-06
BRSK2,1.4137917346042896,3.439477839876173e-06,7.329526471466399e-06
ZNF208,-1.4257242568669257,3.467153544802024e-06,7.384181113376769e-06
CLUL1,-1.2103057569296345,3.6717120038221276e-06,7.798853396216358e-06
CXorf30,1.0454498432208705,3.692006418543835e-06,7.841044549848726e-06
CHRNA2,-1.3243368493666126,3.7021480611788187e-06,7.860748997741519e-06
FUT9,-1.352909293866801,3.7457403748605864e-06,7.949599165627521e-06
LOC285629,1.0171939922237552,3.7571419182766382e-06,7.9728671413371e-06
C5orf23,-1.3287138843597148,3.847772112253978e-06,8.155681853674797e-06
TTPA,-1.1894120782641409,3.856804624508224e-06,8.173875256714774e-06
NOXO1,1.1057844976796694,3.9303234892975824e-06,8.31999982273333e-06
CXCR5,1.31241409757933,3.965767870346893e-06,8.394054946967965e-06
COL7A1,-1.2645598394581716,4.032557168958624e-06,8.532446605434596e-06
SCUBE3,1.47405977674652,4.050673900746989e-06,8.567791891157035e-06
CES8,-1.081235018186379,4.12616751795298e-06,8.717343004793186e-06
NAT2,1.1376931895146125,4.3063230039731285e-06,9.078737436500069e-06
GNMT,1.3504242694092552,4.3267330302898015e-06,9.11779594239005e-06
NGB,1.0187133575818386,4.327540391968078e-06,9.11844168943106e-06
C12orf74,1.0985983193277309,4.703111998625713e-06,9.877783282679573e-06
KISS1R,1.1435384171579082,4.9601920649448335e-06,1.0396128515623582e-05
GPAT2,-1.3566668631631762,5.0217283131911764e-06,1.0519047236480896e-05
KLRB1,-1.3308906308792183,5.135094380321972e-06,1.0749094181807826e-05
TGM3,1.428862749278816,5.195762138308172e-06,1.0872336843731883e-05
IRX4,-1.6423017433839195,5.247998684312906e-06,1.097785796949527e-05
KRT32,-1.1295103348802211,5.3184804164628655e-06,1.1116350788939436e-05
TMEM184A,1.0232275429574793,5.482211085544126e-06,1.1444115641073363e-05
DEFB1,-1.6239783770224516,5.500613535532812e-06,1.1481214102431346e-05
PCDHA3,-1.2651437978176343,5.517890251250701e-06,1.1515954625489166e-05
FLJ45983,-1.4747658723190762,5.734390059237352e-06,1.1940414350068351e-05
LGALS7B,-1.4554417534177855,5.735417727515462e-06,1.1941188252769525e-05
ISX,1.5892238680546844,5.748691387256762e-06,1.1967455320475163e-05
IL1RL1,-1.0186768970274676,6.150594511482097e-06,1.2785117265331577e-05
MSMB,1.5438058948952715,6.407671694226479e-06,1.3302788304060743e-05
C12orf36,1.231995121033488,6.488826091998091e-06,1.3468198557883836e-05
MS4A15,1.8615402859651327,6.5704182393779465e-06,1.3635996261702972e-05
OR56A3,1.2504958610309795,6.759953078531765e-06,1.4014968780012952e-05
DIO3,-1.375255186253605,6.805838156913235e-06,1.4107634767146393e-05
CXCL6,-1.4537299009155902,6.813036675354973e-06,1.4118591370843189e-05
SIRPG,1.1764914712153534,6.84060957310404e-06,1.4169278113246795e-05
LRRIQ4,1.0124069233663615,6.911955039418567e-06,1.4312173539135046e-05
SLCO4A1,-1.0825045277812615,7.329685903571266e-06,1.5142693508422171e-05
ABCC6,-1.2808402859651338,7.533673297493975e-06,1.553590744695625e-05
CDCA7,1.0523903298632886,7.553994016568457e-06,1.5576048151743953e-05
CCL17,1.0642469961118777,7.567485538286551e-06,1.5598566329229994e-05
SULT2B1,1.086284058698106,7.596306165234998e-06,1.5652655776066637e-05
TMC5,1.3654198921359608,7.667878416821579e-06,1.5794770942786378e-05
MFSD6L,-1.3918019942305269,7.804045741989024e-06,1.6058901722973794e-05
FMO9P,1.0058169070613323,7.969530420941572e-06,1.6377214072296167e-05
EIF3C,1.0977313307412517,8.176656054468983e-06,1.678390506985779e-05
IL8,1.2745648187633263,8.284014587294459e-06,1.6988949699472852e-05
ESYT3,-1.1249514611814861,8.469156040129143e-06,1.7345189851313094e-05
TMEM171,1.0056729336510728,8.520843489976646e-06,1.744908471684609e-05
TIFAB,1.2124261758434725,8.980916108610633e-06,1.8364369346780427e-05
COL8A1,1.0154422927379905,9.001047817725906e-06,1.8401400878938083e-05
SLC6A11,1.5737132321585339,9.05169709419308e-06,1.849456080430987e-05
HOXA11,1.1584303273548229,9.895527597355787e-06,2.0150832179736815e-05
SYT9,-1.7271187884108863,9.98266428435015e-06,2.0315806947941686e-05
CCDC74B,-1.0635527279568535,1.012220037753985e-05,2.0591686798430698e-05
RAD21L1,1.1554450018813496,1.0424351622076603e-05,2.119214569763909e-05
SBSN,1.702842430703624,1.0483217167100965e-05,2.1292792021059908e-05
GATM,-1.1307869936034098,1.0580036324332462e-05,2.1484649845138756e-05
LOC728606,-1.6109465696726453,1.0920650972206526e-05,2.2144214063392602e-05
PTPN20B,-1.3705381537689725,1.1122932669380655e-05,2.2539323542328405e-05
IL22RA2,-1.3476634014799944,1.1224463928772487e-05,2.2732411759617886e-05
CCDC60,1.1666272419415527,1.1293169882904719e-05,2.2861384717361497e-05
PAX2,1.2682622977549225,1.1479376705916747e-05,2.3209940484038935e-05
ASPN,1.1814392951210309,1.1573236515941148e-05,2.3386725610532494e-05
MEPE,1.0095155775743132,1.2817768313471614e-05,2.578996757047903e-05
CSAG3,1.5775513483005144,1.2915312151798514e-05,2.597761625405396e-05
CLDN3,1.065644500188137,1.2951653584807594e-05,2.6042079996051327e-05
MUC21,1.4880930390066471,1.310655572822966e-05,2.633608940511806e-05
A2ML1,1.9078918098582718,1.3114577185010936e-05,2.6349298951297356e-05
SOX2,1.9840090681048534,1.3733482941589496e-05,2.7550208285844564e-05
AMBP,1.4434014423679926,1.4023353848864851e-05,2.8091461440617022e-05
HP,-1.6737712780634637,1.4261978891191868e-05,2.8534930947061503e-05
LOC152225,1.553964116392826,1.4307789541030801e-05,2.8623441368873904e-05
B3GALT5,-1.3903085789539706,1.4424654624558653e-05,2.8844555435663094e-05
CR1,-1.2508614699611194,1.4619335618866918e-05,2.921780481667046e-05
DEGS2,1.1311688824783657,1.48459487208592e-05,2.9651174518959842e-05
KSR2,-1.0572998118650432,1.5340455232067183e-05,3.06119608188247e-05
CLU,-1.0364058196412866,1.5709070361527258e-05,3.132349740287881e-05
C4orf6,1.1341284710899284,1.5733349836973917e-05,3.1368473941121166e-05
SCGB1D2,-2.8785251975417054,1.667049097789884e-05,3.315700909863337e-05
GSDMB,1.2759174463815377,1.6785354290402872e-05,3.337088293449142e-05
DSCR8,1.2270131694468833,1.6819419494425744e-05,3.343495610538734e-05
SYNPO2L,-1.341317421296877,1.6844210150338768e-05,3.348058062531302e-05
C5orf46,1.1124725699234919,1.690949092220059e-05,3.360299817214163e-05
VANGL2,-1.1404130314812502,1.7067975815736088e-05,3.389943958252526e-05
LTF,-1.9815621723316212,1.7289093560797683e-05,3.430866347838223e-05
KRTAP5-2,1.0533887871566536,1.821252383444347e-05,3.605857856845492e-05
STON1-GTF2A1L,-1.3178191019691452,1.8358895245203784e-05,3.632467066830918e-05
PKNOX2,-1.2950562899786782,1.8361786613601285e-05,3.6326442965697655e-05
SLITRK6,-1.718927016179606,1.8724815318487222e-05,3.700844877767892e-05
ADCYAP1,-1.2402476357707264,1.8777176073946943e-05,3.709582549099807e-05
GJB3,-1.198879857017435,1.8821597523470666e-05,3.717148092869009e-05
ARX,1.3898384422425685,1.891804350322918e-05,3.7349798903392704e-05
ATAD3C,-1.0382098081023425,1.8944145085638602e-05,3.7393219799813434e-05
UGT2B10,1.6963593753919477,1.9244315184153337e-05,3.797336252543558e-05
TMSB15A,1.134499949830679,2.013939498087573e-05,3.963643711070179e-05
C6orf223,1.898982603787783,2.112303991841445e-05,4.148265137931797e-05
PRDM16,-1.0148876332622603,2.1450764269498565e-05,4.209900398896845e-05
RNF183,-1.5229864417408763,2.205316442830847e-05,4.322999699423854e-05
ZIC2,1.5925659475730591,2.2697918395077835e-05,4.4441240028568544e-05
HMGCS2,-2.439059902169822,2.326445733254249e-05,4.550154903022144e-05
DLK1,-2.749594330866675,2.3811118929266452e-05,4.6500782949193995e-05
CHGA,-1.3079934152765587,2.382296900446962e-05,4.6518934218875833e-05
CNNM1,-1.2734021321961624,2.3853543119235136e-05,4.656864493773457e-05
UPF0639,1.1223033864291982,2.3946131208512436e-05,4.673665372576211e-05
HMP19,1.0977144738492406,2.394730370269643e-05,4.673665372576211e-05
PNCK,1.3148353317446384,2.4038046712230105e-05,4.690369431908293e-05
TMEM61,-1.1019862786905819,2.4529467561354473e-05,4.782155917525281e-05
LRRIQ1,-1.2274969271290606,2.477444960286095e-05,4.8262982247525456e-05
KIAA0319,1.349620506710147,2.5484387222991416e-05,4.961414979894254e-05
PON3,-1.8235114511476223,2.5867325997792283e-05,5.0305869138655225e-05
GAL,1.2420773109243695,2.5985627395380327e-05,5.0525141580656705e-05
ERP27,1.1126819515866044,2.6160985407736204e-05,5.0838947088397796e-05
EEF1A2,1.904642192399348,2.6806030471704174e-05,5.200918489409839e-05
FMO5,-1.0780572431957864,2.729390729752049e-05,5.29219210201071e-05
MAPK10,-1.283877950583217,2.7751938928181616e-05,5.377565939000319e-05
CACNA1B,1.459300438981563,2.8876945988305132e-05,5.585453701255108e-05
AMY1A,-1.2960860905556242,2.89927647044256e-05,5.6066641444242985e-05
AGR3,-2.3518910824031085,2.9037259847572892e-05,5.614075847109606e-05
CLCA2,1.87844130189389,2.968913427006612e-05,5.732802706248155e-05
XDH,-1.4273522137213108,3.0288278523852987e-05,5.8447740270295344e-05
CD19,1.4315796939671395,3.1482473330787665e-05,6.0655743230347995e-05
UPK2,1.077590906810485,3.1715915998595615e-05,6.109257343094561e-05
KLRF1,-1.0006479242443245,3.2527137952741355e-05,6.256911044634375e-05
CSAG1,1.5889634265646557,3.410097674947554e-05,6.548581915504835e-05
CXCR3,1.0671211839959875,3.4769914868726185e-05,6.668599308349202e-05
SYT1,-1.3404925749404217,3.711929136215093e-05,7.103474144924657e-05
SULT1C2,1.1923742380534308,3.9394243393324364e-05,7.52143289793039e-05
STXBP6,-1.337442330364981,3.992065870259646e-05,7.616347870908326e-05
DKK1,1.6985717672143474,4.372784401130588e-05,8.3087468114593e-05
PYDC1,1.476443760190643,4.4242739611813635e-05,8.400444238592298e-05
PLCH1,1.0595602282704162,4.5334919476256815e-05,8.601537828083207e-05
ANKRD34B,1.1515557632008029,4.622860856272938e-05,8.7628799507171e-05
S100A2,-1.3041827041264273,4.6673776694970944e-05,8.84358027665823e-05
F7,1.3091263263514348,4.7390994270249356e-05,8.973871514629659e-05
MAGEA4,1.839657418788411,4.747796909425108e-05,8.989405777227506e-05
ODAM,-1.0954650821522638,4.8791467552641515e-05,9.220837664667084e-05
GABRA3,1.4126919854508966,4.970053951322775e-05,9.384843576341126e-05
MUC4,-1.404897127806346,4.979884769925958e-05,9.40145638528959e-05
PTPRN,1.2974322087043773,5.427646210786339e-05,0.00010203391921402843
CNTN3,-1.0607449140850385,5.5326575445429505e-05,0.00010391143756016852
TEKT2,-1.1165117897905432,5.5421919742121924e-05,0.00010406903291374514
ABHD12B,-1.0169109243697476,6.013470538284524e-05,0.00011248916268460918
GSTT2,-1.080014636899537,6.145185864849529e-05,0.00011479969037136286
CHRNA4,1.2962242694092567,6.194590317712729e-05,0.00011566327577528445
FAM3B,-1.7215403863037766,6.272272530138098e-05,0.00011705369783279043
SLC23A1,1.1182158911325728,6.400957717122878e-05,0.00011930845108006119
MAGEA12,1.818547685940048,6.773403120464336e-05,0.00012596675214733582
NWD1,-1.162515941301895,7.230284089515586e-05,0.00013406627409743527
UGT1A6,2.0528162674024837,7.274312858650622e-05,0.00013482773339376565
CBLN1,-1.1691189890881732,7.330570152604685e-05,0.00013581513332098025
RNF182,-1.102828370751284,7.848588649619316e-05,0.0001449405084599984
ZP2,1.7066617584347166,7.895069856477198e-05,0.00014571018614767763
MKRN3,1.3228750031355823,8.034416766422727e-05,0.00014813176177371913
HTR3A,1.1717436849366605,8.353532446187721e-05,0.00015384394083160167
GTSF1,1.230825874827543,8.405395181274879e-05,0.00015475210729720503
IKZF3,1.1056385927505321,8.50660400367564e-05,0.00015652048183453722
SPESP1,-1.212335921234164,8.527026752357256e-05,0.00015688040021544282
FBLL1,-1.021629700238305,8.776174517066221e-05,0.00016135007043142755
BNIPL,-1.305628107362348,8.86728338377533e-05,0.00016294282196129852
LIN28A,1.6789642418161295,9.46760677685836e-05,0.00017341401304000076
CBS,1.0558009908440997,9.495891902555929e-05,0.00017389710291974405
FCN1,-1.118331192775619,9.50419951736355e-05,0.00017403173102763174
PSG4,-1.3154767590618333,9.555985716350772e-05,0.00017493890451085087
SERHL,1.0798888247836453,9.607920369309405e-05,0.00017577183365079306
TMEM40,1.2681757055060823,9.687715458400319e-05,0.00017721383226737114
SERHL2,1.6511706885739388,0.0001015703176770362,0.00018536037987276535
PCDHA6,-1.273222450771354,0.00010157500352858509,0.00018536037987276535
CT62,-1.2032892261382164,0.00010989895598336297,0.0001998092984184135
CCNO,1.2965042894769852,0.0001205917691573881,0.00021824736269357084
HPX,1.1888723692462086,0.000123449290858901,0.00022324135123232412
CYP2B7P1,-1.8498565157406235,0.00012990010881525876,0.00023441773379242144
ELAVL2,1.0082634265646564,0.00013452430434754664,0.00024225820261559075
GDPD2,1.1814647560516744,0.0001346908173976954,0.0002425100839851879
TCL6,1.1276931518876208,0.00013675236854575267,0.0002459542895601557
SYT13,1.8612624357205556,0.00014498059459545893,0.0002601362014215021
ABP1,1.2232850244575455,0.00014735971420414665,0.00026414464575658114
GSTA3,1.3356264392324093,0.00015426330887686576,0.000276165913796773
TDRD1,1.920842556126928,0.00015597981425619916,0.0002791015982409902
MYT1,1.193587407500314,0.0001611615155936419,0.00028794886811455274
FAIM2,1.272065107236923,0.00016474612345870977,0.00029406488383201546
VNN3,1.2538740750031356,0.00016586994310304032,0.0002960418251107602
MAGEC2,1.3135835820895523,0.0001662774627832496,0.00029665281339248185
SNURF,-1.038771089928507,0.00017323967376855348,0.0003084391413936795
CTSE,1.4939825285338018,0.0001744819553397278,0.0003105901655631787
GZMB,1.1243252853380161,0.00019892259463289875,0.00035165465573493794
SELE,-1.2014394707136589,0.00020853702661809525,0.00036782940848151046
SLC5A5,1.2159115013169448,0.0002087210892382429,0.000368118398159455
PLA2G2D,1.4646198921359597,0.0002125979951612398,0.00037466563132152657
B3GAT1,-1.1908857393703736,0.00022538822915644879,0.00039620878178028363
TCL1B,1.0332501818637903,0.0002391399278377854,0.000419140470388635
MAGEA3,1.8792945440862912,0.00024339969117986783,0.00042614259676321384
CYP26A1,-1.1677063087921753,0.0002503856853515369,0.00043786825155673226
BANK1,-1.1396132823278569,0.0002515846772386758,0.00043992275502167293
KRT13,-1.5585771227894134,0.0002524367346777206,0.0004413666296426914
GDF15,1.0307897027467696,0.00025397986910514326,0.00044376997094652744
KRT86,1.2436102847108987,0.0002775591399953764,0.00048251447095175597
MAGEA1,1.188166574689577,0.000279962228603206,0.0004865526491564024
PCSK9,1.1307606045403236,0.0002907198152341054,0.0005045374468442498
ZPLD1,1.0859129562272676,0.00030048073480773614,0.0005207703337813216
DOC2A,-1.0125856515740632,0.00033190200450784556,0.0005730150497177292
MGC29506,1.064681575316694,0.00033590849165615415,0.0005795225356475191
JSRP1,1.0268763451649319,0.00034387855436093936,0.0005923184448365045
LOC339535,-1.1852689702746768,0.0003443880443437095,0.0005930276767750018
MDGA2,1.063781813620971,0.00036521442985798405,0.0006273471988963748
FOXJ1,1.423329374137714,0.0003657303313818087,0.0006280555869946287
GLYATL1,1.4418427066348922,0.00037273155107822034,0.0006397767491067275
MAGEA6,1.9747465320456543,0.00037738334336905293,0.0006472730612783256
FAM177B,1.1634825661607922,0.0003891307361685626,0.0006667306843445355
C10orf82,-1.3882261382164813,0.00042074864278027484,0.0007192794463307046
ASRGL1,1.0155124921610401,0.00042164153761956144,0.0007207381828611961
NPR3,-1.1235521384673257,0.00043197542520543946,0.0007374330549577619
RANBP3L,-1.1039671892637655,0.00045098698899874895,0.0007684467060511305
UGT3A2,1.344849617458924,0.00047689412802229497,0.0008100880750643744
CPLX2,1.0559841214097583,0.0004937242638066676,0.0008367249580181333
EREG,-1.267915276558385,0.0005069323167321147,0.0008579108368793867
ACTN2,1.2142643296124416,0.0005253305764065039,0.0008870679482678654
ZIC5,1.1409270412642667,0.0005275854694058331,0.0008906276824255198
NKAIN1,1.1456875454659468,0.0005529746477460689,0.0009309838617204673
DDX43,-1.0819739872068235,0.0006016854478825467,0.0010085769254679043
CKMT1A,1.330650696099334,0.0006017818368079595,0.001008584363816894
CFTR,-1.0869184623102979,0.0006615106011273096,0.0011041149341940598
SLC12A3,1.032329574815,0.0006651013588455212,0.0011097011947813953
OLIG1,1.0295403988461056,0.0006949251019874035,0.001157339582019827
KRT24,1.0998962122162297,0.0007463800637223928,0.0012378240069186146
CKMT1B,1.1940950708641642,0.0007614943374767279,0.0012615108686830068
CUX2,-1.337394318324344,0.0008433695483856569,0.0013888054902536741
DDC,1.3834369622475857,0.0009206096613793887,0.0015099889769408011
CHGB,-1.1225691082403109,0.0009262595601730592,0.0015189822318765942
LTB,1.034164166562146,0.0009331803319077284,0.0015292295266219284
GRB14,-1.1720670889251208,0.0009731402349974099,0.0015919899072218795
AQP5,-1.8725781387181746,0.0009822705590898817,0.0016064933501449344
MYPN,1.178982992600025,0.00104949806266521,0.0017112158038959887
DOK7,-1.010044926627367,0.0010511392598184528,0.001713584806239951
NCRNA00052,1.008989589865797,0.0010614858372565185,0.0017295901639396256
MAGEA2,1.422842982566161,0.00106996456938038,0.0017425574891680288
ABCC8,-1.223116405368116,0.0011564431693917752,0.0018749229461692007
P2RY11,1.1662732095823403,0.0011624926628081244,0.0018841469095446787
C3orf57,1.300615314185376,0.0012226154453619132,0.0019745602831978443
CCL13,-1.0318444751034734,0.0012282944939297452,0.001983028352372785
OBP2B,-1.4909680045152385,0.0012847284619413814,0.0020688174268151953
LY6K,-1.0394897027467707,0.0012937281455979363,0.002082572818740647
FABP7,-2.097769584848864,0.0014214677051979565,0.0022753233061658814
WDR72,-1.2574199548476104,0.0014229466935185668,0.0022772901936098534
CBLC,-1.3965149253731326,0.0014401577661744909,0.0023034172583845233
ANKRD30A,-1.6254914335883601,0.0014511087845353189,0.0023190986132481483
DMRTA1,-1.089686429198545,0.0014699294462083433,0.0023469104209569752
SLC15A1,1.1662166562147247,0.0015200353631625643,0.0024232968747283376
CEL,1.3554563401480006,0.0015240240392397832,0.002429230261495777
SLC5A1,-1.457885990216984,0.0015298641675830465,0.002437685350360136
NBPF4,-1.032589389188511,0.0015643649070689147,0.002489825513978793
LOC643719,-1.3460950206948454,0.001573642064577668,0.0025030589393138145
NCCRP1,1.2925462310297258,0.002057535666918564,0.0032217911178424622
UPK1A,1.211850395083406,0.002150490614329673,0.003360406957905661
CECR2,1.1101014172833308,0.0023359440917726897,0.0036364654325270053
PEG10,-1.2843642041891368,0.0028410266449172723,0.004377451161116396
DIO1,1.2505212968769586,0.0032811246091236012,0.005015224725827266
HSD17B2,-1.065958484886492,0.003421084792246905,0.005218637934573905
GABRB3,-1.0967993854258147,0.00362382138609093,0.005511733012283856
SLC30A8,1.5230652702872192,0.004069207506617784,0.0061414297523392355
PGC,1.2969880471591617,0.004676664373104519,0.007013104595263119
SLPI,-1.0236071867553012,0.004751744192384836,0.0071207705222673225
SLC5A8,1.3667214850119147,0.004804163493821728,0.007195769610634157
SULT1E1,1.10899964881475,0.004933348203957615,0.007382582814587346
PVALB,1.455579668882479,0.005296550996526399,0.007894949049276944
TARP,1.0088250094067472,0.0054838667724097095,0.008157459087862544
MSLN,-1.0836693465445877,0.005772288712155088,0.008568292540761564
PIP,-1.4250593252226231,0.009190044369078294,0.013298861407928467
LST-3TM12,-1.014642781888875,0.010754547657124419,0.015434013797117297
PLA2G2A,-1.028105731844975,0.01274941869982944,0.018131067858827756
KRT4,1.2504630502947442,0.01297514041824838,0.018427594681546013
KNDC1,1.0982944437476498,0.014809377476208602,0.02086494568107006
TFAP2B,1.008329838203938,0.022281982223550816,0.030622795199342807
C1orf64,-1.0462814373510607,0.02898269973286758,0.039172266352642454
CLEC3A,1.4832752288975293,0.02915202416549173,0.03937773047524829
SCGB2A2,-1.4797837827668374,0.03418425503635242,0.04572721887321598
