gene,log2FC,pvalue,FDR
SFRP1,-7.371084471108034,1.6034488230302426e-132,2.918757892561951e-128
SPRY2,-3.5838563934852274,4.024916200261042e-127,3.663277479667587e-123
BOC,-3.2272073334488445,1.0401903553338657e-118,6.311528346047452e-115
OSR1,-5.3490214069132795,5.822413113101119e-118,2.6496346474444917e-114
DMD,-4.65129206012302,7.59652133714307e-118,2.7655895580003056e-114
ID4,-4.591961656415143,2.8093888683176303e-115,8.523217594997638e-112
C2orf40,-6.6491661179935875,2.806410812888612e-113,7.297870861001631e-110
HOXA4,-3.4440558563631636,4.7199684041013826e-113,1.0739698107482184e-109
PROS1,-2.884070220046783,2.8097416713096605e-110,5.682858626983306e-107
CNTNAP3,-5.100193255652776,1.0732291081312002e-109,1.9535989455312235e-106
CYYR1,-2.7085006540760626,3.9947623702260557e-109,6.610605402293172e-106
CLDN11,-4.149653049467209,8.04421287271373e-108,1.2202400576834003e-104
TMEM220,-3.0748880966819723,6.580837106433369e-107,9.214690603723586e-104
KLHL29,-3.806955817378496,8.537630573511401e-107,1.1100749237830574e-103
SOX10,-7.689756354500566,3.8148511408805725e-106,4.62944902116327e-103
SCN4B,-3.5150137269340727,5.488691763883271e-106,6.244416011122948e-103
EGFR,-4.550735038551505,1.6154877081088553e-105,1.7298072206297349e-102
RGMA,-3.5682477952005573,3.5758393081708504e-105,3.6161668292574436e-102
TRPM6,-4.001253599584164,1.7245141609747926e-104,1.6521753301170605e-101
FOXC1,-3.1865463397730185,2.2628807522559796e-104,2.0595609166657795e-101
FMO2,-5.14241785930867,3.310291050902425e-104,2.738964909071675e-101
MAMDC2,-4.564427570822143,3.26681605704501e-104,2.738964909071675e-101
MEIS2,-2.7813085246469713,5.056352193711851e-104,4.0017729992233403e-101
TSLP,-4.762273971237979,1.0217584395756778e-103,7.749612031498359e-101
FGF2,-4.353600978948277,2.3433613856135245e-103,1.7062482920929195e-100
MYH11,-5.02142141557654,4.437800305933238e-103,3.1069722680347204e-100
AQP1,-2.9068419215108747,1.743924461503976e-102,1.1757280360280325e-99
FAT2,-5.75110470848133,6.351566612763072e-102,4.129198823290221e-99
ITM2A,-3.3761741574980526,2.5419436440143222e-101,1.595551729379059e-98
FAM107A,-4.797376695832975,4.6593412510686696e-101,2.827132959773433e-98
SYNM,-5.184443043402931,9.532122247974257e-101,5.5972006864475935e-98
NTRK2,-4.889666984319502,1.7524337865725242e-100,9.968610067806143e-98
C21orf34,-3.6231461275231736,1.9076164318890567e-100,1.0522527851417122e-97
SYN2,-5.041202871870398,2.474974452141105e-100,1.3250576456566041e-97
RHOJ,-2.2966349952352063,8.057794949593096e-100,4.1907440419269467e-97
FXYD1,-5.758871168673656,1.173364811720096e-99,5.932988796594696e-97
MOBKL2B,-2.764702525340036,1.4603176296416478e-99,7.184368057396464e-97
GIPC2,-3.7791130815212686,7.1328783951487314e-99,3.4168364586024307e-96
IL33,-4.871861309884777,2.5819996980746305e-98,1.2051318077962181e-95
PPM1F,-1.6162612189205579,1.6542263456303843e-97,7.52797054237747e-95
TINAGL1,-3.258782002079184,2.442613395662819e-97,1.084460771737812e-94
CHST3,-2.619918153859479,1.431926050360413e-96,6.206035689216809e-94
STAC2,-8.092534133240925,4.896294721706393e-96,2.0727268097493363e-93
MAPK4,-4.836793493892403,8.049130956248496e-96,3.329962063558895e-93
LEPREL1,-3.0543934505761046,1.4387016586204764e-95,5.819708064859674e-93
NRG2,-4.8593593866412546,1.9468887562238804e-95,7.704177397726803e-93
CAPN6,-5.3582437451269165,2.0327812900129348e-95,7.872918685554351e-93
CX3CL1,-4.2206665165035115,6.008369304090704e-95,2.2785488842158976e-92
ITPRIPL1,-3.4622405223945254,6.839306009686466e-95,2.540732393761689e-92
SCN3B,-3.876626552889196,8.844118441174577e-95,3.219789759694016e-92
MAML2,-3.058736441999476,1.7584231486732705e-94,6.276191485352852e-92
TSHZ2,-3.564735649311272,2.682845640024803e-94,9.391507535648363e-92
RERGL,-5.297909910768432,6.933581740383337e-94,2.3591512064665084e-91
HOXA3,-3.19834300441826,6.998525800647775e-94,2.3591512064665084e-91
CACHD1,-3.0796968855583495,9.838911047769988e-94,3.256321778228311e-91
ANXA1,-3.0708787620202713,1.9988137588236595e-93,6.497215509261977e-91
PLAGL1,-2.7414687776141395,4.8325942313129735e-93,1.543293206887545e-90
SPARCL1,-2.4205289569436026,8.693182611728445e-93,2.7283103979533254e-90
TACR1,-4.905419999133673,1.1833894255969621e-92,3.6510572396850003e-90
IL34,-3.411608862514079,1.9614919051327785e-92,5.950839524855328e-90
RGN,-4.222683505154639,2.6804803766404893e-92,7.998817097702758e-90
S100B,-5.725916750411503,3.567731686201764e-92,1.047474514256947e-89
JAM2,-2.5445366889023653,1.5883846967910879e-91,4.5894232755060594e-89
HOXA7,-3.2956065320973744,1.6435364967649858e-91,4.6745773204082866e-89
PTPRZ1,-6.102750160270293,1.7389130885438364e-91,4.8697592231943774e-89
KRT5,-7.51840896214156,2.0851027297988786e-91,5.7507765137165134e-89
HOXA5,-3.5908218877241627,3.919070079532538e-91,1.0647586963840417e-88
CRYAB,-5.227705098327991,1.5578951964237303e-90,4.170347979485465e-88
NGFR,-4.292241193797107,3.2278049763399754e-90,8.396073909578066e-88
MYLK,-3.1211954994368867,3.228726988246249e-90,8.396073909578066e-88
INPP1,-1.7145393918392084,3.628129856405392e-90,9.301809545936246e-88
FAM126A,-2.7373374902538323,4.542322567191995e-90,1.1483874679249428e-87
SCN2B,-4.582596534696352,4.763638169701902e-90,1.187842542507996e-87
STAC,-3.5803133933985962,5.896669674591357e-90,1.4505010552241414e-87
GFAP,-4.897748111409513,9.592662271199283e-90,2.328203084301874e-87
ACTG2,-5.334258862514076,1.1556434155667234e-89,2.7679180386264564e-87
RELN,-5.688331023130901,1.6448246907632894e-89,3.888408291683657e-87
GPRASP1,-2.8220843888070712,1.7013404778953203e-89,3.970448810144682e-87
RASSF9,-3.3109340639348535,2.2008000054292743e-89,5.0710332276998836e-87
HLF,-4.3990755349562525,4.082459994078276e-89,9.289127409025857e-87
RACGAP1,2.2219038594819374,4.137972663818492e-89,9.299199555492348e-87
BBOX1,-6.249452568656327,4.6180273195384966e-89,1.0251457475312104e-86
FAM171A1,-2.4975159707181858,6.214076836733097e-89,1.362829405530754e-86
NFIB,-2.902272325218748,6.505249308502266e-89,1.4097030138412709e-86
CXCL2,-5.582737568223166,7.307710600068752e-89,1.5649677182711938e-86
SDPR,-4.950331391319415,1.033857943798479e-88,2.188292575693455e-86
ATOH8,-4.437462860608159,1.3275546941677393e-88,2.7776411606822248e-86
USP44,-3.4111549813739916,1.6864402794495753e-88,3.488440046229616e-86
PAMR1,-4.602031278697049,1.7154464509045796e-88,3.508569859080456e-86
C2orf88,-3.9573793641167807,2.3533880056107838e-88,4.674002272327011e-86
PTX3,-4.6764112838950025,2.3325697323516289e-88,4.674002272327011e-86
L3MBTL4,-3.267861517802997,2.3622930783611772e-88,4.674002272327011e-86
PLA2G4A,-3.0937782725461336,2.5387695063085764e-88,4.969163583154303e-86
HOXA2,-3.4693720609893433,3.991339445337806e-88,7.729186374838732e-86
DST,-3.1336420947760537,7.208773162428352e-88,1.3812768197440348e-85
TCEAL7,-2.9926903621242316,8.539493578400628e-88,1.6192125167461108e-85
LIMS2,-2.634697050160269,8.708185932881022e-88,1.6341763766621982e-85
LMOD1,-3.3183867018972553,1.4524060310622268e-87,2.697770100349563e-85
RCBTB2,-1.6192142207398428,2.041065721230561e-87,3.7528807397535257e-85
RND3,-2.627008767218225,2.9362229893741182e-87,5.291887829265057e-85
CNN1,-4.49684686823183,2.917527065391496e-87,5.291887829265057e-85
TSPAN7,-3.4661039634410455,3.3758625090924944e-87,6.024590711079478e-85
ANKRD35,-3.1377431127090016,3.46050053425655e-87,6.115678759715726e-85
C3orf64,-1.7817217144589748,3.8165033984282485e-87,6.679981861691289e-85
PRSS12,-4.184054938057695,6.871363055884125e-87,1.1912325876786546e-84
SNCA,-2.7033254309971406,7.926192858411772e-87,1.3611366849214102e-84
SPRY1,-2.4743856319847524,1.1130549835818361e-86,1.8935457818822583e-84
NDRG2,-3.3266468205839104,1.213746634974531e-86,2.0457249996704989e-84
LOC728264,-4.474268409425627,1.5041994952130383e-86,2.512013157005774e-84
CHL1,-4.544679740968552,7.262915052207244e-86,1.2018803881393496e-83
ROBO3,-2.821641180802218,8.135261730141454e-86,1.3341096330969809e-83
A2M,-1.8707409685523686,9.773372546530583e-86,1.588434825575859e-83
FAM13C,-3.0046358312397112,1.0177103633288166e-85,1.6394143135995088e-83
PPP1R14A,-3.6687096811920643,1.2052974821937241e-85,1.924564041085295e-83
KLK7,-6.198049034046608,2.0833624205582143e-85,3.2976909688192326e-83
TIMELESS,1.8966356709694168,2.3525731537662208e-85,3.691714579138493e-83
CD300LG,-6.845789339859654,2.6852320172714885e-85,4.177716103452385e-83
PDE1C,-4.906612877934679,3.767480654079346e-85,5.811817825949689e-83
ETS2,-1.9909989560772772,4.19571990984609e-85,6.4180411360444015e-83
SOBP,-2.49932416616131,4.588465534334806e-85,6.96031984345804e-83
EDNRB,-2.7806207918218826,5.629327230471405e-85,8.468648229443882e-83
MID1,-3.1806273065927364,8.245880086825842e-85,1.2303258624630393e-82
GABRP,-6.9542241098501245,8.760552329857237e-85,1.2964905208161893e-82
DPYSL2,-1.9023293424586338,1.3791949498207396e-84,2.02463594125701e-82
NCRNA00086,-3.7296963094516165,1.8179170984952316e-84,2.647323595512696e-82
IGSF10,-4.606300944295244,1.9819758050240718e-84,2.8633258395915226e-82
LOXL4,-3.883232487221692,2.7804865422963736e-84,3.9852910653087316e-82
TLE4,-2.3274517109936745,3.1048319801387843e-84,4.415410666755179e-82
RASIP1,-2.2506166681105446,4.80840937310441e-84,6.78507564485423e-82
TNFRSF10D,-2.976126700164601,4.928092646689505e-84,6.900466957514543e-82
DNASE1L3,-4.259201325478644,5.492666144640158e-84,7.632290216098076e-82
C10orf54,-2.2889481070778803,5.844146122423595e-84,8.059166050490659e-82
EPHB6,-3.2746855323572728,7.410408318282503e-84,1.0142230272007248e-81
DSC3,-5.532803322359872,8.49662319358858e-84,1.154209193976813e-81
CCL14,-4.628405007363772,1.5427881850098628e-83,2.08024987642478e-81
KLK5,-6.616836853504287,5.190578928117823e-83,6.947360899156525e-81
D4S234E,-4.683570991076844,5.398657395449865e-83,7.17312120944335e-81
KIAA1045,-3.188703391665946,5.552078411744684e-83,7.32351328470931e-81
WDR86,-3.6512670449623155,5.732067426956297e-83,7.452915955206105e-81
TIMM17A,1.2914836091137474,5.721645336031609e-83,7.452915955206105e-81
PRNP,-2.2822506280862864,7.105280602264065e-83,9.1728668654619e-81
KRT14,-7.578465918738631,9.868243340316432e-83,1.2649803017819007e-80
ENPP2,-3.5198533266915044,9.937492894292799e-83,1.2649803017819007e-80
RYR3,-4.170296274798581,1.0036053154102158e-82,1.268654691417511e-80
ZFP36L2,-1.9921594689422175,1.5567301022250372e-82,1.9542867621243003e-80
NR3C2,-3.132949129342461,1.586604842856793e-82,1.9781484900357672e-80
ABCA10,-5.024498271679807,1.704764564472632e-82,2.111008800482675e-80
LASS2,1.410347816858705,1.9951846837336705e-82,2.453942351216487e-80
PDE9A,-2.802076903751191,2.3196157879264544e-82,2.833823234068809e-80
LOC399959,-2.543268149527851,6.748292244002581e-82,8.189277581171932e-80
MT1M,-3.59786160443559,7.19487119593291e-82,8.673393402620315e-80
SCN3A,-4.486105973317164,8.975763193483159e-82,1.0749066934932497e-79
TTC28,-1.6465834315169339,9.730403464911076e-82,1.1576636226913484e-79
PHYHIP,-3.4324540067573417,1.8801674713485828e-81,2.222382368893393e-79
NCRNA00087,-2.7556859481937113,2.3839068164315385e-81,2.799629405129245e-79
LAMB3,-3.779983565797451,2.721497258195347e-81,3.175603499418584e-79
MIA,-5.642538573161223,8.987877919661135e-81,1.0420786100101378e-78
PNMAL2,-2.379179736636922,1.2394660221382518e-80,1.4279746836064934e-78
ALDH1A2,-4.391756272199602,1.3988385867110746e-80,1.6014502386101692e-78
IRX1,-5.164826167374166,1.4396602809574632e-80,1.6378835058917937e-78
ABCB1,-3.244816737416617,2.2871041710595587e-80,2.5858482748942325e-78
GDF5,-3.3879503075456987,2.3178493201067035e-80,2.6044327885124894e-78
CFI,-2.3471927618470083,2.795787184498068e-80,3.1221910502710633e-78
FREM1,-4.483061847006844,3.454001570337296e-80,3.8337311332225487e-78
TM4SF18,-2.5907007840249516,3.6693590944696185e-80,4.048081430098816e-78
CCDC82,-2.0150387810794417,3.755254221769893e-80,4.117885096317914e-78
GNAL,-3.3683690028588753,3.831280099285281e-80,4.176095308220956e-78
RASL12,-2.0838543099714117,4.721902266887544e-80,5.116237319294879e-78
NAALADL1,-2.0176583210603836,5.484023381869501e-80,5.9068448295958895e-78
ECT2,2.0764249285281142,6.338205710174649e-80,6.786726973077008e-78
SAMD5,-4.65742176643853,6.38164090178746e-80,6.79327539972147e-78
TRIM29,-5.742330473013947,1.3493006911516027e-79,1.4279837488972457e-77
MRAP2,-3.6947437061422512,1.543438152994654e-79,1.6240002716162827e-77
JPH2,-3.737798570562246,2.5464851495280092e-79,2.6640039756815143e-77
CDC14B,-2.498619223771982,2.566866972394322e-79,2.6699816856282197e-77
KRT17,-6.494988759421294,3.6322201072087686e-79,3.75666492110916e-77
ADAMTS5,-3.661467569089492,3.7043478902223e-79,3.809618341565906e-77
KLK6,-5.520018314129775,6.170572847537598e-79,6.310277390097017e-77
VIT,-4.918763315429263,7.994691579132148e-79,8.130020715918574e-77
PGM5,-3.590794542146752,1.0958979639204558e-78,1.10825725762467e-76
PELI2,-2.5770562548730815,1.2740321993346203e-78,1.2812822168225466e-76
C18orf34,-3.8539841462358133,1.690130494376142e-78,1.6904090873147755e-76
ARHGAP20,-3.5378537945074946,1.7408632272923036e-78,1.7316357008962734e-76
EPHA2,-2.1217552282768795,1.7629314269160665e-78,1.7440565632691932e-76
DUSP6,-2.2068338040370783,2.0685319568216352e-78,2.0353236329742824e-76
EME1,2.930922351208525,2.2858706115617494e-78,2.2370807925945444e-76
BMX,-4.036906973923591,2.646164138429225e-78,2.5758356049105442e-76
F3,-3.2122182534869603,3.1360817108875524e-78,3.0364944352811763e-76
SCARA5,-6.8139248678853,3.558245406883247e-78,3.427023340819881e-76
CAV2,-3.347256553755523,3.604636862358986e-78,3.453431831869507e-76
PPAP2B,-2.227489482803433,6.011004137171752e-78,5.728707241305623e-76
TCEAL2,-3.7161258598284657,6.655212556454266e-78,6.30962677943422e-76
SPAG5,3.1887608897167095,9.722494624508258e-78,9.169874075125587e-76
THSD1,-1.8494941003205412,9.91600451401192e-78,9.304176812812317e-76
SOSTDC1,-5.773427921684139,1.6143796966972433e-77,1.507002749691278e-75
SKI,-1.0757406783331884,1.886575422212651e-77,1.7521087964559638e-75
POLR3K,1.6180421164342036,2.4135016720926537e-77,2.230100047568659e-75
C9orf125,-2.5919571385255127,3.056566470702552e-77,2.810034316474674e-75
LPHN2,-2.20304320800485,4.0632503834943926e-77,3.7167510919974083e-75
TCF7L1,-2.564801970891449,4.157921130947301e-77,3.7843319173316866e-75
SIRPA,-1.7938624750931318,4.81283744722657e-77,4.3586109478539923e-75
FAM49A,-2.2127914926795462,6.215800932749415e-77,5.601298236576119e-75
ABCA8,-5.425493515550551,9.158660499493451e-77,8.21256635824036e-75
KCNMB1,-3.8631900762366778,1.0365524102236664e-76,9.249197805539902e-75
TMEM71,-3.2110216624794243,1.1364815946157268e-76,1.0091402178921988e-74
LHFP,-2.4692103439313886,1.465610655055811e-76,1.2950733375718896e-74
GGTA1,-2.766165000433161,1.6390806756326672e-76,1.4413616202193934e-74
KCNE1,-4.681754219007189,1.7343265940517832e-76,1.5177859130540678e-74
ADH1C,-5.087175799185655,1.838299583917784e-76,1.6010797763662881e-74
PAK3,-4.048513285107858,1.872415917230601e-76,1.62302794958803e-74
PTCHD1,-5.057826431603569,2.816423033307085e-76,2.4297321552269604e-74
CLEC1A,-2.213258329723643,3.321640616039789e-76,2.8520671761213337e-74
CHRDL1,-5.952593013081517,4.397872851754601e-76,3.7584262685675585e-74
LRIG3,-2.356784297842851,4.448922726494472e-76,3.784286934129854e-74
RCAN1,-2.8620630945161523,6.003942538664002e-76,5.08324493168841e-74
HSPB2,-3.2371968639002002,1.140926913482348e-75,9.614950280610732e-74
C17orf51,-2.04837849345924,1.1530583318128744e-75,9.672405905064402e-74
AMOTL1,-2.3286878930953847,1.2474408720825255e-75,1.0416131281889086e-73
TMEM100,-4.515543086719225,1.5267587208115138e-75,1.2644991004977784e-73
CORO2B,-2.850585220479945,1.528263484642703e-75,1.2644991004977784e-73
PLSCR4,-2.4681601143550216,1.8483433967732685e-75,1.5224160566273218e-73
SLC6A14,-6.014307515377285,2.1074722623064934e-75,1.7280323239083377e-73
SMC4,1.6535205535822595,2.99462654231759e-75,2.444447845282829e-73
SLC6A2,-3.9433263969505314,3.249814201686865e-75,2.6409092818440185e-73
DACT2,-4.685997808195442,3.369065395387222e-75,2.7256487729881598e-73
LRFN5,-3.3864750064974443,3.3918544594817317e-75,2.7319436604400867e-73
ARID5B,-2.0146875508966477,4.284739735768355e-75,3.4208384829031303e-73
TF,-5.806926033093652,4.268986195872344e-75,3.4208384829031303e-73
C1orf190,-2.1835690721649472,4.63394990389077e-75,3.6834842838656626e-73
PIK3C2G,-5.621554309971412,6.294677585035528e-75,4.981826786104422e-73
APBA1,-2.244239829333793,7.536298809315559e-75,5.938668711081e-73
ANXA8,-4.840072342545266,8.577649972713003e-75,6.730127691952362e-73
ATP1B2,-2.361527661786364,8.827817587189722e-75,6.896685130455559e-73
CD200,-1.8188526119726252,1.2047325560697085e-74,9.371686631682437e-73
SCHIP1,-1.6510208438014375,1.3137528344207931e-74,1.017627355104753e-72
CENPL,1.5138663605648448,1.3837201134697682e-74,1.0650879400563996e-72
NOD1,-1.2310380013861222,1.3867265933822267e-74,1.0650879400563996e-72
ADRB2,-3.1950560209650867,1.4036873209785126e-74,1.0735848867131037e-72
PTRF,-2.3232744563804903,1.5128274931294791e-74,1.1522175254157284e-72
KPNA2,2.261731049120682,1.52647380381141e-74,1.1577667771157957e-72
EPHB1,-4.022427137659187,1.6418990659117983e-74,1.2401447592030068e-72
HIF3A,-5.406610664471973,1.7070494178139998e-74,1.2840256426639767e-72
APCDD1,-2.914787048427616,2.0163569263979298e-74,1.5104421864700212e-72
EFHA2,-2.9801769037511905,2.1031443271435172e-74,1.5689973847128462e-72
DSG3,-5.766383860348262,2.8337620272792066e-74,2.1054273543903429e-72
GPM6B,-3.2759541107164525,3.169870091740465e-74,2.34557501138015e-72
MYLK4,-2.028922723728667,3.330730352266488e-74,2.454626906975987e-72
KIT,-4.648001524733604,3.360762559604909e-74,2.4667726158261355e-72
MT1X,-2.7986704539547764,4.037235397751885e-74,2.9513974275211867e-72
CBX7,-2.1179508230096165,4.2838560669516946e-74,3.1191612794688677e-72
MET,-3.3083885818244854,4.769894163858318e-74,3.4592184647296004e-72
HN1L,1.4172764792514911,4.988770779099517e-74,3.603595019521766e-72
PLD1,-2.000981365329636,5.3346816018907256e-74,3.8382296126172677e-72
AVPR2,-3.580451897253746,7.595553515240265e-74,5.443380340075534e-72
PELI1,-1.9096639695053277,9.42357500089076e-74,6.726954342792726e-72
POU6F1,-1.6792472797366376,1.1081959812385122e-73,7.879879471283061e-72
CLDN5,-3.4455750281555897,1.1600429824577384e-73,8.215136582404004e-72
CCNE2,3.3707618556701027,1.1643713883756705e-73,8.215136582404004e-72
GPRC5B,-2.1238156068612977,1.2166555577651954e-73,8.550880740540483e-72
NKAPL,-2.7726981850472145,1.248493514491851e-73,8.740895170882754e-72
TGFBR2,-2.5646168240492067,2.2096430905108808e-73,1.541077899485424e-71
SLC27A6,-4.709891384388806,2.484360007643198e-73,1.7260612679056921e-71
H6PD,-1.2605989127609796,2.5720685222049828e-73,1.7802039281253726e-71
ARL6IP1,1.2495371393918386,2.780217711623837e-73,1.9169811744200267e-71
SOD3,-3.61074342458633,3.0161485664698414e-73,2.0718095228471897e-71
AASS,-2.321648557567359,3.276297205792918e-73,2.2420465427461834e-71
CCNB1,2.6470165728146933,3.533148830736722e-73,2.40876060546444e-71
EGFLAM,-2.2282031707528356,3.609051720440308e-73,2.451327181611005e-71
GPIHBP1,-4.281289352854546,3.702391856925756e-73,2.5053769134431053e-71
KLHL13,-3.898498470934766,4.294852179043959e-73,2.8955257116717475e-71
MME,-4.418040699991336,4.3405659040665494e-73,2.9155469059676532e-71
SH3TC2,-2.744466455860696,6.197535139984673e-73,4.147563682100772e-71
FIGF,-6.0716499523520735,6.349399733532438e-73,4.233630891922746e-71
MATN2,-3.693511881659882,6.762609862552587e-73,4.492692968176815e-71
LIX1L,-1.609906523434117,7.261552165146243e-73,4.806619420442075e-71
DARC,-4.771774785584336,8.262805914198629e-73,5.4495600020346974e-71
TDRD10,-2.8365230139478483,1.1257351540645384e-72,7.397746212793066e-71
ADCY4,-2.3257611929307798,1.185059148191166e-72,7.759579739037337e-71
TP63,-5.097132054058736,1.404501499898529e-72,9.163491327115744e-71
KLK8,-5.088892553928787,1.4690547770856942e-72,9.550430038318175e-71
CMTM7,-2.2934042233388228,1.7342087178382304e-72,1.1234092986053134e-70
TMEM88,-2.483590552715932,1.766781718689508e-72,1.1404513342306778e-70
FGFBP1,-5.419532608507323,2.0322770888638918e-72,1.3071922207982128e-70
SYT15,-2.683250281555922,2.0788341539350444e-72,1.3324302149323807e-70
SCN5A,-3.561081083773715,2.1664940192308608e-72,1.3837435309494513e-70
ADAMTS1,-3.1252440829940227,2.43456957206807e-72,1.5495269202921353e-70
GYPC,-2.3958957939876973,2.803268565815197e-72,1.777975529739862e-70
COL17A1,-6.454274833232261,3.115583940694426e-72,1.9692005025159943e-70
INMT,-3.3671101749978343,3.129828109524611e-72,1.9713585147984946e-70
SNCAIP,-2.5060303560599513,3.598667116302295e-72,2.2588461213120925e-70
ADAM33,-4.1455761543792775,4.4272154216821975e-72,2.7693677773498638e-70
SPNS2,-2.149308819197781,4.609035237490165e-72,2.873228370823064e-70
DSN1,1.380011301221522,4.649648655268725e-72,2.8886537362408395e-70
DEFB1,-4.56013614744867,5.529491969899401e-72,3.4175794612076014e-70
EMCN,-2.4068992766178603,5.538570241478012e-72,3.4175794612076014e-70
S1PR1,-2.498496439400501,6.078127942670059e-72,3.7378433425818615e-70
BACH2,-2.5621323832625826,7.109001042406943e-72,4.357075622051636e-70
FLRT2,-2.711556116260933,7.543253685198636e-72,4.6077129809285497e-70
ITIH5,-4.513792406653383,7.780896567324407e-72,4.736978602508568e-70
VGLL1,-5.203029021918045,8.713547296748052e-72,5.28709004809016e-70
KCTD12,-2.030940825608596,1.0844180281310439e-71,6.558027031916742e-70
RGS6,-3.925985636316381,1.2160405929065378e-71,7.329664540621758e-70
PDGFD,-2.396406397816863,1.251312653741678e-71,7.517374335333255e-70
UBE2T,3.505565273325824,1.430200182339872e-71,8.535716039059898e-70
KCNJ16,-5.810517049293945,1.4288121533702981e-71,8.535716039059898e-70
TMEM132C,-6.1254099800745045,1.951714394845853e-71,1.1610149388685968e-69
IL11RA,-2.031297409685525,2.339312038935218e-71,1.3870520210012304e-69
MALL,-2.065443389933291,2.6826642594901353e-71,1.5854719972564588e-69
GPR12,-4.464828320194059,2.7165956606282973e-71,1.600329799689867e-69
LOC284578,-4.131140288486529,3.372608824578838e-71,1.9803741430260834e-69
DAB2IP,-1.7066951442432643,3.4431433388489792e-71,2.0152906172690664e-69
B3GNT5,-2.393267109936759,3.537594132752345e-71,2.0639367307208636e-69
RAG1AP1,1.8997923503421976,4.13381559906878e-71,2.404084515969617e-69
ARAP3,-1.7471827861041316,5.19184159493983e-71,3.0097800176015837e-69
PEAR1,-2.5291629775621587,5.620593784166376e-71,3.247989481053351e-69
LDB2,-2.3593286407346437,5.998427211498889e-71,3.455359826927667e-69
CCDC8,-3.0798919128476117,6.286961763899816e-71,3.610144005939065e-69
ALDH1L1,-6.141832127696437,6.978877075808431e-71,3.994858472042166e-69
C6orf145,-1.994393467902622,7.470165377585164e-71,4.2626777544884873e-69
KRT6B,-5.770547149787751,8.544228894712448e-71,4.860331205326584e-69
EVC2,-2.3451685437061425,9.097338229385771e-71,5.158842610265084e-69
TBCE,1.1043754613185506,9.941818294319514e-71,5.620214857499942e-69
PLCG2,-1.7304268301134913,1.0484162692323901e-70,5.908458621931021e-69
FAM13A,-2.7209222039331173,1.0787568924382483e-70,6.060682627485628e-69
FANCI,2.149249558173784,1.0842193034462529e-70,6.072628917117582e-69
MEOX1,-4.116433834358487,1.1091136842220773e-70,6.193005028801985e-69
SERPINB5,-5.2131737286667255,1.564231565250339e-70,8.707555713226888e-69
PNRC1,-1.48411858702244,1.5703426882580162e-70,8.714923156817276e-69
RBMS3,-2.796781365329638,1.656800216379333e-70,9.139010405682727e-69
SAA1,-6.329332110369918,1.6540735872279326e-70,9.139010405682727e-69
FBLN5,-2.626020687862775,1.9877403214495368e-70,1.0931370716418705e-68
KLHL21,-1.594214069132807,2.60775694023974e-70,1.4297891440718069e-68
MGAT3,-2.739223117906956,2.7424049914303442e-70,1.4990990408110076e-68
FOXO1,-2.1442697175777496,3.468053133281413e-70,1.884446901048405e-68
RBMS2,-1.3608911418175484,3.672221770486725e-70,1.989448002624103e-68
PDE7B,-2.2426064411331534,4.3497810055139355e-70,2.3495271110792335e-68
CADM3,-4.57680284154899,4.7355506950048624e-70,2.55033222784537e-68
METTL7A,-1.8460631508273426,4.7497114143235883e-70,2.550412887166144e-68
C10orf90,-5.174032690808282,4.853731071440213e-70,2.5986019615713585e-68
RABIF,1.2341413454041419,5.968724394882686e-70,3.1861785970689015e-68
PALMD,-3.1392677900025996,6.888419831809642e-70,3.6663715262699096e-68
ZBTB16,-4.853064489300876,7.211396708275023e-70,3.827086130633534e-68
TRIM2,-2.754842384995234,7.707086475341187e-70,4.078258578797547e-68
CLEC4F,-2.936661218920557,8.04047335000865e-70,4.242340185223404e-68
ERG,-2.0420079355453478,9.845346195029758e-70,5.179619560350483e-68
CHST9,-4.873413155158971,1.0742482578965193e-69,5.635314420314219e-68
PRKCA,-2.3673925495971595,1.3666039663023225e-69,7.148359769712982e-68
CXorf36,-2.3856637355973325,1.4324286896617647e-69,7.471203277338999e-68
ZNF521,-2.127111634756994,1.4516211037996057e-69,7.54967398641835e-68
SEMA6D,-2.9904514251061274,1.5024219223573433e-69,7.791620015005902e-68
PTCH2,-2.734747730226111,1.7186183950955835e-69,8.887503024410485e-68
SRPX,-3.213620246036557,1.7614281937636053e-69,9.083081419569095e-68
KL,-2.89563891535996,1.7908344246353393e-69,9.208632494812734e-68
PPP1R14C,-3.9276717621069057,2.107027674869507e-69,1.0804006976239335e-67
LOC286367,-3.034954413930521,2.3601238195481124e-69,1.206779041776244e-67
MRAS,-2.630995187559563,2.4531589627513286e-69,1.2508362072538496e-67
ST8SIA1,-2.7038282292298366,2.784750185019314e-69,1.4159443468688988e-67
ANXA3,-3.6275485748938747,2.915834017143967e-69,1.4784659223975385e-67
RGL1,-1.9355059689855327,3.625085636095711e-69,1.8329842731625064e-67
C8orf79,-3.742059776487915,4.259826638755933e-69,2.147967432279065e-67
GRIA4,-5.803879242831154,4.3297398919906655e-69,2.177189371654864e-67
MAB21L1,-3.425582760114354,4.5031565396871114e-69,2.2581531264992975e-67
PDE2A,-3.477767174911201,5.606097568965068e-69,2.8035108254909653e-67
LRRC2,-3.3637883002685607,5.66164442189574e-69,2.823531874295018e-67
MRGPRF,-2.925377973663693,7.000978104080503e-69,3.481934547228891e-67
CXCL1,-3.6235199904704145,7.083305344836307e-69,3.5132808499197626e-67
DARS2,1.3157881140084893,9.552505271911027e-69,4.725115583277077e-67
KLF15,-4.188137386294724,1.0744002171896487e-68,5.300083239431755e-67
PARP1,1.1613396214155767,1.0918302784167952e-68,5.371509880546195e-67
MEOX2,-3.524334037945075,1.15248113630685e-68,5.654612971480751e-67
RNASE7,-4.147472377198302,1.1957952607866182e-68,5.851360519381401e-67
CHST2,-1.8446869791215432,1.3232523268172044e-68,6.457684210470126e-67
FAM162B,-2.5379453175084468,1.796804683861106e-68,8.745250176557142e-67
CAV1,-3.5109433682751447,2.073891624396874e-68,1.0066946463705679e-66
TLCD1,2.3996467382829403,2.2316198300392584e-68,1.0803770150586335e-66
COL14A1,-3.1244157238152983,2.70414597321957e-68,1.305664964204664e-66
TNXB,-4.840520744173955,2.9357623552009164e-68,1.413748205072018e-66
BUB3,1.1487535779260138,2.99193357270293e-68,1.4369964861190351e-66
SYT8,-4.996816828380837,3.4179491302708653e-68,1.6372875794294885e-66
FAM189A2,-4.196422368535041,3.4671959457221174e-68,1.6521824031408298e-66
ISM1,-3.1922701160876734,3.4632006754429107e-68,1.6521824031408298e-66
SHE,-2.424635818244826,4.624455637923891e-68,2.1978842291678483e-66
CDKN1C,-2.6783131594906022,4.666881349221603e-68,2.212271906246897e-66
TAGLN,-2.2730177726760807,4.9214595574984785e-68,2.3268916448089557e-66
LRRTM2,-2.956607303127438,5.785082071667953e-68,2.728130801828284e-66
ANXA8L2,-4.800393082387595,6.4531626146467385e-68,3.035320906315622e-66
TMEM47,-2.4021074720609885,6.846404351435874e-68,3.2119870724017325e-66
LEPR,-3.3884836654249337,7.72193606132991e-68,3.6134293605241227e-66
ATAD2,2.310744403534608,7.844935236604461e-68,3.6615732336387436e-66
LARP6,-2.2018696699298275,7.922498114801707e-68,3.6883179842387585e-66
GNG7,-2.4536253053798838,8.375162764489388e-68,3.8891093827040904e-66
CLDN19,-5.5765279909902095,8.825738868243133e-68,4.087911567904065e-66
FXYD6,-1.929088473533743,8.976762460760462e-68,4.14730982419347e-66
RNF145,-1.7746787576886405,9.030766483212678e-68,4.161697273263807e-66
BTNL9,-4.234675478645065,1.019574550884832e-67,4.68669584589813e-66
DCHS2,-3.1479980421034393,1.0328030422434012e-67,4.73554503223089e-66
TRIP13,2.481546019232435,1.1375225424539246e-67,5.20259367846452e-66
COL25A1,-3.4158640041583634,1.2514009208928385e-67,5.709085454389057e-66
ALPL,-2.731266403881138,1.3421790288270866e-67,6.107921215434864e-66
MSRB3,-2.2934061465823454,1.3484975123691727e-67,6.121371625350636e-66
COL6A6,-4.709598198042105,1.3522736892616042e-67,6.123243275032084e-66
TTYH1,-4.767144091657281,1.4151505261079272e-67,6.39205583790139e-66
NECAB1,-2.999738356579745,1.4237635585332834e-67,6.415041598015188e-66
LIFR,-2.9969088755089697,1.506350577815736e-67,6.770394955056751e-66
PCDHGB7,-2.4736666291258773,1.7080293631348476e-67,7.657945442646215e-66
CLIP4,-2.7784783721736117,1.823822238096739e-67,8.137018676488955e-66
TTC23,-1.5213503118773293,1.8781093192465254e-67,8.358734459228485e-66
CDO1,-4.285313947847182,1.9159005735429483e-67,8.506131253707875e-66
BCL11A,-3.9490949363250443,2.2267776226241448e-67,9.862295149544358e-66
FABP7,-6.2580681538594805,2.267251979085725e-67,1.0017181498858606e-65
HPSE2,-4.575042354673828,2.3471308978045784e-67,1.034499363988783e-65
ALDH1A3,-3.2448571211989963,2.411544306021844e-67,1.0603222464375756e-65
FERMT1,-3.9242925236073813,2.635320811480011e-67,1.1559215597920637e-65
RUSC1,1.3576413107511023,2.6551386282786492e-67,1.1618146262152944e-65
LOC100190939,-1.8663661916312906,2.8608317554141957e-67,1.2488182360624607e-65
EDN3,-6.348794563804901,3.193428771293146e-67,1.3906694718624195e-65
PPARGC1A,-3.406074339426493,3.440036849037683e-67,1.4909283515007844e-65
ZNF454,-2.0636028848652868,3.433118818674376e-67,1.4909283515007844e-65
AURKA,3.287913523347484,3.462877417709616e-67,1.4972626516524498e-65
CD59,-1.4781580005197963,3.835912609223296e-67,1.6546236309405606e-65
LGI4,-2.917232760114353,4.100648099085255e-67,1.7646358711028107e-65
PPARA,-2.015531378324525,4.202527735877546e-67,1.804212556041957e-65
PROX1,-3.6738198865113043,4.393237541020397e-67,1.8816494813928068e-65
LCAT,-1.855017729359786,4.864631347132509e-67,2.0786592584942035e-65
POC1A,2.1880381140084895,5.013813475678155e-67,2.137387510486404e-65
PTPN21,-2.088346738282943,5.390222747440783e-67,2.292481884851976e-65
HYAL1,-2.3925747812527076,6.172649983506993e-67,2.619131646847967e-65
DSG1,-5.746460084033614,6.548634403157659e-67,2.7722044660622994e-65
ANKRD53,-3.3017707831586236,7.092486888969183e-67,2.9954649382808828e-65
CAPN11,-3.5824828943948726,7.263140662797727e-67,3.060438645483959e-65
GIMAP8,-2.1879989690721624,7.445587552104321e-67,3.1300699817772507e-65
JAM3,-1.6556566750411523,8.207107329774493e-67,3.4422574821171684e-65
ABCA9,-4.408042276704497,8.823482023768269e-67,3.6922722592793974e-65
EGR1,-3.850791726587543,9.045936310115819e-67,3.7766784094733543e-65
NCALD,-2.675682409252355,9.139199754152443e-67,3.806884510865833e-65
ZNF367,2.006568348782811,9.218888828703846e-67,3.8313112636734276e-65
SFRS13B,-2.481363046868232,9.281870255897676e-67,3.848698958271193e-65
PPAP2A,-1.982965654509222,1.0632369176720052e-66,4.398659457359889e-65
GRRP1,-2.89604093823096,1.1034479307980613e-66,4.554662740207961e-65
RBM9,-1.0755208567963326,1.2227310839765495e-66,5.035604959643695e-65
LOC285830,-2.0632447717231237,1.3478914348957148e-66,5.538525460362686e-65
PLK4,2.0249677726760806,1.6950550653967762e-66,6.949343998967909e-65
MEF2C,-1.607573000952959,1.773978230993505e-66,7.25656758174714e-65
RAD54B,2.0619622888330573,1.8259049904176954e-66,7.4522306144783205e-65
NCRNA00092,-3.562696105865026,1.9978989261285705e-66,8.135962897610373e-65
CACYBP,1.0377880966819735,2.1261656873364607e-66,8.63897187647e-65
CCDC46,-2.1597821536862165,2.1976857012043113e-66,8.909682142321176e-65
PRC1,2.7877467859308673,3.283447619388549e-66,1.3252460535638528e-64
ADAMTS3,-2.6123030321406935,3.3994941768582744e-66,1.3690485066670613e-64
SSPN,-2.1415735337433937,3.624105436268766e-66,1.4562823676909568e-64
CDC6,3.1481895737676533,3.97663005050468e-66,1.5944184319237158e-64
CYP39A1,-3.62515541020532,4.0430929401859423e-66,1.6175037536308727e-64
C2orf58,-2.006250831672875,4.6821585073196204e-66,1.869064283086383e-64
CNGA1,-3.5308832625833837,4.807972906102892e-66,1.910946941307344e-64
HOXA6,-3.1674996707961536,4.808073939014248e-66,1.910946941307344e-64
PAK7,-4.7722473143896735,4.909359038117372e-66,1.946951254266896e-64
EFCAB1,-4.114546409079095,5.313970326373206e-66,2.102830475021119e-64
NLGN1,-3.695408962141558,5.381000141225887e-66,2.124736346436764e-64
H2AFZ,1.501476986052154,5.630753605503325e-66,2.218541296125044e-64
NPR2,-2.152257350775363,5.888918089930461e-66,2.3152478615767643e-64
LOC134466,-2.6908990167200892,6.094729765819166e-66,2.390999265672549e-64
C3orf67,2.4926418825262058,6.943574885516966e-66,2.718148250345491e-64
TAL1,-2.407411071645152,7.152649127005983e-66,2.7939843789461352e-64
CREB5,-2.7392454257991847,7.830764184218707e-66,3.0523212086795105e-64
IGF1,-3.268209629212511,7.962298421213859e-66,3.0969597897725616e-64
SMYD1,-6.65271139651737,8.294127849604184e-66,3.2191473186853936e-64
ARHGEF4,-2.963896014900805,8.993475781703688e-66,3.483154035198983e-64
FAM72A,3.0790805899679468,9.578372516533004e-66,3.7018071107951225e-64
LPCAT2,-1.9095632287966744,1.0050394093153539e-65,3.8760026202897005e-64
FZD7,-2.3469877068353124,1.1320945480685658e-65,4.356768934142094e-64
GINS1,2.5916454734471106,1.3237509336569805e-65,5.083594566531227e-64
MFGE8,-2.3512748765485547,1.674153611525371e-65,6.402230712310154e-64
FGF1,-2.764087849779087,2.0421763353808263e-65,7.793236023676558e-64
ADAMTS9,-2.1889760980680935,2.156793224334633e-65,8.213411519364712e-64
DLK2,-4.05072446071212,2.3476453778114643e-65,8.921542549541145e-64
C22orf23,-1.8922478904964013,2.4492395322434892e-65,9.288230667797549e-64
LOC441869,-2.3863849779086896,2.4600323605276527e-65,9.30976487706546e-64
CRTAC1,-4.093853131768173,2.62871726823754e-65,9.927498015296254e-64
N4BP2L1,-1.8407908212769666,3.0996734048921736e-65,1.1681854035041871e-63
PCNA,1.4830401022264592,3.1416334728974414e-65,1.1815527708089282e-63
NBLA00301,-2.5340352984492776,3.3793367882312066e-65,1.2683312898179928e-63
USHBP1,-2.5771940743307624,3.453832482686638e-65,1.2936237177437216e-63
PLEKHG1,-1.7210397686909813,3.8515299807506925e-65,1.4396180747352125e-63
WHSC1,1.0875348046435018,3.965325618663235e-65,1.4791152097648946e-63
GABRE,-4.219985129515724,4.030677423893502e-65,1.5004176103708263e-63
STOX2,-2.75751701464091,4.236791223712306e-65,1.5739247070456147e-63
BMP2,-3.1950664082127695,4.3178319306593795e-65,1.6007636381627838e-63
IL17RD,-2.5044386164775183,4.358814077223481e-65,1.6126726147906304e-63
MOBKL2C,-1.1158702980161177,4.473836018937477e-65,1.651870934132229e-63
RBMS1,-1.5405646019232382,5.09795212357827e-65,1.878502479868325e-63
ZC3H12B,-1.8957452525340033,5.758796435407141e-65,2.1177246770447713e-63
IFNGR1,-1.2365299662132916,6.1792701723585845e-65,2.2677672368436153e-63
NCOA7,-2.031130936498311,6.913785988042766e-65,2.532226284513933e-63
EIF3L,-1.2496498570562249,7.068113953851048e-65,2.583551773131538e-63
PARK2,-2.4347079182188347,7.118428850069931e-65,2.59672866448543e-63
PPP1R12B,-2.2728766741748263,7.158937605392646e-65,2.6062828246192466e-63
ABCA6,-3.3130491076843107,7.626062299493244e-65,2.770802635482545e-63
NMT2,-2.23981628692714,8.513080886235124e-65,3.0869245293254577e-63
CUBN,-2.298848587888763,1.1097332417348908e-64,4.015998846779367e-63
HRCT1,-3.651234479771289,1.1948116037821874e-64,4.3153086554855476e-63
P2RY12,-3.357038430217448,1.2476320009450958e-64,4.497157487763085e-63
FAM54A,2.8634941609633526,1.262029752219917e-64,4.540064739063073e-63
MSRA,-1.731254864419994,1.4819244567059714e-64,5.320605697321262e-63
RNF150,-3.41317229922897,1.5329287982210093e-64,5.492894274412802e-63
HS3ST4,-5.3811836740881915,1.5434800977728073e-64,5.519836585414226e-63
PALM2-AKAP2,-2.2764294507493723,1.6697199824614365e-64,5.959590753087359e-63
GSN,-2.7156249415229983,1.778414087619817e-64,6.322748366590532e-63
SMOC1,-3.9015325002165793,1.776581552283746e-64,6.322748366590532e-63
SLC22A3,-3.699380182794768,1.9772393941222315e-64,7.015923721482843e-63
YPEL4,-2.430751069912502,2.1324908148291055e-64,7.552087607458017e-63
INTS7,1.228414359351989,2.1431712382942943e-64,7.575173990421561e-63
NRIP2,-1.7636146842242049,2.2104132846028272e-64,7.797704073570787e-63
C8orf38,1.6806101273499099,2.4074883078884044e-64,8.476500902996639e-63
ICAM2,-1.912606631724854,2.5320258799366287e-64,8.897773569978079e-63
ZWINT,2.7972258338386897,2.761605853618386e-64,9.685840337844987e-63
LOC158376,-2.721865754136707,2.8862150767818518e-64,1.010341789281924e-62
FEN1,1.6106573421121038,3.0142623413851085e-64,1.053140449140751e-62
AK5,-4.6804224075197105,3.2054501867356014e-64,1.117793290213566e-62
C10orf10,-2.9756473966906345,3.3067275933110114e-64,1.1509055904596623e-62
KIAA1614,-1.9907270726847432,3.327928182202494e-64,1.1560739828364885e-62
TCF7L2,-1.9404286104132407,3.5087886180731857e-64,1.2165805564721182e-62
BNC1,-3.6515567530104835,3.9626022691933865e-64,1.3713165229301751e-62
SH3RF2,-3.4160828380836854,4.2400769410779474e-64,1.4617825863341264e-62
SCN2A,-4.241338988997662,4.2578382764354744e-64,1.4651310046494317e-62
CARD6,-1.7622718400762363,4.3002795209146015e-64,1.4769431720605377e-62
ACTA2,-2.355784224205145,4.4053181863693925e-64,1.5101696223442947e-62
LPHN3,-3.667692926448931,4.434652682333983e-64,1.5173680973031107e-62
RIMS3,-2.4980964437321314,4.9979018185964186e-64,1.7068819287788106e-62
KANK3,-2.2321556137919094,6.355134279666217e-64,2.166339125332662e-62
ENDOU,-2.1376302174478035,6.93826158577048e-64,2.360694871883739e-62
FNDC4,-2.4201197738889375,7.20275393336875e-64,2.4461143628565553e-62
SAA4,-4.162686992116434,7.354071870068364e-64,2.4928523324181458e-62
CLCN6,-1.1498101879927258,7.460054088007248e-64,2.5199940256930593e-62
NDN,-2.2242038768084518,7.461829258081409e-64,2.5199940256930593e-62
THSD7B,-3.158928142597246,9.338188533867744e-64,3.147834182999899e-62
BAI3,-2.6203818158191114,1.0082263356371357e-63,3.3923741197047657e-62
GPRASP2,-1.7039504374945853,1.0141218322844061e-63,3.405915076212739e-62
NCAPG2,1.2987059559906413,1.0511941223322354e-63,3.5239201857852082e-62
SEPT4,-1.4703399809408264,1.1231777552335513e-63,3.7583096835507968e-62
KNTC1,1.4404990600363856,1.1275279699566086e-63,3.7659434196550728e-62
WDHD1,1.4946023347483326,1.1659238944315385e-63,3.8870535989628746e-62
LTBP4,-2.3956631464957105,1.3042287083333603e-63,4.340196559011364e-62
MAP7D3,-2.430191873862947,1.385761510801722e-63,4.60310525202988e-62
IL17B,-4.321379134540415,1.5476459056099422e-63,5.122145167239596e-62
ANKRD29,-2.967987563891538,1.5618347076125146e-63,5.1597236266189845e-62
HAS3,-3.9026477822056655,1.732045483318894e-63,5.711671002328592e-62
ITGA9,-2.183828177250284,2.0367316991117334e-63,6.7042725350688755e-62
ROPN1,-5.45031690201854,2.0603240096657372e-63,6.769689160278955e-62
CLCA4,-5.089443606514769,2.1230897963566967e-63,6.9633519933479195e-62
LRRC3B,-3.8726899246296456,2.2878608767978938e-63,7.490275456897853e-62
MMRN2,-2.1349235727280593,3.024325761440585e-63,9.883626900449367e-62
SAV1,-1.2642264272719377,3.2007989288333745e-63,1.0441602670529376e-61
SLC25A27,-3.1968364333362214,3.271362740180726e-63,1.0652704107246826e-61
BMP6,-2.7967830633284247,3.3107218330704826e-63,1.076161955846107e-61
IGF2BP2,-2.883604448583557,4.0830477411964864e-63,1.3248434586987459e-61
GDF10,-4.706694693753791,4.612742367928794e-63,1.4940524790641964e-61
FAM72B,2.646526401282162,4.6581568882118384e-63,1.5060822350998239e-61
LRRN4CL,-3.9632923979901244,4.913241203519719e-63,1.5857398870154157e-61
CKMT2,-3.667097569955817,4.938227127312963e-63,1.5909831574951834e-61
FOLR1,-5.154082205665771,4.972558545077661e-63,1.5992134840291283e-61
CA4,-6.249239435155504,5.254254376672841e-63,1.686828790451071e-61
FCER1A,-3.0657918175517644,5.499323649858092e-63,1.7623976830698388e-61
SH3BGRL2,-2.264819228103609,5.769803722585796e-63,1.8458301785980533e-61
ARHGAP11A,2.5070293987698182,6.527475461488903e-63,2.084555014482149e-61
DTL,3.452823789309538,6.545162995400953e-63,2.0865429422991867e-61
MAD2L1,2.316414679892576,8.032433354174414e-63,2.5561955305251197e-61
SOX7,-2.347024040544053,9.330488939290868e-63,2.9640993047454044e-61
RGS2,-3.1766597288399883,1.0157934505572966e-62,3.2213394042673294e-61
WDR67,1.5789248462271512,1.198794882540106e-62,3.795071869022182e-61
PRCD,-2.0418307285800923,1.2474699068688942e-62,3.9423081101969586e-61
TPM3,1.2313146192497637,1.3102947821404552e-62,4.133673469549863e-61
TBC1D4,-1.6772310101360137,1.3896748665069627e-62,4.376514116786547e-61
ADH1B,-7.345668604348951,1.3996194445083063e-62,4.4002198183738685e-61
ELAC1,-1.3814521571515206,1.494958769224496e-62,4.6918507717575005e-61
ARHGAP23,-1.6095605301914588,1.5371292777817823e-62,4.815897460148327e-61
KLK10,-4.810044888677121,1.5516167658520589e-62,4.852934705980245e-61
RDM1,3.0441043316295593,1.7158119302386436e-62,5.357276941017844e-61
MASP1,-4.669647223425453,1.8373761731752668e-62,5.7270134384091404e-61
OGN,-4.2888573637702505,2.0127079590841854e-62,6.262790252856312e-61
RSPO3,-3.197509889110285,2.0882924123707565e-62,6.486891942386498e-61
CXCL3,-3.3795614571601833,2.1310583853253864e-62,6.60845924839489e-61
PTGFR,-3.8251359178723026,2.2037680948224053e-62,6.822311331641538e-61
PLEKHM3,-1.8086719830200106,2.391665855110682e-62,7.391425052730008e-61
KCNA6,-2.958697695573074,2.4897970232900198e-62,7.68165681609292e-61
PLP1,-4.14500098327991,2.6100368963283547e-62,8.039001966813035e-61
KRT15,-5.192000762366804,3.0070270590475635e-62,9.246100262811284e-61
RPS6KA3,-1.7070921294290873,3.2723594730316395e-62,1.0044984736525285e-60
CA3,-5.134270427965001,3.494563874767232e-62,1.0709014513870021e-60
H2AFY,1.17735403274712,3.665629763062193e-62,1.1214362786053966e-60
FAT4,-2.4769445204886065,3.861612240643821e-62,1.1794115371885819e-60
EPB41L2,-1.975006077276273,4.087854959983868e-62,1.2464191597418149e-60
GEM,-2.053575560946028,4.241262545682942e-62,1.291031808011147e-60
NEDD9,-2.1785550810014715,4.359156510201234e-62,1.3247032713721714e-60
C12orf48,1.8292174911201577,4.4894645425605635e-62,1.3620287178038323e-60
WDR76,1.540425192757512,4.555965261106577e-62,1.3799040873198506e-60
PKD2,-1.654289079961881,5.147407534389228e-62,1.5564494908386564e-60
EBF3,-3.0201403014814208,5.590087687276589e-62,1.6875019265588018e-60
KIF11,2.730000368188513,6.153380225932951e-62,1.8544698717327402e-60
KIAA1524,2.011084536082474,6.3272143488916386e-62,1.9037071536012315e-60
PHKG1,-2.930293190678332,7.593226940646548e-62,2.280850000009721e-60
HSPB6,-4.887428146928875,8.091100827436435e-62,2.4263971723529725e-60
FAM72D,2.8084715845100927,9.387261846018824e-62,2.8104659109059316e-60
CRIM1,-2.156066061682404,9.453306069027736e-62,2.8255916317653835e-60
PI16,-5.9827910551849595,9.895776272401592e-62,2.952996975188954e-60
PIK3R1,-1.9536907476392624,1.1021590276521612e-61,3.2835680491574946e-60
BHLHE41,-2.229209910768434,1.1488284881341455e-61,3.4170138839061844e-60
WASF2,-1.0256121458892835,1.2144660584635998e-61,3.6063500264621385e-60
KY,-4.620988269947153,1.3236121143221376e-61,3.924057217753399e-60
SHROOM4,-1.7109941263103172,1.3658679502005044e-61,4.042747040243867e-60
FLJ10357,-1.5070019319067836,1.5242009350151356e-61,4.50406325001307e-60
C20orf194,-1.422012410118688,1.5966172599921398e-61,4.710409073523002e-60
NRN1,-2.8258810361257893,1.640105968250624e-61,4.8308817055123146e-60
LCN10,-3.0511164861821016,1.6857744055207622e-61,4.957375040984561e-60
SGOL2,1.5337195009962743,1.7147421841875687e-61,5.034427738510696e-60
SV2B,-2.9028009746166505,2.450205122395858e-61,7.170592257712508e-60
RPS6KA2,-1.549589196915882,2.64619135190198e-61,7.731720895452928e-60
FAM196B,-4.950211604435589,2.8897167903174267e-61,8.429729925344251e-60
PDK4,-3.9093263276444574,2.9128812981363248e-61,8.470156273159029e-60
ROPN1B,-4.987585554015421,2.9090126375727498e-61,8.470156273159029e-60
GRASP,-2.142529550376852,2.9257414334628306e-61,8.4939826656019e-60
KCNH8,-3.9264959802477697,2.945256920685834e-61,8.53702416038921e-60
SLC16A12,-3.483818799272287,3.740734418877333e-61,1.082553078327887e-59
FAM70A,-2.780803612579052,3.763216320272486e-61,1.0873305821892075e-59
CD302,-1.843181911114959,4.5040585977627486e-61,1.2993245428696562e-59
IFFO2,-2.271076132721131,4.607026748518848e-61,1.326789502837503e-59
PM20D2,-2.726898193710472,4.6138425275841306e-61,1.326789502837503e-59
SGOL1,3.6544923026942735,4.7917784991185924e-61,1.3757846059851063e-59
DLL1,-1.7839531231049133,4.8066736050692916e-61,1.3778878682374223e-59
SMAD9,-2.6121134150567453,4.901159128088178e-61,1.4027641447891368e-59
PDZRN3,-2.0601041886857843,5.330999603458003e-61,1.5233938113303927e-59
LRRC70,-2.4495624231135746,5.354624852871559e-61,1.5277466488529935e-59
SLC35F3,-4.00780471281296,5.3720053616796426e-61,1.5303069420759708e-59
PPP1R1A,-5.35770040284155,5.561248774614374e-61,1.5817408038172726e-59
CSGALNACT1,-1.7481695009962737,5.9233618703654235e-61,1.6821053997856755e-59
CIT,2.3145280992809507,6.1462033940824506e-61,1.7426688533097018e-59
CENPE,3.1265125054145395,6.381271895434758e-61,1.8065053236796096e-59
LMO2,-1.5757927445204887,7.180414084139338e-61,2.0295819499004407e-59
KANK1,-2.270124997834186,7.570739263291615e-61,2.1365917334836787e-59
LUZP1,-1.0894311660746752,7.649251792909166e-61,2.1554075911195903e-59
DUSP22,-1.1235061162609359,8.212332352284258e-61,2.3069303365529375e-59
NVL,1.3066700900978976,8.542785786364574e-61,2.396060549602378e-59
EFNB1,-1.4498698648531558,8.8446749817962e-61,2.4769172106713264e-59
POLQ,3.058788625140779,9.538028904393966e-61,2.666985255709422e-59
EDN1,-2.7424648704842767,1.009969301217149e-60,2.819704170253951e-59
CAPN3,-2.2280047517976262,1.0181513468680516e-60,2.8381943287961934e-59
SEMA3D,-3.4056036125790534,1.0334213039782859e-60,2.8763559627395626e-59
NCAM1,-3.3210042016806733,1.0576603529883975e-60,2.939326932129435e-59
C4BPA,-4.9968486268734305,1.0814052974658872e-60,3.000734852099321e-59
STAT5A,-1.916338161656416,1.1770717204566535e-60,3.2612232157492336e-59
CHODL,-2.91660353027809,1.1938913458899105e-60,3.3027969862057815e-59
NPR1,-3.682904994368881,1.212165449540757e-60,3.348262166614628e-59
PLCXD3,-3.9954126396950516,1.266862239257129e-60,3.494044445635988e-59
LPAR6,-1.3938984969245425,1.3501101828053342e-60,3.7180114459312407e-59
CELF2,-2.318288707441738,1.4903093974506592e-60,4.097900598458361e-59
STIL,2.0565237633197606,1.5367409726528087e-60,4.21919998871781e-59
WIF1,-6.791734787316988,1.5816720357324108e-60,4.336020491933294e-59
MFAP4,-3.6111680065840783,1.656414026409751e-60,4.534090905674692e-59
STRBP,1.2895625443991978,1.7290562929109502e-60,4.725827582561265e-59
RMI1,1.2992527159317335,1.84570928384119e-60,5.0370983648817365e-59
CPNE8,-1.8689267304860104,1.8651392851597307e-60,5.082504552060266e-59
WLS,-2.4389771939703717,1.903119375586994e-60,5.17824842956802e-59
IGFBP6,-3.397056449796417,2.3449016230003903e-60,6.370782722906882e-59
CCDC50,-1.3900735337433936,2.417771943219885e-60,6.558972083819905e-59
KIF4B,1.9725033223598725,2.750424924802558e-60,7.4392250975008865e-59
ZC3H12C,-2.1306642467296184,2.8718390263525685e-60,7.756095815533502e-59
NOTCH4,-1.819354141037861,3.3031209042204873e-60,8.907660714003782e-59
F10,-3.2655503118773295,3.548613908688603e-60,9.555535352050096e-59
HAAO,-2.2026333968639014,3.707609087285981e-60,9.96892292701133e-59
FGF7,-2.455004925062809,3.998610078293136e-60,1.0735501365069314e-58
CLCN4,-2.36401796759941,4.027808328760765e-60,1.0797966864275732e-58
NR3C1,-1.7574214718877244,4.2008489383742097e-60,1.1245301944886137e-58
TMOD1,-2.4501444728406856,4.998318227685393e-60,1.3360409206836594e-58
SCN4A,-3.573351685003898,5.17926879796354e-60,1.3823787379667204e-58
PDZD2,-3.043590847266744,5.427564798575048e-60,1.4465294586890424e-58
KCNC4,-1.816281391319416,5.465090558050069e-60,1.4544012197103127e-58
KRT16,-4.538426388287272,5.646445779733513e-60,1.5004708398319583e-58
SEMA3G,-3.0350804470241703,6.400326865729129e-60,1.69832580082897e-58
CEP68,-1.2170700164601875,6.723987871388505e-60,1.7816120993141914e-58
PIWIL4,-2.245196305119987,7.830365755650924e-60,2.0717463350307233e-58
PER1,-2.7541977562158877,8.643068917518043e-60,2.2834511394133664e-58
NEK2,4.7560241964827155,9.84780445348009e-60,2.5979649922709866e-58
FLVCR1,1.745639114614919,9.902750999864489e-60,2.6086798328586584e-58
ARHGAP26,-1.8896526206358857,9.970929933118012e-60,2.6228444735917224e-58
SLC2A12,-2.1635833362210874,1.0319894631963146e-59,2.7107221065746774e-58
ARL4A,-2.190945118253489,1.045777732220491e-59,2.7429815647852444e-58
E2F1,2.8259101576713164,1.0514960876861998e-59,2.754011983331208e-58
FAM83D,3.582351269167461,1.2916465109916263e-59,3.3732914547461366e-58
C10orf108,-2.5409815212683013,1.3266105547417527e-59,3.459640677358757e-58
ALDH1A1,-2.933356895954258,1.332049734557768e-59,3.468855696445644e-58
SLC12A4,-1.3867100407173183,1.3353305928176536e-59,3.4724318258656786e-58
DBC1,-4.560025448323659,1.4775515904498015e-59,3.836786248353458e-58
PGP,1.334406804990035,1.501118488016068e-59,3.892430176261607e-58
GSTP1,-2.1792466776401245,1.5798233140444765e-59,4.087943644294496e-58
TOP2A,4.14289479338127,1.5810099025343763e-59,4.087943644294496e-58
DONSON,1.3697493502555655,1.8107577068709439e-59,4.675350714634296e-58
LOC728392,-1.8245303820497272,1.8317758809385187e-59,4.702936017027342e-58
FKBP4,1.676997401022268,1.8281998097439432e-59,4.702936017027342e-58
ECSCR,-2.232194464177425,1.8295448142688032e-59,4.702936017027342e-58
DDX26B,-1.899201152213462,1.8295822217922715e-59,4.702936017027342e-58
SAA2,-6.204480356059951,2.0958737340071244e-59,5.373406983117139e-58
LRRC4B,-2.157389214242398,2.140349178321386e-59,5.472019114183172e-58
GNG11,-2.304940886251405,2.19707437056563e-59,5.609164764012085e-58
MAZ,1.3142677077016387,2.362229123607257e-59,6.02236088753822e-58
PLAC9,-3.8040285324439056,2.4197294964753907e-59,6.160326716691124e-58
MYL9,-1.9848394524820208,2.4669868644214455e-59,6.2631188135374575e-58
RNF175,-2.0181820020791816,2.8201586053381315e-59,7.149769790107243e-58
LGR6,-4.473011673741662,2.917952062694536e-59,7.387410486401758e-58
TPX2,3.750806926275666,3.085935021547223e-59,7.797859259876385e-58
PTN,-4.411080984146236,3.0886428206179606e-59,7.797859259876385e-58
RNFT2,2.1114781512605045,3.347467503269222e-59,8.439605396400229e-58
C9orf100,1.7989292774841878,3.5441013119294025e-59,8.922998088665411e-58
PI3,-4.981958451009268,3.942500247873784e-59,9.912338675697029e-58
NPAS3,-2.404900745040284,3.996172538618905e-59,1.0033424651100679e-57
PID1,-3.0084054838430214,4.046209563373722e-59,1.0145062352905216e-57
CLIC5,-2.402809694186953,4.7738988758761945e-59,1.1936714455710765e-57
KCNB1,-3.810270692194405,4.857333441286894e-59,1.2128674983778511e-57
CRYBG3,-2.4459011045655394,4.867956593969811e-59,1.213854984657979e-57
PTGS2,-4.162399241964827,5.032017423104838e-59,1.2530480595455179e-57
MRPS23,1.210423538075025,5.606253267542116e-59,1.3941342654244418e-57
CDCA5,3.033562890929571,6.181523860037871e-59,1.5350924805493774e-57
SCPEP1,-1.5482118383435832,8.175751760868013e-59,2.027564159442513e-57
C21orf63,-2.1028182145022942,8.316689201869227e-59,2.0597101162125925e-57
GABARAPL1,-1.7434860174997837,8.701559868394868e-59,2.1520991071248882e-57
KIF14,3.988102988824397,8.72535788719572e-59,2.1550568469555456e-57
ZNF677,-2.3486516546824916,9.145067839830626e-59,2.2556594835831558e-57
CENPF,3.3088932686476635,9.210648755388725e-59,2.2687610188679423e-57
RARB,-2.062178047301395,9.25769323084089e-59,2.27726743082428e-57
CXCL12,-2.362836316382225,1.1196736053055252e-58,2.7468219187838913e-57
HOXA1,-1.6333674044875677,1.156558882054818e-58,2.8296829744682594e-57
ASTN1,-3.7523249285281124,1.1552530856559071e-58,2.8296829744682594e-57
NUF2,4.080593151693666,1.174460012960127e-58,2.8696235726057974e-57
FAT1,-2.2440869054838437,1.3314601699721127e-58,3.2488699026812824e-57
ROR1,-2.437108576626528,1.4190052245883101e-58,3.457851687172826e-57
ACSL4,-1.778700511132289,1.4395387534126454e-58,3.503198386145773e-57
WNT6,-2.988606683704409,1.5077167310510849e-58,3.6642146402300266e-57
LRP4,-2.331925322706402,1.5884679800828744e-58,3.855317685526475e-57
LRRC8C,-1.5917854413930534,1.694568649799835e-58,4.101892703764148e-57
CSDA,-1.91413763319761,1.6926399813191323e-58,4.101892703764148e-57
MYOM1,-3.954182171012736,1.7955016788979686e-58,4.340440512746311e-57
SSTR1,-3.1304839079961884,1.893787165642859e-58,4.571963896047343e-57
SATB1,-2.0433176990383783,1.90639188158146e-58,4.596298201381101e-57
GRK5,-1.5902457723295509,2.1144647131443627e-58,5.0912170864241844e-57
ASPRV1,-1.479665654509227,2.1188224797056395e-58,5.0949703564176695e-57
FBXO31,-1.0124607640994565,2.4770942450095768e-58,5.948620915819172e-57
ABLIM1,-1.710059455947329,2.6883696274543376e-58,6.44748252023074e-57
C16orf59,2.8053581044789055,3.012182759359493e-58,7.214574048502744e-57
ROBO4,-2.079565139045311,3.213746475683349e-58,7.687230893149014e-57
MMRN1,-4.557010339599758,3.330596494635573e-58,7.94585163720201e-57
MYCT1,-2.1457219137139383,3.3683308969767036e-58,8.025356978752216e-57
SLC34A2,-5.773798856449799,3.396690948047729e-58,8.08234840879906e-57
BRIP1,2.5488632894394874,3.604958585339022e-58,8.566718163045199e-57
PACRG,-2.8273050246902898,3.912557061050854e-58,9.285564039414433e-57
RIC3,-3.8408636662912574,4.264174880435116e-58,1.0088273628427856e-56
RAD51,2.8223684267521456,4.267412346255809e-58,1.0088273628427856e-56
PTCH1,-2.502613068526384,4.326807168656692e-58,1.0215417755001006e-56
MAP1LC3C,-4.1144654595858965,4.37002666354134e-58,1.0304092662751687e-56
RAD51AP1,2.324451182534869,5.024055658130281e-58,1.1830903641002005e-56
CLDN8,-4.690974902538336,5.047458094626853e-58,1.1870656291536513e-56
ANGPTL1,-3.77255246036559,5.287654234488022e-58,1.2419505810372318e-56
YAP1,-1.544942068786277,5.355517788142559e-58,1.256269204865451e-56
CSE1L,1.0072110499870064,5.535374265919847e-58,1.29678787339175e-56
GINS2,2.4521949233301568,6.185932647618331e-58,1.4473333159973842e-56
FLAD1,1.0622635103525955,6.618683858473367e-58,1.546596948341344e-56
KIF22,1.388796036558956,6.700540813704943e-58,1.5637172363060393e-56
CDC42EP3,-1.7564913150827355,7.064395498641497e-58,1.6465197344657e-56
CKAP2L,3.647241384388809,7.172082509483923e-58,1.6694810475720695e-56
E2F7,3.1565798232695137,7.225276856219651e-58,1.6797153845947164e-56
C1orf112,1.3056488217967583,7.728419147100078e-58,1.7943930323298817e-56
ESPL1,3.4416145759334666,8.143409363910946e-58,1.8883373331372098e-56
SLC9A3R1,2.213223390799616,8.385092785089042e-58,1.9419064117935856e-56
AKAP2,-2.0133099194316912,8.675313643798896e-58,2.006565873673079e-56
TROAP,3.998164177423546,8.798158630678584e-58,2.0323969740386076e-56
ITGA6,-1.9875789222905613,9.539441232773051e-58,2.200842189609225e-56
KIF18A,2.7212649527852353,1.0475107605340706e-57,2.4136504270888213e-56
PDLIM3,-2.611237152386728,1.0555591656325322e-57,2.4291205426054344e-56
DBX2,-2.6270977258944814,1.071530575875372e-57,2.462761499073156e-56
NTF4,-3.8808560079701984,1.0772309930232802e-57,2.47274095409871e-56
CENPI,2.8561091917179233,1.3498034272564706e-57,3.0945178572228636e-56
AQP4,-3.3048860608160804,1.3684423064264984e-57,3.1333025539473644e-56
EMILIN3,-4.043927042363336,1.6579220327525852e-57,3.791351100778305e-56
NEIL3,3.817375071471888,1.9023574315368816e-57,4.344869802542768e-56
FAM149A,-2.7543711166940987,1.9426939256992936e-57,4.431435780639629e-56
PLD5,-3.170858390366456,1.9475415285524227e-57,4.436933472370432e-56
PTGER4,-1.9444526292991435,1.959488039659463e-57,4.458570098240151e-56
SOX6,-2.9862950662739327,2.0659476623207382e-57,4.6949369909144065e-56
TXNIP,-2.1356092090444445,2.085338247863636e-57,4.733093781279522e-56
TGFBR3,-3.3691773499090356,2.1031113242193203e-57,4.76155913367715e-56
E2F8,3.849831850472147,2.165493628591026e-57,4.896705654812726e-56
DNA2,1.97991795027289,2.648555962208464e-57,5.98159605211919e-56
APOBEC3C,-1.7390227280602932,2.789484641394138e-57,6.292068020730793e-56
KIF15,3.2033267304860065,2.8743197857796024e-57,6.4754013688794685e-56
MEG3,-2.6908970198388644,2.901852979436538e-57,6.529348551876798e-56
CDK1,3.358641713592654,2.987372312264512e-57,6.713473851870482e-56
MCM2,1.8495578012648384,3.193688682091652e-57,7.1682755955751345e-56
ARHGEF10,-1.4224683487828145,3.330545113718437e-57,7.4662454070217625e-56
SLC17A7,-3.176635839902972,3.5682482841055594e-57,7.989277185187391e-56
C11orf92,-3.511515897080481,3.6966665461175324e-57,8.266636503559882e-56
DIXDC1,-1.6247773152560026,4.031506606033015e-57,9.004357637990059e-56
AKAP6,-2.376195941263103,4.3492558408635205e-57,9.702145106769445e-56
WISP3,-3.6405699948020454,4.50441439560096e-57,1.0035967594017659e-55
TESC,-3.250268309798145,4.631702313074371e-57,1.0306953203532124e-55
SKA1,3.3915505371220647,4.955785055514872e-57,1.101467098480308e-55
PRKD1,-2.112153079788616,5.271625984670232e-57,1.1702366804750273e-55
PPL,-2.1214119769557307,6.187083527752228e-57,1.3717841833821414e-55
IQSEC3,-3.0238937407952857,6.630593241908639e-57,1.4683295472319095e-55
ANGPTL7,-5.848503071125356,6.826984822152599e-57,1.5099830463869229e-55
RRAD,-2.9354909858788885,7.221399997694736e-57,1.5933472019156036e-55
RHOU,-2.07067368968206,8.054963028759842e-57,1.7751149154057553e-55
GSPT2,-2.159198830460018,8.494873434737029e-57,1.8697966279627345e-55
GREM2,-3.375425747206098,9.192624827032925e-57,2.020934175440584e-55
HMGB3,2.0987783938317595,9.686517078941022e-57,2.1243815709393184e-55
DZIP1,-1.772369765225676,1.024647671506607e-56,2.2444839427719338e-55
ERCC6L,2.881465169366715,1.0430045751525618e-56,2.2819485915266925e-55
C1orf135,2.056305522827688,1.0618284572376536e-56,2.320343746350181e-55
GALNTL2,-3.446899133674087,1.0811386534233162e-56,2.3597082623818497e-55
PPP2R2B,-2.5961672875335693,1.1621048653651505e-56,2.533388606496028e-55
FAM124A,-1.7155992333015684,1.169654991323473e-56,2.5467978238111457e-55
EXO1,3.8191176860434872,1.2720428481236453e-56,2.7664272358894523e-55
KIAA0355,-1.0090421770770206,1.6921044257426709e-56,3.675581964414539e-55
MAMLD1,-1.7276031967426144,1.7834429361321462e-56,3.8693696980230576e-55
C16orf75,2.641601546391752,1.9251542836233539e-56,4.171855169618561e-55
FBXW7,-1.04451866066014,1.9368332733679105e-56,4.192173136161245e-55
SELP,-3.437574885211818,2.191466987897532e-56,4.732060922977316e-55
NCAPH,3.120626643853419,2.3158540711219123e-56,4.994726499600968e-55
CSDAP1,-1.7920587542233388,2.3868411747601373e-56,5.1417360833323995e-55
RNF186,-4.122205180628955,2.58824368304108e-56,5.569007064113095e-55
CDC25C,4.102421108030843,2.617162884467107e-56,5.624582761033618e-55
CDCA3,3.0001761283894988,2.641020967356805e-56,5.6691632864146134e-55
HOXA9,-2.9318568699644807,2.699606744072278e-56,5.788096768238831e-55
CKS2,2.4854485748938773,2.869466587563775e-56,6.139894706761055e-55
CCDC78,3.2563420341332394,2.8704336622829523e-56,6.139894706761055e-55
CNKSR2,-3.310011478818331,2.9053269570839984e-56,6.2072378638262936e-55
WDR62,3.222192324352422,3.0073471003809508e-56,6.410156822978272e-55
ARHGEF15,-2.071122892662216,3.123700844175877e-56,6.650377364506841e-55
NME1,1.8171896127523173,3.1448569876460677e-56,6.687597166602964e-55
C7,-4.7698313090184525,3.211250416361948e-56,6.820815791019433e-55
PRRT3,1.9328388027375878,3.453786350972542e-56,7.327421089365172e-55
ITGA7,-3.8621883089318194,3.4825126459143144e-56,7.379764574339728e-55
DLGAP2,-2.569589976609201,3.7567278237262493e-56,7.95159495061499e-55
RFC4,1.1456000952958485,4.056403266635362e-56,8.575924351052671e-55
ZNF781,-1.7631371263969506,4.23792878831732e-56,8.949306001593989e-55
AKR1C1,-4.75739125877155,4.479738113853788e-56,9.448977159499478e-55
RNASEH2A,1.672668630338734,4.554509337060986e-56,9.595571002606613e-55
PRELP,-2.9528281166074706,4.717677456734937e-56,9.927847716178736e-55
RUNX1T1,-2.449943801438101,5.020908686389544e-56,1.0553764528677698e-54
ABCG2,-2.3132630425366028,5.382359735993971e-56,1.1287453257407633e-54
PCDHB15,-1.704019565970719,5.442513268361418e-56,1.1400468242115407e-54
GSTA1,-4.905384596725288,5.463974830653137e-56,1.1432268257744718e-54
DIRAS3,-3.0485488824395715,5.542673957068278e-56,1.1583615848509055e-54
LMNB1,2.5784428051633004,5.698587103644246e-56,1.1895800578857363e-54
C6orf129,1.8097333015680492,6.093134073671337e-56,1.270484759943177e-54
FAM3D,-4.723190318807935,6.280434041269641e-56,1.308040513194866e-54
CALCOCO1,-1.1856789915966424,6.528394250737793e-56,1.3581298348134862e-54
RAPGEF3,-2.092527163648966,6.978118713838246e-56,1.4500307642465477e-54
GPR124,-1.8890396690635,7.470193871361858e-56,1.5505124177924732e-54
FAM13AOS,-1.800830070172399,7.491042986615319e-56,1.5530689690815334e-54
ASF1B,3.08608702676947,7.921789807258989e-56,1.6405044352848166e-54
GRAMD3,-2.0370793727800383,8.121666441602971e-56,1.6799851617783965e-54
RAE1,1.0097864376678505,9.012530178882009e-56,1.8621462752121364e-54
CDCA8,2.817335580005196,9.829894194063602e-56,2.0268751295867668e-54
VWCE,-2.5785979814606264,9.832064711449295e-56,2.0268751295867668e-54
SPHKAP,-5.429619942822489,9.957379447297806e-56,2.0503866298547734e-54
C17orf28,1.7211153989430805,1.0861364727493456e-55,2.2340047698820722e-54
NCAPG,3.3403765875422335,1.1024837120802806e-55,2.2650689628665177e-54
TMEM106C,1.135500836004507,1.1654654171184273e-55,2.391766289493431e-54
ARID5A,-2.0665228753357,1.314899605383895e-55,2.695396116757099e-54
NPM2,-2.9946347916486182,1.3378509640860617e-55,2.7393589537973655e-54
TRPM3,-2.6420195962921253,1.4264946905149497e-55,2.917582342858835e-54
SOX12,1.6659795113921856,1.4413432211857368e-55,2.9446431711833856e-54
LYSMD4,-1.3387233431516945,1.4844066800845825e-55,3.02922138986319e-54
SHANK3,-1.7990121848739484,1.5581100277477652e-55,3.176066834836794e-54
C11orf93,-2.3082417872303567,1.6174429012294122e-55,3.2933236164517886e-54
NRG1,-3.909712020272028,1.7146872714651806e-55,3.487424849439182e-54
FOXM1,3.6083295200554453,1.8589037397493e-55,3.7765206221714853e-54
MICAL3,-1.3781851468422417,1.8639007208291483e-55,3.7824509276759177e-54
KCTD14,-3.381797275405008,1.8859611632701033e-55,3.822956687639832e-54
PDLIM4,-2.425113072858009,1.8974965468424295e-55,3.842061139285066e-54
CCNF,1.9280918218833936,1.9077555014638425e-55,3.858541488127369e-54
NUDT9P1,-1.513687966733084,1.956157614641385e-55,3.952046288492467e-54
PLAC1,3.3615385601663346,1.978100718849428e-55,3.991947603682499e-54
MMP11,5.150355860694794,1.9805917871394967e-55,3.992548427608002e-54
DPF3,-2.2699390279823266,2.026173173351711e-55,4.0799148533762384e-54
MCM10,3.4516684310837737,2.0360460929399108e-55,4.090744705274304e-54
SLC7A3,-4.728311483149962,2.0354892005114297e-55,4.090744705274304e-54
TGM5,-3.3534023260850727,2.05802060476871e-55,4.130336170739231e-54
LRCH1,-1.0333368621675447,2.0638593525251823e-55,4.1374924883277413e-54
CCNA2,2.98027044529152,2.1505822858227482e-55,4.306606088980361e-54
DNAJC18,-1.2467192410985026,2.1829615919825282e-55,4.3666428416327427e-54
SEPHS2,1.2524776704496237,2.335413956764833e-55,4.666469841382026e-54
PLK1,3.6438371567183596,2.587796562665617e-55,5.16509438927656e-54
SLC25A37,-1.6562464913800605,2.8234105161138696e-55,5.629194044339624e-54
ARHGAP31,-1.5207751451095852,2.8312613090083244e-55,5.638670635435288e-54
SAMD4A,-2.044013445378149,2.955693121298245e-55,5.880052665245023e-54
TUBB2B,-3.83458859481937,3.018356374614494e-55,5.99815950732616e-54
GNAI1,-2.6111767044962333,3.1092506971753586e-55,6.165325756065692e-54
PIGU,1.0133338646798933,3.189423570146236e-55,6.317418634099231e-54
BEND5,-2.082129641341072,3.328876565751864e-55,6.58647175286752e-54
CCND2,-1.6514025643246981,3.4461336177786266e-55,6.811071687776802e-54
FRMD3,-2.6889081651217195,3.552420581731034e-55,7.013526230938179e-54
ZNF204P,-3.017673165554881,3.7727105341731124e-55,7.440373765282033e-54
SNRNP25,1.461316343238325,3.958326246186877e-55,7.797988383045425e-54
LOC644538,-1.8611975699558174,3.9784117724117156e-55,7.829084269536266e-54
LPIN1,-1.523845144243266,4.2730429065594824e-55,8.399805618585557e-54
CSRP1,-1.7260677683444552,4.619981151795363e-55,9.072008296238511e-54
ACVR2A,-1.253575469981806,4.729731544956853e-55,9.277511132850171e-54
MLF1IP,2.4488875292385,4.794072073998352e-55,9.393594613885037e-54
FOXN3,-1.5854453131768178,4.824317521187868e-55,9.442693746041158e-54
ACSBG1,-1.864853716538161,4.8478911928592265e-55,9.478642683524866e-54
CD34,-2.1297828640734657,5.151382238655886e-55,1.0061224344447756e-53
RP1L1,-2.1033128649397903,5.3391060014416576e-55,1.0416693091558681e-53
PBK,3.891133396863901,5.4756466140066084e-55,1.067164832063836e-53
CYTL1,-2.460925296716625,5.988296943596944e-55,1.1658285482812317e-53
SLPI,-4.367694407866242,6.0933964988712425e-55,1.1850223981725772e-53
LOC145820,-2.7498850948626874,6.244280218698373e-55,1.2130697206079668e-53
ACADL,-4.840465957723296,6.31032831481246e-55,1.2245938839502261e-53
ATP1A2,-4.92258457073551,6.362978070149103e-55,1.2334961641205977e-53
STAB2,-4.394192328684051,6.72037706969679e-55,1.301393870209475e-53
NTRK3,-3.750898176383955,6.862267568799101e-55,1.3274586243873543e-53
TK1,3.056836186433337,7.067969552071807e-55,1.3657988296853833e-53
GOLGA6L5,-2.0751782812093906,7.402997290816985e-55,1.4290218418318302e-53
AMOTL2,-1.7395374122845002,7.538218033362639e-55,1.4535824455646199e-53
SOX17,-2.5385395087932086,7.795641722533746e-55,1.5016303309553627e-53
CCL21,-4.834743606514772,7.965802583919695e-55,1.5311668894940887e-53
GIMAP5,-1.9598552066187303,7.962947035557548e-55,1.5311668894940887e-53
KIF23,2.800638083687084,8.406489126562959e-55,1.6141700587639825e-53
CLEC14A,-1.6794769384042239,8.523320048104431e-55,1.6348787653914117e-53
CCDC152,-1.7308113748592238,8.914192274390255e-55,1.708053073376061e-53
ATP6AP1,1.1410255652776602,9.325757838030175e-55,1.7850343840763753e-53
POLE2,2.0691640864593275,9.763725923642547e-55,1.8669023423116102e-53
DPYD,-1.6914585982846742,1.0832853655480606e-54,2.0691546179508234e-53
SVIL,-1.3228357965866753,1.1119344614690047e-54,2.1216502098658587e-53
TNMD,-4.914963129169192,1.1328199173216323e-54,2.1592377963356727e-53
DTX1,-2.84418192410985,1.1423044928685149e-54,2.175038565239077e-53
PDGFRA,-2.3058675994108953,1.1669240677442099e-54,2.219594441499253e-53
UTRN,-1.6385925712553053,1.2294773520480448e-54,2.336135306819474e-53
FABP4,-6.230225504634842,1.2965169354723766e-54,2.4609486732433442e-53
OIP5,2.878395057610674,1.307755095525597e-54,2.479694375401296e-53
TFPI,-2.525546439400501,1.4109111581585958e-54,2.6725094497357876e-53
MRGPRX3,-3.976639114614919,1.48975410264828e-54,2.8189182879944534e-53
CCT3,1.0679317205232621,1.567996026410531e-54,2.9638869853323877e-53
C16orf88,1.1763897686909814,1.6968279314282895e-54,3.2040828667831073e-53
GSTM5,-4.281587503248721,1.7938150492731955e-54,3.380208627527948e-53
EPAS1,-1.9769666767738023,2.1587433256800173e-54,4.063661298588765e-53
HCG11,-1.8275972624101202,2.1818375450371195e-54,4.102891408296558e-53
PLA2R1,-1.9161133024343764,2.20631706111292e-54,4.144642875483847e-53
HTR2A,-3.454561153946115,2.6423671666273996e-54,4.958660776713253e-53
CPAMD8,-2.9628749285281124,2.8002127911425954e-54,5.249461734002952e-53
FAM150B,-4.50332485055878,2.8848401427286093e-54,5.402545794042065e-53
ZNF462,-2.259563852551329,2.9526464170151646e-54,5.5238461180808885e-53
MEIS1,-1.6867050290219172,3.007060613715722e-54,5.619869029924773e-53
DENND2C,-1.887683990297151,3.1547109993985745e-54,5.889764545851513e-53
LTBP2,-1.6910545092263707,3.439997824706449e-54,6.415807418353637e-53
TUBG1,1.244333674088189,3.499239391358171e-54,6.519616646969579e-53
CDC14C,-1.9120662306159577,3.511123595887431e-54,6.5350698175806645e-53
TUBB6,-1.7259066230615954,3.531490392470641e-54,6.566263494805217e-53
EDA,-1.7811378021311626,3.5374858558322056e-54,6.570699493236086e-53
CDH5,-1.8122931430304092,3.589091513495917e-54,6.659758697264646e-53
AKR1C3,-3.0379416789396156,3.824469259785974e-54,7.089288588175568e-53
ASXL3,-2.703124088191978,4.0674217828946216e-54,7.524316942482804e-53
RRN3P1,-2.2525501646019235,4.1502454717853524e-54,7.669737900802921e-53
MCTP2,-2.7312260980680927,4.2742478982366064e-54,7.890885851075147e-53
ZNF502,-2.1289578532443896,4.293161574023664e-54,7.917773063014463e-53
MAP2,-2.256194992636231,4.787720153836648e-54,8.820938255089929e-53
OLFM4,-5.634441523000953,5.010367621125935e-54,9.221812113989423e-53
FAM43A,-1.577702594646107,5.028954716260816e-54,9.24667300000966e-53
STAT5B,-1.3567367018972512,5.613734583547045e-54,1.0311484422230763e-52
SPC24,3.096139370181062,5.749868234483452e-54,1.0550892285514343e-52
CYP7B1,-2.118544970978082,6.002444792870502e-54,1.1003273168642673e-52
FHL5,-2.965444126310317,6.53827587241444e-54,1.1973464356696182e-52
MRPL13,1.3725394957983177,6.832109229371616e-54,1.2498983346959954e-52
TGFB1I1,-1.5332495495105274,7.601072235270055e-54,1.3891798985805302e-52
C10orf128,-2.523179450749372,9.28781599361909e-54,1.695748390489953e-52
GPR146,-2.79768486528632,9.700865896659815e-54,1.7676162354043906e-52
SOX8,-3.3947173178549757,9.798308103308936e-54,1.7835860240453253e-52
EBF1,-2.9514079831932776,9.897956396913102e-54,1.79992507785224e-52
B3GALT1,-3.2244258684917266,1.0002103929883458e-53,1.815237266557015e-52
HN1,1.9399878714372356,9.993614396525537e-54,1.815237266557015e-52
NKAIN1,4.716389461145284,1.0143264588666401e-53,1.8390223636204632e-52
GPR17,-2.8875361950965956,1.0408736324904069e-53,1.8852758937535198e-52
PSMD12,1.068190431430308,1.0528964253234136e-53,1.903264511436157e-52
ASB1,-1.0893855020358636,1.0972869034904337e-53,1.981539038118687e-52
KIF18B,3.8704358875508964,1.1382083589174357e-53,2.0534000750618512e-52
SLC28A3,-4.525226453261718,1.1703505674400654e-53,2.1092961761496546e-52
AQP7,-5.829174174824568,1.22864305364529e-53,2.2121651340756886e-52
DRD2,-3.7748303214069145,1.2930721362961636e-53,2.3258687842884453e-52
C17orf103,-1.810989123278179,1.345402519454226e-53,2.4176073111179935e-52
SRL,-2.186636394351555,1.3602193023870364e-53,2.441821692440949e-52
WWTR1,-1.512538408559303,1.400547422665949e-53,2.5117403679594353e-52
MCM4,1.7093681451962244,1.4436444738380359e-53,2.586482318629308e-52
FOSB,-4.783846361431171,1.4745795364213005e-53,2.639308879201272e-52
NUSAP1,3.408994992636228,1.497874236077681e-53,2.6775222221482646e-52
SUN2,-1.3482839513124798,1.4988711445196295e-53,2.6775222221482646e-52
DCTPP1,1.1813590964220708,1.5325477214663707e-53,2.7349966837110146e-52
MCM6,1.029385060209652,1.5525703477162489e-53,2.768015478891173e-52
WASF3,-2.6606257861907636,1.7051843476979946e-53,3.037130203634696e-52
IBSP,4.225904214675561,1.7302159735841547e-53,3.0756954460109733e-52
IQGAP3,4.068450840336133,1.956070974001054e-53,3.4737912136332866e-52
DPP6,-4.1028481980421025,1.958240239698343e-53,3.474254101679234e-52
DNAJB4,-1.6598171922377185,1.9949073126254775e-53,3.535861520128682e-52
CCDC129,-3.877267712033267,2.0454845790816531e-53,3.6219801355081066e-52
SKA3,3.127999068699645,2.0599503167121699e-53,3.6440501083684774e-52
SNRPE,1.0825672182274957,2.0776738276575093e-53,3.6718346295970525e-52
DUSP1,-2.6171695573074576,2.3296171567835822e-53,4.113096130449229e-52
C14orf128,-1.605777198302003,2.431479799646938e-53,4.288781665985777e-52
C13orf15,-1.8374747552629307,2.482805879109307e-53,4.375074096556313e-52
NIPSNAP3B,-2.7516274971844417,2.61898342824202e-53,4.610575952058945e-52
ARHGAP10,-1.7093954517889633,2.7990550629618323e-53,4.9228211894777035e-52
LOC339524,-3.0782205189292213,2.825812254425477e-53,4.965083056689861e-52
RBP7,-2.722840712986226,2.978553797869616e-53,5.22841029726332e-52
CRB2,-2.9911826344970986,2.9845747651109635e-53,5.2339320278723384e-52
HAND2,-2.093372238586157,3.006273344159383e-53,5.2669098829387144e-52
CRHR1,-3.3647163085852907,3.0211453730639657e-53,5.28787588710417e-52
LOC100126784,-2.7086588971671146,3.11237341649189e-53,5.437095326334153e-52
SVEP1,-3.397837615871092,3.153586453888371e-53,5.503809608833175e-52
PTPN14,-2.229211608767221,3.334034666347316e-53,5.8131640834789455e-52
LOC401093,-2.0930446937537903,3.553843839367226e-53,6.190489895502547e-52
PHYHIPL,-2.898846335441393,3.662536674695263e-53,6.3737241959347865e-52
KLF11,-1.3028565147708555,3.6753119539668845e-53,6.389847516529055e-52
SPC25,3.3891405960322283,3.747600057295558e-53,6.5093095269991455e-52
KLF9,-1.8874722169280087,3.8302889981803355e-53,6.6465920528004425e-52
MYH3,-2.005685489040977,3.8766996347427053e-53,6.720720328687758e-52
CLSPN,3.3552992073117895,4.069793510765785e-53,7.04875844685724e-52
TTK,2.9441520878454455,4.1699361635301563e-53,7.21533726090679e-52
SKAP2,-1.468471831412982,4.211928534308562e-53,7.28107645869124e-52
BUB1,3.616116889023652,4.816581996773956e-53,8.318429040538551e-52
RPL5,-1.1036743480897506,5.126046803476169e-53,8.844495731154189e-52
PLEKHH2,-2.4587190245170216,5.190752289488255e-53,8.947657568707831e-52
KCNAB1,-2.1612292428311513,5.261702205451909e-53,9.061377979738989e-52
ARRDC3,-1.8146651866932348,5.437543178857647e-53,9.355349573227387e-52
GIMAP6,-1.8357557350775338,5.473464427579132e-53,9.408259959888851e-52
FLNC,-2.74226485315776,6.017031480056347e-53,1.0332832455798651e-51
GSG2,2.041958793208005,6.323988728158307e-53,1.084972354558583e-51
GPRC5A,2.619245642380662,6.452649564980396e-53,1.1060035784495118e-51
BLM,2.1163821926708835,6.737168773283134e-53,1.1536846959555305e-51
EDAR,-3.5838134497097798,6.766961004990172e-53,1.1576972854683844e-51
CEP55,3.5978599584163575,6.887090035429328e-53,1.1771427222058222e-51
DIAPH3,2.5130938101013607,6.964166432269548e-53,1.1892000146960842e-51
ETV5,-1.901414718877244,7.451658617687398e-53,1.2712515634279633e-51
NEXN,-1.9227674044875673,7.544565586542391e-53,1.2858963237062842e-51
PCDHB18,-1.648673312830287,7.898742145270712e-53,1.3450028369538144e-51
ORC6L,2.5691299055704757,8.495768959101367e-53,1.443963420751841e-51
CENPK,2.474499055704759,8.493683920403922e-53,1.443963420751841e-51
PRDM16,-2.4144964653902794,8.554425835771566e-53,1.4525766183633378e-51
SLC16A11,-2.851037663519016,9.014823143049221e-53,1.5279034047758375e-51
HSD17B2,-4.445243736463658,9.518176617452877e-53,1.6102171837127763e-51
ST6GALNAC3,-2.1534099367582087,9.58178220530073e-53,1.6194724371688875e-51
FMNL2,-1.6232367538768102,9.761774917507233e-53,1.6483635326844544e-51
CASQ2,-3.3306114571601824,1.1106205855955404e-52,1.8736447191469528e-51
TNS1,-2.7797997834185235,1.2949216992813316e-52,2.180523560778731e-51
KIFC1,3.0591377328250893,1.2942592769677237e-52,2.180523560778731e-51
KIF4A,4.465909048774148,1.5030345223720156e-52,2.5286263780718854e-51
RECQL4,2.8997697825521955,1.618884071571095e-52,2.721010780684085e-51
SLC2A4,-4.205138248289005,1.6433787946077932e-52,2.757089787856743e-51
RECK,-2.1784142294030993,1.7042260402309406e-52,2.856540203528896e-51
APOA1BP,1.142579766958331,1.7756445950466493e-52,2.973510447436445e-51
ASPA,-3.358970657541366,1.864048582354099e-52,3.118683487554381e-51
PAQR4,2.3295949796413415,1.907526117162558e-52,3.1884938393673135e-51
CDC25A,2.2281023953911463,1.935447989429536e-52,3.2321981423473254e-51
COX6C,2.612950030321411,1.955973445944675e-52,3.2604930985834173e-51
ALX4,-3.6690821580178463,1.9542347042291827e-52,3.2604930985834173e-51
EZH2,2.2456088798405975,1.9625298745606652e-52,3.268429213781133e-51
TWIST2,-2.7433509919431693,2.021177837792334e-52,3.3630256107252156e-51
TENC1,-1.7029530797886157,2.0539351911246537e-52,3.414409341008408e-51
CMTM5,-3.3436824655635453,2.1532363674469114e-52,3.576219123780669e-51
SCRG1,-3.491418530711255,2.308952886614079e-52,3.8313463441236176e-51
TIGD3,1.9467279693320632,2.4345900048936708e-52,4.036142245817804e-51
BMPER,-3.4387548774148837,2.6450436266306387e-52,4.381049056920611e-51
TNNT3,-4.161728220566577,2.6865018426039836e-52,4.445672094629119e-51
GAS6,-1.637138950012993,2.7822099426981525e-52,4.59986989890413e-51
HDAC4,-1.2767036255739432,2.7990456578911304e-52,4.623505273193489e-51
FGD4,-1.419773052932518,2.8719110891875796e-52,4.7395646016755676e-51
LRCH2,-1.9692815515897086,2.942085342703114e-52,4.8509764033718105e-51
SOCS5,-1.093494078662392,3.0792820893727355e-52,5.072594739624607e-51
REM1,-1.8145254136706228,3.2500378397520576e-52,5.349045099186863e-51
C8orf76,1.1633374556007947,3.288893864779135e-52,5.408106144586685e-51
ASPM,4.012759668197177,3.340968210129755e-52,5.488776563988441e-51
UBE2S,2.212749974010223,3.349601169224033e-52,5.497997302379177e-51
HEPACAM,-5.231360889716711,3.4571824275590816e-52,5.669467723320538e-51
TSPAN11,-2.149739266221954,3.680568661116769e-52,6.030368257273495e-51
MPL,-1.593498107077881,3.721538459771444e-52,6.092011203526942e-51
KCNS1,-3.636511829680325,3.812839823956514e-52,6.235860136161764e-51
C1orf130,-3.8311746253140435,4.056247480643587e-52,6.62205138028298e-51
UBE2C,4.3329645152906515,4.334256074752654e-52,7.069575567089835e-51
EFEMP1,-2.636812479424762,4.432711290464919e-52,7.223692356341353e-51
ESCO2,3.100485657974529,4.7068279890300016e-52,7.663541134553947e-51
PRDM8,-1.9318807632331279,4.785848017807982e-52,7.78523605613572e-51
HELLS,2.3091740318807936,5.2406463471975595e-52,8.509855973063085e-51
FLJ36031,-1.1438608983799705,5.236093820841546e-52,8.509855973063085e-51
SGK1,-2.0737813609980034,5.5866991780799305e-52,9.055626459357878e-51
ORMDL2,1.031514363683618,5.863297170698809e-52,9.487075413176038e-51
HJURP,3.6239218097548287,5.9196897346833286e-52,9.56981458618478e-51
C15orf42,2.149358030841202,6.246068465190155e-52,1.0079537612753227e-50
CBX4,1.5828593433249587,6.319510021140959e-52,1.0189020453040644e-50
DHTKD1,1.1006897080481686,6.545903325247466e-52,1.0544697188449525e-50
C14orf139,-3.049220168067227,7.094185309681422e-52,1.1417812130161886e-50
CDKN3,3.233770622888331,7.636492341991096e-52,1.227977651071236e-50
KIAA0101,3.634245061942303,7.961831137219236e-52,1.279163390916167e-50
C10orf105,-1.8114189335528028,8.04069026197587e-52,1.2906938698302185e-50
TANK,-1.2349092566923705,9.21458430103822e-52,1.4752249607018356e-50
DEPDC1B,3.367537676513903,9.595782295193033e-52,1.534903559924418e-50
NACAD,-2.376890167200899,9.994165982633826e-52,1.5972239102887053e-50
JUN,-2.0527514121112347,1.0185124923141088e-51,1.6240446753554978e-50
EPR1,4.055844360218314,1.0188754706674605e-51,1.6240446753554978e-50
HAGHL,3.2935637355973317,1.1116726597756109e-51,1.7704092236128997e-50
SLC27A1,-1.109904396604005,1.1333188476850135e-51,1.803304456679222e-50
EGR2,-2.973031140084899,1.1634872344594018e-51,1.8496906662763747e-50
FAM122A,-1.014526046088534,1.1707626763664117e-51,1.8596328968497202e-50
DUOX2,-2.382737706835312,1.1778522615199288e-51,1.8692628349125775e-50
FLT4,-1.6874120505934354,1.1918005093801164e-51,1.8897512780702319e-50
ANGPTL4,-3.3296395217880983,1.2748641291803499e-51,2.019699890641419e-50
HMMR,3.6413132158017856,1.3213070099682934e-51,2.0914566523872038e-50
LOC100134259,-1.6940707225158098,1.3486440642427068e-51,2.1328729714517802e-50
LAMC2,-3.5865313306766007,1.363875080685327e-51,2.1550883761905387e-50
CYP2U1,-1.4808988217967585,1.3791718649604174e-51,2.1773690770055924e-50
UHRF1,3.7662220826474915,1.509711166126771e-51,2.381392751906899e-50
MBNL2,-1.5843950662739292,1.5392874068603172e-51,2.4259436075392517e-50
SIK2,-2.233561249241964,1.5678688890556545e-51,2.468850985076131e-50
CENPA,3.28246934505761,1.6839524737447705e-51,2.6493506378198836e-50
NOV,-2.4969059863120497,1.8342681117231917e-51,2.8833490878840467e-50
PI15,-4.5857495191891156,1.850028649529375e-51,2.905614452750924e-50
WSCD1,-2.200891912847612,1.931843808272978e-51,3.028884827045049e-50
MAFF,-2.0828709867452124,1.966065574737937e-51,3.0798874059341363e-50
BUB1B,3.4106398336654244,2.0216460594550838e-51,3.164232435104118e-50
TCF19,1.2345508619942827,2.0625830169077495e-51,3.225532530650495e-50
SEPP1,-1.6710699471541197,2.2478270776816286e-51,3.5122056905612607e-50
SLC35A2,1.1374116217621069,2.2820709492182826e-51,3.562653300910841e-50
TRPC6,-1.8417549640474746,2.2982878852590417e-51,3.584895833365068e-50
CASC5,3.2212850038984673,2.5468256799542145e-51,3.96916676816837e-50
TMPRSS5,-2.0812802521008393,2.6462060893709892e-51,4.1205209105919686e-50
RNF180,-2.1556205882352932,2.847836148218518e-51,4.426913869002706e-50
GIMAP7,-1.9808501516070356,2.857628709878287e-51,4.438346024395431e-50
UGT8,-3.6284364160097042,2.915596401499856e-51,4.520664505664555e-50
TMEM133,-1.5469160140344798,2.9972574554402177e-51,4.643325741393896e-50
STIP1,1.0489992679546027,3.093118068507421e-51,4.783689736706931e-50
CCDC19,2.7697208611279556,3.100629611870327e-51,4.79123606323222e-50
GAS1,-2.35104763493026,3.248170773482262e-51,5.014966292595218e-50
FGF9,-2.720012994888678,3.288430785499736e-51,5.072822507495906e-50
GFRA2,-2.9091728103612575,3.4443583223252924e-51,5.308861519160651e-50
RAD21,1.2069860131681498,3.7358161491060616e-51,5.743501804237976e-50
HES6,2.6081566577146322,3.969869525478385e-51,6.098188605255953e-50
ADCYAP1R1,-3.4518178203240066,4.056752537511445e-51,6.226396833079328e-50
TNFSF12,-1.156856982586845,4.3423957090267355e-51,6.659193689251361e-50
ENPP6,-2.5704288399896034,4.386871624269985e-51,6.721736041800214e-50
SPAG1,1.5685253790175864,4.640269604184213e-51,7.104022506725419e-50
CHEK1,1.3803650394178302,4.733170668214457e-51,7.240160140630904e-50
ZFP36,-2.7567246339773046,4.968315866739122e-51,7.593472184907829e-50
LY6D,-3.8373985315775787,5.001854140445329e-51,7.638318030077712e-50
OXTR,-4.8202818461405155,5.1185799121596285e-51,7.810017614504753e-50
TMEM63B,1.21751262236854,5.165702069536439e-51,7.875316145039514e-50
FLJ42875,-2.3649909945421466,5.391693115798223e-51,8.212969856642264e-50
MYBL2,4.041609161396517,5.570121631231819e-51,8.477669235226824e-50
PKP1,-4.043510543186346,5.839453977560836e-51,8.872752984435718e-50
VIM,-1.7565969418695317,6.235367124487756e-51,9.466420998085956e-50
DCAF13,1.2738251234514415,6.602931414705399e-51,1.001609671182353e-49
LPL,-4.748311318548036,6.608876996191304e-51,1.0016768356508768e-49
PCDH18,-2.2221247595945606,6.936907731150286e-51,1.0505202282040655e-49
SEPT10,-1.2686333968639012,7.36311318521439e-51,1.1141375670029722e-49
CCNB2,3.384800554448585,7.397828074801421e-51,1.1184606681529094e-49
PVRL3,-2.3028651173871593,8.300625731984761e-51,1.2539111219860463e-49
FOS,-3.4190755696092836,8.506805059793414e-51,1.2839914801278568e-49
ACSL5,-1.837600394178291,8.96740945567177e-51,1.3523923307505654e-49
ZFP36L1,-1.3315020012128578,9.504538767730265e-51,1.43221125156452e-49
FANCD2,1.7100526249675125,9.948396049381514e-51,1.49785486589654e-49
LPPR1,-3.5980351035259464,1.0014541949596669e-50,1.506567827343043e-49
SYNE1,-1.617471675474313,1.1701855299583973e-50,1.7574989440456025e-49
JRKL,-1.555897894828032,1.1722018460453456e-50,1.759075861794182e-49
TMEM97,1.8020754699818067,1.1769617125206227e-50,1.7647639252893655e-49
LRFN2,2.653377224291779,1.2008951032060769e-50,1.7976886154325838e-49
NLRP1,-1.7786958026509563,1.2409435018872828e-50,1.8561129469888425e-49
C15orf23,1.3832294810707788,1.2827134445767157e-50,1.9170141897889946e-49
SORBS2,-2.658539946287794,1.3067501737883162e-50,1.9513349805962855e-49
C2orf71,-2.3803033180282425,1.321176929145752e-50,1.9712609542000104e-49
C20orf160,-1.7971166594472843,1.3493821116250635e-50,2.0116955428264563e-49
NECAB3,1.4802821536862183,1.4114811569557655e-50,2.1025524959137317e-49
CSRP2,-1.715501312483756,1.46204364767334e-50,2.176089985167442e-49
PTTG1,3.1550794247595952,1.4907591691573697e-50,2.2170170879225162e-49
NPY2R,-6.107189712379798,1.543642550463665e-50,2.29378982417062e-49
C1QTNF9,-2.9098901022264583,1.9274386819606618e-50,2.854773501035796e-49
C7orf31,-1.668311998613878,2.274775002478066e-50,3.363747308700913e-49
LYVE1,-4.949918244823703,2.543282517347064e-50,3.75774120643414e-49
PAFAH1B3,2.245274564671229,2.690153533667309e-50,3.971521879427901e-49
DSCC1,1.6744538724768248,2.9430598808734933e-50,4.337855790408114e-49
NES,-1.7489096552022882,2.9683204895321127e-50,4.37154837143633e-49
COX7A1,-2.5082583037338644,3.007189731123271e-50,4.42521218073055e-49
EEPD1,-1.7537827124664283,3.047648973149161e-50,4.481127161408253e-49
ASAM,-2.6416372476825796,3.110594726544247e-50,4.569988362169889e-49
DSC1,-3.681827744087325,3.148190642600254e-50,4.6214930860687445e-49
CANT1,1.3064183141297772,3.4336114417049397e-50,5.032369490608294e-49
SACS,-1.7023647015507262,3.6028061065482303e-50,5.2726564149444184e-49
MT1L,-2.5844328510785766,3.6819611454994666e-50,5.3833525085563685e-49
C9orf116,1.7555082430910511,3.7517805055112943e-50,5.481032146213651e-49
C6orf123,-2.1264031880793546,3.9315929530630544e-50,5.7391168022940484e-49
QKI,-1.4032207225158118,4.0699809856485115e-50,5.9363672982179375e-49
FBXO43,2.1813734254526556,4.212203956932549e-50,6.138891003045891e-49
AURKB,3.4276371480550987,4.327232524023378e-50,6.301489090783804e-49
CPEB1,-2.6059197478991583,4.53881562175984e-50,6.604321403908423e-49
C20orf24,1.0754834401801947,4.726546281067736e-50,6.871990571427796e-49
PPP1R16B,-2.492004461578447,4.973330096821738e-50,7.219260586319466e-49
COL10A1,5.883885198821796,5.1545274521364845e-50,7.476323761851826e-49
MESTIT1,-2.997937169713247,5.21879020947218e-50,7.563506224762905e-49
C21orf45,1.0468818158191127,5.4839413792642435e-50,7.941462603559827e-49
PRRG3,-2.7075804686823184,5.512528370329758e-50,7.976514620438203e-49
CNNM1,-2.9925702503681886,5.659296473702076e-50,8.175886802444357e-49
CCL28,-4.114905774062201,5.751806522599331e-50,8.296365620513123e-49
RAD54L,3.0600919475006503,5.914197269449823e-50,8.523842667917271e-49
MELK,3.957657073551072,6.353632709226896e-50,9.149934826428576e-49
BIRC5,4.071321575846832,6.387406246908369e-50,9.191300862646091e-49
GRID1,-1.87938998960409,6.397606025114223e-50,9.198706356647252e-49
ZWILCH,1.1319038248289015,6.545091615397693e-50,9.403338806241846e-49
RARRES1,-2.8126605301914562,6.657646647402985e-50,9.557503306204774e-49
ODZ1,-2.8090530927835053,6.729008480265324e-50,9.652335805064593e-49
MUC15,-4.939915243004419,6.885082091970919e-50,9.868436954342255e-49
PTGDS,-3.1083713419388372,6.973972530109135e-50,9.987979698314444e-49
SIX4,1.8598547777874028,7.00457696923187e-50,1.0023924101488029e-48
SCN7A,-3.312358381703196,7.081188427228349e-50,1.0125598817033591e-48
PCDHGA2,-2.7254406826648196,7.752945302452552e-50,1.106877359533677e-48
AKR1C2,-4.82251326344971,8.880109025123224e-50,1.2658153843721069e-48
ABCB5,-4.340132456900286,1.0104618639732948e-49,1.4392360962367673e-48
PRIM1,1.1352143333622111,1.0532584080478796e-49,1.49901976557432e-48
PRR11,2.8488552932513214,1.0562607139357814e-49,1.5021182637322678e-48
SQLE,2.3779236203759826,1.1420456176660467e-49,1.6228459311768187e-48
PLEKHA4,-2.03575630252101,1.1596790156998087e-49,1.6466175602795335e-48
C16orf53,1.1436076669843196,1.1696537413243672e-49,1.6594861304230287e-48
TACC3,2.3862857142857132,1.1888677909077307e-49,1.685433052795438e-48
ANLN,3.3607800831672865,1.236812976081413e-49,1.7520394244054444e-48
DOK5,-1.9856488997660922,1.3029932718391437e-49,1.8443535402245668e-48
KIF2C,3.439326210690462,1.3124824654666177e-49,1.8563417497194125e-48
C1orf31,1.0588577059689852,1.3253259163062326e-49,1.8730518365312384e-48
TDRD6,-2.1018012041930176,1.370466216704681e-49,1.9353449606419944e-48
NLRX1,-1.04046853504288,1.4685580300685768e-49,2.072260606305295e-48
SIAH2,1.5717858442346007,1.4879231116925891e-49,2.0979600621332458e-48
EMP1,-2.1289342545265555,1.4893798271163e-49,2.0983886217490718e-48
PAICS,1.0584368924889525,1.5043325217560496e-49,2.1178163104041274e-48
GTSE1,3.1411135276791144,1.6543020288556532e-49,2.3271452728948574e-48
SLC7A14,-2.48981669410032,1.6567700228403398e-49,2.3288173533407494e-48
C4orf38,-1.6459641644286576,1.7074906393976204e-49,2.398260193592198e-48
SHCBP1,2.8482129255826063,1.7122001653391606e-49,2.4030207871756934e-48
CYR61,-2.62349200814346,1.815696346843033e-49,2.5463112944209345e-48
AQP7P1,-5.1837608550636745,1.9879953256432433e-49,2.785795143393684e-48
AGPAT4,-1.5077167634063935,2.243697706430524e-49,3.1392797348312706e-48
PTH1R,-2.9562189855323577,2.3060000619976527e-49,3.2239722832982544e-48
NFAT5,-1.2425309841462298,2.3374680499559534e-49,3.265459011001398e-48
RUNDC3B,-2.0910616260937367,2.4840132602110145e-49,3.467522498130452e-48
LHX6,-2.0784641427705104,2.5320818149202313e-49,3.531914580612488e-48
KIF21A,1.1863686390019925,2.645603219014013e-49,3.6874360946180766e-48
CIDEC,-6.689384830633287,2.7753868532087136e-49,3.86241337071546e-48
CRY2,-1.2899355973317146,2.8196009923952072e-49,3.917953959127477e-48
FOXO4,-1.189490518062895,2.8732067070801205e-49,3.989396009838248e-48
FEZ1,-1.867713830893181,2.8890373661011012e-49,4.00831914444652e-48
BIN1,-1.9568059343324986,2.8934600051681986e-49,4.011397751262507e-48
CCDC64,2.855132924716277,3.426567610888748e-49,4.746865313623126e-48
SH3D19,-1.7976876245343476,3.528963823850691e-49,4.884998363920466e-48
WHAMML2,-1.9038437018106231,3.664288818059061e-49,5.068468795982453e-48
HABP4,-1.3872642380663622,3.904800869591285e-49,5.3970455754874834e-48
TEK,-2.0109903404660834,3.997258762342736e-49,5.520645011451048e-48
RNF125,-1.6087259074763915,4.089543474577107e-49,5.643818033944433e-48
RBPMS,-1.3800757905223957,4.590298875103062e-49,6.330091698750079e-48
TPO,-3.1201522221259648,5.259410882129971e-49,7.247316902907787e-48
SLC10A6,-2.535998453608248,5.4149114212752346e-49,7.455948003137149e-48
SLC19A3,-5.695688945681367,5.5923261218454156e-49,7.694415147086326e-48
ST3GAL6,-1.5199419778220573,5.925268303632287e-49,8.140200674039134e-48
C5orf4,-2.7475706185567024,6.124683925056416e-49,8.407814591840267e-48
LSM4,1.2182092480291065,6.178484803293604e-49,8.475279493169064e-48
DEPDC1,3.2248476869098175,6.3016157397741465e-49,8.637674044511205e-48
APCDD1L,-3.5706890453088453,6.327082874178008e-49,8.666056400200321e-48
NPAS4,-2.188453006150913,6.480500104644058e-49,8.869514541716976e-48
ALS2CL,-1.7259157194836687,7.160606144065764e-49,9.792976231437197e-48
PTPRB,-1.990999982673479,7.424104951830908e-49,1.0138108209915831e-47
TIE1,-1.5979753746859569,7.916075178293946e-49,1.0785652430425501e-47
ADH1A,-4.996406558087151,8.084795929054565e-49,1.1007295459729262e-47
ZNF423,-1.8103831932773131,8.183419416125592e-49,1.1133242423896424e-47
HSPE1,1.1260135146842227,8.19095446540077e-49,1.1135171331866334e-47
PABPC4L,-1.5904773758988133,8.740298125668904e-49,1.1873107968772468e-47
LOC100128191,1.5071807372433517,8.838609232929074e-49,1.1997703494929747e-47
SYNPO2,-2.4144144243264325,9.348439946155632e-49,1.2670860189119208e-47
C5orf27,-3.030311413843888,9.40029483655152e-49,1.2731664204594295e-47
LAGE3,1.5344731222385848,9.913810815573703e-49,1.3417182027947072e-47
PYGM,-3.4210730399376255,1.0515042626870243e-48,1.4220306161732468e-47
LRRC46,2.1517491076843136,1.0958579426516434e-48,1.480913298447503e-47
RRM2,3.6913744910335264,1.1140098386336087e-48,1.504326490552491e-47
MYBL1,2.1924860304946714,1.2741295215230473e-48,1.7192720296726484e-47
VAMP2,-1.0903034133240954,1.3121317269018925e-48,1.7692395425774184e-47
CYP11A1,-2.917967733691415,1.3309280725729727e-48,1.7932556406399574e-47
TMTC1,-2.741057740622022,1.3738436605843156e-48,1.8497097746757618e-47
CKAP2,1.3961745256865612,1.3786649966262476e-48,1.8548291894743227e-47
LCA5,-1.4966457116867353,1.460662006867347e-48,1.9636950155839227e-47
GPRIN1,2.4536763363077174,1.6137588108106804e-48,2.1615343365111712e-47
PYCRL,1.7248680542320036,1.7615683728784308e-48,2.356049161756508e-47
TSPAN2,-1.8058629255826046,1.8242420990678092e-48,2.4362933917337734e-47
CD36,-4.304069955817377,1.9229791571263415e-48,2.5643948422835747e-47
PIGR,-5.807151425106128,1.9878740072396003e-48,2.6489949160894905e-47
PKMYT1,4.38259638308932,2.0363795237604578e-48,2.7116471449167237e-47
NPHP3,-1.3901593259984395,2.1527028722139302e-48,2.863529368904479e-47
STX19,-2.861918781945767,2.153585511196084e-48,2.863529368904479e-47
ANXA9,2.371961916312917,2.1627592483391057e-48,2.8736282187968424e-47
KIRREL,-2.2946823486095473,2.2548792957559802e-48,2.9938415624103653e-47
TYMS,2.0947728536775543,2.3535484963767062e-48,3.120294485036066e-47
C1QL2,-3.172822247249416,2.413402049961986e-48,3.1973185964671053e-47
MFSD4,-2.307946920211384,2.425977624171594e-48,3.2116415049305836e-47
FIGNL2,-1.5042468552369415,2.481552071723806e-48,3.280455630762746e-47
TPM2,-1.9828666854370613,2.703853228598658e-48,3.5717155529884886e-47
SKA2,1.219662462098242,2.876566292188706e-48,3.794357696863117e-47
NAP1L5,-1.3451063934852296,3.0070604964009006e-48,3.963614932366806e-47
MTHFD2,1.3325444165294975,3.061415579209748e-48,4.032340650387485e-47
MYOM3,-2.4530445464783845,3.146272546804483e-48,4.1411134612785254e-47
LRRC59,1.221228185913544,3.209841617776978e-48,4.2217302722828276e-47
ABI3BP,-2.9567408472667402,3.2831390212011087e-48,4.3150165778284314e-47
C19orf40,1.1580275448323665,3.373455153439597e-48,4.427325462008722e-47
ZNF660,-1.700994524820238,3.528729356018492e-48,4.627770927060851e-47
SORBS1,-3.3285753920124765,3.711935140261065e-48,4.864532423194541e-47
C1RL,-1.0029020185393733,3.7238396967315273e-48,4.876622589899568e-47
DENND2A,-2.4167834098587875,4.200200136652913e-48,5.496494830157654e-47
OR2A9P,-1.2952075890149866,4.2527149379763e-48,5.561219110343577e-47
RCSD1,-1.5427861301221562,4.960939942512494e-48,6.478048046883424e-47
CSRNP3,-3.0550408169453362,5.0248027738633124e-48,6.556737268289167e-47
EHD2,-1.929767192237719,5.039861269131598e-48,6.571675836819662e-47
C14orf64,-2.4946225634583743,5.4315831857580135e-48,7.077387883346679e-47
FHOD3,-2.061999740102224,5.751924222207216e-48,7.489433234394704e-47
KIF20A,3.862553318028242,5.800815540439862e-48,7.547694444791052e-47
LEFTY2,-3.1321595815645837,5.996904897900285e-48,7.79726141831992e-47
TMEM22,-2.1508475353027823,6.034651242559248e-48,7.840739226859815e-47
STARD8,-1.4324777787403633,6.33429553815861e-48,8.224192701933037e-47
NCRNA00162,-2.1675534176557223,7.272150298354461e-48,9.428415376135772e-47
LOC121838,-3.0701174694620117,7.32716959314472e-48,9.49298705366643e-47
OCA2,-3.112557809928094,7.874799367492521e-48,1.019523277997627e-46
KRT6C,-3.5472421944035335,7.943708564714527e-48,1.0277137669047515e-46
DLC1,-1.9859944511825347,8.16160676816045e-48,1.0551543181876753e-46
DLGAP5,3.794837234687688,8.227414975145874e-48,1.062907273190776e-46
GNPNAT1,1.0123359438620785,8.683650062325273e-48,1.1210530644291271e-46
PCDHGC3,-1.3601365243004455,9.940132558000241e-48,1.2823545921564734e-46
TPD52,2.1458635320107415,1.0149569608669116e-47,1.3084462860241071e-46
CFL2,-1.6793211989950638,1.0464348482514988e-47,1.3480717298458622e-46
FLJ13197,-2.1714652083513823,1.1428986218159145e-47,1.4713001140675453e-46
SORD,1.9535098371307296,1.1991837409813178e-47,1.542667253504094e-46
NDC80,3.487210937364636,1.23905548562243e-47,1.59170973922266e-46
AKAP12,-2.7381207441739566,1.2974357397785347e-47,1.6655305198299483e-46
SERPINF2,-2.197133700077968,1.3321098445611755e-47,1.7076334859540195e-46
TSPAN13,1.6744816988651134,1.3316443666928817e-47,1.7076334859540195e-46
DYNC1I1,-2.1563421640821283,1.3727080746578662e-47,1.758438077621192e-46
CNIH2,3.1121817508446665,1.461409817968301e-47,1.870748447009633e-46
CIDEA,-6.049188386901152,1.476764257681753e-47,1.889075177974768e-46
RPL11,-1.006099913367411,1.530939413749942e-47,1.9570007126748734e-46
ZNF667,-2.501884185220481,1.577118723098044e-47,2.0146169906353473e-46
HPRT1,1.117903941782897,1.6843648229609658e-47,2.1485979588197943e-46
CYP7A1,-1.424045321840076,1.6894724166075909e-47,2.1536040896013988e-46
LOC338758,-1.3946630252100851,1.693650327069867e-47,2.1574189575684246e-46
PCDH9,-3.528967984925927,1.737127369025062e-47,2.2112538110743498e-46
MRVI1,-1.4921424369747882,1.765750470231098e-47,2.2445499867050753e-46
NRXN1,-3.7577081954431253,1.7648122168993957e-47,2.2445499867050753e-46
TMEM9,1.0041199211643406,1.8414256367023425e-47,2.339111714228384e-46
CX3CR1,-2.523272567790003,1.9137004686603312e-47,2.4292252183419808e-46
PDE1A,-1.8901050420168062,1.9244760386611528e-47,2.441201207787384e-46
KIF24,1.5363273195876292,2.0374013479001361e-47,2.5808501555898524e-46
XPNPEP2,-3.438663289439486,2.088457630271614e-47,2.6436852742582888e-46
TMEM145,3.391449432556527,2.1208520996962292e-47,2.6828263218047575e-46
RASD1,-2.8836156761673726,2.1390068851932805e-47,2.703912661887034e-46
DBF4,1.1744311834011958,2.1417324141118633e-47,2.7054791904287473e-46
AOC3,-3.575517898293336,2.1595712438996377e-47,2.7261217304233773e-46
C21orf58,1.62279254526553,2.2067107169711064e-47,2.7836975177425536e-46
CYB561,1.3562164255392872,2.2807019272170365e-47,2.8750427410756035e-46
PREX2,-3.006770051113227,2.2824362095948907e-47,2.8752378078377715e-46
PCOLCE2,-5.467190284154896,2.3036605425355107e-47,2.899967694036923e-46
NR2F6,1.1322303993762475,2.3646807464060743e-47,2.9747258898983946e-46
TACC1,-1.9421675127783082,2.4005457377046016e-47,3.0177578773091753e-46
psiTPTE22,-2.9536758468335798,2.4027158375216374e-47,3.0184014072054084e-46
ACE2,-3.546028688382569,2.414708204052212e-47,3.031374719887063e-46
TSC22D1,-1.0833669410032076,2.419003166664806e-47,3.034673648711197e-46
VWF,-2.16857950272893,2.423977500927528e-47,3.0388197279189943e-46
PKNOX2,-2.5962170839469807,2.437911536496473e-47,3.0541847005399378e-46
C4orf7,-5.489636606601403,2.6711938981599777e-47,3.344136349945397e-46
NFIX,-1.7804866195962887,2.712108571187244e-47,3.393024901809031e-46
FHL1,-4.03516346270467,2.752759352459735e-47,3.441516380001687e-46
LAMA2,-2.4386377848046425,2.791646494724939e-47,3.487737895914761e-46
ARHGAP24,-1.475195373819628,2.8169755468298834e-47,3.516968853151192e-46
PGM5P2,-1.708680776228017,2.8575368013673026e-47,3.5651639750026734e-46
CAPZA3,-2.7952564974443384,2.8759694092068407e-47,3.585703503821378e-46
LOC554202,-2.5456907433076337,3.005571632382145e-47,3.7447241905716756e-46
SRXN1,1.1318146019232458,3.1075680470289376e-47,3.869156030100393e-46
GPR87,-3.206438967339514,3.1934546969663573e-47,3.970659552519031e-46
LEP,-7.144042818158191,3.4186711026609357e-47,4.2448888186723746e-46
PRDM5,-1.9503352594646106,3.7321187986364803e-47,4.630931049187447e-46
ADAMTSL4,-2.3267289656068595,3.7801791259762194e-47,4.684179756987415e-46
GPD1,-6.204368946547695,4.0013578553737854e-47,4.951510335919036e-46
SPG20,-1.3303438664125427,4.0771633823959745e-47,5.041888930010457e-46
TRPC1,-1.6692841722255913,4.1507258972724244e-47,5.125893046679101e-46
SHC4,-3.2394854240665327,4.1592973903640707e-47,5.1329959591048934e-46
PCDHB7,-1.906542246383089,4.3486530602064256e-47,5.363044150063521e-46
TMEM206,1.19925686563285,4.366633713259068e-47,5.381573018446501e-46
MYO19,1.1755909425625894,4.423198088582406e-47,5.447596400978723e-46
BCL6,-1.404974798579227,4.607173892092129e-47,5.6703439051895215e-46
FLI1,-1.498383583123971,4.8543787155186815e-47,5.970557821526119e-46
CCDC21,1.0829261673741684,4.919777729502107e-47,6.046908440926864e-46
PLEKHF2,1.4575772026336296,4.992910205030525e-47,6.132654822008816e-46
TCEB1,1.1655224984839272,5.095273965418516e-47,6.254165340021123e-46
BRCA1,1.4718644373213206,5.430958663559212e-47,6.661707584418351e-46
NUP210,1.9676431257038889,5.448228632643329e-47,6.678390962963401e-46
BDH2,-1.160150021658147,5.495471964771616e-47,6.7317682486364546e-46
PLIN4,-5.738270991076842,5.916978420465058e-47,7.238357405089076e-46
TUSC5,-6.523381976089407,6.136547501140176e-47,7.50191901700837e-46
FAM89A,-2.748433791042193,6.445657169528982e-47,7.874516607848057e-46
OXER1,-1.8605531490946898,6.505648313095329e-47,7.942475938516049e-46
MTL5,2.296980568309798,7.168427313085156e-47,8.739911746824453e-46
APLF,-1.4964957463397708,7.586769559404191e-47,9.243772844031761e-46
C3orf55,-3.3561983626440286,8.070221125135548e-47,9.826236464270394e-46
DDX39,1.3668812830286772,8.476263549914989e-47,1.0306842044028227e-45
ZDBF2,-2.1950373689682054,8.550519868335648e-47,1.039019447018116e-45
PCDHGA3,-2.3584800745040275,8.91775313544319e-47,1.0829210161739319e-45
CCDC69,-2.773747500649746,9.472225333608841e-47,1.1487203047813574e-45
ELTD1,-1.7819470761500504,9.533492440132457e-47,1.1553805784802337e-45
ATF3,-2.9494409295677055,9.604865037956604e-47,1.1632558768191887e-45
GULP1,-2.160334925929136,1.017073776078558e-46,1.230970342151462e-45
DQX1,3.296595555748073,1.0971730543874122e-46,1.326151468062023e-45
XRCC2,1.7703678419821536,1.168560606969846e-46,1.4115002474234975e-45
LOC572558,-2.939949094689422,1.1734700262980648e-46,1.4164903772349917e-45
RUSC2,-1.0016491510006045,1.2129839303359867e-46,1.4622481115169512e-45
COL4A6,-3.643343285974182,1.2927936957606533e-46,1.5574271107830026e-45
MKI67,3.353772892662219,1.3080236328539198e-46,1.574732419896819e-45
PPARG,-3.1003650004331655,1.3094065696526611e-46,1.5753554386905083e-45
HMGB2,1.2597645759334668,1.3299061453956008e-46,1.5989617942295985e-45
PIK3IP1,-1.1244130078835628,1.3407876909024073e-46,1.610980748349605e-45
MUSTN1,-2.4805773109243696,1.38015924188673e-46,1.657192525070194e-45
TMEM178,-2.7829346963527675,1.4193037686946553e-46,1.7030709625279375e-45
GPR116,-1.8447917352507996,1.4821421935143787e-46,1.7761312935182514e-45
CDH23,-2.652775032487221,1.5775133795989339e-46,1.889176055844697e-45
C4orf49,-2.7593518885904875,1.6277467227296304e-46,1.9467722466391236e-45
LGALS12,-5.175245529758296,1.730906602699657e-46,2.067433916597235e-45
NAB1,-1.2769552022871018,1.7425747123870719e-46,2.080005737021762e-45
SERPING1,-1.7400682318288148,1.758703778447198e-46,2.0978823642905864e-45
IRAK3,-2.11658715671836,1.8236485778467567e-46,2.1739276399832686e-45
ANGPT1,-2.9920759984406136,1.8683502432244537e-46,2.2257578192025348e-45
CALN1,-2.6245937971064714,1.877791345292745e-46,2.235541913562056e-45
FAM82A1,-1.3531597851511732,1.8847454100380343e-46,2.2423542940472116e-45
CENPO,1.3124715195356513,1.8989026542358403e-46,2.2577220780571525e-45
CLIC2,-1.6478643290305817,1.91003927300081e-46,2.2694807367123854e-45
SOCS2,-2.300942172745388,1.9233856781843e-46,2.2838479778205354e-45
NFKBIL2,2.0698636489647395,1.9507330199984232e-46,2.3148105060646215e-45
ADIPOQ,-6.746529528718701,1.959327731776113e-46,2.323494638535543e-45
RASL11A,-1.8295398726500913,2.1448758329467527e-46,2.5418733585370924e-45
MYBPC1,-5.961248730832537,2.333187921134763e-46,2.7614447157617744e-45
DZIP1L,-1.5992832365936058,2.341821339630252e-46,2.769861848296912e-45
C8orf51,1.8225239062635357,2.349617311580386e-46,2.7772781767985558e-45
EPHA4,-1.9504791085506357,2.375940188150826e-46,2.8065697108961375e-45
FAM64A,3.0206805813046866,2.5074064787560346e-46,2.9599429398700455e-45
PAPLN,-1.7487563241791548,2.780863110008138e-46,3.2763787178950253e-45
TMIE,-1.7474548990730314,2.924892263267559e-46,3.4438430703919386e-45
CKS1B,1.0111395997574277,2.939667607216654e-46,3.4590025503661764e-45
KLHL2,-1.2703108247422676,2.946746374486131e-46,3.4650920061221607e-45
HEPN1,-4.770214069132808,2.9987514634052632e-46,3.523968553154681e-45
CDC45,3.5598717361171266,3.0364394901177696e-46,3.5659553573299203e-45
GPX3,-3.617403465303644,3.1479759035268338e-46,3.6945586958026406e-45
RBP4,-5.636683249588494,3.1630219226510873e-46,3.709825261470215e-45
SHISA3,-2.871521220653209,3.2886686266006652e-46,3.852228765123031e-45
KCNIP1,-2.4550266741748237,3.3839894890263666e-46,3.9613350912377464e-45
CYGB,-1.7757238586156125,3.4362368108050596e-46,4.0173293941608546e-45
ZCCHC24,-1.7245655158970816,3.722397650301068e-46,4.3490888593344245e-45
ETS1,-1.3767336914147101,3.796044103151496e-46,4.429448128824787e-45
PPP4R1L,-1.8900857446071209,3.998589483272243e-46,4.662801048302668e-45
KCNA1,-3.3181898813133497,4.106915304940553e-46,4.7860550125373174e-45
ALDH3A1,-3.7965442649224634,4.200248224920135e-46,4.891690239169624e-45
COL4A3,-2.805467560426231,4.75785060078285e-46,5.534003481536755e-45
MAOA,-3.6682446287793473,5.004974079520045e-46,5.817723063186678e-45
CDC20,3.206561400848998,5.016219370498656e-46,5.827073465295918e-45
HYMAI,-1.8359112535735949,5.0752429086922806e-46,5.891877976206989e-45
PDGFA,-1.7800255652776578,5.119283457354995e-46,5.939217130288909e-45
SNRPB,1.0352439920298018,5.1949896548233875e-46,6.023209980047779e-45
CPA1,-3.5811793554535214,5.478026844382752e-46,6.34329024480275e-45
GLIPR2,-1.4905903014814168,5.59357544839104e-46,6.472972275083414e-45
LOC100124692,-4.5783427185307115,5.8685864722398715e-46,6.782595527249675e-45
ATP13A5,-4.993405449189985,5.87440566070878e-46,6.785013086413828e-45
GUCY1A3,-1.7280717837650528,6.233327068678251e-46,7.195006507999378e-45
TRAIP,1.3670146625660564,6.422492588876522e-46,7.408658592859272e-45
ORC1L,2.3188089274885186,6.5545592835085295e-46,7.556215493204925e-45
C15orf52,-2.0366201247509315,7.136853019101097e-46,8.222287057385904e-45
C8orf47,-2.801722143290305,7.21885828730655e-46,8.311503947112026e-45
UBE2Q2P1,-1.8620670839469797,7.357317593574498e-46,8.465565875843022e-45
RPS25,-1.051244650437491,7.450633071847461e-46,8.567522034544494e-45
ULBP3,-2.2011476435935204,7.515080834111652e-46,8.63617527925091e-45
C6orf174,-2.1552674824569005,7.852141948620826e-46,9.006461240752672e-45
C11orf82,1.7556386727887023,7.89017850326211e-46,9.044390383808576e-45
ANGPT4,-2.944307233821364,8.35743006641357e-46,9.56794336471234e-45
TMEM200C,-2.1270119726241012,9.443915598502844e-46,1.0805002868607622e-44
FAM111B,3.067444724075198,9.696121071686683e-46,1.1086588685170394e-44
PPP4C,1.0546279909902108,9.709691978664119e-46,1.1095136414791146e-44
CNRIP1,-1.8343969462011618,1.0799103962256056e-45,1.232451971316282e-44
FBXL6,1.506725318374773,1.0838409557939835e-45,1.2361627141803184e-44
TIMM17B,1.1068115654509239,1.1033118495005394e-45,1.2575820661526812e-44
GLI2,-1.6554061292558266,1.1060859896145775e-45,1.2599551482449407e-44
IQCD,1.2993578705709101,1.1922940654015334e-45,1.356458054531507e-44
ZNF366,-2.1592950272892653,1.2050734928216417e-45,1.3701407114198843e-44
AMY1A,-2.935010725114787,1.2281967064519435e-45,1.394688998599172e-44
VSNL1,-2.709969721909382,1.2762664170430177e-45,1.448371420787659e-44
C7orf51,-2.331960803084119,1.2891978757457425e-45,1.4621351359626014e-44
CDC7,1.7984483366542507,1.3950172116271179e-45,1.581164277910861e-44
CDK6,-1.777534436454994,1.427125989187622e-45,1.6165509882502976e-44
GPR133,-3.2488490427098666,1.5326313138960772e-45,1.733902287560615e-44
CLEC3B,-3.5534164948453633,1.5447390224031812e-45,1.746514560546901e-44
COL11A1,5.331394169626614,1.563784808226029e-45,1.7669506433357172e-44
NUAK2,2.0157408472667413,1.5932705809823343e-45,1.7991503961303618e-44
POLR2K,1.0779483843021733,1.6391342798338382e-45,1.8497930127597868e-44
NAV2,-2.2366199081694553,1.7793097345239737e-45,2.0054969100643896e-44
KLF6,-1.605859256692371,1.7820524793079893e-45,2.00734537628981e-44
CALML3,-4.351034180888849,1.7944904169615667e-45,2.0201056932561163e-44
LATS2,-1.253010032054057,1.815010098656273e-45,2.0419424490630495e-44
PLB1,-1.8492113228796656,1.8991929340582956e-45,2.1340128999174785e-44
HSD17B11,-1.5666050766698447,1.9270069221624076e-45,2.163930105127841e-44
RDH5,-4.1813178809668194,1.9447908249923602e-45,2.1825540929306985e-44
HSPA12B,-1.8524554102053177,1.958322543881518e-45,2.1963860299615077e-44
GRM8,2.298579983539807,1.999676308890004e-45,2.2413859513993069e-44
C7orf41,-2.3481080524993487,2.212939031788144e-45,2.477375719289027e-44
STXBP6,-2.635032274971844,2.2913272867371637e-45,2.5619797666140414e-44
CDC42EP5,-1.7409743524213797,2.3391385257292875e-45,2.613832939462874e-44
BMP5,-3.54344155332236,2.390062731957847e-45,2.6690988901735393e-44
PHF17,-1.1050109287013772,2.4789246117751676e-45,2.7666379342822427e-44
SCN11A,-2.221944373213203,2.497196349492359e-45,2.7853226194736163e-44
ABHD12,1.0722930217447804,2.638466247161597e-45,2.9410900855531263e-44
RGS7BP,-2.686309053105779,2.642093046942272e-45,2.9433304610459103e-44
CENPH,1.186475721216321,2.6505456418449434e-45,2.9509408145873705e-44
NOTCH1,-1.141581642553927,2.8158070738341984e-45,3.133015658007574e-44
PCDH11X,-2.903732287966733,2.959128315956691e-45,3.288462315956022e-44
NAALAD2,-2.9844574850558776,3.06088585471699e-45,3.3994695066146045e-44
CHST7,-1.40851100667071,3.1719517872520574e-45,3.520673072155439e-44
RAB26,2.808506146582345,3.2508709886749735e-45,3.6016801343183533e-44
TUBA1C,1.4390141211123666,3.250610410490046e-45,3.6016801343183533e-44
C14orf49,-2.72704951052586,3.248282420966791e-45,3.6016801343183533e-44
SHF,-1.3542390149874368,3.3342540163561836e-45,3.691814225044502e-44
TCF7,-1.9074015074070818,3.387795059713134e-45,3.7488166244351475e-44
IRX6,-3.5390422333881997,3.701126223959554e-45,4.0930498575173607e-44
C8orf30A,1.355001511738715,3.718294803962972e-45,4.109539788496538e-44
PLXNA4,-3.469279961881657,3.740866561142451e-45,4.1294720444194084e-44
PRX,-1.7253139305206622,3.8209636542334526e-45,4.2153334180613057e-44
GRM6,-1.5093915230009525,4.124592398751457e-45,4.542042071050985e-44
SLC35B1,1.0334687646192489,4.188719899307576e-45,4.608612267407874e-44
MICALL1,-1.0213408992462956,4.2049766343732154e-45,4.622173289583071e-44
KLF8,-1.7679383695746314,4.243559484746549e-45,4.661769058590309e-44
C6orf211,1.8180924066533848,4.326911526291675e-45,4.750468667858104e-44
STON1,-1.7282527375898837,4.391235652836523e-45,4.818183398950165e-44
ZNF608,-2.0823336654249323,5.089021377281351e-45,5.580449164497134e-44
KSR1,-1.2399904617517112,5.299427582353214e-45,5.807674911593953e-44
ZNF662,-2.296886489647405,5.317807598916561e-45,5.824311174673777e-44
CCL16,-2.02365853764186,5.410508650774044e-45,5.922278350573657e-44
MFNG,-1.6059499740102208,5.574048236216873e-45,6.097620194943253e-44
PPP1R15A,-1.6695510136013176,6.292651719559937e-45,6.879587943011984e-44
CXCL6,-2.713233162955904,6.784700084201896e-45,7.408632011561315e-44
LRRN3,-2.8778239582430922,7.012587401343317e-45,7.643720267464214e-44
SFXN1,1.1738286580611632,8.588896832938121e-45,9.3562949760606e-44
PRICKLE2,-1.5396977865372978,8.612642885164168e-45,9.376551342024124e-44
CDH22,-2.558008347050161,8.738351349868167e-45,9.507723229028707e-44
GPR109A,-3.2757216408212804,9.57921343619673e-45,1.041639320066243e-43
F8,-1.737641241445031,9.714775744311796e-45,1.055749629096762e-43
BVES,-1.7701440916572801,9.90630015547528e-45,1.0752795571265148e-43
SLC12A6,-1.170267603742527,1.007494194824161e-44,1.0929330648619906e-43
WBSCR17,-2.4258631031794144,1.0087888903712629e-44,1.093685775546641e-43
ARHGAP6,-1.7736842025469972,1.0373172189238267e-44,1.1232769384931837e-43
ANK2,-2.5680538941349704,1.0369156544994642e-44,1.1232769384931837e-43
PPP1R3G,-1.6473055574807232,1.0521689506057968e-44,1.1386820099808156e-43
DTYMK,1.0338772026336303,1.0703672115119642e-44,1.1576883155764874e-43
ANKDD1A,-1.6629040154206,1.3934777622463959e-44,1.502694058422461e-43
PARVA,-1.0558379797279756,1.3966079938560567e-44,1.5051779344086322e-43
PCNX,-1.151761405180629,1.5157306805593728e-44,1.63162895199422e-43
PROM1,-4.904652521008402,1.5362563865408826e-44,1.6527467496574282e-43
BRI3BP,1.3795957550030318,1.563963368355058e-44,1.6815608502166048e-43
PLCD1,-1.0986040284154877,1.5849703609723005e-44,1.703141409727201e-43
AKT3,-1.6930990773629055,1.6024536473667743e-44,1.720912315222265e-43
USP53,-1.3599927185307124,1.6139228290951447e-44,1.7322073854963984e-43
CCDC3,-2.84315646712293,1.6798783408562287e-44,1.8019343216621057e-43
ADPRH,-1.070469293078057,1.8105913858808635e-44,1.9410008832266994e-43
CENPM,2.9542854587195704,2.2063932894050584e-44,2.3625280615906046e-43
SLC5A1,-4.690133058996796,2.2354359664243054e-44,2.3922187476085613e-43
LOC148709,2.174348795806983,2.272206978172439e-44,2.430140048394413e-43
LOC728819,-1.8471982673481762,2.30698756828084e-44,2.465889295679162e-43
KIFC2,1.872310989344192,2.3150503500745295e-44,2.4730552536623627e-43
RNF217,-1.8388329073897607,2.331931917941834e-44,2.489627959078898e-43
LDHB,-1.891178194576801,2.4588632145581005e-44,2.623604167327146e-43
OSBPL1A,-1.163628298535908,2.4761261375220713e-44,2.6404759274349305e-43
DPP3,1.4191695096595325,2.499914453432621e-44,2.662723393553774e-43
HSD17B13,-4.4179638178982925,2.594299717997829e-44,2.7616396354803794e-43
CNR1,-2.934448392965434,2.636178068669904e-44,2.804579157451681e-43
TEX19,2.641212392792169,2.813745239316189e-44,2.991740922387418e-43
SLC20A1,1.0923184224205151,2.9258678293035297e-44,3.1073262600240462e-43
ZDHHC15,-2.0773328250888,3.1513069862128926e-44,3.3428462162024057e-43
FES,-1.4932649311270891,3.177135898201804e-44,3.3682821639468518e-43
RACGAP1P,1.3158963094516156,3.188712425547313e-44,3.3785874436692514e-43
CHAF1B,1.3413442302694287,3.351082982635476e-44,3.5485609966790907e-43
SLC5A9,-1.6980575110456546,3.411298576135693e-44,3.610224882639419e-43
ST3GAL3,-1.1234540717317865,3.422933983284016e-44,3.620433892952873e-43
FIGN,-2.48076888157325,3.7126747263242663e-44,3.922334187073745e-43
IRS2,-2.043658615611191,4.2234012154778394e-44,4.456728830454673e-43
KCTD9,-1.0307856016633448,4.3919164738812377e-44,4.631868804986105e-43
MYO1H,-2.4710050680065834,4.62855923150184e-44,4.8786139948481756e-43
CALD1,-1.4245365936065149,4.732246724796941e-44,4.985016616405018e-43
PROL1,-5.883308788876375,4.893392329565909e-44,5.151788350207532e-43
ZBTB47,-1.072630256432472,5.079019439877508e-44,5.344126639542791e-43
SLCO3A1,-1.4124788139998259,5.116575999635638e-44,5.3805333865608044e-43
KIF26A,-2.0308019232435255,5.568070990479553e-44,5.851939736703193e-43
HSD17B6,2.6045269470674857,5.822704982441994e-44,6.1160241659198855e-43
C1orf182,1.6201099324265786,5.997734066205687e-44,6.296237209177747e-43
PLS3,-1.4461630295417098,6.281625807709489e-44,6.590457324365177e-43
SPTBN1,-1.7047498440613342,6.732218759110532e-44,7.046956760902186e-43
CABLES2,1.10301245343498,6.892359296511639e-44,7.210437716919618e-43
NFIL3,-1.638285341765572,7.2339732811809e-44,7.563470168715446e-43
FGFBP2,-4.091227761413844,7.4154753900431e-44,7.74878866388947e-43
SLC25A34,-1.6014222472494146,7.567329278884825e-44,7.902931432216895e-43
CDCA2,2.6263766568483087,8.249214067607445e-44,8.590414397749332e-43
BOLA2,1.0607340162869257,8.717389932458113e-44,9.067579939459145e-43
PCYT1B,-2.468915359958417,8.933767787743345e-44,9.276747007432522e-43
EZH1,-1.2034686043489575,9.266840760731665e-44,9.61712100157346e-43
ODZ2,-3.2588691068179854,1.09567383077771e-43,1.1332131103208328e-42
C3,-2.2371651780299757,1.0971564005089925e-43,1.1341020987203403e-42
VWA5A,-1.6705119769557282,1.1579497019426501e-43,1.1962632476993225e-42
KCNJ2,-1.9070336047821161,1.1810251138080278e-43,1.2194101047446131e-42
GLTSCR2,-1.2881959845793993,1.2481862839038573e-43,1.2872937635071907e-42
HIC1,-1.579914614918132,1.249013906824451e-43,1.2874179018077849e-42
ARHGAP11B,2.0408046781599247,1.2990966328614486e-43,1.3382827395572694e-42
LY75,-2.2546143853417657,1.3065372538098894e-43,1.3451865175962341e-42
RASGEF1C,-3.136706332842415,1.32420287000434e-43,1.3626040046743358e-42
ANTXR2,-1.7930793381270007,1.3496283916617825e-43,1.3879822380462953e-42
EGR3,-3.070732968032573,1.376492943921615e-43,1.4148109010844244e-42
CHI3L2,-3.2412398206705335,1.4617014626067365e-43,1.5015435510062317e-42
ADD3,-1.77846977822057,1.5105073603501355e-43,1.5508045956262558e-42
OVCH2,-3.3799491466689764,1.5861819785966368e-43,1.627580076459672e-42
LYPLA1,1.2016271766438518,1.638070103244195e-43,1.6798754979917792e-42
FOXP2,-2.699861127956336,1.7393321776744548e-43,1.7827175467459514e-42
PKDREJ,-1.5876395954257996,1.785601262749049e-43,1.8291108489488428e-42
RNF112,-1.792352499350256,1.9951414678996707e-43,2.0414592546474257e-42
CLYBL,-1.2819613618643322,2.0315351003575856e-43,2.0775299680791647e-42
ANKRD6,-1.2735913497357707,2.0472377497057776e-43,2.0924126197582407e-42
MAF,-1.4287097764879153,2.0643996569350495e-43,2.1087691894045288e-42
SGCE,-1.8874361517802996,2.142365359350184e-43,2.1871832101094446e-42
FTO,-1.141547574287447,2.160059866111679e-43,2.2040117568851398e-42
PLIN1,-5.883367958936151,2.2167439876113554e-43,2.2605821180106166e-42
MASP2,-1.691766854370615,2.2842806059763324e-43,2.3276604541484444e-42
DAAM2,-1.927209884778657,2.2850789603709667e-43,2.3276604541484444e-42
PTGIS,-2.5939701377458224,2.2866045509739196e-43,2.32791178083771e-42
HNRNPAB,1.0119182188339249,2.3347043005310794e-43,2.3755518380417685e-42
SOD2,-1.308375872823353,2.551827291114796e-43,2.593574102744982e-42
SCGB3A1,-4.70483860781426,2.8222622496866885e-43,2.8668325742771647e-42
MSI2,1.4134878367841974,2.8558154328496543e-43,2.899297731408938e-42
C9orf170,-1.3552351381789833,2.947978193390802e-43,2.9911954879761856e-42
PCDHB12,-1.550456934938926,3.356254399659773e-43,3.401664745935793e-42
FRMD4B,-1.0783353287706827,3.3664360525742146e-43,3.410085446021615e-42
TGM1,-1.8640718227497182,3.531166412332588e-43,3.574962302763632e-42
C3orf58,-1.4637317551762976,3.550642495622306e-43,3.59268178698237e-42
DKK3,-1.758867595079268,3.5724963989684217e-43,3.6127862194678986e-42
KLHL3,-1.532153746859569,3.726108884989672e-43,3.766038869154192e-42
ZNF395,-1.1497527765745463,3.8417370554112995e-43,3.880751366240393e-42
C6orf105,-2.3308904920731175,3.883416731505826e-43,3.920678578125377e-42
FANCA,2.167200567443473,4.095125073555385e-43,4.1321264808164455e-42
ST5,-1.2819932513211452,4.214326445897008e-43,4.250048991394085e-42
LONRF3,-2.2059990297149774,4.38564333145294e-43,4.420369078761787e-42
ZNF695,2.495580468682318,4.612934369094737e-43,4.6468867914018536e-42
MAGEE2,-1.4776763059863125,4.7078173400336346e-43,4.739845079680987e-42
RASGEF1B,-1.3490486095469123,4.942729041458936e-43,4.970856173573315e-42
CMA1,-3.6938545525426667,5.077952816144001e-43,5.1040295478889704e-42
SPATA17,1.9056821233648087,5.508864761913881e-43,5.5340985243442805e-42
LOC100127888,-2.325985865892748,5.518442340119824e-43,5.540662212752408e-42
TEPP,-2.4906880447024173,5.5726159484461736e-43,5.5919695760510303e-42
KBTBD12,-2.320616555488175,5.6059025159234026e-43,5.622272369000204e-42
APOD,-3.407414203413323,5.6311913067033606e-43,5.644525074665269e-42
C1orf97,1.0662691068179857,5.645909514503013e-43,5.656163505365897e-42
LRRCC1,1.1230075716884684,5.835880965870078e-43,5.840051743910557e-42
GIMAP1,-1.8369753357012906,5.860136242697552e-43,5.861102199221073e-42
RIBC2,2.1355691414710223,5.870313979258699e-43,5.868057406065134e-42
SLC6A16,-1.9823488911028329,6.175238563557957e-43,6.169476815172639e-42
DISC1,-1.1984827687776143,6.271199888748748e-43,6.261911770427508e-42
IGJ,-4.032198943082388,6.33505763482061e-43,6.322206914837695e-42
FERMT2,-1.7843018149527854,6.377323467507631e-43,6.360899675563912e-42
CES1,-4.109116221952699,6.753791827678817e-43,6.732709344974671e-42
LAYN,-1.4089097375032473,6.967022650351617e-43,6.941473087266036e-42
C1orf183,-1.6847611929307797,7.367755482762707e-43,7.336720626516934e-42
PTPRM,-1.6845309364983123,7.547817934160329e-43,7.511915246337915e-42
PCSK5,-2.1711238672788706,7.710635304714972e-43,7.669764724138068e-42
SYDE1,-1.2246992333015676,7.970058189178626e-43,7.923482753556446e-42
SFRS2B,-1.0083323659360648,8.04426669046623e-43,7.992892279833885e-42
ACACB,-3.174804578532447,8.629366528465062e-43,8.564905066393104e-42
G0S2,-4.296950848999393,8.825928997802294e-43,8.755225370408456e-42
ALS2CR4,-1.2324890019925512,8.976565925075595e-43,8.89980553018252e-42
NLGN4X,-2.7832718314129776,9.323862838714189e-43,9.239100449271333e-42
OAF,-1.4605058260417572,9.51958791277332e-43,9.427913970414187e-42
RDH16,2.730493996361431,9.731361285549612e-43,9.632407258339292e-42
STMN1,1.447723187213029,1.0193593314135613e-42,1.0078977680456847e-41
SYNPO,-1.9159274538681448,1.035887427617397e-42,1.0236839763799934e-41
ERRFI1,-1.643350281555925,1.0406500340369754e-42,1.0272750851179535e-41
GLT25D2,-2.134439634410466,1.0404793858363533e-42,1.0272750851179535e-41
KIAA1755,-1.6539935068872929,1.0941628784992879e-42,1.0789299500174723e-41
ITPRIP,-1.2764098457939905,1.0950664765534886e-42,1.0792363331187414e-41
NUDT16L1,1.0521396300788357,1.2855404444028783e-42,1.2655864093815896e-41
RASGRP2,-2.0095955774062206,1.3200173613787838e-42,1.298825731306919e-41
CENPN,1.2215170059776472,1.3326604790808185e-42,1.310557466272725e-41
GAS2,-2.3875035042883126,1.3526289994738883e-42,1.3294765484569756e-41
LOC642587,-3.9264911158277744,1.3785279471143307e-42,1.354200983341725e-41
PCDHB4,-1.8039655332235993,1.4397099044978964e-42,1.4127784038585016e-41
TMEM195,-2.7166710084033614,1.5210134644082354e-42,1.4917569015421934e-41
CNTN1,-2.9022386208091495,1.5851113738668207e-42,1.5527651561504643e-41
AGPAT9,-2.095544035346097,1.5857773033476422e-42,1.5527651561504643e-41
TP53AIP1,-3.1819425842501947,1.6081594595946098e-42,1.5729890727028847e-41
CASP12,-1.9574269860521527,1.6641126486787262e-42,1.6268443901127204e-41
ZNF167,-1.438214402668284,1.7303978698174623e-42,1.6889239905784057e-41
GRM7,-2.0002422550463486,1.798296748404449e-42,1.7533152496628917e-41
MYOCD,-2.8328895824309117,1.9854303255448604e-42,1.9347317032062684e-41
CLCN2,1.2850209044442522,2.1407811094875124e-42,2.0838844136899032e-41
E2F2,2.390365507233822,2.2093588945170645e-42,2.1483418780392162e-41
GPR172A,1.505829836264402,2.2789409143242072e-42,2.213637217899869e-41
PCDHGA6,-1.9117509832799096,2.3018746437091632e-42,2.2347212874366878e-41
CABP1,-2.2560423590054572,2.4042894898392896e-42,2.3316612457935317e-41
MBP,-1.453427380230444,2.4515730565424066e-42,2.376250497776434e-41
DNER,-2.9666341029195187,2.4944780736912226e-42,2.415265126351134e-41
RPL34,-1.0730986701897258,2.5018364784825983e-42,2.421102042414606e-41
SEMA6A,-2.0392254743134357,2.5378827106479684e-42,2.4546800734285316e-41
TRIM59,1.7149419215108734,2.5626773411718333e-42,2.477345493433398e-41
GINS4,1.6248514294377552,2.621831018467107e-42,2.533184184137832e-41
CPXM2,-2.0178838083687083,2.6696279217186417e-42,2.5779966609572645e-41
CD1C,-2.530552962834619,2.741575931005772e-42,2.646071403610714e-41
AFF2,-2.283253305033354,2.7447777971395863e-42,2.647757829429353e-41
STL,-1.697086606601403,2.7826082086102568e-42,2.6828293019773573e-41
FRZB,-1.8044563545005632,2.9563969921083986e-42,2.8488774191291257e-41
SLCO1A2,-4.2808388937018105,3.054965974462609e-42,2.942304001753591e-41
B3GAT1,-3.1162687906090265,3.0820545559748594e-42,2.966823854172944e-41
KLF4,-2.6268694793381293,3.103927386997049e-42,2.9862996947942537e-41
CPS1,-2.258565546218489,3.248946230931218e-42,3.124171592268408e-41
AMY2B,-2.012513272112968,3.257222171303856e-42,3.13047598649652e-41
LASS6,1.3851071775101786,3.295367261100511e-42,3.1654654487500056e-41
CIB3,2.207803798839123,3.3266101311871e-42,3.1937913617087965e-41
CDK5,1.2161719397037176,3.328494016921454e-42,3.1939154765430273e-41
TIMP4,-4.658352018539373,3.530520850309397e-42,3.384205952510898e-41
IL1RL2,-2.558513059863122,3.6695877070870085e-42,3.515658159584464e-41
FYN,-1.3261659533916674,3.749085000952023e-42,3.5899313136417506e-41
CECR7,-2.4833905483843033,3.975173995091737e-42,3.8044212530312774e-41
UBE2E3,-1.51434419128476,4.1435434605082964e-42,3.959313470426904e-41
TOR2A,1.0455269340725977,4.2387667336030874e-42,4.04817790408064e-41
EPT1,1.0353226934072577,4.2723972933759185e-42,4.078156682292703e-41
FAM49B,1.0720011911981278,4.3351232657053316e-42,4.13586209673135e-41
TNFRSF8,-2.039347019838863,4.368448609318963e-42,4.165472500546521e-41
GRIN2A,-2.518765299315603,4.5863446035765174e-42,4.3709544931363013e-41
RHPN1,2.199614545612059,5.1089905671995026e-42,4.864630493754495e-41
ADAMTS8,-2.9009591484016286,5.1096926353120884e-42,4.864630493754495e-41
SESN1,-1.1487622585116544,5.124723200464838e-42,4.876389776166307e-41
TUFT1,1.2171709650870657,5.153845528152564e-42,4.901538670269652e-41
DFNA5,-1.3049811834011953,5.197268911645377e-42,4.939025871727142e-41
TNNT1,4.8339018019578965,5.198688990951603e-42,4.939025871727142e-41
PACSIN1,2.3953147751884245,5.209576479944643e-42,4.946787723757555e-41
TMCC3,-1.5150330633284232,5.388736241163155e-42,5.111577165080402e-41
NCRNA00176,1.8463700511132286,5.453911173487175e-42,5.170705473488909e-41
AQP5,-4.476323984232869,5.5187127493229274e-42,5.229418437060137e-41
GPR44,-1.990001650350861,5.536787121030124e-42,5.24381560687364e-41
MYOC,-5.252880096162174,5.824940830042907e-42,5.513853246451952e-41
SLC9A9,-1.7961014164428661,5.898578647625481e-42,5.580656295360012e-41
CHRFAM7A,-1.5672971021398254,6.082505955210031e-42,5.74869449131299e-41
SEMA3F,1.1424420427964996,6.189314299747345e-42,5.846605511069067e-41
IGF2,-2.303735493372608,6.514109496966008e-42,6.15022485338549e-41
CACNA1C,-1.5857925279390113,6.587238156528716e-42,6.216044383789125e-41
RNF39,-2.7039748029108557,6.876295796788255e-42,6.482092821798892e-41
LRMP,-1.7984204019752221,7.014236337871785e-42,6.60870310860663e-41
ADHFE1,-2.2774465866759064,7.165607632408653e-42,6.74783009481297e-41
LANCL3,-1.6638515767131596,7.214285383047511e-42,6.79015702314446e-41
GRIK1,-3.6549411028328858,7.392178914774676e-42,6.950404586035301e-41
ICAM5,-2.3612263882872724,7.904302548144176e-42,7.424252801025202e-41
CYBRD1,-1.9010947067486779,8.115740008701614e-42,7.618917760618643e-41
TSEN54,1.125224187819457,9.143866416159874e-42,8.575260194402792e-41
BMP3,-3.559014181755176,9.140127161217513e-42,8.575260194402792e-41
PTPLA,-2.070736580611625,9.177853844078008e-42,8.60270203520865e-41
PTPRE,-1.0554739235900534,9.309206035795026e-42,8.721331830652437e-41
MCAM,-2.0656182491553317,9.723937681569299e-42,9.095829271202773e-41
ELF5,-4.643259148401627,9.845797793260504e-42,9.20508768519368e-41
DES,-4.425227419215108,9.864616815683073e-42,9.217947633258673e-41
FAM57B,2.731704219007191,9.88660715923448e-42,9.23375629140817e-41
SLC39A11,1.4431069132807792,1.0093274600853873e-41,9.42194243894067e-41
PCDHB5,-1.9762935675301048,1.0107184719443717e-41,9.43009141199559e-41
GABRD,2.859233700077968,1.0223715112540127e-41,9.533928595981964e-41
SLAIN1,-2.6284904530884505,1.0260409538808424e-41,9.563248071424974e-41
KCNIP2,-4.86458368708308,1.0550007801862243e-41,9.82813674602346e-41
FAS,-1.366304045742007,1.0682793538314946e-41,9.946746331352785e-41
SULT1C4,-2.006600346530364,1.0752696476607296e-41,1.0006714415321196e-40
SLC9A6,-1.3097987741488364,1.1386631808413202e-41,1.0585845700130006e-40
TMOD2,-1.5188717837650518,1.1469927707122513e-41,1.0657840431482955e-40
GCOM1,-2.9469508533310256,1.178975359948294e-41,1.0949432896499385e-40
CDH4,-2.5261703283375203,1.1826730775857686e-41,1.0978173396886152e-40
CLDN15,-1.0363603785844253,1.1937801489345777e-41,1.107562693733747e-40
PCDHGB6,-2.07351374426059,1.3340696251812441e-41,1.2358305031640808e-40
NTF3,-2.602761210257299,1.4882459883556457e-41,1.3765519169734663e-40
STARD10,2.0983426925409354,1.517552584531423e-41,1.4029461501384201e-40
CDT1,2.4591541800225247,1.6198355630458536e-41,1.4967445052854656e-40
SLIT3,-2.297874443385604,1.6304669647099605e-41,1.5058036610154952e-40
ANGPTL2,-1.9533287620202735,1.6768384469537455e-41,1.54784433315918e-40
PRKD3,-1.3720529671662458,1.9313356146327007e-41,1.7800558072485594e-40
PIP5K1B,-2.9644740232175337,1.9701343373137725e-41,1.8148965254110628e-40
DLEC1,-1.9845149311270895,2.009998166015126e-41,1.8497470483303003e-40
RGAG4,-1.4693935545352161,2.0885020823868552e-41,1.9210208896254635e-40
BEGAIN,-2.06920057610673,2.1405631350968323e-41,1.9679126640488706e-40
RTKN2,1.968188109676861,2.2091710829086207e-41,2.027914332939265e-40
PENK,-4.0636797193104055,2.2149441110154534e-41,2.0321888937910434e-40
ECHDC1,-1.4393145759334658,2.454631307975544e-41,2.2509649218679514e-40
TAC1,-3.0611112362470756,2.532783117814075e-41,2.3202944687251943e-40
FRMD4A,-1.1266516546824938,2.5552992749890464e-41,2.3397440997296584e-40
HOXD9,-1.5522085333102327,2.5877082691690815e-41,2.3682279348257816e-40
RRAGD,-1.617132075716885,2.6187260335013255e-41,2.3954105521519915e-40
ZNF488,-2.2268812397123794,2.681611036857802e-41,2.4517009394235346e-40
GLYAT,-5.554020640214849,2.6999361007780537e-41,2.4672157049429173e-40
ADRA1A,-3.4935676037425285,2.707860115969869e-41,2.471974808976907e-40
TSPAN6,-1.5138434765658833,2.7076803014936495e-41,2.471974808976907e-40
LOC389705,-1.5521094559473274,2.7861396811154755e-41,2.540886804376002e-40
SLC25A22,1.242689417828986,2.8019022253557586e-41,2.553982283833294e-40
WNT11,-3.050902871870398,2.81851504076564e-41,2.5678393036565034e-40
UST,-2.022956787663519,3.0323837243228956e-41,2.7613046990420043e-40
MAP1B,-1.704257324785587,3.073121374794203e-41,2.795603617460214e-40
TMEM90A,-1.6106699991336733,3.234973575898204e-41,2.941369830273477e-40
BPI,-2.531396751277831,3.2857055638288725e-41,2.9860059100537677e-40
ACVR1C,-4.716418101879928,3.481166624025874e-41,3.1604825963662337e-40
SCCPDH,1.2275464394005056,3.599229476238042e-41,3.266040586039934e-40
MTBP,1.3099537425279397,3.6099826852847495e-41,3.2741661594538265e-40
H2AFX,1.5781167460798748,3.664071954056064e-41,3.32156881372921e-40
AHNAK,-1.425679338127006,3.885868857703986e-41,3.520879582717056e-40
SNAI2,-1.6078982673481725,3.9807910166908127e-41,3.6050914864090976e-40
MPP6,-2.115723273845621,4.0785351899891706e-41,3.691774045916105e-40
NNAT,-3.5054794117647057,4.365807188956338e-41,3.949840370803788e-40
ZNF540,-1.3414273888937043,4.408610683354349e-41,3.986584216050631e-40
BEND7,-2.438763215801785,4.469200162611735e-41,4.039366959286068e-40
FAM180A,-1.992594654769123,4.4752990494206793e-41,4.042871890650354e-40
LOC283392,-5.055711123624707,4.635145246706185e-41,4.1831209184825326e-40
CXCL5,-3.4194907822922964,5.030082664857354e-41,4.535046792887489e-40
LRRK1,-1.2837518582690848,5.249106571440559e-41,4.727832108853661e-40
PPP1R1B,-4.252231425972453,5.305029851676494e-41,4.7758386938707825e-40
DFNB59,-1.4289173135233475,5.356037684769619e-41,4.8193748875858316e-40
KIAA1683,-2.2107634280516324,5.745723781002033e-41,5.162359821598224e-40
DPT,-3.4895769557307474,5.994428106563479e-41,5.383156133388012e-40
C9orf21,-1.0257594299575512,6.527126370410178e-41,5.852871001013619e-40
PPYR1,-2.221099475872823,6.555243906986896e-41,5.875189800043451e-40
ALDOA,1.1238734211210275,6.560786173386193e-41,5.877263322546696e-40
INHBB,-1.8876721216321588,6.591271396899992e-41,5.901668137617834e-40
GNG2,-1.9646636922810359,6.655746225572237e-41,5.956467480043827e-40
NACC1,1.1675709650870676,6.783563039488675e-41,6.06489184714206e-40
SEMA5A,-1.8826888893701845,7.064942148696094e-41,6.313359937786696e-40
HOXD10,-1.9402565147708564,7.160947813183782e-41,6.3960124162602745e-40
SYCE2,1.8734981200727718,7.278287775023646e-41,6.497629836623611e-40
CPNE2,-1.0873489777354255,7.309970665524748e-41,6.522715491399362e-40
PODXL,-1.2181002945508101,7.326155513546818e-41,6.533954375947709e-40
TSPYL2,-1.07470580005198,7.477552060846899e-41,6.6624513051197315e-40
FAM195A,1.4940614441652933,7.588220229350021e-41,6.757748181744541e-40
PTH2R,-2.6829766785064546,8.525671808602721e-41,7.585181032844346e-40
NEUROG2,-3.2435052889196916,8.996359231235549e-41,8.00003551959847e-40
MTMR8,-1.7198891839209907,9.468119230981878e-41,8.407228017637226e-40
PHLDB1,-1.2918646625660575,9.59443633636063e-41,8.515237670929915e-40
MAP3K5,-1.371476366629123,9.888049899645722e-41,8.771548358832898e-40
TRIM11,1.0982820540587355,1.0222728946250481e-40,9.064020214739285e-40
PECAM1,-1.6125736636922774,1.0599070279550164e-40,9.39312932320602e-40
FMOD,-2.0516444035346098,1.0867541757733644e-40,9.62636801051219e-40
ZNF132,-1.164319986138783,1.1984982239205e-40,1.0611022942619096e-39
SCN9A,-2.419485432729793,1.2228770427955322e-40,1.0821599810406939e-39
CDH13,-1.5579994585463073,1.2378018504621422e-40,1.0948351352751398e-39
MOCS1,-1.8018464090790953,1.306656463435149e-40,1.1551756971301611e-39
PDE11A,-2.8213734990903587,1.3116307375722604e-40,1.1590104036906726e-39
NUDT7,-1.5048197912154553,1.386465811277136e-40,1.2245432878543282e-39
AMT,-1.8418526249675118,1.5159274615732044e-40,1.3382360612520388e-39
GPR110,-3.1676869358052513,1.5441387636833165e-40,1.3624797826140286e-39
EPN3,2.43008153859482,1.5594389167062028e-40,1.3753133043024714e-39
WTIP,-1.476295326171706,1.6404615633021906e-40,1.4446696582868784e-39
YWHAZ,1.0240441349735772,1.682764515959506e-40,1.481207083366097e-39
EFNB2,-1.3370121415576577,1.7698932255133148e-40,1.5571467561149767e-39
DSCR6,2.8635784371480537,1.877255463909377e-40,1.6508058555334488e-39
CTXN1,2.203957619336392,1.9860901783284495e-40,1.7448262314726237e-39
MECOM,-1.5031547777874037,2.0156727811999294e-40,1.7699610051221568e-39
FAM135A,-1.4817133847353388,2.1257229376028414e-40,1.8656959803849818e-39
MND1,2.7854961318548046,2.160167033296243e-40,1.895013036486338e-39
C15orf51,-1.9109819154465906,2.2918954870882158e-40,2.0076695645556683e-39
AKAP7,-1.1221767131594937,2.308763674215271e-40,2.0214730717527935e-39
C10orf25,-1.1515226587542235,2.346943503099704e-40,2.0539140666790343e-39
HCN2,2.7957885818244828,2.372177516902062e-40,2.0749998721849225e-39
ABCD2,-3.7021140777960664,2.4758955134572323e-40,2.1646842474285302e-39
MPPED2,-2.268225318374774,2.661744539132563e-40,2.3260554894781586e-39
STEAP4,-2.687330356059947,2.6798814654548382e-40,2.3396586242529695e-39
C1orf115,-1.8855008316728803,2.6823703955805295e-40,2.3407089314838148e-39
LOC654342,-1.42990982413584,2.9521064713452018e-40,2.5748535744080837e-39
CLEC9A,-2.0269435935198823,3.051205204937976e-40,2.6600138096497117e-39
DDR2,-2.621234631378325,3.1465864028205718e-40,2.741853149379745e-39
PRRG1,-1.514330628952612,3.148680211750737e-40,2.7423648753348645e-39
TLL1,-2.115746998180718,3.170553790585321e-40,2.7600952008620083e-39
VSIG2,-3.758246513038206,3.2314025390792774e-40,2.8117218173451284e-39
ZMYND10,2.60278800571775,3.300394775329805e-40,2.8703815621274934e-39
KIF17,-1.477029333795373,3.3040977286340658e-40,2.8722297494902532e-39
ZNF239,1.23650629385775,3.4214126294495126e-40,2.971372809822017e-39
CTTNBP2,-2.2922414190418436,3.453260579843165e-40,2.9976014465848894e-39
C14orf180,-5.229001121892055,3.6207284055227685e-40,3.1384818650348076e-39
ARL4C,-1.4989326085073191,3.8053964242990576e-40,3.29698387013402e-39
C6orf59,-1.4484749761760374,3.831214781728162e-40,3.31777367610836e-39
FAM19A3,-1.8990986312050595,3.910077380912259e-40,3.384457373501942e-39
RCAN2,-1.441243246989517,4.0559257708877796e-40,3.509031217085088e-39
SLC16A7,-3.0288324309105086,4.186789956910292e-40,3.6188099518346656e-39
RYR1,-2.4962137745819977,4.224089329461648e-40,3.649316471959676e-39
C2orf82,-4.0727902061855685,4.418652108726203e-40,3.815594133545687e-39
GPSM2,1.2095103699211656,4.425934843567224e-40,3.818830730007037e-39
TLN2,-1.6860581391319425,4.4265960777425964e-40,3.818830730007037e-39
PPAPDC3,-1.7449227367235558,4.632546412664593e-40,3.9946111961029646e-39
TRIP10,-1.0284900329203843,4.719421745224245e-40,4.0675963081589456e-39
LAMA1,-2.660187498917093,4.9742298381217e-40,4.285182477204416e-39
NODAL,-1.4548968682318288,5.024182500386955e-40,4.3261681198932704e-39
NMUR1,-3.162782963700943,5.333723882023428e-40,4.5861963072495256e-39
PYCR1,2.1662918002252454,5.446800362413304e-40,4.68121373923557e-39
CNTD2,2.8986298925755865,5.571197944339237e-40,4.785866738122092e-39
CRISPLD1,-2.998169604955387,5.6431079606684325e-40,4.845353500379598e-39
CSRNP1,-2.0822844364549944,5.672205983241599e-40,4.868041749785329e-39
FBXO5,1.016149930693926,5.7002021681987895e-40,4.88976343391718e-39
DNM3,-1.3400647448670187,5.797089659481175e-40,4.9705333524039486e-39
LIN9,1.0181516893355287,6.136408731079625e-40,5.256519912086702e-39
SYNGR3,2.4583141990816935,6.3598517794918975e-40,5.442801219656371e-39
DLG2,-1.8359145326171697,6.533556577276657e-40,5.586206217762658e-39
DNAH9,-2.4507850038984658,6.604798953304439e-40,5.644467387183131e-39
IL6R,-1.6656903707874902,6.817399242749122e-40,5.823421793325306e-39
SLC43A3,-1.1481288183314557,6.822126153897971e-40,5.824726190403601e-39
GPR137C,1.4576776877761422,6.840940890022585e-40,5.838051899722509e-39
LOC144571,-1.4269797453001818,6.9761363309548645e-40,5.950637752219841e-39
LIPE,-4.031321697132463,7.25463350073282e-40,6.185297124770001e-39
SCARA3,-1.7009197002512337,7.2713384480637854e-40,6.196637348787691e-39
NR5A2,-1.7888580828207568,7.582123304131506e-40,6.455443896403453e-39
MRPL24,1.0306724378411172,7.611790138381114e-40,6.477672552078141e-39
ATL1,-1.4522631031794146,7.657352695569824e-40,6.513401454086799e-39
GPR64,-2.621457632331283,7.974240890575566e-40,6.779780800146989e-39
MPZ,-2.282932534869617,8.572390558917217e-40,7.281531747268787e-39
PAPPA2,-3.2051297886164782,8.613472669564211e-40,7.313015065488682e-39
ZNF471,-2.1007818504721474,8.62122695532291e-40,7.316186212948389e-39
TBX18,-1.861155132981029,8.854797822793159e-40,7.510898637851998e-39
MCF2L2,-1.7327413670622889,8.95292579538389e-40,7.590596565131483e-39
ITGA10,-2.137422918651998,9.295209529164928e-40,7.866141285885132e-39
ABCA5,-1.7364708914493665,1.0029562641155005e-39,8.483649105805975e-39
GNG13,2.926430871523867,1.0115590130978214e-39,8.552442506000762e-39
RGNEF,-1.3818774668630311,1.1047092568231548e-39,9.335665089114154e-39
FAM158A,1.3049067963267778,1.1962232611733205e-39,1.0094970803494647e-38
NAP1L2,-2.469844555141644,1.379836415161743e-39,1.1617558864564852e-38
CLTC,1.0721409425625907,1.4333278339886465e-39,1.20623516237149e-38
NLGN3,-1.4678564497964128,1.445946500996011e-39,1.216292243883105e-38
RAB6B,-1.68411888590488,1.4703465462070887e-39,1.2356748929181732e-38
PCK1,-5.542103395997575,1.6720811338380206e-39,1.4039157232127993e-38
ODF3L1,-2.3563374685956857,1.6777093572133986e-39,1.4079918593524893e-38
WNT5B,-1.8313075543619526,1.6997927246374687e-39,1.4258676021463522e-38
LTF,-4.847505440526726,1.723464883713105e-39,1.4443937052591918e-38
SNX32,-1.895711431170406,1.7883761711575888e-39,1.498104530307482e-38
GRAMD2,-3.200232955037687,1.7998058555343118e-39,1.506985556039148e-38
CNTFR,-3.8925818677986648,1.9308625642385936e-39,1.6159766095096607e-38
GNRH1,-1.5267735640648028,1.9352195353846873e-39,1.6188787317374753e-38
CFLAR,-1.082625604262324,2.0848555290348994e-39,1.7424529474298564e-38
GEN1,1.1287504158364374,2.100120403005541e-39,1.754405309587419e-38
PTTG3P,1.335008979468076,2.2385061124822477e-39,1.8691526039226769e-38
APOB,-4.661546452395392,2.4504899930856647e-39,2.0442836546351217e-38
KLF5,-2.3785629169193463,2.5491072390343945e-39,2.1255794352791153e-38
GCK,-1.5440975353027815,2.581671345443169e-39,2.151747413054121e-38
P2RY13,-1.7863749675127796,2.6092331573977452e-39,2.1737240807373527e-38
LOC401463,-1.6810143246989524,2.640508282438198e-39,2.1987727477228965e-38
GPR97,-2.6037026033093635,2.7273437954352692e-39,2.270042940480485e-38
CDH3,-2.5768117257212158,2.7515794053894483e-39,2.2891681863027482e-38
STK32A,-2.3547586632591173,2.761241732490026e-39,2.2961572981505686e-38
CLCA2,-4.415059421294291,3.201394565524846e-39,2.659743736935133e-38
C19orf21,3.3438361821017075,3.205087822563085e-39,2.661597337322803e-38
AOX1,-2.846722511478821,3.311307078029549e-39,2.748550968598809e-38
LIF,-2.186312453434983,3.364213770567545e-39,2.7911934031741576e-38
TRNP1,-1.9631778437148046,3.4903937733361175e-39,2.893243982515362e-38
C1orf230,2.33570942995755,3.6137143667815744e-39,2.994102986733045e-38
FAM181B,-2.384716182968032,3.899705500873716e-39,3.2295877721748974e-38
SH3BP5,-1.1303302564324706,3.9780165706668026e-39,3.2929438670235476e-38
C1orf175,-2.068717919951485,4.1037957575739796e-39,3.393975201050393e-38
RAB3A,1.4012549770423623,4.181548221963772e-39,3.4567085506088346e-38
SPTB,-1.8319415793121383,4.254739677508167e-39,3.5156162664403613e-38
FOXD2,1.7871034999566828,4.2668735316077414e-39,3.524042599630477e-38
GPC3,-3.225913497357703,4.3339031090562714e-39,3.577779514473982e-38
C9orf169,2.073098271679807,4.459993645518467e-39,3.6785348586032014e-38
TMEM35,-2.147319440353462,4.4591293763259426e-39,3.6785348586032014e-38
LOC201651,-1.812492224724941,4.483272055979731e-39,3.6960598385416235e-38
CTSG,-3.2568382482890046,4.6459196666834025e-39,3.8284144722787676e-38
SGK269,-1.0471953521614825,4.740079489070738e-39,3.9042383230567713e-38
JAG1,-1.0397706142250716,5.272364153619106e-39,4.340698538594689e-38
SEC61A2,1.0244419171792432,5.398721024925254e-39,4.44271784885689e-38
ITGB8,-2.593750987611542,5.855422862445591e-39,4.814194325433474e-38
KCTD4,-1.9171869444685088,6.018654799195934e-39,4.946165837912576e-38
MAP3K6,-1.0889113315429277,6.465546362352275e-39,5.311026192865454e-38
PRR15,2.333593554535219,6.52934417461234e-39,5.361012720363934e-38
FUT4,-1.1281844797712894,6.53593848540796e-39,5.364007585657398e-38
GLRA4,-2.5865413410725115,6.574622290682775e-39,5.39332354922481e-38
PCDHGA9,-1.8757856666377881,6.799751215772309e-39,5.575489701833484e-38
VLDLR,-2.096879857922551,6.884380826645053e-39,5.642340575750559e-38
LOC92659,1.6666459196049548,6.916979705503326e-39,5.666506821749641e-38
C6orf15,-3.1143218703976427,7.029884931556628e-39,5.75382173602182e-38
OGFRL1,-1.3071981330676614,7.049330467433891e-39,5.767144381964006e-38
ADH4,-3.44864675994109,7.11328748530073e-39,5.816854092314878e-38
FLG,-2.1367187213029544,7.185548774958939e-39,5.873306885971152e-38
TPRN,1.5186933336221093,7.263403695135642e-39,5.934279060258263e-38
NUDT11,-1.834377869704582,7.481256831987651e-39,6.106785565590638e-38
BMP8A,2.1778836091137492,7.652308087662347e-39,6.243611121457539e-38
BTBD11,-2.1352951009269683,8.133102827609135e-39,6.632924317695748e-38
PLTP,-1.696813371740447,8.241358508718562e-39,6.718201922714016e-38
ZNF559,-1.1992411764705908,8.421583141558024e-39,6.858974403838064e-38
GPRIN2,-3.359116949666465,8.88919098933027e-39,7.233345712059852e-38
DNAH1,-1.3715522221259633,8.92757861349606e-39,7.261336617581268e-38
JMJD1C,-1.0131299012388464,9.178509575291458e-39,7.462099589058973e-38
KDR,-1.2802302564324712,9.75775313999618e-39,7.925942900818852e-38
THSD7A,-1.9116172095642385,9.941127217582574e-39,8.071290755649224e-38
ANKRD45,-1.538096027895694,9.952202585891445e-39,8.076680502495853e-38
C9orf130,-1.3561025253400327,1.0208717768626634e-38,8.28116263557534e-38
LUZP2,-3.1840252837217347,1.0242844436366632e-38,8.305144644774245e-38
CLEC10A,-2.9094365936065136,1.0626213025669238e-38,8.612152970002544e-38
SLC25A19,1.068835887550895,1.0862014273961497e-38,8.799343383574595e-38
METRN,2.2354936108464,1.1194276974443282e-38,9.064476146165083e-38
LCN6,-2.202903300701724,1.1233051163434098e-38,9.091828827389546e-38
SDC3,-1.0909917569089487,1.1371254057987474e-38,9.191427070050887e-38
ACVRL1,-1.2927619856189896,1.1366805783969389e-38,9.191427070050887e-38
KCNK15,2.635592714199083,1.2018547622260506e-38,9.701833009742326e-38
PIF1,1.915741605301914,1.2018696608783687e-38,9.701833009742326e-38
NALCN,-2.6081706098934427,1.2246260716009982e-38,9.881147332160004e-38
C2orf48,1.9308861171272638,1.2302930243784802e-38,9.92247404641625e-38
PYROXD2,-1.803710200987612,1.2962594762436877e-38,1.044987211960312e-37
RRAS2,-1.7471038464870468,1.3025900924557675e-38,1.049625827931489e-37
VGLL3,-2.067535939530451,1.3169284153988898e-38,1.0607100860843358e-37
LOC285419,-1.5266426795460446,1.3266724732991757e-38,1.068085759905568e-37
NCRNA00219,-1.2689434895607734,1.342879992416065e-38,1.0806562556122738e-37
WHAMML1,-1.4756366889023642,1.363778635046999e-38,1.096989062914738e-37
FAM20A,-1.6158445291518664,1.4082340480560633e-38,1.1322475431433091e-37
ROGDI,1.2744489300874982,1.4090690688642714e-38,1.132418731149507e-37
COL23A1,-2.1231563545005634,1.4861523746301487e-38,1.192787992742178e-37
CGB7,-2.0487849086026166,1.4901897079484962e-38,1.1955012452087472e-37
TNS4,-3.3762702893528536,1.4935215418453156e-38,1.1976463711986908e-37
SLC26A7,-2.052768223165555,1.5022252237363214e-38,1.2040953653752646e-37
ARHGEF33,-1.2247261413843882,1.506866779266751e-38,1.2072841541810153e-37
C1R,-1.6763534003292033,1.54990433112762e-38,1.2412190294551723e-37
FAM129A,-1.86473877674781,1.5684670628641087e-38,1.255532363470333e-37
GRM4,3.6238375725547947,1.5907903661786763e-38,1.272842067496723e-37
HBB,-4.186261496144849,1.5921653584985184e-38,1.273382514092642e-37
KIAA1671,-1.0883239019319042,1.6031353828171377e-38,1.2815930335274643e-37
ZSCAN23,-2.3394015940396784,1.6437761842889386e-38,1.313505613810867e-37
MPDZ,-1.1872951529065254,1.6726799080203065e-38,1.3354294897234053e-37
JAZF1,-1.1200377544832394,1.6797577347101897e-38,1.34049232989608e-37
ACYP2,-1.004574620982412,1.8184066518997558e-38,1.4498666791297088e-37
ZMAT3,-1.0900611409512253,1.8460649319166933e-38,1.4712749542766887e-37
SPRED1,-1.0650991639954945,2.023224031003805e-38,1.6110563008032484e-37
KIF19,-2.2036162132894392,2.1108442059957204e-38,1.679652252263351e-37
PLEKHG5,-1.41055597764879,2.111214828972448e-38,1.679652252263351e-37
POM121L9P,-1.6311725374685961,2.1127954260691418e-38,1.6801754102549844e-37
IL1RAP,-1.276930009529587,2.1343878305428447e-38,1.6966053135096682e-37
ARRDC4,-1.3024137269340734,2.2360594721203212e-38,1.7766473405066003e-37
CDH19,-3.0310603742527933,2.2750624005304029e-38,1.806060221406669e-37
CCNE1,1.7635545352161488,2.3123097930951089e-38,1.834828908618582e-37
MTFR1,1.0925877588148687,2.351565076479538e-38,1.8651651018369075e-37
LOC257358,-1.6776028848652866,2.367600491017047e-38,1.876248660774197e-37
CACNB3,1.1588226630858554,2.527262833807779e-38,2.001033726133232e-37
PVRL2,1.1532307025903137,2.559755267726665e-38,2.0258793538447168e-37
KIAA0408,-4.91856306852638,2.7089784751083145e-38,2.142117080034607e-37
MPHOSPH9,1.1257051762973216,2.7356628137609797e-38,2.162278341245815e-37
TPTE2P1,-1.7888279130208793,2.7889354618254437e-38,2.203428481406621e-37
MSN,-1.0025697349042684,2.8313654166001294e-38,2.2359802463502016e-37
PCDHB6,-2.0598889760027728,2.8468225770335013e-38,2.2472121149063672e-37
ITIH3,-2.2354482500216584,2.892452568447765e-38,2.281252777446043e-37
OR2A1,-1.3131810144676428,2.892408023883148e-38,2.281252777446043e-37
CCDC136,-1.7718119119812847,3.0418830055096237e-38,2.3980682697830957e-37
SH2D3C,-1.1954973187213032,3.190248876137896e-38,2.512855919183822e-37
EFNB3,-2.2738186433336214,3.249033639291945e-38,2.5580518743958163e-37
ARHGAP39,1.5446362817291863,3.286548112333714e-38,2.5864693164206914e-37
PRR19,1.5777563155158978,3.3319499650461897e-38,2.6210667767387983e-37
CALB2,-3.524994000693062,3.3913420935770613e-38,2.6666349947897734e-37
IL22RA2,-3.1858467989257555,3.432466356129882e-38,2.696641565845155e-37
ZC4H2,-1.6066146452395405,3.5884680514631814e-38,2.816769467045463e-37
SEC1,-1.4302117040630684,3.6124417687230033e-38,2.8343654101752085e-37
TCEAL5,-1.9601329593693158,3.6256431142574507e-38,2.8434976996479267e-37
PRKAA1,-1.1502268387767476,3.6711870268806864e-38,2.8767377292427524e-37
KIF20B,1.087903807502383,3.722085490471922e-38,2.9153667032297932e-37
LOC440173,-2.1240155029021914,3.8199971356795543e-38,2.990770230570965e-37
KCNH1,2.621982842415316,3.954860021355846e-38,3.0950265248813612e-37
GPR109B,-2.151108026509574,3.9722436394905815e-38,3.1072948418413004e-37
GLI1,-2.0391358615611197,4.0132301167296954e-38,3.1380080676473645e-37
ESYT3,-2.517264324698951,4.0302629112101123e-38,3.1499731976280662e-37
IGFN1,-2.290571359265355,4.032380614186812e-38,3.1502757218902377e-37
C6orf142,-1.9192806029628353,4.1745276219622114e-38,3.2599281983088e-37
CCDC102A,-1.2709393615178035,4.574709302261719e-38,3.570901948073331e-37
C6orf192,-1.2541586156111961,4.6643685858535805e-38,3.6393271053704553e-37
HAP1,-2.9036348869444693,4.851118812387623e-38,3.783415413105909e-37
ZNF727,-2.360269886511305,4.858663394010018e-38,3.787676649300401e-37
ZNF385D,-2.2617817768344453,4.893394597245683e-38,3.813119086201334e-37
IL6,-3.7421458546305124,5.052889722997312e-38,3.9357189399965805e-37
FOXC2,-1.848556579745301,5.079147870423382e-38,3.954479413401062e-37
KALRN,-1.5773865156371807,5.620101256820017e-38,4.370042852537155e-37
GPR75,-1.6184187992722876,5.687816360626899e-38,4.420807908304502e-37
CLIP3,-1.2252315645845968,5.839012376114368e-38,4.536386781152789e-37
DCN,-2.32259977042364,5.860855887877343e-38,4.551414664122495e-37
DMGDH,-2.749433518149528,5.903261315440113e-38,4.5823908624714875e-37
OR2L13,-2.3567928961275233,5.906729648572289e-38,4.583128720927595e-37
KIAA0427,-1.324456311184269,5.914814521018616e-38,4.58744647320417e-37
SLC14A1,-2.274888460538853,5.919610309125079e-38,4.58921066682299e-37
OXGR1,-3.0317809364983104,5.993700706915753e-38,4.644671518432841e-37
LOC84856,-2.3265533916659447,6.133232005491295e-38,4.748754665927607e-37
MMP13,5.115922091310752,6.394356318279192e-38,4.946726224463925e-37
NAV3,-1.9240844537815125,6.767191679409116e-38,5.231742239381435e-37
ACCS,-1.3974261673741672,6.768528799507378e-38,5.231742239381435e-37
ABO,-2.2616355020358663,7.272140515860317e-38,5.616239873152539e-37
C7orf58,-2.5893506454128055,7.411600477018828e-38,5.721516687157495e-37
ATP6V0B,1.1208238066360572,7.575684168530495e-38,5.845704913936439e-37
SYNGR4,1.6235821623494755,7.58316361570989e-38,5.848996919354539e-37
SLC1A7,-2.122318933552803,7.689781225607761e-38,5.928720357888101e-37
SNTG2,-2.627580000866326,7.982115121787369e-38,6.151500489495998e-37
MCTP1,-1.7353472450836005,8.540983952697727e-38,6.573849086298383e-37
EMX2OS,-2.4517711210257316,8.869564736037311e-38,6.81522528029072e-37
RET,3.0142854717144587,9.081326340216785e-38,6.972053284308989e-37
NR2F1,-2.028827280602963,9.081234187056385e-38,6.972053284308989e-37
KLHL33,-1.9106651780299748,9.50242574516525e-38,7.286127036193893e-37
DLK1,-4.84542887464264,9.63624741465806e-38,7.385625755327186e-37
CMBL,1.2048034782985368,9.745007721974049e-38,7.465840722352424e-37
CST1,5.08335529325132,1.0603085477931608e-37,8.116398862690878e-37
WDR34,1.3632153642900473,1.075444932146483e-37,8.221891684108538e-37
KCNQ4,-2.0976285151173872,1.1330335993771494e-37,8.658526704224288e-37
MRAP,-5.367337581218054,1.1482488579119144e-37,8.771117902043884e-37
FAM20C,-1.2798100537122057,1.1926875172400751e-37,9.106749528658174e-37
MYT1,3.4137900155938663,1.2083706557025344e-37,9.218764059410407e-37
OAS3,1.6535878064627898,1.2118122436178637e-37,9.241147159855876e-37
MYOM2,-2.50769912501083,1.239272149668059e-37,9.446595871192495e-37
NEURL,3.1367047517976285,1.2568379544002556e-37,9.576484421912037e-37
HIST2H3C,1.872799393571861,1.2608721612903541e-37,9.603203327183396e-37
PARD6B,2.2319141514337693,1.3185263490205537e-37,1.0038115905989601e-36
MTMR9L,-1.5328675864160077,1.3724555741934316e-37,1.0444318067325684e-36
KREMEN1,-1.1067931300355198,1.454880419704512e-37,1.1062317577226914e-36
HIST1H2AM,2.309081815819111,1.5316414469857465e-37,1.1636255951369594e-36
XKR6,-1.4429476392618898,1.543332674393765e-37,1.1720185511885567e-36
ProSAPiP1,-1.695962137226025,1.5661766984209503e-37,1.1888704938013576e-36
PCDHGA11,-1.6101345057610672,1.606135450983903e-37,1.2181868172608327e-36
GRINA,1.016809174391403,1.6263710766820284e-37,1.2330209374778411e-36
LRP1,-1.7985511088971649,1.6340309989542484e-37,1.2383125009976763e-36
LGR4,-1.8692257082214336,1.677257751503348e-37,1.2705419413489574e-36
SCARF1,-1.2882355496837912,1.758337693715457e-37,1.3303001262968606e-36
TSTA3,1.3903540760634154,1.7635029910797472e-37,1.3336537161040563e-36
CCDC36,-1.9430665728146943,1.8041863605880205e-37,1.3638540000740755e-36
CAPN5,-1.3935288486528634,1.9342037348748987e-37,1.46153219534777e-36
LOC286002,-2.86669125877155,1.9503739854452824e-37,1.4731393218697292e-36
GAS7,-1.6333405700424528,1.951901520810148e-37,1.4736816003030744e-36
C1orf133,-1.3394538334921604,2.0464834239999463e-37,1.5438101022408215e-36
GOLGA6L10,-1.2274725071471897,2.100637689001379e-37,1.5829504510898287e-36
C13orf33,-2.719553421987351,2.1119511372450736e-37,1.5905604696430316e-36
TCN2,-1.3854476522567776,2.1512532197788183e-37,1.6194897584629377e-36
RORA,-1.1240027592480306,2.1948233136673485e-37,1.651606811851457e-36
HSH2D,2.3485621112362454,2.2131598716880965e-37,1.664716906790844e-36
HBEGF,-1.602350797019838,2.266145351329208e-37,1.703867981422783e-36
CACNA1G,-2.5182991683271254,2.3042482534137336e-37,1.731801443306779e-36
TNFRSF21,-1.4350263233128295,2.4301801344283276e-37,1.8256941389599196e-36
SPEG,-1.9115532140691345,2.4980912526543903e-37,1.875938740596859e-36
PLCL2,-1.472282162349475,2.522707244324108e-37,1.8936428852961543e-36
IRX4,-3.2727395261197247,2.5719369073616695e-37,1.9298008048105716e-36
LLGL2,1.663639863986834,2.8375346545097005e-37,2.1282094485389403e-36
CLDN10,-3.6809276531231045,2.963465718402375e-37,2.2208302376318826e-36
NAP1L3,-1.404473949579831,2.9814154245044864e-37,2.2333623445372497e-36
ST7OT1,-1.4801357705968972,3.019721602093961e-37,2.261126792386523e-36
LEPROT,-1.1294352984492804,3.133449340243572e-37,2.3453198330778676e-36
CDC42EP1,-1.1040373256519107,3.1938828290594224e-37,2.3885887073692963e-36
MYCBP2,-1.202759499263621,3.5264918106305706e-37,2.635169557836957e-36
DCT,-2.846285341765572,3.5767458465342922e-37,2.6716251392886224e-36
ZDHHC14,-1.0939252490687004,3.714941294810308e-37,2.7737110906247757e-36
TMEM8A,1.161877692107769,3.9796118847372915e-37,2.9616056883840118e-36
STRA13,1.3389578272546139,3.987864766337562e-37,2.9665346277745254e-36
TFR2,2.6730076929740956,4.0169520832351e-37,2.9869517471866224e-36
OTUB2,1.100403300701723,4.120966557583268e-37,3.0630442730783265e-36
FZD9,-1.8838620332669154,4.2724847275362805e-37,3.174368958993588e-36
C16orf5,-1.095135878887639,4.486633419295611e-37,3.3307580804012236e-36
HIST1H3J,1.1545267954604521,4.719256773409729e-37,3.497745563777577e-36
SIK3,-1.0245021528198883,4.814647580470995e-37,3.566993484221144e-36
GGCT,1.1742333838690033,5.3710648303915914e-37,3.9759858929490906e-36
LOC100132215,-1.2721430477345566,5.737191501298853e-37,4.240117616652173e-36
PSD2,-2.379723360478211,5.896352174767369e-37,4.355978029110812e-36
CAMK2N2,2.269862838950013,6.328866373636881e-37,4.669815751897533e-36
RILP,-1.4790631594906003,6.429479469659231e-37,4.742131879505956e-36
HRNR,-2.2124196179502746,6.598320885253597e-37,4.864691578544804e-36
SALL4,2.085147457333449,7.343066551150379e-37,5.405007700387803e-36
RARA,1.161626024430392,7.518929404204372e-37,5.532217944411163e-36
CTF1,-1.8154209520921771,7.745822289525563e-37,5.689959771438007e-36
HSPB7,-4.067007238152993,7.805338900561075e-37,5.7313668417472056e-36
SLC7A10,-4.8009884085593,7.915295942951066e-37,5.807421686801219e-36
ZNF334,-2.329403214069133,8.147552207506095e-37,5.973012196263932e-36
C9orf172,1.6780846227150654,8.275995474426983e-37,6.064732110345989e-36
KLF13,-1.033558234427792,8.821772141446863e-37,6.459481829877605e-36
TRIB3,1.5624923200207927,9.057002119124116e-37,6.629055471428077e-36
FLJ42709,-1.4935824439053986,9.137308396466915e-37,6.685145688942414e-36
ZNF467,1.2976901195529749,1.0138876878270597e-36,7.411966900207216e-36
SLC47A2,-1.663263817898293,1.0596012379160796e-36,7.743043490078841e-36
LRRC34,-1.1648846703629898,1.0625181047043184e-36,7.761242800936078e-36
CHST4,-2.258540349129343,1.06753558250544e-36,7.791640019385134e-36
ATP8B4,-1.666039599757429,1.073845496959808e-36,7.83141409501578e-36
NKAIN2,-1.9640433985965524,1.1529074885200666e-36,8.401271022230093e-36
SYNE2,-1.061668426752144,1.1736869100339335e-36,8.549268836873826e-36
DNASE1L2,1.828469483669756,1.2036479735476473e-36,8.76400162499513e-36
SLC16A6,2.3833654769124113,1.2352469085858465e-36,8.990483597356325e-36
PKN3,-1.1597431430304086,1.2866059784650994e-36,9.356807281662086e-36
LOC339290,-1.131304106384821,1.3378933219828956e-36,9.725907404175179e-36
FAM83H,1.7246003508619943,1.3958168204559633e-36,1.0138888101659976e-35
ACSM5,-3.108809399636143,1.4302212593501585e-36,1.0384650013542455e-35
TBX15,-1.9835912197868826,1.448907141350878e-36,1.0516131058217717e-35
DNAH14,1.492043935718618,1.539621210043125e-36,1.116118075922541e-35
SLC2A9,-1.4320241401715332,1.607822176382144e-36,1.165095026938064e-35
OLFML2A,-1.2706605605128658,1.6405435849343878e-36,1.187860575837735e-35
MMP7,-3.2849096292125104,1.6571659276169408e-36,1.1994191403742016e-35
AMPD1,-3.05674460278957,1.7951862214471294e-36,1.297767068665691e-35
FAM180B,-3.3249980117820317,1.7988543380106933e-36,1.2999025611277748e-35
SBK1,2.0925260980680944,1.823100957449012e-36,1.316901060652554e-35
EPYC,3.6283336480984145,1.825073618217134e-36,1.317803057215648e-35
N4BP3,1.6404083340552713,1.8633102661424254e-36,1.3443454924530548e-35
ECE2,1.442629714978775,1.918603113390769e-36,1.383141880120878e-35
PPAPDC1A,3.8747200597764877,2.029519683247069e-36,1.462523626054885e-35
GPR160,1.3962140258165103,2.236384732219981e-36,1.6103208576186833e-35
HIST1H2BD,2.351678558433682,2.3048797063922318e-36,1.6583290630615732e-35
CRHBP,-3.0852560946027876,2.3695097532566202e-36,1.704155908278556e-35
HSD17B7,1.069960222645757,2.3727379852243376e-36,1.705803694511794e-35
LOC390595,-1.4086853937451274,2.389398223247191e-36,1.7171028763430167e-35
LOC643763,-2.317716585809582,2.395067079685159e-36,1.7204974763815685e-35
ISLR2,-1.5388251840942564,2.4558521255070558e-36,1.7634665183670588e-35
CLEC4G,-2.9184637745819972,2.551585049114815e-36,1.8307647871122184e-35
PSRC1,1.553974192151089,2.6316996149475086e-36,1.8867596727408235e-35
LAMA3,-2.757498943082389,2.7389669641342852e-36,1.9628903798478894e-35
NRP1,-1.3183611149614478,2.776600096711665e-36,1.9890771963967898e-35
PNPLA7,-1.542736779866586,2.8377174837026733e-36,2.0320602421652148e-35
C3orf54,-1.2514839209910766,3.2094940634032096e-36,2.2928736434901343e-35
MUCL1,-5.707949099021051,3.228508508802217e-36,2.30464864257752e-35
TEF,-1.3723738023044305,3.3264819191314904e-36,2.3736554439024117e-35
EBF2,-2.3730784241531677,3.453623536842808e-36,2.4624484622463624e-35
LYNX1,-2.2377413583990275,3.462017648205439e-36,2.467467002751903e-35
WBSCR28,2.0023025383349218,3.474471449562214e-36,2.475373925494363e-35
SYNGR2,1.1156063761587074,3.535076261415025e-36,2.516581665488373e-35
SLC16A4,-1.6955303473966907,3.6370001967359796e-36,2.5871166307614317e-35
EPB49,-1.9539999393571845,3.787979921530347e-36,2.69240915703307e-35
GLT1D1,-1.7872033656761672,3.947556784156297e-36,2.8036432361294216e-35
CPE,-1.5118247509313019,4.043424455566427e-36,2.869491437219324e-35
B3GALT2,-1.5168837953738197,4.042470562373695e-36,2.869491437219324e-35
C17orf91,-1.5799953001819276,4.117700788559306e-36,2.919926274022012e-35
KIFC3,-1.2995410508533318,4.179831623490822e-36,2.96283002501571e-35
CTPS,1.0511570432296633,4.472481967046255e-36,3.167805029032801e-35
BHMT2,-2.9996713982500207,4.517845337667339e-36,3.197447071600255e-35
KRT9,-1.736722927315256,4.6247469138788566e-36,3.2718331936780735e-35
PIWIL2,-2.342014623581391,4.674445804814138e-36,3.305708507576991e-35
C1QTNF9B,-2.100382162349476,4.6817499515723575e-36,3.3095881308144325e-35
KLHL31,-2.9555530364723195,4.685874632031783e-36,3.311218009583639e-35
THOC4,1.0688289136273035,5.000112123268263e-36,3.531899145512308e-35
ESAM,-1.315674183487829,5.045377056541219e-36,3.562490246711397e-35
AKR1B1,-1.0445140951225849,5.086664638067808e-36,3.590250345356661e-35
C1QTNF1,-1.9661137789136252,5.379259980346766e-36,3.7952972644283795e-35
DNAJC1,1.2526400892315674,5.433230011069498e-36,3.831890193393958e-35
DNAJA4,1.1864091700597719,5.481510367791241e-36,3.8644435795857466e-35
GPATCH2,1.027392523607384,5.487705849947812e-36,3.8673135728455296e-35
CYP2B7P1,4.032823373473102,6.34528538945316e-36,4.464755699428522e-35
EZR,1.168977679112885,6.570861899424881e-36,4.62169239394247e-35
MPZL2,-1.722923637702504,6.787350485306058e-36,4.769569394773699e-35
CYP46A1,-1.645307407086546,6.868661869268518e-36,4.821837717172959e-35
IFI16,-1.155298761153949,7.005117131533531e-36,4.915734276997104e-35
RPUSD1,1.0653600103959109,7.043159376352179e-36,4.940525245770278e-35
DNASE1,1.1917179762626695,7.06945852686546e-36,4.957062926214636e-35
TMBIM1,-1.0682757472060995,7.558446948420975e-36,5.291784992388731e-35
KCNMB2,-2.041046599670796,7.755988608134732e-36,5.427999255435469e-35
EFNA5,-2.3410105128649352,8.121037200733196e-36,5.678965968905902e-35
FZD4,-2.1084622022004655,8.1551734895051e-36,5.698603571188535e-35
TMEM91,-1.0850521614831496,8.221514509615997e-36,5.742756278531849e-35
ZNF154,-1.8229752663952183,8.507122594110473e-36,5.937697568274268e-35
MAP3K14,-1.0187468639002013,9.020255448875435e-36,6.291023369190786e-35
KCND1,-1.095196435068872,9.04805735732919e-36,6.307996479336011e-35
GLB1L3,-2.4169654335961193,9.461587399207383e-36,6.593770115917764e-35
GRIN2B,-2.1180117040630693,1.0177616458762904e-35,7.084632978923944e-35
PART1,-2.8320755176297316,1.062937083904491e-35,7.393444301992147e-35
ZNF391,-1.8079533526812765,1.0935886753154938e-35,7.603741274548485e-35
LONRF1,-1.07309290479078,1.1435245746821942e-35,7.94791058913325e-35
MMP1,4.566170930434031,1.1838824048472326e-35,8.225271532608463e-35
RAG1,-1.4709148185047214,1.206138346554515e-35,8.376702145109439e-35
LPAL2,-1.2864720739842324,1.2219294478179808e-35,8.479901539699087e-35
CCDC85A,-2.2255909209044447,1.2697713468257793e-35,8.808554811840571e-35
SEC16B,-1.5610927488521185,1.3373806894810237e-35,9.270502928645497e-35
LOC90586,-2.042615455254267,1.3448390878589877e-35,9.318654707383766e-35
GDPD5,-1.7828064671229296,1.3771156468885458e-35,9.538674322797641e-35
ART4,-2.5266217317854984,1.4051382348431443e-35,9.729072380695989e-35
KLK11,-4.252757701637357,1.5456085272253285e-35,1.0681363713395085e-34
JPH4,-1.739711062981896,1.5647691311290888e-35,1.0809674570756282e-34
ITM2C,-1.396139673395128,1.5838586331806326e-35,1.0937397078826653e-34
IFNE,-1.6731750411504807,1.590755167976191e-35,1.0980855639996439e-34
WDR54,1.1792289092956763,1.6771368738266184e-35,1.1572753038008316e-34
PRIMA1,-2.460464718877242,1.687218956649703e-35,1.1637910825272655e-34
DOC2B,-2.3835370311011,1.6887503125708445e-35,1.1644061340805713e-34
LAMC3,-2.7238813999826714,1.6972025801929472e-35,1.1697909340118218e-34
C16orf89,-3.5162838300268557,1.7502190377495466e-35,1.20496358336441e-34
CST4,3.1392695399809414,1.8328107571444342e-35,1.2608712854232854e-34
CGNL1,-1.8064321320280712,1.8455006982640138e-35,1.2691216173214902e-34
ITGB4,-1.9420080568309768,1.9225506033956444e-35,1.3216083320850043e-34
FLJ10038,-1.0126303473966898,1.9580706513167708e-35,1.3455175562823398e-34
LGALS3,-1.4663824525686522,2.24872222121951e-35,1.543495120394372e-34
KIAA1211,2.556139413497357,2.3863907916819477e-35,1.6355222733805157e-34
REEP4,1.116725262063592,2.456057124613662e-35,1.6826348452895177e-34
FAM124B,-1.5082838386901152,2.4896499926615436e-35,1.7050074799254355e-34
GPR113,-1.1650775405007354,2.589961239439048e-35,1.7723708436657514e-34
C17orf53,1.1449429264489304,2.630442248871554e-35,1.7993964771217175e-34
NXN,-1.3458659577232979,2.7568069246556133e-35,1.8844219470336513e-34
CAT,-1.5238769817205249,2.8153025651165025e-35,1.9236844066372257e-34
NTN4,-2.2637812657021517,2.93189344259062e-35,2.0025987367908837e-34
MXI1,-1.225657368101876,2.94824164621828e-35,2.0130098531924736e-34
PTGDR,-1.6315497530971146,2.9652029855675224e-35,2.0238316440302066e-34
CHRM3,-2.223958399029715,2.976911827798625e-35,2.0310616942060857e-34
SC65,1.32880266395218,3.227330791997714e-35,2.2010903861646455e-34
KLF2,-1.6992379624014529,3.240701528417704e-35,2.2093816450107664e-34
C6orf154,1.9491117430477334,3.290865918230459e-35,2.242741756254176e-34
C10orf72,-1.6106860001732635,3.596228410228842e-35,2.4471830187437612e-34
TGFA,-2.123140920904442,3.7991441597618137e-35,2.584298248884316e-34
HSPB1,1.6083019838863368,4.390905147261183e-35,2.983488107338384e-34
ANKAR,-1.1986093909728837,4.868054228071178e-35,3.301534691266008e-34
ROBLD3,1.1256854500563112,4.912690589219995e-35,3.330566361101362e-34
S100P,4.294071753443646,4.932540182943793e-35,3.342778441925758e-34
C2orf89,-2.0419643160356924,4.969184114048354e-35,3.366358705918206e-34
DKFZP434L187,-1.4385174651303825,4.996682054509e-35,3.3837278064816715e-34
SASH1,-1.5257322922983612,5.048960213057731e-35,3.4178587861022637e-34
ID1,-1.801911011002339,5.076215816166706e-35,3.4350318402112478e-34
ESR1,2.340974737936417,5.114795080840413e-35,3.4598519084555193e-34
GNG12,-1.2921158667590724,5.13616964502018e-35,3.4730199126412457e-34
CELSR3,2.204830000866327,5.146707956301337e-35,3.478853506444606e-34
GPR125,-1.2667108940483445,5.394375605256402e-35,3.6449079117476725e-34
HFM1,-1.926204024083861,5.610068933016211e-35,3.7892424782075726e-34
BCL2L10,-1.430878047301394,5.620951893875657e-35,3.795184989770719e-34
FGL2,-1.6735980594299544,5.703045274985594e-35,3.849185507621905e-34
DLEU2,1.3307900415836436,6.345100293928254e-35,4.279357563926491e-34
HIST2H4A,1.9537104348956067,6.605474636737755e-35,4.450016832440317e-34
PASK,1.0940736463657608,6.845615001822295e-35,4.608384980701599e-34
OR52N4,-1.2969823832625835,7.257940366152356e-35,4.8823462115695255e-34
MAL2,1.6183981200727704,7.677161601593314e-35,5.158633172159583e-34
CXXC5,1.1258755046348448,7.789916862685947e-35,5.232467035109678e-34
RSPO1,-3.226898899766093,8.094714653320025e-35,5.435193317387843e-34
CSF1,-1.3852833188945688,8.362045605937928e-35,5.610553489306602e-34
FGD5,-1.408126336307717,8.478831974335103e-35,5.686815712189458e-34
GPR144,-3.93722396690635,8.506282440721317e-35,5.703125571581957e-34
ZDHHC2,-1.5709164428658076,9.181675755278688e-35,6.151418615139417e-34
PSMC3IP,1.4244150307545702,9.384409487932151e-35,6.2849303130547816e-34
ATAD5,1.3333275145109598,9.667052834555363e-35,6.471841219103026e-34
CD93,-1.3345995408472646,9.970034555587498e-35,6.6722256990940885e-34
PCCA,-1.0535511435502016,1.0001107200896962e-34,6.6905606166088724e-34
DAB2,-1.2288305163302446,1.0006285238923584e-34,6.691565400592431e-34
MRPS34,1.182002321753444,1.004828848881048e-34,6.717186755850796e-34
ARHGEF6,-1.4535389760027702,1.0088297944436077e-34,6.74145695604148e-34
ST6GALNAC1,-2.4893111842675224,1.0343592180614931e-34,6.906984903291768e-34
PHLDA1,-1.6889770900112602,1.0480132693159474e-34,6.9955942579237956e-34
ZNF658,-1.3355574244130644,1.058254072865722e-34,7.06136322887637e-34
TNN,-2.5083343498224027,1.0940854234150651e-34,7.297778293303199e-34
PDRG1,1.0173950965953384,1.1042622363375893e-34,7.3602656492322e-34
EHBP1,-1.0577724594992617,1.1057214038095744e-34,7.367293819013793e-34
MDFIC,-1.259157662652692,1.1365039697297051e-34,7.56408839524308e-34
ARMC3,2.543331690201854,1.1532516700200628e-34,7.672748592607896e-34
FBXO17,-1.677085103525946,1.275432632558316e-34,8.473248251992346e-34
FBXO32,-1.5578739365849401,1.3738980370481057e-34,9.114091096350825e-34
WWP1,1.1434435068872908,1.4113915044571056e-34,9.355994011519553e-34
DUOXA1,-2.1358713332755794,1.432206367258119e-34,9.487064229694156e-34
ART5,-1.8244144503162092,1.4728667785086654e-34,9.74930689788845e-34
KLHL10,-1.1505108983799708,1.4753464464748429e-34,9.762170616205584e-34
C1QTNF7,-2.6341375335701294,1.4890074793931622e-34,9.848983701814583e-34
GAL3ST1,-1.939268963874209,1.5599039160711864e-34,1.0310432456152436e-33
MYEOV,-3.372055587802131,1.5841714569405482e-34,1.0467031953063085e-33
HIST1H3H,2.770931378324525,1.5859338046538865e-34,1.0474874109620718e-33
LOC388242,-1.388026756475785,1.6451192629223043e-34,1.0857906433275816e-33
DPP4,-2.28603132201334,1.6645316722389438e-34,1.0982047854210038e-33
TBX19,-1.0708806592740192,1.7075118153038402e-34,1.1261535352889783e-33
LBH,-1.1777660790089222,1.7113270595785492e-34,1.1282610092541953e-33
GYG2,-3.41472672615438,1.712941067514506e-34,1.1289162292529526e-33
DOPEY2,1.0993064064801192,1.7743808399943333e-34,1.168984959479437e-33
ECM2,-2.264453032140695,1.974810063075584e-34,1.2996192182995247e-33
LGALS7,-2.529283674088191,2.018279179523553e-34,1.327746147628017e-33
ZFP37,-1.4401394005024688,2.0488943957852584e-34,1.347399735783203e-33
GRIA3,-2.2465853157757945,2.119463319527906e-34,1.393304109980732e-33
GLIPR1,-1.1973774971844406,2.1855958584211733e-34,1.4362599787307081e-33
LAMC1,-1.292467867971931,2.190171985106988e-34,1.4387477677698485e-33
PKHD1L1,-3.652531144416529,2.2370564051865438e-34,1.468486755990287e-33
IL1R1,-1.6015136316382197,2.270154945721824e-34,1.4896766574251755e-33
ETV1,-1.5770040890583061,2.308148778180016e-34,1.5135170104182576e-33
TUB,-1.830207506714025,2.3164366513145817e-34,1.5184046223939262e-33
RPS2P32,-1.301519340725982,2.344271173787027e-34,1.5360967666107002e-33
DMRT2,-2.7032233648098423,2.3863690839514894e-34,1.563118979315184e-33
GEFT,-1.1221761673741666,2.4158615336329405e-34,1.5818678955654826e-33
CFD,-3.207059334661701,2.4779653881096198e-34,1.6213660661308197e-33
LIMS3-LOC440895,-1.3298691847873179,2.4938388425621976e-34,1.6311659522515156e-33
TM4SF1,-1.8890195053279033,2.49843742503735e-34,1.6335867976995286e-33
LIMS3,-1.6240421727453878,2.515208147362721e-34,1.643961720159555e-33
ACR,-1.3814602313090194,2.524832962938613e-34,1.649660244952318e-33
OR7A5,-2.001038733431517,2.609309938990041e-34,1.70424358878492e-33
CD164L2,-2.50038388633804,2.644241026323028e-34,1.7264390029468464e-33
ACSM3,-2.3364657541367038,2.799451098191998e-34,1.8258118359150463e-33
UPF0639,2.6794673655029024,2.870339370283221e-34,1.8700353456430017e-33
VENTX,-1.4091682145022961,2.9850931934237304e-34,1.9441020178852297e-33
WIPF3,-1.6240254699818046,3.025884264658397e-34,1.969963207066409e-33
EDA2R,-1.5076969245430138,3.1107054963359363e-34,2.0244609277727227e-33
KAT2B,-1.1952837953738218,3.3007478274603028e-34,2.145839739402139e-33
PPEF1,3.0353134583730372,3.3710505070243018e-34,2.1907615986920158e-33
SLC27A4,1.0278665858095817,3.404974056432654e-34,2.212017942514047e-33
MPO,-1.6167365069739223,3.4196665605385804e-34,2.2207702604881832e-33
AHR,-1.1527612795633715,3.6216268777666574e-34,2.349411049750052e-33
B3GNT3,-3.0478925972450828,3.734333511883056e-34,2.4216627330533406e-33
SLC4A4,-2.997113510352593,3.817437598038894e-34,2.473791975688928e-33
CCDC141,-2.1976246989517456,3.865207771964104e-34,2.5038568353403052e-33
SEMA3A,-1.9270762193537214,4.120352808995212e-34,2.6681886226303752e-33
CYP8B1,-1.949763627306594,4.149214735231477e-34,2.6849682127770553e-33
LOC81691,1.0165523044269253,4.321529637581178e-34,2.7944868203513385e-33
KCNT2,-1.8482034739669055,4.525322458556147e-34,2.9252288605503394e-33
SGK2,-3.2100064844494494,4.790224740567066e-34,3.095366026004341e-33
AGAP11,-2.105731127090012,4.828091879588456e-34,3.118728051247292e-33
DRP2,2.0657036645586073,4.83516320831437e-34,3.122187863815058e-33
PLCH2,-2.7504727410551846,5.016595056735328e-34,3.2370464309731723e-33
KLHDC9,1.527070233041668,5.170735187126873e-34,3.334144265365585e-33
CDNF,-1.4739549293944378,5.499036370133945e-34,3.5420721530625696e-33
LOC100133545,-1.8511945074937188,6.197737649155562e-34,3.985073063496245e-33
GATA3,2.167694057004244,6.243118707776931e-34,4.012835093137834e-33
C9orf140,2.0666564324698973,6.273978728267053e-34,4.031247256994182e-33
RHBG,2.263007303127436,6.404473597500465e-34,4.113642656856068e-33
HIST1H2BO,1.9378558476999048,6.5119616930156715e-34,4.178260088049498e-33
APP,-1.0419502598977726,6.553390563222587e-34,4.2033604095257485e-33
SLC25A10,1.0798092350342205,6.73956239331815e-34,4.321248828656931e-33
KCNG3,2.0006631421640817,7.2119011114661086e-34,4.615971727567425e-33
KLHDC1,-1.2125851728320187,7.288705516319321e-34,4.6634905628668046e-33
TAS1R1,-1.4792544789049649,7.436051315575726e-34,4.7560942409495765e-33
MFSD3,1.377654634843629,7.861277138382349e-34,5.021011499999084e-33
TRO,-1.3892784371480582,7.953327134282057e-34,5.0780222316848925e-33
DCBLD2,-1.1159503898466596,8.091266678347072e-34,5.164282165005321e-33
RFTN2,-1.418918578359178,8.456591038406233e-34,5.393669469940738e-33
PGM1,-1.1870079658667585,8.700954988675857e-34,5.543699113015983e-33
CYP26B1,-2.2236716364896463,8.74628031296643e-34,5.568679277262257e-33
MAP3K8,-1.5959461361864333,9.124219927311583e-34,5.8032206616650155e-33
ME3,-1.4934209434289194,9.245638656686133e-34,5.878391912946478e-33
S100A2,-2.6394505761067317,9.50303208071334e-34,6.0399334135902555e-33
CHRM1,-3.1186953868145193,1.0047177573689098e-33,6.383552299262221e-33
GHR,-2.359339928961278,1.1147697707814206e-33,7.08030500262882e-33
PCDHB14,-1.3137986052152817,1.117753231299593e-33,7.096777840720784e-33
C4orf31,-2.3640498613878522,1.155474556584427e-33,7.333718045155622e-33
CH25H,-2.1676104955384234,1.2547484859230931e-33,7.955481257143179e-33
RIMBP2,-2.2371480117820326,1.2578849383362011e-33,7.969815361132568e-33
CLDND2,-2.0059858788876377,1.2812279206384019e-33,8.114889296931395e-33
CASP1,-1.3063741315082718,1.3113873281445685e-33,8.303020359727158e-33
MMP28,-2.099005865026422,1.3706923616200064e-33,8.672475863249558e-33
ARTN,2.2074437234687694,1.3805702808361083e-33,8.731939132056874e-33
POPDC2,-1.071952559993072,1.4856665776085397e-33,9.380363757269598e-33
TTLL10,-1.6470704149701134,1.4853584231380613e-33,9.380363757269598e-33
KIAA1199,2.867192047128131,1.500882939535805e-33,9.469869028897837e-33
CCDC158,-2.356610941696265,1.5318524163964731e-33,9.655231833679017e-33
PNMA3,-1.8945712033266922,1.5903500681237414e-33,1.0013539360102547e-32
TNFRSF11A,-1.5760693450576095,1.629807813224087e-33,1.0251344721533536e-32
BRCA2,1.5833355280256445,1.6329986633839744e-33,1.0267866897954572e-32
C6orf204,-1.5605416702763586,1.6704706829501816e-33,1.049985422712091e-32
JAG2,-1.135084488434547,1.713426403505994e-33,1.0762422644244171e-32
ST6GALNAC6,-1.1226048211036979,1.8651236224090614e-33,1.170315246422342e-32
HAPLN3,-1.7707574460712125,1.869013712463802e-33,1.1723520540309645e-32
DIRAS2,-2.389575292384995,1.8720911832888375e-33,1.17387791282834e-32
GPR19,1.66706493112709,1.9033109379632117e-33,1.192221920294024e-32
MATN3,2.0249654162696,1.9425133715106148e-33,1.215941227703154e-32
NWD1,-2.4406926838776757,2.0019845430817057e-33,1.2527371824584495e-32
RPL21P44,-1.145231036125791,2.0784894144651353e-33,1.300162983213363e-32
IL27RA,-1.383723447110805,2.1355474107691626e-33,1.335395723745485e-32
ESM1,2.3308944468509054,2.1979037379254925e-33,1.3729732924316315e-32
CXCR2,-1.8500259118080211,2.2881708211521032e-33,1.4288704445088072e-32
C20orf203,-1.6178374469375374,2.303017813676328e-33,1.4376486029612552e-32
BICC1,-1.9867809191717942,2.3702769536550088e-33,1.4791275758444335e-32
C4orf12,-1.3759988434549069,2.739811290361541e-33,1.7079720862483264e-32
TP53INP1,1.1376955687429628,2.75455538951419e-33,1.7165755479399796e-32
FAM18A,-1.2528142857142863,2.8296614049646886e-33,1.7621733340599463e-32
LIMCH1,-1.6901746599670808,2.8880506767366293e-33,1.7973055202952772e-32
CORO2A,1.3804103785844255,2.896393326479056e-33,1.8018813302084162e-32
SLIT2,-1.994341011868669,3.0637676842375824e-33,1.9034048858763383e-32
F12,2.321085441393051,3.0746545693144522e-33,1.9095167903524726e-32
CAB39L,-1.2331494715411946,3.0951307344070975e-33,1.9209227670784997e-32
NAT1,2.6822348869444674,3.25549098747431e-33,2.0183822358649476e-32
FAM69C,-1.77764046608334,3.267376196368158e-33,2.0250612496591617e-32
MMP27,-2.4718819111149615,3.283853199895195e-33,2.0345806602345892e-32
LOC93432,-3.146726254006757,3.503835759102967e-33,2.168661078645063e-32
GPR88,-2.0534881010136012,3.596133646501293e-33,2.2250312973236925e-32
FGF17,-1.4305990513731266,3.62117046811145e-33,2.2397609932393042e-32
PLEKHF1,-1.3989735943862067,3.6304383447646096e-33,2.2447306110648841e-32
TSHZ3,-1.0733163302434372,3.869216954754243e-33,2.3907452894566014e-32
TNFRSF1B,-1.3350599974010198,4.0920827991889015e-33,2.5258793894077845e-32
CYTH3,-1.0486590357792576,4.098991838139742e-33,2.5292863874460247e-32
?|653553,1.563436714892144,4.201408343945774e-33,2.5916040692932875e-32
HOXA10,-1.8586544615784444,4.6734682024256944e-33,2.877914130201452e-32
RIMS4,3.3092831283028667,4.717405503269891e-33,2.90300650358424e-32
TCTEX1D2,1.0618049943688819,4.8884201091010496e-33,3.005197948192043e-32
KIAA1257,1.9299431993415919,4.93395161147046e-33,3.0321647935042803e-32
CHD9,-1.0357516416876056,4.983042724964519e-33,3.0613002606321003e-32
MLXIPL,-3.398199571168673,5.068035820105928e-33,3.112464778454393e-32
IGF2AS,-1.5799070822143289,5.1925344716515184e-33,3.1878483975538814e-32
AFAP1L1,-1.4701871393918404,5.249865458141943e-33,3.221958898670188e-32
PDLIM1,-1.3164578185913545,5.254497654187983e-33,3.2237148904342386e-32
TIMM16,1.0296633197608944,5.365699335250241e-33,3.2908296832735897e-32
E2F5,1.3073566014034466,5.420071323385952e-33,3.320819868717418e-32
GAS2L3,1.5206167114268387,5.828118690000497e-33,3.568423966164784e-32
MGP,-2.4071839686390035,5.889237449923661e-33,3.6022106619946375e-32
FAM102A,1.0142670276357997,6.088265331311838e-33,3.721447072728992e-32
PCDHGA5,-2.0219524906869966,6.200094251868689e-33,3.788530233862563e-32
INPP5D,-1.312347037165381,6.674935930480991e-33,4.075942929974689e-32
ARHGAP19,-1.0496772372866658,7.371987410097631e-33,4.49856811351013e-32
CNTNAP2,4.073454496231485,7.54488510775824e-33,4.6025316225376424e-32
TBKBP1,-1.0356035346097192,7.700701075749452e-33,4.696008766561718e-32
RAB3IL1,-1.0973239235900536,7.774457867758166e-33,4.7393990812726693e-32
FANCB,1.2165060859395305,7.890403644736672e-33,4.8084706242096296e-32
ANAPC11,1.0704376765139045,8.289909460521487e-33,5.048552087985032e-32
FGF11,-1.4145505241271774,8.336696267775359e-33,5.075347229508858e-32
TRIM68,-1.2046922247249414,8.555517440182835e-33,5.205083020175405e-32
NMB,-2.0330196352767924,8.714284371649577e-33,5.29990372259062e-32
HRASLS5,-3.3359350212249836,8.849041164446957e-33,5.380063337222043e-32
WSCD2,-2.5365587585549685,8.982323309794286e-33,5.459273162209863e-32
INHBA,2.4503257731958747,9.837025573988325e-33,5.966790287347866e-32
CLEC4GP1,-2.2855524603655897,1.0116646857941088e-32,6.132311780056664e-32
LOC100240735,-1.4224696959196041,1.0720199477883428e-32,6.491676350496075e-32
PFKFB4,1.2150555791388697,1.0876742944833003e-32,6.584281736774032e-32
KISS1R,2.575815667504115,1.0978996561301116e-32,6.641763855279635e-32
CD209,-2.5952231309018456,1.1174446209986154e-32,6.75326840505903e-32
MFI2,-1.8661397816858711,1.1301455771935855e-32,6.827759688567818e-32
GPAM,-3.086465979381444,1.1566206721412136e-32,6.985390210679002e-32
ACSS2,-1.296204387940742,1.2106465199423767e-32,7.309253267831205e-32
CREB3L4,1.4886496621328948,1.2136032936911354e-32,7.324675316664369e-32
ZSCAN12,-1.0780827601143557,1.2141273447061931e-32,7.325409365491161e-32
PRG2,-1.6249784414796844,1.359411424151794e-32,8.19382985226328e-32
IL17D,-1.906058126137053,1.396301264941088e-32,8.413396863860518e-32
AQPEP,-3.959426254006756,1.4789751803917472e-32,8.901743151204423e-32
DBNDD1,1.6655401975223105,1.55711736733568e-32,9.357612227669654e-32
PRRT2,1.528818517716366,1.558773390517616e-32,9.36447261636705e-32
ARHGAP42,-1.5147409079095553,1.6073437799401414e-32,9.653077804767534e-32
TCN1,-4.178705089664732,1.6105714395204206e-32,9.669271739310757e-32
HOXD3,-1.543566425539289,1.6157197967278325e-32,9.696982347456887e-32
ZBTB20,-1.6839533743394264,1.6593524419806478e-32,9.952287479859549e-32
NFATC1,-1.1025500563111859,1.6883356491165794e-32,1.0122784525977962e-31
GLT8D2,-1.496215797453,1.7920380123256e-32,1.0741016772592326e-31
MAGI1,-1.1235791735250817,1.8254047494014787e-32,1.0937407061670546e-31
FLNA,-1.1961265528891971,1.8655706150292508e-32,1.1174393519373956e-31
NCRNA00182,-1.0135774192151077,1.9789270771645233e-32,1.1845580264921348e-31
RAMP1,2.5138279996534694,2.0278149902529181e-32,1.2134226254955249e-31
HSF2BP,1.1219963917525781,2.2441564266788984e-32,1.3411155428376883e-31
ATP13A4,-3.655169734904272,2.306040372198231e-32,1.3776453198268593e-31
CBX8,1.3886031404314334,2.3475778831635372e-32,1.402000006798749e-31
CCNJL,-1.6132292601576728,2.3894682600379448e-32,1.4262467054877885e-31
GPR55,-1.8305151996881226,2.4174488448068386e-32,1.441835561009793e-31
PCDHB19P,-1.3401711686736553,2.419810012886049e-32,1.4427710993961595e-31
ABCA13,-2.958833479164862,2.445036295705209e-32,1.4568574694180662e-31
ZFP106,-1.0955464610586478,2.559642611612927e-32,1.524645761099153e-31
GJC2,-1.5229734557740628,2.6683303514104646e-32,1.5888654689801992e-31
OR2B6,1.7324923546738282,2.6779276903517263e-32,1.5940587883411535e-31
CAMP,2.701571606168241,2.7815249036080233e-32,1.6546437196201585e-31
PIK3CD,-1.2518169539980946,2.815782644566373e-32,1.6744753831767946e-31
ADM,-2.1219225634583694,2.995151804427063e-32,1.779397790338963e-31
LOC349196,-1.6054879883912327,3.0607900414239224e-32,1.8177997104091243e-31
FOXH1,1.544182482890063,3.064319280313853e-32,1.8193021480610914e-31
GOLGA8A,-1.8385273239192568,3.156395836900233e-32,1.8727468519913603e-31
RAI2,-1.6993589188252622,3.1718833161022016e-32,1.8813226459109932e-31
OR7C1,-1.6481717014640909,3.194809199879931e-32,1.8943033180916737e-31
ANO6,-1.1819095945594746,3.424414614832682e-32,2.0284614134005634e-31
TRHDE,-3.5282729922896987,3.438534088889832e-32,2.0361625250508005e-31
SYT2,-1.4078236810188,3.4405349618874293e-32,2.0366848101215245e-31
PARP9,1.0314067573421113,3.5000257489043505e-32,2.0712278513428444e-31
PDZD4,-2.200354725807851,3.566618479439304e-32,2.1099498271444153e-31
KREMEN2,2.680278224898208,4.165224431720067e-32,2.462474190665813e-31
DHRS13,1.2614546781599234,4.7511189614705304e-32,2.8043002093271096e-31
TLR4,-1.42061012301828,5.512262908244956e-32,3.2472401850738818e-31
SLCO1C1,-1.8037787706835318,5.599692503114012e-32,3.2976772123644243e-31
ITPKA,2.391407086545958,5.653883217462846e-32,3.3285134607851287e-31
NR4A1,-2.653224001559387,5.687213260180318e-32,3.347052795831307e-31
MGLL,-1.9233472364203408,5.736741033644278e-32,3.375109794293044e-31
CCDC150,1.3728959282682136,5.907049054543479e-32,3.4741846184121146e-31
SFRP5,-1.7959084380143815,6.208218674267578e-32,3.6489572014108073e-31
ELMO1,-1.0817612622368546,6.235439351816339e-32,3.6637734835736866e-31
SRMS,2.31438133500823,6.280913263376467e-32,3.689301843602511e-31
TAT,-5.332352629299141,6.499893003892348e-32,3.8166952370920133e-31
CLEC2L,-1.5090459802477691,6.623754313650508e-32,3.8869181099735717e-31
FSIP1,2.686170999740102,6.637394740274648e-32,3.8936673044543805e-31
UNC13C,-1.7095194230269426,6.700603609623515e-32,3.9294809119193568e-31
GJB2,2.8812739582430886,6.845317097594941e-32,4.0130533696463995e-31
MAPK8IP2,2.295508316728754,7.42064825532377e-32,4.347539755122581e-31
RASL10A,-2.3615159967079618,7.52460580567993e-32,4.407027010321485e-31
KCTD6,1.1447315992376357,7.679514684173097e-32,4.494861922701057e-31
MARCH4,2.334447240751971,7.67769589949491e-32,4.494861922701057e-31
PITX1,3.4517366412544392,7.732880116253084e-32,4.5217351993625085e-31
SLC13A5,-1.642025158104478,7.923151539338316e-32,4.62704932533126e-31
CHI3L1,-2.676186017499786,8.051335359521362e-32,4.697826554393564e-31
SEMA6C,-1.0052986658580982,8.052089682858826e-32,4.697826554393564e-31
DSEL,-1.642355033353546,8.434423922012002e-32,4.91931491997387e-31
PKDCC,-2.183556913280774,8.897903977837662e-32,5.186312715612519e-31
CHTF18,1.5381893788443204,9.88142531679541e-32,5.748532599604565e-31
NPFF,-1.2422620895781002,9.943884227955975e-32,5.783019955318933e-31
MXD3,1.0736803170752847,1.0004062759466234e-31,5.8160431784887145e-31
SLC19A1,1.0733552066187286,1.0311527973018602e-31,5.989174974245616e-31
ABCC5,1.2195355670103094,1.068029513275252e-31,6.201384762408106e-31
GPR77,1.6129302304426911,1.0729630163642924e-31,6.228043937142607e-31
HBA2,-3.4786513514684225,1.1003425775321365e-31,6.382898642070581e-31
CNTN6,-2.045843532877069,1.1639270161679173e-31,6.74314560003329e-31
RGR,-1.259189803344018,1.1919289993857978e-31,6.903176447922265e-31
SLC22A11,-1.7956846746946207,1.2130985668928368e-31,7.023547459653405e-31
PITPNM3,-1.4546830070172376,1.2201188330620084e-31,7.061946937433304e-31
PRTFDC1,-1.268069284414798,1.2865575737297845e-31,7.441756439340091e-31
ARHGAP28,-1.6809762626700158,1.293935191844523e-31,7.482052826285214e-31
SLC26A4,-2.1376304990037265,1.3062254448063685e-31,7.550721426424365e-31
PRUNE2,-2.023451568049901,1.3337437908890246e-31,7.707345468429497e-31
MYLK2,1.5772365459585898,1.3648340897608855e-31,7.884504898736083e-31
FRAS1,-2.031250515463917,1.367077234303034e-31,7.894957771579356e-31
PPARGC1B,-1.4652401108897157,1.4373140378180205e-31,8.292686982694589e-31
SLC6A15,-2.4560455167634068,1.44240038198211e-31,8.319396119524825e-31
ADAMTS18,-2.681101039591093,1.471328657250922e-31,8.480872561095166e-31
PNMA6A,-1.817869622281902,1.4943105574705322e-31,8.610615725747419e-31
GALE,1.3398703716538147,1.5277325143529714e-31,8.800416126192132e-31
LASS3,-2.0166124967512773,1.6600421296221178e-31,9.553508341925833e-31
TLR3,-1.4456809754829765,1.679045173233117e-31,9.659816462819985e-31
ANO4,-1.825492419648272,1.683472286500635e-31,9.68222623417727e-31
FLJ35024,-2.24525540154206,1.6934885097891371e-31,9.73675658360444e-31
CCL23,-2.195476002772243,1.7656124498044492e-31,1.01354283897163e-30
C6orf186,-1.6459594732738454,1.835112581616653e-31,1.0527751126116589e-30
ADD2,-1.6740893701810613,1.921398517320472e-31,1.1015816444341592e-30
HEY2,-1.9048612102572964,1.9461748689366915e-31,1.1154351744097795e-30
KHDRBS3,-1.1955752837217348,2.1418908396523543e-31,1.226064118056346e-30
PLCD3,-1.253032495884952,2.1897916433451325e-31,1.2523748143401255e-30
GAS2L2,-2.177799831066447,2.1941870967638133e-31,1.2544217249494878e-30
MXRA7,-1.2372527982326957,2.3521115575582263e-31,1.343441690688183e-30
UGP2,-1.093084345490773,2.35513024853834e-31,1.3447439119869323e-30
ZNF219,-1.3513137962401478,2.361858730513638e-31,1.3481628871602306e-30
TDO2,3.1922837303993767,2.4441562047951384e-31,1.3933910239864048e-30
P2RX6,-2.284488720436628,2.4497837241205045e-31,1.3961619640001735e-30
IL22RA1,-1.8631668673655013,2.6038569667286565e-31,1.4830415633717689e-30
PPM1J,1.7912663692281026,2.6332347421387795e-31,1.4993047235268127e-30
IL18R1,-1.3624474183487836,2.7141153695979048e-31,1.5439075647747081e-30
FBXL22,-1.233927410551849,2.7295074719036315e-31,1.552091294826746e-30
DHRS3,-1.2606136749545165,2.736479621145241e-31,1.5551713563442654e-30
KLF14,-1.8630960538854706,2.835389136460254e-31,1.6103771747577535e-30
AKAP3,-1.4852691934505766,3.0025415588897677e-31,1.7042489552999828e-30
CYP27C1,-1.7330287793467902,3.104630468440687e-31,1.761145470837084e-30
KRT37,1.8633483453175084,3.154492011667394e-31,1.7888229934075257e-30
VIP,-1.725914225071472,3.405785127288007e-31,1.92892055606794e-30
PP14571,2.7184580481677223,3.565059207889113e-31,2.01724503454167e-30
KLB,-3.598072450836005,3.623523838816955e-31,2.049689385891393e-30
MARCH10,1.7022109416962659,3.6254002780552638e-31,2.0501137390941277e-30
CEBPD,-1.475801134886943,3.760927975691848e-31,2.126092296320457e-30
LPPR4,-1.3953980550983287,3.8614298172900206e-31,2.182229337601063e-30
CCDC87,1.4257766611799352,3.8659811711840575e-31,2.1834457107993606e-30
KCNA2,-2.0778259897773537,3.8743242530649907e-31,2.1874790439994427e-30
GPR34,-1.689624274452048,3.999713160630601e-31,2.25687472606816e-30
ADRA2B,-1.62372210430564,4.193153984975409e-31,2.3630954176008473e-30
FAM110A,1.2466246859568564,4.221390679514231e-31,2.3782721924852226e-30
DIO3OS,-1.215621346270467,4.261999083026275e-31,2.4004074662229975e-30
ALDOC,-2.038895746339776,4.495568384449596e-31,2.529608386464791e-30
HIST2H2AA3,2.117459559906438,4.639826857258685e-31,2.609974297981454e-30
ANKK1,-2.0785102443039083,4.731535647756115e-31,2.6599179554078005e-30
C1orf70,-1.3610244130641949,4.768541105642014e-31,2.679066473642024e-30
ACOT7,1.2051619986138782,4.860474966340872e-31,2.7298742922648224e-30
DMBX1,2.152051858269081,4.909902953714651e-31,2.7559347353212393e-30
RHOQ,-1.2286239279216833,4.982125052659086e-31,2.795611046040485e-30
RAB40A,-1.037691414710214,5.36088954270274e-31,3.0072194867740516e-30
LOC100128788,1.1520695096595333,5.3636266406391225e-31,3.0078279648661104e-30
PKD1L2,-2.8905404141037856,5.431980500513439e-31,3.0452214675345282e-30
HAPLN4,-2.148627284934592,5.8155758842749546e-31,3.257259317583293e-30
C13orf18,-1.4390067876635175,6.097969075201422e-31,3.414374994644462e-30
TMEM213,-3.4983281902451706,6.161182502567016e-31,3.4487086437339294e-30
ABHD11,1.1658373603049466,6.164297298286122e-31,3.449391445456572e-30
C18orf56,1.7125285974183488,6.182476297899181e-31,3.458500800573411e-30
SLFN13,-1.9951024646972204,6.262703860017877e-31,3.5012284509798956e-30
AVPI1,-1.256568816598806,6.325871146534345e-31,3.535456938297964e-30
ECHDC2,-1.1140436888157321,6.424022991023062e-31,3.5892108810801966e-30
PZP,-1.5701358918825263,6.429857655230386e-31,3.591368484141108e-30
PSME2,1.067760946027894,6.482009962841104e-31,3.618394506607372e-30
PAR-SN,-1.4438523477432224,6.482219681396825e-31,3.618394506607372e-30
EML5,-1.3753511738716098,6.980639265577887e-31,3.890648394100253e-30
ARL10,-1.4803375075803515,6.991904003179334e-31,3.895733962959088e-30
ANPEP,-2.2445508230096145,7.082861764433632e-31,3.945206018910202e-30
RGS5,-1.359897608940484,7.550817760425314e-31,4.2020035369312744e-30
RASA3,-1.2698301438101005,8.036484198091695e-31,4.4668128811561254e-30
LOC283867,2.0814281166074675,8.619162065678054e-31,4.784830957045978e-30
C5orf41,-1.1427960668803614,9.42004421734275e-31,5.224651580996042e-30
ESR2,-1.7997626960062365,9.963644156194824e-31,5.521102422380955e-30
COL4A4,-1.8636477735424064,1.0096044289144957e-30,5.59276610454369e-30
TMEM74,-1.4569322143290309,1.0814176258044708e-30,5.9887572383689626e-30
DNMT3B,1.2888828120939104,1.086569257641799e-30,6.015456264249899e-30
CYP2B6,1.9846593346617,1.0878569356657707e-30,6.020753967748259e-30
RAB19,1.7211385601663354,1.1438593394671776e-30,6.324930606415867e-30
C5orf62,-1.3202588148661505,1.1700650628412927e-30,6.4659059923801e-30
C16orf71,1.3731498700511136,1.181388054794662e-30,6.526496740949083e-30
PLA2G5,-1.9401217101273485,1.210557449758147e-30,6.68561203214428e-30
CD40,-1.0989436801524723,1.277443906947374e-30,7.050731181977881e-30
DMRTA1,-2.350494884345491,1.3038602025275279e-30,7.1921718989723e-30
GPLD1,-2.535203261717056,1.357609111681576e-30,7.486385537697586e-30
GBP2,-1.2610851251840938,1.3727654299006492e-30,7.567670842059817e-30
DGAT2,-3.0124930867192248,1.4028862549818333e-30,7.724361312593561e-30
SPATA18,-1.9185283895001293,1.4267992670441596e-30,7.851277828901099e-30
PSAT1,-2.136818361777702,1.4296930017818262e-30,7.864823726634809e-30
IFI6,2.427338088018711,1.4440783271787462e-30,7.939159706926825e-30
ADRB1,-2.7888901888590483,1.473469131511035e-30,8.098296679014303e-30
C19orf51,2.155089443818765,1.4923021840407478e-30,8.199328903137256e-30
ISG15,2.606511119293076,1.5038141701058398e-30,8.260087307916898e-30
LTC4S,-1.4815622628432803,1.580177665701966e-30,8.663847605052075e-30
CSMD1,-2.6723199644806384,1.5825338045770542e-30,8.674153220330056e-30
LRRC45,1.368759646539031,1.6669837781837063e-30,9.128792332815285e-30
DOCK11,-1.9581443818764637,1.6802829070902114e-30,9.198854062485149e-30
SMYD3,1.0286524213809223,1.6855839093226222e-30,9.225100391280725e-30
NCRNA00110,-2.657600368188513,1.770868138213616e-30,9.686031466316843e-30
C6,-3.571947704236334,1.7926299369911867e-30,9.80211557316028e-30
XDH,-3.243403521614833,1.865994229037966e-30,1.0194085519561254e-29
C2CD2,-1.4206023780646309,1.8716536340670864e-30,1.0221935523829334e-29
MBOAT7,1.0673501732651811,1.881463407412727e-30,1.0272429035733015e-29
AIM1L,2.172448245690028,1.890920190627636e-30,1.0320965586205355e-29
ARHGEF37,-1.5248757125530616,1.9521624546639657e-30,1.0648850213439666e-29
HGF,-1.6244873603049461,2.0999803357322354e-30,1.1444892829740683e-29
KCNA5,-1.577106709694187,2.1693818893778414e-30,1.1812521248084011e-29
FAM173A,1.2849930390712991,2.193024211042248e-30,1.1930549824746576e-29
THBD,-1.4095645412804299,2.2900817707458925e-30,1.2443689096384323e-29
C1QTNF4,-1.5829219397037162,2.3141634774260892e-30,1.2570790146101791e-29
FAM55D,-1.5592794464177424,2.4250741099473072e-30,1.3169338909120177e-29
CAPN9,2.7753789439487138,2.5394730670212472e-30,1.376594051190821e-29
PDGFRL,-1.7870959412631038,2.5846553284874894e-30,1.400669274916873e-29
PTCHD3,-2.432492168413757,2.6704417922647156e-30,1.4467277364462685e-29
RNASE4,-1.309251923243524,2.6728531659660917e-30,1.4476032781934177e-29
TLE2,-1.1497714675560946,2.691716193484102e-30,1.4573857784054465e-29
SLC29A3,1.0544087758814875,2.7482636911309772e-30,1.4866758980581627e-29
MAGED2,1.1542332755782745,2.819407341661057e-30,1.5233503069236043e-29
C13orf36,-2.5508603352681276,2.9091176348787024e-30,1.5713551426616326e-29
FRMPD4,-1.560787511911981,2.9979840690079147e-30,1.6183957297790948e-29
C17orf37,1.3072661136619637,3.00225513694597e-30,1.6202208792714941e-29
HLA-E,-1.0514768171185995,3.0202940874571613e-30,1.6294728296971758e-29
AQP7P3,-2.8664024300441824,3.233592897453686e-30,1.7435157438492134e-29
LEMD1,-1.8351883609113742,3.268945272978529e-30,1.7620553984017818e-29
ETV3L,-1.761182370267695,3.2756968030571714e-30,1.7651719628789132e-29
SLC24A2,2.4140212076583216,3.2972007764182025e-30,1.7762339666510962e-29
LOC100302650,-2.115363423720004,3.304808098713146e-30,1.7798053793158403e-29
SPEF1,1.8220608464004169,3.3064238624412954e-30,1.7801488780839663e-29
ELANE,-1.675654929394438,3.320297816923029e-30,1.7870899219825517e-29
LOC399815,1.5549503941782898,3.401647069502985e-30,1.8287118017177448e-29
ZNF552,1.41695844667764,3.494988704247473e-30,1.8783371533338277e-29
SPOCK3,-2.6536954257991847,3.576263594399657e-30,1.921450006164609e-29
HIST1H2BE,1.50551011868665,3.706110575969395e-30,1.9900392570610883e-29
GPR182,-1.8422936888157329,4.1594729425057616e-30,2.2308451965949434e-29
UNC5B,1.2936899636143142,4.168722909025504e-30,2.2351476616492268e-29
GBGT1,-1.0352626396950555,4.636591679468164e-30,2.4823493629811472e-29
MCC,-1.2010582864073474,4.641514509882179e-30,2.484254296482955e-29
DEGS2,2.2136987178376524,4.76166867464045e-30,2.547814664446799e-29
STX1B,-1.383098587888763,5.177613506228441e-30,2.7663075624853625e-29
HOXD4,-1.6411224075197084,5.2044216369649236e-30,2.77981476108194e-29
PSMD3,1.0656236766871672,5.274206488688017e-30,2.8162622679257256e-29
NCRNA00093,-1.7647756692367664,5.304949548816965e-30,2.831847408713056e-29
TMEM141,1.0004517023304125,5.8785922207279665e-30,3.1362255039247123e-29
BCHE,-2.5491362557394086,6.0965218098633725e-30,3.251537840754262e-29
KLRB1,-2.0204934159230703,7.147830090860782e-30,3.806669138207689e-29
EFEMP2,-1.1183891579312153,7.76808017003592e-30,4.134572027343973e-29
FSTL1,-1.5061818591354026,7.851152318437995e-30,4.1775657893167733e-29
SH3RF3,-1.229814177423548,7.948760867779683e-30,4.2282669221564457e-29
GAB3,-1.214487182708134,8.33047090706384e-30,4.42743246485498e-29
PRRT4,-3.0676716928008307,8.596902350708513e-30,4.567700335374987e-29
HIST2H2BE,1.6191514164428664,9.085228908976537e-30,4.824341360271292e-29
DPYS,-1.7410653123104907,9.32489795615769e-30,4.9472782715225427e-29
IL7,-1.4198906133587452,9.442344500347323e-30,5.008129281463354e-29
LOC646982,-1.1972377111669408,9.481199568554737e-30,5.0272728152170654e-29
ZNF483,-1.6943605908342727,9.665654855921755e-30,5.123585187604651e-29
CAPSL,2.3351456727020703,1.0074573506485102e-29,5.334132098270747e-29
C19orf76,-1.5154542276704515,1.0502838352256614e-29,5.555194576506178e-29
LOC653501,-1.0941364160097011,1.0769183366839712e-29,5.693623143380287e-29
AMZ1,2.466578645066274,1.0892453781514716e-29,5.75545242917017e-29
C9orf7,1.1324073897600293,1.2332327372878347e-29,6.512484919306775e-29
SLC5A4,-1.5603901758641603,1.2507953677454983e-29,6.603314408083325e-29
RHOXF1,-1.9612785627653126,1.285462451841675e-29,6.78239797416638e-29
PDGFC,-1.1226703240058882,1.3889087886929292e-29,7.313366121081108e-29
TANC2,1.133568171185999,1.389487328560221e-29,7.314296657542425e-29
RHCG,-2.359656402148488,1.4596413215132266e-29,7.67692891519944e-29
NIPAL1,-2.1956202027202636,1.4743830393939817e-29,7.749983963640962e-29
PCDHGA7,-1.688988404227671,1.4877045651612877e-29,7.817750057630173e-29
ACSL1,-2.131255176297323,1.4929399004516354e-29,7.842997116283151e-29
C8orf42,-1.5815467772676088,1.5061595103856097e-29,7.910162021797245e-29
FAM181A,-1.2014588755089664,1.5358249895460505e-29,8.061309770676689e-29
ITGB3,-1.5833460712119907,1.5406365990470562e-29,8.084234076809906e-29
NYNRIN,-1.1675697132461256,1.6088026297998612e-29,8.439491144163364e-29
MYC,-1.454369643940046,1.6261942388144833e-29,8.528266703872094e-29
GALNT12,-1.7646305986312054,1.655891617851444e-29,8.681507810987856e-29
IRF7,1.478512327817727,1.682468226967701e-29,8.815765439117174e-29
CDH20,-2.519729424759593,1.6992315690596877e-29,8.901039496861437e-29
APBB1,-1.0978992246383115,1.7193028023411446e-29,9.003587143560372e-29
SLITRK3,-1.8563275621588848,1.8098587293188535e-29,9.475081521366434e-29
CLDN2,-2.1786698865113054,1.967734898145025e-29,1.0289766834511315e-28
FAM108C1,1.2057473403794514,1.9722890186227173e-29,1.0307727533414356e-28
HDAC11,1.1254280949493207,2.0166189253332568e-29,1.0536312944271318e-28
BAHCC1,-1.3598584899939343,2.0289626247050972e-29,1.0597763746773855e-28
NCRNA00095,1.1310443082387591,2.0298107677181605e-29,1.0599152439694114e-28
ZSCAN12P1,1.1931082604175698,2.0486688467020442e-29,1.0694556643681478e-28
ZCCHC11,-1.2082144286580583,2.0642309835909212e-29,1.0769617825825606e-28
ARHGAP25,-1.0907858702243791,2.1191667093195715e-29,1.1049897338798098e-28
KCNN4,-2.193368522047992,2.202787047771655e-29,1.1482626755609232e-28
APOLD1,-1.9346609676860425,2.2517239282926056e-29,1.1731004770094533e-28
PAM,-1.2271144329896906,2.304671482624863e-29,1.2003414877888522e-28
FAM188B,-1.3215447543966032,2.3471671553860344e-29,1.2221248206376425e-28
ZEB2,-1.4804850861994314,2.394425090429423e-29,1.2460182939132873e-28
TTYH2,-1.073965910075371,2.4126881204885515e-29,1.2551632425622493e-28
SLC34A3,1.31637072251581,2.5382982942427224e-29,1.319378750716741e-28
BHLHE22,-1.6186780473013949,2.5402291035893395e-29,1.3200054345599985e-28
IL15RA,-1.105985220479944,2.574952898428691e-29,1.337667454626069e-28
CCBP2,-2.0055506280862847,2.5927031144002486e-29,1.3465042736498638e-28
ST8SIA2,-2.8445341462358145,2.6551824229308843e-29,1.3781661147593638e-28
CD79B,-1.857976336307721,2.6669422305340246e-29,1.3838754111291577e-28
NOG,-1.341714073464437,2.672547821212201e-29,1.3863889424202252e-28
GFOD1,-1.2506536039157936,2.674418208087247e-29,1.3869639499091785e-28
PYGO1,-1.569707329117215,2.828816373465372e-29,1.4653655220885078e-28
NHEDC2,-1.2367663735597327,2.887296664529722e-29,1.4952336041090903e-28
SPNS3,-1.4631997097808196,2.928838590841724e-29,1.5163153830799746e-28
DCX,-3.1411537425279383,2.9747067690546134e-29,1.539186677575359e-28
NMNAT2,-2.548719968812267,3.04106194103592e-29,1.573073330851857e-28
PADI2,-2.2921777570822144,3.1658593856142413e-29,1.6366980515858004e-28
HRC,-1.6243094516156966,3.185239473624416e-29,1.6462496916066225e-28
PKHD1,-2.3187781339339857,3.1898673449663273e-29,1.6481735816185653e-28
C2orf74,-1.4547500736377028,3.212089272310632e-29,1.659184478543429e-28
GRIA1,-3.0361052196136185,3.2424927803702276e-29,1.6739391968542046e-28
CIB2,-1.4128731568916226,3.3227662937153484e-29,1.7144080171343674e-28
OR10A3,-1.0386065624187817,3.4576972611999457e-29,1.7812105673269696e-28
RALGPS2,1.160205895347831,3.4655297010704616e-29,1.7845272177817712e-28
COL27A1,-1.7926544789049625,3.474974134956989e-29,1.7888844507528867e-28
AURKAPS1,1.0021583990297156,3.515358127605681e-29,1.8091621146962457e-28
WDR90,1.1236047907822915,3.524600209075404e-29,1.8134058113566867e-28
ABCC9,-1.931653915793123,3.6273078293949273e-29,1.8636151402335834e-28
C1S,-1.6069892922117344,3.7331619964838584e-29,1.9174590243226771e-28
TCF15,-1.9075159533916652,3.9584239571296475e-29,2.0302956126128762e-28
CRIP1,2.009286866499176,4.0134026178292924e-29,2.0570835157168067e-28
SETBP1,-1.2961728320194048,4.014041997377409e-29,2.0570835157168067e-28
OLFML1,-1.4688646495711648,4.0556068082472263e-29,2.0772147082308456e-28
PLA2G10,2.1804154639175257,4.0547718260353835e-29,2.0772147082308456e-28
PDE5A,-1.6145385471714455,4.545538370290399e-29,2.3242257009661836e-28
KLF10,-1.0176826128389465,4.59393294241852e-29,2.3483111864881862e-28
ZNF300,-1.4455845360824737,4.69282338547983e-29,2.3981882112826876e-28
IGFBP3,-1.2136313869877853,4.7219706516091306e-29,2.412406168151586e-28
TNFSF4,1.6968323875942142,4.7850592927784026e-29,2.4432660394514802e-28
GIMAP4,-1.179334375812184,4.863417318954968e-29,2.4825795136549995e-28
EID3,-1.155972658754223,4.9837656374502013e-29,2.542586488186828e-28
UTS2D,-1.6062928181581908,5.418894226383364e-29,2.7622551554986384e-28
RNF182,-1.6116536515637168,5.473425930438536e-29,2.7892713385154726e-28
TAF4B,-1.2794960019059163,5.774140346635608e-29,2.9408695223785103e-28
POMC,-1.4865591613965174,5.907815930356171e-29,3.006429225056566e-28
TKTL1,-1.3863880317075286,6.152283279682526e-29,3.1273390823809273e-28
RTBDN,2.709553374339426,6.433273302935695e-29,3.2674350985864528e-28
GLDN,-2.2174439227237297,6.57494284705452e-29,3.3365956131846507e-28
KLK13,-2.3143826648185044,6.579648265891812e-29,3.3380528813831843e-28
PTPN1,1.0451354283981615,6.849755673165728e-29,3.4731504879842826e-28
C2orf84,-1.9382791691934507,7.101781534761817e-29,3.599936766284304e-28
CASP10,-1.2063304253660219,7.133773501480606e-29,3.615146966799874e-28
FRMD6,-1.0840559343324987,7.158346256077719e-29,3.6265899498854077e-28
CNKSR3,-1.406225478645065,7.363510450528471e-29,3.729493064300773e-28
THRB,-1.4625841548990746,7.382613486820457e-29,3.7381283254685054e-28
CD80,1.8746646452395392,7.98170727296572e-29,4.0381049885990827e-28
SPINK5,-2.6607839556441135,9.719756629828916e-29,4.913322130874084e-28
MS4A15,3.450593255652777,9.736701942930032e-29,4.920521528793875e-28
FN1,2.4234085289785945,1.006687448031087e-28,5.084553722671997e-28
MBNL3,-1.8337614918132212,1.0085789616603322e-28,5.091281985330845e-28
NR4A3,-2.626929247162784,1.008437658217762e-28,5.091281985330845e-28
GJB5,-2.110659356319848,1.0525444911264694e-28,5.310273661855633e-28
SLITRK2,-1.8242151910248636,1.0713972465403367e-28,5.403891404481505e-28
NLRP3,-1.3559292731525607,1.1587388903860244e-28,5.836337582096514e-28
C8ORFK29,1.4830222559126747,1.1659505898354715e-28,5.871036953464755e-28
PHYHD1,-2.197991076843108,1.1995756131640872e-28,6.03701268632178e-28
ACO1,-1.5518308671922387,1.2162379343748568e-28,6.117485249910339e-28
PGAP1,-1.2995405787057095,1.2731924191450423e-28,6.400420216983487e-28
TRPA1,3.397306077276272,1.3257172850302753e-28,6.660787121006376e-28
ADORA2B,-1.514063025210083,1.3715961263130683e-28,6.887493596490147e-28
ZNF676,-2.2008813869877852,1.402576949842801e-28,7.0391806501209e-28
CRABP2,1.7433243307632313,1.4409604134473533e-28,7.229824257437202e-28
IL3RA,-1.2286609763493033,1.5023075558385724e-28,7.531397532065418e-28
CA6,-3.3753261110629817,1.5297061500322079e-28,7.666641257994571e-28
FLJ45983,2.3974204409598894,1.7072170392798152e-28,8.551588268027098e-28
GYPE,-1.4280425495971594,1.7806822468796555e-28,8.91222406927423e-28
SLC39A6,1.6987777570822136,1.8085060789825914e-28,9.048992896019822e-28
NPY5R,-3.143067647058824,1.8198607179766522e-28,9.103304382887882e-28
CFTR,-2.4741354110716456,1.852820843049235e-28,9.265631265391545e-28
THRA,-1.000885584336828,1.8669190153162392e-28,9.333569578632657e-28
CACNA2D1,-2.3791263493026076,1.9330710832387085e-28,9.658987902331652e-28
PER2,-1.1626918868578375,1.9984902610674199e-28,9.977651734012684e-28
GLP1R,-2.3290188555834703,2.0048578831284827e-28,1.0006698120808272e-27
SLFN12,-1.157119565970719,2.023908087707297e-28,1.0099012861989016e-27
P2RY14,-1.5889808152126825,2.08472135155601e-28,1.0396762400650423e-27
PHLDB2,-1.4752808715238679,2.1313435802748196e-28,1.0626361871197628e-27
FRMD1,-3.092275482976696,2.166011900724578e-28,1.0793297188308101e-27
HIST1H4H,2.35912350775362,2.2237142694731266e-28,1.107779716672669e-27
SDS,2.5293480724248463,2.282412087792024e-28,1.1363989943675659e-27
TRIM22,-1.1225085463051183,2.297107425290544e-28,1.1430903899005952e-27
ZAK,-1.1981594039677699,2.322511474698322e-28,1.1554161348437702e-27
CCDC80,-2.0286070042449946,2.3736644909923646e-28,1.179896633793938e-27
SSX2IP,1.0773065017759667,2.40740640758625e-28,1.1953633070728998e-27
CHRNA7,-1.5572404357619334,2.494268940108215e-28,1.2381559181017136e-27
LOC100271722,-1.0621108030841198,2.4981355776753094e-28,1.2397372388337965e-27
SLC19A2,1.1152020705189312,2.5445364475164064e-28,1.2624201949888566e-27
IL20,3.1010422160616833,2.7512917391044437e-28,1.3638824489901468e-27
PEBP4,-2.3223935718617343,2.8083269820723933e-28,1.3910197565894905e-27
C19orf45,1.5803627133327556,2.8208154114096224e-28,1.396825433457273e-27
CES4,-2.738418132201334,2.916417105340363e-28,1.4433806571101313e-27
AKR1E2,-1.708980135146843,2.9408302411589783e-28,1.4550674878993446e-27
LOC728723,-1.1123718357446055,3.004185682621483e-28,1.486010651651056e-27
DYNC2H1,-1.1317346920211424,3.0260686344438147e-28,1.4964283442754891e-27
FRMPD1,-2.091212734990904,3.0443887480751264e-28,1.505078989169243e-27
GABRA2,-2.3083788183314558,3.287228875328118e-28,1.624251553137832e-27
GCNT4,-1.7766361431170408,3.340873114893041e-28,1.6498619997395013e-27
TCF4,-1.0939500129948883,3.7651898888074836e-28,1.85538038835849e-27
TTN,-1.2742649441219767,3.830276679797392e-28,1.886942527803841e-27
ELL3,1.0551304383609112,3.8914885158322715e-28,1.916579151885683e-27
AIF1L,-1.6040105735077521,4.223313085115424e-28,2.077194490363579e-27
CDKN2BAS,1.5741011608767221,4.255806691685211e-28,2.092610729571742e-27
DPY19L2,-1.8241853244390533,4.58341735644997e-28,2.2518743897289827e-27
FZD8,-1.324257870570909,4.779386741671397e-28,2.346889043934298e-27
PDE1B,-1.6559527462531403,4.958363746668042e-28,2.432150236610034e-27
LGALS7B,-2.7019215195356496,5.312221409584363e-28,2.6008167379952708e-27
CACNG1,2.4499982716798057,5.33837919915196e-28,2.6129205851616864e-27
SOX5,-2.0380168630338735,5.377963476293243e-28,2.630173808677214e-27
C12orf39,-3.8590575370354325,5.477995724968516e-28,2.6769384209826014e-27
TMEM139,-2.1484209694186953,5.650112974025195e-28,2.760306131674198e-27
ADAM8,1.8426783591787244,5.6791281017289225e-28,2.7737367543807776e-27
CLU,-1.5257355626786762,5.691192724028237e-28,2.778883614685783e-27
LOC154822,-1.8457233691414703,5.694673137251034e-28,2.7798373590072556e-27
RNF128,-2.0634621328943945,5.752325269351721e-28,2.8072272621450233e-27
CAND2,-1.451371666811057,5.887488171944422e-28,2.8701110657178446e-27
SIGIRR,1.0658475439660418,6.354579207903809e-28,3.0961564593542033e-27
PCDHGB3,-1.4489910595165894,6.828738651405777e-28,3.324512695146814e-27
GRIK5,-1.8887638785411074,7.2012873913028155e-28,3.503074141739315e-27
LRRC56,1.617860998007452,7.431651467496534e-28,3.613203837148488e-27
ASB2,-1.6032899029714964,7.94299978654841e-28,3.859755075134562e-27
MANEAL,1.3247026206358816,8.177554386446741e-28,3.9716121263738e-27
GFRA3,-1.8152047864506626,8.78555343070551e-28,4.2623515218318875e-27
FOXA1,2.4496275838170316,8.893641629707665e-28,4.312492237228786e-27
HEPH,-1.2071612145889272,9.210685226897222e-28,4.46503603688975e-27
MAL,-1.8304540933899327,9.243119307603109e-28,4.479566047824797e-27
KRT23,-3.2053407779606697,9.463750420830397e-28,4.58283184119116e-27
RUNX3,-1.41504409165728,9.647439491026985e-28,4.668680016324122e-27
COL11A2,-1.640102031534263,1.0023505804171012e-27,4.847446231491098e-27
SMO,-1.259449922030667,1.0090932729064845e-27,4.8787582594201165e-27
HIST2H2AC,1.3368492679546042,1.0126726748279374e-27,4.894763860831902e-27
MMP23B,-1.7426607900892321,1.0399376999597429e-27,5.021216432988647e-27
KIAA1239,-2.748702430044183,1.0490185713267045e-27,5.063719186915938e-27
HSD11B1,-2.630505964653902,1.0707873297646085e-27,5.166059306574389e-27
PLCB1,-1.7762244867018966,1.0819994290740852e-27,5.2160051926471324e-27
FAM7A3,-1.4041087282335618,1.0914678073976856e-27,5.2588640810111356e-27
LOC400927,-1.3469500519795528,1.1241030539829112e-27,5.413240182976437e-27
CCR8,2.0842376202027193,1.1506665293996304e-27,5.536765221956509e-27
LPAR1,-1.2232600840336136,1.1699219122990425e-27,5.626443479413334e-27
TSPAN8,-3.29820412804297,1.1911062504901336e-27,5.726811166844136e-27
PCBP3,-1.9705307718963883,1.205853542464984e-27,5.796184851726989e-27
ZSCAN4,-1.2624847353374336,1.2151174580978866e-27,5.8391718821953085e-27
KIAA0754,-1.764949449883046,1.2222585454243295e-27,5.871937794235701e-27
TCP11L2,-1.1415381919778218,1.2526456502124885e-27,6.014747763338942e-27
DUOXA2,-1.20589852724595,1.3083201627041466e-27,6.27710909902572e-27
FAM46B,-1.9595949449883046,1.3101333934718316e-27,6.2841523481864954e-27
ESRP1,1.8154156718357441,1.320541012426353e-27,6.332404649419627e-27
CENPP,1.1328828380836882,1.3292802349000822e-27,6.371019493194576e-27
AVPR1A,-1.6987394568136525,1.3292936348488163e-27,6.371019493194576e-27
VEGFC,-1.026903088451875,1.3753659241958963e-27,6.588364715299447e-27
ZFP2,-1.0383698995061952,1.4327656713605388e-27,6.85791046957031e-27
TEAD1,-1.0760831586242752,1.4958820298073701e-27,7.156252454292656e-27
PCDHB16,-1.4062389066966992,1.5789557621817291e-27,7.54772367095431e-27
KLRF1,-1.6393722125963788,1.5909660980785708e-27,7.603138850964617e-27
LCN2,-3.033491583643767,1.5960225747016053e-27,7.625301555720032e-27
C19orf12,-1.0286095165901408,1.7501525968308335e-27,8.348539758939116e-27
NTN5,-1.6478462964567266,1.7707025662067905e-27,8.44214217199115e-27
TOM1L1,1.0750238412890951,1.7703631552737154e-27,8.44214217199115e-27
LOC342346,-1.161919734904271,1.8457399079811055e-27,8.795288886120436e-27
GPC5,-1.1704143463570995,1.8563432302674967e-27,8.841186766237373e-27
SLC1A4,1.143307060556177,1.8578243624938386e-27,8.84592646363467e-27
LIPG,-2.073204262323486,1.8801978922161392e-27,8.95011564644623e-27
STXBP1,-1.1544420514597586,1.895720520668807e-27,9.02164722555145e-27
CEACAM5,4.167825816512171,1.908206265693053e-27,9.078692800420972e-27
NGF,-1.4567603482630167,1.9090710444798062e-27,9.080433818308313e-27
C6orf126,2.177579260157671,1.9498333644054632e-27,9.271895698085853e-27
MMP19,-1.1189583990297152,1.9685128499695847e-27,9.358276157742582e-27
PLCZ1,-1.083469089491467,2.0715967703756154e-27,9.84319394704968e-27
TNNI3K,-1.8969734384475454,2.1299896011344746e-27,1.0115366738703585e-26
CDK5R1,1.241965065407606,2.19021570758017e-27,1.0395957372902695e-26
TMEM37,-2.2422565017759686,2.1914564364621474e-27,1.0399134909520455e-26
KRT18,1.7496963484362826,2.2768786250831385e-27,1.0796046265274387e-26
GATA6,-1.4039763363077205,2.308666301327696e-27,1.0943919969548973e-26
IRAK2,-1.1421916226284328,2.3159070377054408e-27,1.0975385526517089e-26
LRTM2,2.5057948366975658,2.507438262927732e-27,1.1870714876482056e-26
PM20D1,-1.846805171965694,2.5503097074022455e-27,1.207053759850314e-26
MYOZ2,-1.5108549813739933,2.6109331527146612e-27,1.235425427056537e-26
CFP,-1.955724057870572,2.6200657751239495e-27,1.2394245661273714e-26
ALB,-4.368174551676341,2.669260104511367e-27,1.2617123262119038e-26
KCNE1L,-1.7044966733084987,2.6860241237654235e-27,1.269306778943458e-26
CITED1,-3.144691111496144,2.753930316711095e-27,1.3010587478612007e-26
KRT8,1.7926637355973316,2.828122877680895e-27,1.335070558672856e-26
HIST3H2BB,1.6765954604522217,2.8798917566072337e-27,1.3588042935593955e-26
LMNB2,1.0175818894568138,3.012899262464953e-27,1.4204559770694003e-26
LZTS1,-1.2878361604435593,3.0185468030322545e-27,1.422750063583535e-26
AOC2,-1.9749287360304937,3.056127480740083e-27,1.439717612109517e-26
IRF9,1.109993827427875,3.0650618953215326e-27,1.4435529542183145e-26
ICAM4,-1.3313341245776662,3.144869558627099e-27,1.4807568695211868e-26
C9orf163,1.214121043056398,3.1613220100383034e-27,1.4877338301118727e-26
FZD5,-1.1017487178376495,3.1789043423908213e-27,1.4956214976619313e-26
C16orf86,-1.1881828077622796,3.190607115616393e-27,1.500739569136052e-26
FOXJ1,2.9081581477952003,3.221051773256408e-27,1.5142769997052272e-26
SH3KBP1,-1.059909958416359,3.269178753410626e-27,1.5365055731560452e-26
FILIP1,-1.355211474486702,3.434301245087873e-27,1.6120316029998594e-26
C9orf117,1.1961754873083246,3.502399654748302e-27,1.6427256097754017e-26
KPNA5,-1.2108555964653922,3.520404410692066e-27,1.6507450151423926e-26
ZNF703,1.5859055921337601,3.568827363358191e-27,1.6730199457947246e-26
MYO9A,-1.1418406696699286,3.6473097748055706e-27,1.7089312697756964e-26
RNF144A,-1.0303388070692172,3.672673868392741e-27,1.7203726820986377e-26
DGKB,-1.2384820280689595,3.97668549485119e-27,1.8584751235629324e-26
EMX1,2.438087239019319,3.9980339760888576e-27,1.8679725992491138e-26
ARC,-2.6075804123711346,4.073443258808918e-27,1.9022290313006347e-26
CAPS,1.9995772935978513,4.0790171059439085e-27,1.9043433798280833e-26
ASB4,-1.0711449060036387,4.132788536868826e-27,1.9284580809183093e-26
FMO1,-1.728914207744955,4.1458408284473806e-27,1.9340528088218264e-26
CHRNE,-1.1542081304686822,4.169741168388966e-27,1.944205903898165e-26
EGFL7,-1.378403512951576,4.1881470104315344e-27,1.952287836898469e-26
LOC100240726,-1.4281549987005113,4.371393513952488e-27,2.036664349487513e-26
FLJ43663,-1.0711349822403173,4.405708453122356e-27,2.052126688131685e-26
CCL11,2.4119091873862946,4.421653605217202e-27,2.0590268758191027e-26
ZNF389,-1.369536762540068,4.488003446506166e-27,2.0893894306074613e-26
SGCA,-1.8762956467122933,4.6380343161933446e-27,2.1559279534644395e-26
S100A6,-1.2726374945854655,4.8161980399376944e-27,2.2376021674575257e-26
KANK4,-2.191948938750757,5.0405361902335805e-27,2.3370575718497673e-26
ASS1,-1.9417449796413422,5.105116199593137e-27,2.365795065712675e-26
SFXN2,1.1014738456207214,5.1341437074380804e-27,2.3786413312928322e-26
FAM65B,-1.5375133500823024,5.414156423352873e-27,2.5070946164917922e-26
ACADS,-1.5108792774841886,5.5141002805880845e-27,2.5520764659940226e-26
RASSF6,-2.435587516243613,5.783112486994029e-27,2.6731842712227605e-26
LDLRAD2,-1.3684340812613716,5.843138453991936e-27,2.7002449677079264e-26
NPNT,1.6271344277917361,6.030373994011689e-27,2.784649868416915e-26
FST,-1.7651734990903574,6.028853878846097e-27,2.784649868416915e-26
OBSCN,-1.6681509139738369,6.637847478911769e-27,3.061280406856623e-26
KCNJ8,-1.3167160616824027,6.886595968185732e-27,3.174391147350845e-26
C19orf77,-1.4549945551416432,7.003307518599177e-27,3.2257390374762354e-26
LMO4,-1.2013738412890937,7.117178129184407e-27,3.277358803074722e-26
MYOZ1,-1.6063915533223603,7.467117638495404e-27,3.437631319512692e-26
COMP,3.8867567183574474,7.84473901971157e-27,3.608738548794787e-26
FGF10,-2.6533046608334043,7.86306165955035e-27,3.616253445901845e-26
MYO7B,-1.4767918522048002,7.928714555845494e-27,3.644605834849887e-26
CNTN4,-2.031638278610412,7.958532433607329e-27,3.6573886869213385e-26
GABRA4,-2.0168938447543967,8.130139090213985e-27,3.7338402911941106e-26
COX6B2,-1.8516592436974793,8.420808045445112e-27,3.8630032472590065e-26
ADRBK2,-1.2211249458546298,8.661046729093726e-27,3.9722104713956435e-26
MATN4,-2.0362483020012134,8.682093296905571e-27,3.9808600575207085e-26
CA13,-1.4466315385948203,8.842765140342221e-27,4.0535092885834666e-26
PVRL1,-1.1402887464264087,8.867955858910334e-27,4.0640332452100904e-26
KCTD8,-1.3480973317161915,8.948274789142515e-27,4.099809866266328e-26
CLGN,2.483239920298014,9.190223655426596e-27,4.20960345243408e-26
FAM101B,-1.0627673655029017,9.542945729340147e-27,4.3689698468606314e-26
RAB3C,-2.0670595382482886,1.0099299571864665e-26,4.6190339222777007e-26
TPBG,1.011438139998269,1.0149539502816795e-26,4.640845706349513e-26
CDKN2D,1.2067933942649205,1.037876557005505e-26,4.744466842584432e-26
FOXI2,-1.57509832365936,1.0630368843886025e-26,4.8582627181837135e-26
HIST1H3B,1.1114567616737414,1.0659153667505741e-26,4.8689730040051947e-26
LETM2,1.411592038464871,1.0771387945895086e-26,4.9190058900935334e-26
RPE65,-1.8816768387767482,1.0837580834233477e-26,4.9467523552044124e-26
PMAIP1,1.4824626743480884,1.142162521682622e-26,5.209417284437175e-26
NPAS2,-1.36297232955038,1.144231622041825e-26,5.217547148303442e-26
CD82,-1.2495960798752463,1.1806920782155285e-26,5.3797591739067e-26
HEG1,-1.0540989517456474,1.193270206915885e-26,5.434350156740018e-26
ARSJ,-1.4068568223165556,1.243281710932628e-26,5.660694593323318e-26
MBOAT2,1.2627954387940736,1.2863738465049195e-26,5.852502656318183e-26
CDH17,-1.4224989257558693,1.371444734326204e-26,6.230199276001969e-26
NNMT,-1.3972068613012194,1.399125734555658e-26,6.35277768673401e-26
ZMYND15,-1.1802222948973382,1.4170223554742778e-26,6.432433400672888e-26
TSPAN18,-1.1469592523607375,1.4684717383398284e-26,6.660999514826788e-26
SLC7A13,1.5155251451095904,1.5038179629853525e-26,6.815318590635161e-26
LRAT,-2.4601671229316455,1.6460287799286127e-26,7.455253018422627e-26
GPBAR1,-2.100451022264575,1.675476534797228e-26,7.586741135053219e-26
KLK1,-1.7901611669410042,1.696716164771985e-26,7.679096058514283e-26
TMC2,-1.8636833102313093,1.70898212367488e-26,7.730765804486541e-26
RBL1,1.0029955644113295,1.7294045806769537e-26,7.821205362003128e-26
TOX,-1.607654305639783,1.7600336711784184e-26,7.955771769669915e-26
DUSP13,2.177310045048947,1.8448169354721302e-26,8.334872841002528e-26
RHBDL1,1.695708108810535,2.007379518460495e-26,9.064829911817512e-26
SLC16A3,1.8773837563891531,2.2269755222381635e-26,1.0046501965626095e-25
RGS9,-1.9949003465303647,2.3606737156552845e-26,1.064173938733857e-25
CLCN1,-1.5647977735424052,2.406899969774286e-26,1.084475251232706e-25
DDIT4L,-1.6993476002772239,2.496155031405059e-26,1.124412522560413e-25
SEC31B,-1.3011242051459764,2.5329304533565062e-26,1.140131875431466e-25
REM2,1.3620480724248454,2.6762776891157687e-26,1.203762855818491e-25
COMTD1,1.2493297409685535,2.6950642313535196e-26,1.2116140825716998e-25
SLC13A2,-3.4339275015160684,2.744229259008529e-26,1.232803682175031e-25
YDJC,1.0942216754743148,2.764976089017194e-26,1.2418174129874164e-25
RCC1,1.4679544659100774,2.833498539951963e-26,1.2719648316336766e-25
WISP1,2.412060092696871,2.8772846213662025e-26,1.2909837802003694e-25
IL4R,-1.024120700857658,2.975934039934345e-26,1.3342592938158838e-25
GJB3,-2.080538681451963,2.9835566634121675e-26,1.337347499238899e-25
PDE4B,-1.6582111885991502,3.0236145801383827e-26,1.3549693796715652e-25
FAM84B,1.0742530711253604,3.124531002681636e-26,1.399159602504645e-25
B4GALT6,-1.233400957290132,3.157806782127774e-26,1.4133650566774496e-25
GCNT2,-1.7196202763579675,3.3391407681023437e-26,1.493057710679611e-25
PVT1,1.4824419778220577,3.365380382406471e-26,1.5040515369738522e-25
RARRES2,-1.826882227323921,3.382345145611703e-26,1.5108915014863761e-25
S100A1,-2.479067447803865,3.5949403134384975e-26,1.605069868175643e-25
ITIH2,-3.416380221779434,3.600761315791727e-26,1.6072746010631878e-25
STX11,-1.7499830633284246,3.713533550207442e-26,1.6563942958692984e-25
ROCK2,-1.0818901498743827,3.731272946603265e-26,1.663491585770738e-25
SLFN5,-1.3942662392792151,3.8363301619615254e-26,1.709491259196711e-25
SCT,1.7180157671315945,3.8480828041680874e-26,1.7143086462132083e-25
PDE3B,-2.8373491336740875,3.925631818203896e-26,1.7484285780955597e-25
CD248,-1.623830031187735,3.942472457365266e-26,1.7554996609936383e-25
SIRPB1,-1.2825405657108204,4.0740588083071046e-26,1.8127619772088542e-25
RIPK4,-1.966858494325563,4.153912820602767e-26,1.8469388146905757e-25
CCNA1,-1.5788680499003727,4.3311258985582994e-26,1.9243223024519581e-25
SEC14L5,-1.8099654465910078,4.551613662857208e-26,2.0212984509634e-25
FCGBP,-2.2479219397037156,4.734144387401938e-26,2.1003078304625266e-25
OBFC2A,-1.0831436844841011,4.9419781764757806e-26,2.1914452800581884e-25
ARID3A,1.008108914493632,5.017841333510425e-26,2.224543735847303e-25
GAL3ST2,1.9228847093476564,5.085610261638282e-26,2.2529414356924226e-25
EMILIN2,-1.5228769254093368,5.176683578140374e-26,2.2927292256177426e-25
HIST1H2BL,1.1173325478645066,5.261962295503578e-26,2.329365264227909e-25
MAPK13,1.0357542623234863,5.264879903495543e-26,2.3300901746493887e-25
DLL4,-1.1105659707181843,5.289372607311676e-26,2.3397922131444578e-25
VILL,-1.1426980377718117,5.317247844001987e-26,2.3515515671615205e-25
DAPK2,-1.129694390539722,5.467292882358346e-26,2.416734636657819e-25
XBP1,1.2862101143550202,5.972523667950406e-26,2.6381424005751334e-25
KIRREL3,-1.628076033093649,6.130342094592268e-26,2.7052270823724377e-25
FCER2,-2.5947112232521876,6.356680173340199e-26,2.803747254550803e-25
PROC,1.5112450316208965,6.355380376031379e-26,2.803747254550803e-25
PRSS16,-2.462282300961623,6.466509083260682e-26,2.8501177927988915e-25
TRPV6,-2.7615359481937105,6.741642446428729e-26,2.969944759253198e-25
ARMCX1,-1.0017910378584443,7.09815685702038e-26,3.1239784639347676e-25
FGFR3,2.1111543879407435,7.101724351377562e-26,3.124793047332023e-25
SLC39A2,-1.718116174304773,7.224356581495816e-26,3.177983635886137e-25
DOCK8,-1.0664469245430137,8.102474617019575e-26,3.55738894002912e-25
RNF165,-1.642558520315342,8.371022100158551e-26,3.6744083744679555e-25
LIG1,1.065664918132203,8.568672576613845e-26,3.7575414818622455e-25
DTX4,-1.268959291345407,8.763333903836368e-26,3.8410538659170093e-25
ECHDC3,-1.383138105345231,8.860782195155238e-26,3.8828314467600097e-25
KCNK6,1.111932981027465,8.874263290032977e-26,3.8878030004445315e-25
GPR161,-1.0188910378584408,9.029517789545868e-26,3.952965664336302e-25
KRT81,-3.1705238542839824,9.083055632457512e-26,3.975447503669731e-25
MGC87042,-1.1364493979034922,9.350371326368234e-26,4.0904784728161734e-25
MAOB,-2.682772810361259,9.395668278950444e-26,4.1093068159955536e-25
VIPR1,-1.3020576366629113,9.48270176369576e-26,4.146375695521353e-25
FOLH1,-1.7525148055098327,9.530580066013233e-26,4.166310013007658e-25
NFASC,-1.941122151953559,9.62924037006663e-26,4.2074186859415e-25
MERTK,-1.0451937841115821,9.642309250713193e-26,4.211107372618336e-25
TMEM132A,1.6542772762713334,9.650944811473074e-26,4.213867795712266e-25
F7,2.2017450446157847,9.993346121380593e-26,4.358142775454982e-25
PGA3,-2.6144632547864513,1.044092372193805e-25,4.552242742764989e-25
PARM1,-1.4420887074417426,1.076934816215144e-25,4.694311412730907e-25
KDM4DL,-1.107968387767478,1.1113922639924792e-25,4.841032156366379e-25
EPB42,-2.9736321840076236,1.1617138504226993e-25,5.055385421765335e-25
CBX6,-1.1776985099194306,1.1636037488051157e-25,5.062399388025697e-25
GLYATL2,-3.1486019015853772,1.1663422078377294e-25,5.073100886325015e-25
ZNF208,-1.862100268561032,1.1698811839802868e-25,5.087278354513417e-25
PLK3,-1.1108354240665301,1.1812930925770214e-25,5.135676657315386e-25
JDP2,-1.0201161049986975,1.2128140182657325e-25,5.271455008235704e-25
RHEBL1,1.2176784024950185,1.3322422084959334e-25,5.779505462643345e-25
USP18,1.1952673135233471,1.35138981558422e-25,5.861174365756387e-25
DGKG,-1.1815112492419644,1.379984370202614e-25,5.983767387041015e-25
SLC39A12,-1.657995967252881,1.3891087703877083e-25,6.020463558897013e-25
SGK223,-1.117820224378411,1.413508654474253e-25,6.124755543297983e-25
SCRN2,-1.238737572554795,1.503359210886716e-25,6.507882928839689e-25
FMO6P,-1.5778600580438362,1.5097290940290404e-25,6.533903637330153e-25
VWDE,-2.7188488174651297,1.5614889275554493e-25,6.753096447681598e-25
DSC2,-1.4863783158624262,1.582258808291583e-25,6.839671595186817e-25
CACNB4,-1.6068772156285203,1.6255154450765957e-25,7.023322489135834e-25
DOCK4,-1.0155343671489199,1.6615291840047362e-25,7.173817774297489e-25
SAC3D1,1.1522912327817734,1.6681872925067423e-25,7.200856837918005e-25
CLEC5A,2.0349518452741906,1.6849128906933635e-25,7.271329859955262e-25
MRC1,-2.390720319674263,1.7453411411811837e-25,7.526757828221058e-25
C2orf15,1.088944767391495,1.895313076651237e-25,8.16190772043588e-25
FAM166B,-1.9875063804903403,1.9987421980451377e-25,8.605275362113445e-25
ACTBL2,-1.6029468075890154,2.087073713403857e-25,8.97920179746878e-25
LRRN1,-2.191841462358137,2.104288772726754e-25,9.04685132969889e-25
MB,1.7862596595339166,2.140724369665028e-25,9.199151487491149e-25
PDPN,-1.3844872260244303,2.1687045289132302e-25,9.317188704226465e-25
RPL21,-1.4027787403621241,2.2526877163490217e-25,9.671149646391802e-25
RPLP0P2,1.497629723642035,2.2594448015704526e-25,9.69787166304809e-25
KRT83,-1.8444194923330155,2.262582997338944e-25,9.70905193318265e-25
CDH12,-1.9233048470934788,2.318028777488081e-25,9.939947664691529e-25
SOX15,-1.66231003205406,2.343072567600016e-25,1.0042606533558533e-24
LOC388387,-1.0673944468509053,2.4188976312025426e-25,1.0362719129390416e-24
HTR1D,1.892294282248982,2.422681619254432e-25,1.0376487885950218e-24
ASB12,-1.2926575370354327,2.520743389220635e-25,1.0791413902630108e-24
HIST1H2BK,1.4616611799358896,2.6217272052604605e-25,1.1221091069211419e-24
SLC7A5,1.6569848999393564,2.770517076660882e-25,1.1855129841668557e-24
BANK1,-2.2603633977302264,2.9783169207521177e-25,1.2732339809406012e-24
KIF7,-1.1353206835311456,3.030106999232506e-25,1.2947661433574955e-24
FZD1,-1.1340830633284256,3.0771982001867466e-25,1.3145796488617543e-24
C2CD4B,-2.4577057913887206,3.0789701932552757e-25,1.3150280250545702e-24
SGSM1,-1.7446344018019584,3.1828760415808493e-25,1.3584500019905322e-24
CA11,-1.6093454994368885,3.2300059205024523e-25,1.378241860546323e-24
DMRT3,-1.603504232002078,3.254392604253217e-25,1.388322207059323e-24
FOXD4L1,1.074412254180022,3.282243701482352e-25,1.3998754006111351e-24
C1orf95,-2.4487993285974192,3.511132739506345e-25,1.496094317819148e-24
CDHR1,-1.6611886338040374,3.5723346314515704e-25,1.5214601613550056e-24
VIPR2,-2.466983817031967,3.6696657072313327e-25,1.5621825273323656e-24
GYS2,-2.7408503638568824,3.720783680152663e-25,1.5835731898484668e-24
AFAP1L2,-1.2753665771463236,3.7384599225370477e-25,1.5907243097228117e-24
LHX2,1.8501714588928353,3.786380184878212e-25,1.6107379879723789e-24
LOC55908,-2.952446049553841,3.91087115553507e-25,1.6629195899136855e-24
COL24A1,1.3786896084206886,3.927061124103852e-25,1.6694136768347132e-24
GPR68,1.3486961751710984,4.17146944532818e-25,1.7720713725392967e-24
TMEM217,-1.1069580308412013,4.237066995229619e-25,1.798678416841529e-24
EXOSC4,1.1211963354413914,4.280587136085152e-25,1.8167294856180468e-24
KCNJ11,1.5788210387247705,4.339360941568692e-25,1.841244457328086e-24
PCDHB11,-1.41979194750065,4.342126479772932e-25,1.8419885413961005e-24
MLPH,1.5340486571948393,4.539295479389637e-25,1.9238369176095356e-24
C21orf62,-1.3172063545005632,4.685082289711428e-25,1.9851618463598026e-24
LIPC,-1.4445774408732568,4.781949755972298e-25,2.0252636437404313e-24
MYH1,-2.777823057264143,4.999665247264232e-25,2.11599410592771e-24
TUBB3,1.9398047258078481,5.038826905741382e-25,2.132072667717582e-24
LOC648740,-1.3260690721649477,5.056869172695842e-25,2.1392096107502305e-24
LRRC37A4,-1.223970900112623,5.0884232088267295e-25,2.1520577990305056e-24
LRP5,-1.03160391579312,5.090078645458298e-25,2.1522578764988943e-24
CPA4,-1.7257646668976876,5.10485720809859e-25,2.1580054751281613e-24
FLJ40852,-1.0797224118513382,5.198428139592694e-25,2.1970510198515395e-24
CELSR1,1.5329298709174353,5.356474465715316e-25,2.2622715707521088e-24
C11orf53,-1.9227310361257908,5.404416086990828e-25,2.2819899334607753e-24
CCBE1,-2.100656163908863,5.433677793697315e-25,2.29381347121225e-24
MAP3K15,-1.434829303473967,5.51982504786396e-25,2.3296400497627557e-24
LAMB2L,-1.0947355583470495,5.58244231757024e-25,2.3555214999242255e-24
RMND1,1.184391995148573,5.716772721660275e-25,2.411084658303568e-24
NBPF6,2.8444083817031958,5.939175989395865e-25,2.5025652901614104e-24
PCDHGB5,-1.9098177336914146,6.017580868598668e-25,2.535015610995176e-24
ALDH2,-1.8531554621848745,6.0626332617681905e-25,2.5534038237845065e-24
GLIS1,-1.4530381659880436,6.277431262059291e-25,2.6432588772441656e-24
ENO2,1.3571316122325214,6.31744580073587e-25,2.659492736142346e-24
SAMD14,1.77941050853331,6.388962318612994e-25,2.6889775973575104e-24
TNFRSF18,2.107880156804989,6.585305169624534e-25,2.7696929298215203e-24
C9orf106,1.1866076496578013,6.695362423634861e-25,2.8146808821576295e-24
CHRNA6,1.9257142900459157,6.744166796311016e-25,2.8345432508254313e-24
TMPRSS2,-2.4288771333275596,6.859006335548579e-25,2.8821443288548195e-24
EVC,-1.0634810187992692,7.031671696556486e-25,2.953334561430958e-24
CELF3,2.172822316555488,7.183077606896595e-25,3.0155341715484023e-24
MBL1P,-1.145877176643853,7.414263530187256e-25,3.1118708563522854e-24
KCNK2,-2.268564900805683,7.667917358558933e-25,3.216849497069561e-24
ALK,-1.6946053755522823,7.710430445698589e-25,3.233939295001185e-24
KCNK17,-1.8649963700944299,8.204627329237235e-25,3.436466435207211e-24
RRS1,1.0081945421467537,8.840820830150937e-25,3.695280403472733e-24
ZIK1,-1.4703826085073208,9.664354386712754e-25,4.033942740227752e-24
DKK4,-1.481448154725808,1.0012243021256706e-24,4.177237215584135e-24
C8orf84,-2.1436248159057447,1.018773198938708e-24,4.248505965700184e-24
ETNK2,1.4620639001992526,1.0333329012750448e-24,4.308236097551453e-24
LDB3,-1.5331131811487486,1.0602319810215558e-24,4.418361435562129e-24
GPM6A,-2.6561050896647305,1.064410622422041e-24,4.4347600274544315e-24
HIST1H2BC,1.870965472580787,1.0660108036533482e-24,4.4404106770942555e-24
CFH,-1.4294425582604173,1.0707922610116738e-24,4.459307144176504e-24
CGA,3.3102532877068356,1.0780383102312922e-24,4.4884563955032506e-24
RNLS,-1.0069857965866769,1.235945265030306e-24,5.137682498138082e-24
LRP8,1.3014510439227243,1.4203864375072994e-24,5.893616211977518e-24
VGF,2.081137416616131,1.4866007366705228e-24,6.162740425783085e-24
PMP2,-1.6743394611452829,1.4997509107975522e-24,6.213009974794684e-24
SULF1,1.4416825392012438,1.61016188024963e-24,6.667374136984535e-24
C10orf95,1.0972740362124238,1.6126324201668814e-24,6.676085500181429e-24
TMEM27,-1.2956021874729275,1.672200034053687e-24,6.919540172739092e-24
MOGAT2,-2.08097768777614,1.6773575503751208e-24,6.939304429426891e-24
PRDM11,-1.0638514467642728,1.7224297190124733e-24,7.122532525030453e-24
SDK2,-2.451883007017238,1.723802979507874e-24,7.126592240740821e-24
MAPK10,-2.0761573551069903,1.8277713094150785e-24,7.547849624610407e-24
HIST1H4D,1.0468160876721821,2.0450496355131785e-24,8.437452066012327e-24
HIST1H3D,2.4390423026942734,2.109345459111315e-24,8.698780106978539e-24
SLC44A4,2.244874421727454,2.1621211874836046e-24,8.910367212081516e-24
CRHR2,-1.1421661136619599,2.1978061289879966e-24,9.055379123125509e-24
ALS2CR11,-1.3466399462877925,2.3021370468781666e-24,9.480950376543725e-24
SNHG5,-1.1672522567789976,2.3595014704275198e-24,9.708409870296596e-24
CCDC151,1.703248128736031,2.3664430761399547e-24,9.734771370615954e-24
FILIP1L,-1.3450528805336557,2.3929103060348313e-24,9.841424830716683e-24
HAPLN1,2.6914210473880273,2.7242082484787456e-24,1.1178711169309875e-23
FOXI1,-3.335630078835657,3.019794888323446e-24,1.237211936802874e-23
CBX2,1.7638609200381197,3.0438706900616153e-24,1.2462343268374175e-23
FLJ22536,-1.3788033700077982,3.062651333499383e-24,1.2536416061094956e-23
TRDN,-3.0373332972364206,3.0945466295185624e-24,1.2664125966080573e-23
LOC440356,1.6491028805336563,3.0964671717615872e-24,1.2669137317953736e-23
GPAT2,-2.084739682058391,3.1437627597521427e-24,1.2859755846240058e-23
MYL7,-2.5971327341245782,3.2050361008830523e-24,1.310156571847613e-23
LOC400804,-1.149048150394178,3.231663142272032e-24,1.3207445931472338e-23
LRRC33,-1.066963787576885,3.355971524532938e-24,1.3712401719657256e-23
HERC2P2,-1.0836956423806612,3.421179942312127e-24,1.397570432897389e-23
CRABP1,-3.432299748765484,3.468833278835939e-24,1.4164013498127097e-23
CCDC89,-1.1774665641514326,3.478586420366873e-24,1.4200652300950482e-23
PODN,-1.6257939487135094,3.495297431018766e-24,1.4265672452205065e-23
TLE1,-1.2038743264316043,3.5354611728345484e-24,1.441989686961848e-23
PRKCDBP,-1.1501248895434468,3.549576395416205e-24,1.4474224714552237e-23
GJA4,-1.1064831456293867,3.574350567441432e-24,1.4571982839672205e-23
OASL,1.7919345230875834,3.606447187323675e-24,1.4692962880674317e-23
LOC158696,-1.394599034046608,3.7368825682882495e-24,1.521074986371892e-23
SMTNL2,-1.6149079182188346,3.775615350801816e-24,1.5358106420255968e-23
CACNB2,-1.1927391102832878,3.8178185377995294e-24,1.5526307158973376e-23
KLHL30,-2.200453140431432,3.9311202425837655e-24,1.5976374587129335e-23
ADAMTS14,2.4282828987265015,4.093302993750846e-24,1.661694790259738e-23
TIAM2,-1.1003406566750416,4.100217450034958e-24,1.6641306185727165e-23
GTF2IRD2B,-1.0155612059256685,4.186251273557716e-24,1.6979129218487325e-23
COL21A1,-1.5928186519968808,4.296126303194081e-24,1.7420892648037838e-23
ATP11B,-1.0440391016200277,4.3046986311676174e-24,1.745176596506551e-23
DKFZp779M0652,-1.5206750758035172,4.308404252443586e-24,1.7462826353184245e-23
PURG,-1.1340696352767907,4.34569286481409e-24,1.7606197911909835e-23
CLDN1,-1.9650542363337058,4.4017386210859626e-24,1.7825327724055125e-23
EPHX3,-1.236924941523001,4.541110129073389e-24,1.837746280113893e-23
HTR7,-1.1823383522481152,4.832019143263719e-24,1.9533032303981674e-23
CXorf57,-1.5976504851425117,4.856695631362842e-24,1.9628425971957773e-23
BHMT,-1.1490248505587806,4.883910438828078e-24,1.973403367768868e-23
NRXN2,-1.4553145672702072,4.931751870031832e-24,1.9922920392851628e-23
STX1A,1.0668223425452643,5.1680380069874764e-24,2.0845068876843128e-23
EPHX2,-1.3009541930174144,5.469864364580728e-24,2.2038056889876714e-23
HIST1H2BF,1.6432262366802393,5.6455375807279036e-24,2.2730749962837875e-23
RAET1G,-1.3116291388720431,5.7582905739656334e-24,2.3169355286891342e-23
COBLL1,-1.1349650610759774,5.774503151841482e-24,2.3229454336568064e-23
KLHL4,-1.9857193753790172,6.1642939774701985e-24,2.4775589152548028e-23
ANGPTL5,-2.3832711600103957,6.252423247123137e-24,2.5124251736729018e-23
HHATL,-2.1966793597851515,6.3096980548803185e-24,2.534880461112038e-23
AGR2,2.6332417179242853,6.315748773856277e-24,2.536751432711955e-23
CLDN16,-1.1897462964567271,6.463581723744227e-24,2.5949840784586714e-23
SREBF1,1.0178564931127063,6.535252382403428e-24,2.6231796938674663e-23
SIK1,-1.3414923373473115,6.73667217300126e-24,2.70283543233727e-23
NOVA2,-1.057390184527419,6.95789030458471e-24,2.789746194148799e-23
WFIKKN2,-1.5933170406306858,7.368079549018553e-24,2.9490138968950024e-23
FBLN1,-1.475497292731525,7.51018392067733e-24,3.002589016211057e-23
CELF6,-1.1323886034826307,7.891249415930821e-24,3.152862447721438e-23
IL16,-1.0342298319327767,8.090686350883872e-24,3.230418154093861e-23
LHCGR,-2.5137268301134887,8.176002649382664e-24,3.2637670225156275e-23
FBP1,1.2530035042883139,8.352393239115815e-24,3.3334491149227183e-23
MRPL12,1.0096426882093024,8.405848807467689e-24,3.354047914123944e-23
COL28A1,-1.9941617127263278,8.747082337677793e-24,3.4871471702310306e-23
BARD1,1.1043791518669321,8.755768826434561e-24,3.489845849520217e-23
CCDC147,-1.1404759637875768,8.905437542287882e-24,3.5487232833245694e-23
TSKS,-1.3448849952352078,9.068435982976375e-24,3.61209497151245e-23
NAT14,1.1384433899332924,9.267674407230273e-24,3.68983983453221e-23
PMP22,-1.0682564497964133,9.549746123601077e-24,3.801312676315557e-23
MAGEB4,-1.4421467296196828,9.65794891734719e-24,3.842702604207014e-23
STXBP2,1.1139029888243943,9.825595627750791e-24,3.9085515124988557e-23
SESN3,-1.781232222992288,1.0123449069979737e-23,4.024397104626363e-23
CACNA1A,-1.0561484882612837,1.0406134222446617e-23,4.1349675016633e-23
C5orf49,1.5304621502209121,1.0532919851238007e-23,4.184433436317884e-23
TUBA3E,2.403671857402755,1.0779250204714628e-23,4.277625713460222e-23
MEST,-1.3332100623754677,1.100079256936947e-23,4.362689044449509e-23
FBLN2,-1.7393571905050678,1.1252913892012574e-23,4.4617031491244796e-23
BCAS1,2.201087719830201,1.1597466903786616e-23,4.597314678781093e-23
MRGPRX2,-1.6846548947414017,1.1813692061774252e-23,4.680989042239371e-23
APOBEC3B,1.9142602486355367,1.2053606265224478e-23,4.7750118573641166e-23
SGCG,-2.9212673611712736,1.2071121988890636e-23,4.780910216792346e-23
SERPINB13,-1.5324545568742958,1.2197715894946636e-23,4.829998312719461e-23
AADAC,-3.287597396690635,1.2399861869655465e-23,4.908975328693746e-23
IGFBP1,-2.64500471281296,1.2524752341724488e-23,4.9573400060102383e-23
LOC285205,-1.1810141341072513,1.2609137190347394e-23,4.988570403736006e-23
CST2,2.4864325738542847,1.2734778273202828e-23,5.036088831351534e-23
SNCG,-2.3380651953564975,1.2785412975375234e-23,5.055014604490777e-23
PHGDH,-1.4925201637355983,1.3005277902167616e-23,5.139710674189256e-23
FOLR2,-1.9674276617863642,1.325654283052623e-23,5.2378738689834815e-23
DGKI,-1.4851335614658239,1.345818453124152e-23,5.315238295122356e-23
PTK6,1.7173837780472994,1.414673288197418e-23,5.584753386479636e-23
MYH7B,-1.3818771549857063,1.447805247047653e-23,5.714310258458029e-23
LOC283731,-1.0687079312137233,1.5213614194743478e-23,6.003325800713539e-23
EHHADH,-1.1354238326258352,1.566230201792937e-23,6.177700620419681e-23
TTC39A,1.6463019535649295,1.57009564475678e-23,6.191605507259027e-23
UBL4B,-1.2110217707701634,1.5748410970763412e-23,6.208973898652944e-23
ADAD2,-1.0971855323572726,1.618880958319124e-23,6.38122349161607e-23
LRRC15,2.700577683444509,1.638999843586627e-23,6.457730336105492e-23
C6orf155,-1.7553944035346092,1.6565320276172446e-23,6.522572463490526e-23
SYPL2,-1.2603268171186004,1.6706908235815292e-23,6.576899883575816e-23
ERVFRDE1,-1.636424001559387,1.7237925102672422e-23,6.781542049793518e-23
CD163L1,-1.5656416702763565,1.752634060771369e-23,6.890539483417112e-23
CXCL10,2.360237230356062,1.7893384518099457e-23,7.031806528129629e-23
SPOCD1,2.033736749545179,1.9075807354157692e-23,7.485167520321891e-23
ACOT4,1.103248475266395,2.053619501442783e-23,8.049533976047154e-23
ABLIM3,-1.567088941349736,2.2645943088597206e-23,8.870757521879384e-23
PABPC5,-1.256920488607813,2.2659972380876877e-23,8.874343314309418e-23
KCNB2,-1.6675831672875332,2.266652343089819e-23,8.87499948403183e-23
SYCE1,-2.5736360348263023,2.36055360511056e-23,9.238692168098801e-23
VTCN1,-2.9677124187819466,2.4170533858483912e-23,9.455753875477812e-23
COL16A1,-1.1736945724681611,2.4693786527513568e-23,9.656304965850258e-23
IQCA1,-1.8305552889196903,2.6301126188383536e-23,1.0271602660526615e-22
THEM5,-1.0569153859481932,2.693731545432779e-23,1.0515546927195557e-22
TNNI2,-1.770617564757861,2.861370511144358e-23,1.1157996446949604e-22
HBA1,-3.9937013817898284,3.258538681165005e-23,1.2676892415739815e-22
MT1E,-1.629121545525427,3.2890074277709934e-23,1.2792692779426365e-22
STAT4,-1.4348742441306417,3.7780703785940505e-23,1.467297100523736e-22
PLLP,-1.319364762193537,3.9798378840717853e-23,1.5449986991631203e-22
C16orf93,1.3021425279390106,4.0237957582830775e-23,1.5613974459182873e-22
KLKB1,-1.2608894524820233,4.046296404880614e-23,1.5697939782191352e-22
ZNF157,-1.0702769384042279,4.0885388745164006e-23,1.5851687568226207e-22
ADAMTS10,-1.1849351598371323,4.162463660117291e-23,1.613142984992869e-22
ART3,-1.6896100407173178,4.478509737674092e-23,1.7334108601931002e-22
AKR7A3,2.461948605215283,4.597245042315635e-23,1.7782331386585532e-22
SPIRE2,1.1353648531577587,4.7511277685043253e-23,1.8369749101547202e-22
NCRNA00052,2.972986727887032,4.770284547602861e-23,1.843990011043e-22
DNAH6,-1.7368094949319954,4.926387662706609e-23,1.9023129958474418e-22
MYL3,-1.4959960885385082,4.9394050377979437e-23,1.9069350986858105e-22
RXRG,-2.0023372433509485,5.025073031065899e-23,1.9391860162071775e-22
CACNG4,2.3961598847786547,5.148775687500257e-23,1.9852396492176908e-22
AP1M2,1.681538105345231,5.182950603772412e-23,1.997993431606718e-22
SPINK4,1.4281536558953476,5.230932729755153e-23,2.0152099149149854e-22
GPR114,-1.681604002425714,5.302228693467159e-23,2.041812331440294e-22
MIF,1.2468630252100859,5.348158611830001e-23,2.059063688898932e-22
C9orf66,-1.2517258208438018,5.408491313118326e-23,2.081411572361372e-22
PPIEL,-1.266208706575413,5.489717488121493e-23,2.1117778410032868e-22
SCAND3,-2.2363611409512245,5.566169324924887e-23,2.140734845163907e-22
SERPINF1,-1.4576024646972172,5.610176339856295e-23,2.15674846704127e-22
NEFM,-1.4423998440613364,5.738864722433143e-23,2.205289308474784e-22
TSHR,-1.5655726804123713,5.889840787394206e-23,2.2609188497034317e-22
PCDHB3,-1.5287805466516513,5.919177892543504e-23,2.2717013531092007e-22
ZNF501,-1.0363332192670853,5.962672502640148e-23,2.2874294534364304e-22
LOH3CR2A,-1.2591908082820744,5.973774067920108e-23,2.2912054226369516e-22
RAC3,1.0746764012821624,6.018417708829428e-23,2.3078419539461147e-22
PAR5,-1.7706409945421462,6.083201213093203e-23,2.331701656810604e-22
MYO16,-2.158138378237895,6.195171617527039e-23,2.3731209796684487e-22
ERC2,-1.291828666724422,6.202265831002964e-23,2.375338626588406e-22
TP53TG3B,-1.5597198518582684,6.699069150288997e-23,2.563985612756741e-22
FZD10,-1.5078286667244214,6.803535250648099e-23,2.602874152323399e-22
C1QTNF6,1.3961765615524548,6.874927477836786e-23,2.629634479492814e-22
ZNF503,-1.3051039980940837,6.919199597935698e-23,2.64601240086604e-22
CTHRC1,1.9316832149354592,6.993056368528153e-23,2.6731332439377986e-22
ACSM2A,-1.2636727237286667,7.070825573837768e-23,2.7017262367877606e-22
SYCE1L,-1.6518741964827173,7.427329147068834e-23,2.834969017909289e-22
HIST1H2BJ,1.604462457766613,7.607693195006531e-23,2.903204176702388e-22
OLFM2,-1.4563076020098764,7.715171106642188e-23,2.942985323851797e-22
FTMT,-1.1589730486008838,7.781623115370083e-23,2.9677118283905644e-22
CLCNKB,-1.345390972883999,8.110791724851619e-23,3.0893647576370376e-22
CAV3,-1.1452938750758035,8.695368480222762e-23,3.3085658955998104e-22
FOSL1,-1.8174455644113303,8.805657543205921e-23,3.349830392037145e-22
LOC647309,-1.354598379970545,8.853430455017195e-23,3.367300346274091e-22
SLFN11,-1.0348998137399317,8.885089366924833e-23,3.3786355075440306e-22
TUBA3C,1.699323416789396,9.16600148946042e-23,3.4825448781600506e-22
ABCC13,2.7060665424932857,9.337865726667149e-23,3.545623066802714e-22
FAM128A,1.1987304210343925,9.562928036128082e-23,3.629565868257704e-22
SOX18,-1.2766151996881216,9.938704941277232e-23,3.769832174329432e-22
C3orf50,-1.0513259291345407,1.145672934658901e-22,4.333891194845381e-22
SHROOM2,1.0919855583470524,1.1900475738493234e-22,4.495213942058359e-22
C14orf80,1.2872910595165896,1.2093617815362654e-22,4.565328185256043e-22
FAM23A,-1.4117769254093395,1.2247702563788628e-22,4.622536383343238e-22
TPPP,-1.5839837650524125,1.225857085854912e-22,4.625679215136186e-22
PLCE1,-1.5182448756822318,1.2652074730176332e-22,4.772186413456274e-22
PLA2G2A,-3.5097115481244034,1.2888970946601636e-22,4.859526473508483e-22
CRYGN,-1.155601637355973,1.308646820513852e-22,4.932967089213843e-22
RNF212,-1.9739024343758116,1.3426672971158275e-22,5.058065564859149e-22
RAD51L1,-1.0668580351728325,1.3792997732907216e-22,5.192842559092245e-22
TERT,1.295379645672702,1.4628987448613568e-22,5.503026627962652e-22
PROCR,-1.0071375898813129,1.476678662072339e-22,5.550274971237412e-22
EMX2,-1.5853682404920737,1.4915356995856307e-22,5.604959607670775e-22
MAPK11,-1.0176201723988587,1.5202892207563336e-22,5.711831720418482e-22
FXYD2,-1.272317538768085,1.5271708207446884e-22,5.735318846712516e-22
CD244,-1.3328943948713499,1.5440013109604944e-22,5.796134432545656e-22
RAMP2,-1.0852392835484697,1.5555001910148676e-22,5.838096902483224e-22
HPD,-2.6612294290912235,1.5973047902787624e-22,5.992526607057772e-22
NTHL1,1.0150204496231483,1.685437267742784e-22,6.316659375071422e-22
ATP1A3,2.4616010222645768,1.690704016503859e-22,6.335093703668124e-22
CHRNA1,2.2686011825348698,1.697145386860602e-22,6.3579208637628195e-22
C4orf39,-1.3899079008923163,1.7716294033881643e-22,6.630133641010435e-22
MUC16,-3.1110550203586573,1.8045057650067515e-22,6.749007281778898e-22
THRSP,-3.0800095902278413,1.8119656447910905e-22,6.775515742015658e-22
GRIP2,-1.34517141557654,1.8561089932412911e-22,6.939156295742704e-22
OLAH,-2.0391518019578965,1.8672164672440825e-22,6.979248737832451e-22
CRB1,-1.2265998787143724,1.8739095069717904e-22,7.002827911190208e-22
CPXM1,-1.617447379364119,1.9759528565469734e-22,7.373569054474079e-22
EEF1A2,3.1601044789049633,2.126938782923758e-22,7.927245427019076e-22
BCO2,-1.2627204322966303,2.164632674631432e-22,8.064430736045017e-22
TRPS1,1.231801706662047,2.1684557718471683e-22,8.077020751981584e-22
BCL6B,-1.014752910855063,2.24852109821872e-22,8.368396963990054e-22
SLC23A1,1.5519956033959978,2.2673961863289453e-22,8.433472165865507e-22
NBPF22P,1.4687408515983713,2.3487218431442063e-22,8.732390463797791e-22
MAP2K6,-1.2001042536602249,2.359972963738993e-22,8.772429622001407e-22
KIAA1467,1.4379405700424481,2.3857716399092627e-22,8.864707320120088e-22
MARCKSL1,1.0839117300528454,2.4640485131026223e-22,9.151821074067952e-22
FABP5,-1.5690889889976605,2.4814588355758476e-22,9.214605300690974e-22
CXCL11,2.4767326128389486,2.5831344322026476e-22,9.586298892840936e-22
CYP3A4,-1.3947927228623413,2.8119541224687893e-22,1.0426971051395269e-21
OAS1,1.376363410725114,2.9516503523697775e-22,1.094051952029873e-21
CRB3,1.4473021614831492,3.141071271143214e-22,1.1630781193779482e-21
HIST1H1C,1.8120296673308491,3.3236222586961576e-22,1.2296726824196372e-21
TWIST1,-1.4963660053712209,3.510569819985743e-22,1.298047987674192e-21
PNPLA2,-1.3405307805596465,3.8006039751711665e-22,1.4044334989858048e-21
IER2,-1.101643675820842,3.811604795125871e-22,1.4082127478318699e-21
RPL23AP32,-1.0900511522134626,4.106984762927997e-22,1.5158038045332184e-21
TRIM50,-1.152386190764966,4.2064577772901726e-22,1.5515734735564948e-21
SPON1,-1.4962870917439162,4.297396072894186e-22,1.584474391632426e-21
SLC8A3,-1.4191842242051464,4.415971797275795e-22,1.627534614816993e-21
STAT1,1.0577317854977029,4.448199928381528e-22,1.638748902981764e-21
TIPARP,-1.0891141514337708,4.533179994741258e-22,1.6687052668205282e-21
TIMP2,-1.0274958502988856,4.58194390487615e-22,1.6863146967339377e-21
TMEM184A,1.4836054318634657,4.652389044053859e-22,1.7118948406895572e-21
LINGO2,-1.4197845750671405,4.662022873546984e-22,1.7150930146963567e-21
UGT2B7,-2.0622303690548387,4.743519536467869e-22,1.7443694166126186e-21
IL12A,-1.627596274798579,4.7689869321944165e-22,1.7533805115478683e-21
C1orf194,1.5511923026942738,4.793728910461444e-22,1.7621213117352516e-21
C11orf87,-1.5530327514510962,4.801961654750651e-22,1.764791197282982e-21
GOLGA9P,-1.1836569349389243,5.029440802307714e-22,1.8469015720074103e-21
CA12,1.8018629862254212,5.058219541512131e-22,1.8570950043191877e-21
CAMK1,-1.028709044442519,5.20456007255846e-22,1.91005256049963e-21
CTGF,-1.4242387117733717,5.4130914391848865e-22,1.984582144360171e-21
MUC4,-2.4470524517023295,5.626426103570262e-22,2.061550611177324e-21
SPAG4,1.321213064194751,6.143462686721746e-22,2.248280082155126e-21
LOC100144603,1.037330044182621,6.167909150315896e-22,2.2567728696120654e-21
SLC4A8,1.665690998873778,6.549546408359144e-22,2.392535411399374e-21
C6orf217,-1.1866354110716446,6.893931211465354e-22,2.5163470993042678e-21
ADCY5,-2.3560852681278694,7.09657257288319e-22,2.5882370375514467e-21
LRRTM4,-1.4680487871437236,7.135030945852487e-22,2.601742153592805e-21
SLC2A10,1.0754694620116094,7.54004615359983e-22,2.7466772090049574e-21
TMEM163,-1.339432474226804,7.5908907743408275e-22,2.764645553527933e-21
NT5E,-1.3522629992203044,7.7222932446521e-22,2.810253977057221e-21
EFR3B,1.13544331196396,7.8055237682271415e-22,2.839407457095097e-21
KRT6A,-3.192804093389932,8.002791388720769e-22,2.9093231199675362e-21
PKIA,-1.8067421467556084,8.006915022215571e-22,2.9097599151405476e-21
PALM2,-1.1546028978601743,8.962235395697394e-22,3.2491450091192926e-21
DPYSL3,-1.1568091743914088,9.156162218682105e-22,3.316808375456126e-21
BST1,-1.1557767521441562,9.39671833087005e-22,3.4025952611264676e-21
CSF3,-2.745519583297237,9.455517973558634e-22,3.423205920300076e-21
UNC5C,-1.5428941176470579,9.687561963506734e-22,3.505122051713637e-21
ANKS6,-1.2634229359785145,1.012044104819368e-21,3.661017257557026e-21
TCF21,-1.5322203803170753,1.0297281297953353e-21,3.724248191270512e-21
ZCCHC12,-1.3382170103092785,1.0307985572346912e-21,3.727379049929099e-21
C6orf138,-1.274160781425973,1.0480570329102615e-21,3.788280812165507e-21
ITPR1,-1.215475028155593,1.0556161297035778e-21,3.814846219772529e-21
CR1,-2.1122978601749987,1.0605762030583951e-21,3.83201044546883e-21
WNT9B,-1.303103014814173,1.0768962246867219e-21,3.887890118598254e-21
ADRA2A,-1.6136294074330753,1.086264058644421e-21,3.91937852517431e-21
C8orf34,-1.997695473447111,1.091731941199565e-21,3.937546369260092e-21
VAV3,1.3500764402668288,1.1065660453567004e-21,3.989467562612006e-21
GLP2R,-1.9304464827167984,1.1194984435520801e-21,4.034125849287471e-21
DAPL1,-2.273909555574808,1.1391735390892485e-21,4.103775169610447e-21
IL27,1.0144093086719228,1.148175890224716e-21,4.135386966711615e-21
ENPP1,1.0133137485922212,1.1570428524835212e-21,4.165674652641918e-21
SEMA3C,-1.1305134323832622,1.231596503278627e-21,4.430583231063409e-21
EVL,1.0086991293424568,1.2693936079280218e-21,4.5647514510299846e-21
ELN,-1.6298326648185029,1.3075230254955772e-21,4.700936526386725e-21
SFXN5,1.0530921380923521,1.3260762893573511e-21,4.7666995843546335e-21
OLR1,1.8478620982413583,1.3979625484459961e-21,5.022125965929044e-21
MAS1L,-1.1985468812267175,1.4522859241248742e-21,5.2141934273856185e-21
TIGD5,1.029862176210691,1.4690915085040174e-21,5.2734909740285204e-21
SEMA3E,-2.13644085159837,1.4719625513576909e-21,5.282755189740545e-21
FAM184A,-1.419832417915619,1.4728900460392944e-21,5.285041890016415e-21
RASGRF2,-1.4089858745560084,1.4885427419512524e-21,5.3391021737416055e-21
PPM1L,-1.1152977258944814,1.5505467595060174e-21,5.559307201750647e-21
NBPF4,2.637633037338647,1.5748970823750643e-21,5.64550051013653e-21
DYRK3,-1.0624756475786192,1.6058033723407525e-21,5.754023383212346e-21
LOC100128640,-1.1050746989517455,1.6252310856884312e-21,5.820714194039239e-21
ZEB1,-1.0702528978601755,1.6279047056921877e-21,5.828628905923465e-21
C8orf73,1.425320133414191,1.6359287485375572e-21,5.856206688225989e-21
ENPP3,-1.9451959629212507,1.6456507299513191e-21,5.889850616850936e-21
C12orf54,-1.0027863163822228,1.70798945583263e-21,6.107726452045739e-21
MSTN,-1.362732374599324,1.8224592868225114e-21,6.5098560435695004e-21
PARD3B,-1.2601922160616832,1.833912763941846e-21,6.549482841285742e-21
EPHA7,-2.044234618383434,1.950672988028078e-21,6.962372627661786e-21
LOC154761,-1.023113882872738,1.952481668531686e-21,6.967462029461337e-21
KRT40,-1.3940544615784463,1.972766919345604e-21,7.03847044940181e-21
IL19,2.021371818418089,2.096530364935623e-21,7.474175917141234e-21
EPDR1,-1.322549705449192,2.0994038534964873e-21,7.482954443939018e-21
SIGLECP3,-1.4948683054665164,2.1087745571709964e-21,7.514883176230158e-21
IGSF1,-3.086023884605389,2.1242306653554123e-21,7.568481268636635e-21
LBX2,1.0258736550290228,2.1253883582236123e-21,7.571124126173074e-21
FAM95B1,-1.5037774798579222,2.1359797183669015e-21,7.607364275764567e-21
ACTL8,2.153636905483843,2.1935929447767876e-21,7.809499779732421e-21
PCDHGB4,-1.5934776791128824,2.206519048467997e-21,7.850912087424345e-21
RND1,1.565733578792341,2.2365373880658828e-21,7.956163782482561e-21
DDX25,-1.3358634193883738,2.2494285814255468e-21,8.000458864339435e-21
OXCT1,-1.0036846703629898,2.2607821104233497e-21,8.039268754842008e-21
DRD1,-1.6298587455600795,2.2971879362627573e-21,8.163942210814325e-21
CCDC68,-1.7670055618123532,2.301625950745908e-21,8.178117739884398e-21
AGR3,2.8356014164428682,2.3545599939108136e-21,8.364569783208146e-21
HP,-2.589501321147015,2.3727139146365355e-21,8.427416856220264e-21
PFKFB3,-1.463913999826735,2.4937849013667656e-21,8.847079820615717e-21
CYP4F12,-2.0034124274452036,2.5941566051029608e-21,9.194204182766588e-21
VAT1L,-1.8011251667677382,2.8368559246283026e-21,1.0038741912132385e-20
COL15A1,-1.0062116130988485,2.839492589327639e-21,1.0046119262105154e-20
FBLN7,-1.0414715498570564,2.8823677478638785e-21,1.0195829792919973e-20
COX4I2,-1.2264944121978711,2.888969537207394e-21,1.0217196908060267e-20
KLF7,-1.101450861994281,2.8966333486880582e-21,1.0240321780184253e-20
NOS1,-1.5997129905570473,3.0789823439346693e-21,1.0868085244646652e-20
TSSK3,-1.0110261587109068,3.158591225567226e-21,1.114476372921113e-20
ZNF354C,-1.4286729792948103,3.2065464581195657e-21,1.130739348646851e-20
STEAP1,-1.3426601533396845,3.2135350772623144e-21,1.1329842922991653e-20
ATG9B,1.284044026682838,3.2880170113671927e-21,1.1578985037321922e-20
MAP6,-1.3539414666897684,3.3029179040876696e-21,1.1629209788802292e-20
SNORD116-20,-1.2892872823356147,3.4515550960178e-21,1.2145497276785619e-20
MARCO,-2.8435277787403606,3.532560132040611e-21,1.242333695586075e-20
NOSTRIN,-1.2084132287966707,3.6181715614530995e-21,1.2714590141531037e-20
IL18RAP,-1.3611986138785404,3.649706454217604e-21,1.2822931207512652e-20
LOC650623,-1.2309732911721394,3.807990226515132e-21,1.3371305187742082e-20
EME2,1.315802113835225,3.8260659479892666e-21,1.342989978744448e-20
DEFB132,-3.2353630728580094,3.9325091251670464e-21,1.3800552073533013e-20
MYO15B,-1.1547669323399496,3.935713364230969e-21,1.380913461239328e-20
C1orf204,-1.0206152949839726,4.125849643458074e-21,1.4456754775720368e-20
TLR2,-1.0347901325478635,4.1572923553969906e-21,1.4564124854752006e-20
SOCS3,-1.8191368188512538,4.3657680423531934e-21,1.5288587086370754e-20
USP2,-1.4589763926189017,4.5365114821381016e-21,1.5880407405646126e-20
NR2E1,-1.0333628822663086,4.683764994351241e-21,1.638012952779551e-20
PRPH2,-1.3404000129948876,4.71343129478418e-21,1.6480712612169887e-20
SDK1,-1.5109327904357617,4.729775140238864e-21,1.6534683479502218e-20
HIST1H2BH,1.7765690591700598,4.846565006044204e-21,1.693646051161886e-20
LGALS4,-1.1832675734211204,4.893438233983501e-21,1.7096978152246e-20
BEX5,-1.3681447154119368,4.91120463180975e-21,1.7155758570875625e-20
SLITRK5,-2.092476176037426,4.949431361141506e-21,1.7285974494792563e-20
HIST1H2AD,1.307544845360825,4.962715399444717e-21,1.7329044392114364e-20
C20orf26,1.4663234644373206,5.0688734343622674e-21,1.7682771775717968e-20
SAMD12,1.0220635493372612,5.075613704505031e-21,1.7702892558556252e-20
APBB1IP,-1.279675032487222,5.267780112409493e-21,1.8369617123791185e-20
LEF1,1.4525562592047132,5.289567912201213e-21,1.844206180919339e-20
ASPG,-1.4743897210430568,5.3631989070833834e-21,1.869161587318377e-20
PRR4,-1.4062425929134523,5.47010481568772e-21,1.9053256402595403e-20
COLEC11,-1.7161915359958417,5.5624127143136005e-21,1.9371073012942504e-20
FEZF2,-1.5954978211903317,6.2484003229497784e-21,2.1730919197297442e-20
LPAR3,-2.080892467296197,6.6063758316263725e-21,2.2945212605055308e-20
ANXA13,-1.1312893658494318,6.99924096039151e-21,2.429116934261328e-20
C17orf107,-1.3304665814779497,7.092957565316596e-21,2.461172446844415e-20
TGFB2,-1.4892506237546588,7.118183689818646e-21,2.4685139589592076e-20
TJP3,1.7541540717317865,7.134632401619764e-21,2.473746925841611e-20
MORN3,1.3012009659533912,7.181817671326362e-21,2.4896329665045473e-20
LOC113230,1.198476730486009,7.274594855508886e-21,2.5208347640363268e-20
JUNB,-1.3425215845100933,7.473832611557064e-21,2.5883975461981212e-20
FAM66A,-1.1215606601403452,7.492739763105231e-21,2.5939585756524253e-20
DMRTC1B,-1.7019066620462615,7.651770042823918e-21,2.6485105550394325e-20
SEL1L2,-1.7368414320367322,7.685294986708764e-21,2.6591033005713672e-20
CDH8,-1.783468963874209,7.715533739730201e-21,2.6690585455018786e-20
C7orf61,-1.0703434245863293,7.939445693209639e-21,2.745995248973875e-20
NFATC2,-1.440551087239018,8.136019410234896e-21,2.8123805796525983e-20
TRPV4,-1.281873940916574,8.168466631887801e-21,2.823060529718125e-20
GPR156,-1.3092156458459672,8.25956153417397e-21,2.854001492152027e-20
NEURL3,-1.843296811920645,8.372129151935139e-21,2.891251507354873e-20
EYA2,-1.6020416572814709,8.646157216507356e-21,2.984186572091077e-20
C4orf48,1.6113103049467203,8.676085155814475e-21,2.993948399834898e-20
IGDCC4,-1.1781339296543347,8.68761805623414e-21,2.9973599597731245e-20
CLEC2B,-1.0366797366369234,9.033990235426343e-21,3.114502353323214e-20
GALNT7,1.0286159793814402,9.170933893937952e-21,3.159918789917709e-20
SLC29A4,-2.143127185307115,9.176696067023325e-21,3.161305800681786e-20
GOLGA8B,-1.5719274235467422,9.56180071156281e-21,3.292725280979528e-20
FADS3,-1.22151062115568,1.0011649725742818e-20,3.4417763920244854e-20
ZNF215,-1.1434965043749443,1.0011188657137053e-20,3.4417763920244854e-20
C1orf126,-1.130428458806203,1.0498523635179864e-20,3.6077898004753453e-20
MARVELD2,1.059735709954083,1.0651090804691457e-20,3.6595282355190377e-20
PCDHB10,-1.039767313523348,1.0780802077723847e-20,3.701300268215903e-20
PRR7,1.3898854370614222,1.0982625713453062e-20,3.769879989854537e-20
ARNT2,1.4813948150394172,1.1293424175161646e-20,3.873642364056293e-20
FAM59A,-1.1598691024863559,1.1329235510741512e-20,3.8851935569334544e-20
EPB41L4B,-1.0935420861127945,1.1467541247149113e-20,3.931142247115919e-20
TMEM98,-1.1669768301134855,1.180033539082596e-20,4.042941937120364e-20
LAMA4,-1.2519653772849324,1.1909825822090156e-20,4.0796868543377324e-20
SMR3B,-2.797970194057004,1.21652590283118e-20,4.165617195115871e-20
RFX2,-1.133162314822834,1.2354787054670808e-20,4.2281291362318615e-20
ATP10B,-1.607935580005198,1.2751925117082467e-20,4.3615800997040994e-20
PTPRG,-1.0230902321753437,1.2937416703745997e-20,4.422531385132176e-20
ZNF711,-1.6592521831412972,1.305367990282394e-20,4.4572525843388525e-20
ENTPD8,2.0015541540327484,1.3311187614179456e-20,4.543475494860466e-20
LOC389332,1.1178450706055616,1.3454747642391767e-20,4.591615510582252e-20
MAGED4B,-1.4606445724681638,1.359184708277192e-20,4.635795249160526e-20
P4HA3,2.051338438880708,1.382823957893333e-20,4.7146552735591575e-20
PNMA2,-1.4052426448930078,1.4512836861408445e-20,4.944360273034211e-20
CDC20B,2.7965435155505505,1.4801871819953368e-20,5.040001360617493e-20
BOK,-1.2945080005197962,1.506851685944011e-20,5.1288745772697886e-20
HIST1H2AG,1.6220261976955734,1.5068014179502056e-20,5.1288745772697886e-20
AK3L1,-1.3690649701117596,1.5206072461970427e-20,5.174726809221306e-20
APOM,-1.0256773022611094,1.5317935247981263e-20,5.211820099420616e-20
LRRC18,-1.0122948800138616,1.6015554711281404e-20,5.444092295227926e-20
ZFHX4,-1.3281928658061144,1.697756961365178e-20,5.765722008904914e-20
CCRL1,-1.617711140951224,1.702090414565624e-20,5.778282696071998e-20
TXK,-1.2627956380490337,1.7037933433276975e-20,5.782985312063038e-20
SVOPL,-1.8189268517716366,1.7111691209646196e-20,5.806937268627698e-20
TBC1D9,1.0613097548297663,1.7808067315041978e-20,6.036503712024378e-20
FGFR1,-1.1640525816512213,1.885154912426079e-20,6.386650822797676e-20
PHLDA3,-1.0115919951485708,1.9436753676490883e-20,6.58246004043095e-20
PCDHB9,-1.2328811444165284,2.0224812164234263e-20,6.845523537105918e-20
KCNJ3,3.462879234167894,2.0280672685359247e-20,6.863154580620829e-20
MITF,-1.1529203110110018,2.1315808538229672e-20,7.206754510055623e-20
CUX2,-2.426753573594386,2.1916131386686956e-20,7.405593830181226e-20
OSMR,-1.1184867192237693,2.2489852548327697e-20,7.595227939465846e-20
NXNL1,-1.26770226111063,2.320623497960588e-20,7.832803547816909e-20
IGFL2,1.9307018842588584,2.330002350873654e-20,7.863002000918266e-20
LOC100128164,-1.2202885644979642,2.3776450359470994e-20,8.020806632569505e-20
KRT19,1.6269853677553474,2.4674193250371705e-20,8.320569465293e-20
BCAN,-1.4921268301134885,2.4830432264819138e-20,8.370154787342644e-20
SLC15A2,-1.5660973013947839,2.5357399264007766e-20,8.543045323019312e-20
DMBT1,-2.379816616130988,2.6306107166252976e-20,8.857751919114001e-20
ADM2,1.4842012994888698,2.6881157135522305e-20,9.049707847936241e-20
CMAH,-1.139662176210689,2.711250333544302e-20,9.125904182970957e-20
WNT2B,-1.1558300051979553,2.721706092015476e-20,9.157710904428412e-20
SYT13,3.172444494498829,2.8555880875280274e-20,9.599311164777965e-20
BAI2,1.436247764879151,2.855398329896229e-20,9.599311164777965e-20
OTUD7A,-1.1499635969851858,2.991454930320255e-20,1.0043056823426707e-19
TNFRSF17,-2.055717183574461,3.170372944607479e-20,1.063784308031151e-19
C11orf63,-1.1971077146322466,3.4123787554213263e-20,1.1428800457209642e-19
RELL2,1.3667990990210521,3.4352550901384765e-20,1.1503301767069664e-19
TTC22,-1.9481992939443815,3.595564159565694e-20,1.2029048777168596e-19
LOC80054,-1.2353081391319405,3.6596907926141055e-20,1.2241336181175038e-19
LOC400696,1.9801322446504375,3.679753171695556e-20,1.230392119477851e-19
KIF25,-1.7635331153079792,3.862266563374494e-20,1.2907075133670995e-19
IL17REL,1.5536859915100063,3.89440346445335e-20,1.3012082647475097e-19
CLTCL1,-1.237342783505155,3.998996055861585e-20,1.3356646826577697e-19
RAB11FIP4,1.1872331239712413,4.046900040976524e-20,1.351416647328851e-19
HMCN1,-1.442667192237721,4.131108376707442e-20,1.3790310981332399e-19
HPN,1.7958435242138089,4.1901455077891256e-20,1.3982258236165987e-19
NKX3-2,1.652307550030321,4.697817205972591e-20,1.5656237019465228e-19
C9orf98,1.0591041626960074,4.757868380435627e-20,1.585056334719431e-19
CDKL2,-1.9058893961708385,4.96441910133569e-20,1.6523554745220982e-19
IL1RAPL2,-1.7365441956163907,5.17343808315291e-20,1.7204860209494635e-19
ASB16,1.2454538594819375,5.187574688392825e-20,1.7247383023345133e-19
C14orf174,1.0576592393658473,5.223588568204576e-20,1.7363948631670545e-19
GABRG3,-1.4841669020185397,5.355119684598905e-20,1.778818314210837e-19
RCVRN,-1.0734456250541453,5.387066521161114e-20,1.789103665110304e-19
CDKL1,-1.0488924543013076,5.573035933913767e-20,1.8485053408351365e-19
PLA2G4F,1.6269304643506892,5.730074939928097e-20,1.9002469326199883e-19
SLC14A2,-2.3543320107424415,5.866913725441116e-20,1.9445635568864645e-19
PRKCQ,-1.4613997401022258,5.886665578854488e-20,1.9503999550762333e-19
C14orf53,1.6173106384821971,5.912570577785719e-20,1.958626428160754e-19
CNTN3,-1.7287344970978094,6.004496094387772e-20,1.9879927683910625e-19
CPA2,-1.4261856406480118,6.244514598623572e-20,2.06517540001551e-19
ITSN1,-1.0941012778307169,6.245558741463156e-20,2.06517540001551e-19
NHSL2,-1.198820588235293,6.460897752284815e-20,2.1352164448954338e-19
FLJ37543,-1.318617317854976,6.491304635744389e-20,2.1444867202260456e-19
LOC283174,-1.6375068786277405,6.65720124974412e-20,2.19769739479674e-19
GPR112,-1.3831749978341856,6.729240883807031e-20,2.220271375891597e-19
HMGCLL1,-2.063292467296197,7.325364604195588e-20,2.41433300543495e-19
WNK3,-1.5474898769817198,7.467027580673239e-20,2.460577535318519e-19
PDZRN4,-1.975987650524127,7.604202913188811e-20,2.5044202212552187e-19
EVPL,1.4440441956163905,7.666248881651979e-20,2.52439812577263e-19
KIAA1529,-1.120707372433511,7.672823398430693e-20,2.526106064779054e-19
ASCL1,3.014088365243005,7.8195880443787e-20,2.572563910569772e-19
PROKR1,-1.5827908515983713,7.873757936495915e-20,2.5899171615112965e-19
EPCAM,1.372837048427618,7.948635741865615e-20,2.61407437053622e-19
TMEM20,-1.0431674954517902,8.181664927548885e-20,2.690224831578258e-19
FCRL6,-1.321524400069308,8.681416488528844e-20,2.849915677920478e-19
KIF26B,1.7410402235120852,8.721706238697795e-20,2.8626256520558235e-19
IPCEF1,-1.1782952265442264,8.766138817840505e-20,2.8766905516702853e-19
TMEM132B,-1.199484206878628,8.925201832825997e-20,2.9278329241833054e-19
KCNJ10,1.581111842675214,9.02457968573651e-20,2.9593663127267466e-19
HSPG2,-1.041669730572643,9.233891269638686e-20,3.0263687933243246e-19
SIM1,-2.292432002079183,9.262712954113311e-20,3.0352684771147545e-19
INSM1,2.702078281209391,9.265597895580838e-20,3.035667359489885e-19
TLR10,-1.5207013687949407,9.345078190768259e-20,3.061156348867278e-19
CXCR2P1,2.176564164428658,9.5878210148538e-20,3.139541391138401e-19
AGMAT,1.152896664645239,9.690058977018713e-20,3.171375763426973e-19
RGPD5,-1.2066455297582959,9.734995299919086e-20,3.18544165817773e-19
ELMOD3,-1.0241685783591805,9.78482607745049e-20,3.2011716227144365e-19
KCNJ12,-1.5183276228016993,9.874915567490167e-20,3.230064475741662e-19
RASAL1,-2.189387472927316,1.0286842966729402e-19,3.36299214302039e-19
TRIM63,-1.290133843021744,1.0306624019644098e-19,3.3688539599493897e-19
IGSF9,1.5194726977388884,1.1346708903259962e-19,3.6995189354476283e-19
ST6GAL1,-1.1239076756475779,1.2432032316116549e-19,4.0483056216506177e-19
HCG2P7,-1.166061288226631,1.2976399501491068e-19,4.2240593727761427e-19
COPZ2,-1.2160999133674109,1.4144260352435272e-19,4.600928720432081e-19
FGF14,-1.1558705405873706,1.4946144143204254e-19,4.857430134596448e-19
IRF4,-1.694998271679804,1.9218912511488053e-19,6.221623056137596e-19
CILP2,1.776189279216842,1.9231886720400727e-19,6.224716109023017e-19
DUOX1,-1.5969806506107593,1.9505993352679228e-19,6.311190846050835e-19
BIK,1.5799540630685254,1.988129463377675e-19,6.425767155870707e-19
RSPH1,1.4796761803690552,2.0219124352552772e-19,6.532636148198759e-19
FOXD4,1.1070786537295336,2.169421780151061e-19,7.003011999306573e-19
CPM,-1.4958623884605409,2.184746983078182e-19,7.051232151236196e-19
LSAMP,-1.5712858788876383,2.222005828765916e-19,7.166401860564488e-19
KLK3,-2.558915472580785,2.228115720985086e-19,7.1848344497947775e-19
C12orf68,-1.155473676687171,2.313463220403061e-19,7.448173151927294e-19
ZNF578,-1.0763148011782047,2.3378318434668635e-19,7.523966238795495e-19
PDE8B,-1.8696946157844607,2.3968289393140024e-19,7.708388194758443e-19
LRRC6,1.117916421207659,2.4337677456589177e-19,7.824421454296941e-19
FAM153A,-1.3383480334401803,2.463835203505691e-19,7.919687834966288e-19
SUGT1P1,-1.0096031620895773,2.518205854193913e-19,8.093026335432874e-19
DMKN,-1.8611888633804048,2.6215729187688974e-19,8.414828397169854e-19
SLC7A11,1.4470157064887825,2.677396982109007e-19,8.587957227370971e-19
LAPTM4B,1.143756532097374,2.7016463186013444e-19,8.662685914655676e-19
FAM7A2,-1.0920248159057437,2.7761647100711846e-19,8.896923629828481e-19
FBN2,2.0392986441999463,2.814313620586193e-19,9.016006834834649e-19
HMGCS2,-3.56846718790609,2.8434004089301535e-19,9.107587127178529e-19
BGN,1.494362119899506,2.8452647693452457e-19,9.111955418084361e-19
LOC100192378,-1.3572795373819635,2.957691147770193e-19,9.465339655917866e-19
ANKRD22,1.4415840292818167,3.2000347889936704e-19,1.022292616076725e-18
RASSF7,1.1679518799272302,3.2737439572399596e-19,1.0452896203058934e-18
KCNH3,-1.830738148661526,3.3390658919680836e-19,1.0659596006926521e-18
GPX2,-2.3307932296629996,3.3598181065363047e-19,1.072208432561016e-18
AG2,-1.5514511435502039,3.48043160671085e-19,1.1105047596311587e-18
ZNF853,-1.0763331629559048,3.5976113663836876e-19,1.1462860091419967e-18
FNDC5,-1.2391606991250104,3.627856761203671e-19,1.1557206269546801e-18
GSTM2,-1.6240878237893064,3.6841020659462606e-19,1.1734332442068202e-18
HIST1H1D,1.6718369531317678,3.692415481193543e-19,1.175875419946922e-18
SLC22A12,-1.8684812180542318,3.8283563365974893e-19,1.2178883326648743e-18
RELT,1.0981765225677922,3.991677198968734e-19,1.2685143165647322e-18
PRR18,-1.1538975309711517,4.022481599014555e-19,1.2778574615508192e-18
REPS2,1.1535139088625108,4.22047593754107e-19,1.3398207794046058e-18
ADCK5,1.0277960495538423,4.2565111589611784e-19,1.3510248060430746e-18
GABRG1,-1.1798536602269778,4.313933247972776e-19,1.369011975468069e-18
ZG16B,1.4203113835224812,4.343901943711523e-19,1.3780419498323609e-18
PTHLH,-1.8821690808282057,4.36111323901391e-19,1.3832609215851229e-18
LMX1A,-1.8363263839556438,4.428223184136969e-19,1.4043022059380703e-18
SLCO4A1,-1.5795228536775534,4.631737038192229e-19,1.4681741608360425e-18
DHH,-1.2044149008056833,4.714763533317327e-19,1.4936101739814708e-18
GUCY1B2,1.687297821190332,5.025909400937332e-19,1.5902421141189336e-18
FMN2,-1.7102360954691154,5.042864249844704e-19,1.5953294741036347e-18
RTN1,-1.407920298016112,5.078631527054934e-19,1.6063654159336397e-18
RAB31,1.1560377934679043,5.089510931520646e-19,1.6095268847545227e-18
CD14,-1.0862662739322548,5.239926547552965e-19,1.6568070687008273e-18
GVIN1,-1.2986533266915004,5.368659816972234e-19,1.6966269904226664e-18
LPPR5,1.2337933596118862,5.587595403826649e-19,1.76489674016756e-18
CP,-2.9693800138612145,5.593656978522155e-19,1.766504822693247e-18
KBTBD11,-1.2419769687256341,5.700722726054914e-19,1.8000044368148763e-18
SV2C,-1.062208147795201,5.838457204301898e-19,1.8425353066904895e-18
SGCZ,-1.1621198388633807,5.865261986908421e-19,1.8506736687067773e-18
MARK1,-1.4076803993762468,5.925163898502465e-19,1.868602883652813e-18
GALR1,-1.0711662869271419,6.161801259613481e-19,1.941212674433094e-18
AMOT,-1.0726131898120084,6.449737471674039e-19,2.0294653620895856e-18
NLRP13,-1.385049389240232,6.854141515808905e-19,2.1552243567502073e-18
PCP4L1,-1.7075137399289622,7.185342799607076e-19,2.257807612312232e-18
CCND1,1.2653864333362197,7.771609164462466e-19,2.439499941726337e-18
KIAA0319,1.8874574200814345,7.80589105312805e-19,2.4494162185845524e-18
ZFPM2,-1.2940745256865638,8.041957260099309e-19,2.5221872502685686e-18
TMEM200B,-1.420109226370963,8.150837259634116e-19,2.555014476272082e-18
AKR7L,1.326364545612058,8.716940900630874e-19,2.7296486360602756e-18
C1orf220,1.0268854024083853,8.758067428783076e-19,2.741583859090943e-18
PCDHGA4,-1.5674863726934065,8.78173309586957e-19,2.7480468891888216e-18
LPP,-1.0360961968292468,9.341978914241184e-19,2.9198496252735625e-18
TTBK2,-1.0461175214415679,9.839183177176353e-19,3.0731408952323464e-18
NMU,1.8744535952525339,9.924472240131244e-19,3.0992480388936188e-18
PAPPA,-1.250163895867625,1.0074942031797523e-18,3.1451581170435653e-18
NLRP5,-2.1571987135060207,1.049085156571393e-18,3.2733111253118045e-18
MDFI,-1.4572446027895696,1.1062916438459851e-18,3.450030288320793e-18
IFI30,1.3607688252620669,1.119376629584502e-18,3.4890432856723785e-18
CSN3,-3.2870805119986137,1.1367144806384798e-18,3.541871566426266e-18
HILS1,-1.3169120722515808,1.1892722639283527e-18,3.70183362180024e-18
CASKIN1,1.5509354933726072,1.23161550351046e-18,3.8323242752822056e-18
ALG1L,1.896302100840336,1.2536421882255794e-18,3.898863617336446e-18
HRH1,-1.0488536299055689,1.2974734779949685e-18,4.032424401560938e-18
OAS2,1.3566525426665539,1.302839536925632e-18,4.048410394444739e-18
LOC221442,-1.2538610239972279,1.324110650040079e-18,4.1131034407303e-18
POU5F1,-1.0036036992116435,1.3398530331227259e-18,4.161294107137516e-18
SCEL,-1.863744832365936,1.3666987597246734e-18,4.243223183228421e-18
BRSK2,1.9627771246642984,1.3910824300882139e-18,4.318191247424242e-18
FOXE1,-1.4364763146495712,1.3958832668063531e-18,4.332355175733342e-18
SLC35F1,-1.2473168240492063,1.4165855509559255e-18,4.39585864030868e-18
PEG3,-2.029169007190508,1.485627552690407e-18,4.606963942354937e-18
FGFBP3,-1.023283998960408,1.5353905707102902e-18,4.759658473882734e-18
TUBA3D,2.1914321320280683,1.6200095020339342e-18,5.020264379558002e-18
PLAT,-1.3120285194490169,1.649618663023548e-18,5.110280551909061e-18
IER5L,1.1133318244823691,1.7249245470986917e-18,5.339932233135627e-18
ABCC6P1,-1.5235958849519196,1.7541565295824626e-18,5.4285806371964584e-18
RBPMS2,-1.4278906523434118,1.757241575504485e-18,5.4372035354254865e-18
SLC26A3,-2.98678261283895,1.7634691862844318e-18,5.4546184533450324e-18
ADAMTSL1,-1.2849150610759779,1.773599183050164e-18,5.483156577626042e-18
C1QTNF2,-1.4117648704842756,1.7939936263059712e-18,5.544323595865466e-18
SPINT2,1.0625807848912743,1.836405967048768e-18,5.671546966099207e-18
C7orf63,-1.0170302131161746,1.9496557610983063e-18,6.018243822159143e-18
MST1P9,-1.609273871610498,1.9573828078050004e-18,6.0410714225965445e-18
MICB,1.1484057090877577,1.9964896359199554e-18,6.15967810892389e-18
CALCR,-1.6687877328250886,2.0449005242056125e-18,6.3047635911441e-18
CNGB1,-1.0880054448583558,2.1035968004053797e-18,6.4835375140161066e-18
PCDHGB2,-1.3724820670536264,2.1568566097821003e-18,6.644315597878419e-18
NKPD1,-1.4684316122325205,2.1844760121793433e-18,6.727121781373809e-18
NELL2,2.032513839556441,2.202467635994717e-18,6.780233109760162e-18
KIAA1377,-1.2028108160790083,2.2541493882249967e-18,6.936987542495286e-18
SGCD,-1.1789802694273588,2.3412449296278625e-18,7.200148919414763e-18
SAMD13,-1.419201728320195,2.368641657564445e-18,7.283172988622567e-18
LOC100132354,1.014411431170406,2.418112566851413e-18,7.434031929470743e-18
DYDC1,1.0128163129169194,2.479874668973034e-18,7.618760945032259e-18
TTC16,1.1507265528891968,2.5145228238923645e-18,7.723904651250879e-18
KCNK3,-2.208485987178375,2.5452695167012898e-18,7.817030709045652e-18
SLC36A2,-1.0563813913194142,2.652954858073959e-18,8.143631919312019e-18
PTGER3,-1.683818812267175,2.7291058291137796e-18,8.37315243677029e-18
LOC100302640,-1.0451122065320968,2.8818967987083064e-18,8.838949861312098e-18
LILRB5,-2.0098033136966116,2.922470861605561e-18,8.960373436719897e-18
XKR4,-1.0306282682145023,3.0599279127197542e-18,9.377082120410384e-18
PIM1,-1.0974744910335268,3.2922143035410806e-18,1.0078254940152445e-17
MRPS30,1.0277621415576554,3.29261012630262e-18,1.0078254940152445e-17
ADAMDEC1,2.624045365156373,3.355855876190391e-18,1.0270115083102502e-17
ANTXRL,-1.0429633544139305,3.389620820186404e-18,1.0368218415367689e-17
PRSS50,-1.6943160356926268,3.4167239340005836e-18,1.044936588887981e-17
PDZK1IP1,-2.2007566100667066,3.501596722481408e-18,1.0701740285313814e-17
PRSS35,-1.195687143723469,3.615606356399359e-18,1.1040913018878971e-17
MRGPRE,-1.1069335398076756,3.755941166679133e-18,1.1461759774863411e-17
PDE3A,-1.4984786710560503,3.896185635963829e-18,1.1885749477367115e-17
AKR1B15,-2.61081474053539,3.952197764261587e-18,1.2050562127781185e-17
MEGF6,-1.0231936368361811,4.077523409120323e-18,1.2424365352563982e-17
CBLN4,-1.777497990123885,4.109030842582555e-18,1.2516179455744687e-17
CCL13,-2.1921133933985955,4.259039201828668e-18,1.2968767245046377e-17
MUC7,-2.6299921944035343,4.739544075954536e-18,1.4410208921763892e-17
C5orf23,-2.0837515593866422,4.9476339187839596e-18,1.5032845972896747e-17
SDF2L1,1.0215642770510271,5.671310494561311e-18,1.7191484584929152e-17
KCNA4,-1.5007072684744003,6.254292813779224e-18,1.8933459519245506e-17
SPDEF,1.8554249761760389,6.804571525100017e-18,2.0565103017000768e-17
TYRO3,-1.3824262626700188,6.8401704237134224e-18,2.0669259997153956e-17
LINGO1,1.4851751364463315,6.916380657545641e-18,2.089261153489932e-17
GALNT6,1.4471093779779967,7.14286736708306e-18,2.1558881559113402e-17
HPR,-1.0575416832712468,7.196849945632377e-18,2.1718212791834577e-17
CLDN7,1.2311271939703712,7.236987744326607e-18,2.1832099421607098e-17
PKIB,1.555776474919866,7.268731090447672e-18,2.1924227347045396e-17
SPATA22,-1.5601523000952955,7.321601018634513e-18,2.207637954981018e-17
SLC39A4,1.3064936758208425,7.357248163720498e-18,2.2180190182875825e-17
SYCP2L,-1.2097480724248464,7.42670816321953e-18,2.238588652013332e-17
C2orf50,1.371862076583212,7.747734425950092e-18,2.3326498470984043e-17
TSPAN1,1.7564446850905302,7.86577821534562e-18,2.3677982611863126e-17
WNT10A,-1.3241187299662123,7.902236233845724e-18,2.3779865459529462e-17
CRLF1,-1.553720761500478,7.99610618985318e-18,2.4054391170698638e-17
KLHL14,-1.4080186216754735,8.333153624350127e-18,2.5043486119208415e-17
ODAM,-1.6449278610413236,8.567515647074362e-18,2.573081790524577e-17
LRRC24,1.2757164558606942,8.828189561077638e-18,2.650058287933645e-17
IL4I1,1.5369858572294888,9.042862600318097e-18,2.7131568800657708e-17
PRKAR2B,-1.640160720783161,9.635385592042496e-18,2.884752038354434e-17
KCTD16,-1.0613807762280167,1.0094386429978348e-17,3.01968966614455e-17
IL9R,1.1833695356493117,1.0424261523077846e-17,3.116833648235644e-17
ADORA2A,1.290417755349563,1.1087807763271732e-17,3.3092533975214844e-17
HIST1H4J,1.3325530494672102,1.1404628200936954e-17,3.401580323474608e-17
PLAG1,-1.2079886857835929,1.1684654997422572e-17,3.4828193043733924e-17
ITPR2,-1.0193890323139527,1.2064286980570887e-17,3.594209752984155e-17
KRT79,-1.8596217751017934,1.2150754809474996e-17,3.619378003548901e-17
DDO,-1.0522700424499698,1.2473646078402447e-17,3.714342868725008e-17
NTS,-2.7956688772416176,1.2499692286082473e-17,3.721490001366687e-17
NOL4,-1.4003024603655894,1.2764054453802923e-17,3.797092388013966e-17
GALNTL1,-1.3677423070259005,1.3559880087830843e-17,4.031201980055281e-17
PNLIPRP2,1.3013154769124147,1.3783381292885396e-17,4.0963084028472303e-17
TNC,-1.3887537122065314,1.385935045358045e-17,4.116869391425015e-17
KCNK5,-1.368455042016806,1.4170483704531888e-17,4.2072307107094104e-17
EFS,-1.2779594949319932,1.4576534601762313e-17,4.32567100351939e-17
CAPN13,1.9022723555401555,1.5481802160587927e-17,4.5898248327228344e-17
ATP8A1,-1.1418295460452201,1.5630073891299283e-17,4.63302776491322e-17
TYRP1,1.7446268734297845,1.5649103372300637e-17,4.6379131990554956e-17
STAB1,-1.0732945767997926,1.60342184933226e-17,4.7512759113454544e-17
MAPK15,1.947693173351814,1.685820594861433e-17,4.9921900582825224e-17
FAM40B,1.182022307892229,1.707637569068126e-17,5.0551515156524796e-17
SLC1A3,-1.2019790695659722,1.8918783279190282e-17,5.588747355259667e-17
P2RX1,-1.3809757472060986,2.056742585008417e-17,6.067890644231477e-17
HIST1H1E,1.1674222862340813,2.1221031146345993e-17,6.257677465688257e-17
PRR15L,1.5736890366455842,2.1657720658796004e-17,6.384380391126538e-17
GDF15,1.7436175301048253,2.2065399512642432e-17,6.502452117996279e-17
HOXB13,2.6787047517976257,2.2118515729036814e-17,6.515995174229764e-17
GPR120,-1.3910879147535304,2.22247714454041e-17,6.546238100658428e-17
PCDHGA12,-1.178270129082561,2.2271395667727764e-17,6.558909809733838e-17
CEACAM1,-1.282507666984321,2.3668156220116957e-17,6.964620880614112e-17
BMPR1B,2.806973646365763,2.604961687560305e-17,7.656728176757667e-17
C20orf103,1.867316507840247,2.6109133893368468e-17,7.67298295545667e-17
SMOC2,-1.0553610023390778,2.7760994661001854e-17,8.151853295922194e-17
FFAR2,1.665323724335095,2.7871227541738586e-17,8.181582888925455e-17
CXorf30,1.1150824482370267,2.830419213962125e-17,8.303323279895658e-17
ALPK3,-1.2747350515463935,2.889441205998853e-17,8.469645454556702e-17
ZYG11A,1.4714217361171258,2.9969796479719213e-17,8.777798959297326e-17
FCN2,-1.845838564497964,3.083464473655508e-17,9.026745547435062e-17
PALM,-1.1654912067919945,3.28159659530574e-17,9.595968325196849e-17
NAT8L,-2.019696772935979,3.5432509354884597e-17,1.0346133586573056e-16
CALHM1,1.3228550766698435,3.656384635114953e-17,1.0673054764752644e-16
TAGAP,-1.0284195573074593,3.731285405155627e-17,1.088819945977042e-16
LOXHD1,-1.0867161006670711,3.781298666752146e-17,1.1027071392324467e-16
FOXD3,1.3451059040110893,3.9230759619203385e-17,1.1435028300213918e-16
CST5,2.412465611192931,3.979794714445319e-17,1.1589218235010102e-16
ZCCHC5,-1.0497573940916571,4.0062797859654813e-17,1.1660746873030005e-16
VNN1,-1.3215283678419842,4.0191405678983144e-17,1.169443985892791e-16
OMD,-1.561253716538161,4.396907123132688e-17,1.2775243473644745e-16
MEX3A,1.2748382179676003,4.558687894615636e-17,1.3230515903330424e-16
GPR15,-1.7200750194923324,4.72580123859373e-17,1.3706781380835192e-16
UCP1,-1.5132050073637706,4.826408755349844e-17,1.3994125290479964e-16
RADIL,-1.2799902668283805,4.9162620496183196e-17,1.4252383833285915e-16
PREX1,1.0964365372953306,5.0196414949152047e-17,1.4547450108572117e-16
TMEM90B,1.8198226934072599,5.118367909017249e-17,1.482648807253994e-16
SLC11A1,1.3440553365676164,5.149167538048172e-17,1.49089379864944e-16
AMICA1,-1.2980399202980148,5.302999897188911e-17,1.5351543754537172e-16
KLRC1,-1.5121122108637262,5.3969830571925825e-17,1.56161631839257e-16
COL7A1,-1.8965283115307967,5.410335237793372e-17,1.5649822395288852e-16
PRLR,1.1915176557220857,5.421947413465759e-17,1.5678428716015443e-16
WBP2NL,-1.1192504461578445,5.4978558414820214e-17,1.5895405000396638e-16
PLAC8,-1.5262111842675208,5.5123367478843786e-17,1.5932211149847465e-16
LOC400931,-1.2270001602702942,5.640439321605033e-17,1.6292116307708095e-16
IQGAP2,-1.029185683964311,5.750227866469995e-17,1.6603965395519245e-16
CSN1S1,-3.2547277960668803,5.834825530326642e-17,1.6842900274109713e-16
LRRC4C,-1.3374141037858447,5.924359892072072e-17,1.7093219704452044e-16
CD200R1,-1.3771407043229655,6.154853098229992e-17,1.774829441381833e-16
AJAP1,-1.1957534869617943,6.215614380428461e-17,1.7916520754859744e-16
ZNF750,-1.354523555401543,6.499930947119229e-17,1.8724203676279685e-16
DCDC2,-2.2628006843974697,6.743870133758303e-17,1.9411554086780897e-16
ARHGAP36,-3.341422455167633,6.922860901375534e-17,1.9914165137126874e-16
SOX9,-1.3601281729186532,7.042834868962048e-17,2.0256078862334677e-16
GGH,1.1244206791995142,7.053336299494614e-17,2.02830775133808e-16
TFAP2B,-3.1598428268214516,7.304562202151061e-17,2.0998885939001224e-16
MS4A8B,1.9381037728493458,7.987123243932971e-17,2.293211426014383e-16
PLN,-1.470471948366975,8.073649859975625e-17,2.31768882512437e-16
PLIN2,-1.062171047388027,8.104213731191367e-17,2.326095909001521e-16
PDZD7,1.0493591917179241,8.475753320181157e-17,2.428524125409375e-16
UGT2B11,-3.386205275924803,8.50603628410239e-17,2.4364339650592574e-16
SLC17A9,1.4349484362817284,8.689126995277173e-17,2.4884861342830454e-16
MESP1,-1.647344390539721,9.013908905805762e-17,2.5806886412768523e-16
GOLGA7B,-1.4236552196136198,9.239696331405916e-17,2.644084142753999e-16
MUC6,-3.1967584596725294,9.438082674042751e-17,2.7000065836177934e-16
RNF222,-1.1160924326431603,9.534107371061521e-17,2.7270483418515534e-16
FUT6,-2.216765689162262,9.576403430054677e-17,2.7387159723061313e-16
AIFM2,-1.116383041670277,1.0390644479628617e-16,2.9678471906900943e-16
VSTM2A,3.2126493979034905,1.0945123510765796e-16,3.1247503649069917e-16
POU3F3,-1.3763698215368618,1.155470475419615e-16,3.2961963742459257e-16
C10orf41,-1.1905075500303215,1.15854572310187e-16,3.3044512374840706e-16
HR,-1.4004309321666817,1.1879983878098343e-16,3.3872520418642646e-16
CITED4,-1.57458889803344,1.1911865462171117e-16,3.3948909818052426e-16
SIX2,1.6394194186953142,1.228914787435458e-16,3.500772437509803e-16
C19orf46,1.453246144849694,1.2471072210002235e-16,3.5509295704469057e-16
AIFM3,1.0825779996534695,1.2538885369522274e-16,3.569679862080293e-16
SNX31,-1.2610711296889892,1.41503492112085e-16,4.0202716824040627e-16
DDX43,-1.7501390279823277,1.435893066955237e-16,4.078258932405396e-16
FLJ34503,-1.1820842675214414,1.4416481776613964e-16,4.093327371388301e-16
C20orf151,1.4168397600277212,1.4451192882501256e-16,4.1025431073014715e-16
PCDH19,-1.4583016330243437,1.4478309514250882e-16,4.1096003132373115e-16
TFPI2,-2.396353486961794,1.5398845212272436e-16,4.364084997648998e-16
ATP2B2,-1.6171563458373046,1.567589617279026e-16,4.441219269000795e-16
TFF3,1.9668509572901307,1.6300994378878126e-16,4.614727848813663e-16
DIO3,-1.537985437061422,1.6400295142058596e-16,4.64211743851489e-16
SYCP2,1.417738118340119,1.6802240204269248e-16,4.753670787042479e-16
C10orf140,-1.2211253227064027,1.6907775325439568e-16,4.782042172917595e-16
FMO3,-1.2873123884605393,1.746776582022444e-16,4.938890046995115e-16
RAB25,1.2409241661613102,1.7744559410481907e-16,5.016372339633517e-16
ACAN,1.7666515723815306,1.7808606142945895e-16,5.033696546895095e-16
TSPAN12,-1.0391408819197778,1.81177517789944e-16,5.120283118041221e-16
SCD5,-1.1707177726760802,1.8865201187097358e-16,5.326558976403494e-16
PAX3,-1.4700826908082818,2.072251371816876e-16,5.839193764888946e-16
FCGR1C,1.2063130338733417,2.1857404042870481e-16,6.15231677427511e-16
CPVL,-1.0499093649831064,2.451743856257328e-16,6.888268778430643e-16
FLJ12825,1.3156447197435681,2.4814291954853317e-16,6.96951946388204e-16
FCGR1A,1.3972151000606416,2.544748489094444e-16,7.1440556364876875e-16
MYH2,-1.1639043013081523,2.5598389348843444e-16,7.185311970963719e-16
SYT6,-1.1095457550030332,2.575888066612991e-16,7.228131721374483e-16
ACCN3,1.1509709867452145,2.7243955413815085e-16,7.630738889024096e-16
PROK1,-1.8613402884865284,2.7547473570374316e-16,7.71337734812373e-16
OOEP,-1.0428231742181413,2.7688112019722644e-16,7.749180551891317e-16
PON3,-2.2394292384995227,2.792734848434222e-16,7.813733852758707e-16
S100A4,-1.1790839339859662,2.9374344828032685e-16,8.214797955210924e-16
OVOL1,1.291521922377198,2.967308550860632e-16,8.29579443270098e-16
SPDYC,2.2537688469202113,2.9724680497423574e-16,8.308942860789332e-16
FSTL4,1.4631861950965952,2.9934985831481744e-16,8.365160379036878e-16
CEBPA,-1.4215032660486866,3.02593749845171e-16,8.453213671626224e-16
IRX5,1.040790262496749,3.0321207195607767e-16,8.469187273003654e-16
SH2D1B,-1.0417784977908688,3.0542796635582647e-16,8.527778836666131e-16
EYS,-1.1549944251927573,3.1551383944304e-16,8.803339085502235e-16
ITIH4,-1.109502871870399,3.1617436867695224e-16,8.820416908852968e-16
GOLGA8C,-1.3095840596032224,3.3016643476471583e-16,9.205115043685284e-16
TDGF1,-1.4674519882179675,3.360346872945512e-16,9.367288534184863e-16
SFMBT2,-1.1013882136359694,3.4250074824693512e-16,9.543151875614513e-16
SNAP91,-1.3336280992809493,3.478182813225905e-16,9.685385000635023e-16
CELF5,-1.778047206098933,3.5157320381130837e-16,9.788447581794503e-16
HLA-J,-1.0780082041063843,3.6526606899608524e-16,1.0163464160708865e-15
LBP,-2.536859204712813,3.709603351544244e-16,1.0315598809679173e-15
STEAP2,-1.2315789136273079,3.7334722000116115e-16,1.0377217049444399e-15
FAM86B1,-1.042189907303129,3.88064569746102e-16,1.0774770230458046e-15
C3orf52,1.3316836827514509,4.12160769260283e-16,1.142638209388506e-15
IRS4,-1.4017920471281293,4.1410029010227657e-16,1.1476655878093394e-15
BAALC,-1.5504668500389842,4.169804385627707e-16,1.155471901835609e-15
AADACL2,-1.0079212856276532,4.198807999311385e-16,1.1631548015745724e-15
PRF1,-1.2645872130295404,4.2247174213420635e-16,1.1701541573446377e-15
ILDR1,1.0838164861821014,4.357869436607506e-16,1.2057500737888194e-15
LHFPL1,-1.2163248635536692,4.448140806987266e-16,1.2297920277884145e-15
MAGEA1,1.9347541497011176,4.487407572532265e-16,1.2400831948201733e-15
TCL1B,1.6868722775708223,4.59318995141245e-16,1.2691232040916943e-15
C14orf132,-1.1134187516243603,4.683197820801866e-16,1.2934038830535028e-15
HUNK,-1.3478663129169197,5.358918951764291e-16,1.4775583410930837e-15
IRX2,-1.6529206402148482,5.40007324413055e-16,1.4882291182877881e-15
FBXO27,-1.2965353850818682,5.429919237421267e-16,1.4960015117115079e-15
AKAP5,1.1063669713246123,5.453954543846531e-16,1.5021687783573671e-15
IL17RE,-1.1792551633024342,5.486460262831978e-16,1.510664591806542e-15
HPGD,-1.940381231049118,5.542182868552458e-16,1.5257766902035751e-15
PPFIA3,1.1033116260937375,5.829603788813782e-16,1.6039340654138042e-15
IGFALS,1.4719592610239975,6.241382875672747e-16,1.714378941992923e-15
CLVS1,-1.193274664298709,6.660470051341583e-16,1.8272876615609772e-15
MSMB,2.534377575153772,6.803634251196377e-16,1.8651589499175852e-15
C21orf130,-1.0416044659100763,6.87781003722874e-16,1.884642121145187e-15
SCG5,-1.243371645152905,6.922244535534023e-16,1.8965324696015326e-15
CACNA1H,1.815835714285713,7.403035271378473e-16,2.0246011274774993e-15
SCTR,-1.0190435458719573,7.507834866659052e-16,2.0526452099398427e-15
PYY,1.6473949060036388,7.558672628107363e-16,2.0662339367688594e-15
SPTLC3,-1.1437352984492772,7.829157331991888e-16,2.139209710511083e-15
C16orf54,-1.1823983713072872,7.972894808273668e-16,2.1775034387847796e-15
MMD,-1.4731748982067057,8.014012638400272e-16,2.1884049213441367e-15
HLA-DOB,-1.2808108983799702,8.394420053995701e-16,2.290222245846579e-15
PDCD1LG2,-1.0670572294897331,8.472898224111735e-16,2.310940461095384e-15
LRRK2,-1.1703658407692954,8.692226209408441e-16,2.370050834180076e-15
MMP9,2.222599250628085,8.7739217808786e-16,2.3912516570943725e-15
SBK2,1.012071866066014,8.835845760051596e-16,2.4077679696140597e-15
FAT3,-1.4237777527505857,9.566485712576679e-16,2.603749094288775e-15
B4GALNT4,1.5232394264922462,9.669167455953399e-16,2.6309096442559e-15
C1orf61,-1.323653543272979,9.73179519105684e-16,2.6475544442207093e-15
TMPRSS6,1.9539834401801977,1.0033407442457834e-15,2.727977829351157e-15
CMYA5,-1.1389925279390098,1.0086851197753219e-15,2.7416895976213503e-15
KLRK1,-1.3143460538854708,1.0132247428323067e-15,2.7527955214591762e-15
AFP,-2.666769864853157,1.0165787799267522e-15,2.7610837855873874e-15
FOXP3,1.4377843888070698,1.0310775127473703e-15,2.79879271764694e-15
ERBB3,1.1817771116694136,1.061799252585457e-15,2.8796084318851422e-15
PCDH17,1.0396817984925928,1.065173950066366e-15,2.887948531389183e-15
FBXO40,-1.140334232868405,1.1499354470927807e-15,3.11445840550958e-15
CCL7,1.528341414710214,1.2007073820008059e-15,3.2510005168169964e-15
NME1-NME2,1.1421984536082483,1.20623601515854e-15,3.2645129622258256e-15
PRSS3,-1.2153854327297933,1.2421231113322527e-15,3.3591393545655914e-15
HSD3B2,-2.573489331196397,1.2662920728014026e-15,3.4239920679150224e-15
FFAR3,-1.391268080221779,1.272547619135201e-15,3.4403957093595815e-15
ADCY8,-1.1615164212076585,1.2743253516672382e-15,3.4446902845854973e-15
CDR1,-1.9120763363077176,1.2938338047382057e-15,3.4958671140937446e-15
CACNA2D3,-1.1871206921944033,1.3066890672460579e-15,3.5295535080991234e-15
POSTN,1.3817058780213074,1.3252774706436965e-15,3.5792323142621965e-15
ODZ3,-1.2930699514857498,1.3265718730044336e-15,3.582196677688726e-15
DHDPSL,-1.5302839946287778,1.3349283911637622e-15,3.603692941473226e-15
GOLGA8G,-1.0446903404660834,1.3521446430506137e-15,3.649086573380329e-15
HMX2,1.2137838690115221,1.384115445696923e-15,3.7337067957944715e-15
ZNF280B,-1.1383393441912841,1.3915177935832204e-15,3.753118743013093e-15
C9orf68,-1.2062754396604012,1.39376602174443e-15,3.7586256138983495e-15
LOC729467,-1.3117428181581912,1.4827280893243835e-15,3.994390914602894e-15
POU2AF1,-1.7533898639868335,1.4830231446767522e-15,3.994594599371252e-15
FIBIN,-1.2010538031707574,1.484162011830478e-15,3.997070735515637e-15
KCNG1,-1.6662893268647672,1.5003647229919186e-15,4.040109327310931e-15
PC,-1.1305888027375897,1.5977658630752686e-15,4.298571091569482e-15
CYS1,-1.0848453218400778,1.662836713619478e-15,4.470331811846899e-15
BAI1,-1.5009817898293334,1.6686948253921148e-15,4.4847559289255374e-15
ELOVL3,-1.6556870527592489,1.695010433967378e-15,4.5534644228908175e-15
MSR1,1.173116863033874,1.7018018452563384e-15,4.571034231843165e-15
DNAJC12,1.5938771463224475,1.8333964494439375e-15,4.9172411329347274e-15
NPR3,-1.9360872823356141,1.8608064960121486e-15,4.9870819562587075e-15
LDHD,-1.2795902191804576,1.8777124324585334e-15,5.030909539011286e-15
PIP,-3.271773442779171,1.944312217515984e-15,5.2070494770403794e-15
SLC7A4,-2.167668825262062,2.0300727054907983e-15,5.434325508536618e-15
IL1R2,-1.2469180412371141,2.2115089346705122e-15,5.9113211656104756e-15
KIAA1409,-1.083449666464524,2.260311794043105e-15,6.040883216409725e-15
CPNE7,1.831422151953566,2.357393631482244e-15,6.296645087875465e-15
GOLT1A,1.2487937407952865,2.3955152016601645e-15,6.3975298145275785e-15
DCAF12L2,-1.1627484362817289,2.5181417945360417e-15,6.721075525797591e-15
ZNF835,-1.167147301394785,2.5673865200966744e-15,6.8494997545536805e-15
MACROD2,-1.0058414536948792,2.6111628458023243e-15,6.964248686027796e-15
SERINC2,1.0823674434722381,2.649633368369872e-15,7.063748711839012e-15
HOXC11,2.2513263493026074,2.6713019752694787e-15,7.119430432771643e-15
CXCL14,-1.914785155505502,2.6968370367184755e-15,7.186433110728504e-15
CSF2RA,-1.0254277917352494,2.890396099089473e-15,7.69321248599586e-15
C22orf41,1.2969854977042368,3.011752739734172e-15,8.010364570628453e-15
BCL11B,-1.379095252534003,3.075401246761143e-15,8.174872794216281e-15
BEX2,-1.4223612449103342,3.136312237253084e-15,8.333132630961595e-15
HCG4,-1.2991289396170842,3.137058082172753e-15,8.333897879420698e-15
GRHL2,1.2190751104565507,3.161545693560575e-15,8.39527589495013e-15
DIO1,2.274851901585376,3.3657082484729e-15,8.925697442737792e-15
ANO3,-2.1432741574980514,3.467430383645418e-15,9.191442445536267e-15
TYMP,1.2242205622455185,3.5145596012773683e-15,9.315015786553864e-15
NAP1L6,-1.138539998267348,3.5175857233239637e-15,9.321678981171366e-15
CCL24,-1.0381935891882526,3.54641079039423e-15,9.396698052044566e-15
HIST1H3G,1.5028671445897945,3.5742380423766555e-15,9.467673906487525e-15
HAS2AS,-1.0220661916312908,3.5757463887508155e-15,9.470291214088621e-15
KIAA0087,-1.0242589664731874,3.596177244125587e-15,9.523016347805944e-15
ANO9,1.2340157887897414,3.6073824761767574e-15,9.551299376559347e-15
IL21R,1.6144968725634588,3.699241487620631e-15,9.787397209179992e-15
LHFPL5,1.3341266611799363,3.744231217377748e-15,9.903551416728733e-15
SHC2,-1.0273507060556186,3.805452054829505e-15,1.0058173915211483e-14
ANKRD20A3,-1.2054643983366549,3.8052099559797094e-15,1.0058173915211483e-14
TFF1,2.8764569306072936,3.889295342722904e-15,1.0275303791521772e-14
TNNI3,1.748238239625747,4.06161697339917e-15,1.0725897833568126e-14
ZNF883,-1.210895910941697,4.339336831383217e-15,1.1447673672705607e-14
ASPH,-1.0580673048600868,4.5261811608006144e-15,1.192848931085183e-14
TOX3,1.641316061682403,4.654940573797552e-15,1.2255406893959622e-14
CSMD2,1.2750340379450749,4.7281523849606024e-15,1.2444557238785113e-14
CYP4F22,-2.351972966299921,4.7676279716357616e-15,1.2544829714901094e-14
MGC45800,-1.521396889889977,4.772471211012793e-15,1.2555758556737371e-14
ADAM6,-1.9612613402061854,4.989370499321032e-15,1.3116913806923853e-14
ZBBX,1.1024518366109333,5.151872004212904e-15,1.3536305729314014e-14
RGS18,-1.014913869877847,5.1777379044997975e-15,1.3602303806553588e-14
CHRNA9,1.7413542623234857,5.214254218819695e-15,1.3694282144737399e-14
GPR139,1.2871447847180106,5.383016610954859e-15,1.4133427285332654e-14
PLEKHG4B,-1.8519178723035594,5.4142059509786995e-15,1.421121714861792e-14
HS6ST3,2.1771861561119294,5.456788697607402e-15,1.4316795137294253e-14
FGF13,-1.2387927791735258,5.497792266463431e-15,1.4422296098347576e-14
LMO3,-1.848829156198562,5.700728178605104e-15,1.4939584658098e-14
CD69,-1.2785392359005447,6.007487159335127e-15,1.573216641654112e-14
HMP19,1.8797845230875847,6.436864236002842e-15,1.6844485291541077e-14
TFCP2L1,-1.7488990600363845,6.754064373675106e-15,1.7661863783078286e-14
SLC4A11,-1.3873983713072864,6.8056772318419976e-15,1.7794275014538908e-14
GDA,-1.3641579442086114,7.341182126616196e-15,1.9169636816926495e-14
PFKFB1,-2.164288681451963,7.489568466224927e-15,1.955150075873976e-14
HOXA13,-1.0769115004764789,8.182032676816536e-15,2.132858954834475e-14
IL7R,-1.5496616174304751,8.547900094212662e-15,2.225363635797384e-14
GPR37L1,1.4777798232695147,8.892251843325272e-15,2.3130274407552147e-14
LOC145837,1.529744507493719,8.959799768579142e-15,2.3302648262244053e-14
TLE6,1.2063221952698608,9.512632323939909e-15,2.4719264267334495e-14
SLC2A3,-1.151396980854198,9.613470258537715e-15,2.4970604896712616e-14
NQO1,1.0270674867885319,9.749016257743227e-15,2.5319067333385638e-14
CSTA,-1.3284183314562936,9.766249086176853e-15,2.5356587093949116e-14
KCNF1,1.8404056224551688,9.934780366232527e-15,2.5790474473264503e-14
SLC24A5,1.1507073681018802,1.0051559072803708e-14,2.608618902227629e-14
PNMAL1,-1.3929177033700082,1.040216664469649e-14,2.6965343126375703e-14
GJB4,-1.0707493372606776,1.0733348430266523e-14,2.7811977434326198e-14
DNAJC5B,1.517698345317509,1.1428140879388338e-14,2.9574416893304796e-14
CREB3L1,1.2726313046868238,1.196554305242015e-14,3.093435310086692e-14
RAMP3,-1.1169906696699314,1.2022770363208189e-14,3.107788823082628e-14
C22orf34,-1.0717234774322104,1.2512224511299806e-14,3.2320139460648556e-14
CD40LG,-1.3407759118080236,1.2570566223882888e-14,3.246623396330026e-14
MSX1,-1.0035935242138097,1.2692943516309959e-14,3.277300011736031e-14
AQP2,-1.1431013731265702,1.372370736094005e-14,3.539926953254807e-14
PRG4,-2.6577847266741736,1.4965207373995825e-14,3.854700294733918e-14
SHC3,-1.1409728276877762,1.4982672749509483e-14,3.857561415266211e-14
HCN1,-1.316959663865547,1.498170553701636e-14,3.857561415266211e-14
ASB9,-1.003497171445896,1.5810673181197225e-14,4.067868323919902e-14
ADCY2,-1.5442040587368968,1.6272988753821488e-14,4.182086888123854e-14
C10orf107,-1.3183733734731007,1.6322015722651403e-14,4.1940944692182874e-14
MAGED4,-1.1019422377198298,1.6405350072993357e-14,4.2149130187536775e-14
CDC14A,-1.0904424413064184,1.6644442629559177e-14,4.274531450139189e-14
NFKBIZ,-1.3572386381356658,1.6946303141991384e-14,4.350212326803965e-14
GATA4,2.003378506454128,1.7992074585540956e-14,4.6147630503114276e-14
SLC4A3,-1.0858581174737951,1.8267047619567593e-14,4.682651286001815e-14
RFX6,-1.8151087542233395,1.8366862527119733e-14,4.706249980027597e-14
HIST1H2BG,1.7324352421380924,1.9471278079634087e-14,4.985030589079878e-14
ADAMTSL2,1.0740129775621607,2.0592883380220217e-14,5.2655184178978595e-14
BARX2,-1.7444419301741325,2.0855249576632677e-14,5.3311066991074934e-14
PLEKHG6,-1.0338445594732741,2.0879810239113246e-14,5.335886365050939e-14
C1orf116,-1.9395095295850284,2.0912921611657197e-14,5.343597867728747e-14
ACY3,-1.6816684830633282,2.2846261519941592e-14,5.829415453427206e-14
PPM1E,1.4480225374685962,2.544705362076912e-14,6.480312214029942e-14
TEX14,1.5799546911548132,2.7071150855753984e-14,6.889083727489022e-14
GPT,-1.6751014814173066,2.7086410384405416e-14,6.892003469769805e-14
SERPINB2,-1.7751282595512434,2.745291569017798e-14,6.983306656069169e-14
KIAA1210,-1.339271324612319,2.795269017790726e-14,7.105471572524031e-14
QRFPR,-1.3221191631291693,2.79972984240054e-14,7.115817135048454e-14
FAM183A,1.2022254699818065,2.927455660038651e-14,7.43318111029203e-14
BIRC3,-1.0045155115654492,2.944074286994554e-14,7.473293019964004e-14
GDPD2,1.4337643636836177,2.9516561250336537e-14,7.490449803985445e-14
MYB,1.445503218400761,3.028708419447052e-14,7.683843813128178e-14
DOK7,1.784157727627134,3.134758087752787e-14,7.949111513512723e-14
KRT77,-1.1854275838170318,3.4853926017856975e-14,8.819099462094113e-14
SUSD3,1.4102454344624453,3.526128866049306e-14,8.920934502945867e-14
GBP6,-1.2634849995668365,3.66942913435081e-14,9.280897392328443e-14
EPHA10,1.3161218530711247,3.70573929554408e-14,9.37143267529715e-14
STBD1,-1.0237995625054168,3.748680076298425e-14,9.476076021227639e-14
FER1L5,-1.4998470068439755,3.861972435512083e-14,9.75704153277258e-14
ADRB3,-1.2251439053972106,4.013592300764914e-14,1.0130257993735958e-13
SLFN12L,-1.0699354457246821,4.1473706161647275e-14,1.0462110217024188e-13
OPRD1,1.0328931473620377,4.217250354224872e-14,1.0632494210243123e-13
GPR3,-1.0172295243870746,4.275929086849235e-14,1.0778941582594741e-13
TMEM63C,1.4684810274625306,4.359323708886132e-14,1.0986123421411361e-13
GJA3,1.0242322922983627,4.3796729813346576e-14,1.1035878637767825e-13
IGF2BP1,1.2558433162955904,4.4571376650932424e-14,1.1226411639365199e-13
CHRNA2,-1.6205520055444862,4.645633889875594e-14,1.1696331078479315e-13
NRG3,-1.4278392965433593,5.1006259227791324e-14,1.2820587361550477e-13
BDNF,-1.3204459325998448,5.124218623950921e-14,1.2876332359439345e-13
KRT7,-1.9338638525513296,5.183602691534599e-14,1.301872010852619e-13
LHX1,1.3403726934072597,5.4135655916228005e-14,1.3582789037120583e-13
TMEM108,-1.224263895867626,5.4973215905502964e-14,1.37872340745091e-13
FGD3,1.0999514944122,5.6600169612953065e-14,1.4189407622429205e-13
ABCB11,-1.25746699298276,5.961303253197386e-14,1.4932379677714602e-13
CSPG4,-1.0388998397297087,6.062625077341458e-14,1.5182000864334374e-13
OTOR,1.1000081348003117,6.3985323446383e-14,1.6009963473464054e-13
JAKMIP1,1.6337772242917783,6.541399605495571e-14,1.6359469258747923e-13
NEGR1,-1.2643488781079437,6.568768255687745e-14,1.64223717289224e-13
TREM1,1.5342313739928954,6.707035563030312e-14,1.6763444782897265e-13
WT1,2.302033505154639,6.760496893681998e-14,1.68924262121748e-13
C1orf127,1.1318018192844153,6.778323995066194e-14,1.6932322174034573e-13
MFAP2,1.1786168240492083,6.83727826681979e-14,1.7077247021256947e-13
HOXC13,1.8995125227410545,6.954425608556209e-14,1.7367459096247589e-13
GJB1,-1.9855822143290323,7.348422871131639e-14,1.8333791327194246e-13
EREG,-2.198928532443906,7.39191070026618e-14,1.843976298162879e-13
CYP24A1,-2.1389480334401805,7.529817860529847e-14,1.8773493290675908e-13
SERP2,-1.0399372606774673,7.611826925859018e-14,1.8970165050850452e-13
HHIPL2,1.5207184873949582,7.803385731545148e-14,1.9442243426131445e-13
LALBA,-3.064996733951312,7.861041019154342e-14,1.958321194357007e-13
SHISA6,-1.2418946287793466,7.8833215726552e-14,1.9636029363306322e-13
FCN3,-1.0218511262236851,8.323097073965169e-14,2.07059363178062e-13
IL24,1.3440377544832365,8.325778306165164e-14,2.0709776237650244e-13
FAM25A,1.5690156501775965,8.458987536753702e-14,2.1035375701028367e-13
IFI27,1.402022576453259,9.372399874211133e-14,2.3243296309300443e-13
LOC647946,1.0842885081867806,1.0592168298717752e-13,2.6204028206246163e-13
RSAD2,1.2434657887897416,1.0701123848345738e-13,2.6466380083075745e-13
ZNF229,-1.1953923243524214,1.1119597092690609e-13,2.7482691904717876e-13
FBXL16,1.4107936714892162,1.1152813601278489e-13,2.756104615586103e-13
NRTN,-1.110121463224465,1.1332445818444643e-13,2.7997354944781195e-13
TNFRSF11B,-1.3978572598111407,1.1369625671981773e-13,2.8081586988749557e-13
FCN1,-1.5526613358745567,1.157341114798369e-13,2.8569406445178616e-13
HIST1H4E,1.0179317638395564,1.20951563367543e-13,2.9816919122147686e-13
GPR183,-1.0302628086286063,1.285846594563512e-13,3.1660037279642376e-13
MST1P2,-1.1592262843281649,1.3082274388562355e-13,3.220674069448209e-13
ZNF831,-1.2283836394351555,1.314810975703891e-13,3.2360065157839276e-13
CEACAM6,2.4723976176037423,1.3217867305584065e-13,3.252295736192846e-13
TMEM130,-1.4550604695486449,1.3417683892285512e-13,3.3005689174496376e-13
IL20RA,-1.485531820150741,1.4352263303771152e-13,3.5256983659722843e-13
DLX4,1.0692852897860177,1.4756605496071034e-13,3.622582465879717e-13
KCNS2,-1.026943233994629,1.48064166090182e-13,3.6343204090339577e-13
ELAVL2,1.3433123494758727,1.4824839021892036e-13,3.63786121212592e-13
RYR2,-1.403379922896995,1.512296084848872e-13,3.708517530985318e-13
ADAM23,-1.1540363207138524,1.5553220237240658e-13,3.8119734479398374e-13
FADS2,1.570046772935978,1.5784507059614443e-13,3.86761854901281e-13
PTPRQ,-2.0500166291258775,1.5921064320387051e-13,3.8984548536992937e-13
SPP1,1.665610313609978,1.6403679614553204e-13,4.0133895164477416e-13
PPP2R2C,2.2829007320453956,1.6646544045648834e-13,4.070074429320964e-13
PODXL2,1.11937435675301,1.7804386477708623e-13,4.349661079770904e-13
SLC25A18,-1.3335252793901078,1.8417264134228337e-13,4.4975779317864027e-13
KCNMA1,-1.041207766611798,1.8735382153695057e-13,4.573423110415865e-13
FCGR1B,1.0613779260157674,1.8768663027339015e-13,4.580932865200484e-13
EPHA8,1.4090226111062982,1.9333286232026818e-13,4.717477336214265e-13
IFIT1,1.2140935025556612,1.9842466395673238e-13,4.84042369070544e-13
ANO2,-1.3339486182101705,1.9961445796729397e-13,4.868795361622206e-13
PTPN5,-1.092396794594125,2.0310451825538449e-13,4.952594167183877e-13
PKP3,1.0590359178723059,2.128271349629309e-13,5.186201255328288e-13
PCDHA3,-1.302536827514511,2.1389134517676337e-13,5.210041691760503e-13
CDH7,1.651571268301135,2.1620055327944164e-13,5.263472878622009e-13
MOSC1,-1.3667002209131045,2.2042078579247978e-13,5.364063587941858e-13
LOC284276,-1.269174824569002,2.2100884527781983e-13,5.37765540782269e-13
SLC22A18AS,1.0183977995321833,2.2510683067467857e-13,5.474441735165229e-13
RASSF10,-1.7067887204366299,2.4048507478492476e-13,5.84062683963974e-13
ACHE,-1.1590390539721045,2.515310744420017e-13,6.101572691987949e-13
LOC162632,-1.332807740622024,2.598687144806899e-13,6.301305727576926e-13
HPGDS,-1.053063839556443,2.626670975238126e-13,6.366616745973317e-13
LTK,-1.1576872130295428,2.702879645851541e-13,6.546104070441139e-13
MED12L,1.0597714588928353,2.9131406746476e-13,7.042217755725135e-13
OBP2B,-2.2588508403361343,3.061600244446694e-13,7.397174044287651e-13
RAPGEFL1,1.0189322489820682,3.069623858840932e-13,7.415337711430698e-13
TGM3,1.4640641341072516,3.077036806262375e-13,7.431511341965505e-13
MPPED1,-1.4435611496144856,3.1861322248852107e-13,7.689891923837906e-13
SCGB1D2,-2.813900424499698,3.2495846460567896e-13,7.836803035528847e-13
CLEC4M,-1.1215584683357882,3.428502931766613e-13,8.255163871289373e-13
CHRDL2,-1.767414961448497,3.4728622520726566e-13,8.358655503699401e-13
TLL2,1.2453024776921082,3.5637041023158345e-13,8.57276407750167e-13
PCDHGA10,-1.1236643117040623,3.682400205791996e-13,8.850109710328981e-13
ADAM19,1.0669059906436793,3.7330093445723805e-13,8.9693729011683e-13
OR7E91P,1.2406832625833837,3.857439312810904e-13,9.258566430788091e-13
PCDH8,-1.188104903404661,4.042669450874534e-13,9.69037556153136e-13
GPER,-1.280675097461665,4.044616883689815e-13,9.69376710122524e-13
BST2,1.0405945681365338,4.101472090572605e-13,9.828738344483034e-13
OVOL2,1.1136060469548648,4.1069343823662524e-13,9.84053265265406e-13
KIAA1244,1.1371663995495105,4.365132654121133e-13,1.0446819577040097e-12
TNFRSF9,1.4413773195876294,4.530444316854849e-13,1.08367513665846e-12
TMEM151A,1.1856441609633546,4.607012362525076e-13,1.101555839157283e-12
EIF4E1B,1.193729264489301,4.710868217919917e-13,1.1256489127171993e-12
FABP6,1.4897975786190767,4.85745968095894e-13,1.1597630977504668e-12
C2orf62,1.044454383609114,5.111782641383198e-13,1.2192057052030706e-12
SLC16A9,-1.224124122845013,5.267547618660997e-13,1.255370113936713e-12
HRASLS2,1.4322126960062365,5.398753035470945e-13,1.2856292713851073e-12
TNNT2,-1.2540944468509052,5.401981759303495e-13,1.2862298752727472e-12
ZBTB7C,-1.165414116780732,5.987678503878814e-13,1.4223373588164695e-12
CNTN2,-1.3225352118166858,6.211532614143746e-13,1.4737816498339234e-12
COL12A1,1.0020018929221184,6.280192656708248e-13,1.489878104132155e-12
THPO,1.2524954387940754,6.644724933042602e-13,1.5736914904524394e-12
SLC27A2,1.7028640171532539,6.665540330590965e-13,1.5780053405871679e-12
FOXN4,1.1713457246816248,6.99725488889728e-13,1.6548139631362503e-12
CCDC144A,-1.311893450576108,7.235690115337774e-13,1.7103138185884104e-12
UGT2B28,-2.690472918651997,7.294180545438644e-13,1.7239154566167183e-12
NCRNA00160,1.1024076539894305,7.535656925818363e-13,1.7795999354005146e-12
BTC,-1.0312998310664478,8.10332153795827e-13,1.9109309749378726e-12
C8orf80,-1.1815268994195622,8.332389316724417e-13,1.9636779224797325e-12
TRIM17,-1.2793839989604079,8.628221165041803e-13,2.032606572631758e-12
C1orf186,-1.251923568396431,8.756419743318491e-13,2.0614732098761834e-12
HAS1,-2.0489650134280524,8.856593758413746e-13,2.0847869673400417e-12
TRIM9,-1.2188845664038803,9.035640020967278e-13,2.1255589984707594e-12
CPZ,-1.2291159490600352,9.202663557766768e-13,2.1640109125698034e-12
CR2,-1.8175804860088363,9.591700988456055e-13,2.2531647063216615e-12
ZNF296,1.0484216884692028,9.743535957871657e-13,2.2882413242309093e-12
HOOK1,1.0388497444338576,9.908422053588467e-13,2.3254642424119504e-12
HBG1,-1.3063995755003037,9.929947115744789e-13,2.330215641973732e-12
FAM196A,1.948478151260506,9.969380090376714e-13,2.3388661655513254e-12
WIT1,1.5637961968292473,1.001688251459506e-12,2.3497076341903853e-12
PTCHD2,1.3762202287100411,1.078631549108196e-12,2.5256406082346917e-12
DUSP26,-1.0906447067486795,1.0883146855476814e-12,2.547330875790722e-12
NOVA1,-1.6015353764186084,1.1233713188961707e-12,2.6273581032849797e-12
AGPAT2,-1.1431291172138973,1.1644320777682877e-12,2.7223422953527022e-12
RASGEF1A,-1.219546010569176,1.1897670466606662e-12,2.7805019322588403e-12
LOC643719,-1.604793628172919,1.2621020053098761e-12,2.947279384561344e-12
HEPACAM2,-2.0658325695226525,1.2840099409440225e-12,2.9972855802775124e-12
CCL2,-1.2307107034566407,1.3008460037454195e-12,3.0347786852641996e-12
PCDHA10,-1.6346030148141732,1.3448903482565793e-12,3.1357805827224945e-12
SV2A,-1.1689628606081612,1.3467073897450057e-12,3.139615089078937e-12
KLRD1,-1.0657037381963104,1.3896137285937883e-12,3.2383995265129595e-12
CACNA2D2,1.1179486961795053,1.3990577957510842e-12,3.2595736664606406e-12
TSPYL5,-1.1904595599064383,1.446008734253522e-12,3.3672376857639583e-12
NPTX1,-1.70044734037945,1.4626606921095233e-12,3.4047074908528967e-12
C1QL4,-1.114861188599151,1.4749461072844395e-12,3.43242699960351e-12
NEK5,1.117661452828553,1.5415148563425832e-12,3.58230498276574e-12
MAG,1.581990236506974,1.5656016215874297e-12,3.6368869726590075e-12
OTX1,1.2929419518322804,1.6015619417372965e-12,3.718524493041328e-12
DCLK1,-1.203647340379451,1.7020653385015024e-12,3.946840172833484e-12
GPR84,1.1257504071731788,1.7192691762510347e-12,3.984195648032792e-12
BCL2L14,-1.3206159663865544,1.7392637280302889e-12,4.0295045998899514e-12
ABCC6,-1.5335551113228814,1.7417126366171682e-12,4.0346646887684285e-12
SCGN,-1.9254856493112702,1.7575734465570194e-12,4.070370158737586e-12
TMPRSS4,2.326269046175171,1.8016997990137967e-12,4.169909909910762e-12
F13A1,-1.365869202113835,1.9568244173253188e-12,4.5227121490018946e-12
LGALS9B,1.0070953824828899,2.0353636359713682e-12,4.699356198070372e-12
PRSS8,1.1686024257125514,2.068242248800959e-12,4.772241558489524e-12
COL5A2,1.1989779130208795,2.209360569756066e-12,5.094627622405583e-12
GRIN2D,1.04929088625141,2.230939127968639e-12,5.143083199900346e-12
COL1A1,1.5678824309105082,2.2434033839706488e-12,5.171162694493823e-12
S100A14,1.7117435068872897,2.2543657563975443e-12,5.195115820192999e-12
BEND4,-1.0490649181322012,2.2641558432660987e-12,5.2170163056927586e-12
TMC4,1.0654907692974085,2.3242971019549235e-12,5.350851163132095e-12
YSK4,1.0726625010829074,2.40335389982371e-12,5.527258501388629e-12
WNK2,-1.2352841808888506,2.4544013981169675e-12,5.6403823570159274e-12
C11orf70,-1.0744976349302604,2.5826991626685754e-12,5.9299789175146414e-12
GPR143,1.2370480117820337,2.610065378936224e-12,5.990545970593379e-12
APLP1,1.3236111496144858,2.826024450077211e-12,6.47477949210264e-12
SIX1,1.6511913887204361,2.8365265442526326e-12,6.497205572546957e-12
PLCB4,-1.159285588668454,2.8563382766487706e-12,6.539293881252368e-12
EGF,-1.755370488607813,3.009564618259918e-12,6.882299591229308e-12
SERPIND1,-1.1612850515463917,3.042781439493704e-12,6.95651225108062e-12
ITGB6,-1.7828334748332306,3.0999022092639138e-12,7.084871014276092e-12
RASL10B,-1.1672778523780636,3.18751403342932e-12,7.2755257618199264e-12
WISP2,-1.6487294420861138,3.2376744961621175e-12,7.386312677483272e-12
APOC2,1.5571726500909628,3.2847861492573865e-12,7.490974978067177e-12
HHIP,-1.0129276357965866,3.6362202873590632e-12,8.270663237635515e-12
RNF183,-1.532399051373127,3.682480600510242e-12,8.37065364274325e-12
DPEP1,1.2659536558953475,3.8358017631422024e-12,8.71155327442015e-12
PAX7,1.7365162046261804,4.300908613325025e-12,9.74597777771137e-12
KCNA3,-1.099100823009616,4.528408097468622e-12,1.0253839109120702e-11
FER1L4,1.2418428224898186,4.945850379462625e-12,1.1178211380352391e-11
EN1,-1.1888867668716978,4.969402780897338e-12,1.123004827072306e-11
SYT1,1.5495849215975062,5.208393481354208e-12,1.17555345990193e-11
VWA5B2,1.2729103439313865,5.360168260878158e-12,1.2093597279718035e-11
NUDT10,-1.1618998050766693,5.385618825023189e-12,1.2148007369503978e-11
PPBP,-1.0310312700337867,5.529229906113602e-12,1.2462676074911577e-11
SCG3,-1.5094122325218744,5.647014708355586e-12,1.2725007271131062e-11
DOC2A,1.2378918218833919,5.8394277035864614e-12,1.3150451872867048e-11
GPR126,-1.176588075023826,5.922499382754615e-12,1.3334230830461629e-11
NR0B1,-1.2692862340812612,6.07226324052689e-12,1.3668036078559537e-11
KLK14,-1.7438055098327991,6.109847968150104e-12,1.3749235080261634e-11
AMIGO2,-1.1797666767737987,7.70369081115687e-12,1.72654868056499e-11
RASL11B,1.0380836004504896,7.919144569595792e-12,1.7737441688243164e-11
CGN,1.0775869011522143,8.094664397588149e-12,1.812165490459932e-11
CD177,1.7715960149008056,8.177990491209949e-12,1.8305946988624534e-11
PCP2,1.2608606168240497,8.604466527577988e-12,1.9248753127872942e-11
CCR2,-1.1172537901758641,8.780956112224888e-12,1.9638744822561696e-11
PRKCB,-1.0854312310491192,9.201570462743068e-12,2.0566820620495096e-11
ADRA1B,-1.1353264749198662,9.299004254228827e-12,2.0776945432641137e-11
IL1RL1,-1.2319501082907394,9.356170350049747e-12,2.089441404514238e-11
EHF,-1.734465377284934,1.0116132020023588e-11,2.256942654252842e-11
MX1,1.1212232088711787,1.0483418057105718e-11,2.3371666735271943e-11
UMODL1,1.3135394611452826,1.0523259343872187e-11,2.345761570371117e-11
FAP,1.1065777527505833,1.0701586856960412e-11,2.384928814363986e-11
C8orf86,1.0032920991076841,1.0838896705511512e-11,2.4149380260762064e-11
AP3B2,-1.642442623234862,1.1261791780552642e-11,2.5073189307901142e-11
FBXO2,-1.3853380360391547,1.1538757722345294e-11,2.5680401860845016e-11
SERPINA9,1.1123958979468076,1.1666715425792163e-11,2.596200744446146e-11
CCDC74A,1.135314043143028,1.1755863234855874e-11,2.6153993945744497e-11
ZDHHC8P1,-1.117953504288316,1.1889741402118341e-11,2.6438915556164202e-11
RHBDL3,-1.3108594126310322,1.2421792903268223e-11,2.758832311105313e-11
FAM190A,-1.063439452482024,1.5419403598344632e-11,3.410442329291219e-11
TMEM61,-1.1411933336221098,1.552213938406848e-11,3.432748186225229e-11
PAX9,1.2132537078749035,1.61400522599304e-11,3.567233745598751e-11
AMH,1.257225197089145,1.6284137981190558e-11,3.598205434226896e-11
SDC1,1.0324121458892854,1.628660596215866e-11,3.5983139741373236e-11
LRP1B,-1.934710040717318,1.6326808182067813e-11,3.606758365754616e-11
FAM171A2,1.0300693753790187,1.646110162892473e-11,3.634660758749598e-11
C6orf176,-1.3004367755349566,1.650929095290645e-11,3.644858983817539e-11
FAM101A,-1.3286506410811754,1.6814094606908538e-11,3.710352335186763e-11
ETV7,1.0402165078402508,1.6948087055531214e-11,3.7385606964594605e-11
THEMIS,-1.15488202373733,1.726443190961779e-11,3.807881425551589e-11
BTN1A1,-1.8581758035172828,1.769089089666405e-11,3.899579643884424e-11
SLC1A2,1.1381265528891982,1.8029014866086698e-11,3.971707099205811e-11
SLC26A5,-1.1159391449363243,1.8451796899344894e-11,4.062385812273526e-11
SCGB2A2,-2.8730568786277395,1.8671634267467114e-11,4.1092946266558324e-11
SCML4,-1.1413924802910866,1.925195526479053e-11,4.23240750827273e-11
COL5A1,1.172150519795542,1.956956554516374e-11,4.301192968106925e-11
CCDC144B,-1.355071008403363,1.979352565971551e-11,4.349891918191493e-11
L1CAM,-1.4730765485575672,1.98246653753082e-11,4.356209365363776e-11
SLC30A8,2.6199073767651386,2.0815016341175168e-11,4.5694131989678195e-11
C15orf48,1.4292354240665315,2.0898782948663264e-11,4.587248836543077e-11
C19orf33,1.457708442346009,2.139996724481425e-11,4.694993416383678e-11
POPDC3,-1.2403869011522128,2.1553696801257907e-11,4.728150673334511e-11
RNASE1,-1.073185670969421,2.242107179345753e-11,4.916053599810978e-11
TDRD9,-1.5362535995841635,2.2824907347333434e-11,5.0015864745818044e-11
COL22A1,1.1860625184094258,2.4953186660528285e-11,5.457441508850131e-11
CCDC74B,1.1410864549943698,2.6096909769527773e-11,5.702785696695247e-11
RBM20,-1.097611543792775,2.6171233857687935e-11,5.7183407743547404e-11
SYT5,1.4482387074417393,2.7131158697473963e-11,5.920974484715484e-11
MTUS2,-1.0719938837390632,2.7599768214231483e-11,6.019633127290387e-11
SLC38A3,-1.2770618210170692,3.0720797400773524e-11,6.680332995893925e-11
KLHL38,1.104246279130209,3.0831626242058574e-11,6.702831631245578e-11
PTPN20B,-1.4479518712639718,3.22113651505109e-11,6.993600665967914e-11
KCNH6,1.1074011998613882,3.41104312975547e-11,7.396214185936727e-11
CORIN,1.380158368708309,3.410750120757265e-11,7.396214185936727e-11
AGTR1,-1.7287529974876543,3.449882923065971e-11,7.478649380560899e-11
IGFBPL1,1.1105275275058482,3.606154102093989e-11,7.813691598668834e-11
ESRRB,-1.011942099107684,3.786929123142097e-11,8.195633198021115e-11
NCCRP1,-1.6623619856189906,3.804532697336335e-11,8.230794947660245e-11
CYP3A5,-1.012871424239799,3.882348279768462e-11,8.394154381354711e-11
ULBP1,1.2291858528978596,3.912102898536301e-11,8.455474835200225e-11
VANGL2,-1.1564630468682324,3.947721017916552e-11,8.527395952193544e-11
SOX2,1.685029771289959,4.013864238724614e-11,8.666157126972382e-11
STON1-GTF2A1L,-1.596428857316122,4.1422888030074275e-11,8.931779564219878e-11
FXYD3,1.0560374815905718,4.146064705241948e-11,8.937803864225388e-11
MGST1,-1.2339489820670515,4.219922610932505e-11,9.092714404214534e-11
UNC13A,1.3914522654422594,4.2427922371976464e-11,9.138746549959621e-11
GREB1,1.156166915013431,4.3739523122102326e-11,9.413461094722495e-11
LCN12,1.13215658407693,4.514287257114426e-11,9.712040059242868e-11
NPW,1.395118439747033,4.8549220572705404e-11,1.0426397617802695e-10
TH,1.2148958762886597,4.906275159155466e-11,1.0532955150619997e-10
SIGLEC11,-1.0791255003032147,4.9665893423899965e-11,1.0661182287679847e-10
FBN3,-1.3494759507926886,5.6177322846488396e-11,1.2041872441999863e-10
DLGAP1,-1.4686460105691777,5.626932540494687e-11,1.2060173441024936e-10
NECAB2,-1.0384620072771376,5.993852032212862e-11,1.2829972782498912e-10
ERMN,1.1589282378930958,6.20228430149867e-11,1.3266766291443043e-10
BOP1,1.1696312483756381,6.997455326372429e-11,1.4929649879488802e-10
PSG4,-1.696594992636229,7.277303831289473e-11,1.5515198130822474e-10
VEPH1,-1.139820380317075,7.386113459095189e-11,1.5737963630564174e-10
ADCYAP1,-1.4261351338473536,7.82943815495641e-11,1.665917740907908e-10
EPO,1.1848700511132286,8.086290015227594e-11,1.7193638260388726e-10
LOC400759,-1.0307579355453522,8.17387238605217e-11,1.7375802761100976e-10
FCRLB,1.100202594646107,8.191206196057291e-11,1.741061728010636e-10
WNT7B,1.289138828727368,8.257303097880641e-11,1.7547010073630786e-10
YBX2,1.127538204972712,8.721206424118603e-11,1.8511208085148197e-10
CBLN2,1.9963568353114454,9.486808159944244e-11,2.0110442405434386e-10
KLK2,-1.6355518366109325,9.616735990291504e-11,2.0376375885377285e-10
PCDHAC1,-1.0561562332149368,1.0012789927759524e-10,2.118596013658103e-10
SNORD116-28,-1.0250518322793036,1.01280317017247e-10,2.1427308352684183e-10
RIMKLA,1.0672010915706514,1.0143547813815726e-10,2.145764100579752e-10
ECM1,1.3042563761587083,1.0503953374717903e-10,2.220971811824718e-10
PNLIPRP3,-1.4793717274538685,1.0595322566239026e-10,2.24003085567072e-10
HYDIN,-1.1083970198388648,1.1292138162581316e-10,2.3834739213064434e-10
MUC1,1.3824589014987456,1.2064011469149054e-10,2.5399167334365053e-10
SLC38A4,-1.1952034436454984,1.2288001162937552e-10,2.586476470501298e-10
CXADR,-1.3129637442605917,1.2333883001527042e-10,2.595533783546783e-10
LGALS2,-1.3040554491899847,1.2677367004178477e-10,2.666583216744405e-10
MYRIP,-1.0699755479511381,1.3224767540882734e-10,2.778193231929468e-10
GABRB3,-1.6485200424499702,1.3299161318264747e-10,2.79349911696715e-10
SDR42E1,-1.2747211253573587,1.389309485434645e-10,2.917245422005634e-10
GNAO1,-1.1146822706402144,1.4462141110405987e-10,3.033233720851713e-10
ZNF98,-1.2570968075890145,1.517547620397899e-10,3.1795487263009847e-10
MT1A,-1.4056093173351822,1.64163968506944e-10,3.4348008261286227e-10
ZBED2,1.2761687819457683,1.662492846772316e-10,3.476833328331396e-10
LMX1B,1.010186554621848,1.6623518811158891e-10,3.476833328331396e-10
C4BPB,-1.3319593086719226,1.7231246536260402e-10,3.602807037669976e-10
OPRK1,-1.0348005457853247,1.811691480439123e-10,3.784075733612548e-10
ONECUT2,1.6167019578965607,1.8521892376816566e-10,3.867332036421105e-10
DNAI1,1.2837919345057625,1.9151157654429544e-10,3.997345749152402e-10
NETO1,1.2012536255739408,1.9543457004890137e-10,4.078761154093272e-10
GNG3,1.0252405137312655,2.0065752522909364e-10,4.1863254232036577e-10
SLAMF8,1.0348317508446687,2.145607045173436e-10,4.47075149305083e-10
C8orf4,-1.087227900025992,2.1543729091232726e-10,4.488502926035359e-10
JPH1,1.0241300311877328,2.3748275063965204e-10,4.937633934772799e-10
APOBEC3A,1.149901026596205,2.387594308068684e-10,4.963611145474448e-10
XG,-1.3328566707095222,2.528572845918639e-10,5.249499488396098e-10
TRPM8,-1.0510948237026774,2.678016000127998e-10,5.552155495481771e-10
EGOT,-1.1149393095382476,2.854754437602791e-10,5.907809803056344e-10
CCL19,-1.688711119293079,3.1225503631235645e-10,6.453932583165464e-10
SYT3,-1.0023646149181336,3.4434288695789934e-10,7.095396843213315e-10
HS6ST2,-1.3902340812613705,3.6300483714196147e-10,7.471480156597834e-10
ETV4,-1.2012228839989616,3.629685857595114e-10,7.471480156597834e-10
ATP2C2,1.1696766221952695,3.883869601710256e-10,7.981268724309301e-10
VSIG4,-1.0365047734557775,4.0317050752523547e-10,8.278525378998151e-10
PLD4,-1.0323629385774922,4.51787683005409e-10,9.248640568766825e-10
MNX1,1.3603968379104219,4.880446102547935e-10,9.979640575677383e-10
FAM135B,1.4784287836784196,4.883563483797843e-10,9.98489341745166e-10
ALAS2,-1.1710641297756215,5.412733337138987e-10,1.1049454405735221e-09
CSAG3,1.2588335224811575,5.45603915835511e-10,1.1136609194834948e-09
CHRNB2,-1.471483020012129,5.52034849611162e-10,1.1264085155780722e-09
KIAA0125,-1.3181073767651386,5.73174484362664e-10,1.1687571568111989e-09
KLHL35,1.040545962921252,5.856237493087259e-10,1.1932067504663912e-09
FUT9,-1.5328516850038993,5.985737993796286e-10,1.2189102662610337e-09
POF1B,-1.606620579572036,6.392861217750045e-10,1.299198981206923e-09
COL9A3,-1.2357559776487905,6.606327833425801e-10,1.3415326366783785e-09
C10orf81,-1.6621113445378146,6.715972209329046e-10,1.3631895866014343e-09
CDK5R2,1.0951961924976177,6.737832301149232e-10,1.367474204234803e-09
MUC2,1.7347561335874557,6.788240823811659e-10,1.3772441787320956e-09
PRAME,2.4215614788183317,7.270901446612492e-10,1.4725436029448954e-09
C20orf114,1.7016492549597144,7.412785746854307e-10,1.5007778773216433e-09
C12orf53,-1.2841949060036382,7.597341834113476e-10,1.5367753462203313e-09
LY6K,-1.3450814476306006,8.009775484017534e-10,1.6180439810850201e-09
SNORD116-4,-1.3308372606774665,8.787981889752464e-10,1.7717093181876631e-09
SELE,-1.5243028112275834,8.867187234560332e-10,1.786885965135633e-09
KRT1,-1.00888113575327,9.771241241276633e-10,1.9658035401741662e-09
ABCC2,-1.0721531664212076,9.879324407467057e-10,1.9871087534709704e-09
PRODH,-1.522938586156112,1.0048245891621453e-09,2.0200173570453853e-09
CXCL9,1.5707135709954088,1.012191255169967e-09,2.034553601795374e-09
PXDNL,1.5168074763926187,1.0242249664648983e-09,2.058060168292366e-09
C1orf150,-1.022323356146582,1.024485081798348e-09,2.058355622955334e-09
LY6H,1.0876058563631634,1.0966304749446814e-09,2.2001503951744775e-09
TNNC2,-1.0235269687256343,1.1081478659689642e-09,2.222277801501934e-09
LOC255167,-1.2122849302607634,1.1974821988230136e-09,2.3987860091532205e-09
XIRP1,1.2933091180802223,1.1988057856347284e-09,2.400908979635709e-09
PVALB,2.053206588408559,1.2130255476555236e-09,2.4288531563055214e-09
APOC1,1.0111388027375927,1.2883283740755495e-09,2.5762321644839315e-09
CBLN1,-1.2420789829333803,1.3289579435120497e-09,2.654561773921852e-09
CD1E,-1.073631560252967,1.3981910400363794e-09,2.7904036291834462e-09
XIST,-1.1978477302261101,1.423452956065971e-09,2.8398853747554655e-09
MMP10,1.5999214588928359,1.4318302096424596e-09,2.8559725297087107e-09
MIA2,-1.1492558390366456,1.4681254123579331e-09,2.9267645253697796e-09
KIF5A,-1.3680767738023047,1.4858888926274773e-09,2.9615280315885217e-09
CHST1,1.1252476739149273,1.5924420942591355e-09,3.1683488295768984e-09
LRP2,-1.9291053235727276,1.6366002020072094e-09,3.2526513240678274e-09
MEGF10,-1.2429371827081361,1.794973183354154e-09,3.5604115567827902e-09
C20orf85,1.0925861387854112,1.8546448752352955e-09,3.6759691489446956e-09
ADAM32,-1.148551390453088,1.9002005999002833e-09,3.7642128109679896e-09
GLYATL3,1.2700019319067832,2.01102187629304e-09,3.982011445030155e-09
TMPRSS3,-1.55744045308845,2.0741514379394237e-09,4.103888980957753e-09
FCRL5,-1.4160458113142163,2.357566292750743e-09,4.652512925730895e-09
ITGA8,-1.1524647751884265,2.9825159304431385e-09,5.85976659275299e-09
GFRA1,1.2931188122671795,3.0068422328155563e-09,5.905011237883437e-09
KCNE4,1.184131122758382,3.120211809933374e-09,6.120389609506164e-09
ATP6V0D2,1.39987357272806,3.1340825100948377e-09,6.146935021146033e-09
CYP1A1,-1.6718504894741408,3.147815277951193e-09,6.172539211951477e-09
PRSS21,-1.5573653512951569,3.179146740693062e-09,6.230621029375087e-09
ZP2,-1.0778253703543275,3.2210173089790047e-09,6.308605344883239e-09
SFRP4,-1.0889152343411599,3.3439177737415356e-09,6.54368256669718e-09
LGR5,-1.1992748289006316,3.4689206158199883e-09,6.782466376989393e-09
HOXC10,1.499445642380663,3.827463478527761e-09,7.472256295542775e-09
DNAJC22,1.1397055618123533,3.899178250609474e-09,7.609814698814652e-09
ABCA4,-1.2219213765918733,4.216460956820241e-09,8.215825176300454e-09
TNFRSF13B,-1.09381433769384,4.250044744058755e-09,8.279491061226617e-09
MCOLN3,-1.036881473620376,4.270153901239327e-09,8.31688545519575e-09
SULT1E1,-1.0384001819284414,4.6428560987813945e-09,9.024191881496661e-09
SERPINB4,-1.039796209824136,5.3131529013640226e-09,1.0289958747050675e-08
ANO5,-1.3126013168153836,5.665310893499745e-09,1.0957991094928897e-08
TMEM40,-1.2964009139738373,5.9203990979073746e-09,1.1439234134296563e-08
LPPR3,1.5586582430910498,6.068326433494112e-09,1.1713864906563448e-08
DHRS9,-1.215953915793122,7.069659742944457e-09,1.359630388809487e-08
PAX2,1.3699744303907124,8.542233520175082e-09,1.6352326928988015e-08
CD207,-1.053342653556268,8.922403553534272e-09,1.7063932746898967e-08
TMEM92,1.0050873689682058,8.943080269417798e-09,1.7099883418509682e-08
ESRRG,-1.1540473230529313,9.67185495387987e-09,1.846423361591778e-08
CD79A,-1.3545800485142516,1.0187284823648761e-08,1.9421778974117974e-08
LST-3TM12,-1.6669797106471456,1.0409650756679105e-08,1.983947992082816e-08
CSMD3,1.2257375942129434,1.0620488293326135e-08,2.0228601904720692e-08
FNDC1,1.3087128346183832,1.097846107484635e-08,2.0888567674864442e-08
C10orf116,-1.1488278870311053,1.1515130225684215e-08,2.1877665744507856e-08
GBP5,1.126661600103958,1.1923929489140102e-08,2.263133483854713e-08
SPESP1,-1.196552408386034,1.2544827619047601e-08,2.378930067189535e-08
CLDN3,1.051993892402324,1.2831160877051617e-08,2.430949432191617e-08
C21orf15,-1.1663594646105864,1.2942631214458098e-08,2.4515579188010484e-08
LIN28A,1.2503466083340555,1.426219661714437e-08,2.6958957946197192e-08
KERA,-1.0400160313609974,1.4569322317222975e-08,2.7530922261020434e-08
RP1,1.3547287273672355,1.4835047328855175e-08,2.8021413980196197e-08
MAGEC2,1.1859030927835053,1.5531213905364133e-08,2.9302931873895448e-08
TRH,1.7876673958243083,1.669804599906416e-08,3.144248798189355e-08
GALNT3,-1.0732296066880345,1.6714440537936137e-08,3.1470103549033045e-08
SLC15A1,-1.0619594862687345,1.704859430031236e-08,3.208265915936999e-08
KMO,1.2257293554535211,1.75217488728365e-08,3.2952618527972194e-08
TLX1,1.0562326734817638,1.7917048552599364e-08,3.368212690312571e-08
AQP3,-1.1877224378411153,1.904338395469307e-08,3.57515179586714e-08
EXTL1,-1.0558280299748768,1.9497088787780303e-08,3.658065421603431e-08
NDST4,1.0475264186086803,2.0422617410973885e-08,3.8293459490312904e-08
ASCL2,1.0796648271679814,2.303665763346817e-08,4.3088396927869e-08
KLK4,1.2914290305813036,2.4155662725401064e-08,4.511188351189859e-08
MFAP5,-1.2243189941956185,2.423859027394948e-08,4.5257468330772636e-08
GP2,1.7923527765745462,2.5100850124981206e-08,4.681942564043784e-08
SMC1B,1.1687485835571336,2.661763336778227e-08,4.960794309345149e-08
GLRA3,-2.059382842415316,2.937983030281832e-08,5.462169860098068e-08
ATP6V0A4,-1.598800719050507,2.9518875482904876e-08,5.4868997285338244e-08
HAS2,-1.0011507277137683,3.376770075645062e-08,6.26195453208711e-08
TNFSF12-TNFSF13,-1.3971912154552548,3.4022014622501086e-08,6.308472366032263e-08
TTPA,-1.04878398163389,3.630751519025641e-08,6.721986360946273e-08
ADAMTS19,1.256128571428572,3.672588421326462e-08,6.797369296736715e-08
ALOX12P2,-1.2029768474400067,3.936162979560025e-08,7.277064261317401e-08
KCND3,-1.116289157931213,4.0059830323800143e-08,7.403137983595268e-08
GREB1L,1.082842995755005,4.543045453483107e-08,8.370994674537199e-08
SLC6A4,1.552124893875075,4.709264298852393e-08,8.671710834458538e-08
GALNT13,-1.0257296933206268,4.735261830863944e-08,8.71723008770392e-08
SHISA9,1.2981444815039413,4.887712020664131e-08,8.989696060639504e-08
C4orf19,-1.0702382352941173,4.9407460623200535e-08,9.086320526612641e-08
PNLDC1,-1.0729682924716275,5.0479251298649784e-08,9.275931873504159e-08
ABCA12,1.7049345707355092,5.125076590007758e-08,9.41485207063389e-08
CDH2,1.107464389673395,5.159693804327203e-08,9.477488024234923e-08
DPY19L2P1,1.0141149614484963,5.178615181951076e-08,9.511283640102456e-08
TM7SF4,1.0892825088798408,5.7712602717184994e-08,1.0573092866957714e-07
ZFP57,-1.5225166724421721,6.14085628416993e-08,1.12309863298247e-07
ECEL1,-1.2085332106038291,6.282075309321863e-08,1.1485799202047598e-07
CFB,1.0980126613531986,6.484556157157714e-08,1.1844107538505104e-07
SCUBE3,1.1035224248462283,6.603029928108808e-08,1.205203587499896e-07
CPLX2,1.473476089404834,6.70544397181455e-08,1.2236510939242133e-07
LOC96610,-1.1688103049467227,6.760088853763846e-08,1.2331285439930183e-07
NEK10,-1.3983855410205317,6.913073158788233e-08,1.2602771227783897e-07
ASPN,1.08008210170666,7.630961867877478e-08,1.3869835135394282e-07
BMP7,-1.192439760027722,7.639436088923534e-08,1.38838513505067e-07
UGT1A7,-1.0867085419734905,8.06542584556544e-08,1.4644882460531443e-07
HDC,-1.039457489387507,9.110107311929229e-08,1.6480946471779742e-07
GLB1L2,-1.2815228580091826,9.15348610737088e-08,1.6557776767611263e-07
CA9,1.3633632244650433,9.373690878320285e-08,1.694600209137592e-07
ALOX15B,-1.7362762583383873,1.0556466351332015e-07,1.9048310566345823e-07
ITIH5L,1.0405734557740605,1.2567827157225755e-07,2.2574714598675785e-07
A2ML1,-1.3010365329637015,1.2887465680803393e-07,2.3119201516474245e-07
FRMPD2,-1.1302526726154372,1.3345615796017732e-07,2.391516482918988e-07
AQP9,1.2900483149961017,1.3575947291630503e-07,2.4311162670885395e-07
FAM3B,-1.5571353547604625,1.4543387802081238e-07,2.5992468155256237e-07
CACNG6,1.2734222905657107,1.4606865011674018e-07,2.610079157823718e-07
FAM83A,1.3989187776141385,1.6546257884458344e-07,2.9482334795496793e-07
NKX2-2,1.1416711340206183,1.746189743549262e-07,3.104697392247237e-07
NDP,-1.2898843238326272,1.75818860575992e-07,3.124810309573113e-07
PPP4R4,-1.4861763666291266,1.9001314236665042e-07,3.368532557947154e-07
KRT32,-1.005811465823443,1.9732432421884045e-07,3.494740877364811e-07
PYDC1,1.3056176254006755,2.018013447481163e-07,3.5698638274538013e-07
KRT31,1.092200372520142,2.2400211214303414e-07,3.954141240631934e-07
FAM83B,-1.1722189552109503,2.4222468915314453e-07,4.267120890984893e-07
ZIC1,-1.1972976825781863,2.626741550937326e-07,4.6121902625361385e-07
ZIC2,1.2821628086286059,2.6468248211638044e-07,4.64610918222225e-07
GPR115,1.0805894438187647,2.666941351250078e-07,4.679615713977749e-07
MAGEA12,1.1185497401022266,2.7168827037963026e-07,4.764490930366483e-07
TDRD12,-1.1747611929307802,2.758025427058393e-07,4.835243845588359e-07
NELL1,1.2043047214762195,2.8442403263637116e-07,4.9815940210525e-07
CETP,-1.2477947543966037,2.960406986869855e-07,5.179574046712031e-07
FIBCD1,1.4433231785497704,2.9735031048538637e-07,5.201487316707177e-07
KCNC2,-1.7422301004938059,3.012033221874988e-07,5.265345312377835e-07
GGT6,-1.208195690028588,3.1168688330502025e-07,5.445471097803324e-07
SCGB2A1,-1.502425885818246,3.1186786100971083e-07,5.447587250705082e-07
PNCK,1.0533720220046776,3.283765765376252e-07,5.724967745153137e-07
EIF3C,1.0504102659620562,3.7406960866788047e-07,6.504144700144644e-07
CYP2A6,-1.6577475396344092,3.93562320043424e-07,6.838502206711003e-07
C6orf141,1.0183844927661783,4.240004736413257e-07,7.347054375719231e-07
SAMD11,1.153754050073637,4.5251832725110906e-07,7.828541257319843e-07
TDRD1,-1.2869159144070004,4.590648148030764e-07,7.940285845553402e-07
HIST1H2AE,1.116064008489996,5.17581146304866e-07,8.933747018952661e-07
HPX,1.099058697912155,5.391127185540608e-07,9.293057590757168e-07
ORM1,1.4350413367408819,5.545065220422771e-07,9.54936823153791e-07
AREG,-1.3012039547777894,5.760434789911011e-07,9.909951278778011e-07
C1orf173,-1.3348220609893433,6.078138757327111e-07,1.044663958074076e-06
CLEC3A,2.482125790522396,7.03319133333139e-07,1.204716117819058e-06
KRT4,-1.5300796716624796,7.939365163205653e-07,1.3561064470848503e-06
DCD,-1.6824330113488697,1.2009496408167478e-06,2.028099667110795e-06
TPSG1,1.0694968075890152,1.2597498047521812e-06,2.1248355907991062e-06
MKRN3,1.0981992376331977,1.2827661867540492e-06,2.1624553526101092e-06
DKK1,-1.1296165771463231,1.3009633717028734e-06,2.1913052887117057e-06
SERHL2,-1.2723873126570204,1.4343606522469812e-06,2.4101972632559583e-06
ANKRD30B,1.2859102269773874,2.15213854855354e-06,3.5828953721712173e-06
CKMT1A,1.0495472494152303,2.161216331635598e-06,3.5970212018618257e-06
PLAC2,1.0657960842068794,2.237827849410962e-06,3.720107793865547e-06
DHRS2,1.8551043879407425,2.354216289660569e-06,3.907522487525426e-06
LACRT,-1.1810889673395133,2.5886248462382867e-06,4.286041302171687e-06
ACSM1,-1.2327954387940752,2.6069244989762424e-06,4.31359391463181e-06
IYD,1.2847773758988126,2.6439338884225054e-06,4.3736394557392645e-06
MSLN,-1.263910629818938,4.284571374762756e-06,7.014304589873769e-06
C10orf82,1.1885246772935973,5.767613923221527e-06,9.360545314229804e-06
RANBP3L,-1.0180083340552732,9.496738406649582e-06,1.5206644019725752e-05
?|729884,-1.0115721692800834,1.1025811472531125e-05,1.7587000195801267e-05
UGT1A6,-1.0150608290738976,1.5346688987559288e-05,2.4241216560269155e-05
CXADRP3,1.0240761370527585,1.5531692427068558e-05,2.4520676257582738e-05
ZNF385B,-1.0078499956683702,1.650781044116304e-05,2.6018847818901273e-05
ADAMTS16,-1.0413881010136015,1.7065491772948935e-05,2.6865272571390596e-05
ATP6V1B1,-1.0051482890063248,1.7811706531085495e-05,2.802061135470999e-05
MAGEA3,1.1679821883392536,1.8409630515668515e-05,2.8926241197817345e-05
HOTAIR,1.1864099021051717,1.940360852832621e-05,3.0456487543426923e-05
CASP14,1.1713608377371565,2.1133704799157247e-05,3.30950471833327e-05
CYP4Z1,-1.506153686216754,3.2763876254469644e-05,5.070573367285419e-05
PEG10,-1.1152851381789812,3.317060855822516e-05,5.130466374249066e-05
ROBO2,1.0924826734817632,4.2708138355741e-05,6.565461046276104e-05
KRT13,-1.3663142900459146,4.999611115531656e-05,7.654156529522517e-05
PTPRT,-1.0424019405700449,5.141532222217929e-05,7.867460578432495e-05
CPA6,1.050026427271939,5.990809005318061e-05,9.127872798510476e-05
SFTPA2,1.0174625097461667,9.013666747492913e-05,0.00013568952679839024
CLIC6,-1.0109039287880108,9.70773070332789e-05,0.0001459446828482636
?|652919,-1.1679012258511667,0.00010017625645191919,0.000150454488134842
MAGEA6,1.1328029714978776,0.0001075394406360346,0.0001610481643683865
CHGA,-1.0379880836870834,0.00016630873237711107,0.00024592346510646246
CRISP3,1.321333370874123,0.00018405190927397053,0.00027130106927800515
CXCL13,1.2509711383522486,0.0008100857156154293,0.0011407124840525768
CST9,1.1695102659620553,0.0009134279384583072,0.0012814742785168837
C2orf54,1.0027882006410822,0.0009506568553414147,0.001331958646688714
CALML5,-1.1426371610499881,0.0019465815812054173,0.002664582984109055
