drug,reactome_id,pathway_name
CHEMBL1778,R-HSA-1280215,Cytokine Signaling in Immune system
CHEMBL1778,R-HSA-162582,Signal Transduction
CHEMBL1778,R-HSA-168256,Immune System
CHEMBL1778,R-HSA-212436,Generic Transcription Pathway
CHEMBL1778,R-HSA-449147,Signaling by Interleukins
CHEMBL1778,R-HSA-451927,Interleukin-2 family signaling
CHEMBL1778,R-HSA-512988,"Interleukin-3, Interleukin-5 and GM-CSF signaling"
CHEMBL1778,R-HSA-5673001,RAF/MAP kinase cascade
CHEMBL1778,R-HSA-5683057,MAPK family signaling cascades
CHEMBL1778,R-HSA-5684996,MAPK1/MAPK3 signaling
CHEMBL1778,R-HSA-73857,RNA Polymerase II Transcription
CHEMBL1778,R-HSA-74160,Gene expression (Transcription)
CHEMBL1778,R-HSA-8877330,RUNX1 and FOXP3 control the development of regulatory T lymphocytes (Tregs)
CHEMBL1778,R-HSA-8878171,Transcriptional regulation by RUNX1
CHEMBL1778,R-HSA-9020558,Interleukin-2 signaling
CHEMBL1778,R-HSA-912526,Interleukin receptor SHC signaling
CHEMBL1782,R-HSA-1430728,Metabolism
CHEMBL1782,R-HSA-1655829,Regulation of cholesterol biosynthesis by SREBP (SREBF)
CHEMBL1782,R-HSA-191273,Cholesterol biosynthesis
CHEMBL1782,R-HSA-2426168,Activation of gene expression by SREBF (SREBP)
CHEMBL1782,R-HSA-556833,Metabolism of lipids
CHEMBL1782,R-HSA-8957322,Metabolism of steroids
CHEMBL1782,R-HSA-9969896,Lanosterol biosynthesis
CHEMBL1783,R-HSA-109582,Hemostasis
CHEMBL1783,R-HSA-114608,Platelet degranulation 
CHEMBL1783,R-HSA-1234158,Regulation of gene expression by Hypoxia-inducible Factor
CHEMBL1783,R-HSA-1234174,Cellular response to hypoxia
CHEMBL1783,R-HSA-1280215,Cytokine Signaling in Immune system
CHEMBL1783,R-HSA-162582,Signal Transduction
CHEMBL1783,R-HSA-1643685,Disease
CHEMBL1783,R-HSA-168256,Immune System
CHEMBL1783,R-HSA-194138,Signaling by VEGF
CHEMBL1783,R-HSA-194313,VEGF ligand-receptor interactions
CHEMBL1783,R-HSA-195399,VEGF binds to VEGFR leading to receptor dimerization
CHEMBL1783,R-HSA-212436,Generic Transcription Pathway
CHEMBL1783,R-HSA-2262752,Cellular responses to stress
CHEMBL1783,R-HSA-4420097,VEGFA-VEGFR2 Pathway
CHEMBL1783,R-HSA-449147,Signaling by Interleukins
CHEMBL1783,R-HSA-5218921,VEGFR2 mediated cell proliferation
CHEMBL1783,R-HSA-5663205,Infectious disease
CHEMBL1783,R-HSA-6785807,Interleukin-4 and Interleukin-13 signaling
CHEMBL1783,R-HSA-73857,RNA Polymerase II Transcription
CHEMBL1783,R-HSA-74160,Gene expression (Transcription)
CHEMBL1783,R-HSA-76002,"Platelet activation, signaling and aggregation"
CHEMBL1783,R-HSA-76005,Response to elevated platelet cytosolic Ca2+
CHEMBL1783,R-HSA-8864260,Transcriptional regulation by the AP-2 (TFAP2) family of transcription factors
CHEMBL1783,R-HSA-8866910,TFAP2 (AP-2) family regulates transcription of growth factors and their receptors
CHEMBL1783,R-HSA-8953897,Cellular responses to stimuli
CHEMBL1783,R-HSA-9006934,Signaling by Receptor Tyrosine Kinases
CHEMBL1783,R-HSA-9679191,Potential therapeutics for SARS
CHEMBL1783,R-HSA-9679506,SARS-CoV Infections
CHEMBL1783,R-HSA-9824446,Viral Infection Pathways
CHEMBL1785,R-HSA-1266738,Developmental Biology
CHEMBL1785,R-HSA-162582,Signal Transduction
CHEMBL1785,R-HSA-372790,Signaling by GPCR
CHEMBL1785,R-HSA-373076,Class A/1 (Rhodopsin-like receptors)
CHEMBL1785,R-HSA-375276,Peptide ligand-binding receptors
CHEMBL1785,R-HSA-388396,GPCR downstream signalling
CHEMBL1785,R-HSA-416476,G alpha (q) signalling events
CHEMBL1785,R-HSA-500792,GPCR ligand binding
CHEMBL1785,R-HSA-9730414,MITF-M-regulated melanocyte development
CHEMBL1785,R-HSA-9856649,Transcriptional and post-translational regulation of MITF-M expression and activity
CHEMBL1786,R-HSA-1430728,Metabolism
CHEMBL1786,R-HSA-1483249,Inositol phosphate metabolism
CHEMBL1786,R-HSA-1855183,"Synthesis of IP2, IP, and Ins in the cytosol"
CHEMBL1787,R-HSA-1430728,Metabolism
CHEMBL1787,R-HSA-193048,Androgen biosynthesis
CHEMBL1787,R-HSA-196071,Metabolism of steroid hormones
CHEMBL1787,R-HSA-556833,Metabolism of lipids
CHEMBL1787,R-HSA-8957322,Metabolism of steroids
CHEMBL1790,R-HSA-162582,Signal Transduction
CHEMBL1790,R-HSA-1643685,Disease
CHEMBL1790,R-HSA-199991,Membrane Trafficking
CHEMBL1790,R-HSA-372790,Signaling by GPCR
CHEMBL1790,R-HSA-373076,Class A/1 (Rhodopsin-like receptors)
CHEMBL1790,R-HSA-375276,Peptide ligand-binding receptors
CHEMBL1790,R-HSA-382551,Transport of small molecules
CHEMBL1790,R-HSA-388396,GPCR downstream signalling
CHEMBL1790,R-HSA-388479,Vasopressin-like receptors
CHEMBL1790,R-HSA-418555,G alpha (s) signalling events
CHEMBL1790,R-HSA-432040,Vasopressin regulates renal water homeostasis via Aquaporins
CHEMBL1790,R-HSA-445717,Aquaporin-mediated transport
CHEMBL1790,R-HSA-500792,GPCR ligand binding
CHEMBL1790,R-HSA-5619102,SLC transporter disorders
CHEMBL1790,R-HSA-5619115,Disorders of transmembrane transporters
CHEMBL1790,R-HSA-5653656,Vesicle-mediated transport
CHEMBL1790,R-HSA-8856825,Cargo recognition for clathrin-mediated endocytosis
CHEMBL1790,R-HSA-8856828,Clathrin-mediated endocytosis
CHEMBL1790,R-HSA-9036092,Defective AVP does not bind AVPR2 and causes neurohypophyseal diabetes insipidus (NDI)
CHEMBL1791,R-HSA-2672351,Stimuli-sensing channels
CHEMBL1791,R-HSA-382551,Transport of small molecules
CHEMBL1791,R-HSA-9709957,Sensory Perception
CHEMBL1791,R-HSA-9717189,Sensory perception of taste
CHEMBL1791,R-HSA-9730628,Sensory perception of salty taste
CHEMBL1791,R-HSA-983712,Ion channel transport
CHEMBL1793,R-HSA-162582,Signal Transduction
CHEMBL1793,R-HSA-372790,Signaling by GPCR
CHEMBL1793,R-HSA-373080,Class B/2 (Secretin family receptors)
CHEMBL1793,R-HSA-388396,GPCR downstream signalling
CHEMBL1793,R-HSA-418555,G alpha (s) signalling events
CHEMBL1793,R-HSA-500792,GPCR ligand binding
CHEMBL1795,R-HSA-397014,Muscle contraction
CHEMBL1795,R-HSA-5576891,Cardiac conduction
CHEMBL1795,R-HSA-5578768,Physiological factors
CHEMBL1798,R-HSA-162582,Signal Transduction
CHEMBL1798,R-HSA-1643685,Disease
CHEMBL1798,R-HSA-372790,Signaling by GPCR
CHEMBL1798,R-HSA-373076,Class A/1 (Rhodopsin-like receptors)
CHEMBL1798,R-HSA-388396,GPCR downstream signalling
CHEMBL1798,R-HSA-391903,Eicosanoid ligand-binding receptors
CHEMBL1798,R-HSA-391906,Leukotriene receptors
CHEMBL1798,R-HSA-416476,G alpha (q) signalling events
CHEMBL1798,R-HSA-500792,GPCR ligand binding
CHEMBL1798,R-HSA-5663205,Infectious disease
CHEMBL1798,R-HSA-9658195,Leishmania infection
CHEMBL1798,R-HSA-9662851,Anti-inflammatory response favouring Leishmania parasite infection
CHEMBL1798,R-HSA-9664433,Leishmania parasite growth and survival
CHEMBL1798,R-HSA-9664535,LTC4-CYSLTR mediated IL4 production
CHEMBL1798,R-HSA-9679191,Potential therapeutics for SARS
CHEMBL1798,R-HSA-9679506,SARS-CoV Infections
CHEMBL1798,R-HSA-9824443,Parasitic Infection Pathways
CHEMBL1798,R-HSA-9824446,Viral Infection Pathways
CHEMBL1800,R-HSA-162582,Signal Transduction
CHEMBL1800,R-HSA-372790,Signaling by GPCR
CHEMBL1800,R-HSA-373080,Class B/2 (Secretin family receptors)
CHEMBL1800,R-HSA-388396,GPCR downstream signalling
CHEMBL1800,R-HSA-418555,G alpha (s) signalling events
CHEMBL1800,R-HSA-500792,GPCR ligand binding
CHEMBL1803,R-HSA-109582,Hemostasis
CHEMBL1803,R-HSA-1280218,Adaptive Immune System
CHEMBL1803,R-HSA-1474244,Extracellular matrix organization
CHEMBL1803,R-HSA-168249,Innate Immune System
CHEMBL1803,R-HSA-168256,Immune System
CHEMBL1803,R-HSA-198933,Immunoregulatory interactions between a Lymphoid and a non-Lymphoid cell
CHEMBL1803,R-HSA-202733,Cell surface interactions at the vascular wall
CHEMBL1803,R-HSA-212436,Generic Transcription Pathway
CHEMBL1803,R-HSA-216083,Integrin cell surface interactions
CHEMBL1803,R-HSA-6798695,Neutrophil degranulation
CHEMBL1803,R-HSA-73857,RNA Polymerase II Transcription
CHEMBL1803,R-HSA-74160,Gene expression (Transcription)
CHEMBL1803,R-HSA-8878159,Transcriptional regulation by RUNX3
CHEMBL1803,R-HSA-8949275,RUNX3 Regulates Immune Response and Cell Migration
CHEMBL1804,R-HSA-162582,Signal Transduction
CHEMBL1804,R-HSA-372790,Signaling by GPCR
CHEMBL1804,R-HSA-373076,Class A/1 (Rhodopsin-like receptors)
CHEMBL1804,R-HSA-375276,Peptide ligand-binding receptors
CHEMBL1804,R-HSA-388396,GPCR downstream signalling
CHEMBL1804,R-HSA-418594,G alpha (i) signalling events
CHEMBL1804,R-HSA-500792,GPCR ligand binding
CHEMBL1806,R-HSA-1362277,Transcription of E2F targets under negative control by DREAM complex
CHEMBL1806,R-HSA-1538133,G0 and Early G1
CHEMBL1806,R-HSA-1640170,Cell Cycle
CHEMBL1806,R-HSA-2990846,SUMOylation
CHEMBL1806,R-HSA-3108232,SUMO E3 ligases SUMOylate target proteins
CHEMBL1806,R-HSA-392499,Metabolism of proteins
CHEMBL1806,R-HSA-453279,Mitotic G1 phase and G1/S transition
CHEMBL1806,R-HSA-4615885,SUMOylation of DNA replication proteins
CHEMBL1806,R-HSA-597592,Post-translational protein modification
CHEMBL1806,R-HSA-69278,"Cell Cycle, Mitotic"
CHEMBL1807,R-HSA-1643685,Disease
CHEMBL1807,R-HSA-382551,Transport of small molecules
CHEMBL1807,R-HSA-397014,Muscle contraction
CHEMBL1807,R-HSA-5576891,Cardiac conduction
CHEMBL1807,R-HSA-5578775,Ion homeostasis
CHEMBL1807,R-HSA-5663205,Infectious disease
CHEMBL1807,R-HSA-936837,Ion transport by P-type ATPases
CHEMBL1807,R-HSA-9679191,Potential therapeutics for SARS
CHEMBL1807,R-HSA-9679506,SARS-CoV Infections
CHEMBL1807,R-HSA-9824446,Viral Infection Pathways
CHEMBL1807,R-HSA-983712,Ion channel transport
CHEMBL1808,R-HSA-2022377,Metabolism of Angiotensinogen to Angiotensins
CHEMBL1808,R-HSA-2980736,Peptide hormone metabolism
CHEMBL1808,R-HSA-392499,Metabolism of proteins
CHEMBL1811,R-HSA-162582,Signal Transduction
CHEMBL1811,R-HSA-372790,Signaling by GPCR
CHEMBL1811,R-HSA-373076,Class A/1 (Rhodopsin-like receptors)
CHEMBL1811,R-HSA-388396,GPCR downstream signalling
CHEMBL1811,R-HSA-391903,Eicosanoid ligand-binding receptors
CHEMBL1811,R-HSA-391908,Prostanoid ligand receptors
CHEMBL1811,R-HSA-416476,G alpha (q) signalling events
CHEMBL1811,R-HSA-500792,GPCR ligand binding
CHEMBL1817,R-HSA-162582,Signal Transduction
CHEMBL1817,R-HSA-9006335,Signaling by Erythropoietin
CHEMBL1817,R-HSA-9027276,Erythropoietin activates Phosphoinositide-3-kinase (PI3K)
CHEMBL1817,R-HSA-9027277,Erythropoietin activates Phospholipase C gamma (PLCG)
CHEMBL1817,R-HSA-9027283,Erythropoietin activates STAT5
CHEMBL1817,R-HSA-9027284,Erythropoietin activates RAS
CHEMBL1821,R-HSA-162582,Signal Transduction
CHEMBL1821,R-HSA-372790,Signaling by GPCR
CHEMBL1821,R-HSA-373076,Class A/1 (Rhodopsin-like receptors)
CHEMBL1821,R-HSA-375280,Amine ligand-binding receptors
CHEMBL1821,R-HSA-388396,GPCR downstream signalling
CHEMBL1821,R-HSA-390648,Muscarinic acetylcholine receptors
CHEMBL1821,R-HSA-418594,G alpha (i) signalling events
CHEMBL1821,R-HSA-500792,GPCR ligand binding
CHEMBL1822,R-HSA-1430728,Metabolism
CHEMBL1822,R-HSA-15869,Metabolism of nucleotides
CHEMBL1822,R-HSA-1643685,Disease
CHEMBL1822,R-HSA-168249,Innate Immune System
CHEMBL1822,R-HSA-168256,Immune System
CHEMBL1822,R-HSA-5663205,Infectious disease
CHEMBL1822,R-HSA-6798695,Neutrophil degranulation
CHEMBL1822,R-HSA-73817,Purine ribonucleoside monophosphate biosynthesis
CHEMBL1822,R-HSA-8956320,Nucleotide biosynthesis
CHEMBL1822,R-HSA-9679191,Potential therapeutics for SARS
CHEMBL1822,R-HSA-9679506,SARS-CoV Infections
CHEMBL1822,R-HSA-9748784,Drug ADME
CHEMBL1822,R-HSA-9748787,Azathioprine ADME
CHEMBL1822,R-HSA-9824446,Viral Infection Pathways
CHEMBL1824,R-HSA-1227986,Signaling by ERBB2
CHEMBL1824,R-HSA-1227990,Signaling by ERBB2 in Cancer
CHEMBL1824,R-HSA-1250196,SHC1 events in ERBB2 signaling
CHEMBL1824,R-HSA-1251932,PLCG1 events in ERBB2 signaling
CHEMBL1824,R-HSA-1257604,PIP3 activates AKT signaling
CHEMBL1824,R-HSA-1266738,Developmental Biology
CHEMBL1824,R-HSA-1306955,GRB7 events in ERBB2 signaling
CHEMBL1824,R-HSA-1358803,Downregulation of ERBB2:ERBB3 signaling
CHEMBL1824,R-HSA-162582,Signal Transduction
CHEMBL1824,R-HSA-1643685,Disease
CHEMBL1824,R-HSA-1963640,GRB2 events in ERBB2 signaling
CHEMBL1824,R-HSA-1963642,PI3K events in ERBB2 signaling
CHEMBL1824,R-HSA-199418,Negative regulation of the PI3K/AKT network
CHEMBL1824,R-HSA-212436,Generic Transcription Pathway
CHEMBL1824,R-HSA-2219528,PI3K/AKT Signaling in Cancer
CHEMBL1824,R-HSA-2219530,Constitutive Signaling by Aberrant PI3K in Cancer
CHEMBL1824,R-HSA-373755,Semaphorin interactions
CHEMBL1824,R-HSA-400685,Sema4D in semaphorin signaling
CHEMBL1824,R-HSA-416572,Sema4D induced cell migration and growth-cone collapse
CHEMBL1824,R-HSA-422475,Axon guidance
CHEMBL1824,R-HSA-5663202,Diseases of signal transduction by growth factor receptors and second messengers
CHEMBL1824,R-HSA-5673001,RAF/MAP kinase cascade
CHEMBL1824,R-HSA-5683057,MAPK family signaling cascades
CHEMBL1824,R-HSA-5684996,MAPK1/MAPK3 signaling
CHEMBL1824,R-HSA-6785631,ERBB2 Regulates Cell Motility
CHEMBL1824,R-HSA-6811558,"PI5P, PP2A and IER3 Regulate PI3K/AKT Signaling"
CHEMBL1824,R-HSA-73857,RNA Polymerase II Transcription
CHEMBL1824,R-HSA-74160,Gene expression (Transcription)
CHEMBL1824,R-HSA-8847993,ERBB2 Activates PTK6 Signaling
CHEMBL1824,R-HSA-8848021,Signaling by PTK6
CHEMBL1824,R-HSA-8863795,Downregulation of ERBB2 signaling
CHEMBL1824,R-HSA-8864260,Transcriptional regulation by the AP-2 (TFAP2) family of transcription factors
CHEMBL1824,R-HSA-8866910,TFAP2 (AP-2) family regulates transcription of growth factors and their receptors
CHEMBL1824,R-HSA-9006925,Intracellular signaling by second messengers
CHEMBL1824,R-HSA-9006927,Signaling by Non-Receptor Tyrosine Kinases
CHEMBL1824,R-HSA-9006934,Signaling by Receptor Tyrosine Kinases
CHEMBL1824,R-HSA-9634285,Constitutive Signaling by Overexpressed ERBB2
CHEMBL1824,R-HSA-9652282,Drug-mediated inhibition of ERBB2 signaling
CHEMBL1824,R-HSA-9664565,Signaling by ERBB2 KD Mutants
CHEMBL1824,R-HSA-9665230,Drug resistance in ERBB2 KD mutants
CHEMBL1824,R-HSA-9665233,Resistance of ERBB2 KD mutants to trastuzumab
CHEMBL1824,R-HSA-9665244,Resistance of ERBB2 KD mutants to sapitinib
CHEMBL1824,R-HSA-9665245,Resistance of ERBB2 KD mutants to tesevatinib
CHEMBL1824,R-HSA-9665246,Resistance of ERBB2 KD mutants to neratinib
CHEMBL1824,R-HSA-9665247,Resistance of ERBB2 KD mutants to osimertinib
CHEMBL1824,R-HSA-9665249,Resistance of ERBB2 KD mutants to afatinib
CHEMBL1824,R-HSA-9665250,Resistance of ERBB2 KD mutants to AEE788
CHEMBL1824,R-HSA-9665251,Resistance of ERBB2 KD mutants to lapatinib
CHEMBL1824,R-HSA-9665348,Signaling by ERBB2 ECD mutants
CHEMBL1824,R-HSA-9665686,Signaling by ERBB2 TMD/JMD mutants
CHEMBL1824,R-HSA-9665737,Drug resistance in ERBB2 TMD/JMD mutants
CHEMBL1824,R-HSA-9675108,Nervous system development
CHEMBL1824,R-HSA-9734767,Developmental Cell Lineages
CHEMBL1824,R-HSA-9734779,Developmental Cell Lineages of the Integumentary System
CHEMBL1824,R-HSA-9924644,Developmental Lineages of the Mammary Gland
CHEMBL1824,R-HSA-9927418,Developmental Lineage of Mammary Gland Luminal Epithelial Cells
CHEMBL1824,R-HSA-9927432,Developmental Lineage of Mammary Gland Myoepithelial Cells
CHEMBL1824,R-HSA-9938206,Developmental Lineage of Mammary Stem Cells
CHEMBL1827,R-HSA-109582,Hemostasis
CHEMBL1827,R-HSA-162582,Signal Transduction
CHEMBL1827,R-HSA-194315,Signaling by Rho GTPases
CHEMBL1827,R-HSA-392154,Nitric oxide stimulates guanylate cyclase
CHEMBL1827,R-HSA-397014,Muscle contraction
CHEMBL1827,R-HSA-418346,Platelet homeostasis
CHEMBL1827,R-HSA-418457,cGMP effects
CHEMBL1827,R-HSA-445355,Smooth Muscle Contraction
CHEMBL1827,R-HSA-9012999,RHO GTPase cycle
CHEMBL1827,R-HSA-9013422,RHOBTB1 GTPase cycle
CHEMBL1827,R-HSA-9706574,RHOBTB GTPase Cycle
CHEMBL1827,R-HSA-9716542,"Signaling by Rho GTPases, Miro GTPases and RHOBTB3"
CHEMBL1832,R-HSA-162582,Signal Transduction
CHEMBL1832,R-HSA-372790,Signaling by GPCR
CHEMBL1832,R-HSA-373080,Class B/2 (Secretin family receptors)
CHEMBL1832,R-HSA-388396,GPCR downstream signalling
CHEMBL1832,R-HSA-418555,G alpha (s) signalling events
CHEMBL1832,R-HSA-419812,Calcitonin-like ligand receptors
CHEMBL1832,R-HSA-500792,GPCR ligand binding
CHEMBL1833,R-HSA-162582,Signal Transduction
CHEMBL1833,R-HSA-372790,Signaling by GPCR
CHEMBL1833,R-HSA-373076,Class A/1 (Rhodopsin-like receptors)
CHEMBL1833,R-HSA-375280,Amine ligand-binding receptors
CHEMBL1833,R-HSA-388396,GPCR downstream signalling
CHEMBL1833,R-HSA-390666,Serotonin receptors
CHEMBL1833,R-HSA-416476,G alpha (q) signalling events
CHEMBL1833,R-HSA-500792,GPCR ligand binding
CHEMBL1835,R-HSA-1430728,Metabolism
CHEMBL1835,R-HSA-1643685,Disease
CHEMBL1835,R-HSA-211859,Biological oxidations
CHEMBL1835,R-HSA-211897,Cytochrome P450 - arranged by substrate type
CHEMBL1835,R-HSA-211945,Phase I - Functionalization of compounds
CHEMBL1835,R-HSA-211979,Eicosanoids
CHEMBL1835,R-HSA-2142753,Arachidonate metabolism
CHEMBL1835,R-HSA-2162123,Synthesis of Prostaglandins (PG) and Thromboxanes (TX)
CHEMBL1835,R-HSA-556833,Metabolism of lipids
CHEMBL1835,R-HSA-5579029,Metabolic disorders of biological oxidation enzymes
CHEMBL1835,R-HSA-5579032,Defective TBXAS1 causes GHDD
CHEMBL1835,R-HSA-5668914,Diseases of metabolism
CHEMBL1835,R-HSA-8978868,Fatty acid metabolism
CHEMBL1836,R-HSA-162582,Signal Transduction
CHEMBL1836,R-HSA-372790,Signaling by GPCR
CHEMBL1836,R-HSA-373076,Class A/1 (Rhodopsin-like receptors)
CHEMBL1836,R-HSA-388396,GPCR downstream signalling
CHEMBL1836,R-HSA-391903,Eicosanoid ligand-binding receptors
CHEMBL1836,R-HSA-391908,Prostanoid ligand receptors
CHEMBL1836,R-HSA-418555,G alpha (s) signalling events
CHEMBL1836,R-HSA-500792,GPCR ligand binding
CHEMBL1839,R-HSA-1430728,Metabolism
CHEMBL1839,R-HSA-209776,Metabolism of amine-derived hormones
CHEMBL1839,R-HSA-209968,Thyroxine biosynthesis
CHEMBL1839,R-HSA-71291,Metabolism of amino acids and derivatives
CHEMBL1842,R-HSA-1280218,Adaptive Immune System
CHEMBL1842,R-HSA-1643685,Disease
CHEMBL1842,R-HSA-168249,Innate Immune System
CHEMBL1842,R-HSA-168256,Immune System
CHEMBL1842,R-HSA-198933,Immunoregulatory interactions between a Lymphoid and a non-Lymphoid cell
CHEMBL1842,R-HSA-5663205,Infectious disease
CHEMBL1842,R-HSA-6798695,Neutrophil degranulation
CHEMBL1842,R-HSA-9824446,Viral Infection Pathways
CHEMBL1842,R-HSA-9839923,Dengue Virus Infection
CHEMBL1842,R-HSA-9918485,Dengue Virus Attachment and Entry
CHEMBL1843,R-HSA-1430728,Metabolism
CHEMBL1843,R-HSA-209776,Metabolism of amine-derived hormones
CHEMBL1843,R-HSA-209905,Catecholamine biosynthesis
CHEMBL1843,R-HSA-209931,Serotonin and melatonin biosynthesis
CHEMBL1843,R-HSA-71291,Metabolism of amino acids and derivatives
CHEMBL1845,R-HSA-1266738,Developmental Biology
CHEMBL1845,R-HSA-373760,L1CAM interactions
CHEMBL1845,R-HSA-397014,Muscle contraction
CHEMBL1845,R-HSA-422475,Axon guidance
CHEMBL1845,R-HSA-445095,Interaction between L1 and Ankyrins
CHEMBL1845,R-HSA-5576891,Cardiac conduction
CHEMBL1845,R-HSA-5576892,Phase 0 - rapid depolarisation
CHEMBL1845,R-HSA-9675108,Nervous system development
CHEMBL1846,R-HSA-2672351,Stimuli-sensing channels
CHEMBL1846,R-HSA-382551,Transport of small molecules
CHEMBL1846,R-HSA-397014,Muscle contraction
CHEMBL1846,R-HSA-5576891,Cardiac conduction
CHEMBL1846,R-HSA-5578775,Ion homeostasis
CHEMBL1846,R-HSA-983712,Ion channel transport
CHEMBL1851,R-HSA-1430728,Metabolism
CHEMBL1851,R-HSA-192105,Synthesis of bile acids and bile salts
CHEMBL1851,R-HSA-193368,Synthesis of bile acids and bile salts via 7alpha-hydroxycholesterol
CHEMBL1851,R-HSA-193807,Synthesis of bile acids and bile salts via 27-hydroxycholesterol
CHEMBL1851,R-HSA-194068,Bile acid and bile salt metabolism
CHEMBL1851,R-HSA-1989781,PPARA activates gene expression
CHEMBL1851,R-HSA-211859,Biological oxidations
CHEMBL1851,R-HSA-211897,Cytochrome P450 - arranged by substrate type
CHEMBL1851,R-HSA-211945,Phase I - Functionalization of compounds
CHEMBL1851,R-HSA-211976,Endogenous sterols
CHEMBL1851,R-HSA-400206,Regulation of lipid metabolism by PPARalpha
CHEMBL1851,R-HSA-556833,Metabolism of lipids
CHEMBL1851,R-HSA-8957322,Metabolism of steroids
CHEMBL1854,R-HSA-162582,Signal Transduction
CHEMBL1854,R-HSA-372790,Signaling by GPCR
CHEMBL1854,R-HSA-373076,Class A/1 (Rhodopsin-like receptors)
CHEMBL1854,R-HSA-375281,Hormone ligand-binding receptors
CHEMBL1854,R-HSA-388396,GPCR downstream signalling
CHEMBL1854,R-HSA-418555,G alpha (s) signalling events
CHEMBL1854,R-HSA-500792,GPCR ligand binding
CHEMBL1855,R-HSA-162582,Signal Transduction
CHEMBL1855,R-HSA-372790,Signaling by GPCR
CHEMBL1855,R-HSA-373076,Class A/1 (Rhodopsin-like receptors)
CHEMBL1855,R-HSA-375281,Hormone ligand-binding receptors
CHEMBL1855,R-HSA-388396,GPCR downstream signalling
CHEMBL1855,R-HSA-416476,G alpha (q) signalling events
CHEMBL1855,R-HSA-500792,GPCR ligand binding
CHEMBL1856,R-HSA-1430728,Metabolism
CHEMBL1856,R-HSA-193048,Androgen biosynthesis
CHEMBL1856,R-HSA-196071,Metabolism of steroid hormones
CHEMBL1856,R-HSA-556833,Metabolism of lipids
CHEMBL1856,R-HSA-8957322,Metabolism of steroids
CHEMBL1859,R-HSA-1266738,Developmental Biology
CHEMBL1859,R-HSA-375165,NCAM signaling for neurite out-growth
CHEMBL1859,R-HSA-397014,Muscle contraction
CHEMBL1859,R-HSA-419037,NCAM1 interactions
CHEMBL1859,R-HSA-422475,Axon guidance
CHEMBL1859,R-HSA-445355,Smooth Muscle Contraction
CHEMBL1859,R-HSA-8953897,Cellular responses to stimuli
CHEMBL1859,R-HSA-9675108,Nervous system development
CHEMBL1859,R-HSA-9855142,Cellular responses to mechanical stimuli
CHEMBL1859,R-HSA-9856532,Mechanical load activates signaling by PIEZO1 and integrins in osteocytes
CHEMBL1860,R-HSA-212436,Generic Transcription Pathway
CHEMBL1860,R-HSA-2990846,SUMOylation
CHEMBL1860,R-HSA-3108232,SUMO E3 ligases SUMOylate target proteins
CHEMBL1860,R-HSA-383280,Nuclear Receptor transcription pathway
CHEMBL1860,R-HSA-392499,Metabolism of proteins
CHEMBL1860,R-HSA-4090294,SUMOylation of intracellular receptors
CHEMBL1860,R-HSA-597592,Post-translational protein modification
CHEMBL1860,R-HSA-73857,RNA Polymerase II Transcription
CHEMBL1860,R-HSA-74160,Gene expression (Transcription)
CHEMBL1861,R-HSA-1430728,Metabolism
CHEMBL1861,R-HSA-71291,Metabolism of amino acids and derivatives
CHEMBL1861,R-HSA-8963684,Tyrosine catabolism
CHEMBL1861,R-HSA-8963691,Phenylalanine and tyrosine metabolism
CHEMBL1864,R-HSA-109582,Hemostasis
CHEMBL1864,R-HSA-76002,"Platelet activation, signaling and aggregation"
CHEMBL1864,R-HSA-76009,Platelet Aggregation (Plug Formation)
CHEMBL1867,R-HSA-109582,Hemostasis
CHEMBL1867,R-HSA-1430728,Metabolism
CHEMBL1867,R-HSA-162582,Signal Transduction
CHEMBL1867,R-HSA-163685,Integration of energy metabolism
CHEMBL1867,R-HSA-372790,Signaling by GPCR
CHEMBL1867,R-HSA-373076,Class A/1 (Rhodopsin-like receptors)
CHEMBL1867,R-HSA-375280,Amine ligand-binding receptors
CHEMBL1867,R-HSA-388396,GPCR downstream signalling
CHEMBL1867,R-HSA-390696,Adrenoceptors
CHEMBL1867,R-HSA-392023,Adrenaline signalling through Alpha-2 adrenergic receptor
CHEMBL1867,R-HSA-392499,Metabolism of proteins
CHEMBL1867,R-HSA-400042,"Adrenaline,noradrenaline inhibits insulin secretion"
CHEMBL1867,R-HSA-418594,G alpha (i) signalling events
CHEMBL1867,R-HSA-418597,G alpha (z) signalling events
CHEMBL1867,R-HSA-422356,Regulation of insulin secretion
CHEMBL1867,R-HSA-500792,GPCR ligand binding
CHEMBL1867,R-HSA-5683826,Surfactant metabolism
CHEMBL1867,R-HSA-76002,"Platelet activation, signaling and aggregation"
CHEMBL1867,R-HSA-76009,Platelet Aggregation (Plug Formation)
CHEMBL1868,R-HSA-162582,Signal Transduction
CHEMBL1868,R-HSA-194138,Signaling by VEGF
CHEMBL1868,R-HSA-194306,Neurophilin interactions with VEGF and VEGFR
CHEMBL1868,R-HSA-194313,VEGF ligand-receptor interactions
CHEMBL1868,R-HSA-195399,VEGF binds to VEGFR leading to receptor dimerization
CHEMBL1868,R-HSA-9006934,Signaling by Receptor Tyrosine Kinases
CHEMBL1869,R-HSA-1430728,Metabolism
CHEMBL1869,R-HSA-350562,Regulation of ornithine decarboxylase (ODC)
CHEMBL1869,R-HSA-351202,Metabolism of polyamines
CHEMBL1869,R-HSA-71291,Metabolism of amino acids and derivatives
CHEMBL1871,R-HSA-162582,Signal Transduction
CHEMBL1871,R-HSA-194315,Signaling by Rho GTPases
CHEMBL1871,R-HSA-195258,RHO GTPase Effectors
CHEMBL1871,R-HSA-212436,Generic Transcription Pathway
CHEMBL1871,R-HSA-2262752,Cellular responses to stress
CHEMBL1871,R-HSA-2990846,SUMOylation
CHEMBL1871,R-HSA-3108232,SUMO E3 ligases SUMOylate target proteins
CHEMBL1871,R-HSA-3371497,HSP90 chaperone cycle for steroid hormone receptors (SHR) in the presence of ligand
CHEMBL1871,R-HSA-383280,Nuclear Receptor transcription pathway
CHEMBL1871,R-HSA-392499,Metabolism of proteins
CHEMBL1871,R-HSA-4090294,SUMOylation of intracellular receptors
CHEMBL1871,R-HSA-5625740,RHO GTPases activate PKNs
CHEMBL1871,R-HSA-5625886,Activated PKN1 stimulates transcription of AR (androgen receptor) regulated genes KLK2 and KLK3
CHEMBL1871,R-HSA-5688426,Deubiquitination
CHEMBL1871,R-HSA-5689880,Ub-specific processing proteases
CHEMBL1871,R-HSA-597592,Post-translational protein modification
CHEMBL1871,R-HSA-73857,RNA Polymerase II Transcription
CHEMBL1871,R-HSA-74160,Gene expression (Transcription)
CHEMBL1871,R-HSA-8878166,Transcriptional regulation by RUNX2
CHEMBL1871,R-HSA-8940973,RUNX2 regulates osteoblast differentiation
CHEMBL1871,R-HSA-8941326,RUNX2 regulates bone development
CHEMBL1871,R-HSA-8953897,Cellular responses to stimuli
CHEMBL1871,R-HSA-9716542,"Signaling by Rho GTPases, Miro GTPases and RHOBTB3"
CHEMBL1874,R-HSA-1643685,Disease
CHEMBL1874,R-HSA-382551,Transport of small molecules
CHEMBL1874,R-HSA-425407,SLC-mediated transmembrane transport
CHEMBL1874,R-HSA-426117,Cation-coupled Chloride cotransporters
CHEMBL1874,R-HSA-5619102,SLC transporter disorders
CHEMBL1874,R-HSA-5619104,Defective SLC12A1 causes Bartter syndrome 1 (BS1)
CHEMBL1874,R-HSA-5619115,Disorders of transmembrane transporters
CHEMBL1874,R-HSA-9958790,SLC-mediated transport of inorganic anions
CHEMBL1875,R-HSA-162582,Signal Transduction
CHEMBL1875,R-HSA-372790,Signaling by GPCR
CHEMBL1875,R-HSA-373076,Class A/1 (Rhodopsin-like receptors)
CHEMBL1875,R-HSA-375280,Amine ligand-binding receptors
CHEMBL1875,R-HSA-388396,GPCR downstream signalling
CHEMBL1875,R-HSA-390666,Serotonin receptors
CHEMBL1875,R-HSA-418555,G alpha (s) signalling events
CHEMBL1875,R-HSA-500792,GPCR ligand binding
CHEMBL1876,R-HSA-1643685,Disease
CHEMBL1876,R-HSA-382551,Transport of small molecules
CHEMBL1876,R-HSA-425407,SLC-mediated transmembrane transport
CHEMBL1876,R-HSA-426117,Cation-coupled Chloride cotransporters
CHEMBL1876,R-HSA-5619087,Defective SLC12A3 causes Gitelman syndrome (GS)
CHEMBL1876,R-HSA-5619102,SLC transporter disorders
CHEMBL1876,R-HSA-5619115,Disorders of transmembrane transporters
CHEMBL1876,R-HSA-9958790,SLC-mediated transport of inorganic anions
CHEMBL1881,R-HSA-162582,Signal Transduction
CHEMBL1881,R-HSA-372790,Signaling by GPCR
CHEMBL1881,R-HSA-373076,Class A/1 (Rhodopsin-like receptors)
CHEMBL1881,R-HSA-388396,GPCR downstream signalling
CHEMBL1881,R-HSA-391903,Eicosanoid ligand-binding receptors
CHEMBL1881,R-HSA-391908,Prostanoid ligand receptors
CHEMBL1881,R-HSA-418555,G alpha (s) signalling events
CHEMBL1881,R-HSA-500792,GPCR ligand binding
CHEMBL1882,R-HSA-112314,Neurotransmitter receptors and postsynaptic signal transmission
CHEMBL1882,R-HSA-112315,Transmission across Chemical Synapses
CHEMBL1882,R-HSA-112316,Neuronal System
CHEMBL1882,R-HSA-181431,Acetylcholine binding and downstream events
CHEMBL1882,R-HSA-622323,Presynaptic nicotinic acetylcholine receptors
CHEMBL1882,R-HSA-622327,Postsynaptic nicotinic acetylcholine receptors
CHEMBL1882,R-HSA-629587,Highly sodium permeable postsynaptic acetylcholine nicotinic receptors
CHEMBL1882,R-HSA-629594,Highly calcium permeable postsynaptic nicotinic acetylcholine receptors
CHEMBL1882,R-HSA-629597,Highly calcium permeable nicotinic acetylcholine receptors
CHEMBL1883,R-HSA-112314,Neurotransmitter receptors and postsynaptic signal transmission
CHEMBL1883,R-HSA-112315,Transmission across Chemical Synapses
CHEMBL1883,R-HSA-112316,Neuronal System
CHEMBL1883,R-HSA-181431,Acetylcholine binding and downstream events
CHEMBL1883,R-HSA-622323,Presynaptic nicotinic acetylcholine receptors
CHEMBL1883,R-HSA-622327,Postsynaptic nicotinic acetylcholine receptors
CHEMBL1883,R-HSA-629587,Highly sodium permeable postsynaptic acetylcholine nicotinic receptors
CHEMBL1883,R-HSA-629594,Highly calcium permeable postsynaptic nicotinic acetylcholine receptors
CHEMBL1883,R-HSA-629597,Highly calcium permeable nicotinic acetylcholine receptors
CHEMBL1886,R-HSA-112316,Neuronal System
CHEMBL1886,R-HSA-1296025,ATP sensitive Potassium channels
CHEMBL1886,R-HSA-1296065,Inwardly rectifying K+ channels
CHEMBL1886,R-HSA-1296071,Potassium Channels
CHEMBL1886,R-HSA-1430728,Metabolism
CHEMBL1886,R-HSA-163685,Integration of energy metabolism
CHEMBL1886,R-HSA-1643685,Disease
CHEMBL1886,R-HSA-382551,Transport of small molecules
CHEMBL1886,R-HSA-382556,ABC-family proteins mediated transport
CHEMBL1886,R-HSA-397014,Muscle contraction
CHEMBL1886,R-HSA-422356,Regulation of insulin secretion
CHEMBL1886,R-HSA-5576891,Cardiac conduction
CHEMBL1886,R-HSA-5578775,Ion homeostasis
CHEMBL1886,R-HSA-5619084,ABC transporter disorders
CHEMBL1886,R-HSA-5619115,Disorders of transmembrane transporters
CHEMBL1886,R-HSA-5678420,"Defective ABCC9 causes CMD10, ATFB12 and Cantu syndrome"
CHEMBL1886,R-HSA-5683177,Defective ABCC8 can cause hypo- and hyper-glycemias
CHEMBL1889,R-HSA-162582,Signal Transduction
CHEMBL1889,R-HSA-1643685,Disease
CHEMBL1889,R-HSA-372790,Signaling by GPCR
CHEMBL1889,R-HSA-373076,Class A/1 (Rhodopsin-like receptors)
CHEMBL1889,R-HSA-375276,Peptide ligand-binding receptors
CHEMBL1889,R-HSA-388396,GPCR downstream signalling
CHEMBL1889,R-HSA-388479,Vasopressin-like receptors
CHEMBL1889,R-HSA-416476,G alpha (q) signalling events
CHEMBL1889,R-HSA-500792,GPCR ligand binding
CHEMBL1889,R-HSA-5619099,"Defective AVP does not bind AVPR1A,B and causes neurohypophyseal diabetes insipidus (NDI)"
CHEMBL1889,R-HSA-5619102,SLC transporter disorders
CHEMBL1889,R-HSA-5619115,Disorders of transmembrane transporters
CHEMBL1892,R-HSA-1430728,Metabolism
CHEMBL1892,R-HSA-71291,Metabolism of amino acids and derivatives
CHEMBL1892,R-HSA-8963693,Aspartate and asparagine metabolism
CHEMBL1893,R-HSA-112310,Neurotransmitter release cycle
CHEMBL1893,R-HSA-112315,Transmission across Chemical Synapses
CHEMBL1893,R-HSA-112316,Neuronal System
CHEMBL1893,R-HSA-181429,Serotonin Neurotransmitter Release Cycle
CHEMBL1893,R-HSA-181430,Norepinephrine Neurotransmitter Release Cycle
CHEMBL1893,R-HSA-212676,Dopamine Neurotransmitter Release Cycle
CHEMBL1898,R-HSA-162582,Signal Transduction
CHEMBL1898,R-HSA-372790,Signaling by GPCR
CHEMBL1898,R-HSA-373076,Class A/1 (Rhodopsin-like receptors)
CHEMBL1898,R-HSA-375280,Amine ligand-binding receptors
CHEMBL1898,R-HSA-388396,GPCR downstream signalling
CHEMBL1898,R-HSA-390666,Serotonin receptors
CHEMBL1898,R-HSA-418594,G alpha (i) signalling events
CHEMBL1898,R-HSA-500792,GPCR ligand binding
CHEMBL1899,R-HSA-112314,Neurotransmitter receptors and postsynaptic signal transmission
CHEMBL1899,R-HSA-112315,Transmission across Chemical Synapses
CHEMBL1899,R-HSA-112316,Neuronal System
CHEMBL1900,R-HSA-1430728,Metabolism
CHEMBL1900,R-HSA-196071,Metabolism of steroid hormones
CHEMBL1900,R-HSA-196108,Pregnenolone biosynthesis
CHEMBL1900,R-HSA-556833,Metabolism of lipids
CHEMBL1900,R-HSA-5652084,Fructose metabolism
CHEMBL1900,R-HSA-5652227,Fructose biosynthesis
CHEMBL1900,R-HSA-70370,Galactose catabolism
CHEMBL1900,R-HSA-71387,Metabolism of carbohydrates and carbohydrate derivatives
CHEMBL1900,R-HSA-8957322,Metabolism of steroids
CHEMBL1901,R-HSA-162582,Signal Transduction
CHEMBL1901,R-HSA-372790,Signaling by GPCR
CHEMBL1901,R-HSA-373076,Class A/1 (Rhodopsin-like receptors)
CHEMBL1901,R-HSA-375276,Peptide ligand-binding receptors
CHEMBL1901,R-HSA-388396,GPCR downstream signalling
CHEMBL1901,R-HSA-416476,G alpha (q) signalling events
CHEMBL1901,R-HSA-500792,GPCR ligand binding
CHEMBL1903,R-HSA-112310,Neurotransmitter release cycle
CHEMBL1903,R-HSA-112315,Transmission across Chemical Synapses
CHEMBL1903,R-HSA-112316,Neuronal System
CHEMBL1903,R-HSA-382551,Transport of small molecules
CHEMBL1903,R-HSA-425407,SLC-mediated transmembrane transport
CHEMBL1903,R-HSA-442660,SLC-mediated transport of neurotransmitters
CHEMBL1903,R-HSA-888590,"GABA synthesis, release, reuptake and degradation"
CHEMBL1903,R-HSA-888593,Reuptake of GABA
CHEMBL1904,R-HSA-112314,Neurotransmitter receptors and postsynaptic signal transmission
CHEMBL1904,R-HSA-112315,Transmission across Chemical Synapses
CHEMBL1904,R-HSA-112316,Neuronal System
CHEMBL1904,R-HSA-1266738,Developmental Biology
CHEMBL1904,R-HSA-162582,Signal Transduction
CHEMBL1904,R-HSA-166520,Signaling by NTRKs
CHEMBL1904,R-HSA-212436,Generic Transcription Pathway
CHEMBL1904,R-HSA-2682334,EPH-Ephrin signaling
CHEMBL1904,R-HSA-3928662,EPHB-mediated forward signaling
CHEMBL1904,R-HSA-422475,Axon guidance
CHEMBL1904,R-HSA-438064,Post NMDA receptor activation events
CHEMBL1904,R-HSA-438066,"Unblocking of NMDA receptors, glutamate binding and activation"
CHEMBL1904,R-HSA-442742,CREB1 phosphorylation through NMDA receptor-mediated activation of RAS signaling
CHEMBL1904,R-HSA-442755,Activation of NMDA receptors and postsynaptic events
CHEMBL1904,R-HSA-442982,Ras activation upon Ca2+ influx through NMDA receptor
CHEMBL1904,R-HSA-5673001,RAF/MAP kinase cascade
CHEMBL1904,R-HSA-5683057,MAPK family signaling cascades
CHEMBL1904,R-HSA-5684996,MAPK1/MAPK3 signaling
CHEMBL1904,R-HSA-6794361,Neurexins and neuroligins
CHEMBL1904,R-HSA-6794362,Protein-protein interactions at synapses
CHEMBL1904,R-HSA-73857,RNA Polymerase II Transcription
CHEMBL1904,R-HSA-74160,Gene expression (Transcription)
CHEMBL1904,R-HSA-8849932,Synaptic adhesion-like molecules
CHEMBL1904,R-HSA-8986944,Transcriptional Regulation by MECP2
CHEMBL1904,R-HSA-9006115,Signaling by NTRK2 (TRKB)
CHEMBL1904,R-HSA-9006934,Signaling by Receptor Tyrosine Kinases
CHEMBL1904,R-HSA-9022699,MECP2 regulates neuronal receptors and channels
CHEMBL1904,R-HSA-9032500,Activated NTRK2 signals through FYN
CHEMBL1904,R-HSA-9609736,Assembly and cell surface presentation of NMDA receptors
CHEMBL1904,R-HSA-9617324,Negative regulation of NMDA receptor-mediated neuronal transmission
CHEMBL1904,R-HSA-9620244,Long-term potentiation
CHEMBL1904,R-HSA-9675108,Nervous system development
CHEMBL1905,R-HSA-109582,Hemostasis
CHEMBL1905,R-HSA-1266738,Developmental Biology
CHEMBL1905,R-HSA-1280215,Cytokine Signaling in Immune system
CHEMBL1905,R-HSA-1280218,Adaptive Immune System
CHEMBL1905,R-HSA-1474244,Extracellular matrix organization
CHEMBL1905,R-HSA-1500931,Cell-Cell communication
CHEMBL1905,R-HSA-1566948,Elastic fibre formation
CHEMBL1905,R-HSA-1566977,Fibronectin matrix formation
CHEMBL1905,R-HSA-162582,Signal Transduction
CHEMBL1905,R-HSA-1643685,Disease
CHEMBL1905,R-HSA-168256,Immune System
CHEMBL1905,R-HSA-170834,Signaling by TGF-beta Receptor Complex
CHEMBL1905,R-HSA-194315,Signaling by Rho GTPases
CHEMBL1905,R-HSA-195258,RHO GTPase Effectors
CHEMBL1905,R-HSA-198933,Immunoregulatory interactions between a Lymphoid and a non-Lymphoid cell
CHEMBL1905,R-HSA-202733,Cell surface interactions at the vascular wall
CHEMBL1905,R-HSA-210991,Basigin interactions
CHEMBL1905,R-HSA-2129379,Molecules associated with elastic fibres
CHEMBL1905,R-HSA-216083,Integrin cell surface interactions
CHEMBL1905,R-HSA-2173789,TGF-beta receptor signaling activates SMADs
CHEMBL1905,R-HSA-3000157,Laminin interactions
CHEMBL1905,R-HSA-3000170,Syndecan interactions
CHEMBL1905,R-HSA-3000171,Non-integrin membrane-ECM interactions
CHEMBL1905,R-HSA-3000178,ECM proteoglycans
CHEMBL1905,R-HSA-372790,Signaling by GPCR
CHEMBL1905,R-HSA-373755,Semaphorin interactions
CHEMBL1905,R-HSA-373760,L1CAM interactions
CHEMBL1905,R-HSA-388396,GPCR downstream signalling
CHEMBL1905,R-HSA-416700,Other semaphorin interactions
CHEMBL1905,R-HSA-418555,G alpha (s) signalling events
CHEMBL1905,R-HSA-422475,Axon guidance
CHEMBL1905,R-HSA-445144,Signal transduction by L1
CHEMBL1905,R-HSA-446343,Localization of the PINCH-ILK-PARVIN complex to focal adhesions
CHEMBL1905,R-HSA-446353,Cell-extracellular matrix interactions
CHEMBL1905,R-HSA-446728,Cell junction organization
CHEMBL1905,R-HSA-447041,CHL1 interactions
CHEMBL1905,R-HSA-449147,Signaling by Interleukins
CHEMBL1905,R-HSA-5663205,Infectious disease
CHEMBL1905,R-HSA-5663220,RHO GTPases Activate Formins
CHEMBL1905,R-HSA-6785807,Interleukin-4 and Interleukin-13 signaling
CHEMBL1905,R-HSA-6806834,Signaling by MET
CHEMBL1905,R-HSA-75892,Platelet Adhesion to exposed collagen
CHEMBL1905,R-HSA-8875513,MET interacts with TNS proteins
CHEMBL1905,R-HSA-8875878,MET promotes cell motility
CHEMBL1905,R-HSA-8953897,Cellular responses to stimuli
CHEMBL1905,R-HSA-9006934,Signaling by Receptor Tyrosine Kinases
CHEMBL1905,R-HSA-9006936,Signaling by TGFB family members
CHEMBL1905,R-HSA-9012999,RHO GTPase cycle
CHEMBL1905,R-HSA-9013149,RAC1 GTPase cycle
CHEMBL1905,R-HSA-9013404,RAC2 GTPase cycle
CHEMBL1905,R-HSA-9013408,RHOG GTPase cycle
CHEMBL1905,R-HSA-9013423,RAC3 GTPase cycle
CHEMBL1905,R-HSA-9609646,HCMV Infection
CHEMBL1905,R-HSA-9609690,HCMV Early Events
CHEMBL1905,R-HSA-9634597,GPER1 signaling
CHEMBL1905,R-HSA-9675108,Nervous system development
CHEMBL1905,R-HSA-9679191,Potential therapeutics for SARS
CHEMBL1905,R-HSA-9679506,SARS-CoV Infections
CHEMBL1905,R-HSA-9716542,"Signaling by Rho GTPases, Miro GTPases and RHOBTB3"
CHEMBL1905,R-HSA-9725554,Differentiation of Keratinocytes in Interfollicular Epidermis in Mammalian Skin
CHEMBL1905,R-HSA-9734767,Developmental Cell Lineages
CHEMBL1905,R-HSA-9734779,Developmental Cell Lineages of the Integumentary System
CHEMBL1905,R-HSA-9824446,Viral Infection Pathways
CHEMBL1905,R-HSA-9830369,Kidney development
CHEMBL1905,R-HSA-9830674,Formation of the ureteric bud
CHEMBL1905,R-HSA-9855142,Cellular responses to mechanical stimuli
CHEMBL1905,R-HSA-9856532,Mechanical load activates signaling by PIEZO1 and integrins in osteocytes
CHEMBL1905,R-HSA-9860927,"Turbulent (oscillatory, disturbed) flow shear stress activates signaling by PIEZO1 and integrins in endothelial cells"
CHEMBL1905,R-HSA-9860931,Response of endothelial cells to shear stress
CHEMBL1905,R-HSA-9924644,Developmental Lineages of the Mammary Gland
CHEMBL1905,R-HSA-9927418,Developmental Lineage of Mammary Gland Luminal Epithelial Cells
CHEMBL1905,R-HSA-9927432,Developmental Lineage of Mammary Gland Myoepithelial Cells
CHEMBL1905,R-HSA-9938206,Developmental Lineage of Mammary Stem Cells
CHEMBL1907,R-HSA-168249,Innate Immune System
CHEMBL1907,R-HSA-168256,Immune System
CHEMBL1907,R-HSA-2022377,Metabolism of Angiotensinogen to Angiotensins
CHEMBL1907,R-HSA-2980736,Peptide hormone metabolism
CHEMBL1907,R-HSA-392499,Metabolism of proteins
CHEMBL1907,R-HSA-6798695,Neutrophil degranulation
CHEMBL1910,R-HSA-1430728,Metabolism
CHEMBL1910,R-HSA-15869,Metabolism of nucleotides
CHEMBL1910,R-HSA-1643685,Disease
CHEMBL1910,R-HSA-5668914,Diseases of metabolism
CHEMBL1910,R-HSA-74217,Purine salvage
CHEMBL1910,R-HSA-8956321,Nucleotide salvage
CHEMBL1910,R-HSA-9734207,Nucleotide salvage defects
CHEMBL1910,R-HSA-9734735,Defective ADA disrupts (deoxy)adenosine deamination
CHEMBL1910,R-HSA-9735804,Diseases of nucleotide metabolism
CHEMBL1910,R-HSA-9748784,Drug ADME
CHEMBL1910,R-HSA-9755088,Ribavirin ADME
CHEMBL1911,R-HSA-112310,Neurotransmitter release cycle
CHEMBL1911,R-HSA-112315,Transmission across Chemical Synapses
CHEMBL1911,R-HSA-112316,Neuronal System
CHEMBL1911,R-HSA-888590,"GABA synthesis, release, reuptake and degradation"
CHEMBL1911,R-HSA-916853,Degradation of GABA
CHEMBL1912,R-HSA-163125,Post-translational modification: synthesis of GPI-anchored proteins
CHEMBL1912,R-HSA-392499,Metabolism of proteins
CHEMBL1912,R-HSA-597592,Post-translational protein modification
CHEMBL1913,R-HSA-1257604,PIP3 activates AKT signaling
CHEMBL1913,R-HSA-162582,Signal Transduction
CHEMBL1913,R-HSA-1643685,Disease
CHEMBL1913,R-HSA-186763,Downstream signal transduction
CHEMBL1913,R-HSA-186797,Signaling by PDGF
CHEMBL1913,R-HSA-199418,Negative regulation of the PI3K/AKT network
CHEMBL1913,R-HSA-2219528,PI3K/AKT Signaling in Cancer
CHEMBL1913,R-HSA-2219530,Constitutive Signaling by Aberrant PI3K in Cancer
CHEMBL1913,R-HSA-5663202,Diseases of signal transduction by growth factor receptors and second messengers
CHEMBL1913,R-HSA-5673001,RAF/MAP kinase cascade
CHEMBL1913,R-HSA-5683057,MAPK family signaling cascades
CHEMBL1913,R-HSA-5684996,MAPK1/MAPK3 signaling
CHEMBL1913,R-HSA-6811558,"PI5P, PP2A and IER3 Regulate PI3K/AKT Signaling"
CHEMBL1913,R-HSA-9006925,Intracellular signaling by second messengers
CHEMBL1913,R-HSA-9006934,Signaling by Receptor Tyrosine Kinases
CHEMBL1914,R-HSA-112311,Neurotransmitter clearance
CHEMBL1914,R-HSA-112315,Transmission across Chemical Synapses
CHEMBL1914,R-HSA-112316,Neuronal System
CHEMBL1914,R-HSA-1430728,Metabolism
CHEMBL1914,R-HSA-1483191,Synthesis of PC
CHEMBL1914,R-HSA-1483206,Glycerophospholipid biosynthesis
CHEMBL1914,R-HSA-1483257,Phospholipid metabolism
CHEMBL1914,R-HSA-2980736,Peptide hormone metabolism
CHEMBL1914,R-HSA-392499,Metabolism of proteins
CHEMBL1914,R-HSA-422085,"Synthesis, secretion, and deacylation of Ghrelin"
CHEMBL1914,R-HSA-556833,Metabolism of lipids
CHEMBL1914,R-HSA-9748784,Drug ADME
CHEMBL1914,R-HSA-9749641,Aspirin ADME
CHEMBL1916,R-HSA-109582,Hemostasis
CHEMBL1916,R-HSA-1430728,Metabolism
CHEMBL1916,R-HSA-162582,Signal Transduction
CHEMBL1916,R-HSA-163685,Integration of energy metabolism
CHEMBL1916,R-HSA-372790,Signaling by GPCR
CHEMBL1916,R-HSA-373076,Class A/1 (Rhodopsin-like receptors)
CHEMBL1916,R-HSA-375280,Amine ligand-binding receptors
CHEMBL1916,R-HSA-388396,GPCR downstream signalling
CHEMBL1916,R-HSA-390696,Adrenoceptors
CHEMBL1916,R-HSA-392023,Adrenaline signalling through Alpha-2 adrenergic receptor
CHEMBL1916,R-HSA-392499,Metabolism of proteins
CHEMBL1916,R-HSA-400042,"Adrenaline,noradrenaline inhibits insulin secretion"
CHEMBL1916,R-HSA-418594,G alpha (i) signalling events
CHEMBL1916,R-HSA-418597,G alpha (z) signalling events
CHEMBL1916,R-HSA-422356,Regulation of insulin secretion
CHEMBL1916,R-HSA-500792,GPCR ligand binding
CHEMBL1916,R-HSA-5683826,Surfactant metabolism
CHEMBL1916,R-HSA-76002,"Platelet activation, signaling and aggregation"
CHEMBL1916,R-HSA-76009,Platelet Aggregation (Plug Formation)
CHEMBL1919,R-HSA-112308,Presynaptic depolarization and calcium channel opening
CHEMBL1919,R-HSA-112315,Transmission across Chemical Synapses
CHEMBL1919,R-HSA-112316,Neuronal System
CHEMBL1919,R-HSA-8953897,Cellular responses to stimuli
CHEMBL1919,R-HSA-9855142,Cellular responses to mechanical stimuli
CHEMBL1919,R-HSA-9856532,Mechanical load activates signaling by PIEZO1 and integrins in osteocytes
CHEMBL1920,R-HSA-112314,Neurotransmitter receptors and postsynaptic signal transmission
CHEMBL1920,R-HSA-112315,Transmission across Chemical Synapses
CHEMBL1920,R-HSA-112316,Neuronal System
CHEMBL1920,R-HSA-1236394,Signaling by ERBB4
CHEMBL1920,R-HSA-162582,Signal Transduction
CHEMBL1920,R-HSA-9006934,Signaling by Receptor Tyrosine Kinases
CHEMBL1920,R-HSA-977443,GABA receptor activation
CHEMBL1925,R-HSA-162582,Signal Transduction
CHEMBL1925,R-HSA-372790,Signaling by GPCR
CHEMBL1925,R-HSA-373080,Class B/2 (Secretin family receptors)
CHEMBL1925,R-HSA-388396,GPCR downstream signalling
CHEMBL1925,R-HSA-418555,G alpha (s) signalling events
CHEMBL1925,R-HSA-420092,Glucagon-type ligand receptors
CHEMBL1925,R-HSA-500792,GPCR ligand binding
CHEMBL1927,R-HSA-1430728,Metabolism
CHEMBL1927,R-HSA-15869,Metabolism of nucleotides
CHEMBL1927,R-HSA-1643685,Disease
CHEMBL1927,R-HSA-1989781,PPARA activates gene expression
CHEMBL1927,R-HSA-212436,Generic Transcription Pathway
CHEMBL1927,R-HSA-2262752,Cellular responses to stress
CHEMBL1927,R-HSA-2408522,Selenoamino acid metabolism
CHEMBL1927,R-HSA-2408550,Metabolism of ingested H2SeO4 and H2SeO3 into H2Se
CHEMBL1927,R-HSA-3299685,Detoxification of Reactive Oxygen Species
CHEMBL1927,R-HSA-3700989,Transcriptional Regulation by TP53
CHEMBL1927,R-HSA-400206,Regulation of lipid metabolism by PPARalpha
CHEMBL1927,R-HSA-499943,Interconversion of nucleotide di- and triphosphates
CHEMBL1927,R-HSA-5263617,Metabolism of ingested MeSeO2H into MeSeH
CHEMBL1927,R-HSA-5336415,Uptake and function of diphtheria toxin
CHEMBL1927,R-HSA-5339562,Uptake and actions of bacterial toxins
CHEMBL1927,R-HSA-556833,Metabolism of lipids
CHEMBL1927,R-HSA-5628897,TP53 Regulates Metabolic Genes
CHEMBL1927,R-HSA-5663205,Infectious disease
CHEMBL1927,R-HSA-71291,Metabolism of amino acids and derivatives
CHEMBL1927,R-HSA-73857,RNA Polymerase II Transcription
CHEMBL1927,R-HSA-74160,Gene expression (Transcription)
CHEMBL1927,R-HSA-8953897,Cellular responses to stimuli
CHEMBL1927,R-HSA-9711123,Cellular response to chemical stress
CHEMBL1927,R-HSA-9755511,KEAP1-NFE2L2 pathway
CHEMBL1927,R-HSA-9759194,Nuclear events mediated by NFE2L2
CHEMBL1927,R-HSA-9818027,NFE2L2 regulating anti-oxidant/detoxification enzymes
CHEMBL1927,R-HSA-9824439,Bacterial Infection Pathways
CHEMBL1929,R-HSA-1280218,Adaptive Immune System
CHEMBL1929,R-HSA-1430728,Metabolism
CHEMBL1929,R-HSA-15869,Metabolism of nucleotides
CHEMBL1929,R-HSA-168256,Immune System
CHEMBL1929,R-HSA-74259,Purine catabolism
CHEMBL1929,R-HSA-8851680,Butyrophilin (BTN) family interactions
CHEMBL1929,R-HSA-8956319,Nucleotide catabolism
CHEMBL1929,R-HSA-9748784,Drug ADME
CHEMBL1929,R-HSA-9748787,Azathioprine ADME
CHEMBL1935,R-HSA-112311,Neurotransmitter clearance
CHEMBL1935,R-HSA-112315,Transmission across Chemical Synapses
CHEMBL1935,R-HSA-112316,Neuronal System
CHEMBL1935,R-HSA-1430728,Metabolism
CHEMBL1935,R-HSA-211859,Biological oxidations
CHEMBL1935,R-HSA-211945,Phase I - Functionalization of compounds
CHEMBL1935,R-HSA-380612,Metabolism of serotonin
CHEMBL1935,R-HSA-380615,Serotonin clearance from the synaptic cleft
CHEMBL1935,R-HSA-392499,Metabolism of proteins
CHEMBL1935,R-HSA-397014,Muscle contraction
CHEMBL1935,R-HSA-445355,Smooth Muscle Contraction
CHEMBL1935,R-HSA-71384,Ethanol oxidation
CHEMBL1935,R-HSA-9837999,Mitochondrial protein degradation
CHEMBL1936,R-HSA-1257604,PIP3 activates AKT signaling
CHEMBL1936,R-HSA-1266738,Developmental Biology
CHEMBL1936,R-HSA-1433557,Signaling by SCF-KIT
CHEMBL1936,R-HSA-1433559,Regulation of KIT signaling
CHEMBL1936,R-HSA-162582,Signal Transduction
CHEMBL1936,R-HSA-1643685,Disease
CHEMBL1936,R-HSA-199418,Negative regulation of the PI3K/AKT network
CHEMBL1936,R-HSA-212436,Generic Transcription Pathway
CHEMBL1936,R-HSA-2219528,PI3K/AKT Signaling in Cancer
CHEMBL1936,R-HSA-2219530,Constitutive Signaling by Aberrant PI3K in Cancer
CHEMBL1936,R-HSA-5663202,Diseases of signal transduction by growth factor receptors and second messengers
CHEMBL1936,R-HSA-5673001,RAF/MAP kinase cascade
CHEMBL1936,R-HSA-5683057,MAPK family signaling cascades
CHEMBL1936,R-HSA-5684996,MAPK1/MAPK3 signaling
CHEMBL1936,R-HSA-6811558,"PI5P, PP2A and IER3 Regulate PI3K/AKT Signaling"
CHEMBL1936,R-HSA-73857,RNA Polymerase II Transcription
CHEMBL1936,R-HSA-74160,Gene expression (Transcription)
CHEMBL1936,R-HSA-8864260,Transcriptional regulation by the AP-2 (TFAP2) family of transcription factors
CHEMBL1936,R-HSA-8866910,TFAP2 (AP-2) family regulates transcription of growth factors and their receptors
CHEMBL1936,R-HSA-9006925,Intracellular signaling by second messengers
CHEMBL1936,R-HSA-9006934,Signaling by Receptor Tyrosine Kinases
CHEMBL1936,R-HSA-9669914,Dasatinib-resistant KIT mutants
CHEMBL1936,R-HSA-9669917,Imatinib-resistant KIT mutants
CHEMBL1936,R-HSA-9669921,KIT mutants bind TKIs
CHEMBL1936,R-HSA-9669924,Masitinib-resistant KIT mutants
CHEMBL1936,R-HSA-9669926,Nilotinib-resistant KIT mutants
CHEMBL1936,R-HSA-9669929,Regorafenib-resistant KIT mutants
CHEMBL1936,R-HSA-9669933,Signaling by kinase domain mutants of KIT
CHEMBL1936,R-HSA-9669934,Sunitinib-resistant KIT mutants
CHEMBL1936,R-HSA-9669935,Signaling by juxtamembrane domain KIT mutants
CHEMBL1936,R-HSA-9669936,Sorafenib-resistant KIT mutants
CHEMBL1936,R-HSA-9669937,Drug resistance of KIT mutants
CHEMBL1936,R-HSA-9669938,Signaling by KIT in disease
CHEMBL1936,R-HSA-9670439,"Signaling by phosphorylated juxtamembrane, extracellular and kinase domain KIT mutants"
CHEMBL1936,R-HSA-9680187,Signaling by extracellular domain mutants of KIT
CHEMBL1936,R-HSA-9730414,MITF-M-regulated melanocyte development
CHEMBL1936,R-HSA-9734767,Developmental Cell Lineages
CHEMBL1936,R-HSA-9734779,Developmental Cell Lineages of the Integumentary System
CHEMBL1936,R-HSA-9856649,Transcriptional and post-translational regulation of MITF-M expression and activity
CHEMBL1936,R-HSA-9924644,Developmental Lineages of the Mammary Gland
CHEMBL1936,R-HSA-9927418,Developmental Lineage of Mammary Gland Luminal Epithelial Cells
CHEMBL1936,R-HSA-9927426,Developmental Lineage of Mammary Gland Alveolar Cells
CHEMBL1940,R-HSA-1266738,Developmental Biology
CHEMBL1940,R-HSA-1430728,Metabolism
CHEMBL1940,R-HSA-163685,Integration of energy metabolism
CHEMBL1940,R-HSA-375165,NCAM signaling for neurite out-growth
CHEMBL1940,R-HSA-397014,Muscle contraction
CHEMBL1940,R-HSA-400042,"Adrenaline,noradrenaline inhibits insulin secretion"
CHEMBL1940,R-HSA-419037,NCAM1 interactions
CHEMBL1940,R-HSA-422356,Regulation of insulin secretion
CHEMBL1940,R-HSA-422475,Axon guidance
CHEMBL1940,R-HSA-5576891,Cardiac conduction
CHEMBL1940,R-HSA-5576892,Phase 0 - rapid depolarisation
CHEMBL1940,R-HSA-5576893,Phase 2 - plateau phase
CHEMBL1940,R-HSA-9675108,Nervous system development
CHEMBL1941,R-HSA-162582,Signal Transduction
CHEMBL1941,R-HSA-372790,Signaling by GPCR
CHEMBL1941,R-HSA-373076,Class A/1 (Rhodopsin-like receptors)
CHEMBL1941,R-HSA-375280,Amine ligand-binding receptors
CHEMBL1941,R-HSA-388396,GPCR downstream signalling
CHEMBL1941,R-HSA-390650,Histamine receptors
CHEMBL1941,R-HSA-418555,G alpha (s) signalling events
CHEMBL1941,R-HSA-500792,GPCR ligand binding
CHEMBL1942,R-HSA-109582,Hemostasis
CHEMBL1942,R-HSA-162582,Signal Transduction
CHEMBL1942,R-HSA-372790,Signaling by GPCR
CHEMBL1942,R-HSA-373076,Class A/1 (Rhodopsin-like receptors)
CHEMBL1942,R-HSA-375280,Amine ligand-binding receptors
CHEMBL1942,R-HSA-388396,GPCR downstream signalling
CHEMBL1942,R-HSA-390696,Adrenoceptors
CHEMBL1942,R-HSA-392023,Adrenaline signalling through Alpha-2 adrenergic receptor
CHEMBL1942,R-HSA-418594,G alpha (i) signalling events
CHEMBL1942,R-HSA-418597,G alpha (z) signalling events
CHEMBL1942,R-HSA-500792,GPCR ligand binding
CHEMBL1942,R-HSA-76002,"Platelet activation, signaling and aggregation"
CHEMBL1942,R-HSA-76009,Platelet Aggregation (Plug Formation)
CHEMBL1944,R-HSA-1266738,Developmental Biology
CHEMBL1944,R-HSA-168249,Innate Immune System
CHEMBL1944,R-HSA-168256,Immune System
CHEMBL1944,R-HSA-2022377,Metabolism of Angiotensinogen to Angiotensins
CHEMBL1944,R-HSA-2980736,Peptide hormone metabolism
CHEMBL1944,R-HSA-392499,Metabolism of proteins
CHEMBL1944,R-HSA-397014,Muscle contraction
CHEMBL1944,R-HSA-5576891,Cardiac conduction
CHEMBL1944,R-HSA-5578768,Physiological factors
CHEMBL1944,R-HSA-6798695,Neutrophil degranulation
CHEMBL1944,R-HSA-9734767,Developmental Cell Lineages
CHEMBL1944,R-HSA-9734779,Developmental Cell Lineages of the Integumentary System
CHEMBL1944,R-HSA-9924644,Developmental Lineages of the Mammary Gland
CHEMBL1944,R-HSA-9927432,Developmental Lineage of Mammary Gland Myoepithelial Cells
CHEMBL1947,R-HSA-212436,Generic Transcription Pathway
CHEMBL1947,R-HSA-2990846,SUMOylation
CHEMBL1947,R-HSA-3108232,SUMO E3 ligases SUMOylate target proteins
CHEMBL1947,R-HSA-383280,Nuclear Receptor transcription pathway
CHEMBL1947,R-HSA-392499,Metabolism of proteins
CHEMBL1947,R-HSA-4090294,SUMOylation of intracellular receptors
CHEMBL1947,R-HSA-597592,Post-translational protein modification
CHEMBL1947,R-HSA-73857,RNA Polymerase II Transcription
CHEMBL1947,R-HSA-74160,Gene expression (Transcription)
CHEMBL1950,R-HSA-109582,Hemostasis
CHEMBL1950,R-HSA-140837,Intrinsic Pathway of Fibrin Clot Formation
CHEMBL1950,R-HSA-140875,Common Pathway of Fibrin Clot Formation
CHEMBL1950,R-HSA-140877,Formation of Fibrin Clot (Clotting Cascade)
CHEMBL1950,R-HSA-381426,Regulation of Insulin-like Growth Factor (IGF) transport and uptake by Insulin-like Growth Factor Binding Proteins (IGFBPs)
CHEMBL1950,R-HSA-392499,Metabolism of proteins
CHEMBL1950,R-HSA-597592,Post-translational protein modification
CHEMBL1950,R-HSA-8957275,Post-translational protein phosphorylation
CHEMBL1951,R-HSA-112310,Neurotransmitter release cycle
CHEMBL1951,R-HSA-112311,Neurotransmitter clearance
CHEMBL1951,R-HSA-112315,Transmission across Chemical Synapses
CHEMBL1951,R-HSA-112316,Neuronal System
CHEMBL1951,R-HSA-1280215,Cytokine Signaling in Immune system
CHEMBL1951,R-HSA-140179,Amine Oxidase reactions
CHEMBL1951,R-HSA-141333,Biogenic amines are oxidatively deaminated to aldehydes by MAOA and MAOB
CHEMBL1951,R-HSA-1430728,Metabolism
CHEMBL1951,R-HSA-1643685,Disease
CHEMBL1951,R-HSA-168256,Immune System
CHEMBL1951,R-HSA-181430,Norepinephrine Neurotransmitter Release Cycle
CHEMBL1951,R-HSA-211859,Biological oxidations
CHEMBL1951,R-HSA-211945,Phase I - Functionalization of compounds
CHEMBL1951,R-HSA-379397,Enzymatic degradation of dopamine by COMT
CHEMBL1951,R-HSA-379398,Enzymatic degradation of Dopamine by monoamine oxidase
CHEMBL1951,R-HSA-379401,Dopamine clearance from the synaptic cleft
CHEMBL1951,R-HSA-380612,Metabolism of serotonin
CHEMBL1951,R-HSA-380615,Serotonin clearance from the synaptic cleft
CHEMBL1951,R-HSA-449147,Signaling by Interleukins
CHEMBL1951,R-HSA-5579012,Defective MAOA causes BRUNS
CHEMBL1951,R-HSA-5579029,Metabolic disorders of biological oxidation enzymes
CHEMBL1951,R-HSA-5668914,Diseases of metabolism
CHEMBL1951,R-HSA-6785807,Interleukin-4 and Interleukin-13 signaling
CHEMBL1952,R-HSA-1430728,Metabolism
CHEMBL1952,R-HSA-15869,Metabolism of nucleotides
CHEMBL1952,R-HSA-1640170,Cell Cycle
CHEMBL1952,R-HSA-453279,Mitotic G1 phase and G1/S transition
CHEMBL1952,R-HSA-499943,Interconversion of nucleotide di- and triphosphates
CHEMBL1952,R-HSA-69205,G1/S-Specific Transcription
CHEMBL1952,R-HSA-69206,G1/S Transition
CHEMBL1952,R-HSA-69278,"Cell Cycle, Mitotic"
CHEMBL1957,R-HSA-162582,Signal Transduction
CHEMBL1957,R-HSA-1643685,Disease
CHEMBL1957,R-HSA-2404192,Signaling by Type 1 Insulin-like Growth Factor 1 Receptor (IGF1R)
CHEMBL1957,R-HSA-2428924,IGF1R signaling cascade
CHEMBL1957,R-HSA-2428928,IRS-related events triggered by IGF1R
CHEMBL1957,R-HSA-2428933,SHC-related events triggered by IGF1R
CHEMBL1957,R-HSA-5663205,Infectious disease
CHEMBL1957,R-HSA-8939211,ESR-mediated signaling
CHEMBL1957,R-HSA-9006931,Signaling by Nuclear Receptors
CHEMBL1957,R-HSA-9006934,Signaling by Receptor Tyrosine Kinases
CHEMBL1957,R-HSA-9009391,Extra-nuclear estrogen signaling
CHEMBL1957,R-HSA-9820952,Respiratory Syncytial Virus Infection Pathway
CHEMBL1957,R-HSA-9820960,Respiratory syncytial virus (RSV) attachment and entry
CHEMBL1957,R-HSA-9824446,Viral Infection Pathways
CHEMBL1958,R-HSA-1430728,Metabolism
CHEMBL1958,R-HSA-193048,Androgen biosynthesis
CHEMBL1958,R-HSA-193993,Mineralocorticoid biosynthesis
CHEMBL1958,R-HSA-194002,Glucocorticoid biosynthesis
CHEMBL1958,R-HSA-196071,Metabolism of steroid hormones
CHEMBL1958,R-HSA-556833,Metabolism of lipids
CHEMBL1958,R-HSA-8957322,Metabolism of steroids
CHEMBL1959,R-HSA-1280215,Cytokine Signaling in Immune system
CHEMBL1959,R-HSA-1643685,Disease
CHEMBL1959,R-HSA-168256,Immune System
CHEMBL1959,R-HSA-446652,Interleukin-1 family signaling
CHEMBL1959,R-HSA-449147,Signaling by Interleukins
CHEMBL1959,R-HSA-5663205,Infectious disease
CHEMBL1959,R-HSA-6783783,Interleukin-10 signaling
CHEMBL1959,R-HSA-9020702,Interleukin-1 signaling
CHEMBL1959,R-HSA-9679191,Potential therapeutics for SARS
CHEMBL1959,R-HSA-9679506,SARS-CoV Infections
CHEMBL1959,R-HSA-9824446,Viral Infection Pathways
CHEMBL1962,R-HSA-112314,Neurotransmitter receptors and postsynaptic signal transmission
CHEMBL1962,R-HSA-112315,Transmission across Chemical Synapses
CHEMBL1962,R-HSA-112316,Neuronal System
CHEMBL1962,R-HSA-1236394,Signaling by ERBB4
CHEMBL1962,R-HSA-162582,Signal Transduction
CHEMBL1962,R-HSA-9006934,Signaling by Receptor Tyrosine Kinases
CHEMBL1962,R-HSA-977443,GABA receptor activation
CHEMBL1963,R-HSA-162582,Signal Transduction
CHEMBL1963,R-HSA-372790,Signaling by GPCR
CHEMBL1963,R-HSA-373076,Class A/1 (Rhodopsin-like receptors)
CHEMBL1963,R-HSA-375281,Hormone ligand-binding receptors
CHEMBL1963,R-HSA-388396,GPCR downstream signalling
CHEMBL1963,R-HSA-418555,G alpha (s) signalling events
CHEMBL1963,R-HSA-500792,GPCR ligand binding
CHEMBL1966,R-HSA-1430728,Metabolism
CHEMBL1966,R-HSA-15869,Metabolism of nucleotides
CHEMBL1966,R-HSA-500753,Pyrimidine biosynthesis
CHEMBL1966,R-HSA-8956320,Nucleotide biosynthesis
CHEMBL1968,R-HSA-1430728,Metabolism
CHEMBL1968,R-HSA-211859,Biological oxidations
CHEMBL1968,R-HSA-211945,Phase I - Functionalization of compounds
CHEMBL1969,R-HSA-1430728,Metabolism
CHEMBL1969,R-HSA-209776,Metabolism of amine-derived hormones
CHEMBL1969,R-HSA-209905,Catecholamine biosynthesis
CHEMBL1969,R-HSA-71291,Metabolism of amino acids and derivatives
CHEMBL1970,R-HSA-1430728,Metabolism
CHEMBL1970,R-HSA-162582,Signal Transduction
CHEMBL1970,R-HSA-211859,Biological oxidations
CHEMBL1970,R-HSA-211945,Phase I - Functionalization of compounds
CHEMBL1970,R-HSA-2161522,Abacavir ADME
CHEMBL1970,R-HSA-2161541,Abacavir metabolism
CHEMBL1970,R-HSA-5362517,Signaling by Retinoic Acid
CHEMBL1970,R-HSA-5365859,RA biosynthesis pathway
CHEMBL1970,R-HSA-71384,Ethanol oxidation
CHEMBL1970,R-HSA-9006931,Signaling by Nuclear Receptors
CHEMBL1970,R-HSA-9748784,Drug ADME
CHEMBL1971,R-HSA-112316,Neuronal System
CHEMBL1971,R-HSA-1296025,ATP sensitive Potassium channels
CHEMBL1971,R-HSA-1296065,Inwardly rectifying K+ channels
CHEMBL1971,R-HSA-1296071,Potassium Channels
CHEMBL1971,R-HSA-1643685,Disease
CHEMBL1971,R-HSA-382551,Transport of small molecules
CHEMBL1971,R-HSA-382556,ABC-family proteins mediated transport
CHEMBL1971,R-HSA-397014,Muscle contraction
CHEMBL1971,R-HSA-5576891,Cardiac conduction
CHEMBL1971,R-HSA-5578775,Ion homeostasis
CHEMBL1971,R-HSA-5619084,ABC transporter disorders
CHEMBL1971,R-HSA-5619115,Disorders of transmembrane transporters
CHEMBL1971,R-HSA-5678420,"Defective ABCC9 causes CMD10, ATFB12 and Cantu syndrome"
CHEMBL1972,R-HSA-112314,Neurotransmitter receptors and postsynaptic signal transmission
CHEMBL1972,R-HSA-112315,Transmission across Chemical Synapses
CHEMBL1972,R-HSA-112316,Neuronal System
CHEMBL1972,R-HSA-212436,Generic Transcription Pathway
CHEMBL1972,R-HSA-438064,Post NMDA receptor activation events
CHEMBL1972,R-HSA-438066,"Unblocking of NMDA receptors, glutamate binding and activation"
CHEMBL1972,R-HSA-442755,Activation of NMDA receptors and postsynaptic events
CHEMBL1972,R-HSA-6794361,Neurexins and neuroligins
CHEMBL1972,R-HSA-6794362,Protein-protein interactions at synapses
CHEMBL1972,R-HSA-73857,RNA Polymerase II Transcription
CHEMBL1972,R-HSA-74160,Gene expression (Transcription)
CHEMBL1972,R-HSA-8849932,Synaptic adhesion-like molecules
CHEMBL1972,R-HSA-8986944,Transcriptional Regulation by MECP2
CHEMBL1972,R-HSA-9022699,MECP2 regulates neuronal receptors and channels
CHEMBL1972,R-HSA-9609736,Assembly and cell surface presentation of NMDA receptors
CHEMBL1972,R-HSA-9617324,Negative regulation of NMDA receptor-mediated neuronal transmission
CHEMBL1972,R-HSA-9620244,Long-term potentiation
CHEMBL1975,R-HSA-1280218,Adaptive Immune System
CHEMBL1975,R-HSA-168256,Immune System
CHEMBL1975,R-HSA-198933,Immunoregulatory interactions between a Lymphoid and a non-Lymphoid cell
CHEMBL1975,R-HSA-202403,TCR signaling
CHEMBL1975,R-HSA-202424,Downstream TCR signaling
CHEMBL1975,R-HSA-202427,Phosphorylation of CD3 and TCR zeta chains
CHEMBL1975,R-HSA-202430,Translocation of ZAP-70 to Immunological synapse
CHEMBL1975,R-HSA-202433,Generation of second messenger molecules
CHEMBL1975,R-HSA-388841,Regulation of T cell activation by CD28 family
CHEMBL1975,R-HSA-389948,Co-inhibition by PD-1
CHEMBL1976,R-HSA-1170546,Prolactin receptor signaling
CHEMBL1976,R-HSA-1280215,Cytokine Signaling in Immune system
CHEMBL1976,R-HSA-168256,Immune System
CHEMBL1976,R-HSA-982772,Growth hormone receptor signaling
CHEMBL1977,R-HSA-1430728,Metabolism
CHEMBL1977,R-HSA-196791,Vitamin D (calciferol) metabolism
CHEMBL1977,R-HSA-212436,Generic Transcription Pathway
CHEMBL1977,R-HSA-2990846,SUMOylation
CHEMBL1977,R-HSA-3108232,SUMO E3 ligases SUMOylate target proteins
CHEMBL1977,R-HSA-383280,Nuclear Receptor transcription pathway
CHEMBL1977,R-HSA-392499,Metabolism of proteins
CHEMBL1977,R-HSA-4090294,SUMOylation of intracellular receptors
CHEMBL1977,R-HSA-556833,Metabolism of lipids
CHEMBL1977,R-HSA-597592,Post-translational protein modification
CHEMBL1977,R-HSA-73857,RNA Polymerase II Transcription
CHEMBL1977,R-HSA-74160,Gene expression (Transcription)
CHEMBL1977,R-HSA-8957322,Metabolism of steroids
CHEMBL1978,R-HSA-1430728,Metabolism
CHEMBL1978,R-HSA-1643685,Disease
CHEMBL1978,R-HSA-193144,Estrogen biosynthesis
CHEMBL1978,R-HSA-196071,Metabolism of steroid hormones
CHEMBL1978,R-HSA-211859,Biological oxidations
CHEMBL1978,R-HSA-211897,Cytochrome P450 - arranged by substrate type
CHEMBL1978,R-HSA-211945,Phase I - Functionalization of compounds
CHEMBL1978,R-HSA-211976,Endogenous sterols
CHEMBL1978,R-HSA-556833,Metabolism of lipids
CHEMBL1978,R-HSA-5579029,Metabolic disorders of biological oxidation enzymes
CHEMBL1978,R-HSA-5579030,Defective CYP19A1 causes AEXS
CHEMBL1978,R-HSA-5668914,Diseases of metabolism
CHEMBL1978,R-HSA-8957322,Metabolism of steroids
CHEMBL1981,R-HSA-1257604,PIP3 activates AKT signaling
CHEMBL1981,R-HSA-162582,Signal Transduction
CHEMBL1981,R-HSA-199418,Negative regulation of the PI3K/AKT network
CHEMBL1981,R-HSA-6811558,"PI5P, PP2A and IER3 Regulate PI3K/AKT Signaling"
CHEMBL1981,R-HSA-74713,IRS activation
CHEMBL1981,R-HSA-74749,Signal attenuation
CHEMBL1981,R-HSA-74751,Insulin receptor signalling cascade
CHEMBL1981,R-HSA-74752,Signaling by Insulin receptor
CHEMBL1981,R-HSA-77387,Insulin receptor recycling
CHEMBL1981,R-HSA-9006925,Intracellular signaling by second messengers
CHEMBL1981,R-HSA-9006934,Signaling by Receptor Tyrosine Kinases
CHEMBL1983,R-HSA-162582,Signal Transduction
CHEMBL1983,R-HSA-372790,Signaling by GPCR
CHEMBL1983,R-HSA-373076,Class A/1 (Rhodopsin-like receptors)
CHEMBL1983,R-HSA-375280,Amine ligand-binding receptors
CHEMBL1983,R-HSA-388396,GPCR downstream signalling
CHEMBL1983,R-HSA-390666,Serotonin receptors
CHEMBL1983,R-HSA-418594,G alpha (i) signalling events
CHEMBL1983,R-HSA-500792,GPCR ligand binding
CHEMBL1985,R-HSA-1430728,Metabolism
CHEMBL1985,R-HSA-162582,Signal Transduction
CHEMBL1985,R-HSA-163359,Glucagon signaling in metabolic regulation
CHEMBL1985,R-HSA-163685,Integration of energy metabolism
CHEMBL1985,R-HSA-372790,Signaling by GPCR
CHEMBL1985,R-HSA-373080,Class B/2 (Secretin family receptors)
CHEMBL1985,R-HSA-388396,GPCR downstream signalling
CHEMBL1985,R-HSA-416476,G alpha (q) signalling events
CHEMBL1985,R-HSA-418555,G alpha (s) signalling events
CHEMBL1985,R-HSA-420092,Glucagon-type ligand receptors
CHEMBL1985,R-HSA-500792,GPCR ligand binding
CHEMBL1987,R-HSA-162582,Signal Transduction
CHEMBL1987,R-HSA-372790,Signaling by GPCR
CHEMBL1987,R-HSA-373076,Class A/1 (Rhodopsin-like receptors)
CHEMBL1987,R-HSA-388396,GPCR downstream signalling
CHEMBL1987,R-HSA-391903,Eicosanoid ligand-binding receptors
CHEMBL1987,R-HSA-391908,Prostanoid ligand receptors
CHEMBL1987,R-HSA-416476,G alpha (q) signalling events
CHEMBL1987,R-HSA-500792,GPCR ligand binding
CHEMBL1988,R-HSA-397014,Muscle contraction
CHEMBL1988,R-HSA-5576891,Cardiac conduction
CHEMBL1988,R-HSA-5578768,Physiological factors
CHEMBL1989,R-HSA-1430728,Metabolism
CHEMBL1989,R-HSA-1643685,Disease
CHEMBL1989,R-HSA-211859,Biological oxidations
CHEMBL1989,R-HSA-2142691,Synthesis of Leukotrienes (LT) and Eoxins (EX)
CHEMBL1989,R-HSA-2142753,Arachidonate metabolism
CHEMBL1989,R-HSA-5423646,Aflatoxin activation and detoxification
CHEMBL1989,R-HSA-556833,Metabolism of lipids
CHEMBL1989,R-HSA-5663205,Infectious disease
CHEMBL1989,R-HSA-8978868,Fatty acid metabolism
CHEMBL1989,R-HSA-9658195,Leishmania infection
CHEMBL1989,R-HSA-9662851,Anti-inflammatory response favouring Leishmania parasite infection
CHEMBL1989,R-HSA-9664433,Leishmania parasite growth and survival
CHEMBL1989,R-HSA-9664535,LTC4-CYSLTR mediated IL4 production
CHEMBL1989,R-HSA-9824443,Parasitic Infection Pathways
CHEMBL1991,R-HSA-1168372,Downstream signaling events of B Cell Receptor (BCR)
CHEMBL1991,R-HSA-1169091,Activation of NF-kappaB in B cells
CHEMBL1991,R-HSA-1169410,Antimicrobial mechanism of IFN-stimulated genes
CHEMBL1991,R-HSA-1236974,ER-Phagosome pathway
CHEMBL1991,R-HSA-1236975,Antigen processing-Cross presentation
CHEMBL1991,R-HSA-1280215,Cytokine Signaling in Immune system
CHEMBL1991,R-HSA-1280218,Adaptive Immune System
CHEMBL1991,R-HSA-1606322,ZBP1(DAI) mediated induction of type I IFNs
CHEMBL1991,R-HSA-162582,Signal Transduction
CHEMBL1991,R-HSA-1643685,Disease
CHEMBL1991,R-HSA-166016,Toll Like Receptor 4 (TLR4) Cascade
CHEMBL1991,R-HSA-166058,MyD88:MAL(TIRAP) cascade initiated on plasma membrane
CHEMBL1991,R-HSA-166166,MyD88-independent TLR4 cascade 
CHEMBL1991,R-HSA-168138,Toll Like Receptor 9 (TLR9) Cascade
CHEMBL1991,R-HSA-168142,Toll Like Receptor 10 (TLR10) Cascade
CHEMBL1991,R-HSA-168164,Toll Like Receptor 3 (TLR3) Cascade
CHEMBL1991,R-HSA-168176,Toll Like Receptor 5 (TLR5) Cascade
CHEMBL1991,R-HSA-168179,Toll Like Receptor TLR1:TLR2 Cascade
CHEMBL1991,R-HSA-168181,Toll Like Receptor 7/8 (TLR7/8) Cascade
CHEMBL1991,R-HSA-168188,Toll Like Receptor TLR6:TLR2 Cascade
CHEMBL1991,R-HSA-168249,Innate Immune System
CHEMBL1991,R-HSA-168256,Immune System
CHEMBL1991,R-HSA-168638,NOD1/2 Signaling Pathway
CHEMBL1991,R-HSA-168643,"Nucleotide-binding domain, leucine rich repeat containing receptor (NLR) signaling pathways"
CHEMBL1991,R-HSA-168898,Toll-like Receptor Cascades
CHEMBL1991,R-HSA-168927,"TICAM1, RIP1-mediated IKK complex recruitment"
CHEMBL1991,R-HSA-168928,DDX58/IFIH1-mediated induction of interferon-alpha/beta
CHEMBL1991,R-HSA-1810476,RIP-mediated NFkB activation via ZBP1
CHEMBL1991,R-HSA-181438,Toll Like Receptor 2 (TLR2) Cascade
CHEMBL1991,R-HSA-1834949,Cytosolic sensors of pathogen-associated DNA 
CHEMBL1991,R-HSA-193639,p75NTR signals via NF-kB
CHEMBL1991,R-HSA-193704,p75 NTR receptor-mediated signalling
CHEMBL1991,R-HSA-202403,TCR signaling
CHEMBL1991,R-HSA-202424,Downstream TCR signaling
CHEMBL1991,R-HSA-209543,p75NTR recruits signalling complexes
CHEMBL1991,R-HSA-209560,NF-kB is activated and signals survival
CHEMBL1991,R-HSA-2454202,Fc epsilon receptor (FCERI) signaling
CHEMBL1991,R-HSA-2871837,FCERI mediated NF-kB activation
CHEMBL1991,R-HSA-445989,TAK1-dependent IKK and NF-kappa-B activation  
CHEMBL1991,R-HSA-446652,Interleukin-1 family signaling
CHEMBL1991,R-HSA-448424,Interleukin-17 signaling
CHEMBL1991,R-HSA-449147,Signaling by Interleukins
CHEMBL1991,R-HSA-450294,MAP kinase activation
CHEMBL1991,R-HSA-5260271,Diseases of Immune System
CHEMBL1991,R-HSA-5357905,Regulation of TNFR1 signaling
CHEMBL1991,R-HSA-5357956,TNFR1-induced NF-kappa-B signaling pathway
CHEMBL1991,R-HSA-5602358,Diseases associated with the TLR signaling cascade
CHEMBL1991,R-HSA-5602636,IKBKB deficiency causes SCID
CHEMBL1991,R-HSA-5603027,IKBKG deficiency causes anhidrotic ectodermal dysplasia with immunodeficiency (EDA-ID) (via TLR)
CHEMBL1991,R-HSA-5603029,IkBA variant leads to EDA-ID
CHEMBL1991,R-HSA-5607764,CLEC7A (Dectin-1) signaling
CHEMBL1991,R-HSA-5621481,C-type lectin receptors (CLRs)
CHEMBL1991,R-HSA-5663205,Infectious disease
CHEMBL1991,R-HSA-5684264,MAP3K8 (TPL2)-dependent MAPK1/3 activation
CHEMBL1991,R-HSA-73887,Death Receptor Signaling
CHEMBL1991,R-HSA-75893,TNF signaling
CHEMBL1991,R-HSA-8953897,Cellular responses to stimuli
CHEMBL1991,R-HSA-9020702,Interleukin-1 signaling
CHEMBL1991,R-HSA-913531,Interferon Signaling
CHEMBL1991,R-HSA-933542,TRAF6 mediated NF-kB activation
CHEMBL1991,R-HSA-933543,NF-kB activation through FADD/RIP-1 pathway mediated by caspase-8 and -10
CHEMBL1991,R-HSA-937039,IRAK1 recruits IKK complex
CHEMBL1991,R-HSA-937041,IKK complex recruitment mediated by RIP1
CHEMBL1991,R-HSA-937061,TRIF (TICAM1)-mediated TLR4 signaling 
CHEMBL1991,R-HSA-9679506,SARS-CoV Infections
CHEMBL1991,R-HSA-9694516,SARS-CoV-2 Infection
CHEMBL1991,R-HSA-9705671,SARS-CoV-2 activates/modulates innate and adaptive immune responses
CHEMBL1991,R-HSA-9705683,SARS-CoV-2-host interactions
CHEMBL1991,R-HSA-975138,TRAF6 mediated induction of NFkB and MAP kinases upon TLR7/8 or 9 activation
CHEMBL1991,R-HSA-975144,IRAK1 recruits IKK complex upon TLR7/8 or 9 stimulation
CHEMBL1991,R-HSA-975155,MyD88 dependent cascade initiated on endosome
CHEMBL1991,R-HSA-9758274,Regulation of NF-kappa B signaling
CHEMBL1991,R-HSA-975871,MyD88 cascade initiated on plasma membrane
CHEMBL1991,R-HSA-9824446,Viral Infection Pathways
CHEMBL1991,R-HSA-983169,Class I MHC mediated antigen processing & presentation
CHEMBL1991,R-HSA-9833482,PKR-mediated signaling
CHEMBL1991,R-HSA-983705,Signaling by the B Cell Receptor (BCR)
CHEMBL1991,R-HSA-9855142,Cellular responses to mechanical stimuli
CHEMBL1991,R-HSA-9860276,SLC15A4:TASL-dependent IRF5 activation
CHEMBL1991,R-HSA-9860927,"Turbulent (oscillatory, disturbed) flow shear stress activates signaling by PIEZO1 and integrins in endothelial cells"
CHEMBL1991,R-HSA-9860931,Response of endothelial cells to shear stress
CHEMBL1991,R-HSA-9909505,Modulation of host responses by IFN-stimulated genes
CHEMBL1992,R-HSA-1643685,Disease
CHEMBL1992,R-HSA-212165,Epigenetic regulation of gene expression
CHEMBL1992,R-HSA-212300,PRC2 methylates histones and DNA
CHEMBL1992,R-HSA-2990846,SUMOylation
CHEMBL1992,R-HSA-3108232,SUMO E3 ligases SUMOylate target proteins
CHEMBL1992,R-HSA-3214858,RMTs methylate histone arginines
CHEMBL1992,R-HSA-3247509,Chromatin modifying enzymes
CHEMBL1992,R-HSA-392499,Metabolism of proteins
CHEMBL1992,R-HSA-4655427,SUMOylation of DNA methylation proteins
CHEMBL1992,R-HSA-4839726,Chromatin organization
CHEMBL1992,R-HSA-5334118,DNA methylation
CHEMBL1992,R-HSA-597592,Post-translational protein modification
CHEMBL1992,R-HSA-74160,Gene expression (Transcription)
CHEMBL1992,R-HSA-9645723,Diseases of programmed cell death
CHEMBL1992,R-HSA-9710421,Defective pyroptosis
CHEMBL1992,R-HSA-9842860,Regulation of endogenous retroelements
CHEMBL1992,R-HSA-9845323,Regulation of endogenous retroelements by Piwi-interacting RNAs (piRNAs)
CHEMBL1993,R-HSA-162582,Signal Transduction
CHEMBL1993,R-HSA-1643685,Disease
CHEMBL1993,R-HSA-201556,Signaling by ALK
CHEMBL1993,R-HSA-212165,Epigenetic regulation of gene expression
CHEMBL1993,R-HSA-212300,PRC2 methylates histones and DNA
CHEMBL1993,R-HSA-2990846,SUMOylation
CHEMBL1993,R-HSA-3108232,SUMO E3 ligases SUMOylate target proteins
CHEMBL1993,R-HSA-392499,Metabolism of proteins
CHEMBL1993,R-HSA-427413,NoRC negatively regulates rRNA expression
CHEMBL1993,R-HSA-4655427,SUMOylation of DNA methylation proteins
CHEMBL1993,R-HSA-5250941,Negative epigenetic regulation of rRNA expression
CHEMBL1993,R-HSA-5334118,DNA methylation
CHEMBL1993,R-HSA-5663202,Diseases of signal transduction by growth factor receptors and second messengers
CHEMBL1993,R-HSA-597592,Post-translational protein modification
CHEMBL1993,R-HSA-74160,Gene expression (Transcription)
CHEMBL1993,R-HSA-9006934,Signaling by Receptor Tyrosine Kinases
CHEMBL1993,R-HSA-9645723,Diseases of programmed cell death
CHEMBL1993,R-HSA-9700206,Signaling by ALK in cancer
CHEMBL1993,R-HSA-9701898,STAT3 nuclear events downstream of ALK signaling
CHEMBL1993,R-HSA-9710421,Defective pyroptosis
CHEMBL1993,R-HSA-9725370,Signaling by ALK fusions and activated point mutants
CHEMBL1993,R-HSA-9725371,Nuclear events stimulated by ALK signaling in cancer
CHEMBL1994,R-HSA-212436,Generic Transcription Pathway
CHEMBL1994,R-HSA-2262752,Cellular responses to stress
CHEMBL1994,R-HSA-2990846,SUMOylation
CHEMBL1994,R-HSA-3108232,SUMO E3 ligases SUMOylate target proteins
CHEMBL1994,R-HSA-3371497,HSP90 chaperone cycle for steroid hormone receptors (SHR) in the presence of ligand
CHEMBL1994,R-HSA-383280,Nuclear Receptor transcription pathway
CHEMBL1994,R-HSA-392499,Metabolism of proteins
CHEMBL1994,R-HSA-4090294,SUMOylation of intracellular receptors
CHEMBL1994,R-HSA-597592,Post-translational protein modification
CHEMBL1994,R-HSA-73857,RNA Polymerase II Transcription
CHEMBL1994,R-HSA-74160,Gene expression (Transcription)
CHEMBL1994,R-HSA-8953897,Cellular responses to stimuli
CHEMBL1995,R-HSA-109582,Hemostasis
CHEMBL1995,R-HSA-162582,Signal Transduction
CHEMBL1995,R-HSA-372790,Signaling by GPCR
CHEMBL1995,R-HSA-373076,Class A/1 (Rhodopsin-like receptors)
CHEMBL1995,R-HSA-388396,GPCR downstream signalling
CHEMBL1995,R-HSA-391903,Eicosanoid ligand-binding receptors
CHEMBL1995,R-HSA-391908,Prostanoid ligand receptors
CHEMBL1995,R-HSA-392851,Prostacyclin signalling through prostacyclin receptor
CHEMBL1995,R-HSA-418346,Platelet homeostasis
CHEMBL1995,R-HSA-418555,G alpha (s) signalling events
CHEMBL1995,R-HSA-500792,GPCR ligand binding
CHEMBL1996,R-HSA-1266738,Developmental Biology
CHEMBL1996,R-HSA-1280215,Cytokine Signaling in Immune system
CHEMBL1996,R-HSA-168256,Immune System
CHEMBL1996,R-HSA-449147,Signaling by Interleukins
CHEMBL1996,R-HSA-449836,Other interleukin signaling
CHEMBL1996,R-HSA-9616222,Transcriptional regulation of granulopoiesis
CHEMBL1996,R-HSA-9674555,Signaling by CSF3 (G-CSF)
CHEMBL1996,R-HSA-9705462,Inactivation of CSF3 (G-CSF) signaling
CHEMBL1997,R-HSA-382551,Transport of small molecules
CHEMBL1997,R-HSA-425397,"Transport of vitamins, nucleosides, and related molecules"
CHEMBL1997,R-HSA-425407,SLC-mediated transmembrane transport
CHEMBL1997,R-HSA-83936,Transport of nucleosides and free purine and pyrimidine bases across the plasma membrane
CHEMBL1997,R-HSA-9748784,Drug ADME
CHEMBL1997,R-HSA-9748787,Azathioprine ADME
CHEMBL1997,R-HSA-9755088,Ribavirin ADME
CHEMBL2000,R-HSA-109582,Hemostasis
CHEMBL2000,R-HSA-140837,Intrinsic Pathway of Fibrin Clot Formation
CHEMBL2000,R-HSA-140877,Formation of Fibrin Clot (Clotting Cascade)
CHEMBL2000,R-HSA-1474228,Degradation of the extracellular matrix
CHEMBL2000,R-HSA-1474244,Extracellular matrix organization
CHEMBL2000,R-HSA-1592389,Activation of Matrix Metalloproteinases
CHEMBL2000,R-HSA-1643685,Disease
CHEMBL2000,R-HSA-9651496,Defects of contact activation system (CAS) and kallikrein/kinin system (KKS)
CHEMBL2000,R-HSA-9657688,Defective factor XII causes hereditary angioedema
CHEMBL2000,R-HSA-9657689,Defective SERPING1 causes hereditary angioedema
CHEMBL2000,R-HSA-9671793,Diseases of hemostasis
CHEMBL2001,R-HSA-109582,Hemostasis
CHEMBL2001,R-HSA-162582,Signal Transduction
CHEMBL2001,R-HSA-372790,Signaling by GPCR
CHEMBL2001,R-HSA-373076,Class A/1 (Rhodopsin-like receptors)
CHEMBL2001,R-HSA-388396,GPCR downstream signalling
CHEMBL2001,R-HSA-392170,ADP signalling through P2Y purinoceptor 12
CHEMBL2001,R-HSA-392518,Signal amplification
CHEMBL2001,R-HSA-417957,P2Y receptors
CHEMBL2001,R-HSA-418038,Nucleotide-like (purinergic) receptors
CHEMBL2001,R-HSA-418594,G alpha (i) signalling events
CHEMBL2001,R-HSA-500792,GPCR ligand binding
CHEMBL2001,R-HSA-76002,"Platelet activation, signaling and aggregation"
CHEMBL2002,R-HSA-1430728,Metabolism
CHEMBL2002,R-HSA-15869,Metabolism of nucleotides
CHEMBL2002,R-HSA-1643685,Disease
CHEMBL2002,R-HSA-168249,Innate Immune System
CHEMBL2002,R-HSA-168256,Immune System
CHEMBL2002,R-HSA-5663205,Infectious disease
CHEMBL2002,R-HSA-6798695,Neutrophil degranulation
CHEMBL2002,R-HSA-73817,Purine ribonucleoside monophosphate biosynthesis
CHEMBL2002,R-HSA-8956320,Nucleotide biosynthesis
CHEMBL2002,R-HSA-9679191,Potential therapeutics for SARS
CHEMBL2002,R-HSA-9679506,SARS-CoV Infections
CHEMBL2002,R-HSA-9748784,Drug ADME
CHEMBL2002,R-HSA-9748787,Azathioprine ADME
CHEMBL2002,R-HSA-9824446,Viral Infection Pathways
CHEMBL2004,R-HSA-162582,Signal Transduction
CHEMBL2004,R-HSA-212436,Generic Transcription Pathway
CHEMBL2004,R-HSA-383280,Nuclear Receptor transcription pathway
CHEMBL2004,R-HSA-5362517,Signaling by Retinoic Acid
CHEMBL2004,R-HSA-73857,RNA Polymerase II Transcription
CHEMBL2004,R-HSA-74160,Gene expression (Transcription)
CHEMBL2004,R-HSA-9006931,Signaling by Nuclear Receptors
CHEMBL2008,R-HSA-1266738,Developmental Biology
CHEMBL2008,R-HSA-162582,Signal Transduction
CHEMBL2008,R-HSA-212436,Generic Transcription Pathway
CHEMBL2008,R-HSA-383280,Nuclear Receptor transcription pathway
CHEMBL2008,R-HSA-5362517,Signaling by Retinoic Acid
CHEMBL2008,R-HSA-5617472,Activation of anterior HOX genes in hindbrain development during early embryogenesis
CHEMBL2008,R-HSA-5619507,Activation of HOX genes during differentiation
CHEMBL2008,R-HSA-73857,RNA Polymerase II Transcription
CHEMBL2008,R-HSA-74160,Gene expression (Transcription)
CHEMBL2008,R-HSA-9006931,Signaling by Nuclear Receptors
CHEMBL2014,R-HSA-162582,Signal Transduction
CHEMBL2014,R-HSA-372790,Signaling by GPCR
CHEMBL2014,R-HSA-373076,Class A/1 (Rhodopsin-like receptors)
CHEMBL2014,R-HSA-375276,Peptide ligand-binding receptors
CHEMBL2014,R-HSA-388396,GPCR downstream signalling
CHEMBL2014,R-HSA-418594,G alpha (i) signalling events
CHEMBL2014,R-HSA-500792,GPCR ligand binding
CHEMBL2015,R-HSA-112314,Neurotransmitter receptors and postsynaptic signal transmission
CHEMBL2015,R-HSA-112315,Transmission across Chemical Synapses
CHEMBL2015,R-HSA-112316,Neuronal System
CHEMBL2015,R-HSA-1266738,Developmental Biology
CHEMBL2015,R-HSA-162582,Signal Transduction
CHEMBL2015,R-HSA-2682334,EPH-Ephrin signaling
CHEMBL2015,R-HSA-3928662,EPHB-mediated forward signaling
CHEMBL2015,R-HSA-422475,Axon guidance
CHEMBL2015,R-HSA-438064,Post NMDA receptor activation events
CHEMBL2015,R-HSA-438066,"Unblocking of NMDA receptors, glutamate binding and activation"
CHEMBL2015,R-HSA-442742,CREB1 phosphorylation through NMDA receptor-mediated activation of RAS signaling
CHEMBL2015,R-HSA-442755,Activation of NMDA receptors and postsynaptic events
CHEMBL2015,R-HSA-442982,Ras activation upon Ca2+ influx through NMDA receptor
CHEMBL2015,R-HSA-5673001,RAF/MAP kinase cascade
CHEMBL2015,R-HSA-5683057,MAPK family signaling cascades
CHEMBL2015,R-HSA-5684996,MAPK1/MAPK3 signaling
CHEMBL2015,R-HSA-6794361,Neurexins and neuroligins
CHEMBL2015,R-HSA-6794362,Protein-protein interactions at synapses
CHEMBL2015,R-HSA-8849932,Synaptic adhesion-like molecules
CHEMBL2015,R-HSA-9609736,Assembly and cell surface presentation of NMDA receptors
CHEMBL2015,R-HSA-9617324,Negative regulation of NMDA receptor-mediated neuronal transmission
CHEMBL2015,R-HSA-9620244,Long-term potentiation
CHEMBL2015,R-HSA-9675108,Nervous system development
CHEMBL202,R-HSA-1430728,Metabolism
CHEMBL202,R-HSA-1474151,"Tetrahydrobiopterin (BH4) synthesis, recycling, salvage and regulation"
CHEMBL202,R-HSA-1640170,Cell Cycle
CHEMBL202,R-HSA-196757,Metabolism of folate and pterines
CHEMBL202,R-HSA-196849,Metabolism of water-soluble vitamins and cofactors
CHEMBL202,R-HSA-196854,Metabolism of vitamins and cofactors
CHEMBL202,R-HSA-453279,Mitotic G1 phase and G1/S transition
CHEMBL202,R-HSA-69205,G1/S-Specific Transcription
CHEMBL202,R-HSA-69206,G1/S Transition
CHEMBL202,R-HSA-69278,"Cell Cycle, Mitotic"
CHEMBL202,R-HSA-8978934,Metabolism of cofactors
CHEMBL2023,R-HSA-112311,Neurotransmitter clearance
CHEMBL2023,R-HSA-112315,Transmission across Chemical Synapses
CHEMBL2023,R-HSA-112316,Neuronal System
CHEMBL2023,R-HSA-1430728,Metabolism
CHEMBL2023,R-HSA-156580,Phase II - Conjugation of compounds
CHEMBL2023,R-HSA-156581,Methylation
CHEMBL2023,R-HSA-1643685,Disease
CHEMBL2023,R-HSA-211859,Biological oxidations
CHEMBL2023,R-HSA-379397,Enzymatic degradation of dopamine by COMT
CHEMBL2023,R-HSA-379398,Enzymatic degradation of Dopamine by monoamine oxidase
CHEMBL2023,R-HSA-379401,Dopamine clearance from the synaptic cleft
CHEMBL2023,R-HSA-5663205,Infectious disease
CHEMBL2023,R-HSA-9679191,Potential therapeutics for SARS
CHEMBL2023,R-HSA-9679506,SARS-CoV Infections
CHEMBL2023,R-HSA-9824446,Viral Infection Pathways
CHEMBL2027,R-HSA-8963676,Intestinal absorption
CHEMBL2027,R-HSA-8963678,Intestinal lipid absorption
CHEMBL2027,R-HSA-8963743,Digestion and absorption
CHEMBL203,R-HSA-1227986,Signaling by ERBB2
CHEMBL203,R-HSA-1227990,Signaling by ERBB2 in Cancer
CHEMBL203,R-HSA-1236382,Constitutive Signaling by Ligand-Responsive EGFR Cancer Variants
CHEMBL203,R-HSA-1236394,Signaling by ERBB4
CHEMBL203,R-HSA-1250196,SHC1 events in ERBB2 signaling
CHEMBL203,R-HSA-1251932,PLCG1 events in ERBB2 signaling
CHEMBL203,R-HSA-1257604,PIP3 activates AKT signaling
CHEMBL203,R-HSA-1266738,Developmental Biology
CHEMBL203,R-HSA-157118,Signaling by NOTCH
CHEMBL203,R-HSA-162582,Signal Transduction
CHEMBL203,R-HSA-1643685,Disease
CHEMBL203,R-HSA-1643713,Signaling by EGFR in Cancer
CHEMBL203,R-HSA-177929,Signaling by EGFR
CHEMBL203,R-HSA-179812,GRB2 events in EGFR signaling
CHEMBL203,R-HSA-180292,GAB1 signalosome
CHEMBL203,R-HSA-180336,SHC1 events in EGFR signaling
CHEMBL203,R-HSA-182971,EGFR downregulation
CHEMBL203,R-HSA-1963640,GRB2 events in ERBB2 signaling
CHEMBL203,R-HSA-1963642,PI3K events in ERBB2 signaling
CHEMBL203,R-HSA-199418,Negative regulation of the PI3K/AKT network
CHEMBL203,R-HSA-199991,Membrane Trafficking
CHEMBL203,R-HSA-212436,Generic Transcription Pathway
CHEMBL203,R-HSA-212718,EGFR interacts with phospholipase C-gamma
CHEMBL203,R-HSA-2179392,EGFR Transactivation by Gastrin
CHEMBL203,R-HSA-2219528,PI3K/AKT Signaling in Cancer
CHEMBL203,R-HSA-2219530,Constitutive Signaling by Aberrant PI3K in Cancer
CHEMBL203,R-HSA-372790,Signaling by GPCR
CHEMBL203,R-HSA-373760,L1CAM interactions
CHEMBL203,R-HSA-388396,GPCR downstream signalling
CHEMBL203,R-HSA-416476,G alpha (q) signalling events
CHEMBL203,R-HSA-422475,Axon guidance
CHEMBL203,R-HSA-445144,Signal transduction by L1
CHEMBL203,R-HSA-5637810,Constitutive Signaling by EGFRvIII
CHEMBL203,R-HSA-5637812,Signaling by EGFRvIII in Cancer
CHEMBL203,R-HSA-5637815,Signaling by Ligand-Responsive EGFR Variants in Cancer
CHEMBL203,R-HSA-5638302,Signaling by Overexpressed Wild-Type EGFR in Cancer
CHEMBL203,R-HSA-5638303,Inhibition of Signaling by Overexpressed EGFR
CHEMBL203,R-HSA-5653656,Vesicle-mediated transport
CHEMBL203,R-HSA-5663202,Diseases of signal transduction by growth factor receptors and second messengers
CHEMBL203,R-HSA-5663205,Infectious disease
CHEMBL203,R-HSA-5673001,RAF/MAP kinase cascade
CHEMBL203,R-HSA-5683057,MAPK family signaling cascades
CHEMBL203,R-HSA-5684996,MAPK1/MAPK3 signaling
CHEMBL203,R-HSA-6785631,ERBB2 Regulates Cell Motility
CHEMBL203,R-HSA-6811558,"PI5P, PP2A and IER3 Regulate PI3K/AKT Signaling"
CHEMBL203,R-HSA-73857,RNA Polymerase II Transcription
CHEMBL203,R-HSA-74160,Gene expression (Transcription)
CHEMBL203,R-HSA-881907,Gastrin-CREB signalling pathway via PKC and MAPK
CHEMBL203,R-HSA-8847993,ERBB2 Activates PTK6 Signaling
CHEMBL203,R-HSA-8848021,Signaling by PTK6
CHEMBL203,R-HSA-8856825,Cargo recognition for clathrin-mediated endocytosis
CHEMBL203,R-HSA-8856828,Clathrin-mediated endocytosis
CHEMBL203,R-HSA-8857538,PTK6 promotes HIF1A stabilization
CHEMBL203,R-HSA-8863795,Downregulation of ERBB2 signaling
CHEMBL203,R-HSA-8864260,Transcriptional regulation by the AP-2 (TFAP2) family of transcription factors
CHEMBL203,R-HSA-8866910,TFAP2 (AP-2) family regulates transcription of growth factors and their receptors
CHEMBL203,R-HSA-8939211,ESR-mediated signaling
CHEMBL203,R-HSA-9006925,Intracellular signaling by second messengers
CHEMBL203,R-HSA-9006927,Signaling by Non-Receptor Tyrosine Kinases
CHEMBL203,R-HSA-9006931,Signaling by Nuclear Receptors
CHEMBL203,R-HSA-9006934,Signaling by Receptor Tyrosine Kinases
CHEMBL203,R-HSA-9009391,Extra-nuclear estrogen signaling
CHEMBL203,R-HSA-9012852,Signaling by NOTCH3
CHEMBL203,R-HSA-9013507,NOTCH3 Activation and Transmission of Signal to the Nucleus
CHEMBL203,R-HSA-9609646,HCMV Infection
CHEMBL203,R-HSA-9609690,HCMV Early Events
CHEMBL203,R-HSA-9634638,Estrogen-dependent nuclear events downstream of ESR-membrane signaling
CHEMBL203,R-HSA-9664565,Signaling by ERBB2 KD Mutants
CHEMBL203,R-HSA-9665348,Signaling by ERBB2 ECD mutants
CHEMBL203,R-HSA-9665686,Signaling by ERBB2 TMD/JMD mutants
CHEMBL203,R-HSA-9675108,Nervous system development
CHEMBL203,R-HSA-9734767,Developmental Cell Lineages
CHEMBL203,R-HSA-9734779,Developmental Cell Lineages of the Integumentary System
CHEMBL203,R-HSA-9820952,Respiratory Syncytial Virus Infection Pathway
CHEMBL203,R-HSA-9820960,Respiratory syncytial virus (RSV) attachment and entry
CHEMBL203,R-HSA-9824446,Viral Infection Pathways
CHEMBL203,R-HSA-9924644,Developmental Lineages of the Mammary Gland
CHEMBL203,R-HSA-9927432,Developmental Lineage of Mammary Gland Myoepithelial Cells
CHEMBL2033,R-HSA-1430728,Metabolism
CHEMBL2033,R-HSA-1643685,Disease
CHEMBL2033,R-HSA-196071,Metabolism of steroid hormones
CHEMBL2033,R-HSA-196108,Pregnenolone biosynthesis
CHEMBL2033,R-HSA-211859,Biological oxidations
CHEMBL2033,R-HSA-211897,Cytochrome P450 - arranged by substrate type
CHEMBL2033,R-HSA-211945,Phase I - Functionalization of compounds
CHEMBL2033,R-HSA-211976,Endogenous sterols
CHEMBL2033,R-HSA-556833,Metabolism of lipids
CHEMBL2033,R-HSA-5579026,Defective CYP11A1 causes AICSR
CHEMBL2033,R-HSA-5579029,Metabolic disorders of biological oxidation enzymes
CHEMBL2033,R-HSA-5668914,Diseases of metabolism
CHEMBL2033,R-HSA-8957322,Metabolism of steroids
CHEMBL2034,R-HSA-162582,Signal Transduction
CHEMBL2034,R-HSA-1643685,Disease
CHEMBL2034,R-HSA-212436,Generic Transcription Pathway
CHEMBL2034,R-HSA-2262752,Cellular responses to stress
CHEMBL2034,R-HSA-2990846,SUMOylation
CHEMBL2034,R-HSA-3108232,SUMO E3 ligases SUMOylate target proteins
CHEMBL2034,R-HSA-3371497,HSP90 chaperone cycle for steroid hormone receptors (SHR) in the presence of ligand
CHEMBL2034,R-HSA-383280,Nuclear Receptor transcription pathway
CHEMBL2034,R-HSA-392499,Metabolism of proteins
CHEMBL2034,R-HSA-4090294,SUMOylation of intracellular receptors
CHEMBL2034,R-HSA-5663205,Infectious disease
CHEMBL2034,R-HSA-597592,Post-translational protein modification
CHEMBL2034,R-HSA-73857,RNA Polymerase II Transcription
CHEMBL2034,R-HSA-74160,Gene expression (Transcription)
CHEMBL2034,R-HSA-8848021,Signaling by PTK6
CHEMBL2034,R-HSA-8849473,PTK6 Expression
CHEMBL2034,R-HSA-8878166,Transcriptional regulation by RUNX2
CHEMBL2034,R-HSA-8939902,Regulation of RUNX2 expression and activity
CHEMBL2034,R-HSA-8953897,Cellular responses to stimuli
CHEMBL2034,R-HSA-9006927,Signaling by Non-Receptor Tyrosine Kinases
CHEMBL2034,R-HSA-9614085,FOXO-mediated transcription
CHEMBL2034,R-HSA-9615017,"FOXO-mediated transcription of oxidative stress, metabolic and neuronal genes"
CHEMBL2034,R-HSA-9634815,Transcriptional Regulation by NPAS4
CHEMBL2034,R-HSA-9679191,Potential therapeutics for SARS
CHEMBL2034,R-HSA-9679506,SARS-CoV Infections
CHEMBL2034,R-HSA-9768759,Regulation of NPAS4 gene expression
CHEMBL2034,R-HSA-9768777,Regulation of NPAS4 gene transcription
CHEMBL2034,R-HSA-9824446,Viral Infection Pathways
CHEMBL2035,R-HSA-162582,Signal Transduction
CHEMBL2035,R-HSA-372790,Signaling by GPCR
CHEMBL2035,R-HSA-373076,Class A/1 (Rhodopsin-like receptors)
CHEMBL2035,R-HSA-375280,Amine ligand-binding receptors
CHEMBL2035,R-HSA-388396,GPCR downstream signalling
CHEMBL2035,R-HSA-390648,Muscarinic acetylcholine receptors
CHEMBL2035,R-HSA-416476,G alpha (q) signalling events
CHEMBL2035,R-HSA-500792,GPCR ligand binding
CHEMBL2039,R-HSA-140179,Amine Oxidase reactions
CHEMBL2039,R-HSA-141333,Biogenic amines are oxidatively deaminated to aldehydes by MAOA and MAOB
CHEMBL2039,R-HSA-1430728,Metabolism
CHEMBL2039,R-HSA-211859,Biological oxidations
CHEMBL2039,R-HSA-211945,Phase I - Functionalization of compounds
CHEMBL2040,R-HSA-109582,Hemostasis
CHEMBL2040,R-HSA-202733,Cell surface interactions at the vascular wall
CHEMBL2044,R-HSA-112310,Neurotransmitter release cycle
CHEMBL2044,R-HSA-112315,Transmission across Chemical Synapses
CHEMBL2044,R-HSA-112316,Neuronal System
CHEMBL2044,R-HSA-888590,"GABA synthesis, release, reuptake and degradation"
CHEMBL2044,R-HSA-916853,Degradation of GABA
CHEMBL2045,R-HSA-1266738,Developmental Biology
CHEMBL2045,R-HSA-189085,Digestion of dietary carbohydrate
CHEMBL2045,R-HSA-8935690,Digestion
CHEMBL2045,R-HSA-8963743,Digestion and absorption
CHEMBL2045,R-HSA-9734767,Developmental Cell Lineages
CHEMBL2045,R-HSA-9820448,Developmental Cell Lineages of the Exocrine Pancreas
CHEMBL2045,R-HSA-9925561,Developmental Lineage of Pancreatic Acinar Cells
CHEMBL2049,R-HSA-162582,Signal Transduction
CHEMBL2049,R-HSA-372790,Signaling by GPCR
CHEMBL2049,R-HSA-373076,Class A/1 (Rhodopsin-like receptors)
CHEMBL2049,R-HSA-375276,Peptide ligand-binding receptors
CHEMBL2049,R-HSA-388396,GPCR downstream signalling
CHEMBL2049,R-HSA-388479,Vasopressin-like receptors
CHEMBL2049,R-HSA-416476,G alpha (q) signalling events
CHEMBL2049,R-HSA-500792,GPCR ligand binding
CHEMBL205,R-HSA-1237044,Erythrocytes take up carbon dioxide and release oxygen
CHEMBL205,R-HSA-1247673,Erythrocytes take up oxygen and release carbon dioxide
CHEMBL205,R-HSA-1266738,Developmental Biology
CHEMBL205,R-HSA-1430728,Metabolism
CHEMBL205,R-HSA-1475029,Reversible hydration of carbon dioxide
CHEMBL205,R-HSA-1480926,O2/CO2 exchange in erythrocytes
CHEMBL205,R-HSA-382551,Transport of small molecules
CHEMBL205,R-HSA-9734767,Developmental Cell Lineages
CHEMBL205,R-HSA-9820448,Developmental Cell Lineages of the Exocrine Pancreas
CHEMBL205,R-HSA-9925563,Developmental Lineage of Pancreatic Ductal Cells
CHEMBL2050,R-HSA-1280215,Cytokine Signaling in Immune system
CHEMBL2050,R-HSA-168256,Immune System
CHEMBL2050,R-HSA-449147,Signaling by Interleukins
CHEMBL2050,R-HSA-6783589,Interleukin-6 family signaling
CHEMBL2050,R-HSA-6788467,IL-6-type cytokine receptor ligand interactions
CHEMBL2055,R-HSA-1266738,Developmental Biology
CHEMBL2055,R-HSA-162582,Signal Transduction
CHEMBL2055,R-HSA-212436,Generic Transcription Pathway
CHEMBL2055,R-HSA-2990846,SUMOylation
CHEMBL2055,R-HSA-3108232,SUMO E3 ligases SUMOylate target proteins
CHEMBL2055,R-HSA-383280,Nuclear Receptor transcription pathway
CHEMBL2055,R-HSA-392499,Metabolism of proteins
CHEMBL2055,R-HSA-4090294,SUMOylation of intracellular receptors
CHEMBL2055,R-HSA-5362517,Signaling by Retinoic Acid
CHEMBL2055,R-HSA-5617472,Activation of anterior HOX genes in hindbrain development during early embryogenesis
CHEMBL2055,R-HSA-5619507,Activation of HOX genes during differentiation
CHEMBL2055,R-HSA-597592,Post-translational protein modification
CHEMBL2055,R-HSA-73857,RNA Polymerase II Transcription
CHEMBL2055,R-HSA-74160,Gene expression (Transcription)
CHEMBL2055,R-HSA-9006931,Signaling by Nuclear Receptors
CHEMBL2055,R-HSA-9006936,Signaling by TGFB family members
CHEMBL2055,R-HSA-9616222,Transcriptional regulation of granulopoiesis
CHEMBL2055,R-HSA-9839373,Signaling by TGFBR3
CHEMBL2055,R-HSA-9839394,TGFBR3 expression
CHEMBL2056,R-HSA-162582,Signal Transduction
CHEMBL2056,R-HSA-372790,Signaling by GPCR
CHEMBL2056,R-HSA-373076,Class A/1 (Rhodopsin-like receptors)
CHEMBL2056,R-HSA-375280,Amine ligand-binding receptors
CHEMBL2056,R-HSA-388396,GPCR downstream signalling
CHEMBL2056,R-HSA-390651,Dopamine receptors
CHEMBL2056,R-HSA-418555,G alpha (s) signalling events
CHEMBL2056,R-HSA-500792,GPCR ligand binding
CHEMBL2057,R-HSA-1430728,Metabolism
CHEMBL2057,R-HSA-1474151,"Tetrahydrobiopterin (BH4) synthesis, recycling, salvage and regulation"
CHEMBL2057,R-HSA-1640170,Cell Cycle
CHEMBL2057,R-HSA-196757,Metabolism of folate and pterines
CHEMBL2057,R-HSA-196849,Metabolism of water-soluble vitamins and cofactors
CHEMBL2057,R-HSA-196854,Metabolism of vitamins and cofactors
CHEMBL2057,R-HSA-453279,Mitotic G1 phase and G1/S transition
CHEMBL2057,R-HSA-69205,G1/S-Specific Transcription
CHEMBL2057,R-HSA-69206,G1/S Transition
CHEMBL2057,R-HSA-69278,"Cell Cycle, Mitotic"
CHEMBL2057,R-HSA-8978934,Metabolism of cofactors
CHEMBL2059,R-HSA-1280215,Cytokine Signaling in Immune system
CHEMBL2059,R-HSA-168256,Immune System
CHEMBL2059,R-HSA-5668541,TNFR2 non-canonical NF-kB pathway
CHEMBL2059,R-HSA-5669034,TNFs bind their physiological receptors
CHEMBL2059,R-HSA-5676594,TNF receptor superfamily (TNFSF) members mediating non-canonical NF-kB pathway
CHEMBL206,R-HSA-1236394,Signaling by ERBB4
CHEMBL206,R-HSA-1251985,Nuclear signaling by ERBB4
CHEMBL206,R-HSA-1257604,PIP3 activates AKT signaling
CHEMBL206,R-HSA-1266738,Developmental Biology
CHEMBL206,R-HSA-162582,Signal Transduction
CHEMBL206,R-HSA-1643685,Disease
CHEMBL206,R-HSA-199418,Negative regulation of the PI3K/AKT network
CHEMBL206,R-HSA-212436,Generic Transcription Pathway
CHEMBL206,R-HSA-2219528,PI3K/AKT Signaling in Cancer
CHEMBL206,R-HSA-2219530,Constitutive Signaling by Aberrant PI3K in Cancer
CHEMBL206,R-HSA-2262752,Cellular responses to stress
CHEMBL206,R-HSA-2990846,SUMOylation
CHEMBL206,R-HSA-3108232,SUMO E3 ligases SUMOylate target proteins
CHEMBL206,R-HSA-383280,Nuclear Receptor transcription pathway
CHEMBL206,R-HSA-392499,Metabolism of proteins
CHEMBL206,R-HSA-4090294,SUMOylation of intracellular receptors
CHEMBL206,R-HSA-5663202,Diseases of signal transduction by growth factor receptors and second messengers
CHEMBL206,R-HSA-5688426,Deubiquitination
CHEMBL206,R-HSA-5689896,Ovarian tumor domain proteases
CHEMBL206,R-HSA-597592,Post-translational protein modification
CHEMBL206,R-HSA-6811558,"PI5P, PP2A and IER3 Regulate PI3K/AKT Signaling"
CHEMBL206,R-HSA-73857,RNA Polymerase II Transcription
CHEMBL206,R-HSA-74160,Gene expression (Transcription)
CHEMBL206,R-HSA-8864260,Transcriptional regulation by the AP-2 (TFAP2) family of transcription factors
CHEMBL206,R-HSA-8866910,TFAP2 (AP-2) family regulates transcription of growth factors and their receptors
CHEMBL206,R-HSA-8878166,Transcriptional regulation by RUNX2
CHEMBL206,R-HSA-8878171,Transcriptional regulation by RUNX1
CHEMBL206,R-HSA-8931987,RUNX1 regulates estrogen receptor mediated transcription
CHEMBL206,R-HSA-8939211,ESR-mediated signaling
CHEMBL206,R-HSA-8939256,RUNX1 regulates transcription of genes involved in WNT signaling
CHEMBL206,R-HSA-8939902,Regulation of RUNX2 expression and activity
CHEMBL206,R-HSA-8953897,Cellular responses to stimuli
CHEMBL206,R-HSA-9006925,Intracellular signaling by second messengers
CHEMBL206,R-HSA-9006931,Signaling by Nuclear Receptors
CHEMBL206,R-HSA-9006934,Signaling by Receptor Tyrosine Kinases
CHEMBL206,R-HSA-9009391,Extra-nuclear estrogen signaling
CHEMBL206,R-HSA-9018519,Estrogen-dependent gene expression
CHEMBL206,R-HSA-9734767,Developmental Cell Lineages
CHEMBL206,R-HSA-9734779,Developmental Cell Lineages of the Integumentary System
CHEMBL206,R-HSA-9841251,Mitochondrial unfolded protein response (UPRmt)
CHEMBL206,R-HSA-9924644,Developmental Lineages of the Mammary Gland
CHEMBL206,R-HSA-9927418,Developmental Lineage of Mammary Gland Luminal Epithelial Cells
CHEMBL206,R-HSA-9927426,Developmental Lineage of Mammary Gland Alveolar Cells
CHEMBL2060,R-HSA-1266738,Developmental Biology
CHEMBL2060,R-HSA-1430728,Metabolism
CHEMBL2060,R-HSA-174824,"Plasma lipoprotein assembly, remodeling, and clearance"
CHEMBL2060,R-HSA-196854,Metabolism of vitamins and cofactors
CHEMBL2060,R-HSA-212165,Epigenetic regulation of gene expression
CHEMBL2060,R-HSA-2187338,Visual phototransduction
CHEMBL2060,R-HSA-381340,Transcriptional regulation of white adipocyte differentiation
CHEMBL2060,R-HSA-382551,Transport of small molecules
CHEMBL2060,R-HSA-6806667,Metabolism of fat-soluble vitamins
CHEMBL2060,R-HSA-74160,Gene expression (Transcription)
CHEMBL2060,R-HSA-8963889,Assembly of active LPL and LIPC lipase complexes
CHEMBL2060,R-HSA-8963899,Plasma lipoprotein remodeling
CHEMBL2060,R-HSA-8963901,Chylomicron remodeling
CHEMBL2060,R-HSA-9709957,Sensory Perception
CHEMBL2060,R-HSA-975634,Retinoid metabolism and transport
CHEMBL2060,R-HSA-9818564,Epigenetic regulation of gene expression by MLL3 and MLL4 complexes
CHEMBL2060,R-HSA-9841922,MLL4 and MLL3 complexes regulate expression of PPARG target genes in adipogenesis and hepatic steatosis
CHEMBL2060,R-HSA-9843745,Adipogenesis
CHEMBL2060,R-HSA-9851695,Epigenetic regulation of adipogenesis genes by MLL3 and MLL4 complexes
CHEMBL2060,R-HSA-9917777,Epigenetic regulation by WDR5-containing histone modifying complexes
CHEMBL2061,R-HSA-1266738,Developmental Biology
CHEMBL2061,R-HSA-1368108,"BMAL1:CLOCK,NPAS2 activates circadian expression"
CHEMBL2061,R-HSA-1430728,Metabolism
CHEMBL2061,R-HSA-1592230,Mitochondrial biogenesis
CHEMBL2061,R-HSA-159418,Recycling of bile acids and salts
CHEMBL2061,R-HSA-162582,Signal Transduction
CHEMBL2061,R-HSA-1655829,Regulation of cholesterol biosynthesis by SREBP (SREBF)
CHEMBL2061,R-HSA-1852241,Organelle biogenesis and maintenance
CHEMBL2061,R-HSA-192105,Synthesis of bile acids and bile salts
CHEMBL2061,R-HSA-193368,Synthesis of bile acids and bile salts via 7alpha-hydroxycholesterol
CHEMBL2061,R-HSA-193807,Synthesis of bile acids and bile salts via 27-hydroxycholesterol
CHEMBL2061,R-HSA-194068,Bile acid and bile salt metabolism
CHEMBL2061,R-HSA-1989781,PPARA activates gene expression
CHEMBL2061,R-HSA-200425,Carnitine shuttle
CHEMBL2061,R-HSA-211859,Biological oxidations
CHEMBL2061,R-HSA-211897,Cytochrome P450 - arranged by substrate type
CHEMBL2061,R-HSA-211945,Phase I - Functionalization of compounds
CHEMBL2061,R-HSA-211976,Endogenous sterols
CHEMBL2061,R-HSA-212165,Epigenetic regulation of gene expression
CHEMBL2061,R-HSA-212436,Generic Transcription Pathway
CHEMBL2061,R-HSA-2151201,Transcriptional activation of mitochondrial biogenesis
CHEMBL2061,R-HSA-2262752,Cellular responses to stress
CHEMBL2061,R-HSA-2426168,Activation of gene expression by SREBF (SREBP)
CHEMBL2061,R-HSA-2990846,SUMOylation
CHEMBL2061,R-HSA-3108232,SUMO E3 ligases SUMOylate target proteins
CHEMBL2061,R-HSA-381340,Transcriptional regulation of white adipocyte differentiation
CHEMBL2061,R-HSA-383280,Nuclear Receptor transcription pathway
CHEMBL2061,R-HSA-392499,Metabolism of proteins
CHEMBL2061,R-HSA-400206,Regulation of lipid metabolism by PPARalpha
CHEMBL2061,R-HSA-4090294,SUMOylation of intracellular receptors
CHEMBL2061,R-HSA-5362517,Signaling by Retinoic Acid
CHEMBL2061,R-HSA-556833,Metabolism of lipids
CHEMBL2061,R-HSA-5617472,Activation of anterior HOX genes in hindbrain development during early embryogenesis
CHEMBL2061,R-HSA-5619507,Activation of HOX genes during differentiation
CHEMBL2061,R-HSA-597592,Post-translational protein modification
CHEMBL2061,R-HSA-73857,RNA Polymerase II Transcription
CHEMBL2061,R-HSA-74160,Gene expression (Transcription)
CHEMBL2061,R-HSA-8953897,Cellular responses to stimuli
CHEMBL2061,R-HSA-8957322,Metabolism of steroids
CHEMBL2061,R-HSA-8978868,Fatty acid metabolism
CHEMBL2061,R-HSA-9006931,Signaling by Nuclear Receptors
CHEMBL2061,R-HSA-9006936,Signaling by TGFB family members
CHEMBL2061,R-HSA-9024446,NR1H2 and NR1H3-mediated signaling
CHEMBL2061,R-HSA-9029558,NR1H2 & NR1H3 regulate gene expression linked to lipogenesis
CHEMBL2061,R-HSA-9029569,NR1H3 & NR1H2 regulate gene expression linked to cholesterol transport and efflux
CHEMBL2061,R-HSA-9031525,NR1H2 & NR1H3 regulate gene expression to limit cholesterol uptake 
CHEMBL2061,R-HSA-9031528,NR1H2 & NR1H3 regulate gene expression linked to triglyceride lipolysis in adipose
CHEMBL2061,R-HSA-9616222,Transcriptional regulation of granulopoiesis
CHEMBL2061,R-HSA-9623433,NR1H2 & NR1H3 regulate gene expression to control bile acid homeostasis
CHEMBL2061,R-HSA-9632974,NR1H2 & NR1H3 regulate gene expression linked to gluconeogenesis 
CHEMBL2061,R-HSA-9707564,Cytoprotection by HMOX1
CHEMBL2061,R-HSA-9707616,Heme signaling
CHEMBL2061,R-HSA-9711123,Cellular response to chemical stress
CHEMBL2061,R-HSA-9818564,Epigenetic regulation of gene expression by MLL3 and MLL4 complexes
CHEMBL2061,R-HSA-9839373,Signaling by TGFBR3
CHEMBL2061,R-HSA-9839394,TGFBR3 expression
CHEMBL2061,R-HSA-9841922,MLL4 and MLL3 complexes regulate expression of PPARG target genes in adipogenesis and hepatic steatosis
CHEMBL2061,R-HSA-9843743,Transcriptional regulation of brown and beige adipocyte differentiation
CHEMBL2061,R-HSA-9843745,Adipogenesis
CHEMBL2061,R-HSA-9844594,Transcriptional regulation of brown and beige adipocyte differentiation by EBF2
CHEMBL2061,R-HSA-9851695,Epigenetic regulation of adipogenesis genes by MLL3 and MLL4 complexes
CHEMBL2061,R-HSA-9909396,Circadian clock
CHEMBL2061,R-HSA-9917777,Epigenetic regulation by WDR5-containing histone modifying complexes
CHEMBL2061,R-HSA-9931509,"Expression of BMAL (ARNTL), CLOCK, and NPAS2"
CHEMBL2061,R-HSA-9933387,"RORA,B,C and NR1D1 (REV-ERBA) regulate gene expression"
CHEMBL2062,R-HSA-2672351,Stimuli-sensing channels
CHEMBL2062,R-HSA-382551,Transport of small molecules
CHEMBL2062,R-HSA-397014,Muscle contraction
CHEMBL2062,R-HSA-5576891,Cardiac conduction
CHEMBL2062,R-HSA-5578775,Ion homeostasis
CHEMBL2062,R-HSA-983712,Ion channel transport
CHEMBL2063,R-HSA-1430728,Metabolism
CHEMBL2063,R-HSA-1660662,Glycosphingolipid metabolism
CHEMBL2063,R-HSA-428157,Sphingolipid metabolism
CHEMBL2063,R-HSA-556833,Metabolism of lipids
CHEMBL2063,R-HSA-9840309,Glycosphingolipid biosynthesis
CHEMBL2064,R-HSA-112314,Neurotransmitter receptors and postsynaptic signal transmission
CHEMBL2064,R-HSA-112315,Transmission across Chemical Synapses
CHEMBL2064,R-HSA-112316,Neuronal System
CHEMBL2064,R-HSA-1296041,Activation of G protein gated Potassium channels
CHEMBL2064,R-HSA-1296059,G protein gated Potassium channels
CHEMBL2064,R-HSA-1296065,Inwardly rectifying K+ channels
CHEMBL2064,R-HSA-1296071,Potassium Channels
CHEMBL2064,R-HSA-162582,Signal Transduction
CHEMBL2064,R-HSA-372790,Signaling by GPCR
CHEMBL2064,R-HSA-388396,GPCR downstream signalling
CHEMBL2064,R-HSA-418594,G alpha (i) signalling events
CHEMBL2064,R-HSA-420499,Class C/3 (Metabotropic glutamate/pheromone receptors)
CHEMBL2064,R-HSA-500792,GPCR ligand binding
CHEMBL2064,R-HSA-977443,GABA receptor activation
CHEMBL2064,R-HSA-977444,GABA B receptor activation
CHEMBL2064,R-HSA-991365,Activation of GABAB receptors
CHEMBL2064,R-HSA-997272,Inhibition  of voltage gated Ca2+ channels via Gbeta/gamma subunits
CHEMBL2066,R-HSA-390522,Striated Muscle Contraction
CHEMBL2066,R-HSA-397014,Muscle contraction
CHEMBL2069,R-HSA-109582,Hemostasis
CHEMBL2069,R-HSA-162582,Signal Transduction
CHEMBL2069,R-HSA-372790,Signaling by GPCR
CHEMBL2069,R-HSA-373076,Class A/1 (Rhodopsin-like receptors)
CHEMBL2069,R-HSA-388396,GPCR downstream signalling
CHEMBL2069,R-HSA-391903,Eicosanoid ligand-binding receptors
CHEMBL2069,R-HSA-391908,Prostanoid ligand receptors
CHEMBL2069,R-HSA-392518,Signal amplification
CHEMBL2069,R-HSA-416476,G alpha (q) signalling events
CHEMBL2069,R-HSA-416482,G alpha (12/13) signalling events
CHEMBL2069,R-HSA-428930,Thromboxane signalling through TP receptor
CHEMBL2069,R-HSA-500792,GPCR ligand binding
CHEMBL2069,R-HSA-76002,"Platelet activation, signaling and aggregation"
CHEMBL207,R-HSA-109582,Hemostasis
CHEMBL207,R-HSA-114608,Platelet degranulation 
CHEMBL207,R-HSA-1266738,Developmental Biology
CHEMBL207,R-HSA-1474244,Extracellular matrix organization
CHEMBL207,R-HSA-1566948,Elastic fibre formation
CHEMBL207,R-HSA-162582,Signal Transduction
CHEMBL207,R-HSA-1643685,Disease
CHEMBL207,R-HSA-170834,Signaling by TGF-beta Receptor Complex
CHEMBL207,R-HSA-194138,Signaling by VEGF
CHEMBL207,R-HSA-202733,Cell surface interactions at the vascular wall
CHEMBL207,R-HSA-210990,PECAM1 interactions
CHEMBL207,R-HSA-2129379,Molecules associated with elastic fibres
CHEMBL207,R-HSA-216083,Integrin cell surface interactions
CHEMBL207,R-HSA-2173789,TGF-beta receptor signaling activates SMADs
CHEMBL207,R-HSA-3000170,Syndecan interactions
CHEMBL207,R-HSA-3000171,Non-integrin membrane-ECM interactions
CHEMBL207,R-HSA-3000178,ECM proteoglycans
CHEMBL207,R-HSA-354192,Integrin signaling
CHEMBL207,R-HSA-354194,GRB2:SOS provides linkage to MAPK signaling for Integrins 
CHEMBL207,R-HSA-372708,p130Cas linkage to MAPK signaling for integrins
CHEMBL207,R-HSA-373760,L1CAM interactions
CHEMBL207,R-HSA-422475,Axon guidance
CHEMBL207,R-HSA-4420097,VEGFA-VEGFR2 Pathway
CHEMBL207,R-HSA-445144,Signal transduction by L1
CHEMBL207,R-HSA-5663202,Diseases of signal transduction by growth factor receptors and second messengers
CHEMBL207,R-HSA-5673001,RAF/MAP kinase cascade
CHEMBL207,R-HSA-5674135,MAP2K and MAPK activation
CHEMBL207,R-HSA-5683057,MAPK family signaling cascades
CHEMBL207,R-HSA-5684996,MAPK1/MAPK3 signaling
CHEMBL207,R-HSA-6802946,Signaling by moderate kinase activity BRAF mutants
CHEMBL207,R-HSA-6802948,Signaling by high-kinase activity BRAF mutants
CHEMBL207,R-HSA-6802949,Signaling by RAS mutants
CHEMBL207,R-HSA-6802952,Signaling by BRAF and RAF1 fusions
CHEMBL207,R-HSA-6802955,Paradoxical activation of RAF signaling by kinase inactive BRAF
CHEMBL207,R-HSA-6802957,Oncogenic MAPK signaling
CHEMBL207,R-HSA-76002,"Platelet activation, signaling and aggregation"
CHEMBL207,R-HSA-76005,Response to elevated platelet cytosolic Ca2+
CHEMBL207,R-HSA-76009,Platelet Aggregation (Plug Formation)
CHEMBL207,R-HSA-8953897,Cellular responses to stimuli
CHEMBL207,R-HSA-9006934,Signaling by Receptor Tyrosine Kinases
CHEMBL207,R-HSA-9006936,Signaling by TGFB family members
CHEMBL207,R-HSA-9649948,Signaling downstream of RAS mutants
CHEMBL207,R-HSA-9656223,Signaling by RAF1 mutants
CHEMBL207,R-HSA-9675108,Nervous system development
CHEMBL207,R-HSA-9855142,Cellular responses to mechanical stimuli
CHEMBL207,R-HSA-9856532,Mechanical load activates signaling by PIEZO1 and integrins in osteocytes
CHEMBL207,R-HSA-9860927,"Turbulent (oscillatory, disturbed) flow shear stress activates signaling by PIEZO1 and integrins in endothelial cells"
CHEMBL207,R-HSA-9860931,Response of endothelial cells to shear stress
CHEMBL2070,R-HSA-109582,Hemostasis
CHEMBL2070,R-HSA-112314,Neurotransmitter receptors and postsynaptic signal transmission
CHEMBL2070,R-HSA-112315,Transmission across Chemical Synapses
CHEMBL2070,R-HSA-112316,Neuronal System
CHEMBL2070,R-HSA-114608,Platelet degranulation 
CHEMBL2070,R-HSA-1169410,Antimicrobial mechanism of IFN-stimulated genes
CHEMBL2070,R-HSA-1266738,Developmental Biology
CHEMBL2070,R-HSA-1280215,Cytokine Signaling in Immune system
CHEMBL2070,R-HSA-1280218,Adaptive Immune System
CHEMBL2070,R-HSA-1445148,Translocation of SLC2A4 (GLUT4) to the plasma membrane
CHEMBL2070,R-HSA-157858,Gap junction trafficking and regulation
CHEMBL2070,R-HSA-162582,Signal Transduction
CHEMBL2070,R-HSA-1632852,Macroautophagy
CHEMBL2070,R-HSA-1640170,Cell Cycle
CHEMBL2070,R-HSA-1643685,Disease
CHEMBL2070,R-HSA-168256,Immune System
CHEMBL2070,R-HSA-1852241,Organelle biogenesis and maintenance
CHEMBL2070,R-HSA-190828,Gap junction trafficking
CHEMBL2070,R-HSA-190840,Microtubule-dependent trafficking of connexons from Golgi to the plasma membrane
CHEMBL2070,R-HSA-190861,Gap junction assembly
CHEMBL2070,R-HSA-190872,Transport of connexons to the plasma membrane
CHEMBL2070,R-HSA-194315,Signaling by Rho GTPases
CHEMBL2070,R-HSA-195258,RHO GTPase Effectors
CHEMBL2070,R-HSA-199977,ER to Golgi Anterograde Transport
CHEMBL2070,R-HSA-199991,Membrane Trafficking
CHEMBL2070,R-HSA-2132295,MHC class II antigen presentation
CHEMBL2070,R-HSA-2262752,Cellular responses to stress
CHEMBL2070,R-HSA-2467813,Separation of Sister Chromatids
CHEMBL2070,R-HSA-2500257,Resolution of Sister Chromatid Cohesion
CHEMBL2070,R-HSA-2555396,Mitotic Metaphase and Anaphase
CHEMBL2070,R-HSA-2565942,Regulation of PLK1 Activity at G2/M Transition
CHEMBL2070,R-HSA-2995410,Nuclear Envelope (NE) Reassembly
CHEMBL2070,R-HSA-3371497,HSP90 chaperone cycle for steroid hormone receptors (SHR) in the presence of ligand
CHEMBL2070,R-HSA-373760,L1CAM interactions
CHEMBL2070,R-HSA-380259,Loss of Nlp from mitotic centrosomes
CHEMBL2070,R-HSA-380270,Recruitment of mitotic centrosome proteins and complexes
CHEMBL2070,R-HSA-380284,Loss of proteins required for interphase microtubule organization from the centrosome
CHEMBL2070,R-HSA-380287,Centrosome maturation
CHEMBL2070,R-HSA-380320,Recruitment of NuMA to mitotic centrosomes
CHEMBL2070,R-HSA-389957,Prefoldin mediated transfer of substrate  to CCT/TriC
CHEMBL2070,R-HSA-389958,Cooperation of Prefoldin and TriC/CCT  in actin and tubulin folding
CHEMBL2070,R-HSA-389960,Formation of tubulin folding intermediates by CCT/TriC
CHEMBL2070,R-HSA-389977,Post-chaperonin tubulin folding pathway
CHEMBL2070,R-HSA-390466,Chaperonin-mediated protein folding
CHEMBL2070,R-HSA-391251,Protein folding
CHEMBL2070,R-HSA-392499,Metabolism of proteins
CHEMBL2070,R-HSA-422475,Axon guidance
CHEMBL2070,R-HSA-437239,Recycling pathway of L1
CHEMBL2070,R-HSA-438064,Post NMDA receptor activation events
CHEMBL2070,R-HSA-442755,Activation of NMDA receptors and postsynaptic events
CHEMBL2070,R-HSA-446203,Asparagine N-linked glycosylation
CHEMBL2070,R-HSA-453274,Mitotic G2-G2/M phases
CHEMBL2070,R-HSA-5358351,Signaling by Hedgehog
CHEMBL2070,R-HSA-5610787,Hedgehog 'off' state
CHEMBL2070,R-HSA-5617833,Cilium Assembly
CHEMBL2070,R-HSA-5620912,Anchoring of the basal body to the plasma membrane
CHEMBL2070,R-HSA-5620920,Cargo trafficking to the periciliary membrane
CHEMBL2070,R-HSA-5620924,Intraflagellar transport
CHEMBL2070,R-HSA-5626467,RHO GTPases activate IQGAPs
CHEMBL2070,R-HSA-5653656,Vesicle-mediated transport
CHEMBL2070,R-HSA-5663205,Infectious disease
CHEMBL2070,R-HSA-5663220,RHO GTPases Activate Formins
CHEMBL2070,R-HSA-597592,Post-translational protein modification
CHEMBL2070,R-HSA-6807878,COPI-mediated anterograde transport
CHEMBL2070,R-HSA-6811434,COPI-dependent Golgi-to-ER retrograde traffic
CHEMBL2070,R-HSA-6811436,COPI-independent Golgi-to-ER retrograde traffic
CHEMBL2070,R-HSA-6811442,Intra-Golgi and retrograde Golgi-to-ER traffic
CHEMBL2070,R-HSA-68877,Mitotic Prometaphase
CHEMBL2070,R-HSA-68882,Mitotic Anaphase
CHEMBL2070,R-HSA-68886,M Phase
CHEMBL2070,R-HSA-69275,G2/M Transition
CHEMBL2070,R-HSA-69278,"Cell Cycle, Mitotic"
CHEMBL2070,R-HSA-76002,"Platelet activation, signaling and aggregation"
CHEMBL2070,R-HSA-76005,Response to elevated platelet cytosolic Ca2+
CHEMBL2070,R-HSA-8852276,The role of GTSE1 in G2/M progression after G2 checkpoint
CHEMBL2070,R-HSA-8854518,AURKA Activation by TPX2
CHEMBL2070,R-HSA-8856688,Golgi-to-ER retrograde transport
CHEMBL2070,R-HSA-8953897,Cellular responses to stimuli
CHEMBL2070,R-HSA-8955332,Carboxyterminal post-translational modifications of tubulin
CHEMBL2070,R-HSA-913531,Interferon Signaling
CHEMBL2070,R-HSA-948021,Transport to the Golgi and subsequent modification
CHEMBL2070,R-HSA-9609646,HCMV Infection
CHEMBL2070,R-HSA-9609690,HCMV Early Events
CHEMBL2070,R-HSA-9609736,Assembly and cell surface presentation of NMDA receptors
CHEMBL2070,R-HSA-9612973,Autophagy
CHEMBL2070,R-HSA-9619483,Activation of AMPK downstream of NMDARs
CHEMBL2070,R-HSA-9646399,Aggrephagy
CHEMBL2070,R-HSA-9648025,EML4 and NUDC in mitotic spindle formation
CHEMBL2070,R-HSA-9663891,Selective autophagy
CHEMBL2070,R-HSA-9668328,Sealing of the nuclear envelope (NE) by ESCRT-III
CHEMBL2070,R-HSA-9675108,Nervous system development
CHEMBL2070,R-HSA-9716542,"Signaling by Rho GTPases, Miro GTPases and RHOBTB3"
CHEMBL2070,R-HSA-9824446,Viral Infection Pathways
CHEMBL2070,R-HSA-983189,Kinesins
CHEMBL2070,R-HSA-983231,Factors involved in megakaryocyte development and platelet production
CHEMBL2070,R-HSA-9833482,PKR-mediated signaling
CHEMBL2071,R-HSA-112316,Neuronal System
CHEMBL2071,R-HSA-1296025,ATP sensitive Potassium channels
CHEMBL2071,R-HSA-1296065,Inwardly rectifying K+ channels
CHEMBL2071,R-HSA-1296071,Potassium Channels
CHEMBL2071,R-HSA-1430728,Metabolism
CHEMBL2071,R-HSA-163685,Integration of energy metabolism
CHEMBL2071,R-HSA-1643685,Disease
CHEMBL2071,R-HSA-422356,Regulation of insulin secretion
CHEMBL2071,R-HSA-5619084,ABC transporter disorders
CHEMBL2071,R-HSA-5619115,Disorders of transmembrane transporters
CHEMBL2071,R-HSA-5683177,Defective ABCC8 can cause hypo- and hyper-glycemias
CHEMBL2074,R-HSA-168249,Innate Immune System
CHEMBL2074,R-HSA-168256,Immune System
CHEMBL2074,R-HSA-189085,Digestion of dietary carbohydrate
CHEMBL2074,R-HSA-6798695,Neutrophil degranulation
CHEMBL2074,R-HSA-8935690,Digestion
CHEMBL2074,R-HSA-8963743,Digestion and absorption
CHEMBL2075,R-HSA-1474244,Extracellular matrix organization
CHEMBL2075,R-HSA-1474290,Collagen formation
CHEMBL2075,R-HSA-1643685,Disease
CHEMBL2075,R-HSA-1650814,Collagen biosynthesis and modifying enzymes
CHEMBL2075,R-HSA-5663205,Infectious disease
CHEMBL2075,R-HSA-9678108,SARS-CoV-1 Infection
CHEMBL2075,R-HSA-9679506,SARS-CoV Infections
CHEMBL2075,R-HSA-9692914,SARS-CoV-1-host interactions
CHEMBL2075,R-HSA-9692916,SARS-CoV-1 activates/modulates innate immune responses
CHEMBL2075,R-HSA-9824446,Viral Infection Pathways
CHEMBL2076,R-HSA-1430728,Metabolism
CHEMBL2076,R-HSA-1643685,Disease
CHEMBL2076,R-HSA-196854,Metabolism of vitamins and cofactors
CHEMBL2076,R-HSA-2187338,Visual phototransduction
CHEMBL2076,R-HSA-2453864,Retinoid cycle disease events
CHEMBL2076,R-HSA-2453902,The canonical retinoid cycle in rods (twilight vision)
CHEMBL2076,R-HSA-2474795,Diseases associated with visual transduction
CHEMBL2076,R-HSA-6806667,Metabolism of fat-soluble vitamins
CHEMBL2076,R-HSA-9675143,Diseases of the neuronal system
CHEMBL2076,R-HSA-9709957,Sensory Perception
CHEMBL2076,R-HSA-975634,Retinoid metabolism and transport
CHEMBL2076,R-HSA-9918442,Defective visual phototransduction due to LRAT loss of function
CHEMBL2079,R-HSA-162582,Signal Transduction
CHEMBL2079,R-HSA-5362517,Signaling by Retinoic Acid
CHEMBL2079,R-HSA-5365859,RA biosynthesis pathway
CHEMBL2079,R-HSA-9006931,Signaling by Nuclear Receptors
CHEMBL208,R-HSA-1236394,Signaling by ERBB4
CHEMBL208,R-HSA-1251985,Nuclear signaling by ERBB4
CHEMBL208,R-HSA-1266738,Developmental Biology
CHEMBL208,R-HSA-162582,Signal Transduction
CHEMBL208,R-HSA-212436,Generic Transcription Pathway
CHEMBL208,R-HSA-2262752,Cellular responses to stress
CHEMBL208,R-HSA-2990846,SUMOylation
CHEMBL208,R-HSA-3108232,SUMO E3 ligases SUMOylate target proteins
CHEMBL208,R-HSA-3371497,HSP90 chaperone cycle for steroid hormone receptors (SHR) in the presence of ligand
CHEMBL208,R-HSA-383280,Nuclear Receptor transcription pathway
CHEMBL208,R-HSA-392499,Metabolism of proteins
CHEMBL208,R-HSA-4090294,SUMOylation of intracellular receptors
CHEMBL208,R-HSA-597592,Post-translational protein modification
CHEMBL208,R-HSA-73857,RNA Polymerase II Transcription
CHEMBL208,R-HSA-74160,Gene expression (Transcription)
CHEMBL208,R-HSA-8939211,ESR-mediated signaling
CHEMBL208,R-HSA-8953897,Cellular responses to stimuli
CHEMBL208,R-HSA-9006931,Signaling by Nuclear Receptors
CHEMBL208,R-HSA-9006934,Signaling by Receptor Tyrosine Kinases
CHEMBL208,R-HSA-9018519,Estrogen-dependent gene expression
CHEMBL208,R-HSA-9734767,Developmental Cell Lineages
CHEMBL208,R-HSA-9734779,Developmental Cell Lineages of the Integumentary System
CHEMBL208,R-HSA-9924644,Developmental Lineages of the Mammary Gland
CHEMBL208,R-HSA-9927418,Developmental Lineage of Mammary Gland Luminal Epithelial Cells
CHEMBL208,R-HSA-9927426,Developmental Lineage of Mammary Gland Alveolar Cells
CHEMBL2081,R-HSA-1430728,Metabolism
CHEMBL2081,R-HSA-156580,Phase II - Conjugation of compounds
CHEMBL2081,R-HSA-156590,Glutathione conjugation
CHEMBL2081,R-HSA-211859,Biological oxidations
CHEMBL2081,R-HSA-9748784,Drug ADME
CHEMBL2081,R-HSA-9748787,Azathioprine ADME
CHEMBL2081,R-HSA-9753281,Paracetamol ADME
CHEMBL2083,R-HSA-1266738,Developmental Biology
CHEMBL2083,R-HSA-1430728,Metabolism
CHEMBL2083,R-HSA-163560,Triglyceride catabolism
CHEMBL2083,R-HSA-212165,Epigenetic regulation of gene expression
CHEMBL2083,R-HSA-381340,Transcriptional regulation of white adipocyte differentiation
CHEMBL2083,R-HSA-556833,Metabolism of lipids
CHEMBL2083,R-HSA-74160,Gene expression (Transcription)
CHEMBL2083,R-HSA-8979227,Triglyceride metabolism
CHEMBL2083,R-HSA-9818564,Epigenetic regulation of gene expression by MLL3 and MLL4 complexes
CHEMBL2083,R-HSA-9841922,MLL4 and MLL3 complexes regulate expression of PPARG target genes in adipogenesis and hepatic steatosis
CHEMBL2083,R-HSA-9843745,Adipogenesis
CHEMBL2083,R-HSA-9851695,Epigenetic regulation of adipogenesis genes by MLL3 and MLL4 complexes
CHEMBL2083,R-HSA-9917777,Epigenetic regulation by WDR5-containing histone modifying complexes
CHEMBL2084,R-HSA-392499,Metabolism of proteins
CHEMBL2084,R-HSA-446203,Asparagine N-linked glycosylation
CHEMBL2084,R-HSA-597592,Post-translational protein modification
CHEMBL2085,R-HSA-109582,Hemostasis
CHEMBL2085,R-HSA-1280215,Cytokine Signaling in Immune system
CHEMBL2085,R-HSA-168249,Innate Immune System
CHEMBL2085,R-HSA-168256,Immune System
CHEMBL2085,R-HSA-202733,Cell surface interactions at the vascular wall
CHEMBL2085,R-HSA-447115,Interleukin-12 family signaling
CHEMBL2085,R-HSA-449147,Signaling by Interleukins
CHEMBL2085,R-HSA-6798695,Neutrophil degranulation
CHEMBL2085,R-HSA-8950505,Gene and protein expression by JAK-STAT signaling after Interleukin-12 stimulation
CHEMBL2085,R-HSA-9020591,Interleukin-12 signaling
CHEMBL2086,R-HSA-112316,Neuronal System
CHEMBL2086,R-HSA-1296071,Potassium Channels
CHEMBL2086,R-HSA-1296072,Voltage gated Potassium channels
CHEMBL2088,R-HSA-1266738,Developmental Biology
CHEMBL2088,R-HSA-9734767,Developmental Cell Lineages
CHEMBL2088,R-HSA-9820448,Developmental Cell Lineages of the Exocrine Pancreas
CHEMBL2088,R-HSA-9925561,Developmental Lineage of Pancreatic Acinar Cells
CHEMBL209,R-HSA-1266738,Developmental Biology
CHEMBL209,R-HSA-1430728,Metabolism
CHEMBL209,R-HSA-1474228,Degradation of the extracellular matrix
CHEMBL209,R-HSA-1474244,Extracellular matrix organization
CHEMBL209,R-HSA-1592389,Activation of Matrix Metalloproteinases
CHEMBL209,R-HSA-196741,"Cobalamin (Cbl, vitamin B12) transport and metabolism"
CHEMBL209,R-HSA-196849,Metabolism of water-soluble vitamins and cofactors
CHEMBL209,R-HSA-196854,Metabolism of vitamins and cofactors
CHEMBL209,R-HSA-9734767,Developmental Cell Lineages
CHEMBL209,R-HSA-9758881,Uptake of dietary cobalamins into enterocytes
CHEMBL209,R-HSA-9820448,Developmental Cell Lineages of the Exocrine Pancreas
CHEMBL209,R-HSA-9925561,Developmental Lineage of Pancreatic Acinar Cells
CHEMBL2094,R-HSA-109582,Hemostasis
CHEMBL2094,R-HSA-139853,Elevation of cytosolic Ca2+ levels
CHEMBL2094,R-HSA-168249,Innate Immune System
CHEMBL2094,R-HSA-168256,Immune System
CHEMBL2094,R-HSA-418346,Platelet homeostasis
CHEMBL2094,R-HSA-418360,Platelet calcium homeostasis
CHEMBL2094,R-HSA-6798695,Neutrophil degranulation
CHEMBL2099,R-HSA-162582,Signal Transduction
CHEMBL2099,R-HSA-194315,Signaling by Rho GTPases
CHEMBL2099,R-HSA-195258,RHO GTPase Effectors
CHEMBL2099,R-HSA-381426,Regulation of Insulin-like Growth Factor (IGF) transport and uptake by Insulin-like Growth Factor Binding Proteins (IGFBPs)
CHEMBL2099,R-HSA-392499,Metabolism of proteins
CHEMBL2099,R-HSA-5625740,RHO GTPases activate PKNs
CHEMBL2099,R-HSA-5625886,Activated PKN1 stimulates transcription of AR (androgen receptor) regulated genes KLK2 and KLK3
CHEMBL2099,R-HSA-9716542,"Signaling by Rho GTPases, Miro GTPases and RHOBTB3"
CHEMBL210,R-HSA-162582,Signal Transduction
CHEMBL210,R-HSA-199991,Membrane Trafficking
CHEMBL210,R-HSA-372790,Signaling by GPCR
CHEMBL210,R-HSA-373076,Class A/1 (Rhodopsin-like receptors)
CHEMBL210,R-HSA-375280,Amine ligand-binding receptors
CHEMBL210,R-HSA-388396,GPCR downstream signalling
CHEMBL210,R-HSA-390696,Adrenoceptors
CHEMBL210,R-HSA-392499,Metabolism of proteins
CHEMBL210,R-HSA-418555,G alpha (s) signalling events
CHEMBL210,R-HSA-500792,GPCR ligand binding
CHEMBL210,R-HSA-5653656,Vesicle-mediated transport
CHEMBL210,R-HSA-5688426,Deubiquitination
CHEMBL210,R-HSA-5689880,Ub-specific processing proteases
CHEMBL210,R-HSA-597592,Post-translational protein modification
CHEMBL210,R-HSA-8856825,Cargo recognition for clathrin-mediated endocytosis
CHEMBL210,R-HSA-8856828,Clathrin-mediated endocytosis
CHEMBL2100,R-HSA-1430728,Metabolism
CHEMBL2100,R-HSA-156580,Phase II - Conjugation of compounds
CHEMBL2100,R-HSA-156590,Glutathione conjugation
CHEMBL2100,R-HSA-211859,Biological oxidations
CHEMBL2100,R-HSA-556833,Metabolism of lipids
CHEMBL2100,R-HSA-9018677,Biosynthesis of DHA-derived SPMs
CHEMBL2100,R-HSA-9018678,Biosynthesis of specialized proresolving mediators (SPMs)
CHEMBL2100,R-HSA-9026395,Biosynthesis of DHA-derived sulfido conjugates
CHEMBL2100,R-HSA-9026762,Biosynthesis of maresin conjugates in tissue regeneration (MCTR)
CHEMBL2102,R-HSA-1428517,Aerobic respiration and respiratory electron transport
CHEMBL2102,R-HSA-1430728,Metabolism
CHEMBL2102,R-HSA-70268,Pyruvate metabolism
CHEMBL2102,R-HSA-9861718,Regulation of pyruvate metabolism
CHEMBL2104,R-HSA-109582,Hemostasis
CHEMBL2104,R-HSA-139853,Elevation of cytosolic Ca2+ levels
CHEMBL2104,R-HSA-1643685,Disease
CHEMBL2104,R-HSA-418346,Platelet homeostasis
CHEMBL2104,R-HSA-418360,Platelet calcium homeostasis
CHEMBL2104,R-HSA-5663205,Infectious disease
CHEMBL2104,R-HSA-9658195,Leishmania infection
CHEMBL2104,R-HSA-9660826,Purinergic signaling in leishmaniasis infection
CHEMBL2104,R-HSA-9664424,Cell recruitment (pro-inflammatory response)
CHEMBL2104,R-HSA-9824443,Parasitic Infection Pathways
CHEMBL2105,R-HSA-140179,Amine Oxidase reactions
CHEMBL2105,R-HSA-141334,PAOs oxidise polyamines to amines
CHEMBL2105,R-HSA-1430728,Metabolism
CHEMBL2105,R-HSA-211859,Biological oxidations
CHEMBL2105,R-HSA-211945,Phase I - Functionalization of compounds
CHEMBL2105,R-HSA-351200,Interconversion of polyamines
CHEMBL2105,R-HSA-351202,Metabolism of polyamines
CHEMBL2105,R-HSA-71291,Metabolism of amino acids and derivatives
CHEMBL2105,R-HSA-9033241,Peroxisomal protein import
CHEMBL2105,R-HSA-9609507,Protein localization
CHEMBL2106,R-HSA-109582,Hemostasis
CHEMBL2106,R-HSA-114608,Platelet degranulation 
CHEMBL2106,R-HSA-1430728,Metabolism
CHEMBL2106,R-HSA-168249,Innate Immune System
CHEMBL2106,R-HSA-168256,Immune System
CHEMBL2106,R-HSA-6798695,Neutrophil degranulation
CHEMBL2106,R-HSA-70171,Glycolysis
CHEMBL2106,R-HSA-70263,Gluconeogenesis
CHEMBL2106,R-HSA-70326,Glucose metabolism
CHEMBL2106,R-HSA-71387,Metabolism of carbohydrates and carbohydrate derivatives
CHEMBL2106,R-HSA-76002,"Platelet activation, signaling and aggregation"
CHEMBL2106,R-HSA-76005,Response to elevated platelet cytosolic Ca2+
CHEMBL2107,R-HSA-1266738,Developmental Biology
CHEMBL2107,R-HSA-1474165,Reproduction
CHEMBL2107,R-HSA-162582,Signal Transduction
CHEMBL2107,R-HSA-162587,HIV Life Cycle
CHEMBL2107,R-HSA-162594,Early Phase of HIV Life Cycle
CHEMBL2107,R-HSA-162906,HIV Infection
CHEMBL2107,R-HSA-1643685,Disease
CHEMBL2107,R-HSA-173107,Binding and entry of HIV virion
CHEMBL2107,R-HSA-372790,Signaling by GPCR
CHEMBL2107,R-HSA-373076,Class A/1 (Rhodopsin-like receptors)
CHEMBL2107,R-HSA-375276,Peptide ligand-binding receptors
CHEMBL2107,R-HSA-376176,Signaling by ROBO receptors
CHEMBL2107,R-HSA-380108,Chemokine receptors bind chemokines
CHEMBL2107,R-HSA-388396,GPCR downstream signalling
CHEMBL2107,R-HSA-418594,G alpha (i) signalling events
CHEMBL2107,R-HSA-422475,Axon guidance
CHEMBL2107,R-HSA-500792,GPCR ligand binding
CHEMBL2107,R-HSA-5663205,Infectious disease
CHEMBL2107,R-HSA-9675108,Nervous system development
CHEMBL2107,R-HSA-9734767,Developmental Cell Lineages
CHEMBL2107,R-HSA-9758941,Gastrulation
CHEMBL2107,R-HSA-9820448,Developmental Cell Lineages of the Exocrine Pancreas
CHEMBL2107,R-HSA-9823730,Formation of definitive endoderm
CHEMBL2107,R-HSA-9824446,Viral Infection Pathways
CHEMBL2107,R-HSA-9827857,Specification of primordial germ cells
CHEMBL2107,R-HSA-9937080,Developmental Lineage of Multipotent Pancreatic Progenitor Cells
CHEMBL2108,R-HSA-112382,Formation of RNA Pol II elongation complex 
CHEMBL2108,R-HSA-162582,Signal Transduction
CHEMBL2108,R-HSA-162587,HIV Life Cycle
CHEMBL2108,R-HSA-162599,Late Phase of HIV Life Cycle
CHEMBL2108,R-HSA-162906,HIV Infection
CHEMBL2108,R-HSA-162909,Host Interactions of HIV factors
CHEMBL2108,R-HSA-1643685,Disease
CHEMBL2108,R-HSA-167152,Formation of HIV elongation complex in the absence of HIV Tat
CHEMBL2108,R-HSA-167169,HIV Transcription Elongation
CHEMBL2108,R-HSA-167172,Transcription of the HIV genome
CHEMBL2108,R-HSA-167200,Formation of HIV-1 elongation complex containing HIV-1 Tat
CHEMBL2108,R-HSA-167238,Pausing and recovery of Tat-mediated HIV elongation
CHEMBL2108,R-HSA-167243,Tat-mediated HIV elongation arrest and recovery
CHEMBL2108,R-HSA-167246,Tat-mediated elongation of the HIV-1 transcript
CHEMBL2108,R-HSA-167287,HIV elongation arrest and recovery
CHEMBL2108,R-HSA-167290,Pausing and recovery of HIV elongation
CHEMBL2108,R-HSA-170834,Signaling by TGF-beta Receptor Complex
CHEMBL2108,R-HSA-176034,Interactions of Tat with host cellular proteins
CHEMBL2108,R-HSA-212436,Generic Transcription Pathway
CHEMBL2108,R-HSA-2173793,Transcriptional activity of SMAD2/SMAD3:SMAD4 heterotrimer
CHEMBL2108,R-HSA-2173796,SMAD2/SMAD3:SMAD4 heterotrimer regulates transcription
CHEMBL2108,R-HSA-3700989,Transcriptional Regulation by TP53
CHEMBL2108,R-HSA-5663205,Infectious disease
CHEMBL2108,R-HSA-674695,RNA Polymerase II Pre-transcription Events
CHEMBL2108,R-HSA-6796648,TP53 Regulates Transcription of DNA Repair Genes
CHEMBL2108,R-HSA-6807505,RNA polymerase II transcribes snRNA genes
CHEMBL2108,R-HSA-73857,RNA Polymerase II Transcription
CHEMBL2108,R-HSA-74160,Gene expression (Transcription)
CHEMBL2108,R-HSA-75955,RNA Polymerase II Transcription Elongation
CHEMBL2108,R-HSA-8939211,ESR-mediated signaling
CHEMBL2108,R-HSA-9006931,Signaling by Nuclear Receptors
CHEMBL2108,R-HSA-9006936,Signaling by TGFB family members
CHEMBL2108,R-HSA-9018519,Estrogen-dependent gene expression
CHEMBL2108,R-HSA-9824446,Viral Infection Pathways
CHEMBL2109,R-HSA-1280215,Cytokine Signaling in Immune system
CHEMBL2109,R-HSA-1643685,Disease
CHEMBL2109,R-HSA-166016,Toll Like Receptor 4 (TLR4) Cascade
CHEMBL2109,R-HSA-166058,MyD88:MAL(TIRAP) cascade initiated on plasma membrane
CHEMBL2109,R-HSA-166166,MyD88-independent TLR4 cascade 
CHEMBL2109,R-HSA-168138,Toll Like Receptor 9 (TLR9) Cascade
CHEMBL2109,R-HSA-168142,Toll Like Receptor 10 (TLR10) Cascade
CHEMBL2109,R-HSA-168164,Toll Like Receptor 3 (TLR3) Cascade
CHEMBL2109,R-HSA-168176,Toll Like Receptor 5 (TLR5) Cascade
CHEMBL2109,R-HSA-168179,Toll Like Receptor TLR1:TLR2 Cascade
CHEMBL2109,R-HSA-168181,Toll Like Receptor 7/8 (TLR7/8) Cascade
CHEMBL2109,R-HSA-168188,Toll Like Receptor TLR6:TLR2 Cascade
CHEMBL2109,R-HSA-168249,Innate Immune System
CHEMBL2109,R-HSA-168256,Immune System
CHEMBL2109,R-HSA-168898,Toll-like Receptor Cascades
CHEMBL2109,R-HSA-181438,Toll Like Receptor 2 (TLR2) Cascade
CHEMBL2109,R-HSA-2262752,Cellular responses to stress
CHEMBL2109,R-HSA-2559580,Oxidative Stress Induced Senescence
CHEMBL2109,R-HSA-2559583,Cellular Senescence
CHEMBL2109,R-HSA-448424,Interleukin-17 signaling
CHEMBL2109,R-HSA-449147,Signaling by Interleukins
CHEMBL2109,R-HSA-450294,MAP kinase activation
CHEMBL2109,R-HSA-450302,activated TAK1 mediates p38 MAPK activation
CHEMBL2109,R-HSA-5210891,Uptake and function of anthrax toxins
CHEMBL2109,R-HSA-5339562,Uptake and actions of bacterial toxins
CHEMBL2109,R-HSA-5663205,Infectious disease
CHEMBL2109,R-HSA-8953897,Cellular responses to stimuli
CHEMBL2109,R-HSA-937061,TRIF (TICAM1)-mediated TLR4 signaling 
CHEMBL2109,R-HSA-975138,TRAF6 mediated induction of NFkB and MAP kinases upon TLR7/8 or 9 activation
CHEMBL2109,R-HSA-975155,MyD88 dependent cascade initiated on endosome
CHEMBL2109,R-HSA-975871,MyD88 cascade initiated on plasma membrane
CHEMBL2109,R-HSA-9824439,Bacterial Infection Pathways
CHEMBL2114,R-HSA-162582,Signal Transduction
CHEMBL2114,R-HSA-372790,Signaling by GPCR
CHEMBL2114,R-HSA-373076,Class A/1 (Rhodopsin-like receptors)
CHEMBL2114,R-HSA-388396,GPCR downstream signalling
CHEMBL2114,R-HSA-417973,Adenosine P1 receptors
CHEMBL2114,R-HSA-418038,Nucleotide-like (purinergic) receptors
CHEMBL2114,R-HSA-418594,G alpha (i) signalling events
CHEMBL2114,R-HSA-500792,GPCR ligand binding
CHEMBL2116,R-HSA-112314,Neurotransmitter receptors and postsynaptic signal transmission
CHEMBL2116,R-HSA-112315,Transmission across Chemical Synapses
CHEMBL2116,R-HSA-112316,Neuronal System
CHEMBL2116,R-HSA-1280218,Adaptive Immune System
CHEMBL2116,R-HSA-1430728,Metabolism
CHEMBL2116,R-HSA-1445148,Translocation of SLC2A4 (GLUT4) to the plasma membrane
CHEMBL2116,R-HSA-1592230,Mitochondrial biogenesis
CHEMBL2116,R-HSA-162582,Signal Transduction
CHEMBL2116,R-HSA-1632852,Macroautophagy
CHEMBL2116,R-HSA-163680,AMPK inhibits chREBP transcriptional activation activity
CHEMBL2116,R-HSA-163685,Integration of energy metabolism
CHEMBL2116,R-HSA-165159,MTOR signalling
CHEMBL2116,R-HSA-168256,Immune System
CHEMBL2116,R-HSA-1852241,Organelle biogenesis and maintenance
CHEMBL2116,R-HSA-199991,Membrane Trafficking
CHEMBL2116,R-HSA-200425,Carnitine shuttle
CHEMBL2116,R-HSA-212436,Generic Transcription Pathway
CHEMBL2116,R-HSA-2151209,Activation of PPARGC1A (PGC-1alpha) by phosphorylation
CHEMBL2116,R-HSA-2262752,Cellular responses to stress
CHEMBL2116,R-HSA-3700989,Transcriptional Regulation by TP53
CHEMBL2116,R-HSA-380972,Energy dependent regulation of mTOR by LKB1-AMPK
CHEMBL2116,R-HSA-388841,Regulation of T cell activation by CD28 family
CHEMBL2116,R-HSA-389948,Co-inhibition by PD-1
CHEMBL2116,R-HSA-438064,Post NMDA receptor activation events
CHEMBL2116,R-HSA-442755,Activation of NMDA receptors and postsynaptic events
CHEMBL2116,R-HSA-556833,Metabolism of lipids
CHEMBL2116,R-HSA-5628897,TP53 Regulates Metabolic Genes
CHEMBL2116,R-HSA-5633007,Regulation of TP53 Activity
CHEMBL2116,R-HSA-5653656,Vesicle-mediated transport
CHEMBL2116,R-HSA-6804756,Regulation of TP53 Activity through Phosphorylation
CHEMBL2116,R-HSA-73857,RNA Polymerase II Transcription
CHEMBL2116,R-HSA-74160,Gene expression (Transcription)
CHEMBL2116,R-HSA-8953897,Cellular responses to stimuli
CHEMBL2116,R-HSA-8978868,Fatty acid metabolism
CHEMBL2116,R-HSA-9612973,Autophagy
CHEMBL2116,R-HSA-9613354,Lipophagy
CHEMBL2116,R-HSA-9619483,Activation of AMPK downstream of NMDARs
CHEMBL2116,R-HSA-9663891,Selective autophagy
CHEMBL2116,R-HSA-9711123,Cellular response to chemical stress
CHEMBL2116,R-HSA-9755511,KEAP1-NFE2L2 pathway
CHEMBL2116,R-HSA-9759194,Nuclear events mediated by NFE2L2
CHEMBL2116,R-HSA-9909615,Regulation of PD-L1(CD274) Post-translational modification
CHEMBL2116,R-HSA-9909648,Regulation of PD-L1(CD274) expression
CHEMBL2116,R-HSA-9931269,AMPK-induced ERAD and lysosome mediated degradation of PD-L1(CD274)
CHEMBL2117,R-HSA-112314,Neurotransmitter receptors and postsynaptic signal transmission
CHEMBL2117,R-HSA-112315,Transmission across Chemical Synapses
CHEMBL2117,R-HSA-112316,Neuronal System
CHEMBL2117,R-HSA-1280218,Adaptive Immune System
CHEMBL2117,R-HSA-1430728,Metabolism
CHEMBL2117,R-HSA-1445148,Translocation of SLC2A4 (GLUT4) to the plasma membrane
CHEMBL2117,R-HSA-1592230,Mitochondrial biogenesis
CHEMBL2117,R-HSA-162582,Signal Transduction
CHEMBL2117,R-HSA-1632852,Macroautophagy
CHEMBL2117,R-HSA-163680,AMPK inhibits chREBP transcriptional activation activity
CHEMBL2117,R-HSA-163685,Integration of energy metabolism
CHEMBL2117,R-HSA-165159,MTOR signalling
CHEMBL2117,R-HSA-168256,Immune System
CHEMBL2117,R-HSA-1852241,Organelle biogenesis and maintenance
CHEMBL2117,R-HSA-199991,Membrane Trafficking
CHEMBL2117,R-HSA-200425,Carnitine shuttle
CHEMBL2117,R-HSA-212436,Generic Transcription Pathway
CHEMBL2117,R-HSA-2151209,Activation of PPARGC1A (PGC-1alpha) by phosphorylation
CHEMBL2117,R-HSA-3700989,Transcriptional Regulation by TP53
CHEMBL2117,R-HSA-380972,Energy dependent regulation of mTOR by LKB1-AMPK
CHEMBL2117,R-HSA-388841,Regulation of T cell activation by CD28 family
CHEMBL2117,R-HSA-389948,Co-inhibition by PD-1
CHEMBL2117,R-HSA-438064,Post NMDA receptor activation events
CHEMBL2117,R-HSA-442755,Activation of NMDA receptors and postsynaptic events
CHEMBL2117,R-HSA-556833,Metabolism of lipids
CHEMBL2117,R-HSA-5628897,TP53 Regulates Metabolic Genes
CHEMBL2117,R-HSA-5633007,Regulation of TP53 Activity
CHEMBL2117,R-HSA-5653656,Vesicle-mediated transport
CHEMBL2117,R-HSA-6804756,Regulation of TP53 Activity through Phosphorylation
CHEMBL2117,R-HSA-73857,RNA Polymerase II Transcription
CHEMBL2117,R-HSA-74160,Gene expression (Transcription)
CHEMBL2117,R-HSA-8978868,Fatty acid metabolism
CHEMBL2117,R-HSA-9612973,Autophagy
CHEMBL2117,R-HSA-9613354,Lipophagy
CHEMBL2117,R-HSA-9619483,Activation of AMPK downstream of NMDARs
CHEMBL2117,R-HSA-9663891,Selective autophagy
CHEMBL2117,R-HSA-9909615,Regulation of PD-L1(CD274) Post-translational modification
CHEMBL2117,R-HSA-9909648,Regulation of PD-L1(CD274) expression
CHEMBL2117,R-HSA-9931269,AMPK-induced ERAD and lysosome mediated degradation of PD-L1(CD274)
CHEMBL212,R-HSA-109582,Hemostasis
CHEMBL212,R-HSA-114608,Platelet degranulation 
CHEMBL212,R-HSA-1266738,Developmental Biology
CHEMBL212,R-HSA-1474244,Extracellular matrix organization
CHEMBL212,R-HSA-162582,Signal Transduction
CHEMBL212,R-HSA-1643685,Disease
CHEMBL212,R-HSA-212436,Generic Transcription Pathway
CHEMBL212,R-HSA-216083,Integrin cell surface interactions
CHEMBL212,R-HSA-3000178,ECM proteoglycans
CHEMBL212,R-HSA-354192,Integrin signaling
CHEMBL212,R-HSA-354194,GRB2:SOS provides linkage to MAPK signaling for Integrins 
CHEMBL212,R-HSA-372708,p130Cas linkage to MAPK signaling for integrins
CHEMBL212,R-HSA-373760,L1CAM interactions
CHEMBL212,R-HSA-422475,Axon guidance
CHEMBL212,R-HSA-445144,Signal transduction by L1
CHEMBL212,R-HSA-5663202,Diseases of signal transduction by growth factor receptors and second messengers
CHEMBL212,R-HSA-5673001,RAF/MAP kinase cascade
CHEMBL212,R-HSA-5674135,MAP2K and MAPK activation
CHEMBL212,R-HSA-5683057,MAPK family signaling cascades
CHEMBL212,R-HSA-5684996,MAPK1/MAPK3 signaling
CHEMBL212,R-HSA-6802946,Signaling by moderate kinase activity BRAF mutants
CHEMBL212,R-HSA-6802948,Signaling by high-kinase activity BRAF mutants
CHEMBL212,R-HSA-6802949,Signaling by RAS mutants
CHEMBL212,R-HSA-6802952,Signaling by BRAF and RAF1 fusions
CHEMBL212,R-HSA-6802955,Paradoxical activation of RAF signaling by kinase inactive BRAF
CHEMBL212,R-HSA-6802957,Oncogenic MAPK signaling
CHEMBL212,R-HSA-73857,RNA Polymerase II Transcription
CHEMBL212,R-HSA-74160,Gene expression (Transcription)
CHEMBL212,R-HSA-76002,"Platelet activation, signaling and aggregation"
CHEMBL212,R-HSA-76005,Response to elevated platelet cytosolic Ca2+
CHEMBL212,R-HSA-76009,Platelet Aggregation (Plug Formation)
CHEMBL212,R-HSA-8878171,Transcriptional regulation by RUNX1
CHEMBL212,R-HSA-8936459,RUNX1 regulates genes involved in megakaryocyte differentiation and platelet function
CHEMBL212,R-HSA-9649948,Signaling downstream of RAS mutants
CHEMBL212,R-HSA-9656223,Signaling by RAF1 mutants
CHEMBL212,R-HSA-9675108,Nervous system development
CHEMBL2120,R-HSA-109704,PI3K Cascade
CHEMBL2120,R-HSA-112399,IRS-mediated signalling
CHEMBL2120,R-HSA-1226099,Signaling by FGFR in disease
CHEMBL2120,R-HSA-1257604,PIP3 activates AKT signaling
CHEMBL2120,R-HSA-162582,Signal Transduction
CHEMBL2120,R-HSA-1643685,Disease
CHEMBL2120,R-HSA-1839122,Signaling by activated point mutants of FGFR1
CHEMBL2120,R-HSA-1839124,FGFR1 mutant receptor activation
CHEMBL2120,R-HSA-1839126,FGFR2 mutant receptor activation
CHEMBL2120,R-HSA-1839130,Signaling by activated point mutants of FGFR3
CHEMBL2120,R-HSA-190236,Signaling by FGFR
CHEMBL2120,R-HSA-190239,FGFR3 ligand binding and activation
CHEMBL2120,R-HSA-190241,FGFR2 ligand binding and activation
CHEMBL2120,R-HSA-190242,FGFR1 ligand binding and activation
CHEMBL2120,R-HSA-190322,FGFR4 ligand binding and activation
CHEMBL2120,R-HSA-190370,FGFR1b ligand binding and activation
CHEMBL2120,R-HSA-190371,FGFR3b ligand binding and activation
CHEMBL2120,R-HSA-190372,FGFR3c ligand binding and activation
CHEMBL2120,R-HSA-190373,FGFR1c ligand binding and activation
CHEMBL2120,R-HSA-190375,FGFR2c ligand binding and activation
CHEMBL2120,R-HSA-190377,FGFR2b ligand binding and activation
CHEMBL2120,R-HSA-199418,Negative regulation of the PI3K/AKT network
CHEMBL2120,R-HSA-2033514,FGFR3 mutant receptor activation
CHEMBL2120,R-HSA-2033519,Activated point mutants of FGFR2
CHEMBL2120,R-HSA-2219528,PI3K/AKT Signaling in Cancer
CHEMBL2120,R-HSA-2219530,Constitutive Signaling by Aberrant PI3K in Cancer
CHEMBL2120,R-HSA-2404192,Signaling by Type 1 Insulin-like Growth Factor 1 Receptor (IGF1R)
CHEMBL2120,R-HSA-2428924,IGF1R signaling cascade
CHEMBL2120,R-HSA-2428928,IRS-related events triggered by IGF1R
CHEMBL2120,R-HSA-5654219,Phospholipase C-mediated cascade: FGFR1
CHEMBL2120,R-HSA-5654221,Phospholipase C-mediated cascade; FGFR2
CHEMBL2120,R-HSA-5654227,Phospholipase C-mediated cascade; FGFR3
CHEMBL2120,R-HSA-5654228,Phospholipase C-mediated cascade; FGFR4
CHEMBL2120,R-HSA-5654687,Downstream signaling of activated FGFR1
CHEMBL2120,R-HSA-5654688,SHC-mediated cascade:FGFR1
CHEMBL2120,R-HSA-5654689,PI-3K cascade:FGFR1
CHEMBL2120,R-HSA-5654693,FRS-mediated FGFR1 signaling
CHEMBL2120,R-HSA-5654695,PI-3K cascade:FGFR2
CHEMBL2120,R-HSA-5654696,Downstream signaling of activated FGFR2
CHEMBL2120,R-HSA-5654699,SHC-mediated cascade:FGFR2
CHEMBL2120,R-HSA-5654700,FRS-mediated FGFR2 signaling
CHEMBL2120,R-HSA-5654704,SHC-mediated cascade:FGFR3
CHEMBL2120,R-HSA-5654706,FRS-mediated FGFR3 signaling
CHEMBL2120,R-HSA-5654708,Downstream signaling of activated FGFR3
CHEMBL2120,R-HSA-5654710,PI-3K cascade:FGFR3
CHEMBL2120,R-HSA-5654712,FRS-mediated FGFR4 signaling
CHEMBL2120,R-HSA-5654716,Downstream signaling of activated FGFR4
CHEMBL2120,R-HSA-5654719,SHC-mediated cascade:FGFR4
CHEMBL2120,R-HSA-5654720,PI-3K cascade:FGFR4
CHEMBL2120,R-HSA-5654726,Negative regulation of FGFR1 signaling
CHEMBL2120,R-HSA-5654727,Negative regulation of FGFR2 signaling
CHEMBL2120,R-HSA-5654732,Negative regulation of FGFR3 signaling
CHEMBL2120,R-HSA-5654733,Negative regulation of FGFR4 signaling
CHEMBL2120,R-HSA-5654736,Signaling by FGFR1
CHEMBL2120,R-HSA-5654738,Signaling by FGFR2
CHEMBL2120,R-HSA-5654741,Signaling by FGFR3
CHEMBL2120,R-HSA-5654743,Signaling by FGFR4
CHEMBL2120,R-HSA-5655253,Signaling by FGFR2 in disease
CHEMBL2120,R-HSA-5655302,Signaling by FGFR1 in disease
CHEMBL2120,R-HSA-5655332,Signaling by FGFR3 in disease
CHEMBL2120,R-HSA-5663202,Diseases of signal transduction by growth factor receptors and second messengers
CHEMBL2120,R-HSA-5673001,RAF/MAP kinase cascade
CHEMBL2120,R-HSA-5683057,MAPK family signaling cascades
CHEMBL2120,R-HSA-5684996,MAPK1/MAPK3 signaling
CHEMBL2120,R-HSA-6811558,"PI5P, PP2A and IER3 Regulate PI3K/AKT Signaling"
CHEMBL2120,R-HSA-74751,Insulin receptor signalling cascade
CHEMBL2120,R-HSA-74752,Signaling by Insulin receptor
CHEMBL2120,R-HSA-8851708,Signaling by FGFR2 IIIa TM
CHEMBL2120,R-HSA-9006925,Intracellular signaling by second messengers
CHEMBL2120,R-HSA-9006934,Signaling by Receptor Tyrosine Kinases
CHEMBL2121,R-HSA-199977,ER to Golgi Anterograde Transport
CHEMBL2121,R-HSA-199991,Membrane Trafficking
CHEMBL2121,R-HSA-204005,COPII-mediated vesicle transport
CHEMBL2121,R-HSA-392499,Metabolism of proteins
CHEMBL2121,R-HSA-446203,Asparagine N-linked glycosylation
CHEMBL2121,R-HSA-5653656,Vesicle-mediated transport
CHEMBL2121,R-HSA-5694530,Cargo concentration in the ER
CHEMBL2121,R-HSA-597592,Post-translational protein modification
CHEMBL2121,R-HSA-6807878,COPI-mediated anterograde transport
CHEMBL2121,R-HSA-948021,Transport to the Golgi and subsequent modification
CHEMBL2123,R-HSA-162582,Signal Transduction
CHEMBL2123,R-HSA-372790,Signaling by GPCR
CHEMBL2123,R-HSA-373076,Class A/1 (Rhodopsin-like receptors)
CHEMBL2123,R-HSA-388396,GPCR downstream signalling
CHEMBL2123,R-HSA-417957,P2Y receptors
CHEMBL2123,R-HSA-418038,Nucleotide-like (purinergic) receptors
CHEMBL2123,R-HSA-418594,G alpha (i) signalling events
CHEMBL2123,R-HSA-500792,GPCR ligand binding
CHEMBL2127,R-HSA-174824,"Plasma lipoprotein assembly, remodeling, and clearance"
CHEMBL2127,R-HSA-382551,Transport of small molecules
CHEMBL2127,R-HSA-8963889,Assembly of active LPL and LIPC lipase complexes
CHEMBL2127,R-HSA-8963899,Plasma lipoprotein remodeling
CHEMBL2127,R-HSA-8964026,Chylomicron clearance
CHEMBL2127,R-HSA-8964043,Plasma lipoprotein clearance
CHEMBL213,R-HSA-162582,Signal Transduction
CHEMBL213,R-HSA-372790,Signaling by GPCR
CHEMBL213,R-HSA-373076,Class A/1 (Rhodopsin-like receptors)
CHEMBL213,R-HSA-375280,Amine ligand-binding receptors
CHEMBL213,R-HSA-388396,GPCR downstream signalling
CHEMBL213,R-HSA-390696,Adrenoceptors
CHEMBL213,R-HSA-418555,G alpha (s) signalling events
CHEMBL213,R-HSA-500792,GPCR ligand binding
CHEMBL2131,R-HSA-1430728,Metabolism
CHEMBL2131,R-HSA-2408522,Selenoamino acid metabolism
CHEMBL2131,R-HSA-2408552,Methylation of MeSeH for excretion
CHEMBL2131,R-HSA-71291,Metabolism of amino acids and derivatives
CHEMBL2139,R-HSA-381426,Regulation of Insulin-like Growth Factor (IGF) transport and uptake by Insulin-like Growth Factor Binding Proteins (IGFBPs)
CHEMBL2139,R-HSA-392499,Metabolism of proteins
CHEMBL2147,R-HSA-1169410,Antimicrobial mechanism of IFN-stimulated genes
CHEMBL2147,R-HSA-1280215,Cytokine Signaling in Immune system
CHEMBL2147,R-HSA-1643685,Disease
CHEMBL2147,R-HSA-168256,Immune System
CHEMBL2147,R-HSA-449147,Signaling by Interleukins
CHEMBL2147,R-HSA-5663202,Diseases of signal transduction by growth factor receptors and second messengers
CHEMBL2147,R-HSA-6785807,Interleukin-4 and Interleukin-13 signaling
CHEMBL2147,R-HSA-913531,Interferon Signaling
CHEMBL2147,R-HSA-9682385,FLT3 signaling in disease
CHEMBL2147,R-HSA-9702518,STAT5 activation downstream of FLT3 ITD mutants
CHEMBL2147,R-HSA-9703465,Signaling by FLT3 fusion proteins
CHEMBL2147,R-HSA-9703648,Signaling by FLT3 ITD and TKD mutants
CHEMBL2147,R-HSA-9953170,GBP-mediated host defense
CHEMBL2147,R-HSA-9968551,Regulation of GBP-mediated host defense
CHEMBL2148,R-HSA-1266695,Interleukin-7 signaling
CHEMBL2148,R-HSA-1280215,Cytokine Signaling in Immune system
CHEMBL2148,R-HSA-162582,Signal Transduction
CHEMBL2148,R-HSA-1643685,Disease
CHEMBL2148,R-HSA-168256,Immune System
CHEMBL2148,R-HSA-201556,Signaling by ALK
CHEMBL2148,R-HSA-449147,Signaling by Interleukins
CHEMBL2148,R-HSA-451927,Interleukin-2 family signaling
CHEMBL2148,R-HSA-512988,"Interleukin-3, Interleukin-5 and GM-CSF signaling"
CHEMBL2148,R-HSA-5663205,Infectious disease
CHEMBL2148,R-HSA-5673001,RAF/MAP kinase cascade
CHEMBL2148,R-HSA-5683057,MAPK family signaling cascades
CHEMBL2148,R-HSA-5684996,MAPK1/MAPK3 signaling
CHEMBL2148,R-HSA-6785807,Interleukin-4 and Interleukin-13 signaling
CHEMBL2148,R-HSA-8854691,Interleukin-20 family signaling
CHEMBL2148,R-HSA-8983432,Interleukin-15 signaling
CHEMBL2148,R-HSA-8985947,Interleukin-9 signaling
CHEMBL2148,R-HSA-9006934,Signaling by Receptor Tyrosine Kinases
CHEMBL2148,R-HSA-9020558,Interleukin-2 signaling
CHEMBL2148,R-HSA-9020958,Interleukin-21 signaling
CHEMBL2148,R-HSA-912526,Interleukin receptor SHC signaling
CHEMBL2148,R-HSA-9679191,Potential therapeutics for SARS
CHEMBL2148,R-HSA-9679506,SARS-CoV Infections
CHEMBL2148,R-HSA-9824446,Viral Infection Pathways
CHEMBL215,R-HSA-1280215,Cytokine Signaling in Immune system
CHEMBL215,R-HSA-1430728,Metabolism
CHEMBL215,R-HSA-168249,Innate Immune System
CHEMBL215,R-HSA-168256,Immune System
CHEMBL215,R-HSA-2142688,Synthesis of 5-eicosatetraenoic acids
CHEMBL215,R-HSA-2142691,Synthesis of Leukotrienes (LT) and Eoxins (EX)
CHEMBL215,R-HSA-2142700,Biosynthesis of Lipoxins (LX)
CHEMBL215,R-HSA-2142753,Arachidonate metabolism
CHEMBL215,R-HSA-446652,Interleukin-1 family signaling
CHEMBL215,R-HSA-449147,Signaling by Interleukins
CHEMBL215,R-HSA-556833,Metabolism of lipids
CHEMBL215,R-HSA-6785807,Interleukin-4 and Interleukin-13 signaling
CHEMBL215,R-HSA-6798695,Neutrophil degranulation
CHEMBL215,R-HSA-8978868,Fatty acid metabolism
CHEMBL215,R-HSA-9012546,Interleukin-18 signaling
CHEMBL215,R-HSA-9018676,Biosynthesis of D-series resolvins
CHEMBL215,R-HSA-9018677,Biosynthesis of DHA-derived SPMs
CHEMBL215,R-HSA-9018678,Biosynthesis of specialized proresolving mediators (SPMs)
CHEMBL215,R-HSA-9018679,Biosynthesis of EPA-derived SPMs
CHEMBL215,R-HSA-9018682,Biosynthesis of maresins
CHEMBL215,R-HSA-9018683,Biosynthesis of DPA-derived SPMs
CHEMBL215,R-HSA-9018896,Biosynthesis of E-series 18(S)-resolvins
CHEMBL215,R-HSA-9020265,Biosynthesis of aspirin-triggered D-series resolvins
CHEMBL215,R-HSA-9023661,Biosynthesis of E-series 18(R)-resolvins
CHEMBL215,R-HSA-9025094,Biosynthesis of DPAn-3 SPMs
CHEMBL215,R-HSA-9026286,Biosynthesis of DPAn-3-derived protectins and resolvins
CHEMBL215,R-HSA-9026290,Biosynthesis of DPAn-3-derived maresins
CHEMBL215,R-HSA-9026403,Biosynthesis of DPAn-3-derived 13-series resolvins
CHEMBL215,R-HSA-9027604,Biosynthesis of electrophilic ω-3 PUFA oxo-derivatives
CHEMBL2156,R-HSA-397014,Muscle contraction
CHEMBL2156,R-HSA-5576891,Cardiac conduction
CHEMBL2156,R-HSA-5578768,Physiological factors
CHEMBL2158,R-HSA-1461973,Defensins
CHEMBL2158,R-HSA-1462054,Alpha-defensins
CHEMBL2158,R-HSA-168249,Innate Immune System
CHEMBL2158,R-HSA-168256,Immune System
CHEMBL2158,R-HSA-6803157,Antimicrobial peptides
CHEMBL2159,R-HSA-1430728,Metabolism
CHEMBL2159,R-HSA-15869,Metabolism of nucleotides
CHEMBL2159,R-HSA-499943,Interconversion of nucleotide di- and triphosphates
CHEMBL2159,R-HSA-9748784,Drug ADME
CHEMBL2159,R-HSA-9748787,Azathioprine ADME
CHEMBL2159,R-HSA-9755088,Ribavirin ADME
CHEMBL216,R-HSA-162582,Signal Transduction
CHEMBL216,R-HSA-372790,Signaling by GPCR
CHEMBL216,R-HSA-373076,Class A/1 (Rhodopsin-like receptors)
CHEMBL216,R-HSA-375280,Amine ligand-binding receptors
CHEMBL216,R-HSA-388396,GPCR downstream signalling
CHEMBL216,R-HSA-390648,Muscarinic acetylcholine receptors
CHEMBL216,R-HSA-416476,G alpha (q) signalling events
CHEMBL216,R-HSA-500792,GPCR ligand binding
CHEMBL2160,R-HSA-1430728,Metabolism
CHEMBL2160,R-HSA-15869,Metabolism of nucleotides
CHEMBL2160,R-HSA-168249,Innate Immune System
CHEMBL2160,R-HSA-168256,Immune System
CHEMBL2160,R-HSA-499943,Interconversion of nucleotide di- and triphosphates
CHEMBL2160,R-HSA-6798695,Neutrophil degranulation
CHEMBL2160,R-HSA-9748784,Drug ADME
CHEMBL2160,R-HSA-9748787,Azathioprine ADME
CHEMBL2160,R-HSA-9755088,Ribavirin ADME
CHEMBL2161,R-HSA-1430728,Metabolism
CHEMBL2161,R-HSA-156580,Phase II - Conjugation of compounds
CHEMBL2161,R-HSA-156590,Glutathione conjugation
CHEMBL2161,R-HSA-196836,Vitamin C (ascorbate) metabolism
CHEMBL2161,R-HSA-196849,Metabolism of water-soluble vitamins and cofactors
CHEMBL2161,R-HSA-196854,Metabolism of vitamins and cofactors
CHEMBL2161,R-HSA-211859,Biological oxidations
CHEMBL2164,R-HSA-111885,Opioid Signalling
CHEMBL2164,R-HSA-1430728,Metabolism
CHEMBL2164,R-HSA-162582,Signal Transduction
CHEMBL2164,R-HSA-163560,Triglyceride catabolism
CHEMBL2164,R-HSA-1643685,Disease
CHEMBL2164,R-HSA-170834,Signaling by TGF-beta Receptor Complex
CHEMBL2164,R-HSA-180024,DARPP-32 events
CHEMBL2164,R-HSA-2173788,Downregulation of TGF-beta receptor signaling
CHEMBL2164,R-HSA-2173789,TGF-beta receptor signaling activates SMADs
CHEMBL2164,R-HSA-372790,Signaling by GPCR
CHEMBL2164,R-HSA-388396,GPCR downstream signalling
CHEMBL2164,R-HSA-418594,G alpha (i) signalling events
CHEMBL2164,R-HSA-556833,Metabolism of lipids
CHEMBL2164,R-HSA-5663205,Infectious disease
CHEMBL2164,R-HSA-72187,mRNA 3'-end processing
CHEMBL2164,R-HSA-72203,Processing of Capped Intron-Containing Pre-mRNA
CHEMBL2164,R-HSA-8953854,Metabolism of RNA
CHEMBL2164,R-HSA-8979227,Triglyceride metabolism
CHEMBL2164,R-HSA-9006936,Signaling by TGFB family members
CHEMBL2164,R-HSA-9770562,mRNA Polyadenylation
CHEMBL2164,R-HSA-9820952,Respiratory Syncytial Virus Infection Pathway
CHEMBL2164,R-HSA-9820965,"Respiratory syncytial virus (RSV) genome replication, transcription and translation"
CHEMBL2164,R-HSA-9824446,Viral Infection Pathways
CHEMBL2164,R-HSA-9828806,Maturation of hRSV A proteins
CHEMBL2164,R-HSA-9909396,Circadian clock
CHEMBL2164,R-HSA-9931530,Phosphorylation and nuclear translocation of the CRY:PER:kinase complex
CHEMBL2167,R-HSA-109582,Hemostasis
CHEMBL2167,R-HSA-112314,Neurotransmitter receptors and postsynaptic signal transmission
CHEMBL2167,R-HSA-112315,Transmission across Chemical Synapses
CHEMBL2167,R-HSA-112316,Neuronal System
CHEMBL2167,R-HSA-112399,IRS-mediated signalling
CHEMBL2167,R-HSA-112412,SOS-mediated signalling
CHEMBL2167,R-HSA-1168372,Downstream signaling events of B Cell Receptor (BCR)
CHEMBL2167,R-HSA-1169092,Activation of RAS in B cells
CHEMBL2167,R-HSA-1226099,Signaling by FGFR in disease
CHEMBL2167,R-HSA-1227986,Signaling by ERBB2
CHEMBL2167,R-HSA-1227990,Signaling by ERBB2 in Cancer
CHEMBL2167,R-HSA-1236382,Constitutive Signaling by Ligand-Responsive EGFR Cancer Variants
CHEMBL2167,R-HSA-1236394,Signaling by ERBB4
CHEMBL2167,R-HSA-1250196,SHC1 events in ERBB2 signaling
CHEMBL2167,R-HSA-1250347,SHC1 events in ERBB4 signaling
CHEMBL2167,R-HSA-1266738,Developmental Biology
CHEMBL2167,R-HSA-1280215,Cytokine Signaling in Immune system
CHEMBL2167,R-HSA-1280218,Adaptive Immune System
CHEMBL2167,R-HSA-1433557,Signaling by SCF-KIT
CHEMBL2167,R-HSA-162582,Signal Transduction
CHEMBL2167,R-HSA-1643685,Disease
CHEMBL2167,R-HSA-1643713,Signaling by EGFR in Cancer
CHEMBL2167,R-HSA-166520,Signaling by NTRKs
CHEMBL2167,R-HSA-167044,Signalling to RAS
CHEMBL2167,R-HSA-168249,Innate Immune System
CHEMBL2167,R-HSA-168256,Immune System
CHEMBL2167,R-HSA-171007,p38MAPK events
CHEMBL2167,R-HSA-177929,Signaling by EGFR
CHEMBL2167,R-HSA-179812,GRB2 events in EGFR signaling
CHEMBL2167,R-HSA-180336,SHC1 events in EGFR signaling
CHEMBL2167,R-HSA-186763,Downstream signal transduction
CHEMBL2167,R-HSA-186797,Signaling by PDGF
CHEMBL2167,R-HSA-187037,Signaling by NTRK1 (TRKA)
CHEMBL2167,R-HSA-187687,Signalling to ERKs
CHEMBL2167,R-HSA-190236,Signaling by FGFR
CHEMBL2167,R-HSA-194138,Signaling by VEGF
CHEMBL2167,R-HSA-1963640,GRB2 events in ERBB2 signaling
CHEMBL2167,R-HSA-202733,Cell surface interactions at the vascular wall
CHEMBL2167,R-HSA-210993,Tie2 Signaling
CHEMBL2167,R-HSA-2172127,DAP12 interactions
CHEMBL2167,R-HSA-2179392,EGFR Transactivation by Gastrin
CHEMBL2167,R-HSA-2404192,Signaling by Type 1 Insulin-like Growth Factor 1 Receptor (IGF1R)
CHEMBL2167,R-HSA-2424491,DAP12 signaling
CHEMBL2167,R-HSA-2428924,IGF1R signaling cascade
CHEMBL2167,R-HSA-2428928,IRS-related events triggered by IGF1R
CHEMBL2167,R-HSA-2428933,SHC-related events triggered by IGF1R
CHEMBL2167,R-HSA-2454202,Fc epsilon receptor (FCERI) signaling
CHEMBL2167,R-HSA-2682334,EPH-Ephrin signaling
CHEMBL2167,R-HSA-2871796,FCERI mediated MAPK activation
CHEMBL2167,R-HSA-372790,Signaling by GPCR
CHEMBL2167,R-HSA-375165,NCAM signaling for neurite out-growth
CHEMBL2167,R-HSA-388396,GPCR downstream signalling
CHEMBL2167,R-HSA-3928662,EPHB-mediated forward signaling
CHEMBL2167,R-HSA-416476,G alpha (q) signalling events
CHEMBL2167,R-HSA-422475,Axon guidance
CHEMBL2167,R-HSA-438064,Post NMDA receptor activation events
CHEMBL2167,R-HSA-4420097,VEGFA-VEGFR2 Pathway
CHEMBL2167,R-HSA-442742,CREB1 phosphorylation through NMDA receptor-mediated activation of RAS signaling
CHEMBL2167,R-HSA-442755,Activation of NMDA receptors and postsynaptic events
CHEMBL2167,R-HSA-442982,Ras activation upon Ca2+ influx through NMDA receptor
CHEMBL2167,R-HSA-5218921,VEGFR2 mediated cell proliferation
CHEMBL2167,R-HSA-5621481,C-type lectin receptors (CLRs)
CHEMBL2167,R-HSA-5621575,CD209 (DC-SIGN) signaling
CHEMBL2167,R-HSA-5637810,Constitutive Signaling by EGFRvIII
CHEMBL2167,R-HSA-5637812,Signaling by EGFRvIII in Cancer
CHEMBL2167,R-HSA-5637815,Signaling by Ligand-Responsive EGFR Variants in Cancer
CHEMBL2167,R-HSA-5654687,Downstream signaling of activated FGFR1
CHEMBL2167,R-HSA-5654688,SHC-mediated cascade:FGFR1
CHEMBL2167,R-HSA-5654693,FRS-mediated FGFR1 signaling
CHEMBL2167,R-HSA-5654696,Downstream signaling of activated FGFR2
CHEMBL2167,R-HSA-5654699,SHC-mediated cascade:FGFR2
CHEMBL2167,R-HSA-5654700,FRS-mediated FGFR2 signaling
CHEMBL2167,R-HSA-5654704,SHC-mediated cascade:FGFR3
CHEMBL2167,R-HSA-5654706,FRS-mediated FGFR3 signaling
CHEMBL2167,R-HSA-5654708,Downstream signaling of activated FGFR3
CHEMBL2167,R-HSA-5654712,FRS-mediated FGFR4 signaling
CHEMBL2167,R-HSA-5654716,Downstream signaling of activated FGFR4
CHEMBL2167,R-HSA-5654719,SHC-mediated cascade:FGFR4
CHEMBL2167,R-HSA-5654736,Signaling by FGFR1
CHEMBL2167,R-HSA-5654738,Signaling by FGFR2
CHEMBL2167,R-HSA-5654741,Signaling by FGFR3
CHEMBL2167,R-HSA-5654743,Signaling by FGFR4
CHEMBL2167,R-HSA-5655253,Signaling by FGFR2 in disease
CHEMBL2167,R-HSA-5655291,Signaling by FGFR4 in disease
CHEMBL2167,R-HSA-5655302,Signaling by FGFR1 in disease
CHEMBL2167,R-HSA-5655332,Signaling by FGFR3 in disease
CHEMBL2167,R-HSA-5658442,Regulation of RAS by GAPs
CHEMBL2167,R-HSA-5663202,Diseases of signal transduction by growth factor receptors and second messengers
CHEMBL2167,R-HSA-5673000,RAF activation
CHEMBL2167,R-HSA-5673001,RAF/MAP kinase cascade
CHEMBL2167,R-HSA-5674135,MAP2K and MAPK activation
CHEMBL2167,R-HSA-5675221,Negative regulation of MAPK pathway
CHEMBL2167,R-HSA-5683057,MAPK family signaling cascades
CHEMBL2167,R-HSA-5684996,MAPK1/MAPK3 signaling
CHEMBL2167,R-HSA-6802946,Signaling by moderate kinase activity BRAF mutants
CHEMBL2167,R-HSA-6802948,Signaling by high-kinase activity BRAF mutants
CHEMBL2167,R-HSA-6802949,Signaling by RAS mutants
CHEMBL2167,R-HSA-6802952,Signaling by BRAF and RAF1 fusions
CHEMBL2167,R-HSA-6802953,RAS signaling downstream of NF1 loss-of-function variants
CHEMBL2167,R-HSA-6802955,Paradoxical activation of RAF signaling by kinase inactive BRAF
CHEMBL2167,R-HSA-6802957,Oncogenic MAPK signaling
CHEMBL2167,R-HSA-6806834,Signaling by MET
CHEMBL2167,R-HSA-74751,Insulin receptor signalling cascade
CHEMBL2167,R-HSA-74752,Signaling by Insulin receptor
CHEMBL2167,R-HSA-881907,Gastrin-CREB signalling pathway via PKC and MAPK
CHEMBL2167,R-HSA-8848021,Signaling by PTK6
CHEMBL2167,R-HSA-8849471,"PTK6 Regulates RHO GTPases, RAS GTPase and MAP kinases"
CHEMBL2167,R-HSA-8851805,MET activates RAS signaling
CHEMBL2167,R-HSA-8939211,ESR-mediated signaling
CHEMBL2167,R-HSA-9006115,Signaling by NTRK2 (TRKB)
CHEMBL2167,R-HSA-9006335,Signaling by Erythropoietin
CHEMBL2167,R-HSA-9006927,Signaling by Non-Receptor Tyrosine Kinases
CHEMBL2167,R-HSA-9006931,Signaling by Nuclear Receptors
CHEMBL2167,R-HSA-9006934,Signaling by Receptor Tyrosine Kinases
CHEMBL2167,R-HSA-9009391,Extra-nuclear estrogen signaling
CHEMBL2167,R-HSA-9026519,Activated NTRK2 signals through RAS
CHEMBL2167,R-HSA-9027284,Erythropoietin activates RAS
CHEMBL2167,R-HSA-9028731,Activated NTRK2 signals through FRS2 and FRS3
CHEMBL2167,R-HSA-9034015,Signaling by NTRK3 (TRKC)
CHEMBL2167,R-HSA-9034864,Activated NTRK3 signals through RAS
CHEMBL2167,R-HSA-9607240,FLT3 Signaling
CHEMBL2167,R-HSA-9634285,Constitutive Signaling by Overexpressed ERBB2
CHEMBL2167,R-HSA-9634635,Estrogen-stimulated signaling through PRKCZ
CHEMBL2167,R-HSA-9648002,RAS processing
CHEMBL2167,R-HSA-9649913,RAS GTPase cycle mutants
CHEMBL2167,R-HSA-9649948,Signaling downstream of RAS mutants
CHEMBL2167,R-HSA-9656223,Signaling by RAF1 mutants
CHEMBL2167,R-HSA-9664565,Signaling by ERBB2 KD Mutants
CHEMBL2167,R-HSA-9665348,Signaling by ERBB2 ECD mutants
CHEMBL2167,R-HSA-9665686,Signaling by ERBB2 TMD/JMD mutants
CHEMBL2167,R-HSA-9669938,Signaling by KIT in disease
CHEMBL2167,R-HSA-9670439,"Signaling by phosphorylated juxtamembrane, extracellular and kinase domain KIT mutants"
CHEMBL2167,R-HSA-9671555,Signaling by PDGFR in disease
CHEMBL2167,R-HSA-9673767,"Signaling by PDGFRA transmembrane, juxtamembrane and kinase domain mutants"
CHEMBL2167,R-HSA-9673770,Signaling by PDGFRA extracellular domain mutants
CHEMBL2167,R-HSA-9675108,Nervous system development
CHEMBL2167,R-HSA-9682385,FLT3 signaling in disease
CHEMBL2167,R-HSA-9703465,Signaling by FLT3 fusion proteins
CHEMBL2167,R-HSA-9703648,Signaling by FLT3 ITD and TKD mutants
CHEMBL2167,R-HSA-9753510,Signaling by RAS GAP mutants
CHEMBL2167,R-HSA-9753512,Signaling by RAS GTPase mutants
CHEMBL2167,R-HSA-983705,Signaling by the B Cell Receptor (BCR)
CHEMBL217,R-HSA-162582,Signal Transduction
CHEMBL217,R-HSA-372790,Signaling by GPCR
CHEMBL217,R-HSA-373076,Class A/1 (Rhodopsin-like receptors)
CHEMBL217,R-HSA-375280,Amine ligand-binding receptors
CHEMBL217,R-HSA-390651,Dopamine receptors
CHEMBL217,R-HSA-500792,GPCR ligand binding
CHEMBL2171,R-HSA-1169410,Antimicrobial mechanism of IFN-stimulated genes
CHEMBL2171,R-HSA-1266738,Developmental Biology
CHEMBL2171,R-HSA-1280215,Cytokine Signaling in Immune system
CHEMBL2171,R-HSA-1643685,Disease
CHEMBL2171,R-HSA-166016,Toll Like Receptor 4 (TLR4) Cascade
CHEMBL2171,R-HSA-166058,MyD88:MAL(TIRAP) cascade initiated on plasma membrane
CHEMBL2171,R-HSA-166166,MyD88-independent TLR4 cascade 
CHEMBL2171,R-HSA-168138,Toll Like Receptor 9 (TLR9) Cascade
CHEMBL2171,R-HSA-168142,Toll Like Receptor 10 (TLR10) Cascade
CHEMBL2171,R-HSA-168164,Toll Like Receptor 3 (TLR3) Cascade
CHEMBL2171,R-HSA-168176,Toll Like Receptor 5 (TLR5) Cascade
CHEMBL2171,R-HSA-168179,Toll Like Receptor TLR1:TLR2 Cascade
CHEMBL2171,R-HSA-168181,Toll Like Receptor 7/8 (TLR7/8) Cascade
CHEMBL2171,R-HSA-168188,Toll Like Receptor TLR6:TLR2 Cascade
CHEMBL2171,R-HSA-168249,Innate Immune System
CHEMBL2171,R-HSA-168256,Immune System
CHEMBL2171,R-HSA-168638,NOD1/2 Signaling Pathway
CHEMBL2171,R-HSA-168643,"Nucleotide-binding domain, leucine rich repeat containing receptor (NLR) signaling pathways"
CHEMBL2171,R-HSA-168898,Toll-like Receptor Cascades
CHEMBL2171,R-HSA-181438,Toll Like Receptor 2 (TLR2) Cascade
CHEMBL2171,R-HSA-212436,Generic Transcription Pathway
CHEMBL2171,R-HSA-2262752,Cellular responses to stress
CHEMBL2171,R-HSA-2559580,Oxidative Stress Induced Senescence
CHEMBL2171,R-HSA-2559583,Cellular Senescence
CHEMBL2171,R-HSA-3700989,Transcriptional Regulation by TP53
CHEMBL2171,R-HSA-446652,Interleukin-1 family signaling
CHEMBL2171,R-HSA-448424,Interleukin-17 signaling
CHEMBL2171,R-HSA-449147,Signaling by Interleukins
CHEMBL2171,R-HSA-450294,MAP kinase activation
CHEMBL2171,R-HSA-450302,activated TAK1 mediates p38 MAPK activation
CHEMBL2171,R-HSA-5210891,Uptake and function of anthrax toxins
CHEMBL2171,R-HSA-525793,Myogenesis
CHEMBL2171,R-HSA-5339562,Uptake and actions of bacterial toxins
CHEMBL2171,R-HSA-5633007,Regulation of TP53 Activity
CHEMBL2171,R-HSA-5663205,Infectious disease
CHEMBL2171,R-HSA-6804758,Regulation of TP53 Activity through Acetylation
CHEMBL2171,R-HSA-6811555,PI5P Regulates TP53 Acetylation
CHEMBL2171,R-HSA-73857,RNA Polymerase II Transcription
CHEMBL2171,R-HSA-74160,Gene expression (Transcription)
CHEMBL2171,R-HSA-8953897,Cellular responses to stimuli
CHEMBL2171,R-HSA-9020702,Interleukin-1 signaling
CHEMBL2171,R-HSA-913531,Interferon Signaling
CHEMBL2171,R-HSA-937061,TRIF (TICAM1)-mediated TLR4 signaling 
CHEMBL2171,R-HSA-975138,TRAF6 mediated induction of NFkB and MAP kinases upon TLR7/8 or 9 activation
CHEMBL2171,R-HSA-975155,MyD88 dependent cascade initiated on endosome
CHEMBL2171,R-HSA-975871,MyD88 cascade initiated on plasma membrane
CHEMBL2171,R-HSA-9824439,Bacterial Infection Pathways
CHEMBL2171,R-HSA-9833482,PKR-mediated signaling
CHEMBL218,R-HSA-162582,Signal Transduction
CHEMBL218,R-HSA-372790,Signaling by GPCR
CHEMBL218,R-HSA-373076,Class A/1 (Rhodopsin-like receptors)
CHEMBL218,R-HSA-388396,GPCR downstream signalling
CHEMBL218,R-HSA-418594,G alpha (i) signalling events
CHEMBL218,R-HSA-500792,GPCR ligand binding
CHEMBL2182,R-HSA-162582,Signal Transduction
CHEMBL2182,R-HSA-372790,Signaling by GPCR
CHEMBL2182,R-HSA-373076,Class A/1 (Rhodopsin-like receptors)
CHEMBL2182,R-HSA-375280,Amine ligand-binding receptors
CHEMBL2182,R-HSA-388396,GPCR downstream signalling
CHEMBL2182,R-HSA-390666,Serotonin receptors
CHEMBL2182,R-HSA-418594,G alpha (i) signalling events
CHEMBL2182,R-HSA-500792,GPCR ligand binding
CHEMBL2184,R-HSA-112314,Neurotransmitter receptors and postsynaptic signal transmission
CHEMBL2184,R-HSA-112315,Transmission across Chemical Synapses
CHEMBL2184,R-HSA-112316,Neuronal System
CHEMBL2184,R-HSA-181431,Acetylcholine binding and downstream events
CHEMBL2184,R-HSA-622327,Postsynaptic nicotinic acetylcholine receptors
CHEMBL2184,R-HSA-629594,Highly calcium permeable postsynaptic nicotinic acetylcholine receptors
CHEMBL2184,R-HSA-9659379,Sensory processing of sound
CHEMBL2184,R-HSA-9662361,Sensory processing of sound by outer hair cells of the cochlea
CHEMBL2184,R-HSA-9667769,Acetylcholine inhibits contraction of outer hair cells
CHEMBL2184,R-HSA-9709957,Sensory Perception
CHEMBL2185,R-HSA-141424,Amplification of signal from the kinetochores
CHEMBL2185,R-HSA-141444,Amplification  of signal from unattached  kinetochores via a MAD2  inhibitory signal
CHEMBL2185,R-HSA-162582,Signal Transduction
CHEMBL2185,R-HSA-1640170,Cell Cycle
CHEMBL2185,R-HSA-174143,APC/C-mediated degradation of cell cycle proteins
CHEMBL2185,R-HSA-174178,APC/C:Cdh1 mediated degradation of Cdc20 and other APC/C:Cdh1 targeted proteins in late mitosis/early G1
CHEMBL2185,R-HSA-194315,Signaling by Rho GTPases
CHEMBL2185,R-HSA-195258,RHO GTPase Effectors
CHEMBL2185,R-HSA-212436,Generic Transcription Pathway
CHEMBL2185,R-HSA-2467813,Separation of Sister Chromatids
CHEMBL2185,R-HSA-2500257,Resolution of Sister Chromatid Cohesion
CHEMBL2185,R-HSA-2555396,Mitotic Metaphase and Anaphase
CHEMBL2185,R-HSA-2990846,SUMOylation
CHEMBL2185,R-HSA-3108232,SUMO E3 ligases SUMOylate target proteins
CHEMBL2185,R-HSA-3700989,Transcriptional Regulation by TP53
CHEMBL2185,R-HSA-392499,Metabolism of proteins
CHEMBL2185,R-HSA-453276,Regulation of mitotic cell cycle
CHEMBL2185,R-HSA-4615885,SUMOylation of DNA replication proteins
CHEMBL2185,R-HSA-5633007,Regulation of TP53 Activity
CHEMBL2185,R-HSA-5663220,RHO GTPases Activate Formins
CHEMBL2185,R-HSA-597592,Post-translational protein modification
CHEMBL2185,R-HSA-6804756,Regulation of TP53 Activity through Phosphorylation
CHEMBL2185,R-HSA-68877,Mitotic Prometaphase
CHEMBL2185,R-HSA-68882,Mitotic Anaphase
CHEMBL2185,R-HSA-68886,M Phase
CHEMBL2185,R-HSA-69278,"Cell Cycle, Mitotic"
CHEMBL2185,R-HSA-69618,Mitotic Spindle Checkpoint
CHEMBL2185,R-HSA-69620,Cell Cycle Checkpoints
CHEMBL2185,R-HSA-73857,RNA Polymerase II Transcription
CHEMBL2185,R-HSA-74160,Gene expression (Transcription)
CHEMBL2185,R-HSA-8986944,Transcriptional Regulation by MECP2
CHEMBL2185,R-HSA-9022692,Regulation of MECP2 expression and activity
CHEMBL2185,R-HSA-9648025,EML4 and NUDC in mitotic spindle formation
CHEMBL2185,R-HSA-9716542,"Signaling by Rho GTPases, Miro GTPases and RHOBTB3"
CHEMBL219,R-HSA-162582,Signal Transduction
CHEMBL219,R-HSA-372790,Signaling by GPCR
CHEMBL219,R-HSA-373076,Class A/1 (Rhodopsin-like receptors)
CHEMBL219,R-HSA-375280,Amine ligand-binding receptors
CHEMBL219,R-HSA-388396,GPCR downstream signalling
CHEMBL219,R-HSA-390651,Dopamine receptors
CHEMBL219,R-HSA-418594,G alpha (i) signalling events
CHEMBL219,R-HSA-500792,GPCR ligand binding
CHEMBL2193,R-HSA-1430728,Metabolism
CHEMBL2193,R-HSA-163841,"Gamma carboxylation, hypusinylation, hydroxylation, and arylsulfatase activation"
CHEMBL2193,R-HSA-1660662,Glycosphingolipid metabolism
CHEMBL2193,R-HSA-1663150,The activation of arylsulfatases
CHEMBL2193,R-HSA-168249,Innate Immune System
CHEMBL2193,R-HSA-168256,Immune System
CHEMBL2193,R-HSA-392499,Metabolism of proteins
CHEMBL2193,R-HSA-428157,Sphingolipid metabolism
CHEMBL2193,R-HSA-556833,Metabolism of lipids
CHEMBL2193,R-HSA-597592,Post-translational protein modification
CHEMBL2193,R-HSA-6798695,Neutrophil degranulation
CHEMBL2193,R-HSA-9840310,Glycosphingolipid catabolism
CHEMBL2194,R-HSA-1430728,Metabolism
CHEMBL2194,R-HSA-156580,Phase II - Conjugation of compounds
CHEMBL2194,R-HSA-156582,Acetylation
CHEMBL2194,R-HSA-211859,Biological oxidations
CHEMBL2194,R-HSA-9748784,Drug ADME
CHEMBL2194,R-HSA-9753281,Paracetamol ADME
CHEMBL220,R-HSA-112311,Neurotransmitter clearance
CHEMBL220,R-HSA-112315,Transmission across Chemical Synapses
CHEMBL220,R-HSA-112316,Neuronal System
CHEMBL220,R-HSA-1430728,Metabolism
CHEMBL220,R-HSA-1483191,Synthesis of PC
CHEMBL220,R-HSA-1483206,Glycerophospholipid biosynthesis
CHEMBL220,R-HSA-1483257,Phospholipid metabolism
CHEMBL220,R-HSA-2980736,Peptide hormone metabolism
CHEMBL220,R-HSA-392499,Metabolism of proteins
CHEMBL220,R-HSA-422085,"Synthesis, secretion, and deacylation of Ghrelin"
CHEMBL220,R-HSA-556833,Metabolism of lipids
CHEMBL2200,R-HSA-1474228,Degradation of the extracellular matrix
CHEMBL2200,R-HSA-1474244,Extracellular matrix organization
CHEMBL2200,R-HSA-1592389,Activation of Matrix Metalloproteinases
CHEMBL2200,R-HSA-162582,Signal Transduction
CHEMBL2200,R-HSA-9006936,Signaling by TGFB family members
CHEMBL2200,R-HSA-9839373,Signaling by TGFBR3
CHEMBL2200,R-HSA-9839383,TGFBR3 PTM regulation
CHEMBL2202,R-HSA-1430728,Metabolism
CHEMBL2202,R-HSA-1643685,Disease
CHEMBL2202,R-HSA-196854,Metabolism of vitamins and cofactors
CHEMBL2202,R-HSA-2187338,Visual phototransduction
CHEMBL2202,R-HSA-2453864,Retinoid cycle disease events
CHEMBL2202,R-HSA-2453902,The canonical retinoid cycle in rods (twilight vision)
CHEMBL2202,R-HSA-2474795,Diseases associated with visual transduction
CHEMBL2202,R-HSA-6806667,Metabolism of fat-soluble vitamins
CHEMBL2202,R-HSA-9675143,Diseases of the neuronal system
CHEMBL2202,R-HSA-9709957,Sensory Perception
CHEMBL2202,R-HSA-975634,Retinoid metabolism and transport
CHEMBL2202,R-HSA-9918442,Defective visual phototransduction due to LRAT loss of function
CHEMBL2206,R-HSA-1430728,Metabolism
CHEMBL2206,R-HSA-389887,Beta-oxidation of pristanoyl-CoA
CHEMBL2206,R-HSA-390918,Peroxisomal lipid metabolism
CHEMBL2206,R-HSA-556833,Metabolism of lipids
CHEMBL2206,R-HSA-8978868,Fatty acid metabolism
CHEMBL2206,R-HSA-9033241,Peroxisomal protein import
CHEMBL2206,R-HSA-9609507,Protein localization
CHEMBL221,R-HSA-140180,COX reactions
CHEMBL221,R-HSA-1430728,Metabolism
CHEMBL221,R-HSA-211859,Biological oxidations
CHEMBL221,R-HSA-211945,Phase I - Functionalization of compounds
CHEMBL221,R-HSA-2142753,Arachidonate metabolism
CHEMBL221,R-HSA-2162123,Synthesis of Prostaglandins (PG) and Thromboxanes (TX)
CHEMBL221,R-HSA-556833,Metabolism of lipids
CHEMBL221,R-HSA-8978868,Fatty acid metabolism
CHEMBL222,R-HSA-1643685,Disease
CHEMBL222,R-HSA-382551,Transport of small molecules
CHEMBL222,R-HSA-425407,SLC-mediated transmembrane transport
CHEMBL222,R-HSA-442660,SLC-mediated transport of neurotransmitters
CHEMBL222,R-HSA-5619102,SLC transporter disorders
CHEMBL222,R-HSA-5619109,Defective SLC6A2 causes orthostatic intolerance (OI)
CHEMBL222,R-HSA-5619115,Disorders of transmembrane transporters
CHEMBL223,R-HSA-162582,Signal Transduction
CHEMBL223,R-HSA-372790,Signaling by GPCR
CHEMBL223,R-HSA-373076,Class A/1 (Rhodopsin-like receptors)
CHEMBL223,R-HSA-375280,Amine ligand-binding receptors
CHEMBL223,R-HSA-388396,GPCR downstream signalling
CHEMBL223,R-HSA-390696,Adrenoceptors
CHEMBL223,R-HSA-416476,G alpha (q) signalling events
CHEMBL223,R-HSA-416482,G alpha (12/13) signalling events
CHEMBL223,R-HSA-500792,GPCR ligand binding
CHEMBL224,R-HSA-162582,Signal Transduction
CHEMBL224,R-HSA-372790,Signaling by GPCR
CHEMBL224,R-HSA-373076,Class A/1 (Rhodopsin-like receptors)
CHEMBL224,R-HSA-375280,Amine ligand-binding receptors
CHEMBL224,R-HSA-388396,GPCR downstream signalling
CHEMBL224,R-HSA-390666,Serotonin receptors
CHEMBL224,R-HSA-416476,G alpha (q) signalling events
CHEMBL224,R-HSA-500792,GPCR ligand binding
CHEMBL2249,R-HSA-1474244,Extracellular matrix organization
CHEMBL2249,R-HSA-1474290,Collagen formation
CHEMBL2249,R-HSA-1566948,Elastic fibre formation
CHEMBL2249,R-HSA-2022090,Assembly of collagen fibrils and other multimeric structures
CHEMBL2249,R-HSA-2243919,Crosslinking of collagen fibrils
CHEMBL225,R-HSA-162582,Signal Transduction
CHEMBL225,R-HSA-372790,Signaling by GPCR
CHEMBL225,R-HSA-373076,Class A/1 (Rhodopsin-like receptors)
CHEMBL225,R-HSA-375280,Amine ligand-binding receptors
CHEMBL225,R-HSA-388396,GPCR downstream signalling
CHEMBL225,R-HSA-390666,Serotonin receptors
CHEMBL225,R-HSA-416476,G alpha (q) signalling events
CHEMBL225,R-HSA-500792,GPCR ligand binding
CHEMBL226,R-HSA-162582,Signal Transduction
CHEMBL226,R-HSA-372790,Signaling by GPCR
CHEMBL226,R-HSA-373076,Class A/1 (Rhodopsin-like receptors)
CHEMBL226,R-HSA-388396,GPCR downstream signalling
CHEMBL226,R-HSA-417973,Adenosine P1 receptors
CHEMBL226,R-HSA-418038,Nucleotide-like (purinergic) receptors
CHEMBL226,R-HSA-418594,G alpha (i) signalling events
CHEMBL226,R-HSA-500792,GPCR ligand binding
CHEMBL227,R-HSA-162582,Signal Transduction
CHEMBL227,R-HSA-199991,Membrane Trafficking
CHEMBL227,R-HSA-372790,Signaling by GPCR
CHEMBL227,R-HSA-373076,Class A/1 (Rhodopsin-like receptors)
CHEMBL227,R-HSA-375276,Peptide ligand-binding receptors
CHEMBL227,R-HSA-388396,GPCR downstream signalling
CHEMBL227,R-HSA-416476,G alpha (q) signalling events
CHEMBL227,R-HSA-500792,GPCR ligand binding
CHEMBL227,R-HSA-5653656,Vesicle-mediated transport
CHEMBL227,R-HSA-8856825,Cargo recognition for clathrin-mediated endocytosis
CHEMBL227,R-HSA-8856828,Clathrin-mediated endocytosis
CHEMBL228,R-HSA-112311,Neurotransmitter clearance
CHEMBL228,R-HSA-112315,Transmission across Chemical Synapses
CHEMBL228,R-HSA-112316,Neuronal System
CHEMBL228,R-HSA-380615,Serotonin clearance from the synaptic cleft
CHEMBL228,R-HSA-382551,Transport of small molecules
CHEMBL228,R-HSA-425407,SLC-mediated transmembrane transport
CHEMBL228,R-HSA-442660,SLC-mediated transport of neurotransmitters
CHEMBL229,R-HSA-162582,Signal Transduction
CHEMBL229,R-HSA-372790,Signaling by GPCR
CHEMBL229,R-HSA-373076,Class A/1 (Rhodopsin-like receptors)
CHEMBL229,R-HSA-375280,Amine ligand-binding receptors
CHEMBL229,R-HSA-388396,GPCR downstream signalling
CHEMBL229,R-HSA-390696,Adrenoceptors
CHEMBL229,R-HSA-416476,G alpha (q) signalling events
CHEMBL229,R-HSA-416482,G alpha (12/13) signalling events
CHEMBL229,R-HSA-500792,GPCR ligand binding
CHEMBL230,R-HSA-1280215,Cytokine Signaling in Immune system
CHEMBL230,R-HSA-1430728,Metabolism
CHEMBL230,R-HSA-168256,Immune System
CHEMBL230,R-HSA-2142753,Arachidonate metabolism
CHEMBL230,R-HSA-2142770,Synthesis of 15-eicosatetraenoic acid derivatives
CHEMBL230,R-HSA-2162123,Synthesis of Prostaglandins (PG) and Thromboxanes (TX)
CHEMBL230,R-HSA-449147,Signaling by Interleukins
CHEMBL230,R-HSA-556833,Metabolism of lipids
CHEMBL230,R-HSA-6783783,Interleukin-10 signaling
CHEMBL230,R-HSA-6785807,Interleukin-4 and Interleukin-13 signaling
CHEMBL230,R-HSA-8978868,Fatty acid metabolism
CHEMBL230,R-HSA-9018677,Biosynthesis of DHA-derived SPMs
CHEMBL230,R-HSA-9018678,Biosynthesis of specialized proresolving mediators (SPMs)
CHEMBL230,R-HSA-9018679,Biosynthesis of EPA-derived SPMs
CHEMBL230,R-HSA-9018683,Biosynthesis of DPA-derived SPMs
CHEMBL230,R-HSA-9025094,Biosynthesis of DPAn-3 SPMs
CHEMBL230,R-HSA-9027604,Biosynthesis of electrophilic ω-3 PUFA oxo-derivatives
CHEMBL231,R-HSA-162582,Signal Transduction
CHEMBL231,R-HSA-372790,Signaling by GPCR
CHEMBL231,R-HSA-373076,Class A/1 (Rhodopsin-like receptors)
CHEMBL231,R-HSA-375280,Amine ligand-binding receptors
CHEMBL231,R-HSA-388396,GPCR downstream signalling
CHEMBL231,R-HSA-390650,Histamine receptors
CHEMBL231,R-HSA-416476,G alpha (q) signalling events
CHEMBL231,R-HSA-500792,GPCR ligand binding
CHEMBL232,R-HSA-162582,Signal Transduction
CHEMBL232,R-HSA-372790,Signaling by GPCR
CHEMBL232,R-HSA-373076,Class A/1 (Rhodopsin-like receptors)
CHEMBL232,R-HSA-375280,Amine ligand-binding receptors
CHEMBL232,R-HSA-388396,GPCR downstream signalling
CHEMBL232,R-HSA-390696,Adrenoceptors
CHEMBL232,R-HSA-416476,G alpha (q) signalling events
CHEMBL232,R-HSA-416482,G alpha (12/13) signalling events
CHEMBL232,R-HSA-500792,GPCR ligand binding
CHEMBL2326,R-HSA-1430728,Metabolism
CHEMBL2326,R-HSA-1475029,Reversible hydration of carbon dioxide
CHEMBL2327,R-HSA-162582,Signal Transduction
CHEMBL2327,R-HSA-372790,Signaling by GPCR
CHEMBL2327,R-HSA-373076,Class A/1 (Rhodopsin-like receptors)
CHEMBL2327,R-HSA-375276,Peptide ligand-binding receptors
CHEMBL2327,R-HSA-380095,Tachykinin receptors bind tachykinins
CHEMBL2327,R-HSA-388396,GPCR downstream signalling
CHEMBL2327,R-HSA-416476,G alpha (q) signalling events
CHEMBL2327,R-HSA-500792,GPCR ligand binding
CHEMBL2335,R-HSA-109582,Hemostasis
CHEMBL2335,R-HSA-140837,Intrinsic Pathway of Fibrin Clot Formation
CHEMBL2335,R-HSA-140877,Formation of Fibrin Clot (Clotting Cascade)
CHEMBL2335,R-HSA-168249,Innate Immune System
CHEMBL2335,R-HSA-168256,Immune System
CHEMBL2335,R-HSA-6798695,Neutrophil degranulation
CHEMBL235,R-HSA-1257604,PIP3 activates AKT signaling
CHEMBL235,R-HSA-1266738,Developmental Biology
CHEMBL235,R-HSA-1430728,Metabolism
CHEMBL235,R-HSA-162582,Signal Transduction
CHEMBL235,R-HSA-1989781,PPARA activates gene expression
CHEMBL235,R-HSA-212165,Epigenetic regulation of gene expression
CHEMBL235,R-HSA-212436,Generic Transcription Pathway
CHEMBL235,R-HSA-2990846,SUMOylation
CHEMBL235,R-HSA-3108232,SUMO E3 ligases SUMOylate target proteins
CHEMBL235,R-HSA-381340,Transcriptional regulation of white adipocyte differentiation
CHEMBL235,R-HSA-383280,Nuclear Receptor transcription pathway
CHEMBL235,R-HSA-392499,Metabolism of proteins
CHEMBL235,R-HSA-400206,Regulation of lipid metabolism by PPARalpha
CHEMBL235,R-HSA-4090294,SUMOylation of intracellular receptors
CHEMBL235,R-HSA-556833,Metabolism of lipids
CHEMBL235,R-HSA-597592,Post-translational protein modification
CHEMBL235,R-HSA-6807070,PTEN Regulation
CHEMBL235,R-HSA-73857,RNA Polymerase II Transcription
CHEMBL235,R-HSA-74160,Gene expression (Transcription)
CHEMBL235,R-HSA-8943724,Regulation of PTEN gene transcription
CHEMBL235,R-HSA-8986944,Transcriptional Regulation by MECP2
CHEMBL235,R-HSA-9006925,Intracellular signaling by second messengers
CHEMBL235,R-HSA-9022707,MECP2 regulates transcription factors
CHEMBL235,R-HSA-9818564,Epigenetic regulation of gene expression by MLL3 and MLL4 complexes
CHEMBL235,R-HSA-9841922,MLL4 and MLL3 complexes regulate expression of PPARG target genes in adipogenesis and hepatic steatosis
CHEMBL235,R-HSA-9843743,Transcriptional regulation of brown and beige adipocyte differentiation
CHEMBL235,R-HSA-9843745,Adipogenesis
CHEMBL235,R-HSA-9844594,Transcriptional regulation of brown and beige adipocyte differentiation by EBF2
CHEMBL235,R-HSA-9851695,Epigenetic regulation of adipogenesis genes by MLL3 and MLL4 complexes
CHEMBL235,R-HSA-9917777,Epigenetic regulation by WDR5-containing histone modifying complexes
CHEMBL236,R-HSA-1280215,Cytokine Signaling in Immune system
CHEMBL236,R-HSA-162582,Signal Transduction
CHEMBL236,R-HSA-168256,Immune System
CHEMBL236,R-HSA-372790,Signaling by GPCR
CHEMBL236,R-HSA-373076,Class A/1 (Rhodopsin-like receptors)
CHEMBL236,R-HSA-375276,Peptide ligand-binding receptors
CHEMBL236,R-HSA-388396,GPCR downstream signalling
CHEMBL236,R-HSA-418594,G alpha (i) signalling events
CHEMBL236,R-HSA-449147,Signaling by Interleukins
CHEMBL236,R-HSA-500792,GPCR ligand binding
CHEMBL236,R-HSA-6785807,Interleukin-4 and Interleukin-13 signaling
CHEMBL2360,R-HSA-1430728,Metabolism
CHEMBL2360,R-HSA-15869,Metabolism of nucleotides
CHEMBL2360,R-HSA-1643685,Disease
CHEMBL2360,R-HSA-5668914,Diseases of metabolism
CHEMBL2360,R-HSA-74217,Purine salvage
CHEMBL2360,R-HSA-8956321,Nucleotide salvage
CHEMBL2360,R-HSA-9734207,Nucleotide salvage defects
CHEMBL2360,R-HSA-9734281,Defective HPRT1 disrupts guanine and hypoxanthine salvage
CHEMBL2360,R-HSA-9735804,Diseases of nucleotide metabolism
CHEMBL2360,R-HSA-9748784,Drug ADME
CHEMBL2360,R-HSA-9748787,Azathioprine ADME
CHEMBL237,R-HSA-162582,Signal Transduction
CHEMBL237,R-HSA-212436,Generic Transcription Pathway
CHEMBL237,R-HSA-372790,Signaling by GPCR
CHEMBL237,R-HSA-373076,Class A/1 (Rhodopsin-like receptors)
CHEMBL237,R-HSA-375276,Peptide ligand-binding receptors
CHEMBL237,R-HSA-388396,GPCR downstream signalling
CHEMBL237,R-HSA-418594,G alpha (i) signalling events
CHEMBL237,R-HSA-500792,GPCR ligand binding
CHEMBL237,R-HSA-73857,RNA Polymerase II Transcription
CHEMBL237,R-HSA-74160,Gene expression (Transcription)
CHEMBL237,R-HSA-8986944,Transcriptional Regulation by MECP2
CHEMBL237,R-HSA-9022699,MECP2 regulates neuronal receptors and channels
CHEMBL238,R-HSA-112311,Neurotransmitter clearance
CHEMBL238,R-HSA-112315,Transmission across Chemical Synapses
CHEMBL238,R-HSA-112316,Neuronal System
CHEMBL238,R-HSA-1643685,Disease
CHEMBL238,R-HSA-379401,Dopamine clearance from the synaptic cleft
CHEMBL238,R-HSA-382551,Transport of small molecules
CHEMBL238,R-HSA-425407,SLC-mediated transmembrane transport
CHEMBL238,R-HSA-442660,SLC-mediated transport of neurotransmitters
CHEMBL238,R-HSA-5619081,Defective SLC6A3 causes Parkinsonism-dystonia infantile (PKDYS)
CHEMBL238,R-HSA-5619102,SLC transporter disorders
CHEMBL238,R-HSA-5619115,Disorders of transmembrane transporters
CHEMBL238,R-HSA-5660724,Defective SLC6A3 causes Parkinsonism-dystonia infantile (PKDYS)
CHEMBL2388,R-HSA-1428517,Aerobic respiration and respiratory electron transport
CHEMBL2388,R-HSA-1430728,Metabolism
CHEMBL2388,R-HSA-611105,Respiratory electron transport
CHEMBL2388,R-HSA-9865881,Complex III assembly
CHEMBL239,R-HSA-1266738,Developmental Biology
CHEMBL239,R-HSA-1368108,"BMAL1:CLOCK,NPAS2 activates circadian expression"
CHEMBL239,R-HSA-1430728,Metabolism
CHEMBL239,R-HSA-1592230,Mitochondrial biogenesis
CHEMBL239,R-HSA-1655829,Regulation of cholesterol biosynthesis by SREBP (SREBF)
CHEMBL239,R-HSA-1852241,Organelle biogenesis and maintenance
CHEMBL239,R-HSA-1989781,PPARA activates gene expression
CHEMBL239,R-HSA-212436,Generic Transcription Pathway
CHEMBL239,R-HSA-2151201,Transcriptional activation of mitochondrial biogenesis
CHEMBL239,R-HSA-2262752,Cellular responses to stress
CHEMBL239,R-HSA-2426168,Activation of gene expression by SREBF (SREBP)
CHEMBL239,R-HSA-2990846,SUMOylation
CHEMBL239,R-HSA-3108232,SUMO E3 ligases SUMOylate target proteins
CHEMBL239,R-HSA-381340,Transcriptional regulation of white adipocyte differentiation
CHEMBL239,R-HSA-383280,Nuclear Receptor transcription pathway
CHEMBL239,R-HSA-392499,Metabolism of proteins
CHEMBL239,R-HSA-400206,Regulation of lipid metabolism by PPARalpha
CHEMBL239,R-HSA-4090294,SUMOylation of intracellular receptors
CHEMBL239,R-HSA-556833,Metabolism of lipids
CHEMBL239,R-HSA-597592,Post-translational protein modification
CHEMBL239,R-HSA-73857,RNA Polymerase II Transcription
CHEMBL239,R-HSA-74160,Gene expression (Transcription)
CHEMBL239,R-HSA-8953897,Cellular responses to stimuli
CHEMBL239,R-HSA-8957322,Metabolism of steroids
CHEMBL239,R-HSA-9707564,Cytoprotection by HMOX1
CHEMBL239,R-HSA-9707616,Heme signaling
CHEMBL239,R-HSA-9711123,Cellular response to chemical stress
CHEMBL239,R-HSA-9843743,Transcriptional regulation of brown and beige adipocyte differentiation
CHEMBL239,R-HSA-9843745,Adipogenesis
CHEMBL239,R-HSA-9844594,Transcriptional regulation of brown and beige adipocyte differentiation by EBF2
CHEMBL239,R-HSA-9909396,Circadian clock
CHEMBL239,R-HSA-9931509,"Expression of BMAL (ARNTL), CLOCK, and NPAS2"
CHEMBL239,R-HSA-9933387,"RORA,B,C and NR1D1 (REV-ERBA) regulate gene expression"
CHEMBL2392,R-HSA-110362,POLB-Dependent Long Patch Base Excision Repair
CHEMBL2392,R-HSA-110373,Resolution of AP sites via the multiple-nucleotide patch replacement pathway
CHEMBL2392,R-HSA-110381,Resolution of AP sites via the single-nucleotide replacement pathway
CHEMBL2392,R-HSA-392499,Metabolism of proteins
CHEMBL2392,R-HSA-5649702,APEX1-Independent Resolution of AP Sites via the Single Nucleotide Replacement Pathway
CHEMBL2392,R-HSA-5651801,PCNA-Dependent Long Patch Base Excision Repair
CHEMBL2392,R-HSA-5688426,Deubiquitination
CHEMBL2392,R-HSA-5689880,Ub-specific processing proteases
CHEMBL2392,R-HSA-597592,Post-translational protein modification
CHEMBL2392,R-HSA-73884,Base Excision Repair
CHEMBL2392,R-HSA-73894,DNA Repair
CHEMBL2392,R-HSA-73930,Abasic sugar-phosphate removal via the single-nucleotide replacement pathway
CHEMBL2392,R-HSA-73933,Resolution of Abasic Sites (AP sites)
CHEMBL2399,R-HSA-1430728,Metabolism
CHEMBL2399,R-HSA-1630316,Glycosaminoglycan metabolism
CHEMBL2399,R-HSA-163841,"Gamma carboxylation, hypusinylation, hydroxylation, and arylsulfatase activation"
CHEMBL2399,R-HSA-1643685,Disease
CHEMBL2399,R-HSA-1660662,Glycosphingolipid metabolism
CHEMBL2399,R-HSA-1663150,The activation of arylsulfatases
CHEMBL2399,R-HSA-168249,Innate Immune System
CHEMBL2399,R-HSA-168256,Immune System
CHEMBL2399,R-HSA-1793185,Chondroitin sulfate/dermatan sulfate metabolism
CHEMBL2399,R-HSA-2024101,CS/DS degradation
CHEMBL2399,R-HSA-2206281,Mucopolysaccharidoses
CHEMBL2399,R-HSA-2206285,MPS VI - Maroteaux-Lamy syndrome
CHEMBL2399,R-HSA-392499,Metabolism of proteins
CHEMBL2399,R-HSA-428157,Sphingolipid metabolism
CHEMBL2399,R-HSA-556833,Metabolism of lipids
CHEMBL2399,R-HSA-5663084,Diseases of carbohydrate metabolism
CHEMBL2399,R-HSA-5668914,Diseases of metabolism
CHEMBL2399,R-HSA-597592,Post-translational protein modification
CHEMBL2399,R-HSA-6798695,Neutrophil degranulation
CHEMBL2399,R-HSA-71387,Metabolism of carbohydrates and carbohydrate derivatives
CHEMBL2399,R-HSA-9840310,Glycosphingolipid catabolism
CHEMBL240,R-HSA-112316,Neuronal System
CHEMBL240,R-HSA-1296071,Potassium Channels
CHEMBL240,R-HSA-1296072,Voltage gated Potassium channels
CHEMBL240,R-HSA-397014,Muscle contraction
CHEMBL240,R-HSA-5576890,Phase 3 - rapid repolarisation
CHEMBL240,R-HSA-5576891,Cardiac conduction
CHEMBL2401,R-HSA-109582,Hemostasis
CHEMBL2401,R-HSA-157118,Signaling by NOTCH
CHEMBL2401,R-HSA-162582,Signal Transduction
CHEMBL2401,R-HSA-1912420,Pre-NOTCH Processing in Golgi
CHEMBL2401,R-HSA-1912422,Pre-NOTCH Expression and Processing
CHEMBL2401,R-HSA-382551,Transport of small molecules
CHEMBL2401,R-HSA-397014,Muscle contraction
CHEMBL2401,R-HSA-418346,Platelet homeostasis
CHEMBL2401,R-HSA-418359,Reduction of cytosolic Ca++ levels
CHEMBL2401,R-HSA-418360,Platelet calcium homeostasis
CHEMBL2401,R-HSA-5576891,Cardiac conduction
CHEMBL2401,R-HSA-5578775,Ion homeostasis
CHEMBL2401,R-HSA-936837,Ion transport by P-type ATPases
CHEMBL2401,R-HSA-983712,Ion channel transport
CHEMBL241,R-HSA-162582,Signal Transduction
CHEMBL241,R-HSA-372790,Signaling by GPCR
CHEMBL241,R-HSA-388396,GPCR downstream signalling
CHEMBL241,R-HSA-418555,G alpha (s) signalling events
CHEMBL2412,R-HSA-113507,E2F-enabled inhibition of pre-replication complex formation
CHEMBL2412,R-HSA-113510,E2F mediated regulation of DNA replication
CHEMBL2412,R-HSA-1266738,Developmental Biology
CHEMBL2412,R-HSA-156711,Polo-like kinase mediated events
CHEMBL2412,R-HSA-162658,Golgi Cisternae Pericentriolar Stack Reorganization
CHEMBL2412,R-HSA-1640170,Cell Cycle
CHEMBL2412,R-HSA-1643685,Disease
CHEMBL2412,R-HSA-174048,APC/C:Cdc20 mediated degradation of Cyclin B
CHEMBL2412,R-HSA-174143,APC/C-mediated degradation of cell cycle proteins
CHEMBL2412,R-HSA-176408,Regulation of APC/C activators between G1/S and early anaphase
CHEMBL2412,R-HSA-176409,APC/C:Cdc20 mediated degradation of mitotic proteins
CHEMBL2412,R-HSA-176412,Phosphorylation of the APC/C
CHEMBL2412,R-HSA-176417,Phosphorylation of Emi1
CHEMBL2412,R-HSA-176814,Activation of APC/C and APC/C:Cdc20 mediated degradation of mitotic proteins
CHEMBL2412,R-HSA-212436,Generic Transcription Pathway
CHEMBL2412,R-HSA-2299718,Condensation of Prophase Chromosomes
CHEMBL2412,R-HSA-2465910,MASTL Facilitates Mitotic Progression
CHEMBL2412,R-HSA-2500257,Resolution of Sister Chromatid Cohesion
CHEMBL2412,R-HSA-2514853,Condensation of Prometaphase Chromosomes
CHEMBL2412,R-HSA-2555396,Mitotic Metaphase and Anaphase
CHEMBL2412,R-HSA-2565942,Regulation of PLK1 Activity at G2/M Transition
CHEMBL2412,R-HSA-2980766,Nuclear Envelope Breakdown
CHEMBL2412,R-HSA-2980767,"Activation of NIMA Kinases NEK9, NEK6, NEK7"
CHEMBL2412,R-HSA-2995383,Initiation of Nuclear Envelope (NE) Reformation
CHEMBL2412,R-HSA-2995410,Nuclear Envelope (NE) Reassembly
CHEMBL2412,R-HSA-3301854,Nuclear Pore Complex (NPC) Disassembly
CHEMBL2412,R-HSA-3700989,Transcriptional Regulation by TP53
CHEMBL2412,R-HSA-4419969,Depolymerization of the Nuclear Lamina
CHEMBL2412,R-HSA-453274,Mitotic G2-G2/M phases
CHEMBL2412,R-HSA-453276,Regulation of mitotic cell cycle
CHEMBL2412,R-HSA-453279,Mitotic G1 phase and G1/S transition
CHEMBL2412,R-HSA-5663202,Diseases of signal transduction by growth factor receptors and second messengers
CHEMBL2412,R-HSA-6791312,TP53 Regulates Transcription of Cell Cycle Genes
CHEMBL2412,R-HSA-6804114,TP53 Regulates Transcription of Genes Involved in G2 Cell Cycle Arrest
CHEMBL2412,R-HSA-68875,Mitotic Prophase
CHEMBL2412,R-HSA-68877,Mitotic Prometaphase
CHEMBL2412,R-HSA-68882,Mitotic Anaphase
CHEMBL2412,R-HSA-68886,M Phase
CHEMBL2412,R-HSA-69206,G1/S Transition
CHEMBL2412,R-HSA-69273,Cyclin A/B1/B2 associated events during G2/M transition
CHEMBL2412,R-HSA-69275,G2/M Transition
CHEMBL2412,R-HSA-69278,"Cell Cycle, Mitotic"
CHEMBL2412,R-HSA-69473,G2/M DNA damage checkpoint
CHEMBL2412,R-HSA-69478,G2/M DNA replication checkpoint
CHEMBL2412,R-HSA-69481,G2/M Checkpoints
CHEMBL2412,R-HSA-69620,Cell Cycle Checkpoints
CHEMBL2412,R-HSA-73857,RNA Polymerase II Transcription
CHEMBL2412,R-HSA-74160,Gene expression (Transcription)
CHEMBL2412,R-HSA-75035,Chk1/Chk2(Cds1) mediated inactivation of Cyclin B:Cdk1 complex
CHEMBL2412,R-HSA-8852276,The role of GTSE1 in G2/M progression after G2 checkpoint
CHEMBL2412,R-HSA-8878166,Transcriptional regulation by RUNX2
CHEMBL2412,R-HSA-9700206,Signaling by ALK in cancer
CHEMBL2412,R-HSA-9725370,Signaling by ALK fusions and activated point mutants
CHEMBL2412,R-HSA-9725371,Nuclear events stimulated by ALK signaling in cancer
CHEMBL2412,R-HSA-9730414,MITF-M-regulated melanocyte development
CHEMBL2412,R-HSA-9825892,Regulation of MITF-M-dependent genes involved in cell cycle and proliferation
CHEMBL2412,R-HSA-9856651,MITF-M-dependent gene expression
CHEMBL2413,R-HSA-1280215,Cytokine Signaling in Immune system
CHEMBL2413,R-HSA-162582,Signal Transduction
CHEMBL2413,R-HSA-168256,Immune System
CHEMBL2413,R-HSA-372790,Signaling by GPCR
CHEMBL2413,R-HSA-373076,Class A/1 (Rhodopsin-like receptors)
CHEMBL2413,R-HSA-375276,Peptide ligand-binding receptors
CHEMBL2413,R-HSA-380108,Chemokine receptors bind chemokines
CHEMBL2413,R-HSA-388396,GPCR downstream signalling
CHEMBL2413,R-HSA-418594,G alpha (i) signalling events
CHEMBL2413,R-HSA-449147,Signaling by Interleukins
CHEMBL2413,R-HSA-500792,GPCR ligand binding
CHEMBL2413,R-HSA-6783783,Interleukin-10 signaling
CHEMBL2414,R-HSA-162582,Signal Transduction
CHEMBL2414,R-HSA-372790,Signaling by GPCR
CHEMBL2414,R-HSA-373076,Class A/1 (Rhodopsin-like receptors)
CHEMBL2414,R-HSA-375276,Peptide ligand-binding receptors
CHEMBL2414,R-HSA-380108,Chemokine receptors bind chemokines
CHEMBL2414,R-HSA-388396,GPCR downstream signalling
CHEMBL2414,R-HSA-418594,G alpha (i) signalling events
CHEMBL2414,R-HSA-500792,GPCR ligand binding
CHEMBL2419,R-HSA-1430728,Metabolism
CHEMBL2419,R-HSA-196071,Metabolism of steroid hormones
CHEMBL2419,R-HSA-196108,Pregnenolone biosynthesis
CHEMBL2419,R-HSA-556833,Metabolism of lipids
CHEMBL2419,R-HSA-8957322,Metabolism of steroids
CHEMBL242,R-HSA-1257604,PIP3 activates AKT signaling
CHEMBL242,R-HSA-162582,Signal Transduction
CHEMBL242,R-HSA-1643685,Disease
CHEMBL242,R-HSA-199418,Negative regulation of the PI3K/AKT network
CHEMBL242,R-HSA-212436,Generic Transcription Pathway
CHEMBL242,R-HSA-2219528,PI3K/AKT Signaling in Cancer
CHEMBL242,R-HSA-2219530,Constitutive Signaling by Aberrant PI3K in Cancer
CHEMBL242,R-HSA-383280,Nuclear Receptor transcription pathway
CHEMBL242,R-HSA-5663202,Diseases of signal transduction by growth factor receptors and second messengers
CHEMBL242,R-HSA-6811558,"PI5P, PP2A and IER3 Regulate PI3K/AKT Signaling"
CHEMBL242,R-HSA-73857,RNA Polymerase II Transcription
CHEMBL242,R-HSA-74160,Gene expression (Transcription)
CHEMBL242,R-HSA-8939211,ESR-mediated signaling
CHEMBL242,R-HSA-9006925,Intracellular signaling by second messengers
CHEMBL242,R-HSA-9006931,Signaling by Nuclear Receptors
CHEMBL242,R-HSA-9009391,Extra-nuclear estrogen signaling
CHEMBL2421,R-HSA-1430728,Metabolism
CHEMBL2421,R-HSA-194002,Glucocorticoid biosynthesis
CHEMBL2421,R-HSA-196071,Metabolism of steroid hormones
CHEMBL2421,R-HSA-556833,Metabolism of lipids
CHEMBL2421,R-HSA-8957322,Metabolism of steroids
CHEMBL2421,R-HSA-9748784,Drug ADME
CHEMBL2421,R-HSA-9757110,Prednisone ADME
CHEMBL2428,R-HSA-162582,Signal Transduction
CHEMBL2428,R-HSA-194315,Signaling by Rho GTPases
CHEMBL2428,R-HSA-195258,RHO GTPase Effectors
CHEMBL2428,R-HSA-397014,Muscle contraction
CHEMBL2428,R-HSA-445355,Smooth Muscle Contraction
CHEMBL2428,R-HSA-5627123,RHO GTPases activate PAKs
CHEMBL2428,R-HSA-9716542,"Signaling by Rho GTPases, Miro GTPases and RHOBTB3"
CHEMBL2430,R-HSA-2672351,Stimuli-sensing channels
CHEMBL2430,R-HSA-382551,Transport of small molecules
CHEMBL2430,R-HSA-397014,Muscle contraction
CHEMBL2430,R-HSA-5576891,Cardiac conduction
CHEMBL2430,R-HSA-5578775,Ion homeostasis
CHEMBL2430,R-HSA-983712,Ion channel transport
CHEMBL2433,R-HSA-264876,Insulin processing
CHEMBL2433,R-HSA-2980736,Peptide hormone metabolism
CHEMBL2433,R-HSA-392499,Metabolism of proteins
CHEMBL2434,R-HSA-162582,Signal Transduction
CHEMBL2434,R-HSA-168249,Innate Immune System
CHEMBL2434,R-HSA-168256,Immune System
CHEMBL2434,R-HSA-372790,Signaling by GPCR
CHEMBL2434,R-HSA-373076,Class A/1 (Rhodopsin-like receptors)
CHEMBL2434,R-HSA-375276,Peptide ligand-binding receptors
CHEMBL2434,R-HSA-380108,Chemokine receptors bind chemokines
CHEMBL2434,R-HSA-388396,GPCR downstream signalling
CHEMBL2434,R-HSA-418594,G alpha (i) signalling events
CHEMBL2434,R-HSA-500792,GPCR ligand binding
CHEMBL2434,R-HSA-6798695,Neutrophil degranulation
CHEMBL2438,R-HSA-168249,Innate Immune System
CHEMBL2438,R-HSA-168256,Immune System
CHEMBL2438,R-HSA-6798695,Neutrophil degranulation
CHEMBL2439,R-HSA-1222556,ROS and RNS production in phagocytes
CHEMBL2439,R-HSA-168249,Innate Immune System
CHEMBL2439,R-HSA-168256,Immune System
CHEMBL2439,R-HSA-6798695,Neutrophil degranulation
CHEMBL2439,R-HSA-8941413,Events associated with phagocytolytic activity of PMN cells
CHEMBL244,R-HSA-109582,Hemostasis
CHEMBL244,R-HSA-140834,Extrinsic Pathway of Fibrin Clot Formation
CHEMBL244,R-HSA-140837,Intrinsic Pathway of Fibrin Clot Formation
CHEMBL244,R-HSA-140875,Common Pathway of Fibrin Clot Formation
CHEMBL244,R-HSA-140877,Formation of Fibrin Clot (Clotting Cascade)
CHEMBL244,R-HSA-159740,Gamma-carboxylation of protein precursors
CHEMBL244,R-HSA-159763,Transport of gamma-carboxylated protein precursors from the endoplasmic reticulum to the Golgi apparatus
CHEMBL244,R-HSA-159782,Removal of aminoterminal propeptides from gamma-carboxylated proteins
CHEMBL244,R-HSA-159854,"Gamma-carboxylation, transport, and amino-terminal cleavage of proteins"
CHEMBL244,R-HSA-163841,"Gamma carboxylation, hypusinylation, hydroxylation, and arylsulfatase activation"
CHEMBL244,R-HSA-1643685,Disease
CHEMBL244,R-HSA-392499,Metabolism of proteins
CHEMBL244,R-HSA-597592,Post-translational protein modification
CHEMBL244,R-HSA-9651496,Defects of contact activation system (CAS) and kallikrein/kinin system (KKS)
CHEMBL244,R-HSA-9662001,Defective factor VIII causes hemophilia A
CHEMBL244,R-HSA-9668250,Defective factor IX causes hemophilia B
CHEMBL244,R-HSA-9671793,Diseases of hemostasis
CHEMBL244,R-HSA-9672383,Defective factor IX causes thrombophilia
CHEMBL244,R-HSA-9672396,Defective cofactor function of FVIIIa variant
CHEMBL244,R-HSA-9673202,Defective F9 variant does not activate FX
CHEMBL2441,R-HSA-2980736,Peptide hormone metabolism
CHEMBL2441,R-HSA-392499,Metabolism of proteins
CHEMBL2441,R-HSA-422085,"Synthesis, secretion, and deacylation of Ghrelin"
CHEMBL2442,R-HSA-1474228,Degradation of the extracellular matrix
CHEMBL2442,R-HSA-1474244,Extracellular matrix organization
CHEMBL2442,R-HSA-1592389,Activation of Matrix Metalloproteinases
CHEMBL2442,R-HSA-162582,Signal Transduction
CHEMBL2442,R-HSA-194315,Signaling by Rho GTPases
CHEMBL2442,R-HSA-195258,RHO GTPase Effectors
CHEMBL2442,R-HSA-381426,Regulation of Insulin-like Growth Factor (IGF) transport and uptake by Insulin-like Growth Factor Binding Proteins (IGFBPs)
CHEMBL2442,R-HSA-392499,Metabolism of proteins
CHEMBL2442,R-HSA-5625740,RHO GTPases activate PKNs
CHEMBL2442,R-HSA-5625886,Activated PKN1 stimulates transcription of AR (androgen receptor) regulated genes KLK2 and KLK3
CHEMBL2442,R-HSA-9716542,"Signaling by Rho GTPases, Miro GTPases and RHOBTB3"
CHEMBL2443,R-HSA-1266738,Developmental Biology
CHEMBL2443,R-HSA-1474228,Degradation of the extracellular matrix
CHEMBL2443,R-HSA-1474244,Extracellular matrix organization
CHEMBL2443,R-HSA-9725554,Differentiation of Keratinocytes in Interfollicular Epidermis in Mammalian Skin
CHEMBL2443,R-HSA-9734767,Developmental Cell Lineages
CHEMBL2443,R-HSA-9734779,Developmental Cell Lineages of the Integumentary System
CHEMBL2447,R-HSA-1430728,Metabolism
CHEMBL2447,R-HSA-15869,Metabolism of nucleotides
CHEMBL2447,R-HSA-73614,Pyrimidine salvage
CHEMBL2447,R-HSA-74217,Purine salvage
CHEMBL2447,R-HSA-8956321,Nucleotide salvage
CHEMBL245,R-HSA-1430728,Metabolism
CHEMBL245,R-HSA-162582,Signal Transduction
CHEMBL245,R-HSA-163685,Integration of energy metabolism
CHEMBL245,R-HSA-372790,Signaling by GPCR
CHEMBL245,R-HSA-373076,Class A/1 (Rhodopsin-like receptors)
CHEMBL245,R-HSA-375280,Amine ligand-binding receptors
CHEMBL245,R-HSA-388396,GPCR downstream signalling
CHEMBL245,R-HSA-390648,Muscarinic acetylcholine receptors
CHEMBL245,R-HSA-399997,Acetylcholine regulates insulin secretion
CHEMBL245,R-HSA-416476,G alpha (q) signalling events
CHEMBL245,R-HSA-422356,Regulation of insulin secretion
CHEMBL245,R-HSA-500792,GPCR ligand binding
CHEMBL2457,R-HSA-1430728,Metabolism
CHEMBL2457,R-HSA-2142753,Arachidonate metabolism
CHEMBL2457,R-HSA-2142770,Synthesis of 15-eicosatetraenoic acid derivatives
CHEMBL2457,R-HSA-556833,Metabolism of lipids
CHEMBL2457,R-HSA-8978868,Fatty acid metabolism
CHEMBL246,R-HSA-162582,Signal Transduction
CHEMBL246,R-HSA-372790,Signaling by GPCR
CHEMBL246,R-HSA-373076,Class A/1 (Rhodopsin-like receptors)
CHEMBL246,R-HSA-375280,Amine ligand-binding receptors
CHEMBL246,R-HSA-388396,GPCR downstream signalling
CHEMBL246,R-HSA-390696,Adrenoceptors
CHEMBL246,R-HSA-418555,G alpha (s) signalling events
CHEMBL246,R-HSA-500792,GPCR ligand binding
CHEMBL2465,R-HSA-1430728,Metabolism
CHEMBL2465,R-HSA-15869,Metabolism of nucleotides
CHEMBL2465,R-HSA-73621,Pyrimidine catabolism
CHEMBL2465,R-HSA-8956319,Nucleotide catabolism
CHEMBL2468,R-HSA-109581,Apoptosis
CHEMBL2468,R-HSA-418889,Caspase activation via Dependence Receptors in the absence of ligand
CHEMBL2468,R-HSA-5357769,Caspase activation via extrinsic apoptotic signalling pathway
CHEMBL2468,R-HSA-5357801,Programmed Cell Death
CHEMBL2469,R-HSA-1430728,Metabolism
CHEMBL2469,R-HSA-15869,Metabolism of nucleotides
CHEMBL2469,R-HSA-73614,Pyrimidine salvage
CHEMBL2469,R-HSA-8956321,Nucleotide salvage
CHEMBL2476,R-HSA-112316,Neuronal System
CHEMBL2476,R-HSA-1266738,Developmental Biology
CHEMBL2476,R-HSA-1296071,Potassium Channels
CHEMBL2476,R-HSA-1296072,Voltage gated Potassium channels
CHEMBL2476,R-HSA-373760,L1CAM interactions
CHEMBL2476,R-HSA-422475,Axon guidance
CHEMBL2476,R-HSA-445095,Interaction between L1 and Ankyrins
CHEMBL2476,R-HSA-9675108,Nervous system development
CHEMBL2478,R-HSA-189085,Digestion of dietary carbohydrate
CHEMBL2478,R-HSA-8935690,Digestion
CHEMBL2478,R-HSA-8963743,Digestion and absorption
CHEMBL248,R-HSA-1442490,Collagen degradation
CHEMBL248,R-HSA-1474228,Degradation of the extracellular matrix
CHEMBL248,R-HSA-1474244,Extracellular matrix organization
CHEMBL248,R-HSA-157118,Signaling by NOTCH
CHEMBL248,R-HSA-1592389,Activation of Matrix Metalloproteinases
CHEMBL248,R-HSA-162582,Signal Transduction
CHEMBL248,R-HSA-166658,Complement cascade
CHEMBL248,R-HSA-168249,Innate Immune System
CHEMBL248,R-HSA-168256,Immune System
CHEMBL248,R-HSA-1912408,Pre-NOTCH Transcription and Translation
CHEMBL248,R-HSA-1912422,Pre-NOTCH Expression and Processing
CHEMBL248,R-HSA-5218859,Regulated Necrosis
CHEMBL248,R-HSA-5357801,Programmed Cell Death
CHEMBL248,R-HSA-5620971,Pyroptosis
CHEMBL248,R-HSA-6798695,Neutrophil degranulation
CHEMBL248,R-HSA-6803157,Antimicrobial peptides
CHEMBL248,R-HSA-977606,Regulation of Complement cascade
CHEMBL248,R-HSA-9911233,Expression of NOTCH2NL genes
CHEMBL2484,R-HSA-112314,Neurotransmitter receptors and postsynaptic signal transmission
CHEMBL2484,R-HSA-112315,Transmission across Chemical Synapses
CHEMBL2484,R-HSA-112316,Neuronal System
CHEMBL2484,R-HSA-181431,Acetylcholine binding and downstream events
CHEMBL2484,R-HSA-622323,Presynaptic nicotinic acetylcholine receptors
CHEMBL2484,R-HSA-622327,Postsynaptic nicotinic acetylcholine receptors
CHEMBL2484,R-HSA-629587,Highly sodium permeable postsynaptic acetylcholine nicotinic receptors
CHEMBL2487,R-HSA-109582,Hemostasis
CHEMBL2487,R-HSA-114608,Platelet degranulation 
CHEMBL2487,R-HSA-1280215,Cytokine Signaling in Immune system
CHEMBL2487,R-HSA-1474244,Extracellular matrix organization
CHEMBL2487,R-HSA-162582,Signal Transduction
CHEMBL2487,R-HSA-1643685,Disease
CHEMBL2487,R-HSA-166016,Toll Like Receptor 4 (TLR4) Cascade
CHEMBL2487,R-HSA-166058,MyD88:MAL(TIRAP) cascade initiated on plasma membrane
CHEMBL2487,R-HSA-166166,MyD88-independent TLR4 cascade 
CHEMBL2487,R-HSA-168138,Toll Like Receptor 9 (TLR9) Cascade
CHEMBL2487,R-HSA-168142,Toll Like Receptor 10 (TLR10) Cascade
CHEMBL2487,R-HSA-168164,Toll Like Receptor 3 (TLR3) Cascade
CHEMBL2487,R-HSA-168176,Toll Like Receptor 5 (TLR5) Cascade
CHEMBL2487,R-HSA-168179,Toll Like Receptor TLR1:TLR2 Cascade
CHEMBL2487,R-HSA-168181,Toll Like Receptor 7/8 (TLR7/8) Cascade
CHEMBL2487,R-HSA-168188,Toll Like Receptor TLR6:TLR2 Cascade
CHEMBL2487,R-HSA-168249,Innate Immune System
CHEMBL2487,R-HSA-168256,Immune System
CHEMBL2487,R-HSA-168643,"Nucleotide-binding domain, leucine rich repeat containing receptor (NLR) signaling pathways"
CHEMBL2487,R-HSA-168898,Toll-like Receptor Cascades
CHEMBL2487,R-HSA-168928,DDX58/IFIH1-mediated induction of interferon-alpha/beta
CHEMBL2487,R-HSA-181438,Toll Like Receptor 2 (TLR2) Cascade
CHEMBL2487,R-HSA-199991,Membrane Trafficking
CHEMBL2487,R-HSA-199992,trans-Golgi Network Vesicle Budding
CHEMBL2487,R-HSA-3000178,ECM proteoglycans
CHEMBL2487,R-HSA-372790,Signaling by GPCR
CHEMBL2487,R-HSA-373076,Class A/1 (Rhodopsin-like receptors)
CHEMBL2487,R-HSA-375276,Peptide ligand-binding receptors
CHEMBL2487,R-HSA-381426,Regulation of Insulin-like Growth Factor (IGF) transport and uptake by Insulin-like Growth Factor Binding Proteins (IGFBPs)
CHEMBL2487,R-HSA-388396,GPCR downstream signalling
CHEMBL2487,R-HSA-392499,Metabolism of proteins
CHEMBL2487,R-HSA-416476,G alpha (q) signalling events
CHEMBL2487,R-HSA-418594,G alpha (i) signalling events
CHEMBL2487,R-HSA-432720,Lysosome Vesicle Biogenesis
CHEMBL2487,R-HSA-444473,Formyl peptide receptors bind formyl peptides and many other ligands
CHEMBL2487,R-HSA-445989,TAK1-dependent IKK and NF-kappa-B activation  
CHEMBL2487,R-HSA-446652,Interleukin-1 family signaling
CHEMBL2487,R-HSA-449147,Signaling by Interleukins
CHEMBL2487,R-HSA-500792,GPCR ligand binding
CHEMBL2487,R-HSA-5653656,Vesicle-mediated transport
CHEMBL2487,R-HSA-5663205,Infectious disease
CHEMBL2487,R-HSA-597592,Post-translational protein modification
CHEMBL2487,R-HSA-622312,Inflammasomes
CHEMBL2487,R-HSA-76002,"Platelet activation, signaling and aggregation"
CHEMBL2487,R-HSA-76005,Response to elevated platelet cytosolic Ca2+
CHEMBL2487,R-HSA-844456,The NLRP3 inflammasome
CHEMBL2487,R-HSA-879415,Advanced glycosylation endproduct receptor signaling
CHEMBL2487,R-HSA-8862803,Deregulated CDK5 triggers multiple neurodegenerative pathways in Alzheimer's disease models
CHEMBL2487,R-HSA-8863678,Neurodegenerative Diseases
CHEMBL2487,R-HSA-8957275,Post-translational protein phosphorylation
CHEMBL2487,R-HSA-9020702,Interleukin-1 signaling
CHEMBL2487,R-HSA-933542,TRAF6 mediated NF-kB activation
CHEMBL2487,R-HSA-937061,TRIF (TICAM1)-mediated TLR4 signaling 
CHEMBL2487,R-HSA-9609507,Protein localization
CHEMBL2487,R-HSA-9609523,Insertion of tail-anchored proteins into the endoplasmic reticulum membrane
CHEMBL2487,R-HSA-9645723,Diseases of programmed cell death
CHEMBL2487,R-HSA-9658195,Leishmania infection
CHEMBL2487,R-HSA-9660826,Purinergic signaling in leishmaniasis infection
CHEMBL2487,R-HSA-9664424,Cell recruitment (pro-inflammatory response)
CHEMBL2487,R-HSA-9734009,Defective Intrinsic Pathway for Apoptosis
CHEMBL2487,R-HSA-975138,TRAF6 mediated induction of NFkB and MAP kinases upon TLR7/8 or 9 activation
CHEMBL2487,R-HSA-975155,MyD88 dependent cascade initiated on endosome
CHEMBL2487,R-HSA-975871,MyD88 cascade initiated on plasma membrane
CHEMBL2487,R-HSA-977225,Amyloid fiber formation
CHEMBL2487,R-HSA-9824443,Parasitic Infection Pathways
CHEMBL2487,R-HSA-9837999,Mitochondrial protein degradation
CHEMBL249,R-HSA-162582,Signal Transduction
CHEMBL249,R-HSA-199991,Membrane Trafficking
CHEMBL249,R-HSA-372790,Signaling by GPCR
CHEMBL249,R-HSA-373076,Class A/1 (Rhodopsin-like receptors)
CHEMBL249,R-HSA-375276,Peptide ligand-binding receptors
CHEMBL249,R-HSA-380095,Tachykinin receptors bind tachykinins
CHEMBL249,R-HSA-388396,GPCR downstream signalling
CHEMBL249,R-HSA-416476,G alpha (q) signalling events
CHEMBL249,R-HSA-500792,GPCR ligand binding
CHEMBL249,R-HSA-5653656,Vesicle-mediated transport
CHEMBL249,R-HSA-8856825,Cargo recognition for clathrin-mediated endocytosis
CHEMBL249,R-HSA-8856828,Clathrin-mediated endocytosis
CHEMBL2490,R-HSA-162582,Signal Transduction
CHEMBL2490,R-HSA-372790,Signaling by GPCR
CHEMBL2490,R-HSA-373076,Class A/1 (Rhodopsin-like receptors)
CHEMBL2490,R-HSA-375280,Amine ligand-binding receptors
CHEMBL2490,R-HSA-388396,GPCR downstream signalling
CHEMBL2490,R-HSA-390666,Serotonin receptors
CHEMBL2490,R-HSA-416476,G alpha (q) signalling events
CHEMBL2490,R-HSA-500792,GPCR ligand binding
CHEMBL2492,R-HSA-112314,Neurotransmitter receptors and postsynaptic signal transmission
CHEMBL2492,R-HSA-112315,Transmission across Chemical Synapses
CHEMBL2492,R-HSA-112316,Neuronal System
CHEMBL2492,R-HSA-181431,Acetylcholine binding and downstream events
CHEMBL2492,R-HSA-622327,Postsynaptic nicotinic acetylcholine receptors
CHEMBL2492,R-HSA-629594,Highly calcium permeable postsynaptic nicotinic acetylcholine receptors
CHEMBL2493,R-HSA-112314,Neurotransmitter receptors and postsynaptic signal transmission
CHEMBL2493,R-HSA-112315,Transmission across Chemical Synapses
CHEMBL2493,R-HSA-112316,Neuronal System
CHEMBL2493,R-HSA-438064,Post NMDA receptor activation events
CHEMBL2493,R-HSA-442755,Activation of NMDA receptors and postsynaptic events
CHEMBL2493,R-HSA-9617324,Negative regulation of NMDA receptor-mediated neuronal transmission
CHEMBL2493,R-HSA-9619229,Activation of RAC1 downstream of NMDARs
CHEMBL2494,R-HSA-111885,Opioid Signalling
CHEMBL2494,R-HSA-111932,CaMK IV-mediated phosphorylation of CREB
CHEMBL2494,R-HSA-111933,Calmodulin induced events
CHEMBL2494,R-HSA-111996,Ca-dependent events
CHEMBL2494,R-HSA-111997,CaM pathway
CHEMBL2494,R-HSA-112040,G-protein mediated events
CHEMBL2494,R-HSA-112043,PLC beta mediated events
CHEMBL2494,R-HSA-112314,Neurotransmitter receptors and postsynaptic signal transmission
CHEMBL2494,R-HSA-112315,Transmission across Chemical Synapses
CHEMBL2494,R-HSA-112316,Neuronal System
CHEMBL2494,R-HSA-1489509,DAG and IP3 signaling
CHEMBL2494,R-HSA-1592230,Mitochondrial biogenesis
CHEMBL2494,R-HSA-162582,Signal Transduction
CHEMBL2494,R-HSA-1643685,Disease
CHEMBL2494,R-HSA-1852241,Organelle biogenesis and maintenance
CHEMBL2494,R-HSA-212436,Generic Transcription Pathway
CHEMBL2494,R-HSA-2151201,Transcriptional activation of mitochondrial biogenesis
CHEMBL2494,R-HSA-372790,Signaling by GPCR
CHEMBL2494,R-HSA-388396,GPCR downstream signalling
CHEMBL2494,R-HSA-418594,G alpha (i) signalling events
CHEMBL2494,R-HSA-438064,Post NMDA receptor activation events
CHEMBL2494,R-HSA-442729,CREB1 phosphorylation through the activation of CaMKII/CaMKK/CaMKIV cascasde
CHEMBL2494,R-HSA-442755,Activation of NMDA receptors and postsynaptic events
CHEMBL2494,R-HSA-73857,RNA Polymerase II Transcription
CHEMBL2494,R-HSA-74160,Gene expression (Transcription)
CHEMBL2494,R-HSA-8986944,Transcriptional Regulation by MECP2
CHEMBL2494,R-HSA-9005891,Loss of function of MECP2 in Rett syndrome
CHEMBL2494,R-HSA-9005895,Pervasive developmental disorders
CHEMBL2494,R-HSA-9006925,Intracellular signaling by second messengers
CHEMBL2494,R-HSA-9022535,Loss of phosphorylation of MECP2 at T308
CHEMBL2494,R-HSA-9022692,Regulation of MECP2 expression and activity
CHEMBL2494,R-HSA-9617324,Negative regulation of NMDA receptor-mediated neuronal transmission
CHEMBL2494,R-HSA-9675151,Disorders of Developmental Biology
CHEMBL2494,R-HSA-9697154,Disorders of Nervous System Development
CHEMBL2498,R-HSA-109582,Hemostasis
CHEMBL2498,R-HSA-109704,PI3K Cascade
CHEMBL2498,R-HSA-112399,IRS-mediated signalling
CHEMBL2498,R-HSA-114604,GPVI-mediated activation cascade
CHEMBL2498,R-HSA-1226099,Signaling by FGFR in disease
CHEMBL2498,R-HSA-1227986,Signaling by ERBB2
CHEMBL2498,R-HSA-1227990,Signaling by ERBB2 in Cancer
CHEMBL2498,R-HSA-1236382,Constitutive Signaling by Ligand-Responsive EGFR Cancer Variants
CHEMBL2498,R-HSA-1236394,Signaling by ERBB4
CHEMBL2498,R-HSA-1250342,PI3K events in ERBB4 signaling
CHEMBL2498,R-HSA-1257604,PIP3 activates AKT signaling
CHEMBL2498,R-HSA-1266738,Developmental Biology
CHEMBL2498,R-HSA-1280215,Cytokine Signaling in Immune system
CHEMBL2498,R-HSA-1280218,Adaptive Immune System
CHEMBL2498,R-HSA-1430728,Metabolism
CHEMBL2498,R-HSA-1433557,Signaling by SCF-KIT
CHEMBL2498,R-HSA-1483255,PI Metabolism
CHEMBL2498,R-HSA-1483257,Phospholipid metabolism
CHEMBL2498,R-HSA-1500931,Cell-Cell communication
CHEMBL2498,R-HSA-162582,Signal Transduction
CHEMBL2498,R-HSA-1643685,Disease
CHEMBL2498,R-HSA-1643713,Signaling by EGFR in Cancer
CHEMBL2498,R-HSA-1660499,Synthesis of PIPs at the plasma membrane
CHEMBL2498,R-HSA-166520,Signaling by NTRKs
CHEMBL2498,R-HSA-168249,Innate Immune System
CHEMBL2498,R-HSA-168256,Immune System
CHEMBL2498,R-HSA-177929,Signaling by EGFR
CHEMBL2498,R-HSA-180292,GAB1 signalosome
CHEMBL2498,R-HSA-1839117,Signaling by cytosolic FGFR1 fusion mutants
CHEMBL2498,R-HSA-1839124,FGFR1 mutant receptor activation
CHEMBL2498,R-HSA-186763,Downstream signal transduction
CHEMBL2498,R-HSA-186797,Signaling by PDGF
CHEMBL2498,R-HSA-187037,Signaling by NTRK1 (TRKA)
CHEMBL2498,R-HSA-190236,Signaling by FGFR
CHEMBL2498,R-HSA-194138,Signaling by VEGF
CHEMBL2498,R-HSA-194315,Signaling by Rho GTPases
CHEMBL2498,R-HSA-1963642,PI3K events in ERBB2 signaling
CHEMBL2498,R-HSA-198203,PI3K/AKT activation
CHEMBL2498,R-HSA-199418,Negative regulation of the PI3K/AKT network
CHEMBL2498,R-HSA-201556,Signaling by ALK
CHEMBL2498,R-HSA-202403,TCR signaling
CHEMBL2498,R-HSA-202424,Downstream TCR signaling
CHEMBL2498,R-HSA-202733,Cell surface interactions at the vascular wall
CHEMBL2498,R-HSA-2029480,Fcgamma receptor (FCGR) dependent phagocytosis
CHEMBL2498,R-HSA-2029485,Role of phospholipids in phagocytosis
CHEMBL2498,R-HSA-210993,Tie2 Signaling
CHEMBL2498,R-HSA-2172127,DAP12 interactions
CHEMBL2498,R-HSA-2219528,PI3K/AKT Signaling in Cancer
CHEMBL2498,R-HSA-2219530,Constitutive Signaling by Aberrant PI3K in Cancer
CHEMBL2498,R-HSA-2404192,Signaling by Type 1 Insulin-like Growth Factor 1 Receptor (IGF1R)
CHEMBL2498,R-HSA-2424491,DAP12 signaling
CHEMBL2498,R-HSA-2428924,IGF1R signaling cascade
CHEMBL2498,R-HSA-2428928,IRS-related events triggered by IGF1R
CHEMBL2498,R-HSA-2454202,Fc epsilon receptor (FCERI) signaling
CHEMBL2498,R-HSA-2730905,Role of LAT2/NTAL/LAB on calcium mobilization
CHEMBL2498,R-HSA-372790,Signaling by GPCR
CHEMBL2498,R-HSA-373753,Nephrin family interactions
CHEMBL2498,R-HSA-388396,GPCR downstream signalling
CHEMBL2498,R-HSA-388841,Regulation of T cell activation by CD28 family
CHEMBL2498,R-HSA-389356,Co-stimulation by CD28
CHEMBL2498,R-HSA-389357,CD28 dependent PI3K/Akt signaling
CHEMBL2498,R-HSA-416476,G alpha (q) signalling events
CHEMBL2498,R-HSA-422475,Axon guidance
CHEMBL2498,R-HSA-4420097,VEGFA-VEGFR2 Pathway
CHEMBL2498,R-HSA-449147,Signaling by Interleukins
CHEMBL2498,R-HSA-451927,Interleukin-2 family signaling
CHEMBL2498,R-HSA-512988,"Interleukin-3, Interleukin-5 and GM-CSF signaling"
CHEMBL2498,R-HSA-556833,Metabolism of lipids
CHEMBL2498,R-HSA-5637810,Constitutive Signaling by EGFRvIII
CHEMBL2498,R-HSA-5637812,Signaling by EGFRvIII in Cancer
CHEMBL2498,R-HSA-5637815,Signaling by Ligand-Responsive EGFR Variants in Cancer
CHEMBL2498,R-HSA-5654687,Downstream signaling of activated FGFR1
CHEMBL2498,R-HSA-5654689,PI-3K cascade:FGFR1
CHEMBL2498,R-HSA-5654695,PI-3K cascade:FGFR2
CHEMBL2498,R-HSA-5654696,Downstream signaling of activated FGFR2
CHEMBL2498,R-HSA-5654708,Downstream signaling of activated FGFR3
CHEMBL2498,R-HSA-5654710,PI-3K cascade:FGFR3
CHEMBL2498,R-HSA-5654716,Downstream signaling of activated FGFR4
CHEMBL2498,R-HSA-5654720,PI-3K cascade:FGFR4
CHEMBL2498,R-HSA-5654736,Signaling by FGFR1
CHEMBL2498,R-HSA-5654738,Signaling by FGFR2
CHEMBL2498,R-HSA-5654741,Signaling by FGFR3
CHEMBL2498,R-HSA-5654743,Signaling by FGFR4
CHEMBL2498,R-HSA-5655253,Signaling by FGFR2 in disease
CHEMBL2498,R-HSA-5655291,Signaling by FGFR4 in disease
CHEMBL2498,R-HSA-5655302,Signaling by FGFR1 in disease
CHEMBL2498,R-HSA-5655332,Signaling by FGFR3 in disease
CHEMBL2498,R-HSA-5663202,Diseases of signal transduction by growth factor receptors and second messengers
CHEMBL2498,R-HSA-5673001,RAF/MAP kinase cascade
CHEMBL2498,R-HSA-5683057,MAPK family signaling cascades
CHEMBL2498,R-HSA-5684996,MAPK1/MAPK3 signaling
CHEMBL2498,R-HSA-6806834,Signaling by MET
CHEMBL2498,R-HSA-6811558,"PI5P, PP2A and IER3 Regulate PI3K/AKT Signaling"
CHEMBL2498,R-HSA-74751,Insulin receptor signalling cascade
CHEMBL2498,R-HSA-74752,Signaling by Insulin receptor
CHEMBL2498,R-HSA-76002,"Platelet activation, signaling and aggregation"
CHEMBL2498,R-HSA-8851907,MET activates PI3K/AKT signaling
CHEMBL2498,R-HSA-8853659,RET signaling
CHEMBL2498,R-HSA-8939211,ESR-mediated signaling
CHEMBL2498,R-HSA-8953897,Cellular responses to stimuli
CHEMBL2498,R-HSA-9006115,Signaling by NTRK2 (TRKB)
CHEMBL2498,R-HSA-9006335,Signaling by Erythropoietin
CHEMBL2498,R-HSA-9006925,Intracellular signaling by second messengers
CHEMBL2498,R-HSA-9006931,Signaling by Nuclear Receptors
CHEMBL2498,R-HSA-9006934,Signaling by Receptor Tyrosine Kinases
CHEMBL2498,R-HSA-9009391,Extra-nuclear estrogen signaling
CHEMBL2498,R-HSA-9012999,RHO GTPase cycle
CHEMBL2498,R-HSA-9013149,RAC1 GTPase cycle
CHEMBL2498,R-HSA-9013404,RAC2 GTPase cycle
CHEMBL2498,R-HSA-9027276,Erythropoietin activates Phosphoinositide-3-kinase (PI3K)
CHEMBL2498,R-HSA-9028335,Activated NTRK2 signals through PI3K
CHEMBL2498,R-HSA-9034015,Signaling by NTRK3 (TRKC)
CHEMBL2498,R-HSA-912526,Interleukin receptor SHC signaling
CHEMBL2498,R-HSA-912631,Regulation of signaling by CBL
CHEMBL2498,R-HSA-9603381,Activated NTRK3 signals through PI3K
CHEMBL2498,R-HSA-9607240,FLT3 Signaling
CHEMBL2498,R-HSA-9664565,Signaling by ERBB2 KD Mutants
CHEMBL2498,R-HSA-9665348,Signaling by ERBB2 ECD mutants
CHEMBL2498,R-HSA-9669938,Signaling by KIT in disease
CHEMBL2498,R-HSA-9670439,"Signaling by phosphorylated juxtamembrane, extracellular and kinase domain KIT mutants"
CHEMBL2498,R-HSA-9671555,Signaling by PDGFR in disease
CHEMBL2498,R-HSA-9673767,"Signaling by PDGFRA transmembrane, juxtamembrane and kinase domain mutants"
CHEMBL2498,R-HSA-9673770,Signaling by PDGFRA extracellular domain mutants
CHEMBL2498,R-HSA-9675108,Nervous system development
CHEMBL2498,R-HSA-9680350,Signaling by CSF1 (M-CSF) in myeloid cells
CHEMBL2498,R-HSA-9682385,FLT3 signaling in disease
CHEMBL2498,R-HSA-9700206,Signaling by ALK in cancer
CHEMBL2498,R-HSA-9703465,Signaling by FLT3 fusion proteins
CHEMBL2498,R-HSA-9703648,Signaling by FLT3 ITD and TKD mutants
CHEMBL2498,R-HSA-9716542,"Signaling by Rho GTPases, Miro GTPases and RHOBTB3"
CHEMBL2498,R-HSA-9725370,Signaling by ALK fusions and activated point mutants
CHEMBL2498,R-HSA-9842640,Signaling by LTK in cancer
CHEMBL2498,R-HSA-9842663,Signaling by LTK
CHEMBL2498,R-HSA-9855142,Cellular responses to mechanical stimuli
CHEMBL2498,R-HSA-9856530,High laminar flow shear stress activates signaling by PIEZO1 and PECAM1:CDH5:KDR in endothelial cells
CHEMBL2498,R-HSA-9860931,Response of endothelial cells to shear stress
CHEMBL2498,R-HSA-9927354,Co-stimulation by ICOS
CHEMBL250,R-HSA-1280215,Cytokine Signaling in Immune system
CHEMBL250,R-HSA-162582,Signal Transduction
CHEMBL250,R-HSA-168249,Innate Immune System
CHEMBL250,R-HSA-168256,Immune System
CHEMBL250,R-HSA-372790,Signaling by GPCR
CHEMBL250,R-HSA-373076,Class A/1 (Rhodopsin-like receptors)
CHEMBL250,R-HSA-388396,GPCR downstream signalling
CHEMBL250,R-HSA-416476,G alpha (q) signalling events
CHEMBL250,R-HSA-449147,Signaling by Interleukins
CHEMBL250,R-HSA-500792,GPCR ligand binding
CHEMBL250,R-HSA-6783783,Interleukin-10 signaling
CHEMBL250,R-HSA-6798695,Neutrophil degranulation
CHEMBL250,R-HSA-877300,Interferon gamma signaling
CHEMBL250,R-HSA-913531,Interferon Signaling
CHEMBL2502,R-HSA-1430728,Metabolism
CHEMBL2502,R-HSA-2142753,Arachidonate metabolism
CHEMBL2502,R-HSA-2162123,Synthesis of Prostaglandins (PG) and Thromboxanes (TX)
CHEMBL2502,R-HSA-556833,Metabolism of lipids
CHEMBL2502,R-HSA-8978868,Fatty acid metabolism
CHEMBL2503,R-HSA-1428517,Aerobic respiration and respiratory electron transport
CHEMBL2503,R-HSA-1430728,Metabolism
CHEMBL2503,R-HSA-611105,Respiratory electron transport
CHEMBL2503,R-HSA-6799198,Complex I biogenesis
CHEMBL2506,R-HSA-109582,Hemostasis
CHEMBL2506,R-HSA-109704,PI3K Cascade
CHEMBL2506,R-HSA-112399,IRS-mediated signalling
CHEMBL2506,R-HSA-114604,GPVI-mediated activation cascade
CHEMBL2506,R-HSA-1226099,Signaling by FGFR in disease
CHEMBL2506,R-HSA-1227986,Signaling by ERBB2
CHEMBL2506,R-HSA-1227990,Signaling by ERBB2 in Cancer
CHEMBL2506,R-HSA-1236382,Constitutive Signaling by Ligand-Responsive EGFR Cancer Variants
CHEMBL2506,R-HSA-1236394,Signaling by ERBB4
CHEMBL2506,R-HSA-1250342,PI3K events in ERBB4 signaling
CHEMBL2506,R-HSA-1257604,PIP3 activates AKT signaling
CHEMBL2506,R-HSA-1266695,Interleukin-7 signaling
CHEMBL2506,R-HSA-1266738,Developmental Biology
CHEMBL2506,R-HSA-1280215,Cytokine Signaling in Immune system
CHEMBL2506,R-HSA-1280218,Adaptive Immune System
CHEMBL2506,R-HSA-1430728,Metabolism
CHEMBL2506,R-HSA-1433557,Signaling by SCF-KIT
CHEMBL2506,R-HSA-1483255,PI Metabolism
CHEMBL2506,R-HSA-1483257,Phospholipid metabolism
CHEMBL2506,R-HSA-1500931,Cell-Cell communication
CHEMBL2506,R-HSA-162582,Signal Transduction
CHEMBL2506,R-HSA-1643685,Disease
CHEMBL2506,R-HSA-1643713,Signaling by EGFR in Cancer
CHEMBL2506,R-HSA-1660499,Synthesis of PIPs at the plasma membrane
CHEMBL2506,R-HSA-166520,Signaling by NTRKs
CHEMBL2506,R-HSA-168249,Innate Immune System
CHEMBL2506,R-HSA-168256,Immune System
CHEMBL2506,R-HSA-177929,Signaling by EGFR
CHEMBL2506,R-HSA-180292,GAB1 signalosome
CHEMBL2506,R-HSA-1839117,Signaling by cytosolic FGFR1 fusion mutants
CHEMBL2506,R-HSA-1839124,FGFR1 mutant receptor activation
CHEMBL2506,R-HSA-186763,Downstream signal transduction
CHEMBL2506,R-HSA-186797,Signaling by PDGF
CHEMBL2506,R-HSA-187037,Signaling by NTRK1 (TRKA)
CHEMBL2506,R-HSA-190236,Signaling by FGFR
CHEMBL2506,R-HSA-194138,Signaling by VEGF
CHEMBL2506,R-HSA-194315,Signaling by Rho GTPases
CHEMBL2506,R-HSA-1963642,PI3K events in ERBB2 signaling
CHEMBL2506,R-HSA-198203,PI3K/AKT activation
CHEMBL2506,R-HSA-199418,Negative regulation of the PI3K/AKT network
CHEMBL2506,R-HSA-201556,Signaling by ALK
CHEMBL2506,R-HSA-202403,TCR signaling
CHEMBL2506,R-HSA-202424,Downstream TCR signaling
CHEMBL2506,R-HSA-202733,Cell surface interactions at the vascular wall
CHEMBL2506,R-HSA-2029480,Fcgamma receptor (FCGR) dependent phagocytosis
CHEMBL2506,R-HSA-2029485,Role of phospholipids in phagocytosis
CHEMBL2506,R-HSA-210993,Tie2 Signaling
CHEMBL2506,R-HSA-2172127,DAP12 interactions
CHEMBL2506,R-HSA-2219528,PI3K/AKT Signaling in Cancer
CHEMBL2506,R-HSA-2219530,Constitutive Signaling by Aberrant PI3K in Cancer
CHEMBL2506,R-HSA-2404192,Signaling by Type 1 Insulin-like Growth Factor 1 Receptor (IGF1R)
CHEMBL2506,R-HSA-2424491,DAP12 signaling
CHEMBL2506,R-HSA-2428924,IGF1R signaling cascade
CHEMBL2506,R-HSA-2428928,IRS-related events triggered by IGF1R
CHEMBL2506,R-HSA-2454202,Fc epsilon receptor (FCERI) signaling
CHEMBL2506,R-HSA-2730905,Role of LAT2/NTAL/LAB on calcium mobilization
CHEMBL2506,R-HSA-372790,Signaling by GPCR
CHEMBL2506,R-HSA-373753,Nephrin family interactions
CHEMBL2506,R-HSA-388396,GPCR downstream signalling
CHEMBL2506,R-HSA-388841,Regulation of T cell activation by CD28 family
CHEMBL2506,R-HSA-389356,Co-stimulation by CD28
CHEMBL2506,R-HSA-389357,CD28 dependent PI3K/Akt signaling
CHEMBL2506,R-HSA-416476,G alpha (q) signalling events
CHEMBL2506,R-HSA-422475,Axon guidance
CHEMBL2506,R-HSA-430116,GP1b-IX-V activation signalling
CHEMBL2506,R-HSA-4420097,VEGFA-VEGFR2 Pathway
CHEMBL2506,R-HSA-449147,Signaling by Interleukins
CHEMBL2506,R-HSA-451927,Interleukin-2 family signaling
CHEMBL2506,R-HSA-512988,"Interleukin-3, Interleukin-5 and GM-CSF signaling"
CHEMBL2506,R-HSA-556833,Metabolism of lipids
CHEMBL2506,R-HSA-5637810,Constitutive Signaling by EGFRvIII
CHEMBL2506,R-HSA-5637812,Signaling by EGFRvIII in Cancer
CHEMBL2506,R-HSA-5637815,Signaling by Ligand-Responsive EGFR Variants in Cancer
CHEMBL2506,R-HSA-5654687,Downstream signaling of activated FGFR1
CHEMBL2506,R-HSA-5654689,PI-3K cascade:FGFR1
CHEMBL2506,R-HSA-5654695,PI-3K cascade:FGFR2
CHEMBL2506,R-HSA-5654696,Downstream signaling of activated FGFR2
CHEMBL2506,R-HSA-5654708,Downstream signaling of activated FGFR3
CHEMBL2506,R-HSA-5654710,PI-3K cascade:FGFR3
CHEMBL2506,R-HSA-5654716,Downstream signaling of activated FGFR4
CHEMBL2506,R-HSA-5654720,PI-3K cascade:FGFR4
CHEMBL2506,R-HSA-5654736,Signaling by FGFR1
CHEMBL2506,R-HSA-5654738,Signaling by FGFR2
CHEMBL2506,R-HSA-5654741,Signaling by FGFR3
CHEMBL2506,R-HSA-5654743,Signaling by FGFR4
CHEMBL2506,R-HSA-5655253,Signaling by FGFR2 in disease
CHEMBL2506,R-HSA-5655291,Signaling by FGFR4 in disease
CHEMBL2506,R-HSA-5655302,Signaling by FGFR1 in disease
CHEMBL2506,R-HSA-5655332,Signaling by FGFR3 in disease
CHEMBL2506,R-HSA-5663202,Diseases of signal transduction by growth factor receptors and second messengers
CHEMBL2506,R-HSA-5663205,Infectious disease
CHEMBL2506,R-HSA-5673001,RAF/MAP kinase cascade
CHEMBL2506,R-HSA-5683057,MAPK family signaling cascades
CHEMBL2506,R-HSA-5684996,MAPK1/MAPK3 signaling
CHEMBL2506,R-HSA-6785807,Interleukin-4 and Interleukin-13 signaling
CHEMBL2506,R-HSA-6806834,Signaling by MET
CHEMBL2506,R-HSA-6811558,"PI5P, PP2A and IER3 Regulate PI3K/AKT Signaling"
CHEMBL2506,R-HSA-74751,Insulin receptor signalling cascade
CHEMBL2506,R-HSA-74752,Signaling by Insulin receptor
CHEMBL2506,R-HSA-76002,"Platelet activation, signaling and aggregation"
CHEMBL2506,R-HSA-8851907,MET activates PI3K/AKT signaling
CHEMBL2506,R-HSA-8853659,RET signaling
CHEMBL2506,R-HSA-8939211,ESR-mediated signaling
CHEMBL2506,R-HSA-8980692,RHOA GTPase cycle
CHEMBL2506,R-HSA-9006115,Signaling by NTRK2 (TRKB)
CHEMBL2506,R-HSA-9006335,Signaling by Erythropoietin
CHEMBL2506,R-HSA-9006925,Intracellular signaling by second messengers
CHEMBL2506,R-HSA-9006931,Signaling by Nuclear Receptors
CHEMBL2506,R-HSA-9006934,Signaling by Receptor Tyrosine Kinases
CHEMBL2506,R-HSA-9009391,Extra-nuclear estrogen signaling
CHEMBL2506,R-HSA-9012999,RHO GTPase cycle
CHEMBL2506,R-HSA-9013026,RHOB GTPase cycle
CHEMBL2506,R-HSA-9013106,RHOC GTPase cycle
CHEMBL2506,R-HSA-9013148,CDC42 GTPase cycle
CHEMBL2506,R-HSA-9013149,RAC1 GTPase cycle
CHEMBL2506,R-HSA-9013404,RAC2 GTPase cycle
CHEMBL2506,R-HSA-9013405,RHOD GTPase cycle
CHEMBL2506,R-HSA-9013408,RHOG GTPase cycle
CHEMBL2506,R-HSA-9013409,RHOJ GTPase cycle
CHEMBL2506,R-HSA-9013420,RHOU GTPase cycle
CHEMBL2506,R-HSA-9013423,RAC3 GTPase cycle
CHEMBL2506,R-HSA-9013424,RHOV GTPase cycle
CHEMBL2506,R-HSA-9027276,Erythropoietin activates Phosphoinositide-3-kinase (PI3K)
CHEMBL2506,R-HSA-9028335,Activated NTRK2 signals through PI3K
CHEMBL2506,R-HSA-9034015,Signaling by NTRK3 (TRKC)
CHEMBL2506,R-HSA-9035034,RHOF GTPase cycle
CHEMBL2506,R-HSA-912526,Interleukin receptor SHC signaling
CHEMBL2506,R-HSA-912631,Regulation of signaling by CBL
CHEMBL2506,R-HSA-9603381,Activated NTRK3 signals through PI3K
CHEMBL2506,R-HSA-9607240,FLT3 Signaling
CHEMBL2506,R-HSA-9664565,Signaling by ERBB2 KD Mutants
CHEMBL2506,R-HSA-9665348,Signaling by ERBB2 ECD mutants
CHEMBL2506,R-HSA-9669938,Signaling by KIT in disease
CHEMBL2506,R-HSA-9670439,"Signaling by phosphorylated juxtamembrane, extracellular and kinase domain KIT mutants"
CHEMBL2506,R-HSA-9671555,Signaling by PDGFR in disease
CHEMBL2506,R-HSA-9673767,"Signaling by PDGFRA transmembrane, juxtamembrane and kinase domain mutants"
CHEMBL2506,R-HSA-9673770,Signaling by PDGFRA extracellular domain mutants
CHEMBL2506,R-HSA-9675108,Nervous system development
CHEMBL2506,R-HSA-9680350,Signaling by CSF1 (M-CSF) in myeloid cells
CHEMBL2506,R-HSA-9682385,FLT3 signaling in disease
CHEMBL2506,R-HSA-9696264,RND3 GTPase cycle
CHEMBL2506,R-HSA-9696270,RND2 GTPase cycle
CHEMBL2506,R-HSA-9696273,RND1 GTPase cycle
CHEMBL2506,R-HSA-9700206,Signaling by ALK in cancer
CHEMBL2506,R-HSA-9703465,Signaling by FLT3 fusion proteins
CHEMBL2506,R-HSA-9703648,Signaling by FLT3 ITD and TKD mutants
CHEMBL2506,R-HSA-9716542,"Signaling by Rho GTPases, Miro GTPases and RHOBTB3"
CHEMBL2506,R-HSA-9725370,Signaling by ALK fusions and activated point mutants
CHEMBL2506,R-HSA-9824446,Viral Infection Pathways
CHEMBL2506,R-HSA-983695,Antigen activates B Cell Receptor (BCR) leading to generation of second messengers
CHEMBL2506,R-HSA-983705,Signaling by the B Cell Receptor (BCR)
CHEMBL2506,R-HSA-9839923,Dengue Virus Infection
CHEMBL2506,R-HSA-9842640,Signaling by LTK in cancer
CHEMBL2506,R-HSA-9842663,Signaling by LTK
CHEMBL2506,R-HSA-9918485,Dengue Virus Attachment and Entry
CHEMBL2506,R-HSA-9927354,Co-stimulation by ICOS
CHEMBL2508,R-HSA-1640170,Cell Cycle
CHEMBL2508,R-HSA-1643685,Disease
CHEMBL2508,R-HSA-212436,Generic Transcription Pathway
CHEMBL2508,R-HSA-2262752,Cellular responses to stress
CHEMBL2508,R-HSA-2559580,Oxidative Stress Induced Senescence
CHEMBL2508,R-HSA-2559582,Senescence-Associated Secretory Phenotype (SASP)
CHEMBL2508,R-HSA-2559583,Cellular Senescence
CHEMBL2508,R-HSA-2559585,Oncogene Induced Senescence
CHEMBL2508,R-HSA-453279,Mitotic G1 phase and G1/S transition
CHEMBL2508,R-HSA-69231,Cyclin D associated events in G1
CHEMBL2508,R-HSA-69236,G1 Phase
CHEMBL2508,R-HSA-69278,"Cell Cycle, Mitotic"
CHEMBL2508,R-HSA-73857,RNA Polymerase II Transcription
CHEMBL2508,R-HSA-74160,Gene expression (Transcription)
CHEMBL2508,R-HSA-8878171,Transcriptional regulation by RUNX1
CHEMBL2508,R-HSA-8934593,Regulation of RUNX1 Expression and Activity
CHEMBL2508,R-HSA-8953897,Cellular responses to stimuli
CHEMBL2508,R-HSA-9630747,Diseases of Cellular Senescence
CHEMBL2508,R-HSA-9630750,Evasion of Oncogene Induced Senescence Due to p16INK4A Defects
CHEMBL2508,R-HSA-9630794,Evasion of Oncogene Induced Senescence Due to Defective p16INK4A binding to CDK4 and CDK6
CHEMBL2508,R-HSA-9632693,Evasion of Oxidative Stress Induced Senescence Due to p16INK4A Defects
CHEMBL2508,R-HSA-9632700,Evasion of Oxidative Stress Induced Senescence Due to Defective p16INK4A binding to CDK4 and CDK6
CHEMBL2508,R-HSA-9659787,Aberrant regulation of mitotic G1/S transition in cancer due to RB1 defects
CHEMBL2508,R-HSA-9661069,"Defective binding of RB1 mutants to E2F1,(E2F2, E2F3)"
CHEMBL2508,R-HSA-9675126,Diseases of mitotic cell cycle
CHEMBL2508,R-HSA-9675132,Diseases of cellular response to stress
CHEMBL2508,R-HSA-9687139,Aberrant regulation of mitotic cell cycle due to RB1 defects
CHEMBL2508,R-HSA-9754119,Drug-mediated inhibition of CDK4/CDK6 activity
CHEMBL251,R-HSA-162582,Signal Transduction
CHEMBL251,R-HSA-166520,Signaling by NTRKs
CHEMBL251,R-HSA-187015,Activation of TRKA receptors
CHEMBL251,R-HSA-187024,NGF-independant TRKA activation
CHEMBL251,R-HSA-187037,Signaling by NTRK1 (TRKA)
CHEMBL251,R-HSA-372790,Signaling by GPCR
CHEMBL251,R-HSA-373076,Class A/1 (Rhodopsin-like receptors)
CHEMBL251,R-HSA-388396,GPCR downstream signalling
CHEMBL251,R-HSA-392499,Metabolism of proteins
CHEMBL251,R-HSA-417973,Adenosine P1 receptors
CHEMBL251,R-HSA-418038,Nucleotide-like (purinergic) receptors
CHEMBL251,R-HSA-418555,G alpha (s) signalling events
CHEMBL251,R-HSA-500792,GPCR ligand binding
CHEMBL251,R-HSA-5683826,Surfactant metabolism
CHEMBL251,R-HSA-9006934,Signaling by Receptor Tyrosine Kinases
CHEMBL2514,R-HSA-162582,Signal Transduction
CHEMBL2514,R-HSA-372790,Signaling by GPCR
CHEMBL2514,R-HSA-373076,Class A/1 (Rhodopsin-like receptors)
CHEMBL2514,R-HSA-375276,Peptide ligand-binding receptors
CHEMBL2514,R-HSA-388396,GPCR downstream signalling
CHEMBL2514,R-HSA-416476,G alpha (q) signalling events
CHEMBL2514,R-HSA-500792,GPCR ligand binding
CHEMBL2517,R-HSA-1280218,Adaptive Immune System
CHEMBL2517,R-HSA-168256,Immune System
CHEMBL2517,R-HSA-2132295,MHC class II antigen presentation
CHEMBL252,R-HSA-162582,Signal Transduction
CHEMBL252,R-HSA-372790,Signaling by GPCR
CHEMBL252,R-HSA-373076,Class A/1 (Rhodopsin-like receptors)
CHEMBL252,R-HSA-375276,Peptide ligand-binding receptors
CHEMBL252,R-HSA-388396,GPCR downstream signalling
CHEMBL252,R-HSA-416476,G alpha (q) signalling events
CHEMBL252,R-HSA-500792,GPCR ligand binding
CHEMBL2524,R-HSA-1430728,Metabolism
CHEMBL2524,R-HSA-1660662,Glycosphingolipid metabolism
CHEMBL2524,R-HSA-168249,Innate Immune System
CHEMBL2524,R-HSA-168256,Immune System
CHEMBL2524,R-HSA-428157,Sphingolipid metabolism
CHEMBL2524,R-HSA-556833,Metabolism of lipids
CHEMBL2524,R-HSA-6798695,Neutrophil degranulation
CHEMBL2524,R-HSA-9840310,Glycosphingolipid catabolism
CHEMBL2527,R-HSA-1640170,Cell Cycle
CHEMBL2527,R-HSA-212436,Generic Transcription Pathway
CHEMBL2527,R-HSA-3700989,Transcriptional Regulation by TP53
CHEMBL2527,R-HSA-5633007,Regulation of TP53 Activity
CHEMBL2527,R-HSA-5693532,DNA Double-Strand Break Repair
CHEMBL2527,R-HSA-5693565,Recruitment and ATM-mediated phosphorylation of repair and signaling proteins at DNA double strand breaks
CHEMBL2527,R-HSA-5693606,DNA Double Strand Break Response
CHEMBL2527,R-HSA-6804756,Regulation of TP53 Activity through Phosphorylation
CHEMBL2527,R-HSA-6804757,Regulation of TP53 Degradation
CHEMBL2527,R-HSA-6804760,Regulation of TP53 Activity through Methylation
CHEMBL2527,R-HSA-6806003,Regulation of TP53 Expression and Degradation
CHEMBL2527,R-HSA-69473,G2/M DNA damage checkpoint
CHEMBL2527,R-HSA-69481,G2/M Checkpoints
CHEMBL2527,R-HSA-69541,Stabilization of p53
CHEMBL2527,R-HSA-69563,p53-Dependent G1 DNA Damage Response
CHEMBL2527,R-HSA-69580,p53-Dependent G1/S DNA damage checkpoint
CHEMBL2527,R-HSA-69601,Ubiquitin-Mediated Degradation of Phosphorylated Cdc25A
CHEMBL2527,R-HSA-69613,p53-Independent G1/S DNA Damage Checkpoint
CHEMBL2527,R-HSA-69615,G1/S DNA Damage Checkpoints
CHEMBL2527,R-HSA-69620,Cell Cycle Checkpoints
CHEMBL2527,R-HSA-73857,RNA Polymerase II Transcription
CHEMBL2527,R-HSA-73894,DNA Repair
CHEMBL2527,R-HSA-74160,Gene expression (Transcription)
CHEMBL2527,R-HSA-75035,Chk1/Chk2(Cds1) mediated inactivation of Cyclin B:Cdk1 complex
CHEMBL253,R-HSA-162582,Signal Transduction
CHEMBL253,R-HSA-372790,Signaling by GPCR
CHEMBL253,R-HSA-373076,Class A/1 (Rhodopsin-like receptors)
CHEMBL253,R-HSA-388396,GPCR downstream signalling
CHEMBL253,R-HSA-418594,G alpha (i) signalling events
CHEMBL253,R-HSA-500792,GPCR ligand binding
CHEMBL2531,R-HSA-109582,Hemostasis
CHEMBL2531,R-HSA-139853,Elevation of cytosolic Ca2+ levels
CHEMBL2531,R-HSA-418346,Platelet homeostasis
CHEMBL2531,R-HSA-418360,Platelet calcium homeostasis
CHEMBL2534,R-HSA-109582,Hemostasis
CHEMBL2534,R-HSA-109704,PI3K Cascade
CHEMBL2534,R-HSA-112314,Neurotransmitter receptors and postsynaptic signal transmission
CHEMBL2534,R-HSA-112315,Transmission across Chemical Synapses
CHEMBL2534,R-HSA-112316,Neuronal System
CHEMBL2534,R-HSA-112399,IRS-mediated signalling
CHEMBL2534,R-HSA-114604,GPVI-mediated activation cascade
CHEMBL2534,R-HSA-1257604,PIP3 activates AKT signaling
CHEMBL2534,R-HSA-1280218,Adaptive Immune System
CHEMBL2534,R-HSA-162582,Signal Transduction
CHEMBL2534,R-HSA-1643685,Disease
CHEMBL2534,R-HSA-165158,Activation of AKT2
CHEMBL2534,R-HSA-168249,Innate Immune System
CHEMBL2534,R-HSA-168256,Immune System
CHEMBL2534,R-HSA-194138,Signaling by VEGF
CHEMBL2534,R-HSA-194315,Signaling by Rho GTPases
CHEMBL2534,R-HSA-195258,RHO GTPase Effectors
CHEMBL2534,R-HSA-202403,TCR signaling
CHEMBL2534,R-HSA-202424,Downstream TCR signaling
CHEMBL2534,R-HSA-212436,Generic Transcription Pathway
CHEMBL2534,R-HSA-2219528,PI3K/AKT Signaling in Cancer
CHEMBL2534,R-HSA-2404192,Signaling by Type 1 Insulin-like Growth Factor 1 Receptor (IGF1R)
CHEMBL2534,R-HSA-2428924,IGF1R signaling cascade
CHEMBL2534,R-HSA-2428928,IRS-related events triggered by IGF1R
CHEMBL2534,R-HSA-2454202,Fc epsilon receptor (FCERI) signaling
CHEMBL2534,R-HSA-2730905,Role of LAT2/NTAL/LAB on calcium mobilization
CHEMBL2534,R-HSA-2871837,FCERI mediated NF-kB activation
CHEMBL2534,R-HSA-354192,Integrin signaling
CHEMBL2534,R-HSA-3700989,Transcriptional Regulation by TP53
CHEMBL2534,R-HSA-372790,Signaling by GPCR
CHEMBL2534,R-HSA-388396,GPCR downstream signalling
CHEMBL2534,R-HSA-388841,Regulation of T cell activation by CD28 family
CHEMBL2534,R-HSA-389356,Co-stimulation by CD28
CHEMBL2534,R-HSA-389357,CD28 dependent PI3K/Akt signaling
CHEMBL2534,R-HSA-392451,G beta:gamma signalling through PI3Kgamma
CHEMBL2534,R-HSA-397795,G-protein beta:gamma signalling
CHEMBL2534,R-HSA-438064,Post NMDA receptor activation events
CHEMBL2534,R-HSA-4420097,VEGFA-VEGFR2 Pathway
CHEMBL2534,R-HSA-442742,CREB1 phosphorylation through NMDA receptor-mediated activation of RAS signaling
CHEMBL2534,R-HSA-442755,Activation of NMDA receptors and postsynaptic events
CHEMBL2534,R-HSA-444257,RSK activation
CHEMBL2534,R-HSA-5218920,VEGFR2 mediated vascular permeability
CHEMBL2534,R-HSA-5218921,VEGFR2 mediated cell proliferation
CHEMBL2534,R-HSA-5607764,CLEC7A (Dectin-1) signaling
CHEMBL2534,R-HSA-5621481,C-type lectin receptors (CLRs)
CHEMBL2534,R-HSA-5625740,RHO GTPases activate PKNs
CHEMBL2534,R-HSA-5633007,Regulation of TP53 Activity
CHEMBL2534,R-HSA-5663202,Diseases of signal transduction by growth factor receptors and second messengers
CHEMBL2534,R-HSA-5663205,Infectious disease
CHEMBL2534,R-HSA-5674400,Constitutive Signaling by AKT1 E17K in Cancer
CHEMBL2534,R-HSA-6804757,Regulation of TP53 Degradation
CHEMBL2534,R-HSA-6806003,Regulation of TP53 Expression and Degradation
CHEMBL2534,R-HSA-73857,RNA Polymerase II Transcription
CHEMBL2534,R-HSA-74160,Gene expression (Transcription)
CHEMBL2534,R-HSA-74751,Insulin receptor signalling cascade
CHEMBL2534,R-HSA-74752,Signaling by Insulin receptor
CHEMBL2534,R-HSA-76002,"Platelet activation, signaling and aggregation"
CHEMBL2534,R-HSA-76009,Platelet Aggregation (Plug Formation)
CHEMBL2534,R-HSA-8939211,ESR-mediated signaling
CHEMBL2534,R-HSA-8953897,Cellular responses to stimuli
CHEMBL2534,R-HSA-9006925,Intracellular signaling by second messengers
CHEMBL2534,R-HSA-9006931,Signaling by Nuclear Receptors
CHEMBL2534,R-HSA-9006934,Signaling by Receptor Tyrosine Kinases
CHEMBL2534,R-HSA-9009391,Extra-nuclear estrogen signaling
CHEMBL2534,R-HSA-9634635,Estrogen-stimulated signaling through PRKCZ
CHEMBL2534,R-HSA-9678108,SARS-CoV-1 Infection
CHEMBL2534,R-HSA-9679506,SARS-CoV Infections
CHEMBL2534,R-HSA-9692914,SARS-CoV-1-host interactions
CHEMBL2534,R-HSA-9694516,SARS-CoV-2 Infection
CHEMBL2534,R-HSA-9705683,SARS-CoV-2-host interactions
CHEMBL2534,R-HSA-9716542,"Signaling by Rho GTPases, Miro GTPases and RHOBTB3"
CHEMBL2534,R-HSA-9735871,SARS-CoV-1 targets host intracellular signalling and regulatory pathways
CHEMBL2534,R-HSA-9755779,SARS-CoV-2 targets host intracellular signalling and regulatory pathways
CHEMBL2534,R-HSA-9824446,Viral Infection Pathways
CHEMBL2534,R-HSA-9855142,Cellular responses to mechanical stimuli
CHEMBL2534,R-HSA-9856530,High laminar flow shear stress activates signaling by PIEZO1 and PECAM1:CDH5:KDR in endothelial cells
CHEMBL2534,R-HSA-9860931,Response of endothelial cells to shear stress
CHEMBL2536,R-HSA-1430728,Metabolism
CHEMBL2536,R-HSA-1483148,Synthesis of PG
CHEMBL2536,R-HSA-1483166,Synthesis of PA
CHEMBL2536,R-HSA-1483206,Glycerophospholipid biosynthesis
CHEMBL2536,R-HSA-1483257,Phospholipid metabolism
CHEMBL2536,R-HSA-162582,Signal Transduction
CHEMBL2536,R-HSA-168249,Innate Immune System
CHEMBL2536,R-HSA-168256,Immune System
CHEMBL2536,R-HSA-194315,Signaling by Rho GTPases
CHEMBL2536,R-HSA-2029480,Fcgamma receptor (FCGR) dependent phagocytosis
CHEMBL2536,R-HSA-2029485,Role of phospholipids in phagocytosis
CHEMBL2536,R-HSA-556833,Metabolism of lipids
CHEMBL2536,R-HSA-6798695,Neutrophil degranulation
CHEMBL2536,R-HSA-8980692,RHOA GTPase cycle
CHEMBL2536,R-HSA-9012999,RHO GTPase cycle
CHEMBL2536,R-HSA-9013148,CDC42 GTPase cycle
CHEMBL2536,R-HSA-9013149,RAC1 GTPase cycle
CHEMBL2536,R-HSA-9013408,RHOG GTPase cycle
CHEMBL2536,R-HSA-9716542,"Signaling by Rho GTPases, Miro GTPases and RHOBTB3"
CHEMBL254,R-HSA-111885,Opioid Signalling
CHEMBL254,R-HSA-162582,Signal Transduction
CHEMBL254,R-HSA-180024,DARPP-32 events
CHEMBL254,R-HSA-372790,Signaling by GPCR
CHEMBL254,R-HSA-388396,GPCR downstream signalling
CHEMBL254,R-HSA-418555,G alpha (s) signalling events
CHEMBL254,R-HSA-418594,G alpha (i) signalling events
CHEMBL255,R-HSA-162582,Signal Transduction
CHEMBL255,R-HSA-1643685,Disease
CHEMBL255,R-HSA-372790,Signaling by GPCR
CHEMBL255,R-HSA-373076,Class A/1 (Rhodopsin-like receptors)
CHEMBL255,R-HSA-388396,GPCR downstream signalling
CHEMBL255,R-HSA-392499,Metabolism of proteins
CHEMBL255,R-HSA-417973,Adenosine P1 receptors
CHEMBL255,R-HSA-418038,Nucleotide-like (purinergic) receptors
CHEMBL255,R-HSA-418555,G alpha (s) signalling events
CHEMBL255,R-HSA-500792,GPCR ligand binding
CHEMBL255,R-HSA-5663205,Infectious disease
CHEMBL255,R-HSA-5683826,Surfactant metabolism
CHEMBL255,R-HSA-9658195,Leishmania infection
CHEMBL255,R-HSA-9660821,ADORA2B mediated anti-inflammatory cytokines production
CHEMBL255,R-HSA-9662851,Anti-inflammatory response favouring Leishmania parasite infection
CHEMBL255,R-HSA-9664433,Leishmania parasite growth and survival
CHEMBL255,R-HSA-9824443,Parasitic Infection Pathways
CHEMBL2552,R-HSA-1266738,Developmental Biology
CHEMBL2552,R-HSA-2022377,Metabolism of Angiotensinogen to Angiotensins
CHEMBL2552,R-HSA-2980736,Peptide hormone metabolism
CHEMBL2552,R-HSA-392499,Metabolism of proteins
CHEMBL2552,R-HSA-9734767,Developmental Cell Lineages
CHEMBL2552,R-HSA-9820448,Developmental Cell Lineages of the Exocrine Pancreas
CHEMBL2552,R-HSA-9925561,Developmental Lineage of Pancreatic Acinar Cells
CHEMBL2553,R-HSA-112314,Neurotransmitter receptors and postsynaptic signal transmission
CHEMBL2553,R-HSA-112315,Transmission across Chemical Synapses
CHEMBL2553,R-HSA-112316,Neuronal System
CHEMBL2553,R-HSA-1266738,Developmental Biology
CHEMBL2553,R-HSA-1280215,Cytokine Signaling in Immune system
CHEMBL2553,R-HSA-162582,Signal Transduction
CHEMBL2553,R-HSA-166016,Toll Like Receptor 4 (TLR4) Cascade
CHEMBL2553,R-HSA-166058,MyD88:MAL(TIRAP) cascade initiated on plasma membrane
CHEMBL2553,R-HSA-166166,MyD88-independent TLR4 cascade 
CHEMBL2553,R-HSA-166520,Signaling by NTRKs
CHEMBL2553,R-HSA-168138,Toll Like Receptor 9 (TLR9) Cascade
CHEMBL2553,R-HSA-168142,Toll Like Receptor 10 (TLR10) Cascade
CHEMBL2553,R-HSA-168164,Toll Like Receptor 3 (TLR3) Cascade
CHEMBL2553,R-HSA-168176,Toll Like Receptor 5 (TLR5) Cascade
CHEMBL2553,R-HSA-168179,Toll Like Receptor TLR1:TLR2 Cascade
CHEMBL2553,R-HSA-168181,Toll Like Receptor 7/8 (TLR7/8) Cascade
CHEMBL2553,R-HSA-168188,Toll Like Receptor TLR6:TLR2 Cascade
CHEMBL2553,R-HSA-168249,Innate Immune System
CHEMBL2553,R-HSA-168256,Immune System
CHEMBL2553,R-HSA-168898,Toll-like Receptor Cascades
CHEMBL2553,R-HSA-181438,Toll Like Receptor 2 (TLR2) Cascade
CHEMBL2553,R-HSA-187037,Signaling by NTRK1 (TRKA)
CHEMBL2553,R-HSA-198725,Nuclear Events (kinase and transcription factor activation)
CHEMBL2553,R-HSA-198753,ERK/MAPK targets
CHEMBL2553,R-HSA-199920,CREB phosphorylation
CHEMBL2553,R-HSA-2262752,Cellular responses to stress
CHEMBL2553,R-HSA-2559582,Senescence-Associated Secretory Phenotype (SASP)
CHEMBL2553,R-HSA-2559583,Cellular Senescence
CHEMBL2553,R-HSA-372790,Signaling by GPCR
CHEMBL2553,R-HSA-373760,L1CAM interactions
CHEMBL2553,R-HSA-388396,GPCR downstream signalling
CHEMBL2553,R-HSA-416476,G alpha (q) signalling events
CHEMBL2553,R-HSA-422475,Axon guidance
CHEMBL2553,R-HSA-437239,Recycling pathway of L1
CHEMBL2553,R-HSA-438064,Post NMDA receptor activation events
CHEMBL2553,R-HSA-442742,CREB1 phosphorylation through NMDA receptor-mediated activation of RAS signaling
CHEMBL2553,R-HSA-442755,Activation of NMDA receptors and postsynaptic events
CHEMBL2553,R-HSA-444257,RSK activation
CHEMBL2553,R-HSA-448424,Interleukin-17 signaling
CHEMBL2553,R-HSA-449147,Signaling by Interleukins
CHEMBL2553,R-HSA-450282,MAPK targets/ Nuclear events mediated by MAP kinases
CHEMBL2553,R-HSA-450294,MAP kinase activation
CHEMBL2553,R-HSA-881907,Gastrin-CREB signalling pathway via PKC and MAPK
CHEMBL2553,R-HSA-8953897,Cellular responses to stimuli
CHEMBL2553,R-HSA-9006934,Signaling by Receptor Tyrosine Kinases
CHEMBL2553,R-HSA-937061,TRIF (TICAM1)-mediated TLR4 signaling 
CHEMBL2553,R-HSA-9675108,Nervous system development
CHEMBL2553,R-HSA-9730414,MITF-M-regulated melanocyte development
CHEMBL2553,R-HSA-975138,TRAF6 mediated induction of NFkB and MAP kinases upon TLR7/8 or 9 activation
CHEMBL2553,R-HSA-975155,MyD88 dependent cascade initiated on endosome
CHEMBL2553,R-HSA-975871,MyD88 cascade initiated on plasma membrane
CHEMBL2553,R-HSA-9856649,Transcriptional and post-translational regulation of MITF-M expression and activity
CHEMBL2559,R-HSA-2980736,Peptide hormone metabolism
CHEMBL2559,R-HSA-381771,"Synthesis, secretion, and inactivation of Glucagon-like Peptide-1 (GLP-1)"
CHEMBL2559,R-HSA-392499,Metabolism of proteins
CHEMBL2559,R-HSA-400508,"Incretin synthesis, secretion, and inactivation"
CHEMBL2559,R-HSA-400511,"Synthesis, secretion, and inactivation of Glucose-dependent Insulinotropic Polypeptide (GIP)"
CHEMBL256,R-HSA-162582,Signal Transduction
CHEMBL256,R-HSA-372790,Signaling by GPCR
CHEMBL256,R-HSA-373076,Class A/1 (Rhodopsin-like receptors)
CHEMBL256,R-HSA-388396,GPCR downstream signalling
CHEMBL256,R-HSA-417973,Adenosine P1 receptors
CHEMBL256,R-HSA-418038,Nucleotide-like (purinergic) receptors
CHEMBL256,R-HSA-418594,G alpha (i) signalling events
CHEMBL256,R-HSA-500792,GPCR ligand binding
CHEMBL2575,R-HSA-1430728,Metabolism
CHEMBL2575,R-HSA-1474151,"Tetrahydrobiopterin (BH4) synthesis, recycling, salvage and regulation"
CHEMBL2575,R-HSA-1640170,Cell Cycle
CHEMBL2575,R-HSA-196757,Metabolism of folate and pterines
CHEMBL2575,R-HSA-196849,Metabolism of water-soluble vitamins and cofactors
CHEMBL2575,R-HSA-196854,Metabolism of vitamins and cofactors
CHEMBL2575,R-HSA-453279,Mitotic G1 phase and G1/S transition
CHEMBL2575,R-HSA-69205,G1/S-Specific Transcription
CHEMBL2575,R-HSA-69206,G1/S Transition
CHEMBL2575,R-HSA-69278,"Cell Cycle, Mitotic"
CHEMBL2575,R-HSA-8978934,Metabolism of cofactors
CHEMBL258,R-HSA-109582,Hemostasis
CHEMBL258,R-HSA-114604,GPVI-mediated activation cascade
CHEMBL258,R-HSA-1257604,PIP3 activates AKT signaling
CHEMBL258,R-HSA-1280215,Cytokine Signaling in Immune system
CHEMBL258,R-HSA-1280218,Adaptive Immune System
CHEMBL258,R-HSA-1433557,Signaling by SCF-KIT
CHEMBL258,R-HSA-1433559,Regulation of KIT signaling
CHEMBL258,R-HSA-162582,Signal Transduction
CHEMBL258,R-HSA-162906,HIV Infection
CHEMBL258,R-HSA-162909,Host Interactions of HIV factors
CHEMBL258,R-HSA-1643685,Disease
CHEMBL258,R-HSA-164938,Nef-mediates down modulation of cell surface receptors by recruiting them to clathrin adapters
CHEMBL258,R-HSA-164944,Nef and signal transduction
CHEMBL258,R-HSA-164952,The role of Nef in HIV-1 replication and disease pathogenesis
CHEMBL258,R-HSA-167590,Nef Mediated CD4 Down-regulation
CHEMBL258,R-HSA-168249,Innate Immune System
CHEMBL258,R-HSA-168256,Immune System
CHEMBL258,R-HSA-194315,Signaling by Rho GTPases
CHEMBL258,R-HSA-199418,Negative regulation of the PI3K/AKT network
CHEMBL258,R-HSA-202403,TCR signaling
CHEMBL258,R-HSA-202424,Downstream TCR signaling
CHEMBL258,R-HSA-202427,Phosphorylation of CD3 and TCR zeta chains
CHEMBL258,R-HSA-202430,Translocation of ZAP-70 to Immunological synapse
CHEMBL258,R-HSA-202433,Generation of second messenger molecules
CHEMBL258,R-HSA-202733,Cell surface interactions at the vascular wall
CHEMBL258,R-HSA-210990,PECAM1 interactions
CHEMBL258,R-HSA-2172127,DAP12 interactions
CHEMBL258,R-HSA-2219528,PI3K/AKT Signaling in Cancer
CHEMBL258,R-HSA-2219530,Constitutive Signaling by Aberrant PI3K in Cancer
CHEMBL258,R-HSA-2424491,DAP12 signaling
CHEMBL258,R-HSA-388841,Regulation of T cell activation by CD28 family
CHEMBL258,R-HSA-389356,Co-stimulation by CD28
CHEMBL258,R-HSA-389357,CD28 dependent PI3K/Akt signaling
CHEMBL258,R-HSA-389359,CD28 dependent Vav1 pathway
CHEMBL258,R-HSA-389513,Co-inhibition by CTLA4
CHEMBL258,R-HSA-389948,Co-inhibition by PD-1
CHEMBL258,R-HSA-449147,Signaling by Interleukins
CHEMBL258,R-HSA-451927,Interleukin-2 family signaling
CHEMBL258,R-HSA-5663202,Diseases of signal transduction by growth factor receptors and second messengers
CHEMBL258,R-HSA-5663205,Infectious disease
CHEMBL258,R-HSA-6811558,"PI5P, PP2A and IER3 Regulate PI3K/AKT Signaling"
CHEMBL258,R-HSA-76002,"Platelet activation, signaling and aggregation"
CHEMBL258,R-HSA-9006925,Intracellular signaling by second messengers
CHEMBL258,R-HSA-9006934,Signaling by Receptor Tyrosine Kinases
CHEMBL258,R-HSA-9012999,RHO GTPase cycle
CHEMBL258,R-HSA-9013407,RHOH GTPase cycle
CHEMBL258,R-HSA-9020558,Interleukin-2 signaling
CHEMBL258,R-HSA-9607240,FLT3 Signaling
CHEMBL258,R-HSA-9669938,Signaling by KIT in disease
CHEMBL258,R-HSA-9670439,"Signaling by phosphorylated juxtamembrane, extracellular and kinase domain KIT mutants"
CHEMBL258,R-HSA-9706374,FLT3 signaling through SRC family kinases
CHEMBL258,R-HSA-9716542,"Signaling by Rho GTPases, Miro GTPases and RHOBTB3"
CHEMBL258,R-HSA-9824446,Viral Infection Pathways
CHEMBL2581,R-HSA-1280218,Adaptive Immune System
CHEMBL2581,R-HSA-1442490,Collagen degradation
CHEMBL2581,R-HSA-1474228,Degradation of the extracellular matrix
CHEMBL2581,R-HSA-1474244,Extracellular matrix organization
CHEMBL2581,R-HSA-162582,Signal Transduction
CHEMBL2581,R-HSA-168249,Innate Immune System
CHEMBL2581,R-HSA-168256,Immune System
CHEMBL2581,R-HSA-2022377,Metabolism of Angiotensinogen to Angiotensins
CHEMBL2581,R-HSA-2132295,MHC class II antigen presentation
CHEMBL2581,R-HSA-2980736,Peptide hormone metabolism
CHEMBL2581,R-HSA-392499,Metabolism of proteins
CHEMBL2581,R-HSA-6798695,Neutrophil degranulation
CHEMBL2581,R-HSA-74752,Signaling by Insulin receptor
CHEMBL2581,R-HSA-77387,Insulin receptor recycling
CHEMBL2581,R-HSA-8939211,ESR-mediated signaling
CHEMBL2581,R-HSA-9006931,Signaling by Nuclear Receptors
CHEMBL2581,R-HSA-9006934,Signaling by Receptor Tyrosine Kinases
CHEMBL2581,R-HSA-9018519,Estrogen-dependent gene expression
CHEMBL2582,R-HSA-1362300,Transcription of E2F targets under negative control by p107 (RBL1) and p130 (RBL2) in complex with HDAC1
CHEMBL2582,R-HSA-1538133,G0 and Early G1
CHEMBL2582,R-HSA-157579,Telomere Maintenance
CHEMBL2582,R-HSA-1640170,Cell Cycle
CHEMBL2582,R-HSA-171319,Telomere Extension By Telomerase
CHEMBL2582,R-HSA-174143,APC/C-mediated degradation of cell cycle proteins
CHEMBL2582,R-HSA-174184,Cdc20:Phospho-APC/C mediated degradation of Cyclin A
CHEMBL2582,R-HSA-176408,Regulation of APC/C activators between G1/S and early anaphase
CHEMBL2582,R-HSA-176409,APC/C:Cdc20 mediated degradation of mitotic proteins
CHEMBL2582,R-HSA-176814,Activation of APC/C and APC/C:Cdc20 mediated degradation of mitotic proteins
CHEMBL2582,R-HSA-179419,APC:Cdc20 mediated degradation of cell cycle proteins prior to satisfation of the cell cycle checkpoint
CHEMBL2582,R-HSA-180786,Extension of Telomeres
CHEMBL2582,R-HSA-187577,SCF(Skp2)-mediated degradation of p27/p21
CHEMBL2582,R-HSA-212436,Generic Transcription Pathway
CHEMBL2582,R-HSA-2262752,Cellular responses to stress
CHEMBL2582,R-HSA-2559582,Senescence-Associated Secretory Phenotype (SASP)
CHEMBL2582,R-HSA-2559583,Cellular Senescence
CHEMBL2582,R-HSA-2559586,DNA Damage/Telomere Stress Induced Senescence
CHEMBL2582,R-HSA-3700989,Transcriptional Regulation by TP53
CHEMBL2582,R-HSA-392499,Metabolism of proteins
CHEMBL2582,R-HSA-453274,Mitotic G2-G2/M phases
CHEMBL2582,R-HSA-453276,Regulation of mitotic cell cycle
CHEMBL2582,R-HSA-453279,Mitotic G1 phase and G1/S transition
CHEMBL2582,R-HSA-5633007,Regulation of TP53 Activity
CHEMBL2582,R-HSA-5688426,Deubiquitination
CHEMBL2582,R-HSA-5689880,Ub-specific processing proteases
CHEMBL2582,R-HSA-5693532,DNA Double-Strand Break Repair
CHEMBL2582,R-HSA-5693538,Homology Directed Repair
CHEMBL2582,R-HSA-5693567,HDR through Homologous Recombination (HRR) or Single Strand Annealing (SSA)
CHEMBL2582,R-HSA-5693607,Processing of DNA double-strand break ends
CHEMBL2582,R-HSA-597592,Post-translational protein modification
CHEMBL2582,R-HSA-6791312,TP53 Regulates Transcription of Cell Cycle Genes
CHEMBL2582,R-HSA-6804116,TP53 Regulates Transcription of Genes Involved in G1 Cell Cycle Arrest
CHEMBL2582,R-HSA-6804756,Regulation of TP53 Activity through Phosphorylation
CHEMBL2582,R-HSA-6804757,Regulation of TP53 Degradation
CHEMBL2582,R-HSA-6806003,Regulation of TP53 Expression and Degradation
CHEMBL2582,R-HSA-68911,G2 Phase
CHEMBL2582,R-HSA-68949,Orc1 removal from chromatin
CHEMBL2582,R-HSA-69017,CDK-mediated phosphorylation and removal of Cdc6
CHEMBL2582,R-HSA-69052,Switching of origins to a post-replicative state
CHEMBL2582,R-HSA-69202,Cyclin E associated events during G1/S transition 
CHEMBL2582,R-HSA-69206,G1/S Transition
CHEMBL2582,R-HSA-69239,Synthesis of DNA
CHEMBL2582,R-HSA-69242,S Phase
CHEMBL2582,R-HSA-69273,Cyclin A/B1/B2 associated events during G2/M transition
CHEMBL2582,R-HSA-69275,G2/M Transition
CHEMBL2582,R-HSA-69278,"Cell Cycle, Mitotic"
CHEMBL2582,R-HSA-69306,DNA Replication
CHEMBL2582,R-HSA-69473,G2/M DNA damage checkpoint
CHEMBL2582,R-HSA-69478,G2/M DNA replication checkpoint
CHEMBL2582,R-HSA-69481,G2/M Checkpoints
CHEMBL2582,R-HSA-69563,p53-Dependent G1 DNA Damage Response
CHEMBL2582,R-HSA-69580,p53-Dependent G1/S DNA damage checkpoint
CHEMBL2582,R-HSA-69615,G1/S DNA Damage Checkpoints
CHEMBL2582,R-HSA-69620,Cell Cycle Checkpoints
CHEMBL2582,R-HSA-69656,Cyclin A:Cdk2-associated events at S phase entry
CHEMBL2582,R-HSA-73857,RNA Polymerase II Transcription
CHEMBL2582,R-HSA-73886,Chromosome Maintenance
CHEMBL2582,R-HSA-73894,DNA Repair
CHEMBL2582,R-HSA-74160,Gene expression (Transcription)
CHEMBL2582,R-HSA-75035,Chk1/Chk2(Cds1) mediated inactivation of Cyclin B:Cdk1 complex
CHEMBL2582,R-HSA-8953897,Cellular responses to stimuli
CHEMBL259,R-HSA-1266738,Developmental Biology
CHEMBL259,R-HSA-162582,Signal Transduction
CHEMBL259,R-HSA-372790,Signaling by GPCR
CHEMBL259,R-HSA-373076,Class A/1 (Rhodopsin-like receptors)
CHEMBL259,R-HSA-375276,Peptide ligand-binding receptors
CHEMBL259,R-HSA-388396,GPCR downstream signalling
CHEMBL259,R-HSA-418555,G alpha (s) signalling events
CHEMBL259,R-HSA-500792,GPCR ligand binding
CHEMBL259,R-HSA-9730414,MITF-M-regulated melanocyte development
CHEMBL259,R-HSA-9856649,Transcriptional and post-translational regulation of MITF-M expression and activity
CHEMBL2595,R-HSA-1430728,Metabolism
CHEMBL2595,R-HSA-1660661,Sphingolipid de novo biosynthesis
CHEMBL2595,R-HSA-428157,Sphingolipid metabolism
CHEMBL2595,R-HSA-556833,Metabolism of lipids
CHEMBL2597,R-HSA-109582,Hemostasis
CHEMBL2597,R-HSA-112314,Neurotransmitter receptors and postsynaptic signal transmission
CHEMBL2597,R-HSA-112315,Transmission across Chemical Synapses
CHEMBL2597,R-HSA-112316,Neuronal System
CHEMBL2597,R-HSA-1169410,Antimicrobial mechanism of IFN-stimulated genes
CHEMBL2597,R-HSA-1266738,Developmental Biology
CHEMBL2597,R-HSA-1280215,Cytokine Signaling in Immune system
CHEMBL2597,R-HSA-1280218,Adaptive Immune System
CHEMBL2597,R-HSA-1445148,Translocation of SLC2A4 (GLUT4) to the plasma membrane
CHEMBL2597,R-HSA-157858,Gap junction trafficking and regulation
CHEMBL2597,R-HSA-162582,Signal Transduction
CHEMBL2597,R-HSA-1632852,Macroautophagy
CHEMBL2597,R-HSA-1640170,Cell Cycle
CHEMBL2597,R-HSA-1643685,Disease
CHEMBL2597,R-HSA-168256,Immune System
CHEMBL2597,R-HSA-1852241,Organelle biogenesis and maintenance
CHEMBL2597,R-HSA-190828,Gap junction trafficking
CHEMBL2597,R-HSA-190840,Microtubule-dependent trafficking of connexons from Golgi to the plasma membrane
CHEMBL2597,R-HSA-190861,Gap junction assembly
CHEMBL2597,R-HSA-190872,Transport of connexons to the plasma membrane
CHEMBL2597,R-HSA-194315,Signaling by Rho GTPases
CHEMBL2597,R-HSA-195258,RHO GTPase Effectors
CHEMBL2597,R-HSA-199977,ER to Golgi Anterograde Transport
CHEMBL2597,R-HSA-199991,Membrane Trafficking
CHEMBL2597,R-HSA-2132295,MHC class II antigen presentation
CHEMBL2597,R-HSA-2262752,Cellular responses to stress
CHEMBL2597,R-HSA-2467813,Separation of Sister Chromatids
CHEMBL2597,R-HSA-2500257,Resolution of Sister Chromatid Cohesion
CHEMBL2597,R-HSA-2555396,Mitotic Metaphase and Anaphase
CHEMBL2597,R-HSA-2995410,Nuclear Envelope (NE) Reassembly
CHEMBL2597,R-HSA-3371497,HSP90 chaperone cycle for steroid hormone receptors (SHR) in the presence of ligand
CHEMBL2597,R-HSA-373760,L1CAM interactions
CHEMBL2597,R-HSA-380320,Recruitment of NuMA to mitotic centrosomes
CHEMBL2597,R-HSA-389957,Prefoldin mediated transfer of substrate  to CCT/TriC
CHEMBL2597,R-HSA-389958,Cooperation of Prefoldin and TriC/CCT  in actin and tubulin folding
CHEMBL2597,R-HSA-389960,Formation of tubulin folding intermediates by CCT/TriC
CHEMBL2597,R-HSA-389977,Post-chaperonin tubulin folding pathway
CHEMBL2597,R-HSA-390466,Chaperonin-mediated protein folding
CHEMBL2597,R-HSA-391251,Protein folding
CHEMBL2597,R-HSA-392499,Metabolism of proteins
CHEMBL2597,R-HSA-422475,Axon guidance
CHEMBL2597,R-HSA-437239,Recycling pathway of L1
CHEMBL2597,R-HSA-438064,Post NMDA receptor activation events
CHEMBL2597,R-HSA-442755,Activation of NMDA receptors and postsynaptic events
CHEMBL2597,R-HSA-446203,Asparagine N-linked glycosylation
CHEMBL2597,R-HSA-453274,Mitotic G2-G2/M phases
CHEMBL2597,R-HSA-5358351,Signaling by Hedgehog
CHEMBL2597,R-HSA-5610787,Hedgehog 'off' state
CHEMBL2597,R-HSA-5617833,Cilium Assembly
CHEMBL2597,R-HSA-5620920,Cargo trafficking to the periciliary membrane
CHEMBL2597,R-HSA-5620924,Intraflagellar transport
CHEMBL2597,R-HSA-5626467,RHO GTPases activate IQGAPs
CHEMBL2597,R-HSA-5653656,Vesicle-mediated transport
CHEMBL2597,R-HSA-5663205,Infectious disease
CHEMBL2597,R-HSA-5663220,RHO GTPases Activate Formins
CHEMBL2597,R-HSA-597592,Post-translational protein modification
CHEMBL2597,R-HSA-6807878,COPI-mediated anterograde transport
CHEMBL2597,R-HSA-6811434,COPI-dependent Golgi-to-ER retrograde traffic
CHEMBL2597,R-HSA-6811436,COPI-independent Golgi-to-ER retrograde traffic
CHEMBL2597,R-HSA-6811442,Intra-Golgi and retrograde Golgi-to-ER traffic
CHEMBL2597,R-HSA-68877,Mitotic Prometaphase
CHEMBL2597,R-HSA-68882,Mitotic Anaphase
CHEMBL2597,R-HSA-68886,M Phase
CHEMBL2597,R-HSA-69275,G2/M Transition
CHEMBL2597,R-HSA-69278,"Cell Cycle, Mitotic"
CHEMBL2597,R-HSA-8852276,The role of GTSE1 in G2/M progression after G2 checkpoint
CHEMBL2597,R-HSA-8856688,Golgi-to-ER retrograde transport
CHEMBL2597,R-HSA-8953897,Cellular responses to stimuli
CHEMBL2597,R-HSA-8955332,Carboxyterminal post-translational modifications of tubulin
CHEMBL2597,R-HSA-913531,Interferon Signaling
CHEMBL2597,R-HSA-948021,Transport to the Golgi and subsequent modification
CHEMBL2597,R-HSA-9609646,HCMV Infection
CHEMBL2597,R-HSA-9609690,HCMV Early Events
CHEMBL2597,R-HSA-9609736,Assembly and cell surface presentation of NMDA receptors
CHEMBL2597,R-HSA-9612973,Autophagy
CHEMBL2597,R-HSA-9619483,Activation of AMPK downstream of NMDARs
CHEMBL2597,R-HSA-9646399,Aggrephagy
CHEMBL2597,R-HSA-9648025,EML4 and NUDC in mitotic spindle formation
CHEMBL2597,R-HSA-9663891,Selective autophagy
CHEMBL2597,R-HSA-9668328,Sealing of the nuclear envelope (NE) by ESCRT-III
CHEMBL2597,R-HSA-9675108,Nervous system development
CHEMBL2597,R-HSA-9716542,"Signaling by Rho GTPases, Miro GTPases and RHOBTB3"
CHEMBL2597,R-HSA-9824446,Viral Infection Pathways
CHEMBL2597,R-HSA-983189,Kinesins
CHEMBL2597,R-HSA-983231,Factors involved in megakaryocyte development and platelet production
CHEMBL2597,R-HSA-9833482,PKR-mediated signaling
CHEMBL2599,R-HSA-109582,Hemostasis
CHEMBL2599,R-HSA-114604,GPVI-mediated activation cascade
CHEMBL2599,R-HSA-1280215,Cytokine Signaling in Immune system
CHEMBL2599,R-HSA-1280218,Adaptive Immune System
CHEMBL2599,R-HSA-162582,Signal Transduction
CHEMBL2599,R-HSA-1643685,Disease
CHEMBL2599,R-HSA-168249,Innate Immune System
CHEMBL2599,R-HSA-168256,Immune System
CHEMBL2599,R-HSA-2029480,Fcgamma receptor (FCGR) dependent phagocytosis
CHEMBL2599,R-HSA-2029481,FCGR activation
CHEMBL2599,R-HSA-2029482,Regulation of actin dynamics for phagocytic cup formation
CHEMBL2599,R-HSA-2029485,Role of phospholipids in phagocytosis
CHEMBL2599,R-HSA-2172127,DAP12 interactions
CHEMBL2599,R-HSA-2424491,DAP12 signaling
CHEMBL2599,R-HSA-2454202,Fc epsilon receptor (FCERI) signaling
CHEMBL2599,R-HSA-2730905,Role of LAT2/NTAL/LAB on calcium mobilization
CHEMBL2599,R-HSA-2871796,FCERI mediated MAPK activation
CHEMBL2599,R-HSA-2871809,FCERI mediated Ca+2 mobilization
CHEMBL2599,R-HSA-354192,Integrin signaling
CHEMBL2599,R-HSA-449147,Signaling by Interleukins
CHEMBL2599,R-HSA-451927,Interleukin-2 family signaling
CHEMBL2599,R-HSA-512988,"Interleukin-3, Interleukin-5 and GM-CSF signaling"
CHEMBL2599,R-HSA-5607764,CLEC7A (Dectin-1) signaling
CHEMBL2599,R-HSA-5621480,Dectin-2 family
CHEMBL2599,R-HSA-5621481,C-type lectin receptors (CLRs)
CHEMBL2599,R-HSA-5663205,Infectious disease
CHEMBL2599,R-HSA-76002,"Platelet activation, signaling and aggregation"
CHEMBL2599,R-HSA-76009,Platelet Aggregation (Plug Formation)
CHEMBL2599,R-HSA-9020558,Interleukin-2 signaling
CHEMBL2599,R-HSA-912631,Regulation of signaling by CBL
CHEMBL2599,R-HSA-9607240,FLT3 Signaling
CHEMBL2599,R-HSA-9658195,Leishmania infection
CHEMBL2599,R-HSA-9662851,Anti-inflammatory response favouring Leishmania parasite infection
CHEMBL2599,R-HSA-9664323,FCGR3A-mediated IL10 synthesis
CHEMBL2599,R-HSA-9664407,Parasite infection
CHEMBL2599,R-HSA-9664417,Leishmania phagocytosis
CHEMBL2599,R-HSA-9664422,FCGR3A-mediated phagocytosis
CHEMBL2599,R-HSA-9664433,Leishmania parasite growth and survival
CHEMBL2599,R-HSA-9674555,Signaling by CSF3 (G-CSF)
CHEMBL2599,R-HSA-9679191,Potential therapeutics for SARS
CHEMBL2599,R-HSA-9679506,SARS-CoV Infections
CHEMBL2599,R-HSA-9705462,Inactivation of CSF3 (G-CSF) signaling
CHEMBL2599,R-HSA-9706374,FLT3 signaling through SRC family kinases
CHEMBL2599,R-HSA-9824443,Parasitic Infection Pathways
CHEMBL2599,R-HSA-9824446,Viral Infection Pathways
CHEMBL2599,R-HSA-983695,Antigen activates B Cell Receptor (BCR) leading to generation of second messengers
CHEMBL2599,R-HSA-983705,Signaling by the B Cell Receptor (BCR)
CHEMBL2600,R-HSA-1236973,Cross-presentation of particulate exogenous antigens (phagosomes)
CHEMBL2600,R-HSA-1236975,Antigen processing-Cross presentation
CHEMBL2600,R-HSA-1280218,Adaptive Immune System
CHEMBL2600,R-HSA-1474244,Extracellular matrix organization
CHEMBL2600,R-HSA-1566948,Elastic fibre formation
CHEMBL2600,R-HSA-162582,Signal Transduction
CHEMBL2600,R-HSA-168256,Immune System
CHEMBL2600,R-HSA-170834,Signaling by TGF-beta Receptor Complex
CHEMBL2600,R-HSA-2129379,Molecules associated with elastic fibres
CHEMBL2600,R-HSA-216083,Integrin cell surface interactions
CHEMBL2600,R-HSA-2173789,TGF-beta receptor signaling activates SMADs
CHEMBL2600,R-HSA-3000170,Syndecan interactions
CHEMBL2600,R-HSA-3000171,Non-integrin membrane-ECM interactions
CHEMBL2600,R-HSA-3000178,ECM proteoglycans
CHEMBL2600,R-HSA-397014,Muscle contraction
CHEMBL2600,R-HSA-445355,Smooth Muscle Contraction
CHEMBL2600,R-HSA-9006936,Signaling by TGFB family members
CHEMBL2600,R-HSA-983169,Class I MHC mediated antigen processing & presentation
CHEMBL2608,R-HSA-1430728,Metabolism
CHEMBL2608,R-HSA-1643685,Disease
CHEMBL2608,R-HSA-168249,Innate Immune System
CHEMBL2608,R-HSA-168256,Immune System
CHEMBL2608,R-HSA-3229121,Glycogen storage diseases
CHEMBL2608,R-HSA-5357609,Glycogen storage disease type II (GAA)
CHEMBL2608,R-HSA-5663084,Diseases of carbohydrate metabolism
CHEMBL2608,R-HSA-5668914,Diseases of metabolism
CHEMBL2608,R-HSA-6798695,Neutrophil degranulation
CHEMBL2608,R-HSA-70221,Glycogen breakdown (glycogenolysis)
CHEMBL2608,R-HSA-71387,Metabolism of carbohydrates and carbohydrate derivatives
CHEMBL2608,R-HSA-8982491,Glycogen metabolism
CHEMBL2609,R-HSA-1430728,Metabolism
CHEMBL2609,R-HSA-71291,Metabolism of amino acids and derivatives
CHEMBL2609,R-HSA-8963693,Aspartate and asparagine metabolism
CHEMBL2626,R-HSA-1430728,Metabolism
CHEMBL2626,R-HSA-1643685,Disease
CHEMBL2626,R-HSA-211859,Biological oxidations
CHEMBL2626,R-HSA-2142691,Synthesis of Leukotrienes (LT) and Eoxins (EX)
CHEMBL2626,R-HSA-2142753,Arachidonate metabolism
CHEMBL2626,R-HSA-5423646,Aflatoxin activation and detoxification
CHEMBL2626,R-HSA-556833,Metabolism of lipids
CHEMBL2626,R-HSA-5663205,Infectious disease
CHEMBL2626,R-HSA-8978868,Fatty acid metabolism
CHEMBL2626,R-HSA-9658195,Leishmania infection
CHEMBL2626,R-HSA-9662851,Anti-inflammatory response favouring Leishmania parasite infection
CHEMBL2626,R-HSA-9664433,Leishmania parasite growth and survival
CHEMBL2626,R-HSA-9664535,LTC4-CYSLTR mediated IL4 production
CHEMBL2626,R-HSA-9824443,Parasitic Infection Pathways
CHEMBL2632,R-HSA-1236974,ER-Phagosome pathway
CHEMBL2632,R-HSA-1236975,Antigen processing-Cross presentation
CHEMBL2632,R-HSA-1236977,Endosomal/Vacuolar pathway
CHEMBL2632,R-HSA-1280215,Cytokine Signaling in Immune system
CHEMBL2632,R-HSA-1280218,Adaptive Immune System
CHEMBL2632,R-HSA-162906,HIV Infection
CHEMBL2632,R-HSA-162909,Host Interactions of HIV factors
CHEMBL2632,R-HSA-1643685,Disease
CHEMBL2632,R-HSA-164938,Nef-mediates down modulation of cell surface receptors by recruiting them to clathrin adapters
CHEMBL2632,R-HSA-164940,Nef mediated downregulation of MHC class I complex cell surface expression
CHEMBL2632,R-HSA-164952,The role of Nef in HIV-1 replication and disease pathogenesis
CHEMBL2632,R-HSA-168256,Immune System
CHEMBL2632,R-HSA-198933,Immunoregulatory interactions between a Lymphoid and a non-Lymphoid cell
CHEMBL2632,R-HSA-392499,Metabolism of proteins
CHEMBL2632,R-HSA-5663205,Infectious disease
CHEMBL2632,R-HSA-597592,Post-translational protein modification
CHEMBL2632,R-HSA-877300,Interferon gamma signaling
CHEMBL2632,R-HSA-8852135,Protein ubiquitination
CHEMBL2632,R-HSA-8866654,E3 ubiquitin ligases ubiquitinate target proteins
CHEMBL2632,R-HSA-909733,Interferon alpha/beta signaling
CHEMBL2632,R-HSA-913531,Interferon Signaling
CHEMBL2632,R-HSA-9679506,SARS-CoV Infections
CHEMBL2632,R-HSA-9694516,SARS-CoV-2 Infection
CHEMBL2632,R-HSA-9705671,SARS-CoV-2 activates/modulates innate and adaptive immune responses
CHEMBL2632,R-HSA-9705683,SARS-CoV-2-host interactions
CHEMBL2632,R-HSA-9824446,Viral Infection Pathways
CHEMBL2632,R-HSA-983169,Class I MHC mediated antigen processing & presentation
CHEMBL2632,R-HSA-983170,"Antigen Presentation: Folding, assembly and peptide loading of class I MHC"
CHEMBL2634,R-HSA-109582,Hemostasis
CHEMBL2634,R-HSA-1280215,Cytokine Signaling in Immune system
CHEMBL2634,R-HSA-1280218,Adaptive Immune System
CHEMBL2634,R-HSA-162582,Signal Transduction
CHEMBL2634,R-HSA-1643685,Disease
CHEMBL2634,R-HSA-168256,Immune System
CHEMBL2634,R-HSA-177929,Signaling by EGFR
CHEMBL2634,R-HSA-180292,GAB1 signalosome
CHEMBL2634,R-HSA-194315,Signaling by Rho GTPases
CHEMBL2634,R-HSA-202403,TCR signaling
CHEMBL2634,R-HSA-202427,Phosphorylation of CD3 and TCR zeta chains
CHEMBL2634,R-HSA-354192,Integrin signaling
CHEMBL2634,R-HSA-388841,Regulation of T cell activation by CD28 family
CHEMBL2634,R-HSA-389948,Co-inhibition by PD-1
CHEMBL2634,R-HSA-5663202,Diseases of signal transduction by growth factor receptors and second messengers
CHEMBL2634,R-HSA-5673001,RAF/MAP kinase cascade
CHEMBL2634,R-HSA-5674135,MAP2K and MAPK activation
CHEMBL2634,R-HSA-5683057,MAPK family signaling cascades
CHEMBL2634,R-HSA-5684996,MAPK1/MAPK3 signaling
CHEMBL2634,R-HSA-6802946,Signaling by moderate kinase activity BRAF mutants
CHEMBL2634,R-HSA-6802948,Signaling by high-kinase activity BRAF mutants
CHEMBL2634,R-HSA-6802949,Signaling by RAS mutants
CHEMBL2634,R-HSA-6802952,Signaling by BRAF and RAF1 fusions
CHEMBL2634,R-HSA-6802955,Paradoxical activation of RAF signaling by kinase inactive BRAF
CHEMBL2634,R-HSA-6802957,Oncogenic MAPK signaling
CHEMBL2634,R-HSA-76002,"Platelet activation, signaling and aggregation"
CHEMBL2634,R-HSA-76009,Platelet Aggregation (Plug Formation)
CHEMBL2634,R-HSA-9006934,Signaling by Receptor Tyrosine Kinases
CHEMBL2634,R-HSA-9012999,RHO GTPase cycle
CHEMBL2634,R-HSA-9013407,RHOH GTPase cycle
CHEMBL2634,R-HSA-9607240,FLT3 Signaling
CHEMBL2634,R-HSA-9649948,Signaling downstream of RAS mutants
CHEMBL2634,R-HSA-9656223,Signaling by RAF1 mutants
CHEMBL2634,R-HSA-9706369,Negative regulation of FLT3
CHEMBL2634,R-HSA-9716542,"Signaling by Rho GTPases, Miro GTPases and RHOBTB3"
CHEMBL264,R-HSA-162582,Signal Transduction
CHEMBL264,R-HSA-372790,Signaling by GPCR
CHEMBL264,R-HSA-373076,Class A/1 (Rhodopsin-like receptors)
CHEMBL264,R-HSA-375280,Amine ligand-binding receptors
CHEMBL264,R-HSA-390650,Histamine receptors
CHEMBL264,R-HSA-500792,GPCR ligand binding
CHEMBL2641,R-HSA-1266738,Developmental Biology
CHEMBL2641,R-HSA-6805567,Keratinization
CHEMBL2641,R-HSA-6809371,Formation of the cornified envelope
CHEMBL2650,R-HSA-109582,Hemostasis
CHEMBL2650,R-HSA-111885,Opioid Signalling
CHEMBL2650,R-HSA-111933,Calmodulin induced events
CHEMBL2650,R-HSA-111957,Cam-PDE 1 activation
CHEMBL2650,R-HSA-111996,Ca-dependent events
CHEMBL2650,R-HSA-111997,CaM pathway
CHEMBL2650,R-HSA-112040,G-protein mediated events
CHEMBL2650,R-HSA-112043,PLC beta mediated events
CHEMBL2650,R-HSA-1489509,DAG and IP3 signaling
CHEMBL2650,R-HSA-162582,Signal Transduction
CHEMBL2650,R-HSA-372790,Signaling by GPCR
CHEMBL2650,R-HSA-388396,GPCR downstream signalling
CHEMBL2650,R-HSA-392154,Nitric oxide stimulates guanylate cyclase
CHEMBL2650,R-HSA-418346,Platelet homeostasis
CHEMBL2650,R-HSA-418457,cGMP effects
CHEMBL2650,R-HSA-418555,G alpha (s) signalling events
CHEMBL2650,R-HSA-418594,G alpha (i) signalling events
CHEMBL2650,R-HSA-9006925,Intracellular signaling by second messengers
CHEMBL2652,R-HSA-109582,Hemostasis
CHEMBL2652,R-HSA-162582,Signal Transduction
CHEMBL2652,R-HSA-372790,Signaling by GPCR
CHEMBL2652,R-HSA-388396,GPCR downstream signalling
CHEMBL2652,R-HSA-392154,Nitric oxide stimulates guanylate cyclase
CHEMBL2652,R-HSA-418346,Platelet homeostasis
CHEMBL2652,R-HSA-418457,cGMP effects
CHEMBL2652,R-HSA-418555,G alpha (s) signalling events
CHEMBL2655,R-HSA-111885,Opioid Signalling
CHEMBL2655,R-HSA-111931,PKA-mediated phosphorylation of CREB
CHEMBL2655,R-HSA-111933,Calmodulin induced events
CHEMBL2655,R-HSA-111996,Ca-dependent events
CHEMBL2655,R-HSA-111997,CaM pathway
CHEMBL2655,R-HSA-112040,G-protein mediated events
CHEMBL2655,R-HSA-112043,PLC beta mediated events
CHEMBL2655,R-HSA-112314,Neurotransmitter receptors and postsynaptic signal transmission
CHEMBL2655,R-HSA-112315,Transmission across Chemical Synapses
CHEMBL2655,R-HSA-112316,Neuronal System
CHEMBL2655,R-HSA-1430728,Metabolism
CHEMBL2655,R-HSA-1489509,DAG and IP3 signaling
CHEMBL2655,R-HSA-162582,Signal Transduction
CHEMBL2655,R-HSA-163359,Glucagon signaling in metabolic regulation
CHEMBL2655,R-HSA-163615,PKA activation
CHEMBL2655,R-HSA-163685,Integration of energy metabolism
CHEMBL2655,R-HSA-1643685,Disease
CHEMBL2655,R-HSA-164378,PKA activation in glucagon signalling
CHEMBL2655,R-HSA-170660,Adenylate cyclase activating pathway
CHEMBL2655,R-HSA-170670,Adenylate cyclase inhibitory pathway
CHEMBL2655,R-HSA-372790,Signaling by GPCR
CHEMBL2655,R-HSA-382551,Transport of small molecules
CHEMBL2655,R-HSA-388396,GPCR downstream signalling
CHEMBL2655,R-HSA-418555,G alpha (s) signalling events
CHEMBL2655,R-HSA-418594,G alpha (i) signalling events
CHEMBL2655,R-HSA-418597,G alpha (z) signalling events
CHEMBL2655,R-HSA-432040,Vasopressin regulates renal water homeostasis via Aquaporins
CHEMBL2655,R-HSA-445717,Aquaporin-mediated transport
CHEMBL2655,R-HSA-5358351,Signaling by Hedgehog
CHEMBL2655,R-HSA-5610787,Hedgehog 'off' state
CHEMBL2655,R-HSA-5663205,Infectious disease
CHEMBL2655,R-HSA-8953897,Cellular responses to stimuli
CHEMBL2655,R-HSA-9006925,Intracellular signaling by second messengers
CHEMBL2655,R-HSA-9634597,GPER1 signaling
CHEMBL2655,R-HSA-9658195,Leishmania infection
CHEMBL2655,R-HSA-9660821,ADORA2B mediated anti-inflammatory cytokines production
CHEMBL2655,R-HSA-9662851,Anti-inflammatory response favouring Leishmania parasite infection
CHEMBL2655,R-HSA-9664323,FCGR3A-mediated IL10 synthesis
CHEMBL2655,R-HSA-9664433,Leishmania parasite growth and survival
CHEMBL2655,R-HSA-977443,GABA receptor activation
CHEMBL2655,R-HSA-977444,GABA B receptor activation
CHEMBL2655,R-HSA-9824443,Parasitic Infection Pathways
CHEMBL2655,R-HSA-9855142,Cellular responses to mechanical stimuli
CHEMBL2655,R-HSA-9856530,High laminar flow shear stress activates signaling by PIEZO1 and PECAM1:CDH5:KDR in endothelial cells
CHEMBL2655,R-HSA-9860931,Response of endothelial cells to shear stress
CHEMBL2655,R-HSA-991365,Activation of GABAB receptors
CHEMBL2656,R-HSA-1430728,Metabolism
CHEMBL2656,R-HSA-71288,Creatine metabolism
CHEMBL2656,R-HSA-71291,Metabolism of amino acids and derivatives
CHEMBL267,R-HSA-109582,Hemostasis
CHEMBL267,R-HSA-112314,Neurotransmitter receptors and postsynaptic signal transmission
CHEMBL267,R-HSA-112315,Transmission across Chemical Synapses
CHEMBL267,R-HSA-112316,Neuronal System
CHEMBL267,R-HSA-1227986,Signaling by ERBB2
CHEMBL267,R-HSA-1236394,Signaling by ERBB4
CHEMBL267,R-HSA-1251985,Nuclear signaling by ERBB4
CHEMBL267,R-HSA-1253288,Downregulation of ERBB4 signaling
CHEMBL267,R-HSA-1257604,PIP3 activates AKT signaling
CHEMBL267,R-HSA-1266738,Developmental Biology
CHEMBL267,R-HSA-1280215,Cytokine Signaling in Immune system
CHEMBL267,R-HSA-1280218,Adaptive Immune System
CHEMBL267,R-HSA-1295596,Spry regulation of FGF signaling
CHEMBL267,R-HSA-1433557,Signaling by SCF-KIT
CHEMBL267,R-HSA-1433559,Regulation of KIT signaling
CHEMBL267,R-HSA-1500931,Cell-Cell communication
CHEMBL267,R-HSA-157858,Gap junction trafficking and regulation
CHEMBL267,R-HSA-162582,Signal Transduction
CHEMBL267,R-HSA-1632852,Macroautophagy
CHEMBL267,R-HSA-1640170,Cell Cycle
CHEMBL267,R-HSA-1643685,Disease
CHEMBL267,R-HSA-166520,Signaling by NTRKs
CHEMBL267,R-HSA-167044,Signalling to RAS
CHEMBL267,R-HSA-168249,Innate Immune System
CHEMBL267,R-HSA-168256,Immune System
CHEMBL267,R-HSA-171007,p38MAPK events
CHEMBL267,R-HSA-177929,Signaling by EGFR
CHEMBL267,R-HSA-180292,GAB1 signalosome
CHEMBL267,R-HSA-186763,Downstream signal transduction
CHEMBL267,R-HSA-186797,Signaling by PDGF
CHEMBL267,R-HSA-187037,Signaling by NTRK1 (TRKA)
CHEMBL267,R-HSA-187687,Signalling to ERKs
CHEMBL267,R-HSA-190236,Signaling by FGFR
CHEMBL267,R-HSA-191650,Regulation of gap junction activity
CHEMBL267,R-HSA-194138,Signaling by VEGF
CHEMBL267,R-HSA-194315,Signaling by Rho GTPases
CHEMBL267,R-HSA-195258,RHO GTPase Effectors
CHEMBL267,R-HSA-199418,Negative regulation of the PI3K/AKT network
CHEMBL267,R-HSA-199991,Membrane Trafficking
CHEMBL267,R-HSA-201556,Signaling by ALK
CHEMBL267,R-HSA-202733,Cell surface interactions at the vascular wall
CHEMBL267,R-HSA-2029480,Fcgamma receptor (FCGR) dependent phagocytosis
CHEMBL267,R-HSA-2029481,FCGR activation
CHEMBL267,R-HSA-210990,PECAM1 interactions
CHEMBL267,R-HSA-212436,Generic Transcription Pathway
CHEMBL267,R-HSA-2219528,PI3K/AKT Signaling in Cancer
CHEMBL267,R-HSA-2219530,Constitutive Signaling by Aberrant PI3K in Cancer
CHEMBL267,R-HSA-2682334,EPH-Ephrin signaling
CHEMBL267,R-HSA-354192,Integrin signaling
CHEMBL267,R-HSA-354194,GRB2:SOS provides linkage to MAPK signaling for Integrins 
CHEMBL267,R-HSA-372708,p130Cas linkage to MAPK signaling for integrins
CHEMBL267,R-HSA-372790,Signaling by GPCR
CHEMBL267,R-HSA-373752,Netrin-1 signaling
CHEMBL267,R-HSA-373760,L1CAM interactions
CHEMBL267,R-HSA-375165,NCAM signaling for neurite out-growth
CHEMBL267,R-HSA-376176,Signaling by ROBO receptors
CHEMBL267,R-HSA-388396,GPCR downstream signalling
CHEMBL267,R-HSA-388841,Regulation of T cell activation by CD28 family
CHEMBL267,R-HSA-389356,Co-stimulation by CD28
CHEMBL267,R-HSA-389513,Co-inhibition by CTLA4
CHEMBL267,R-HSA-391160,Signal regulatory protein family interactions
CHEMBL267,R-HSA-392518,Signal amplification
CHEMBL267,R-HSA-3928662,EPHB-mediated forward signaling
CHEMBL267,R-HSA-3928663,EPHA-mediated growth cone collapse
CHEMBL267,R-HSA-3928664,Ephrin signaling
CHEMBL267,R-HSA-3928665,EPH-ephrin mediated repulsion of cells
CHEMBL267,R-HSA-418555,G alpha (s) signalling events
CHEMBL267,R-HSA-418592,ADP signalling through P2Y purinoceptor 1
CHEMBL267,R-HSA-418594,G alpha (i) signalling events
CHEMBL267,R-HSA-418885,DCC mediated attractive signaling
CHEMBL267,R-HSA-418886,Netrin mediated repulsion signals
CHEMBL267,R-HSA-418990,Adherens junctions interactions
CHEMBL267,R-HSA-421270,Cell-cell junction organization
CHEMBL267,R-HSA-422475,Axon guidance
CHEMBL267,R-HSA-428542,Regulation of commissural axon pathfinding by SLIT and ROBO
CHEMBL267,R-HSA-430116,GP1b-IX-V activation signalling
CHEMBL267,R-HSA-437239,Recycling pathway of L1
CHEMBL267,R-HSA-438064,Post NMDA receptor activation events
CHEMBL267,R-HSA-4420097,VEGFA-VEGFR2 Pathway
CHEMBL267,R-HSA-442755,Activation of NMDA receptors and postsynaptic events
CHEMBL267,R-HSA-446728,Cell junction organization
CHEMBL267,R-HSA-453279,Mitotic G1 phase and G1/S transition
CHEMBL267,R-HSA-456926,Thrombin signalling through proteinase activated receptors (PARs)
CHEMBL267,R-HSA-5205647,Mitophagy
CHEMBL267,R-HSA-5218921,VEGFR2 mediated cell proliferation
CHEMBL267,R-HSA-5607764,CLEC7A (Dectin-1) signaling
CHEMBL267,R-HSA-5621481,C-type lectin receptors (CLRs)
CHEMBL267,R-HSA-5653656,Vesicle-mediated transport
CHEMBL267,R-HSA-5654726,Negative regulation of FGFR1 signaling
CHEMBL267,R-HSA-5654727,Negative regulation of FGFR2 signaling
CHEMBL267,R-HSA-5654732,Negative regulation of FGFR3 signaling
CHEMBL267,R-HSA-5654733,Negative regulation of FGFR4 signaling
CHEMBL267,R-HSA-5654736,Signaling by FGFR1
CHEMBL267,R-HSA-5654738,Signaling by FGFR2
CHEMBL267,R-HSA-5654741,Signaling by FGFR3
CHEMBL267,R-HSA-5654743,Signaling by FGFR4
CHEMBL267,R-HSA-5663202,Diseases of signal transduction by growth factor receptors and second messengers
CHEMBL267,R-HSA-5663205,Infectious disease
CHEMBL267,R-HSA-5663220,RHO GTPases Activate Formins
CHEMBL267,R-HSA-5673000,RAF activation
CHEMBL267,R-HSA-5673001,RAF/MAP kinase cascade
CHEMBL267,R-HSA-5674135,MAP2K and MAPK activation
CHEMBL267,R-HSA-5683057,MAPK family signaling cascades
CHEMBL267,R-HSA-5684996,MAPK1/MAPK3 signaling
CHEMBL267,R-HSA-6802946,Signaling by moderate kinase activity BRAF mutants
CHEMBL267,R-HSA-6802948,Signaling by high-kinase activity BRAF mutants
CHEMBL267,R-HSA-6802949,Signaling by RAS mutants
CHEMBL267,R-HSA-6802952,Signaling by BRAF and RAF1 fusions
CHEMBL267,R-HSA-6802955,Paradoxical activation of RAF signaling by kinase inactive BRAF
CHEMBL267,R-HSA-6802957,Oncogenic MAPK signaling
CHEMBL267,R-HSA-6806834,Signaling by MET
CHEMBL267,R-HSA-6811558,"PI5P, PP2A and IER3 Regulate PI3K/AKT Signaling"
CHEMBL267,R-HSA-69231,Cyclin D associated events in G1
CHEMBL267,R-HSA-69236,G1 Phase
CHEMBL267,R-HSA-69278,"Cell Cycle, Mitotic"
CHEMBL267,R-HSA-73857,RNA Polymerase II Transcription
CHEMBL267,R-HSA-74160,Gene expression (Transcription)
CHEMBL267,R-HSA-76002,"Platelet activation, signaling and aggregation"
CHEMBL267,R-HSA-76009,Platelet Aggregation (Plug Formation)
CHEMBL267,R-HSA-8853659,RET signaling
CHEMBL267,R-HSA-8874081,MET activates PTK2 signaling
CHEMBL267,R-HSA-8875878,MET promotes cell motility
CHEMBL267,R-HSA-8876384,Listeria monocytogenes entry into host cells
CHEMBL267,R-HSA-8876493,InlA-mediated entry of Listeria monocytogenes into host cells
CHEMBL267,R-HSA-8878159,Transcriptional regulation by RUNX3
CHEMBL267,R-HSA-8878166,Transcriptional regulation by RUNX2
CHEMBL267,R-HSA-8878171,Transcriptional regulation by RUNX1
CHEMBL267,R-HSA-8934593,Regulation of RUNX1 Expression and Activity
CHEMBL267,R-HSA-8934903,Receptor Mediated Mitophagy
CHEMBL267,R-HSA-8939211,ESR-mediated signaling
CHEMBL267,R-HSA-8940973,RUNX2 regulates osteoblast differentiation
CHEMBL267,R-HSA-8941326,RUNX2 regulates bone development
CHEMBL267,R-HSA-8941858,Regulation of RUNX3 expression and activity
CHEMBL267,R-HSA-9006115,Signaling by NTRK2 (TRKB)
CHEMBL267,R-HSA-9006925,Intracellular signaling by second messengers
CHEMBL267,R-HSA-9006931,Signaling by Nuclear Receptors
CHEMBL267,R-HSA-9006934,Signaling by Receptor Tyrosine Kinases
CHEMBL267,R-HSA-9009391,Extra-nuclear estrogen signaling
CHEMBL267,R-HSA-9012999,RHO GTPase cycle
CHEMBL267,R-HSA-9013420,RHOU GTPase cycle
CHEMBL267,R-HSA-9032500,Activated NTRK2 signals through FYN
CHEMBL267,R-HSA-9034015,Signaling by NTRK3 (TRKC)
CHEMBL267,R-HSA-9603381,Activated NTRK3 signals through PI3K
CHEMBL267,R-HSA-9612973,Autophagy
CHEMBL267,R-HSA-9620244,Long-term potentiation
CHEMBL267,R-HSA-9634597,GPER1 signaling
CHEMBL267,R-HSA-9649948,Signaling downstream of RAS mutants
CHEMBL267,R-HSA-9656223,Signaling by RAF1 mutants
CHEMBL267,R-HSA-9658195,Leishmania infection
CHEMBL267,R-HSA-9662851,Anti-inflammatory response favouring Leishmania parasite infection
CHEMBL267,R-HSA-9663891,Selective autophagy
CHEMBL267,R-HSA-9664323,FCGR3A-mediated IL10 synthesis
CHEMBL267,R-HSA-9664407,Parasite infection
CHEMBL267,R-HSA-9664417,Leishmania phagocytosis
CHEMBL267,R-HSA-9664422,FCGR3A-mediated phagocytosis
CHEMBL267,R-HSA-9664433,Leishmania parasite growth and survival
CHEMBL267,R-HSA-9669938,Signaling by KIT in disease
CHEMBL267,R-HSA-9670439,"Signaling by phosphorylated juxtamembrane, extracellular and kinase domain KIT mutants"
CHEMBL267,R-HSA-9675108,Nervous system development
CHEMBL267,R-HSA-9680350,Signaling by CSF1 (M-CSF) in myeloid cells
CHEMBL267,R-HSA-9716542,"Signaling by Rho GTPases, Miro GTPases and RHOBTB3"
CHEMBL267,R-HSA-9759476,Regulation of Homotypic Cell-Cell Adhesion
CHEMBL267,R-HSA-9764265,Regulation of CDH1 Expression and Function
CHEMBL267,R-HSA-9764274,Regulation of Expression and Function of Type I Classical Cadherins
CHEMBL267,R-HSA-9764561,Regulation of CDH1 Function
CHEMBL267,R-HSA-9766229,Degradation of CDH1
CHEMBL267,R-HSA-9824439,Bacterial Infection Pathways
CHEMBL267,R-HSA-9824443,Parasitic Infection Pathways
CHEMBL268,R-HSA-1280218,Adaptive Immune System
CHEMBL268,R-HSA-1442490,Collagen degradation
CHEMBL268,R-HSA-1474228,Degradation of the extracellular matrix
CHEMBL268,R-HSA-1474244,Extracellular matrix organization
CHEMBL268,R-HSA-1592389,Activation of Matrix Metalloproteinases
CHEMBL268,R-HSA-1679131,Trafficking and processing of endosomal TLR
CHEMBL268,R-HSA-168249,Innate Immune System
CHEMBL268,R-HSA-168256,Immune System
CHEMBL268,R-HSA-168898,Toll-like Receptor Cascades
CHEMBL268,R-HSA-212436,Generic Transcription Pathway
CHEMBL268,R-HSA-2132295,MHC class II antigen presentation
CHEMBL268,R-HSA-73857,RNA Polymerase II Transcription
CHEMBL268,R-HSA-74160,Gene expression (Transcription)
CHEMBL268,R-HSA-8878171,Transcriptional regulation by RUNX1
CHEMBL268,R-HSA-8939242,RUNX1 regulates transcription of genes involved in differentiation of keratinocytes
CHEMBL2692,R-HSA-162582,Signal Transduction
CHEMBL2692,R-HSA-5362517,Signaling by Retinoic Acid
CHEMBL2692,R-HSA-9006931,Signaling by Nuclear Receptors
CHEMBL271,R-HSA-109581,Apoptosis
CHEMBL271,R-HSA-111465,Apoptotic cleavage of cellular proteins
CHEMBL271,R-HSA-1169410,Antimicrobial mechanism of IFN-stimulated genes
CHEMBL271,R-HSA-1280215,Cytokine Signaling in Immune system
CHEMBL271,R-HSA-162582,Signal Transduction
CHEMBL271,R-HSA-1643685,Disease
CHEMBL271,R-HSA-168256,Immune System
CHEMBL271,R-HSA-2187338,Visual phototransduction
CHEMBL271,R-HSA-2514856,The phototransduction cascade
CHEMBL271,R-HSA-2514859,"Inactivation, recovery and regulation of the phototransduction cascade"
CHEMBL271,R-HSA-5357801,Programmed Cell Death
CHEMBL271,R-HSA-5663205,Infectious disease
CHEMBL271,R-HSA-5673001,RAF/MAP kinase cascade
CHEMBL271,R-HSA-5683057,MAPK family signaling cascades
CHEMBL271,R-HSA-5684996,MAPK1/MAPK3 signaling
CHEMBL271,R-HSA-75153,Apoptotic execution phase
CHEMBL271,R-HSA-913531,Interferon Signaling
CHEMBL271,R-HSA-9648002,RAS processing
CHEMBL271,R-HSA-9679191,Potential therapeutics for SARS
CHEMBL271,R-HSA-9679506,SARS-CoV Infections
CHEMBL271,R-HSA-9709957,Sensory Perception
CHEMBL271,R-HSA-9824446,Viral Infection Pathways
CHEMBL271,R-HSA-9953170,GBP-mediated host defense
CHEMBL2736,R-HSA-162582,Signal Transduction
CHEMBL2736,R-HSA-372790,Signaling by GPCR
CHEMBL2736,R-HSA-388396,GPCR downstream signalling
CHEMBL2736,R-HSA-418594,G alpha (i) signalling events
CHEMBL2736,R-HSA-420499,Class C/3 (Metabotropic glutamate/pheromone receptors)
CHEMBL2736,R-HSA-500792,GPCR ligand binding
CHEMBL2736,R-HSA-9709957,Sensory Perception
CHEMBL2736,R-HSA-9717189,Sensory perception of taste
CHEMBL2736,R-HSA-9717207,"Sensory perception of sweet, bitter, and umami (glutamate) taste"
CHEMBL274,R-HSA-1280215,Cytokine Signaling in Immune system
CHEMBL274,R-HSA-162582,Signal Transduction
CHEMBL274,R-HSA-162587,HIV Life Cycle
CHEMBL274,R-HSA-162594,Early Phase of HIV Life Cycle
CHEMBL274,R-HSA-162906,HIV Infection
CHEMBL274,R-HSA-1643685,Disease
CHEMBL274,R-HSA-168256,Immune System
CHEMBL274,R-HSA-173107,Binding and entry of HIV virion
CHEMBL274,R-HSA-372790,Signaling by GPCR
CHEMBL274,R-HSA-373076,Class A/1 (Rhodopsin-like receptors)
CHEMBL274,R-HSA-375276,Peptide ligand-binding receptors
CHEMBL274,R-HSA-380108,Chemokine receptors bind chemokines
CHEMBL274,R-HSA-388396,GPCR downstream signalling
CHEMBL274,R-HSA-418594,G alpha (i) signalling events
CHEMBL274,R-HSA-449147,Signaling by Interleukins
CHEMBL274,R-HSA-500792,GPCR ligand binding
CHEMBL274,R-HSA-5663205,Infectious disease
CHEMBL274,R-HSA-6783783,Interleukin-10 signaling
CHEMBL274,R-HSA-9824446,Viral Infection Pathways
CHEMBL275,R-HSA-111885,Opioid Signalling
CHEMBL275,R-HSA-162582,Signal Transduction
CHEMBL275,R-HSA-180024,DARPP-32 events
CHEMBL275,R-HSA-372790,Signaling by GPCR
CHEMBL275,R-HSA-388396,GPCR downstream signalling
CHEMBL275,R-HSA-418594,G alpha (i) signalling events
CHEMBL2754,R-HSA-1280215,Cytokine Signaling in Immune system
CHEMBL2754,R-HSA-1280218,Adaptive Immune System
CHEMBL2754,R-HSA-1461973,Defensins
CHEMBL2754,R-HSA-1462054,Alpha-defensins
CHEMBL2754,R-HSA-162587,HIV Life Cycle
CHEMBL2754,R-HSA-162594,Early Phase of HIV Life Cycle
CHEMBL2754,R-HSA-162906,HIV Infection
CHEMBL2754,R-HSA-162909,Host Interactions of HIV factors
CHEMBL2754,R-HSA-1643685,Disease
CHEMBL2754,R-HSA-164938,Nef-mediates down modulation of cell surface receptors by recruiting them to clathrin adapters
CHEMBL2754,R-HSA-164952,The role of Nef in HIV-1 replication and disease pathogenesis
CHEMBL2754,R-HSA-167590,Nef Mediated CD4 Down-regulation
CHEMBL2754,R-HSA-168249,Innate Immune System
CHEMBL2754,R-HSA-168256,Immune System
CHEMBL2754,R-HSA-173107,Binding and entry of HIV virion
CHEMBL2754,R-HSA-180534,Vpu mediated degradation of CD4
CHEMBL2754,R-HSA-199991,Membrane Trafficking
CHEMBL2754,R-HSA-202403,TCR signaling
CHEMBL2754,R-HSA-202424,Downstream TCR signaling
CHEMBL2754,R-HSA-202427,Phosphorylation of CD3 and TCR zeta chains
CHEMBL2754,R-HSA-202430,Translocation of ZAP-70 to Immunological synapse
CHEMBL2754,R-HSA-202433,Generation of second messenger molecules
CHEMBL2754,R-HSA-388841,Regulation of T cell activation by CD28 family
CHEMBL2754,R-HSA-389948,Co-inhibition by PD-1
CHEMBL2754,R-HSA-449147,Signaling by Interleukins
CHEMBL2754,R-HSA-449836,Other interleukin signaling
CHEMBL2754,R-HSA-5653656,Vesicle-mediated transport
CHEMBL2754,R-HSA-5663205,Infectious disease
CHEMBL2754,R-HSA-6803157,Antimicrobial peptides
CHEMBL2754,R-HSA-8856825,Cargo recognition for clathrin-mediated endocytosis
CHEMBL2754,R-HSA-8856828,Clathrin-mediated endocytosis
CHEMBL2754,R-HSA-9824446,Viral Infection Pathways
CHEMBL278,R-HSA-109582,Hemostasis
CHEMBL278,R-HSA-1280218,Adaptive Immune System
CHEMBL278,R-HSA-1474244,Extracellular matrix organization
CHEMBL278,R-HSA-1643685,Disease
CHEMBL278,R-HSA-168256,Immune System
CHEMBL278,R-HSA-198933,Immunoregulatory interactions between a Lymphoid and a non-Lymphoid cell
CHEMBL278,R-HSA-202733,Cell surface interactions at the vascular wall
CHEMBL278,R-HSA-212436,Generic Transcription Pathway
CHEMBL278,R-HSA-216083,Integrin cell surface interactions
CHEMBL278,R-HSA-5663205,Infectious disease
CHEMBL278,R-HSA-73857,RNA Polymerase II Transcription
CHEMBL278,R-HSA-74160,Gene expression (Transcription)
CHEMBL278,R-HSA-8878159,Transcriptional regulation by RUNX3
CHEMBL278,R-HSA-8949275,RUNX3 Regulates Immune Response and Cell Migration
CHEMBL278,R-HSA-9679191,Potential therapeutics for SARS
CHEMBL278,R-HSA-9679506,SARS-CoV Infections
CHEMBL278,R-HSA-9824446,Viral Infection Pathways
CHEMBL279,R-HSA-1474244,Extracellular matrix organization
CHEMBL279,R-HSA-162582,Signal Transduction
CHEMBL279,R-HSA-1643685,Disease
CHEMBL279,R-HSA-194138,Signaling by VEGF
CHEMBL279,R-HSA-194306,Neurophilin interactions with VEGF and VEGFR
CHEMBL279,R-HSA-194313,VEGF ligand-receptor interactions
CHEMBL279,R-HSA-195399,VEGF binds to VEGFR leading to receptor dimerization
CHEMBL279,R-HSA-216083,Integrin cell surface interactions
CHEMBL279,R-HSA-4420097,VEGFA-VEGFR2 Pathway
CHEMBL279,R-HSA-5218921,VEGFR2 mediated cell proliferation
CHEMBL279,R-HSA-5663202,Diseases of signal transduction by growth factor receptors and second messengers
CHEMBL279,R-HSA-8953897,Cellular responses to stimuli
CHEMBL279,R-HSA-9006934,Signaling by Receptor Tyrosine Kinases
CHEMBL279,R-HSA-9671555,Signaling by PDGFR in disease
CHEMBL279,R-HSA-9673768,Signaling by membrane-tethered fusions of PDGFRA or PDGFRB
CHEMBL279,R-HSA-9855142,Cellular responses to mechanical stimuli
CHEMBL279,R-HSA-9856530,High laminar flow shear stress activates signaling by PIEZO1 and PECAM1:CDH5:KDR in endothelial cells
CHEMBL279,R-HSA-9860931,Response of endothelial cells to shear stress
CHEMBL2796,R-HSA-1222449,Mtb iron assimilation by chelation
CHEMBL2796,R-HSA-1222499,Latent infection - Other responses of Mtb to phagocytosis
CHEMBL2796,R-HSA-1643685,Disease
CHEMBL2796,R-HSA-168249,Innate Immune System
CHEMBL2796,R-HSA-168256,Immune System
CHEMBL2796,R-HSA-392499,Metabolism of proteins
CHEMBL2796,R-HSA-5663205,Infectious disease
CHEMBL2796,R-HSA-6798695,Neutrophil degranulation
CHEMBL2796,R-HSA-6799990,Metal sequestration by antimicrobial proteins
CHEMBL2796,R-HSA-6803157,Antimicrobial peptides
CHEMBL2796,R-HSA-9635486,Infection with Mycobacterium tuberculosis
CHEMBL2796,R-HSA-977225,Amyloid fiber formation
CHEMBL2796,R-HSA-9824439,Bacterial Infection Pathways
CHEMBL280,R-HSA-1442490,Collagen degradation
CHEMBL280,R-HSA-1474228,Degradation of the extracellular matrix
CHEMBL280,R-HSA-1474244,Extracellular matrix organization
CHEMBL280,R-HSA-1474290,Collagen formation
CHEMBL280,R-HSA-1592389,Activation of Matrix Metalloproteinases
CHEMBL280,R-HSA-2022090,Assembly of collagen fibrils and other multimeric structures
CHEMBL280,R-HSA-212436,Generic Transcription Pathway
CHEMBL280,R-HSA-73857,RNA Polymerase II Transcription
CHEMBL280,R-HSA-74160,Gene expression (Transcription)
CHEMBL280,R-HSA-8878166,Transcriptional regulation by RUNX2
CHEMBL280,R-HSA-8941332,RUNX2 regulates genes involved in cell migration
CHEMBL281,R-HSA-1237044,Erythrocytes take up carbon dioxide and release oxygen
CHEMBL281,R-HSA-1247673,Erythrocytes take up oxygen and release carbon dioxide
CHEMBL281,R-HSA-1430728,Metabolism
CHEMBL281,R-HSA-1475029,Reversible hydration of carbon dioxide
CHEMBL281,R-HSA-1480926,O2/CO2 exchange in erythrocytes
CHEMBL281,R-HSA-382551,Transport of small molecules
CHEMBL2835,R-HSA-1059683,Interleukin-6 signaling
CHEMBL2835,R-HSA-110056,MAPK3 (ERK1) activation
CHEMBL2835,R-HSA-112409,RAF-independent MAPK1/3 activation
CHEMBL2835,R-HSA-112411,MAPK1 (ERK2) activation
CHEMBL2835,R-HSA-1169408,ISG15 antiviral mechanism
CHEMBL2835,R-HSA-1169410,Antimicrobial mechanism of IFN-stimulated genes
CHEMBL2835,R-HSA-1266695,Interleukin-7 signaling
CHEMBL2835,R-HSA-1280215,Cytokine Signaling in Immune system
CHEMBL2835,R-HSA-1280218,Adaptive Immune System
CHEMBL2835,R-HSA-162582,Signal Transduction
CHEMBL2835,R-HSA-1643685,Disease
CHEMBL2835,R-HSA-168256,Immune System
CHEMBL2835,R-HSA-388841,Regulation of T cell activation by CD28 family
CHEMBL2835,R-HSA-389948,Co-inhibition by PD-1
CHEMBL2835,R-HSA-447115,Interleukin-12 family signaling
CHEMBL2835,R-HSA-449147,Signaling by Interleukins
CHEMBL2835,R-HSA-449836,Other interleukin signaling
CHEMBL2835,R-HSA-451927,Interleukin-2 family signaling
CHEMBL2835,R-HSA-512988,"Interleukin-3, Interleukin-5 and GM-CSF signaling"
CHEMBL2835,R-HSA-5663205,Infectious disease
CHEMBL2835,R-HSA-5673001,RAF/MAP kinase cascade
CHEMBL2835,R-HSA-5683057,MAPK family signaling cascades
CHEMBL2835,R-HSA-5684996,MAPK1/MAPK3 signaling
CHEMBL2835,R-HSA-6783589,Interleukin-6 family signaling
CHEMBL2835,R-HSA-6783783,Interleukin-10 signaling
CHEMBL2835,R-HSA-6785807,Interleukin-4 and Interleukin-13 signaling
CHEMBL2835,R-HSA-6788467,IL-6-type cytokine receptor ligand interactions
CHEMBL2835,R-HSA-877300,Interferon gamma signaling
CHEMBL2835,R-HSA-877312,Regulation of IFNG signaling
CHEMBL2835,R-HSA-8854691,Interleukin-20 family signaling
CHEMBL2835,R-HSA-8983432,Interleukin-15 signaling
CHEMBL2835,R-HSA-8984722,Interleukin-35 Signalling
CHEMBL2835,R-HSA-8985947,Interleukin-9 signaling
CHEMBL2835,R-HSA-9020558,Interleukin-2 signaling
CHEMBL2835,R-HSA-9020591,Interleukin-12 signaling
CHEMBL2835,R-HSA-9020956,Interleukin-27 signaling
CHEMBL2835,R-HSA-9020958,Interleukin-21 signaling
CHEMBL2835,R-HSA-909733,Interferon alpha/beta signaling
CHEMBL2835,R-HSA-912526,Interleukin receptor SHC signaling
CHEMBL2835,R-HSA-912694,Regulation of IFNA/IFNB signaling
CHEMBL2835,R-HSA-913531,Interferon Signaling
CHEMBL2835,R-HSA-9674555,Signaling by CSF3 (G-CSF)
CHEMBL2835,R-HSA-9679191,Potential therapeutics for SARS
CHEMBL2835,R-HSA-9679506,SARS-CoV Infections
CHEMBL2835,R-HSA-9694516,SARS-CoV-2 Infection
CHEMBL2835,R-HSA-9705462,Inactivation of CSF3 (G-CSF) signaling
CHEMBL2835,R-HSA-9705671,SARS-CoV-2 activates/modulates innate and adaptive immune responses
CHEMBL2835,R-HSA-9705683,SARS-CoV-2-host interactions
CHEMBL2835,R-HSA-9732724,IFNG signaling activates MAPKs
CHEMBL2835,R-HSA-9820952,Respiratory Syncytial Virus Infection Pathway
CHEMBL2835,R-HSA-9824446,Viral Infection Pathways
CHEMBL2835,R-HSA-9833109,Evasion by RSV of host interferon responses
CHEMBL2835,R-HSA-9833110,RSV-host interactions
CHEMBL2835,R-HSA-9909615,Regulation of PD-L1(CD274) Post-translational modification
CHEMBL2835,R-HSA-9909648,Regulation of PD-L1(CD274) expression
CHEMBL2835,R-HSA-9931295,PD-L1(CD274) glycosylation and translocation to plasma membrane
CHEMBL2847,R-HSA-1266738,Developmental Biology
CHEMBL2847,R-HSA-1368108,"BMAL1:CLOCK,NPAS2 activates circadian expression"
CHEMBL2847,R-HSA-1430728,Metabolism
CHEMBL2847,R-HSA-1592230,Mitochondrial biogenesis
CHEMBL2847,R-HSA-1655829,Regulation of cholesterol biosynthesis by SREBP (SREBF)
CHEMBL2847,R-HSA-1852241,Organelle biogenesis and maintenance
CHEMBL2847,R-HSA-1989781,PPARA activates gene expression
CHEMBL2847,R-HSA-212436,Generic Transcription Pathway
CHEMBL2847,R-HSA-2151201,Transcriptional activation of mitochondrial biogenesis
CHEMBL2847,R-HSA-2262752,Cellular responses to stress
CHEMBL2847,R-HSA-2426168,Activation of gene expression by SREBF (SREBP)
CHEMBL2847,R-HSA-2990846,SUMOylation
CHEMBL2847,R-HSA-3108232,SUMO E3 ligases SUMOylate target proteins
CHEMBL2847,R-HSA-381340,Transcriptional regulation of white adipocyte differentiation
CHEMBL2847,R-HSA-383280,Nuclear Receptor transcription pathway
CHEMBL2847,R-HSA-392499,Metabolism of proteins
CHEMBL2847,R-HSA-400206,Regulation of lipid metabolism by PPARalpha
CHEMBL2847,R-HSA-4090294,SUMOylation of intracellular receptors
CHEMBL2847,R-HSA-556833,Metabolism of lipids
CHEMBL2847,R-HSA-597592,Post-translational protein modification
CHEMBL2847,R-HSA-73857,RNA Polymerase II Transcription
CHEMBL2847,R-HSA-74160,Gene expression (Transcription)
CHEMBL2847,R-HSA-8953897,Cellular responses to stimuli
CHEMBL2847,R-HSA-8957322,Metabolism of steroids
CHEMBL2847,R-HSA-9707564,Cytoprotection by HMOX1
CHEMBL2847,R-HSA-9707616,Heme signaling
CHEMBL2847,R-HSA-9711123,Cellular response to chemical stress
CHEMBL2847,R-HSA-9843743,Transcriptional regulation of brown and beige adipocyte differentiation
CHEMBL2847,R-HSA-9843745,Adipogenesis
CHEMBL2847,R-HSA-9844594,Transcriptional regulation of brown and beige adipocyte differentiation by EBF2
CHEMBL2847,R-HSA-9909396,Circadian clock
CHEMBL2847,R-HSA-9931509,"Expression of BMAL (ARNTL), CLOCK, and NPAS2"
CHEMBL2847,R-HSA-9933387,"RORA,B,C and NR1D1 (REV-ERBA) regulate gene expression"
CHEMBL2849,R-HSA-1430728,Metabolism
CHEMBL2849,R-HSA-162587,HIV Life Cycle
CHEMBL2849,R-HSA-162599,Late Phase of HIV Life Cycle
CHEMBL2849,R-HSA-162906,HIV Infection
CHEMBL2849,R-HSA-1643685,Disease
CHEMBL2849,R-HSA-174490,Membrane binding and targetting of GAG proteins
CHEMBL2849,R-HSA-174495,"Synthesis And Processing Of GAG, GAGPOL Polyproteins"
CHEMBL2849,R-HSA-175474,Assembly Of The HIV Virion
CHEMBL2849,R-HSA-202131,Metabolism of nitric oxide: NOS3 activation and regulation
CHEMBL2849,R-HSA-203615,eNOS activation
CHEMBL2849,R-HSA-2187338,Visual phototransduction
CHEMBL2849,R-HSA-2514856,The phototransduction cascade
CHEMBL2849,R-HSA-2514859,"Inactivation, recovery and regulation of the phototransduction cascade"
CHEMBL2849,R-HSA-5663205,Infectious disease
CHEMBL2849,R-HSA-9709957,Sensory Perception
CHEMBL2849,R-HSA-9824446,Viral Infection Pathways
CHEMBL2882,R-HSA-162582,Signal Transduction
CHEMBL2882,R-HSA-372790,Signaling by GPCR
CHEMBL2882,R-HSA-373076,Class A/1 (Rhodopsin-like receptors)
CHEMBL2882,R-HSA-375280,Amine ligand-binding receptors
CHEMBL2882,R-HSA-388396,GPCR downstream signalling
CHEMBL2882,R-HSA-390650,Histamine receptors
CHEMBL2882,R-HSA-418555,G alpha (s) signalling events
CHEMBL2882,R-HSA-500792,GPCR ligand binding
CHEMBL2883,R-HSA-1430728,Metabolism
CHEMBL2883,R-HSA-15869,Metabolism of nucleotides
CHEMBL2883,R-HSA-1640170,Cell Cycle
CHEMBL2883,R-HSA-453279,Mitotic G1 phase and G1/S transition
CHEMBL2883,R-HSA-69205,G1/S-Specific Transcription
CHEMBL2883,R-HSA-69206,G1/S Transition
CHEMBL2883,R-HSA-69278,"Cell Cycle, Mitotic"
CHEMBL2883,R-HSA-73614,Pyrimidine salvage
CHEMBL2883,R-HSA-8956321,Nucleotide salvage
CHEMBL2885,R-HSA-1430728,Metabolism
CHEMBL2885,R-HSA-1475029,Reversible hydration of carbon dioxide
CHEMBL2886,R-HSA-1430728,Metabolism
CHEMBL2886,R-HSA-1643685,Disease
CHEMBL2886,R-HSA-5663205,Infectious disease
CHEMBL2886,R-HSA-70171,Glycolysis
CHEMBL2886,R-HSA-70263,Gluconeogenesis
CHEMBL2886,R-HSA-70326,Glucose metabolism
CHEMBL2886,R-HSA-71387,Metabolism of carbohydrates and carbohydrate derivatives
CHEMBL2886,R-HSA-9635486,Infection with Mycobacterium tuberculosis
CHEMBL2886,R-HSA-9636667,Manipulation of host energy metabolism
CHEMBL2886,R-HSA-9637690,Response of Mtb to phagocytosis
CHEMBL2886,R-HSA-9824439,Bacterial Infection Pathways
CHEMBL2887,R-HSA-1237044,Erythrocytes take up carbon dioxide and release oxygen
CHEMBL2887,R-HSA-1247673,Erythrocytes take up oxygen and release carbon dioxide
CHEMBL2887,R-HSA-1480926,O2/CO2 exchange in erythrocytes
CHEMBL2887,R-HSA-1643685,Disease
CHEMBL2887,R-HSA-2168880,Scavenging of heme from plasma
CHEMBL2887,R-HSA-2173782,Binding and Uptake of Ligands by Scavenger Receptors
CHEMBL2887,R-HSA-2262752,Cellular responses to stress
CHEMBL2887,R-HSA-382551,Transport of small molecules
CHEMBL2887,R-HSA-5653656,Vesicle-mediated transport
CHEMBL2887,R-HSA-5663205,Infectious disease
CHEMBL2887,R-HSA-8953897,Cellular responses to stimuli
CHEMBL2887,R-HSA-9638482,Metal ion assimilation from the host
CHEMBL2887,R-HSA-9640148,Infection with Enterobacteria
CHEMBL2887,R-HSA-9707564,Cytoprotection by HMOX1
CHEMBL2887,R-HSA-9707616,Heme signaling
CHEMBL2887,R-HSA-9711123,Cellular response to chemical stress
CHEMBL2887,R-HSA-9824439,Bacterial Infection Pathways
CHEMBL2887,R-HSA-9927020,Heme assimilation
CHEMBL2888,R-HSA-162582,Signal Transduction
CHEMBL2888,R-HSA-372790,Signaling by GPCR
CHEMBL2888,R-HSA-388396,GPCR downstream signalling
CHEMBL2888,R-HSA-418594,G alpha (i) signalling events
CHEMBL2888,R-HSA-420499,Class C/3 (Metabotropic glutamate/pheromone receptors)
CHEMBL2888,R-HSA-500792,GPCR ligand binding
CHEMBL2896,R-HSA-109582,Hemostasis
CHEMBL2896,R-HSA-1430728,Metabolism
CHEMBL2896,R-HSA-1474151,"Tetrahydrobiopterin (BH4) synthesis, recycling, salvage and regulation"
CHEMBL2896,R-HSA-162582,Signal Transduction
CHEMBL2896,R-HSA-1643685,Disease
CHEMBL2896,R-HSA-195721,Signaling by WNT
CHEMBL2896,R-HSA-196854,Metabolism of vitamins and cofactors
CHEMBL2896,R-HSA-3858494,Beta-catenin independent WNT signaling
CHEMBL2896,R-HSA-392154,Nitric oxide stimulates guanylate cyclase
CHEMBL2896,R-HSA-4086398,Ca2+ pathway
CHEMBL2896,R-HSA-418346,Platelet homeostasis
CHEMBL2896,R-HSA-418457,cGMP effects
CHEMBL2896,R-HSA-5663205,Infectious disease
CHEMBL2896,R-HSA-5673001,RAF/MAP kinase cascade
CHEMBL2896,R-HSA-5683057,MAPK family signaling cascades
CHEMBL2896,R-HSA-5684996,MAPK1/MAPK3 signaling
CHEMBL2896,R-HSA-8978934,Metabolism of cofactors
CHEMBL2896,R-HSA-9648002,RAS processing
CHEMBL2896,R-HSA-9824446,Viral Infection Pathways
CHEMBL2896,R-HSA-9839923,Dengue Virus Infection
CHEMBL2896,R-HSA-9918432,Maturation of DENV proteins
CHEMBL2896,R-HSA-9918487,Dengue Virus Genome Translation and Replication
CHEMBL2897,R-HSA-1280215,Cytokine Signaling in Immune system
CHEMBL2897,R-HSA-1643685,Disease
CHEMBL2897,R-HSA-166016,Toll Like Receptor 4 (TLR4) Cascade
CHEMBL2897,R-HSA-166058,MyD88:MAL(TIRAP) cascade initiated on plasma membrane
CHEMBL2897,R-HSA-166166,MyD88-independent TLR4 cascade 
CHEMBL2897,R-HSA-168138,Toll Like Receptor 9 (TLR9) Cascade
CHEMBL2897,R-HSA-168142,Toll Like Receptor 10 (TLR10) Cascade
CHEMBL2897,R-HSA-168164,Toll Like Receptor 3 (TLR3) Cascade
CHEMBL2897,R-HSA-168176,Toll Like Receptor 5 (TLR5) Cascade
CHEMBL2897,R-HSA-168179,Toll Like Receptor TLR1:TLR2 Cascade
CHEMBL2897,R-HSA-168181,Toll Like Receptor 7/8 (TLR7/8) Cascade
CHEMBL2897,R-HSA-168188,Toll Like Receptor TLR6:TLR2 Cascade
CHEMBL2897,R-HSA-168249,Innate Immune System
CHEMBL2897,R-HSA-168256,Immune System
CHEMBL2897,R-HSA-168898,Toll-like Receptor Cascades
CHEMBL2897,R-HSA-181438,Toll Like Receptor 2 (TLR2) Cascade
CHEMBL2897,R-HSA-2262752,Cellular responses to stress
CHEMBL2897,R-HSA-2454202,Fc epsilon receptor (FCERI) signaling
CHEMBL2897,R-HSA-2559580,Oxidative Stress Induced Senescence
CHEMBL2897,R-HSA-2559583,Cellular Senescence
CHEMBL2897,R-HSA-2871796,FCERI mediated MAPK activation
CHEMBL2897,R-HSA-446652,Interleukin-1 family signaling
CHEMBL2897,R-HSA-448424,Interleukin-17 signaling
CHEMBL2897,R-HSA-449147,Signaling by Interleukins
CHEMBL2897,R-HSA-450294,MAP kinase activation
CHEMBL2897,R-HSA-450321,JNK (c-Jun kinases) phosphorylation and  activation mediated by activated human TAK1
CHEMBL2897,R-HSA-5210891,Uptake and function of anthrax toxins
CHEMBL2897,R-HSA-5339562,Uptake and actions of bacterial toxins
CHEMBL2897,R-HSA-5663205,Infectious disease
CHEMBL2897,R-HSA-5684264,MAP3K8 (TPL2)-dependent MAPK1/3 activation
CHEMBL2897,R-HSA-8953897,Cellular responses to stimuli
CHEMBL2897,R-HSA-9020702,Interleukin-1 signaling
CHEMBL2897,R-HSA-937061,TRIF (TICAM1)-mediated TLR4 signaling 
CHEMBL2897,R-HSA-975138,TRAF6 mediated induction of NFkB and MAP kinases upon TLR7/8 or 9 activation
CHEMBL2897,R-HSA-975155,MyD88 dependent cascade initiated on endosome
CHEMBL2897,R-HSA-975871,MyD88 cascade initiated on plasma membrane
CHEMBL2897,R-HSA-9824439,Bacterial Infection Pathways
CHEMBL2918,R-HSA-109582,Hemostasis
CHEMBL2918,R-HSA-111885,Opioid Signalling
CHEMBL2918,R-HSA-111931,PKA-mediated phosphorylation of CREB
CHEMBL2918,R-HSA-111933,Calmodulin induced events
CHEMBL2918,R-HSA-111996,Ca-dependent events
CHEMBL2918,R-HSA-111997,CaM pathway
CHEMBL2918,R-HSA-112040,G-protein mediated events
CHEMBL2918,R-HSA-112043,PLC beta mediated events
CHEMBL2918,R-HSA-112314,Neurotransmitter receptors and postsynaptic signal transmission
CHEMBL2918,R-HSA-112315,Transmission across Chemical Synapses
CHEMBL2918,R-HSA-112316,Neuronal System
CHEMBL2918,R-HSA-1266738,Developmental Biology
CHEMBL2918,R-HSA-1280218,Adaptive Immune System
CHEMBL2918,R-HSA-1430728,Metabolism
CHEMBL2918,R-HSA-1489509,DAG and IP3 signaling
CHEMBL2918,R-HSA-162582,Signal Transduction
CHEMBL2918,R-HSA-163358,PKA-mediated phosphorylation of key metabolic factors
CHEMBL2918,R-HSA-163359,Glucagon signaling in metabolic regulation
CHEMBL2918,R-HSA-163560,Triglyceride catabolism
CHEMBL2918,R-HSA-163615,PKA activation
CHEMBL2918,R-HSA-163685,Integration of energy metabolism
CHEMBL2918,R-HSA-1643685,Disease
CHEMBL2918,R-HSA-164378,PKA activation in glucagon signalling
CHEMBL2918,R-HSA-168249,Innate Immune System
CHEMBL2918,R-HSA-168256,Immune System
CHEMBL2918,R-HSA-174824,"Plasma lipoprotein assembly, remodeling, and clearance"
CHEMBL2918,R-HSA-180024,DARPP-32 events
CHEMBL2918,R-HSA-194138,Signaling by VEGF
CHEMBL2918,R-HSA-372790,Signaling by GPCR
CHEMBL2918,R-HSA-376176,Signaling by ROBO receptors
CHEMBL2918,R-HSA-381676,Glucagon-like Peptide-1 (GLP1) regulates insulin secretion
CHEMBL2918,R-HSA-382551,Transport of small molecules
CHEMBL2918,R-HSA-388396,GPCR downstream signalling
CHEMBL2918,R-HSA-392517,Rap1 signalling
CHEMBL2918,R-HSA-418555,G alpha (s) signalling events
CHEMBL2918,R-HSA-418594,G alpha (i) signalling events
CHEMBL2918,R-HSA-422356,Regulation of insulin secretion
CHEMBL2918,R-HSA-422475,Axon guidance
CHEMBL2918,R-HSA-432040,Vasopressin regulates renal water homeostasis via Aquaporins
CHEMBL2918,R-HSA-438064,Post NMDA receptor activation events
CHEMBL2918,R-HSA-4420097,VEGFA-VEGFR2 Pathway
CHEMBL2918,R-HSA-442720,CREB1 phosphorylation through the activation of Adenylate Cyclase
CHEMBL2918,R-HSA-442755,Activation of NMDA receptors and postsynaptic events
CHEMBL2918,R-HSA-445717,Aquaporin-mediated transport
CHEMBL2918,R-HSA-5358351,Signaling by Hedgehog
CHEMBL2918,R-HSA-556833,Metabolism of lipids
CHEMBL2918,R-HSA-5610780,Degradation of GLI1 by the proteasome
CHEMBL2918,R-HSA-5610783,Degradation of GLI2 by the proteasome
CHEMBL2918,R-HSA-5610785,GLI3 is processed to GLI3R by the proteasome
CHEMBL2918,R-HSA-5610787,Hedgehog 'off' state
CHEMBL2918,R-HSA-5621481,C-type lectin receptors (CLRs)
CHEMBL2918,R-HSA-5621575,CD209 (DC-SIGN) signaling
CHEMBL2918,R-HSA-5663205,Infectious disease
CHEMBL2918,R-HSA-5683057,MAPK family signaling cascades
CHEMBL2918,R-HSA-5687128,MAPK6/MAPK4 signaling
CHEMBL2918,R-HSA-70171,Glycolysis
CHEMBL2918,R-HSA-70326,Glucose metabolism
CHEMBL2918,R-HSA-71387,Metabolism of carbohydrates and carbohydrate derivatives
CHEMBL2918,R-HSA-8853659,RET signaling
CHEMBL2918,R-HSA-8953897,Cellular responses to stimuli
CHEMBL2918,R-HSA-8963896,HDL assembly
CHEMBL2918,R-HSA-8963898,Plasma lipoprotein assembly
CHEMBL2918,R-HSA-8979227,Triglyceride metabolism
CHEMBL2918,R-HSA-9006925,Intracellular signaling by second messengers
CHEMBL2918,R-HSA-9006934,Signaling by Receptor Tyrosine Kinases
CHEMBL2918,R-HSA-9010642,ROBO receptors bind AKAP5
CHEMBL2918,R-HSA-9634597,GPER1 signaling
CHEMBL2918,R-HSA-9634600,"Regulation of glycolysis by fructose 2,6-bisphosphate metabolism"
CHEMBL2918,R-HSA-9658195,Leishmania infection
CHEMBL2918,R-HSA-9660821,ADORA2B mediated anti-inflammatory cytokines production
CHEMBL2918,R-HSA-9662851,Anti-inflammatory response favouring Leishmania parasite infection
CHEMBL2918,R-HSA-9664323,FCGR3A-mediated IL10 synthesis
CHEMBL2918,R-HSA-9664433,Leishmania parasite growth and survival
CHEMBL2918,R-HSA-9675108,Nervous system development
CHEMBL2918,R-HSA-9824443,Parasitic Infection Pathways
CHEMBL2918,R-HSA-983231,Factors involved in megakaryocyte development and platelet production
CHEMBL2918,R-HSA-9855142,Cellular responses to mechanical stimuli
CHEMBL2918,R-HSA-9856530,High laminar flow shear stress activates signaling by PIEZO1 and PECAM1:CDH5:KDR in endothelial cells
CHEMBL2918,R-HSA-9860931,Response of endothelial cells to shear stress
CHEMBL2938,R-HSA-109582,Hemostasis
CHEMBL2938,R-HSA-111885,Opioid Signalling
CHEMBL2938,R-HSA-111933,Calmodulin induced events
CHEMBL2938,R-HSA-111996,Ca-dependent events
CHEMBL2938,R-HSA-111997,CaM pathway
CHEMBL2938,R-HSA-112040,G-protein mediated events
CHEMBL2938,R-HSA-112043,PLC beta mediated events
CHEMBL2938,R-HSA-112314,Neurotransmitter receptors and postsynaptic signal transmission
CHEMBL2938,R-HSA-112315,Transmission across Chemical Synapses
CHEMBL2938,R-HSA-112316,Neuronal System
CHEMBL2938,R-HSA-114516,Disinhibition of SNARE formation
CHEMBL2938,R-HSA-1489509,DAG and IP3 signaling
CHEMBL2938,R-HSA-162582,Signal Transduction
CHEMBL2938,R-HSA-195721,Signaling by WNT
CHEMBL2938,R-HSA-372790,Signaling by GPCR
CHEMBL2938,R-HSA-3858494,Beta-catenin independent WNT signaling
CHEMBL2938,R-HSA-388396,GPCR downstream signalling
CHEMBL2938,R-HSA-399719,Trafficking of AMPA receptors
CHEMBL2938,R-HSA-399721,"Glutamate binding, activation of AMPA receptors and synaptic plasticity"
CHEMBL2938,R-HSA-4086400,PCP/CE pathway
CHEMBL2938,R-HSA-416993,Trafficking of GluR2-containing AMPA receptors
CHEMBL2938,R-HSA-418594,G alpha (i) signalling events
CHEMBL2938,R-HSA-418597,G alpha (z) signalling events
CHEMBL2938,R-HSA-5099900,WNT5A-dependent internalization of FZD4
CHEMBL2938,R-HSA-76002,"Platelet activation, signaling and aggregation"
CHEMBL2938,R-HSA-76005,Response to elevated platelet cytosolic Ca2+
CHEMBL2938,R-HSA-9006925,Intracellular signaling by second messengers
CHEMBL2940,R-HSA-1280215,Cytokine Signaling in Immune system
CHEMBL2940,R-HSA-157118,Signaling by NOTCH
CHEMBL2940,R-HSA-162582,Signal Transduction
CHEMBL2940,R-HSA-168256,Immune System
CHEMBL2940,R-HSA-1980145,Signaling by NOTCH2
CHEMBL2940,R-HSA-2197563,NOTCH2 intracellular domain regulates transcription
CHEMBL2940,R-HSA-449147,Signaling by Interleukins
CHEMBL2940,R-HSA-6783783,Interleukin-10 signaling
CHEMBL2940,R-HSA-6785807,Interleukin-4 and Interleukin-13 signaling
CHEMBL2959,R-HSA-1280218,Adaptive Immune System
CHEMBL2959,R-HSA-168249,Innate Immune System
CHEMBL2959,R-HSA-168256,Immune System
CHEMBL2959,R-HSA-202403,TCR signaling
CHEMBL2959,R-HSA-202433,Generation of second messenger molecules
CHEMBL2959,R-HSA-2454202,Fc epsilon receptor (FCERI) signaling
CHEMBL2959,R-HSA-2871809,FCERI mediated Ca+2 mobilization
CHEMBL2960,R-HSA-111885,Opioid Signalling
CHEMBL2960,R-HSA-111931,PKA-mediated phosphorylation of CREB
CHEMBL2960,R-HSA-111933,Calmodulin induced events
CHEMBL2960,R-HSA-111996,Ca-dependent events
CHEMBL2960,R-HSA-111997,CaM pathway
CHEMBL2960,R-HSA-112040,G-protein mediated events
CHEMBL2960,R-HSA-112043,PLC beta mediated events
CHEMBL2960,R-HSA-112314,Neurotransmitter receptors and postsynaptic signal transmission
CHEMBL2960,R-HSA-112315,Transmission across Chemical Synapses
CHEMBL2960,R-HSA-112316,Neuronal System
CHEMBL2960,R-HSA-1430728,Metabolism
CHEMBL2960,R-HSA-1489509,DAG and IP3 signaling
CHEMBL2960,R-HSA-162582,Signal Transduction
CHEMBL2960,R-HSA-163359,Glucagon signaling in metabolic regulation
CHEMBL2960,R-HSA-163615,PKA activation
CHEMBL2960,R-HSA-163685,Integration of energy metabolism
CHEMBL2960,R-HSA-1643685,Disease
CHEMBL2960,R-HSA-164378,PKA activation in glucagon signalling
CHEMBL2960,R-HSA-170660,Adenylate cyclase activating pathway
CHEMBL2960,R-HSA-170670,Adenylate cyclase inhibitory pathway
CHEMBL2960,R-HSA-372790,Signaling by GPCR
CHEMBL2960,R-HSA-381676,Glucagon-like Peptide-1 (GLP1) regulates insulin secretion
CHEMBL2960,R-HSA-382551,Transport of small molecules
CHEMBL2960,R-HSA-388396,GPCR downstream signalling
CHEMBL2960,R-HSA-418555,G alpha (s) signalling events
CHEMBL2960,R-HSA-418594,G alpha (i) signalling events
CHEMBL2960,R-HSA-418597,G alpha (z) signalling events
CHEMBL2960,R-HSA-422356,Regulation of insulin secretion
CHEMBL2960,R-HSA-432040,Vasopressin regulates renal water homeostasis via Aquaporins
CHEMBL2960,R-HSA-438064,Post NMDA receptor activation events
CHEMBL2960,R-HSA-442720,CREB1 phosphorylation through the activation of Adenylate Cyclase
CHEMBL2960,R-HSA-442755,Activation of NMDA receptors and postsynaptic events
CHEMBL2960,R-HSA-445717,Aquaporin-mediated transport
CHEMBL2960,R-HSA-5358351,Signaling by Hedgehog
CHEMBL2960,R-HSA-5610787,Hedgehog 'off' state
CHEMBL2960,R-HSA-5663205,Infectious disease
CHEMBL2960,R-HSA-8953897,Cellular responses to stimuli
CHEMBL2960,R-HSA-9006925,Intracellular signaling by second messengers
CHEMBL2960,R-HSA-9634597,GPER1 signaling
CHEMBL2960,R-HSA-9658195,Leishmania infection
CHEMBL2960,R-HSA-9660821,ADORA2B mediated anti-inflammatory cytokines production
CHEMBL2960,R-HSA-9662851,Anti-inflammatory response favouring Leishmania parasite infection
CHEMBL2960,R-HSA-9664323,FCGR3A-mediated IL10 synthesis
CHEMBL2960,R-HSA-9664433,Leishmania parasite growth and survival
CHEMBL2960,R-HSA-977443,GABA receptor activation
CHEMBL2960,R-HSA-977444,GABA B receptor activation
CHEMBL2960,R-HSA-9824443,Parasitic Infection Pathways
CHEMBL2960,R-HSA-9855142,Cellular responses to mechanical stimuli
CHEMBL2960,R-HSA-9856530,High laminar flow shear stress activates signaling by PIEZO1 and PECAM1:CDH5:KDR in endothelial cells
CHEMBL2960,R-HSA-9860931,Response of endothelial cells to shear stress
CHEMBL2960,R-HSA-991365,Activation of GABAB receptors
CHEMBL2963,R-HSA-1442490,Collagen degradation
CHEMBL2963,R-HSA-1474228,Degradation of the extracellular matrix
CHEMBL2963,R-HSA-1474244,Extracellular matrix organization
CHEMBL2963,R-HSA-1592389,Activation of Matrix Metalloproteinases
CHEMBL2964,R-HSA-112409,RAF-independent MAPK1/3 activation
CHEMBL2964,R-HSA-112411,MAPK1 (ERK2) activation
CHEMBL2964,R-HSA-1266738,Developmental Biology
CHEMBL2964,R-HSA-162582,Signal Transduction
CHEMBL2964,R-HSA-1643685,Disease
CHEMBL2964,R-HSA-166520,Signaling by NTRKs
CHEMBL2964,R-HSA-169893,Prolonged ERK activation events
CHEMBL2964,R-HSA-170968,Frs2-mediated activation
CHEMBL2964,R-HSA-187037,Signaling by NTRK1 (TRKA)
CHEMBL2964,R-HSA-187687,Signalling to ERKs
CHEMBL2964,R-HSA-373760,L1CAM interactions
CHEMBL2964,R-HSA-422475,Axon guidance
CHEMBL2964,R-HSA-445144,Signal transduction by L1
CHEMBL2964,R-HSA-5210891,Uptake and function of anthrax toxins
CHEMBL2964,R-HSA-5339562,Uptake and actions of bacterial toxins
CHEMBL2964,R-HSA-5663202,Diseases of signal transduction by growth factor receptors and second messengers
CHEMBL2964,R-HSA-5663205,Infectious disease
CHEMBL2964,R-HSA-5673000,RAF activation
CHEMBL2964,R-HSA-5673001,RAF/MAP kinase cascade
CHEMBL2964,R-HSA-5674135,MAP2K and MAPK activation
CHEMBL2964,R-HSA-5674499,Negative feedback regulation of MAPK pathway
CHEMBL2964,R-HSA-5675221,Negative regulation of MAPK pathway
CHEMBL2964,R-HSA-5683057,MAPK family signaling cascades
CHEMBL2964,R-HSA-5684996,MAPK1/MAPK3 signaling
CHEMBL2964,R-HSA-6802946,Signaling by moderate kinase activity BRAF mutants
CHEMBL2964,R-HSA-6802948,Signaling by high-kinase activity BRAF mutants
CHEMBL2964,R-HSA-6802949,Signaling by RAS mutants
CHEMBL2964,R-HSA-6802952,Signaling by BRAF and RAF1 fusions
CHEMBL2964,R-HSA-6802955,Paradoxical activation of RAF signaling by kinase inactive BRAF
CHEMBL2964,R-HSA-6802957,Oncogenic MAPK signaling
CHEMBL2964,R-HSA-9006934,Signaling by Receptor Tyrosine Kinases
CHEMBL2964,R-HSA-9649948,Signaling downstream of RAS mutants
CHEMBL2964,R-HSA-9652169,Signaling by MAP2K mutants
CHEMBL2964,R-HSA-9656223,Signaling by RAF1 mutants
CHEMBL2964,R-HSA-9675108,Nervous system development
CHEMBL2964,R-HSA-9824439,Bacterial Infection Pathways
CHEMBL2971,R-HSA-1059683,Interleukin-6 signaling
CHEMBL2971,R-HSA-109582,Hemostasis
CHEMBL2971,R-HSA-110056,MAPK3 (ERK1) activation
CHEMBL2971,R-HSA-112409,RAF-independent MAPK1/3 activation
CHEMBL2971,R-HSA-112411,MAPK1 (ERK2) activation
CHEMBL2971,R-HSA-1170546,Prolactin receptor signaling
CHEMBL2971,R-HSA-1280215,Cytokine Signaling in Immune system
CHEMBL2971,R-HSA-1433557,Signaling by SCF-KIT
CHEMBL2971,R-HSA-162582,Signal Transduction
CHEMBL2971,R-HSA-1640170,Cell Cycle
CHEMBL2971,R-HSA-1643685,Disease
CHEMBL2971,R-HSA-168256,Immune System
CHEMBL2971,R-HSA-2586552,Signaling by Leptin
CHEMBL2971,R-HSA-3214858,RMTs methylate histone arginines
CHEMBL2971,R-HSA-3247509,Chromatin modifying enzymes
CHEMBL2971,R-HSA-447115,Interleukin-12 family signaling
CHEMBL2971,R-HSA-449147,Signaling by Interleukins
CHEMBL2971,R-HSA-451927,Interleukin-2 family signaling
CHEMBL2971,R-HSA-453279,Mitotic G1 phase and G1/S transition
CHEMBL2971,R-HSA-4839726,Chromatin organization
CHEMBL2971,R-HSA-512988,"Interleukin-3, Interleukin-5 and GM-CSF signaling"
CHEMBL2971,R-HSA-5663202,Diseases of signal transduction by growth factor receptors and second messengers
CHEMBL2971,R-HSA-5663205,Infectious disease
CHEMBL2971,R-HSA-5673000,RAF activation
CHEMBL2971,R-HSA-5673001,RAF/MAP kinase cascade
CHEMBL2971,R-HSA-5683057,MAPK family signaling cascades
CHEMBL2971,R-HSA-5684996,MAPK1/MAPK3 signaling
CHEMBL2971,R-HSA-6783589,Interleukin-6 family signaling
CHEMBL2971,R-HSA-6785807,Interleukin-4 and Interleukin-13 signaling
CHEMBL2971,R-HSA-6788467,IL-6-type cytokine receptor ligand interactions
CHEMBL2971,R-HSA-6802946,Signaling by moderate kinase activity BRAF mutants
CHEMBL2971,R-HSA-6802949,Signaling by RAS mutants
CHEMBL2971,R-HSA-6802952,Signaling by BRAF and RAF1 fusions
CHEMBL2971,R-HSA-6802955,Paradoxical activation of RAF signaling by kinase inactive BRAF
CHEMBL2971,R-HSA-6802957,Oncogenic MAPK signaling
CHEMBL2971,R-HSA-69231,Cyclin D associated events in G1
CHEMBL2971,R-HSA-69236,G1 Phase
CHEMBL2971,R-HSA-69278,"Cell Cycle, Mitotic"
CHEMBL2971,R-HSA-877300,Interferon gamma signaling
CHEMBL2971,R-HSA-877312,Regulation of IFNG signaling
CHEMBL2971,R-HSA-8854691,Interleukin-20 family signaling
CHEMBL2971,R-HSA-8984722,Interleukin-35 Signalling
CHEMBL2971,R-HSA-9006335,Signaling by Erythropoietin
CHEMBL2971,R-HSA-9006934,Signaling by Receptor Tyrosine Kinases
CHEMBL2971,R-HSA-9020591,Interleukin-12 signaling
CHEMBL2971,R-HSA-9020933,Interleukin-23 signaling
CHEMBL2971,R-HSA-9020956,Interleukin-27 signaling
CHEMBL2971,R-HSA-9027276,Erythropoietin activates Phosphoinositide-3-kinase (PI3K)
CHEMBL2971,R-HSA-9027277,Erythropoietin activates Phospholipase C gamma (PLCG)
CHEMBL2971,R-HSA-9027283,Erythropoietin activates STAT5
CHEMBL2971,R-HSA-9027284,Erythropoietin activates RAS
CHEMBL2971,R-HSA-912526,Interleukin receptor SHC signaling
CHEMBL2971,R-HSA-913531,Interferon Signaling
CHEMBL2971,R-HSA-9649948,Signaling downstream of RAS mutants
CHEMBL2971,R-HSA-9656223,Signaling by RAF1 mutants
CHEMBL2971,R-HSA-9669938,Signaling by KIT in disease
CHEMBL2971,R-HSA-9670439,"Signaling by phosphorylated juxtamembrane, extracellular and kinase domain KIT mutants"
CHEMBL2971,R-HSA-9674555,Signaling by CSF3 (G-CSF)
CHEMBL2971,R-HSA-9679191,Potential therapeutics for SARS
CHEMBL2971,R-HSA-9679506,SARS-CoV Infections
CHEMBL2971,R-HSA-9705462,Inactivation of CSF3 (G-CSF) signaling
CHEMBL2971,R-HSA-9732724,IFNG signaling activates MAPKs
CHEMBL2971,R-HSA-9824446,Viral Infection Pathways
CHEMBL2971,R-HSA-982772,Growth hormone receptor signaling
CHEMBL2971,R-HSA-983231,Factors involved in megakaryocyte development and platelet production
CHEMBL2972,R-HSA-1430728,Metabolism
CHEMBL2972,R-HSA-70171,Glycolysis
CHEMBL2972,R-HSA-70326,Glucose metabolism
CHEMBL2972,R-HSA-71387,Metabolism of carbohydrates and carbohydrate derivatives
CHEMBL2979,R-HSA-1280218,Adaptive Immune System
CHEMBL2979,R-HSA-1474244,Extracellular matrix organization
CHEMBL2979,R-HSA-168256,Immune System
CHEMBL2979,R-HSA-198933,Immunoregulatory interactions between a Lymphoid and a non-Lymphoid cell
CHEMBL2979,R-HSA-216083,Integrin cell surface interactions
CHEMBL3023,R-HSA-1430728,Metabolism
CHEMBL3023,R-HSA-1660661,Sphingolipid de novo biosynthesis
CHEMBL3023,R-HSA-428157,Sphingolipid metabolism
CHEMBL3023,R-HSA-556833,Metabolism of lipids
CHEMBL3024,R-HSA-1266738,Developmental Biology
CHEMBL3024,R-HSA-141424,Amplification of signal from the kinetochores
CHEMBL3024,R-HSA-141444,Amplification  of signal from unattached  kinetochores via a MAD2  inhibitory signal
CHEMBL3024,R-HSA-156711,Polo-like kinase mediated events
CHEMBL3024,R-HSA-162582,Signal Transduction
CHEMBL3024,R-HSA-162658,Golgi Cisternae Pericentriolar Stack Reorganization
CHEMBL3024,R-HSA-1640170,Cell Cycle
CHEMBL3024,R-HSA-174143,APC/C-mediated degradation of cell cycle proteins
CHEMBL3024,R-HSA-174178,APC/C:Cdh1 mediated degradation of Cdc20 and other APC/C:Cdh1 targeted proteins in late mitosis/early G1
CHEMBL3024,R-HSA-176408,Regulation of APC/C activators between G1/S and early anaphase
CHEMBL3024,R-HSA-176412,Phosphorylation of the APC/C
CHEMBL3024,R-HSA-176417,Phosphorylation of Emi1
CHEMBL3024,R-HSA-176814,Activation of APC/C and APC/C:Cdc20 mediated degradation of mitotic proteins
CHEMBL3024,R-HSA-1852241,Organelle biogenesis and maintenance
CHEMBL3024,R-HSA-194315,Signaling by Rho GTPases
CHEMBL3024,R-HSA-195258,RHO GTPase Effectors
CHEMBL3024,R-HSA-2299718,Condensation of Prophase Chromosomes
CHEMBL3024,R-HSA-2467813,Separation of Sister Chromatids
CHEMBL3024,R-HSA-2500257,Resolution of Sister Chromatid Cohesion
CHEMBL3024,R-HSA-2555396,Mitotic Metaphase and Anaphase
CHEMBL3024,R-HSA-2565942,Regulation of PLK1 Activity at G2/M Transition
CHEMBL3024,R-HSA-2980766,Nuclear Envelope Breakdown
CHEMBL3024,R-HSA-2980767,"Activation of NIMA Kinases NEK9, NEK6, NEK7"
CHEMBL3024,R-HSA-380259,Loss of Nlp from mitotic centrosomes
CHEMBL3024,R-HSA-380270,Recruitment of mitotic centrosome proteins and complexes
CHEMBL3024,R-HSA-380284,Loss of proteins required for interphase microtubule organization from the centrosome
CHEMBL3024,R-HSA-380287,Centrosome maturation
CHEMBL3024,R-HSA-380320,Recruitment of NuMA to mitotic centrosomes
CHEMBL3024,R-HSA-453274,Mitotic G2-G2/M phases
CHEMBL3024,R-HSA-453276,Regulation of mitotic cell cycle
CHEMBL3024,R-HSA-5617833,Cilium Assembly
CHEMBL3024,R-HSA-5620912,Anchoring of the basal body to the plasma membrane
CHEMBL3024,R-HSA-5663220,RHO GTPases Activate Formins
CHEMBL3024,R-HSA-68875,Mitotic Prophase
CHEMBL3024,R-HSA-68877,Mitotic Prometaphase
CHEMBL3024,R-HSA-68881,Mitotic Metaphase/Anaphase Transition
CHEMBL3024,R-HSA-68882,Mitotic Anaphase
CHEMBL3024,R-HSA-68884,Mitotic Telophase/Cytokinesis
CHEMBL3024,R-HSA-68886,M Phase
CHEMBL3024,R-HSA-69273,Cyclin A/B1/B2 associated events during G2/M transition
CHEMBL3024,R-HSA-69275,G2/M Transition
CHEMBL3024,R-HSA-69278,"Cell Cycle, Mitotic"
CHEMBL3024,R-HSA-69618,Mitotic Spindle Checkpoint
CHEMBL3024,R-HSA-69620,Cell Cycle Checkpoints
CHEMBL3024,R-HSA-8852276,The role of GTSE1 in G2/M progression after G2 checkpoint
CHEMBL3024,R-HSA-8854518,AURKA Activation by TPX2
CHEMBL3024,R-HSA-9648025,EML4 and NUDC in mitotic spindle formation
CHEMBL3024,R-HSA-9716542,"Signaling by Rho GTPases, Miro GTPases and RHOBTB3"
CHEMBL3024,R-HSA-9730414,MITF-M-regulated melanocyte development
CHEMBL3024,R-HSA-9825892,Regulation of MITF-M-dependent genes involved in cell cycle and proliferation
CHEMBL3024,R-HSA-9856651,MITF-M-dependent gene expression
CHEMBL3025,R-HSA-1430728,Metabolism
CHEMBL3025,R-HSA-1475029,Reversible hydration of carbon dioxide
CHEMBL3028,R-HSA-1234174,Cellular response to hypoxia
CHEMBL3028,R-HSA-1234176,Oxygen-dependent proline hydroxylation of Hypoxia-inducible Factor Alpha
CHEMBL3028,R-HSA-2262752,Cellular responses to stress
CHEMBL3028,R-HSA-8953897,Cellular responses to stimuli
CHEMBL3030,R-HSA-109582,Hemostasis
CHEMBL3030,R-HSA-114604,GPVI-mediated activation cascade
CHEMBL3030,R-HSA-1266738,Developmental Biology
CHEMBL3030,R-HSA-1280218,Adaptive Immune System
CHEMBL3030,R-HSA-1442490,Collagen degradation
CHEMBL3030,R-HSA-1474228,Degradation of the extracellular matrix
CHEMBL3030,R-HSA-1474244,Extracellular matrix organization
CHEMBL3030,R-HSA-1474290,Collagen formation
CHEMBL3030,R-HSA-1566977,Fibronectin matrix formation
CHEMBL3030,R-HSA-162582,Signal Transduction
CHEMBL3030,R-HSA-1643685,Disease
CHEMBL3030,R-HSA-1650814,Collagen biosynthesis and modifying enzymes
CHEMBL3030,R-HSA-168256,Immune System
CHEMBL3030,R-HSA-198933,Immunoregulatory interactions between a Lymphoid and a non-Lymphoid cell
CHEMBL3030,R-HSA-2022090,Assembly of collagen fibrils and other multimeric structures
CHEMBL3030,R-HSA-202733,Cell surface interactions at the vascular wall
CHEMBL3030,R-HSA-212436,Generic Transcription Pathway
CHEMBL3030,R-HSA-216083,Integrin cell surface interactions
CHEMBL3030,R-HSA-2173782,Binding and Uptake of Ligands by Scavenger Receptors
CHEMBL3030,R-HSA-2214320,Anchoring fibril formation
CHEMBL3030,R-HSA-2243919,Crosslinking of collagen fibrils
CHEMBL3030,R-HSA-3000170,Syndecan interactions
CHEMBL3030,R-HSA-3000171,Non-integrin membrane-ECM interactions
CHEMBL3030,R-HSA-3000178,ECM proteoglycans
CHEMBL3030,R-HSA-3000480,Scavenging by Class A Receptors
CHEMBL3030,R-HSA-430116,GP1b-IX-V activation signalling
CHEMBL3030,R-HSA-5653656,Vesicle-mediated transport
CHEMBL3030,R-HSA-6806834,Signaling by MET
CHEMBL3030,R-HSA-73857,RNA Polymerase II Transcription
CHEMBL3030,R-HSA-74160,Gene expression (Transcription)
CHEMBL3030,R-HSA-75892,Platelet Adhesion to exposed collagen
CHEMBL3030,R-HSA-76002,"Platelet activation, signaling and aggregation"
CHEMBL3030,R-HSA-76009,Platelet Aggregation (Plug Formation)
CHEMBL3030,R-HSA-8874081,MET activates PTK2 signaling
CHEMBL3030,R-HSA-8875878,MET promotes cell motility
CHEMBL3030,R-HSA-8878166,Transcriptional regulation by RUNX2
CHEMBL3030,R-HSA-8940973,RUNX2 regulates osteoblast differentiation
CHEMBL3030,R-HSA-8941326,RUNX2 regulates bone development
CHEMBL3030,R-HSA-8948216,Collagen chain trimerization
CHEMBL3030,R-HSA-9006934,Signaling by Receptor Tyrosine Kinases
CHEMBL3030,R-HSA-9671793,Diseases of hemostasis
CHEMBL3030,R-HSA-9734767,Developmental Cell Lineages
CHEMBL3030,R-HSA-9820448,Developmental Cell Lineages of the Exocrine Pancreas
CHEMBL3030,R-HSA-9823587,Defects of platelet adhesion to exposed collagen
CHEMBL3030,R-HSA-9845619,Enhanced cleavage of VWF variant by ADAMTS13
CHEMBL3030,R-HSA-9845620,Enhanced binding of GP1BA variant to VWF multimer:collagen 
CHEMBL3030,R-HSA-9845621,Defective VWF cleavage by ADAMTS13 variant
CHEMBL3030,R-HSA-9845622,Defective VWF binding to collagen type I 
CHEMBL3030,R-HSA-9846298,Defective binding of VWF variant to GPIb:IX:V
CHEMBL3030,R-HSA-9925563,Developmental Lineage of Pancreatic Ductal Cells
CHEMBL3038,R-HSA-163125,Post-translational modification: synthesis of GPI-anchored proteins
CHEMBL3038,R-HSA-392499,Metabolism of proteins
CHEMBL3038,R-HSA-597592,Post-translational protein modification
CHEMBL3040,R-HSA-1640170,Cell Cycle
CHEMBL3040,R-HSA-176187,Activation of ATR in response to replication stress
CHEMBL3040,R-HSA-176974,Unwinding of DNA
CHEMBL3040,R-HSA-453279,Mitotic G1 phase and G1/S transition
CHEMBL3040,R-HSA-68962,Activation of the pre-replicative complex
CHEMBL3040,R-HSA-69002,DNA Replication Pre-Initiation
CHEMBL3040,R-HSA-69190,DNA strand elongation
CHEMBL3040,R-HSA-69205,G1/S-Specific Transcription
CHEMBL3040,R-HSA-69206,G1/S Transition
CHEMBL3040,R-HSA-69239,Synthesis of DNA
CHEMBL3040,R-HSA-69242,S Phase
CHEMBL3040,R-HSA-69278,"Cell Cycle, Mitotic"
CHEMBL3040,R-HSA-69306,DNA Replication
CHEMBL3040,R-HSA-69481,G2/M Checkpoints
CHEMBL3040,R-HSA-69620,Cell Cycle Checkpoints
CHEMBL3043,R-HSA-1430728,Metabolism
CHEMBL3043,R-HSA-71291,Metabolism of amino acids and derivatives
CHEMBL3043,R-HSA-8963684,Tyrosine catabolism
CHEMBL3043,R-HSA-8963691,Phenylalanine and tyrosine metabolism
CHEMBL3076,R-HSA-1430728,Metabolism
CHEMBL3076,R-HSA-1643685,Disease
CHEMBL3076,R-HSA-2160456,Phenylketonuria
CHEMBL3076,R-HSA-5668914,Diseases of metabolism
CHEMBL3076,R-HSA-71291,Metabolism of amino acids and derivatives
CHEMBL3076,R-HSA-8963691,Phenylalanine and tyrosine metabolism
CHEMBL3076,R-HSA-8964208,Phenylalanine metabolism
CHEMBL3079,R-HSA-1430728,Metabolism
CHEMBL3079,R-HSA-196819,Vitamin B1 (thiamin) metabolism
CHEMBL3079,R-HSA-196849,Metabolism of water-soluble vitamins and cofactors
CHEMBL3079,R-HSA-196854,Metabolism of vitamins and cofactors
CHEMBL3080,R-HSA-168249,Innate Immune System
CHEMBL3080,R-HSA-168256,Immune System
CHEMBL3080,R-HSA-189085,Digestion of dietary carbohydrate
CHEMBL3080,R-HSA-6798695,Neutrophil degranulation
CHEMBL3080,R-HSA-8935690,Digestion
CHEMBL3080,R-HSA-8963743,Digestion and absorption
CHEMBL3123,R-HSA-109581,Apoptosis
CHEMBL3123,R-HSA-418889,Caspase activation via Dependence Receptors in the absence of ligand
CHEMBL3123,R-HSA-5357769,Caspase activation via extrinsic apoptotic signalling pathway
CHEMBL3123,R-HSA-5357801,Programmed Cell Death
CHEMBL3125,R-HSA-1266738,Developmental Biology
CHEMBL3125,R-HSA-373760,L1CAM interactions
CHEMBL3125,R-HSA-422475,Axon guidance
CHEMBL3125,R-HSA-437239,Recycling pathway of L1
CHEMBL3125,R-HSA-9675108,Nervous system development
CHEMBL3126,R-HSA-1430728,Metabolism
CHEMBL3126,R-HSA-168249,Innate Immune System
CHEMBL3126,R-HSA-168256,Immune System
CHEMBL3126,R-HSA-189445,Metabolism of porphyrins
CHEMBL3126,R-HSA-189451,Heme biosynthesis
CHEMBL3126,R-HSA-6798695,Neutrophil degranulation
CHEMBL3142,R-HSA-168249,Innate Immune System
CHEMBL3142,R-HSA-168256,Immune System
CHEMBL3142,R-HSA-1834941,STING mediated induction of host immune responses
CHEMBL3142,R-HSA-1834949,Cytosolic sensors of pathogen-associated DNA 
CHEMBL3142,R-HSA-3270619,IRF3-mediated induction of type I IFN
CHEMBL3142,R-HSA-392499,Metabolism of proteins
CHEMBL3142,R-HSA-5693532,DNA Double-Strand Break Repair
CHEMBL3142,R-HSA-5693571,Nonhomologous End-Joining (NHEJ)
CHEMBL3142,R-HSA-597592,Post-translational protein modification
CHEMBL3142,R-HSA-73894,DNA Repair
CHEMBL3142,R-HSA-8852135,Protein ubiquitination
CHEMBL3142,R-HSA-8866654,E3 ubiquitin ligases ubiquitinate target proteins
CHEMBL3143,R-HSA-109582,Hemostasis
CHEMBL3143,R-HSA-114608,Platelet degranulation 
CHEMBL3143,R-HSA-140837,Intrinsic Pathway of Fibrin Clot Formation
CHEMBL3143,R-HSA-140875,Common Pathway of Fibrin Clot Formation
CHEMBL3143,R-HSA-140877,Formation of Fibrin Clot (Clotting Cascade)
CHEMBL3143,R-HSA-163841,"Gamma carboxylation, hypusinylation, hydroxylation, and arylsulfatase activation"
CHEMBL3143,R-HSA-1643685,Disease
CHEMBL3143,R-HSA-199977,ER to Golgi Anterograde Transport
CHEMBL3143,R-HSA-199991,Membrane Trafficking
CHEMBL3143,R-HSA-204005,COPII-mediated vesicle transport
CHEMBL3143,R-HSA-392499,Metabolism of proteins
CHEMBL3143,R-HSA-446203,Asparagine N-linked glycosylation
CHEMBL3143,R-HSA-5653656,Vesicle-mediated transport
CHEMBL3143,R-HSA-5694530,Cargo concentration in the ER
CHEMBL3143,R-HSA-597592,Post-translational protein modification
CHEMBL3143,R-HSA-76002,"Platelet activation, signaling and aggregation"
CHEMBL3143,R-HSA-76005,Response to elevated platelet cytosolic Ca2+
CHEMBL3143,R-HSA-948021,Transport to the Golgi and subsequent modification
CHEMBL3143,R-HSA-9651496,Defects of contact activation system (CAS) and kallikrein/kinin system (KKS)
CHEMBL3143,R-HSA-9662001,Defective factor VIII causes hemophilia A
CHEMBL3143,R-HSA-9668250,Defective factor IX causes hemophilia B
CHEMBL3143,R-HSA-9671793,Diseases of hemostasis
CHEMBL3143,R-HSA-9672383,Defective factor IX causes thrombophilia
CHEMBL3143,R-HSA-9672387,Defective F8 accelerates dissociation of the A2 domain
CHEMBL3143,R-HSA-9672391,Defective F8 cleavage by thrombin
CHEMBL3143,R-HSA-9672393,Defective F8 binding to von Willebrand factor
CHEMBL3143,R-HSA-9672395,Defective F8 binding to the cell membrane
CHEMBL3143,R-HSA-9672396,Defective cofactor function of FVIIIa variant
CHEMBL3143,R-HSA-9672397,Defective F8 secretion
CHEMBL3143,R-HSA-9673202,Defective F9 variant does not activate FX
CHEMBL3143,R-HSA-9674519,Defective F8 sulfation at Y1699
CHEMBL3155,R-HSA-162582,Signal Transduction
CHEMBL3155,R-HSA-372790,Signaling by GPCR
CHEMBL3155,R-HSA-373076,Class A/1 (Rhodopsin-like receptors)
CHEMBL3155,R-HSA-375280,Amine ligand-binding receptors
CHEMBL3155,R-HSA-388396,GPCR downstream signalling
CHEMBL3155,R-HSA-390666,Serotonin receptors
CHEMBL3155,R-HSA-418555,G alpha (s) signalling events
CHEMBL3155,R-HSA-500792,GPCR ligand binding
CHEMBL3155,R-HSA-9706019,RHOBTB3 ATPase cycle
CHEMBL3155,R-HSA-9716542,"Signaling by Rho GTPases, Miro GTPases and RHOBTB3"
CHEMBL3157,R-HSA-162582,Signal Transduction
CHEMBL3157,R-HSA-372790,Signaling by GPCR
CHEMBL3157,R-HSA-373076,Class A/1 (Rhodopsin-like receptors)
CHEMBL3157,R-HSA-375276,Peptide ligand-binding receptors
CHEMBL3157,R-HSA-388396,GPCR downstream signalling
CHEMBL3157,R-HSA-416476,G alpha (q) signalling events
CHEMBL3157,R-HSA-418594,G alpha (i) signalling events
CHEMBL3157,R-HSA-500792,GPCR ligand binding
CHEMBL3164,R-HSA-111885,Opioid Signalling
CHEMBL3164,R-HSA-111931,PKA-mediated phosphorylation of CREB
CHEMBL3164,R-HSA-111933,Calmodulin induced events
CHEMBL3164,R-HSA-111996,Ca-dependent events
CHEMBL3164,R-HSA-111997,CaM pathway
CHEMBL3164,R-HSA-112040,G-protein mediated events
CHEMBL3164,R-HSA-112043,PLC beta mediated events
CHEMBL3164,R-HSA-112314,Neurotransmitter receptors and postsynaptic signal transmission
CHEMBL3164,R-HSA-112315,Transmission across Chemical Synapses
CHEMBL3164,R-HSA-112316,Neuronal System
CHEMBL3164,R-HSA-1430728,Metabolism
CHEMBL3164,R-HSA-1489509,DAG and IP3 signaling
CHEMBL3164,R-HSA-162582,Signal Transduction
CHEMBL3164,R-HSA-163359,Glucagon signaling in metabolic regulation
CHEMBL3164,R-HSA-163615,PKA activation
CHEMBL3164,R-HSA-163685,Integration of energy metabolism
CHEMBL3164,R-HSA-1643685,Disease
CHEMBL3164,R-HSA-164378,PKA activation in glucagon signalling
CHEMBL3164,R-HSA-170660,Adenylate cyclase activating pathway
CHEMBL3164,R-HSA-170670,Adenylate cyclase inhibitory pathway
CHEMBL3164,R-HSA-372790,Signaling by GPCR
CHEMBL3164,R-HSA-381753,Olfactory Signaling Pathway
CHEMBL3164,R-HSA-382551,Transport of small molecules
CHEMBL3164,R-HSA-388396,GPCR downstream signalling
CHEMBL3164,R-HSA-418555,G alpha (s) signalling events
CHEMBL3164,R-HSA-418594,G alpha (i) signalling events
CHEMBL3164,R-HSA-418597,G alpha (z) signalling events
CHEMBL3164,R-HSA-432040,Vasopressin regulates renal water homeostasis via Aquaporins
CHEMBL3164,R-HSA-445717,Aquaporin-mediated transport
CHEMBL3164,R-HSA-5358351,Signaling by Hedgehog
CHEMBL3164,R-HSA-5610787,Hedgehog 'off' state
CHEMBL3164,R-HSA-5663205,Infectious disease
CHEMBL3164,R-HSA-8953897,Cellular responses to stimuli
CHEMBL3164,R-HSA-9006925,Intracellular signaling by second messengers
CHEMBL3164,R-HSA-9634597,GPER1 signaling
CHEMBL3164,R-HSA-9658195,Leishmania infection
CHEMBL3164,R-HSA-9660821,ADORA2B mediated anti-inflammatory cytokines production
CHEMBL3164,R-HSA-9662851,Anti-inflammatory response favouring Leishmania parasite infection
CHEMBL3164,R-HSA-9664323,FCGR3A-mediated IL10 synthesis
CHEMBL3164,R-HSA-9664433,Leishmania parasite growth and survival
CHEMBL3164,R-HSA-9709957,Sensory Perception
CHEMBL3164,R-HSA-977443,GABA receptor activation
CHEMBL3164,R-HSA-977444,GABA B receptor activation
CHEMBL3164,R-HSA-9824443,Parasitic Infection Pathways
CHEMBL3164,R-HSA-9855142,Cellular responses to mechanical stimuli
CHEMBL3164,R-HSA-9856530,High laminar flow shear stress activates signaling by PIEZO1 and PECAM1:CDH5:KDR in endothelial cells
CHEMBL3164,R-HSA-9860931,Response of endothelial cells to shear stress
CHEMBL3164,R-HSA-991365,Activation of GABAB receptors
CHEMBL3167,R-HSA-1430728,Metabolism
CHEMBL3167,R-HSA-2142688,Synthesis of 5-eicosatetraenoic acids
CHEMBL3167,R-HSA-2142753,Arachidonate metabolism
CHEMBL3167,R-HSA-556833,Metabolism of lipids
CHEMBL3167,R-HSA-8978868,Fatty acid metabolism
CHEMBL3167,R-HSA-9748784,Drug ADME
CHEMBL3167,R-HSA-9754706,Atorvastatin ADME
CHEMBL3191,R-HSA-162582,Signal Transduction
CHEMBL3191,R-HSA-372790,Signaling by GPCR
CHEMBL3191,R-HSA-373076,Class A/1 (Rhodopsin-like receptors)
CHEMBL3191,R-HSA-388396,GPCR downstream signalling
CHEMBL3191,R-HSA-391903,Eicosanoid ligand-binding receptors
CHEMBL3191,R-HSA-391906,Leukotriene receptors
CHEMBL3191,R-HSA-416476,G alpha (q) signalling events
CHEMBL3191,R-HSA-500792,GPCR ligand binding
CHEMBL3201,R-HSA-1430728,Metabolism
CHEMBL3201,R-HSA-1989781,PPARA activates gene expression
CHEMBL3201,R-HSA-211859,Biological oxidations
CHEMBL3201,R-HSA-211897,Cytochrome P450 - arranged by substrate type
CHEMBL3201,R-HSA-211945,Phase I - Functionalization of compounds
CHEMBL3201,R-HSA-211976,Endogenous sterols
CHEMBL3201,R-HSA-211981,Xenobiotics
CHEMBL3201,R-HSA-400206,Regulation of lipid metabolism by PPARalpha
CHEMBL3201,R-HSA-556833,Metabolism of lipids
CHEMBL3201,R-HSA-8937144,Aryl hydrocarbon receptor signalling
CHEMBL3230,R-HSA-162582,Signal Transduction
CHEMBL3230,R-HSA-372790,Signaling by GPCR
CHEMBL3230,R-HSA-373076,Class A/1 (Rhodopsin-like receptors)
CHEMBL3230,R-HSA-388396,GPCR downstream signalling
CHEMBL3230,R-HSA-418594,G alpha (i) signalling events
CHEMBL3230,R-HSA-419408,Lysosphingolipid and LPA receptors
CHEMBL3230,R-HSA-500792,GPCR ligand binding
CHEMBL3233,R-HSA-109581,Apoptosis
CHEMBL3233,R-HSA-111465,Apoptotic cleavage of cellular proteins
CHEMBL3233,R-HSA-162582,Signal Transduction
CHEMBL3233,R-HSA-1643685,Disease
CHEMBL3233,R-HSA-195253,Degradation of beta-catenin by the destruction complex
CHEMBL3233,R-HSA-195721,Signaling by WNT
CHEMBL3233,R-HSA-196299,Beta-catenin phosphorylation cascade
CHEMBL3233,R-HSA-201681,TCF dependent signaling in response to WNT
CHEMBL3233,R-HSA-3769402,Deactivation of the beta-catenin transactivating complex
CHEMBL3233,R-HSA-392499,Metabolism of proteins
CHEMBL3233,R-HSA-4641262,Disassembly of the destruction complex and recruitment of AXIN to the membrane
CHEMBL3233,R-HSA-4791275,Signaling by WNT in cancer
CHEMBL3233,R-HSA-4839735,Signaling by AXIN mutants
CHEMBL3233,R-HSA-4839743,Signaling by CTNNB1 phospho-site mutants
CHEMBL3233,R-HSA-4839744,Signaling by APC mutants
CHEMBL3233,R-HSA-4839748,Signaling by AMER1 mutants
CHEMBL3233,R-HSA-5339716,Signaling by GSK3beta mutants
CHEMBL3233,R-HSA-5357801,Programmed Cell Death
CHEMBL3233,R-HSA-5358747,CTNNB1 S33 mutants aren't phosphorylated
CHEMBL3233,R-HSA-5358749,CTNNB1 S37 mutants aren't phosphorylated
CHEMBL3233,R-HSA-5358751,CTNNB1 S45 mutants aren't phosphorylated
CHEMBL3233,R-HSA-5358752,CTNNB1 T41 mutants aren't phosphorylated
CHEMBL3233,R-HSA-5467333,APC truncation mutants are not K63 polyubiquitinated
CHEMBL3233,R-HSA-5467337,APC truncation mutants have impaired AXIN binding
CHEMBL3233,R-HSA-5467340,AXIN missense mutants destabilize the destruction complex
CHEMBL3233,R-HSA-5467348,Truncations of AMER1 destabilize the destruction complex
CHEMBL3233,R-HSA-5663202,Diseases of signal transduction by growth factor receptors and second messengers
CHEMBL3233,R-HSA-5688426,Deubiquitination
CHEMBL3233,R-HSA-5689896,Ovarian tumor domain proteases
CHEMBL3233,R-HSA-597592,Post-translational protein modification
CHEMBL3233,R-HSA-75153,Apoptotic execution phase
CHEMBL3240,R-HSA-168249,Innate Immune System
CHEMBL3240,R-HSA-168256,Immune System
CHEMBL3240,R-HSA-199991,Membrane Trafficking
CHEMBL3240,R-HSA-199992,trans-Golgi Network Vesicle Budding
CHEMBL3240,R-HSA-432722,Golgi Associated Vesicle Biogenesis
CHEMBL3240,R-HSA-5653656,Vesicle-mediated transport
CHEMBL3240,R-HSA-6798695,Neutrophil degranulation
CHEMBL3240,R-HSA-6811440,Retrograde transport at the Trans-Golgi-Network
CHEMBL3240,R-HSA-6811442,Intra-Golgi and retrograde Golgi-to-ER traffic
CHEMBL3240,R-HSA-8856825,Cargo recognition for clathrin-mediated endocytosis
CHEMBL3240,R-HSA-8856828,Clathrin-mediated endocytosis
CHEMBL3253,R-HSA-109582,Hemostasis
CHEMBL3253,R-HSA-114608,Platelet degranulation 
CHEMBL3253,R-HSA-1430728,Metabolism
CHEMBL3253,R-HSA-159418,Recycling of bile acids and salts
CHEMBL3253,R-HSA-174824,"Plasma lipoprotein assembly, remodeling, and clearance"
CHEMBL3253,R-HSA-189445,Metabolism of porphyrins
CHEMBL3253,R-HSA-189451,Heme biosynthesis
CHEMBL3253,R-HSA-189483,Heme degradation
CHEMBL3253,R-HSA-194068,Bile acid and bile salt metabolism
CHEMBL3253,R-HSA-2168880,Scavenging of heme from plasma
CHEMBL3253,R-HSA-2173782,Binding and Uptake of Ligands by Scavenger Receptors
CHEMBL3253,R-HSA-2262752,Cellular responses to stress
CHEMBL3253,R-HSA-381426,Regulation of Insulin-like Growth Factor (IGF) transport and uptake by Insulin-like Growth Factor Binding Proteins (IGFBPs)
CHEMBL3253,R-HSA-382551,Transport of small molecules
CHEMBL3253,R-HSA-392499,Metabolism of proteins
CHEMBL3253,R-HSA-556833,Metabolism of lipids
CHEMBL3253,R-HSA-5653656,Vesicle-mediated transport
CHEMBL3253,R-HSA-597592,Post-translational protein modification
CHEMBL3253,R-HSA-76002,"Platelet activation, signaling and aggregation"
CHEMBL3253,R-HSA-76005,Response to elevated platelet cytosolic Ca2+
CHEMBL3253,R-HSA-8953897,Cellular responses to stimuli
CHEMBL3253,R-HSA-8957275,Post-translational protein phosphorylation
CHEMBL3253,R-HSA-8957322,Metabolism of steroids
CHEMBL3253,R-HSA-8963899,Plasma lipoprotein remodeling
CHEMBL3253,R-HSA-8964058,HDL remodeling
CHEMBL3253,R-HSA-9707564,Cytoprotection by HMOX1
CHEMBL3253,R-HSA-9711123,Cellular response to chemical stress
CHEMBL3253,R-HSA-9748784,Drug ADME
CHEMBL3253,R-HSA-9749641,Aspirin ADME
CHEMBL3253,R-HSA-9757110,Prednisone ADME
CHEMBL3253,R-HSA-9793528,Ciprofloxacin ADME
CHEMBL3254,R-HSA-112310,Neurotransmitter release cycle
CHEMBL3254,R-HSA-112311,Neurotransmitter clearance
CHEMBL3254,R-HSA-112315,Transmission across Chemical Synapses
CHEMBL3254,R-HSA-112316,Neuronal System
CHEMBL3254,R-HSA-1280215,Cytokine Signaling in Immune system
CHEMBL3254,R-HSA-140179,Amine Oxidase reactions
CHEMBL3254,R-HSA-141333,Biogenic amines are oxidatively deaminated to aldehydes by MAOA and MAOB
CHEMBL3254,R-HSA-1430728,Metabolism
CHEMBL3254,R-HSA-1643685,Disease
CHEMBL3254,R-HSA-168256,Immune System
CHEMBL3254,R-HSA-181430,Norepinephrine Neurotransmitter Release Cycle
CHEMBL3254,R-HSA-211859,Biological oxidations
CHEMBL3254,R-HSA-211945,Phase I - Functionalization of compounds
CHEMBL3254,R-HSA-379397,Enzymatic degradation of dopamine by COMT
CHEMBL3254,R-HSA-379398,Enzymatic degradation of Dopamine by monoamine oxidase
CHEMBL3254,R-HSA-379401,Dopamine clearance from the synaptic cleft
CHEMBL3254,R-HSA-380612,Metabolism of serotonin
CHEMBL3254,R-HSA-380615,Serotonin clearance from the synaptic cleft
CHEMBL3254,R-HSA-449147,Signaling by Interleukins
CHEMBL3254,R-HSA-5579012,Defective MAOA causes BRUNS
CHEMBL3254,R-HSA-5579029,Metabolic disorders of biological oxidation enzymes
CHEMBL3254,R-HSA-5668914,Diseases of metabolism
CHEMBL3254,R-HSA-6785807,Interleukin-4 and Interleukin-13 signaling
CHEMBL3256,R-HSA-109582,Hemostasis
CHEMBL3256,R-HSA-1643685,Disease
CHEMBL3256,R-HSA-202733,Cell surface interactions at the vascular wall
CHEMBL3256,R-HSA-210991,Basigin interactions
CHEMBL3256,R-HSA-382551,Transport of small molecules
CHEMBL3256,R-HSA-397014,Muscle contraction
CHEMBL3256,R-HSA-5576891,Cardiac conduction
CHEMBL3256,R-HSA-5578775,Ion homeostasis
CHEMBL3256,R-HSA-5663205,Infectious disease
CHEMBL3256,R-HSA-936837,Ion transport by P-type ATPases
CHEMBL3256,R-HSA-9679191,Potential therapeutics for SARS
CHEMBL3256,R-HSA-9679506,SARS-CoV Infections
CHEMBL3256,R-HSA-9824446,Viral Infection Pathways
CHEMBL3256,R-HSA-983712,Ion channel transport
CHEMBL3276,R-HSA-1280215,Cytokine Signaling in Immune system
CHEMBL3276,R-HSA-162582,Signal Transduction
CHEMBL3276,R-HSA-168256,Immune System
CHEMBL3276,R-HSA-449147,Signaling by Interleukins
CHEMBL3276,R-HSA-451927,Interleukin-2 family signaling
CHEMBL3276,R-HSA-512988,"Interleukin-3, Interleukin-5 and GM-CSF signaling"
CHEMBL3276,R-HSA-5673001,RAF/MAP kinase cascade
CHEMBL3276,R-HSA-5683057,MAPK family signaling cascades
CHEMBL3276,R-HSA-5684996,MAPK1/MAPK3 signaling
CHEMBL3276,R-HSA-8983432,Interleukin-15 signaling
CHEMBL3276,R-HSA-9020558,Interleukin-2 signaling
CHEMBL3276,R-HSA-912526,Interleukin receptor SHC signaling
CHEMBL3311,R-HSA-1430728,Metabolism
CHEMBL3311,R-HSA-174824,"Plasma lipoprotein assembly, remodeling, and clearance"
CHEMBL3311,R-HSA-196854,Metabolism of vitamins and cofactors
CHEMBL3311,R-HSA-199991,Membrane Trafficking
CHEMBL3311,R-HSA-2187338,Visual phototransduction
CHEMBL3311,R-HSA-382551,Transport of small molecules
CHEMBL3311,R-HSA-5653656,Vesicle-mediated transport
CHEMBL3311,R-HSA-6806667,Metabolism of fat-soluble vitamins
CHEMBL3311,R-HSA-8856825,Cargo recognition for clathrin-mediated endocytosis
CHEMBL3311,R-HSA-8856828,Clathrin-mediated endocytosis
CHEMBL3311,R-HSA-8964026,Chylomicron clearance
CHEMBL3311,R-HSA-8964038,LDL clearance
CHEMBL3311,R-HSA-8964043,Plasma lipoprotein clearance
CHEMBL3311,R-HSA-9709957,Sensory Perception
CHEMBL3311,R-HSA-975634,Retinoid metabolism and transport
CHEMBL3351,R-HSA-1430728,Metabolism
CHEMBL3351,R-HSA-163685,Integration of energy metabolism
CHEMBL3351,R-HSA-163765,ChREBP activates metabolic gene expression
CHEMBL3351,R-HSA-1643685,Disease
CHEMBL3351,R-HSA-1655829,Regulation of cholesterol biosynthesis by SREBP (SREBF)
CHEMBL3351,R-HSA-196780,Biotin transport and metabolism
CHEMBL3351,R-HSA-196849,Metabolism of water-soluble vitamins and cofactors
CHEMBL3351,R-HSA-196854,Metabolism of vitamins and cofactors
CHEMBL3351,R-HSA-200425,Carnitine shuttle
CHEMBL3351,R-HSA-2426168,Activation of gene expression by SREBF (SREBP)
CHEMBL3351,R-HSA-3296482,Defects in vitamin and cofactor metabolism
CHEMBL3351,R-HSA-3323169,Defects in biotin (Btn) metabolism
CHEMBL3351,R-HSA-3371599,Defective HLCS causes multiple carboxylase deficiency
CHEMBL3351,R-HSA-556833,Metabolism of lipids
CHEMBL3351,R-HSA-5668914,Diseases of metabolism
CHEMBL3351,R-HSA-75105,Fatty acyl-CoA biosynthesis
CHEMBL3351,R-HSA-8957322,Metabolism of steroids
CHEMBL3351,R-HSA-8978868,Fatty acid metabolism
CHEMBL3371,R-HSA-162582,Signal Transduction
CHEMBL3371,R-HSA-372790,Signaling by GPCR
CHEMBL3371,R-HSA-373076,Class A/1 (Rhodopsin-like receptors)
CHEMBL3371,R-HSA-375280,Amine ligand-binding receptors
CHEMBL3371,R-HSA-388396,GPCR downstream signalling
CHEMBL3371,R-HSA-390666,Serotonin receptors
CHEMBL3371,R-HSA-418555,G alpha (s) signalling events
CHEMBL3371,R-HSA-500792,GPCR ligand binding
CHEMBL3373,R-HSA-162582,Signal Transduction
CHEMBL3373,R-HSA-199991,Membrane Trafficking
CHEMBL3373,R-HSA-372790,Signaling by GPCR
CHEMBL3373,R-HSA-373076,Class A/1 (Rhodopsin-like receptors)
CHEMBL3373,R-HSA-375280,Amine ligand-binding receptors
CHEMBL3373,R-HSA-388396,GPCR downstream signalling
CHEMBL3373,R-HSA-390696,Adrenoceptors
CHEMBL3373,R-HSA-392499,Metabolism of proteins
CHEMBL3373,R-HSA-418555,G alpha (s) signalling events
CHEMBL3373,R-HSA-500792,GPCR ligand binding
CHEMBL3373,R-HSA-5653656,Vesicle-mediated transport
CHEMBL3373,R-HSA-5688426,Deubiquitination
CHEMBL3373,R-HSA-5689880,Ub-specific processing proteases
CHEMBL3373,R-HSA-597592,Post-translational protein modification
CHEMBL3373,R-HSA-8856825,Cargo recognition for clathrin-mediated endocytosis
CHEMBL3373,R-HSA-8856828,Clathrin-mediated endocytosis
CHEMBL3379,R-HSA-1430728,Metabolism
CHEMBL3379,R-HSA-211859,Biological oxidations
CHEMBL3379,R-HSA-211897,Cytochrome P450 - arranged by substrate type
CHEMBL3379,R-HSA-211935,Fatty acids
CHEMBL3379,R-HSA-211945,Phase I - Functionalization of compounds
CHEMBL3379,R-HSA-211958,Miscellaneous substrates
CHEMBL3379,R-HSA-211979,Eicosanoids
CHEMBL3379,R-HSA-2142691,Synthesis of Leukotrienes (LT) and Eoxins (EX)
CHEMBL3379,R-HSA-2142753,Arachidonate metabolism
CHEMBL3379,R-HSA-2142816,Synthesis of (16-20)-hydroxyeicosatetraenoic acids (HETE)
CHEMBL3379,R-HSA-556833,Metabolism of lipids
CHEMBL3379,R-HSA-8978868,Fatty acid metabolism
CHEMBL3409,R-HSA-1430728,Metabolism
CHEMBL3409,R-HSA-156580,Phase II - Conjugation of compounds
CHEMBL3409,R-HSA-156590,Glutathione conjugation
CHEMBL3409,R-HSA-189445,Metabolism of porphyrins
CHEMBL3409,R-HSA-189483,Heme degradation
CHEMBL3409,R-HSA-211859,Biological oxidations
CHEMBL3409,R-HSA-2262752,Cellular responses to stress
CHEMBL3409,R-HSA-8953897,Cellular responses to stimuli
CHEMBL3409,R-HSA-9711123,Cellular response to chemical stress
CHEMBL3409,R-HSA-9748784,Drug ADME
CHEMBL3409,R-HSA-9748787,Azathioprine ADME
CHEMBL3409,R-HSA-9755511,KEAP1-NFE2L2 pathway
CHEMBL3409,R-HSA-9759194,Nuclear events mediated by NFE2L2
CHEMBL3409,R-HSA-9818027,NFE2L2 regulating anti-oxidant/detoxification enzymes
CHEMBL3419,R-HSA-166658,Complement cascade
CHEMBL3419,R-HSA-168249,Innate Immune System
CHEMBL3419,R-HSA-168256,Immune System
CHEMBL3419,R-HSA-2022377,Metabolism of Angiotensinogen to Angiotensins
CHEMBL3419,R-HSA-2980736,Peptide hormone metabolism
CHEMBL3419,R-HSA-392499,Metabolism of proteins
CHEMBL3419,R-HSA-977606,Regulation of Complement cascade
CHEMBL3421,R-HSA-109582,Hemostasis
CHEMBL3421,R-HSA-111885,Opioid Signalling
CHEMBL3421,R-HSA-111933,Calmodulin induced events
CHEMBL3421,R-HSA-111957,Cam-PDE 1 activation
CHEMBL3421,R-HSA-111996,Ca-dependent events
CHEMBL3421,R-HSA-111997,CaM pathway
CHEMBL3421,R-HSA-112040,G-protein mediated events
CHEMBL3421,R-HSA-112043,PLC beta mediated events
CHEMBL3421,R-HSA-1489509,DAG and IP3 signaling
CHEMBL3421,R-HSA-162582,Signal Transduction
CHEMBL3421,R-HSA-372790,Signaling by GPCR
CHEMBL3421,R-HSA-388396,GPCR downstream signalling
CHEMBL3421,R-HSA-392154,Nitric oxide stimulates guanylate cyclase
CHEMBL3421,R-HSA-418346,Platelet homeostasis
CHEMBL3421,R-HSA-418457,cGMP effects
CHEMBL3421,R-HSA-418555,G alpha (s) signalling events
CHEMBL3421,R-HSA-418594,G alpha (i) signalling events
CHEMBL3421,R-HSA-9006925,Intracellular signaling by second messengers
CHEMBL3429,R-HSA-1430728,Metabolism
CHEMBL3429,R-HSA-1592230,Mitochondrial biogenesis
CHEMBL3429,R-HSA-1852241,Organelle biogenesis and maintenance
CHEMBL3429,R-HSA-1989781,PPARA activates gene expression
CHEMBL3429,R-HSA-212436,Generic Transcription Pathway
CHEMBL3429,R-HSA-2151201,Transcriptional activation of mitochondrial biogenesis
CHEMBL3429,R-HSA-383280,Nuclear Receptor transcription pathway
CHEMBL3429,R-HSA-400206,Regulation of lipid metabolism by PPARalpha
CHEMBL3429,R-HSA-556833,Metabolism of lipids
CHEMBL3429,R-HSA-73857,RNA Polymerase II Transcription
CHEMBL3429,R-HSA-74160,Gene expression (Transcription)
CHEMBL3429,R-HSA-8878166,Transcriptional regulation by RUNX2
CHEMBL3429,R-HSA-8939902,Regulation of RUNX2 expression and activity
CHEMBL3438,R-HSA-109582,Hemostasis
CHEMBL3438,R-HSA-114604,GPVI-mediated activation cascade
CHEMBL3438,R-HSA-162582,Signal Transduction
CHEMBL3438,R-HSA-170834,Signaling by TGF-beta Receptor Complex
CHEMBL3438,R-HSA-194138,Signaling by VEGF
CHEMBL3438,R-HSA-194315,Signaling by Rho GTPases
CHEMBL3438,R-HSA-195258,RHO GTPase Effectors
CHEMBL3438,R-HSA-2173791,TGF-beta receptor signaling in EMT (epithelial to mesenchymal transition)
CHEMBL3438,R-HSA-4420097,VEGFA-VEGFR2 Pathway
CHEMBL3438,R-HSA-5218921,VEGFR2 mediated cell proliferation
CHEMBL3438,R-HSA-5668599,RHO GTPases Activate NADPH Oxidases
CHEMBL3438,R-HSA-76002,"Platelet activation, signaling and aggregation"
CHEMBL3438,R-HSA-8939211,ESR-mediated signaling
CHEMBL3438,R-HSA-9006931,Signaling by Nuclear Receptors
CHEMBL3438,R-HSA-9006934,Signaling by Receptor Tyrosine Kinases
CHEMBL3438,R-HSA-9006936,Signaling by TGFB family members
CHEMBL3438,R-HSA-9009391,Extra-nuclear estrogen signaling
CHEMBL3438,R-HSA-9634635,Estrogen-stimulated signaling through PRKCZ
CHEMBL3438,R-HSA-9716542,"Signaling by Rho GTPases, Miro GTPases and RHOBTB3"
CHEMBL3473,R-HSA-162582,Signal Transduction
CHEMBL3473,R-HSA-372790,Signaling by GPCR
CHEMBL3473,R-HSA-373076,Class A/1 (Rhodopsin-like receptors)
CHEMBL3473,R-HSA-375276,Peptide ligand-binding receptors
CHEMBL3473,R-HSA-380108,Chemokine receptors bind chemokines
CHEMBL3473,R-HSA-388396,GPCR downstream signalling
CHEMBL3473,R-HSA-418594,G alpha (i) signalling events
CHEMBL3473,R-HSA-500792,GPCR ligand binding
CHEMBL3474,R-HSA-1430728,Metabolism
CHEMBL3474,R-HSA-1482788,Acyl chain remodelling of PC
CHEMBL3474,R-HSA-1482801,Acyl chain remodelling of PS
CHEMBL3474,R-HSA-1482839,Acyl chain remodelling of PE
CHEMBL3474,R-HSA-1482922,Acyl chain remodelling of PI
CHEMBL3474,R-HSA-1482925,Acyl chain remodelling of PG
CHEMBL3474,R-HSA-1483166,Synthesis of PA
CHEMBL3474,R-HSA-1483206,Glycerophospholipid biosynthesis
CHEMBL3474,R-HSA-1483257,Phospholipid metabolism
CHEMBL3474,R-HSA-168249,Innate Immune System
CHEMBL3474,R-HSA-168256,Immune System
CHEMBL3474,R-HSA-556833,Metabolism of lipids
CHEMBL3474,R-HSA-6803157,Antimicrobial peptides
CHEMBL3475,R-HSA-109582,Hemostasis
CHEMBL3475,R-HSA-114608,Platelet degranulation 
CHEMBL3475,R-HSA-1266738,Developmental Biology
CHEMBL3475,R-HSA-1368108,"BMAL1:CLOCK,NPAS2 activates circadian expression"
CHEMBL3475,R-HSA-1474244,Extracellular matrix organization
CHEMBL3475,R-HSA-162582,Signal Transduction
CHEMBL3475,R-HSA-170834,Signaling by TGF-beta Receptor Complex
CHEMBL3475,R-HSA-212436,Generic Transcription Pathway
CHEMBL3475,R-HSA-2173793,Transcriptional activity of SMAD2/SMAD3:SMAD4 heterotrimer
CHEMBL3475,R-HSA-2173796,SMAD2/SMAD3:SMAD4 heterotrimer regulates transcription
CHEMBL3475,R-HSA-3000178,ECM proteoglycans
CHEMBL3475,R-HSA-73857,RNA Polymerase II Transcription
CHEMBL3475,R-HSA-74160,Gene expression (Transcription)
CHEMBL3475,R-HSA-75205,Dissolution of Fibrin Clot
CHEMBL3475,R-HSA-76002,"Platelet activation, signaling and aggregation"
CHEMBL3475,R-HSA-76005,Response to elevated platelet cytosolic Ca2+
CHEMBL3475,R-HSA-9006936,Signaling by TGFB family members
CHEMBL3475,R-HSA-9730414,MITF-M-regulated melanocyte development
CHEMBL3475,R-HSA-9856651,MITF-M-dependent gene expression
CHEMBL3475,R-HSA-9909396,Circadian clock
CHEMBL3475,R-HSA-9926550,"Regulation of MITF-M-dependent genes involved in extracellular matrix, focal adhesion and epithelial-to-mesenchymal transition"
CHEMBL3477,R-HSA-109582,Hemostasis
CHEMBL3477,R-HSA-162582,Signal Transduction
CHEMBL3477,R-HSA-372790,Signaling by GPCR
CHEMBL3477,R-HSA-388396,GPCR downstream signalling
CHEMBL3477,R-HSA-392154,Nitric oxide stimulates guanylate cyclase
CHEMBL3477,R-HSA-418346,Platelet homeostasis
CHEMBL3477,R-HSA-418457,cGMP effects
CHEMBL3477,R-HSA-418555,G alpha (s) signalling events
CHEMBL3478,R-HSA-109582,Hemostasis
CHEMBL3478,R-HSA-162582,Signal Transduction
CHEMBL3478,R-HSA-194315,Signaling by Rho GTPases
CHEMBL3478,R-HSA-392154,Nitric oxide stimulates guanylate cyclase
CHEMBL3478,R-HSA-397014,Muscle contraction
CHEMBL3478,R-HSA-418346,Platelet homeostasis
CHEMBL3478,R-HSA-418457,cGMP effects
CHEMBL3478,R-HSA-445355,Smooth Muscle Contraction
CHEMBL3478,R-HSA-9012999,RHO GTPase cycle
CHEMBL3478,R-HSA-9013422,RHOBTB1 GTPase cycle
CHEMBL3478,R-HSA-9706574,RHOBTB GTPase Cycle
CHEMBL3478,R-HSA-9716542,"Signaling by Rho GTPases, Miro GTPases and RHOBTB3"
CHEMBL3510,R-HSA-1430728,Metabolism
CHEMBL3510,R-HSA-1475029,Reversible hydration of carbon dioxide
CHEMBL3514,R-HSA-2980736,Peptide hormone metabolism
CHEMBL3514,R-HSA-392499,Metabolism of proteins
CHEMBL3514,R-HSA-422085,"Synthesis, secretion, and deacylation of Ghrelin"
CHEMBL3568,R-HSA-109582,Hemostasis
CHEMBL3568,R-HSA-1222556,ROS and RNS production in phagocytes
CHEMBL3568,R-HSA-168249,Innate Immune System
CHEMBL3568,R-HSA-168256,Immune System
CHEMBL3568,R-HSA-392154,Nitric oxide stimulates guanylate cyclase
CHEMBL3568,R-HSA-397014,Muscle contraction
CHEMBL3568,R-HSA-418346,Platelet homeostasis
CHEMBL3568,R-HSA-5576891,Cardiac conduction
CHEMBL3568,R-HSA-5578775,Ion homeostasis
CHEMBL3572,R-HSA-162582,Signal Transduction
CHEMBL3572,R-HSA-174824,"Plasma lipoprotein assembly, remodeling, and clearance"
CHEMBL3572,R-HSA-382551,Transport of small molecules
CHEMBL3572,R-HSA-8963899,Plasma lipoprotein remodeling
CHEMBL3572,R-HSA-8964041,LDL remodeling
CHEMBL3572,R-HSA-8964058,HDL remodeling
CHEMBL3572,R-HSA-9006931,Signaling by Nuclear Receptors
CHEMBL3572,R-HSA-9024446,NR1H2 and NR1H3-mediated signaling
CHEMBL3572,R-HSA-9029569,NR1H3 & NR1H2 regulate gene expression linked to cholesterol transport and efflux
CHEMBL3582,R-HSA-109582,Hemostasis
CHEMBL3582,R-HSA-114508,Effects of PIP2 hydrolysis
CHEMBL3582,R-HSA-1227986,Signaling by ERBB2
CHEMBL3582,R-HSA-1250196,SHC1 events in ERBB2 signaling
CHEMBL3582,R-HSA-1489509,DAG and IP3 signaling
CHEMBL3582,R-HSA-162582,Signal Transduction
CHEMBL3582,R-HSA-168249,Innate Immune System
CHEMBL3582,R-HSA-168256,Immune System
CHEMBL3582,R-HSA-2029480,Fcgamma receptor (FCGR) dependent phagocytosis
CHEMBL3582,R-HSA-2029485,Role of phospholipids in phagocytosis
CHEMBL3582,R-HSA-372790,Signaling by GPCR
CHEMBL3582,R-HSA-388396,GPCR downstream signalling
CHEMBL3582,R-HSA-416476,G alpha (q) signalling events
CHEMBL3582,R-HSA-418597,G alpha (z) signalling events
CHEMBL3582,R-HSA-76002,"Platelet activation, signaling and aggregation"
CHEMBL3582,R-HSA-9006925,Intracellular signaling by second messengers
CHEMBL3582,R-HSA-9006934,Signaling by Receptor Tyrosine Kinases
CHEMBL3595,R-HSA-112314,Neurotransmitter receptors and postsynaptic signal transmission
CHEMBL3595,R-HSA-112315,Transmission across Chemical Synapses
CHEMBL3595,R-HSA-112316,Neuronal System
CHEMBL3595,R-HSA-399710,Activation of AMPA receptors
CHEMBL3595,R-HSA-399719,Trafficking of AMPA receptors
CHEMBL3595,R-HSA-399721,"Glutamate binding, activation of AMPA receptors and synaptic plasticity"
CHEMBL3595,R-HSA-416993,Trafficking of GluR2-containing AMPA receptors
CHEMBL3595,R-HSA-438066,"Unblocking of NMDA receptors, glutamate binding and activation"
CHEMBL3595,R-HSA-442755,Activation of NMDA receptors and postsynaptic events
CHEMBL3595,R-HSA-6794362,Protein-protein interactions at synapses
CHEMBL3595,R-HSA-8849932,Synaptic adhesion-like molecules
CHEMBL3610,R-HSA-1266738,Developmental Biology
CHEMBL3610,R-HSA-1280215,Cytokine Signaling in Immune system
CHEMBL3610,R-HSA-1280218,Adaptive Immune System
CHEMBL3610,R-HSA-157118,Signaling by NOTCH
CHEMBL3610,R-HSA-162582,Signal Transduction
CHEMBL3610,R-HSA-1640170,Cell Cycle
CHEMBL3610,R-HSA-1643685,Disease
CHEMBL3610,R-HSA-168256,Immune System
CHEMBL3610,R-HSA-187577,SCF(Skp2)-mediated degradation of p27/p21
CHEMBL3610,R-HSA-1912408,Pre-NOTCH Transcription and Translation
CHEMBL3610,R-HSA-1912422,Pre-NOTCH Expression and Processing
CHEMBL3610,R-HSA-212436,Generic Transcription Pathway
CHEMBL3610,R-HSA-3214858,RMTs methylate histone arginines
CHEMBL3610,R-HSA-3247509,Chromatin modifying enzymes
CHEMBL3610,R-HSA-388841,Regulation of T cell activation by CD28 family
CHEMBL3610,R-HSA-389948,Co-inhibition by PD-1
CHEMBL3610,R-HSA-449147,Signaling by Interleukins
CHEMBL3610,R-HSA-453279,Mitotic G1 phase and G1/S transition
CHEMBL3610,R-HSA-4839726,Chromatin organization
CHEMBL3610,R-HSA-6785807,Interleukin-4 and Interleukin-13 signaling
CHEMBL3610,R-HSA-69202,Cyclin E associated events during G1/S transition 
CHEMBL3610,R-HSA-69206,G1/S Transition
CHEMBL3610,R-HSA-69231,Cyclin D associated events in G1
CHEMBL3610,R-HSA-69236,G1 Phase
CHEMBL3610,R-HSA-69242,S Phase
CHEMBL3610,R-HSA-69278,"Cell Cycle, Mitotic"
CHEMBL3610,R-HSA-69656,Cyclin A:Cdk2-associated events at S phase entry
CHEMBL3610,R-HSA-73857,RNA Polymerase II Transcription
CHEMBL3610,R-HSA-74160,Gene expression (Transcription)
CHEMBL3610,R-HSA-75815,Ubiquitin-dependent degradation of Cyclin D
CHEMBL3610,R-HSA-8848021,Signaling by PTK6
CHEMBL3610,R-HSA-8849470,PTK6 Regulates Cell Cycle
CHEMBL3610,R-HSA-8853884,Transcriptional Regulation by VENTX
CHEMBL3610,R-HSA-8878159,Transcriptional regulation by RUNX3
CHEMBL3610,R-HSA-8878166,Transcriptional regulation by RUNX2
CHEMBL3610,R-HSA-8878171,Transcriptional regulation by RUNX1
CHEMBL3610,R-HSA-8934593,Regulation of RUNX1 Expression and Activity
CHEMBL3610,R-HSA-8939211,ESR-mediated signaling
CHEMBL3610,R-HSA-8951430,RUNX3 regulates WNT signaling
CHEMBL3610,R-HSA-8951936,RUNX3 regulates p14-ARF
CHEMBL3610,R-HSA-9006927,Signaling by Non-Receptor Tyrosine Kinases
CHEMBL3610,R-HSA-9006931,Signaling by Nuclear Receptors
CHEMBL3610,R-HSA-9009391,Extra-nuclear estrogen signaling
CHEMBL3610,R-HSA-9018519,Estrogen-dependent gene expression
CHEMBL3610,R-HSA-9634638,Estrogen-dependent nuclear events downstream of ESR-membrane signaling
CHEMBL3610,R-HSA-9659787,Aberrant regulation of mitotic G1/S transition in cancer due to RB1 defects
CHEMBL3610,R-HSA-9661069,"Defective binding of RB1 mutants to E2F1,(E2F2, E2F3)"
CHEMBL3610,R-HSA-9675126,Diseases of mitotic cell cycle
CHEMBL3610,R-HSA-9687139,Aberrant regulation of mitotic cell cycle due to RB1 defects
CHEMBL3610,R-HSA-9730414,MITF-M-regulated melanocyte development
CHEMBL3610,R-HSA-9754119,Drug-mediated inhibition of CDK4/CDK6 activity
CHEMBL3610,R-HSA-9825892,Regulation of MITF-M-dependent genes involved in cell cycle and proliferation
CHEMBL3610,R-HSA-9856651,MITF-M-dependent gene expression
CHEMBL3610,R-HSA-9909615,Regulation of PD-L1(CD274) Post-translational modification
CHEMBL3610,R-HSA-9909648,Regulation of PD-L1(CD274) expression
CHEMBL3610,R-HSA-9929491,SPOP-mediated proteasomal degradation of PD-L1(CD274)
CHEMBL3636,R-HSA-162582,Signal Transduction
CHEMBL3636,R-HSA-372790,Signaling by GPCR
CHEMBL3636,R-HSA-373076,Class A/1 (Rhodopsin-like receptors)
CHEMBL3636,R-HSA-375276,Peptide ligand-binding receptors
CHEMBL3636,R-HSA-388396,GPCR downstream signalling
CHEMBL3636,R-HSA-416476,G alpha (q) signalling events
CHEMBL3636,R-HSA-500792,GPCR ligand binding
CHEMBL3650,R-HSA-109704,PI3K Cascade
CHEMBL3650,R-HSA-112399,IRS-mediated signalling
CHEMBL3650,R-HSA-1226099,Signaling by FGFR in disease
CHEMBL3650,R-HSA-1257604,PIP3 activates AKT signaling
CHEMBL3650,R-HSA-1266738,Developmental Biology
CHEMBL3650,R-HSA-162582,Signal Transduction
CHEMBL3650,R-HSA-1643685,Disease
CHEMBL3650,R-HSA-1839120,Signaling by FGFR1 amplification mutants
CHEMBL3650,R-HSA-1839122,Signaling by activated point mutants of FGFR1
CHEMBL3650,R-HSA-1839124,FGFR1 mutant receptor activation
CHEMBL3650,R-HSA-190236,Signaling by FGFR
CHEMBL3650,R-HSA-190242,FGFR1 ligand binding and activation
CHEMBL3650,R-HSA-190370,FGFR1b ligand binding and activation
CHEMBL3650,R-HSA-190373,FGFR1c ligand binding and activation
CHEMBL3650,R-HSA-190374,FGFR1c and Klotho ligand binding and activation
CHEMBL3650,R-HSA-199418,Negative regulation of the PI3K/AKT network
CHEMBL3650,R-HSA-2219528,PI3K/AKT Signaling in Cancer
CHEMBL3650,R-HSA-2219530,Constitutive Signaling by Aberrant PI3K in Cancer
CHEMBL3650,R-HSA-2404192,Signaling by Type 1 Insulin-like Growth Factor 1 Receptor (IGF1R)
CHEMBL3650,R-HSA-2428924,IGF1R signaling cascade
CHEMBL3650,R-HSA-2428928,IRS-related events triggered by IGF1R
CHEMBL3650,R-HSA-373760,L1CAM interactions
CHEMBL3650,R-HSA-375165,NCAM signaling for neurite out-growth
CHEMBL3650,R-HSA-422475,Axon guidance
CHEMBL3650,R-HSA-445144,Signal transduction by L1
CHEMBL3650,R-HSA-5654219,Phospholipase C-mediated cascade: FGFR1
CHEMBL3650,R-HSA-5654687,Downstream signaling of activated FGFR1
CHEMBL3650,R-HSA-5654688,SHC-mediated cascade:FGFR1
CHEMBL3650,R-HSA-5654689,PI-3K cascade:FGFR1
CHEMBL3650,R-HSA-5654693,FRS-mediated FGFR1 signaling
CHEMBL3650,R-HSA-5654726,Negative regulation of FGFR1 signaling
CHEMBL3650,R-HSA-5654736,Signaling by FGFR1
CHEMBL3650,R-HSA-5655302,Signaling by FGFR1 in disease
CHEMBL3650,R-HSA-5663202,Diseases of signal transduction by growth factor receptors and second messengers
CHEMBL3650,R-HSA-5673001,RAF/MAP kinase cascade
CHEMBL3650,R-HSA-5683057,MAPK family signaling cascades
CHEMBL3650,R-HSA-5684996,MAPK1/MAPK3 signaling
CHEMBL3650,R-HSA-6811558,"PI5P, PP2A and IER3 Regulate PI3K/AKT Signaling"
CHEMBL3650,R-HSA-74751,Insulin receptor signalling cascade
CHEMBL3650,R-HSA-74752,Signaling by Insulin receptor
CHEMBL3650,R-HSA-8853336,Signaling by plasma membrane FGFR1 fusions
CHEMBL3650,R-HSA-9006925,Intracellular signaling by second messengers
CHEMBL3650,R-HSA-9006934,Signaling by Receptor Tyrosine Kinases
CHEMBL3650,R-HSA-9675108,Nervous system development
CHEMBL3650,R-HSA-9758919,Epithelial-Mesenchymal Transition (EMT) during gastrulation
CHEMBL3650,R-HSA-9758941,Gastrulation
CHEMBL3650,R-HSA-9793380,Formation of paraxial mesoderm
CHEMBL3708,R-HSA-1236394,Signaling by ERBB4
CHEMBL3708,R-HSA-1251985,Nuclear signaling by ERBB4
CHEMBL3708,R-HSA-1266738,Developmental Biology
CHEMBL3708,R-HSA-157118,Signaling by NOTCH
CHEMBL3708,R-HSA-162582,Signal Transduction
CHEMBL3708,R-HSA-1643685,Disease
CHEMBL3708,R-HSA-193692,Regulated proteolysis of p75NTR
CHEMBL3708,R-HSA-193704,p75 NTR receptor-mediated signalling
CHEMBL3708,R-HSA-1980143,Signaling by NOTCH1
CHEMBL3708,R-HSA-1980145,Signaling by NOTCH2
CHEMBL3708,R-HSA-204998,"Cell death signalling via NRAGE, NRIF and NADE"
CHEMBL3708,R-HSA-205043,NRIF signals cell death from the nucleus
CHEMBL3708,R-HSA-2122948,Activated NOTCH1 Transmits Signal to the Nucleus
CHEMBL3708,R-HSA-2644602,Signaling by NOTCH1 PEST Domain Mutants in Cancer
CHEMBL3708,R-HSA-2644603,Signaling by NOTCH1 in Cancer
CHEMBL3708,R-HSA-2644606,Constitutive Signaling by NOTCH1 PEST Domain Mutants
CHEMBL3708,R-HSA-2682334,EPH-Ephrin signaling
CHEMBL3708,R-HSA-2894858,Signaling by NOTCH1 HD+PEST Domain Mutants in Cancer
CHEMBL3708,R-HSA-2894862,Constitutive Signaling by NOTCH1 HD+PEST Domain Mutants
CHEMBL3708,R-HSA-2979096,NOTCH2 Activation and Transmission of Signal to the Nucleus
CHEMBL3708,R-HSA-3928665,EPH-ephrin mediated repulsion of cells
CHEMBL3708,R-HSA-422475,Axon guidance
CHEMBL3708,R-HSA-5663202,Diseases of signal transduction by growth factor receptors and second messengers
CHEMBL3708,R-HSA-73887,Death Receptor Signaling
CHEMBL3708,R-HSA-9006934,Signaling by Receptor Tyrosine Kinases
CHEMBL3708,R-HSA-9006936,Signaling by TGFB family members
CHEMBL3708,R-HSA-9012852,Signaling by NOTCH3
CHEMBL3708,R-HSA-9013507,NOTCH3 Activation and Transmission of Signal to the Nucleus
CHEMBL3708,R-HSA-9013694,Signaling by NOTCH4
CHEMBL3708,R-HSA-9013700,NOTCH4 Activation and Transmission of Signal to the Nucleus
CHEMBL3708,R-HSA-9017802,Noncanonical activation of NOTCH3
CHEMBL3708,R-HSA-9675108,Nervous system development
CHEMBL3708,R-HSA-9839373,Signaling by TGFBR3
CHEMBL3708,R-HSA-9839383,TGFBR3 PTM regulation
CHEMBL3710,R-HSA-162582,Signal Transduction
CHEMBL3710,R-HSA-372790,Signaling by GPCR
CHEMBL3710,R-HSA-373076,Class A/1 (Rhodopsin-like receptors)
CHEMBL3710,R-HSA-388396,GPCR downstream signalling
CHEMBL3710,R-HSA-391903,Eicosanoid ligand-binding receptors
CHEMBL3710,R-HSA-391908,Prostanoid ligand receptors
CHEMBL3710,R-HSA-418594,G alpha (i) signalling events
CHEMBL3710,R-HSA-500792,GPCR ligand binding
CHEMBL3721,R-HSA-1430728,Metabolism
CHEMBL3721,R-HSA-211859,Biological oxidations
CHEMBL3721,R-HSA-211897,Cytochrome P450 - arranged by substrate type
CHEMBL3721,R-HSA-211945,Phase I - Functionalization of compounds
CHEMBL3721,R-HSA-211981,Xenobiotics
CHEMBL3721,R-HSA-211999,CYP2E1 reactions
CHEMBL3721,R-HSA-2142670,Synthesis of epoxy (EET) and dihydroxyeicosatrienoic acids (DHET)
CHEMBL3721,R-HSA-2142753,Arachidonate metabolism
CHEMBL3721,R-HSA-2142816,Synthesis of (16-20)-hydroxyeicosatetraenoic acids (HETE)
CHEMBL3721,R-HSA-556833,Metabolism of lipids
CHEMBL3721,R-HSA-8978868,Fatty acid metabolism
CHEMBL3721,R-HSA-9018677,Biosynthesis of DHA-derived SPMs
CHEMBL3721,R-HSA-9018678,Biosynthesis of specialized proresolving mediators (SPMs)
CHEMBL3721,R-HSA-9018682,Biosynthesis of maresins
CHEMBL3721,R-HSA-9027307,Biosynthesis of maresin-like SPMs
CHEMBL3721,R-HSA-9748784,Drug ADME
CHEMBL3721,R-HSA-9749641,Aspirin ADME
CHEMBL3723,R-HSA-156711,Polo-like kinase mediated events
CHEMBL3723,R-HSA-162658,Golgi Cisternae Pericentriolar Stack Reorganization
CHEMBL3723,R-HSA-1640170,Cell Cycle
CHEMBL3723,R-HSA-2500257,Resolution of Sister Chromatid Cohesion
CHEMBL3723,R-HSA-2514853,Condensation of Prometaphase Chromosomes
CHEMBL3723,R-HSA-2555396,Mitotic Metaphase and Anaphase
CHEMBL3723,R-HSA-2565942,Regulation of PLK1 Activity at G2/M Transition
CHEMBL3723,R-HSA-2980766,Nuclear Envelope Breakdown
CHEMBL3723,R-HSA-2980767,"Activation of NIMA Kinases NEK9, NEK6, NEK7"
CHEMBL3723,R-HSA-2995383,Initiation of Nuclear Envelope (NE) Reformation
CHEMBL3723,R-HSA-2995410,Nuclear Envelope (NE) Reassembly
CHEMBL3723,R-HSA-3301854,Nuclear Pore Complex (NPC) Disassembly
CHEMBL3723,R-HSA-453274,Mitotic G2-G2/M phases
CHEMBL3723,R-HSA-68875,Mitotic Prophase
CHEMBL3723,R-HSA-68877,Mitotic Prometaphase
CHEMBL3723,R-HSA-68882,Mitotic Anaphase
CHEMBL3723,R-HSA-68886,M Phase
CHEMBL3723,R-HSA-69273,Cyclin A/B1/B2 associated events during G2/M transition
CHEMBL3723,R-HSA-69275,G2/M Transition
CHEMBL3723,R-HSA-69278,"Cell Cycle, Mitotic"
CHEMBL3723,R-HSA-69478,G2/M DNA replication checkpoint
CHEMBL3723,R-HSA-69481,G2/M Checkpoints
CHEMBL3723,R-HSA-69620,Cell Cycle Checkpoints
CHEMBL3723,R-HSA-8852276,The role of GTSE1 in G2/M progression after G2 checkpoint
CHEMBL3724,R-HSA-162582,Signal Transduction
CHEMBL3724,R-HSA-372790,Signaling by GPCR
CHEMBL3724,R-HSA-373076,Class A/1 (Rhodopsin-like receptors)
CHEMBL3724,R-HSA-388396,GPCR downstream signalling
CHEMBL3724,R-HSA-416476,G alpha (q) signalling events
CHEMBL3724,R-HSA-418594,G alpha (i) signalling events
CHEMBL3724,R-HSA-419408,Lysosphingolipid and LPA receptors
CHEMBL3724,R-HSA-500792,GPCR ligand binding
CHEMBL3727,R-HSA-1430728,Metabolism
CHEMBL3727,R-HSA-1483249,Inositol phosphate metabolism
CHEMBL3727,R-HSA-1855204,Synthesis of IP3 and IP4 in the cytosol
CHEMBL3764,R-HSA-162582,Signal Transduction
CHEMBL3764,R-HSA-372790,Signaling by GPCR
CHEMBL3764,R-HSA-373076,Class A/1 (Rhodopsin-like receptors)
CHEMBL3764,R-HSA-375276,Peptide ligand-binding receptors
CHEMBL3764,R-HSA-388396,GPCR downstream signalling
CHEMBL3764,R-HSA-416476,G alpha (q) signalling events
CHEMBL3764,R-HSA-500792,GPCR ligand binding
CHEMBL3768,R-HSA-1266738,Developmental Biology
CHEMBL3768,R-HSA-168249,Innate Immune System
CHEMBL3768,R-HSA-168256,Immune System
CHEMBL3768,R-HSA-2022377,Metabolism of Angiotensinogen to Angiotensins
CHEMBL3768,R-HSA-2980736,Peptide hormone metabolism
CHEMBL3768,R-HSA-392499,Metabolism of proteins
CHEMBL3768,R-HSA-397014,Muscle contraction
CHEMBL3768,R-HSA-5576891,Cardiac conduction
CHEMBL3768,R-HSA-5578768,Physiological factors
CHEMBL3768,R-HSA-6798695,Neutrophil degranulation
CHEMBL3768,R-HSA-9734767,Developmental Cell Lineages
CHEMBL3768,R-HSA-9734779,Developmental Cell Lineages of the Integumentary System
CHEMBL3768,R-HSA-9924644,Developmental Lineages of the Mammary Gland
CHEMBL3768,R-HSA-9927432,Developmental Lineage of Mammary Gland Myoepithelial Cells
CHEMBL3769,R-HSA-1266738,Developmental Biology
CHEMBL3769,R-HSA-1430728,Metabolism
CHEMBL3769,R-HSA-1474228,Degradation of the extracellular matrix
CHEMBL3769,R-HSA-1474244,Extracellular matrix organization
CHEMBL3769,R-HSA-1592389,Activation of Matrix Metalloproteinases
CHEMBL3769,R-HSA-196741,"Cobalamin (Cbl, vitamin B12) transport and metabolism"
CHEMBL3769,R-HSA-196849,Metabolism of water-soluble vitamins and cofactors
CHEMBL3769,R-HSA-196854,Metabolism of vitamins and cofactors
CHEMBL3769,R-HSA-9734767,Developmental Cell Lineages
CHEMBL3769,R-HSA-9758881,Uptake of dietary cobalamins into enterocytes
CHEMBL3769,R-HSA-9820448,Developmental Cell Lineages of the Exocrine Pancreas
CHEMBL3769,R-HSA-9925561,Developmental Lineage of Pancreatic Acinar Cells
CHEMBL3770,R-HSA-382551,Transport of small molecules
CHEMBL3770,R-HSA-425407,SLC-mediated transmembrane transport
CHEMBL3770,R-HSA-425410,Metal ion SLC transporters
CHEMBL3770,R-HSA-425986,Sodium/Proton exchangers
CHEMBL3775,R-HSA-1362277,Transcription of E2F targets under negative control by DREAM complex
CHEMBL3775,R-HSA-1538133,G0 and Early G1
CHEMBL3775,R-HSA-156711,Polo-like kinase mediated events
CHEMBL3775,R-HSA-1640170,Cell Cycle
CHEMBL3775,R-HSA-1643685,Disease
CHEMBL3775,R-HSA-176187,Activation of ATR in response to replication stress
CHEMBL3775,R-HSA-392499,Metabolism of proteins
CHEMBL3775,R-HSA-453274,Mitotic G2-G2/M phases
CHEMBL3775,R-HSA-453279,Mitotic G1 phase and G1/S transition
CHEMBL3775,R-HSA-5688426,Deubiquitination
CHEMBL3775,R-HSA-5689880,Ub-specific processing proteases
CHEMBL3775,R-HSA-597592,Post-translational protein modification
CHEMBL3775,R-HSA-69202,Cyclin E associated events during G1/S transition 
CHEMBL3775,R-HSA-69206,G1/S Transition
CHEMBL3775,R-HSA-69242,S Phase
CHEMBL3775,R-HSA-69273,Cyclin A/B1/B2 associated events during G2/M transition
CHEMBL3775,R-HSA-69275,G2/M Transition
CHEMBL3775,R-HSA-69278,"Cell Cycle, Mitotic"
CHEMBL3775,R-HSA-69481,G2/M Checkpoints
CHEMBL3775,R-HSA-69601,Ubiquitin-Mediated Degradation of Phosphorylated Cdc25A
CHEMBL3775,R-HSA-69613,p53-Independent G1/S DNA Damage Checkpoint
CHEMBL3775,R-HSA-69615,G1/S DNA Damage Checkpoints
CHEMBL3775,R-HSA-69620,Cell Cycle Checkpoints
CHEMBL3775,R-HSA-69656,Cyclin A:Cdk2-associated events at S phase entry
CHEMBL3775,R-HSA-8862803,Deregulated CDK5 triggers multiple neurodegenerative pathways in Alzheimer's disease models
CHEMBL3775,R-HSA-8863678,Neurodegenerative Diseases
CHEMBL3775,R-HSA-9645723,Diseases of programmed cell death
CHEMBL3775,R-HSA-9734009,Defective Intrinsic Pathway for Apoptosis
CHEMBL3816,R-HSA-109582,Hemostasis
CHEMBL3816,R-HSA-111885,Opioid Signalling
CHEMBL3816,R-HSA-111995,phospho-PLA2 pathway
CHEMBL3816,R-HSA-111996,Ca-dependent events
CHEMBL3816,R-HSA-112040,G-protein mediated events
CHEMBL3816,R-HSA-112043,PLC beta mediated events
CHEMBL3816,R-HSA-1430728,Metabolism
CHEMBL3816,R-HSA-1482788,Acyl chain remodelling of PC
CHEMBL3816,R-HSA-1482798,Acyl chain remodeling of CL
CHEMBL3816,R-HSA-1482801,Acyl chain remodelling of PS
CHEMBL3816,R-HSA-1482839,Acyl chain remodelling of PE
CHEMBL3816,R-HSA-1482922,Acyl chain remodelling of PI
CHEMBL3816,R-HSA-1482925,Acyl chain remodelling of PG
CHEMBL3816,R-HSA-1483115,Hydrolysis of LPC
CHEMBL3816,R-HSA-1483166,Synthesis of PA
CHEMBL3816,R-HSA-1483206,Glycerophospholipid biosynthesis
CHEMBL3816,R-HSA-1483257,Phospholipid metabolism
CHEMBL3816,R-HSA-162582,Signal Transduction
CHEMBL3816,R-HSA-199991,Membrane Trafficking
CHEMBL3816,R-HSA-2142753,Arachidonate metabolism
CHEMBL3816,R-HSA-372790,Signaling by GPCR
CHEMBL3816,R-HSA-388396,GPCR downstream signalling
CHEMBL3816,R-HSA-392518,Signal amplification
CHEMBL3816,R-HSA-418346,Platelet homeostasis
CHEMBL3816,R-HSA-418592,ADP signalling through P2Y purinoceptor 1
CHEMBL3816,R-HSA-418594,G alpha (i) signalling events
CHEMBL3816,R-HSA-432142,Platelet sensitization by LDL
CHEMBL3816,R-HSA-556833,Metabolism of lipids
CHEMBL3816,R-HSA-5653656,Vesicle-mediated transport
CHEMBL3816,R-HSA-6811436,COPI-independent Golgi-to-ER retrograde traffic
CHEMBL3816,R-HSA-6811442,Intra-Golgi and retrograde Golgi-to-ER traffic
CHEMBL3816,R-HSA-76002,"Platelet activation, signaling and aggregation"
CHEMBL3816,R-HSA-8856688,Golgi-to-ER retrograde transport
CHEMBL3816,R-HSA-8978868,Fatty acid metabolism
CHEMBL3817,R-HSA-109581,Apoptosis
CHEMBL3817,R-HSA-109606,Intrinsic Pathway for Apoptosis
CHEMBL3817,R-HSA-111447,Activation of BAD and translocation to mitochondria 
CHEMBL3817,R-HSA-111453,BH3-only proteins associate with and inactivate anti-apoptotic BCL-2 members
CHEMBL3817,R-HSA-114452,Activation of BH3-only proteins
CHEMBL3817,R-HSA-1257604,PIP3 activates AKT signaling
CHEMBL3817,R-HSA-162582,Signal Transduction
CHEMBL3817,R-HSA-1643685,Disease
CHEMBL3817,R-HSA-193648,NRAGE signals death through JNK
CHEMBL3817,R-HSA-193704,p75 NTR receptor-mediated signalling
CHEMBL3817,R-HSA-198323,AKT phosphorylates targets in the cytosol
CHEMBL3817,R-HSA-204998,"Cell death signalling via NRAGE, NRIF and NADE"
CHEMBL3817,R-HSA-2219528,PI3K/AKT Signaling in Cancer
CHEMBL3817,R-HSA-5357801,Programmed Cell Death
CHEMBL3817,R-HSA-5663202,Diseases of signal transduction by growth factor receptors and second messengers
CHEMBL3817,R-HSA-5674400,Constitutive Signaling by AKT1 E17K in Cancer
CHEMBL3817,R-HSA-73887,Death Receptor Signaling
CHEMBL3817,R-HSA-9006925,Intracellular signaling by second messengers
CHEMBL3819,R-HSA-162582,Signal Transduction
CHEMBL3819,R-HSA-372790,Signaling by GPCR
CHEMBL3819,R-HSA-373076,Class A/1 (Rhodopsin-like receptors)
CHEMBL3819,R-HSA-388396,GPCR downstream signalling
CHEMBL3819,R-HSA-416476,G alpha (q) signalling events
CHEMBL3819,R-HSA-418594,G alpha (i) signalling events
CHEMBL3819,R-HSA-419408,Lysosphingolipid and LPA receptors
CHEMBL3819,R-HSA-500792,GPCR ligand binding
CHEMBL3841,R-HSA-112316,Neuronal System
CHEMBL3841,R-HSA-1296071,Potassium Channels
CHEMBL3841,R-HSA-1296072,Voltage gated Potassium channels
CHEMBL3856,R-HSA-1430728,Metabolism
CHEMBL3856,R-HSA-168249,Innate Immune System
CHEMBL3856,R-HSA-168256,Immune System
CHEMBL3856,R-HSA-6798695,Neutrophil degranulation
CHEMBL3856,R-HSA-70221,Glycogen breakdown (glycogenolysis)
CHEMBL3856,R-HSA-71387,Metabolism of carbohydrates and carbohydrate derivatives
CHEMBL3856,R-HSA-8982491,Glycogen metabolism
CHEMBL3861,R-HSA-1428517,Aerobic respiration and respiratory electron transport
CHEMBL3861,R-HSA-1430728,Metabolism
CHEMBL3861,R-HSA-162582,Signal Transduction
CHEMBL3861,R-HSA-204174,Regulation of pyruvate dehydrogenase (PDH) complex
CHEMBL3861,R-HSA-5362517,Signaling by Retinoic Acid
CHEMBL3861,R-HSA-70268,Pyruvate metabolism
CHEMBL3861,R-HSA-9006931,Signaling by Nuclear Receptors
CHEMBL3861,R-HSA-9861718,Regulation of pyruvate metabolism
CHEMBL3863,R-HSA-1430728,Metabolism
CHEMBL3863,R-HSA-1660661,Sphingolipid de novo biosynthesis
CHEMBL3863,R-HSA-428157,Sphingolipid metabolism
CHEMBL3863,R-HSA-556833,Metabolism of lipids
CHEMBL3892,R-HSA-162582,Signal Transduction
CHEMBL3892,R-HSA-372790,Signaling by GPCR
CHEMBL3892,R-HSA-373076,Class A/1 (Rhodopsin-like receptors)
CHEMBL3892,R-HSA-388396,GPCR downstream signalling
CHEMBL3892,R-HSA-418594,G alpha (i) signalling events
CHEMBL3892,R-HSA-419408,Lysosphingolipid and LPA receptors
CHEMBL3892,R-HSA-500792,GPCR ligand binding
CHEMBL3892,R-HSA-8939211,ESR-mediated signaling
CHEMBL3892,R-HSA-9006931,Signaling by Nuclear Receptors
CHEMBL3892,R-HSA-9009391,Extra-nuclear estrogen signaling
CHEMBL3898,R-HSA-1474228,Degradation of the extracellular matrix
CHEMBL3898,R-HSA-1474244,Extracellular matrix organization
CHEMBL3898,R-HSA-1474290,Collagen formation
CHEMBL3898,R-HSA-1650814,Collagen biosynthesis and modifying enzymes
CHEMBL3898,R-HSA-174824,"Plasma lipoprotein assembly, remodeling, and clearance"
CHEMBL3898,R-HSA-2022090,Assembly of collagen fibrils and other multimeric structures
CHEMBL3898,R-HSA-2214320,Anchoring fibril formation
CHEMBL3898,R-HSA-2243919,Crosslinking of collagen fibrils
CHEMBL3898,R-HSA-382551,Transport of small molecules
CHEMBL3898,R-HSA-8963896,HDL assembly
CHEMBL3898,R-HSA-8963898,Plasma lipoprotein assembly
CHEMBL3911,R-HSA-162582,Signal Transduction
CHEMBL3911,R-HSA-372790,Signaling by GPCR
CHEMBL3911,R-HSA-373076,Class A/1 (Rhodopsin-like receptors)
CHEMBL3911,R-HSA-388396,GPCR downstream signalling
CHEMBL3911,R-HSA-391903,Eicosanoid ligand-binding receptors
CHEMBL3911,R-HSA-391906,Leukotriene receptors
CHEMBL3911,R-HSA-416476,G alpha (q) signalling events
CHEMBL3911,R-HSA-500792,GPCR ligand binding
CHEMBL3913,R-HSA-1643685,Disease
CHEMBL3913,R-HSA-166658,Complement cascade
CHEMBL3913,R-HSA-166663,Initial triggering of complement
CHEMBL3913,R-HSA-166786,Creation of C4 and C2 activators
CHEMBL3913,R-HSA-168249,Innate Immune System
CHEMBL3913,R-HSA-168256,Immune System
CHEMBL3913,R-HSA-173623,Classical antibody-mediated complement activation
CHEMBL3913,R-HSA-5663205,Infectious disease
CHEMBL3913,R-HSA-977606,Regulation of Complement cascade
CHEMBL3913,R-HSA-9824446,Viral Infection Pathways
CHEMBL3913,R-HSA-9839923,Dengue Virus Infection
CHEMBL3913,R-HSA-9918481,Dengue Virus-Host Interactions
CHEMBL3913,R-HSA-9920588,Dengue virus activates/modulates innate and adaptive immune responses
CHEMBL3958,R-HSA-1430728,Metabolism
CHEMBL3958,R-HSA-1630316,Glycosaminoglycan metabolism
CHEMBL3958,R-HSA-1643685,Disease
CHEMBL3958,R-HSA-1971475,Glycosaminoglycan-protein linkage region biosynthesis
CHEMBL3958,R-HSA-3560782,Diseases associated with glycosaminoglycan metabolism
CHEMBL3958,R-HSA-3560801,Defective B3GAT3 causes JDSSDHD
CHEMBL3958,R-HSA-3781865,Diseases of glycosylation
CHEMBL3958,R-HSA-5668914,Diseases of metabolism
CHEMBL3958,R-HSA-71387,Metabolism of carbohydrates and carbohydrate derivatives
CHEMBL3961,R-HSA-1266738,Developmental Biology
CHEMBL3961,R-HSA-1280215,Cytokine Signaling in Immune system
CHEMBL3961,R-HSA-1592230,Mitochondrial biogenesis
CHEMBL3961,R-HSA-162582,Signal Transduction
CHEMBL3961,R-HSA-1640170,Cell Cycle
CHEMBL3961,R-HSA-166016,Toll Like Receptor 4 (TLR4) Cascade
CHEMBL3961,R-HSA-166058,MyD88:MAL(TIRAP) cascade initiated on plasma membrane
CHEMBL3961,R-HSA-166166,MyD88-independent TLR4 cascade 
CHEMBL3961,R-HSA-166520,Signaling by NTRKs
CHEMBL3961,R-HSA-167044,Signalling to RAS
CHEMBL3961,R-HSA-168138,Toll Like Receptor 9 (TLR9) Cascade
CHEMBL3961,R-HSA-168142,Toll Like Receptor 10 (TLR10) Cascade
CHEMBL3961,R-HSA-168164,Toll Like Receptor 3 (TLR3) Cascade
CHEMBL3961,R-HSA-168176,Toll Like Receptor 5 (TLR5) Cascade
CHEMBL3961,R-HSA-168179,Toll Like Receptor TLR1:TLR2 Cascade
CHEMBL3961,R-HSA-168181,Toll Like Receptor 7/8 (TLR7/8) Cascade
CHEMBL3961,R-HSA-168188,Toll Like Receptor TLR6:TLR2 Cascade
CHEMBL3961,R-HSA-168249,Innate Immune System
CHEMBL3961,R-HSA-168256,Immune System
CHEMBL3961,R-HSA-168638,NOD1/2 Signaling Pathway
CHEMBL3961,R-HSA-168643,"Nucleotide-binding domain, leucine rich repeat containing receptor (NLR) signaling pathways"
CHEMBL3961,R-HSA-168898,Toll-like Receptor Cascades
CHEMBL3961,R-HSA-171007,p38MAPK events
CHEMBL3961,R-HSA-181438,Toll Like Receptor 2 (TLR2) Cascade
CHEMBL3961,R-HSA-1852241,Organelle biogenesis and maintenance
CHEMBL3961,R-HSA-187037,Signaling by NTRK1 (TRKA)
CHEMBL3961,R-HSA-187687,Signalling to ERKs
CHEMBL3961,R-HSA-194138,Signaling by VEGF
CHEMBL3961,R-HSA-194315,Signaling by Rho GTPases
CHEMBL3961,R-HSA-195258,RHO GTPase Effectors
CHEMBL3961,R-HSA-198725,Nuclear Events (kinase and transcription factor activation)
CHEMBL3961,R-HSA-198753,ERK/MAPK targets
CHEMBL3961,R-HSA-212436,Generic Transcription Pathway
CHEMBL3961,R-HSA-2151209,Activation of PPARGC1A (PGC-1alpha) by phosphorylation
CHEMBL3961,R-HSA-2262752,Cellular responses to stress
CHEMBL3961,R-HSA-2559580,Oxidative Stress Induced Senescence
CHEMBL3961,R-HSA-2559583,Cellular Senescence
CHEMBL3961,R-HSA-3700989,Transcriptional Regulation by TP53
CHEMBL3961,R-HSA-4420097,VEGFA-VEGFR2 Pathway
CHEMBL3961,R-HSA-448424,Interleukin-17 signaling
CHEMBL3961,R-HSA-449147,Signaling by Interleukins
CHEMBL3961,R-HSA-450282,MAPK targets/ Nuclear events mediated by MAP kinases
CHEMBL3961,R-HSA-450294,MAP kinase activation
CHEMBL3961,R-HSA-450302,activated TAK1 mediates p38 MAPK activation
CHEMBL3961,R-HSA-450341,Activation of the AP-1 family of transcription factors
CHEMBL3961,R-HSA-450531,Regulation of mRNA stability by proteins that bind AU-rich elements
CHEMBL3961,R-HSA-450604,KSRP (KHSRP) binds and destabilizes mRNA
CHEMBL3961,R-HSA-525793,Myogenesis
CHEMBL3961,R-HSA-5633007,Regulation of TP53 Activity
CHEMBL3961,R-HSA-5668599,RHO GTPases Activate NADPH Oxidases
CHEMBL3961,R-HSA-6804756,Regulation of TP53 Activity through Phosphorylation
CHEMBL3961,R-HSA-69601,Ubiquitin-Mediated Degradation of Phosphorylated Cdc25A
CHEMBL3961,R-HSA-69613,p53-Independent G1/S DNA Damage Checkpoint
CHEMBL3961,R-HSA-69615,G1/S DNA Damage Checkpoints
CHEMBL3961,R-HSA-69620,Cell Cycle Checkpoints
CHEMBL3961,R-HSA-73857,RNA Polymerase II Transcription
CHEMBL3961,R-HSA-74160,Gene expression (Transcription)
CHEMBL3961,R-HSA-8953854,Metabolism of RNA
CHEMBL3961,R-HSA-8953897,Cellular responses to stimuli
CHEMBL3961,R-HSA-9006934,Signaling by Receptor Tyrosine Kinases
CHEMBL3961,R-HSA-937061,TRIF (TICAM1)-mediated TLR4 signaling 
CHEMBL3961,R-HSA-9716542,"Signaling by Rho GTPases, Miro GTPases and RHOBTB3"
CHEMBL3961,R-HSA-975138,TRAF6 mediated induction of NFkB and MAP kinases upon TLR7/8 or 9 activation
CHEMBL3961,R-HSA-975155,MyD88 dependent cascade initiated on endosome
CHEMBL3961,R-HSA-975871,MyD88 cascade initiated on plasma membrane
CHEMBL3969,R-HSA-1430728,Metabolism
CHEMBL3969,R-HSA-1475029,Reversible hydration of carbon dioxide
CHEMBL3974,R-HSA-109582,Hemostasis
CHEMBL3974,R-HSA-140875,Common Pathway of Fibrin Clot Formation
CHEMBL3974,R-HSA-140877,Formation of Fibrin Clot (Clotting Cascade)
CHEMBL3974,R-HSA-162582,Signal Transduction
CHEMBL3974,R-HSA-372790,Signaling by GPCR
CHEMBL3974,R-HSA-373076,Class A/1 (Rhodopsin-like receptors)
CHEMBL3974,R-HSA-375276,Peptide ligand-binding receptors
CHEMBL3974,R-HSA-388396,GPCR downstream signalling
CHEMBL3974,R-HSA-416476,G alpha (q) signalling events
CHEMBL3974,R-HSA-456926,Thrombin signalling through proteinase activated receptors (PARs)
CHEMBL3974,R-HSA-500792,GPCR ligand binding
CHEMBL3974,R-HSA-76002,"Platelet activation, signaling and aggregation"
CHEMBL4018,R-HSA-162582,Signal Transduction
CHEMBL4018,R-HSA-372790,Signaling by GPCR
CHEMBL4018,R-HSA-373076,Class A/1 (Rhodopsin-like receptors)
CHEMBL4018,R-HSA-375276,Peptide ligand-binding receptors
CHEMBL4018,R-HSA-388396,GPCR downstream signalling
CHEMBL4018,R-HSA-418594,G alpha (i) signalling events
CHEMBL4018,R-HSA-500792,GPCR ligand binding
CHEMBL402,R-HSA-1266738,Developmental Biology
CHEMBL402,R-HSA-1430728,Metabolism
CHEMBL402,R-HSA-1655829,Regulation of cholesterol biosynthesis by SREBP (SREBF)
CHEMBL402,R-HSA-191273,Cholesterol biosynthesis
CHEMBL402,R-HSA-1989781,PPARA activates gene expression
CHEMBL402,R-HSA-2426168,Activation of gene expression by SREBF (SREBP)
CHEMBL402,R-HSA-400206,Regulation of lipid metabolism by PPARalpha
CHEMBL402,R-HSA-556833,Metabolism of lipids
CHEMBL402,R-HSA-8957322,Metabolism of steroids
CHEMBL402,R-HSA-9619665,EGR2 and SOX10-mediated initiation of Schwann cell myelination
CHEMBL402,R-HSA-9675108,Nervous system development
CHEMBL402,R-HSA-9969896,Lanosterol biosynthesis
CHEMBL4068,R-HSA-1433557,Signaling by SCF-KIT
CHEMBL4068,R-HSA-1474228,Degradation of the extracellular matrix
CHEMBL4068,R-HSA-1474244,Extracellular matrix organization
CHEMBL4068,R-HSA-1592389,Activation of Matrix Metalloproteinases
CHEMBL4068,R-HSA-162582,Signal Transduction
CHEMBL4068,R-HSA-2022377,Metabolism of Angiotensinogen to Angiotensins
CHEMBL4068,R-HSA-2980736,Peptide hormone metabolism
CHEMBL4068,R-HSA-392499,Metabolism of proteins
CHEMBL4068,R-HSA-9006934,Signaling by Receptor Tyrosine Kinases
CHEMBL4069,R-HSA-162582,Signal Transduction
CHEMBL4069,R-HSA-2980736,Peptide hormone metabolism
CHEMBL4069,R-HSA-372790,Signaling by GPCR
CHEMBL4069,R-HSA-373080,Class B/2 (Secretin family receptors)
CHEMBL4069,R-HSA-388396,GPCR downstream signalling
CHEMBL4069,R-HSA-392499,Metabolism of proteins
CHEMBL4069,R-HSA-418555,G alpha (s) signalling events
CHEMBL4069,R-HSA-422085,"Synthesis, secretion, and deacylation of Ghrelin"
CHEMBL4069,R-HSA-500792,GPCR ligand binding
CHEMBL4071,R-HSA-1280215,Cytokine Signaling in Immune system
CHEMBL4071,R-HSA-1474228,Degradation of the extracellular matrix
CHEMBL4071,R-HSA-1474244,Extracellular matrix organization
CHEMBL4071,R-HSA-1592389,Activation of Matrix Metalloproteinases
CHEMBL4071,R-HSA-1643685,Disease
CHEMBL4071,R-HSA-168249,Innate Immune System
CHEMBL4071,R-HSA-168256,Immune System
CHEMBL4071,R-HSA-2022377,Metabolism of Angiotensinogen to Angiotensins
CHEMBL4071,R-HSA-2980736,Peptide hormone metabolism
CHEMBL4071,R-HSA-381426,Regulation of Insulin-like Growth Factor (IGF) transport and uptake by Insulin-like Growth Factor Binding Proteins (IGFBPs)
CHEMBL4071,R-HSA-392499,Metabolism of proteins
CHEMBL4071,R-HSA-446652,Interleukin-1 family signaling
CHEMBL4071,R-HSA-448706,Interleukin-1 processing
CHEMBL4071,R-HSA-449147,Signaling by Interleukins
CHEMBL4071,R-HSA-5663205,Infectious disease
CHEMBL4071,R-HSA-6798695,Neutrophil degranulation
CHEMBL4071,R-HSA-6803157,Antimicrobial peptides
CHEMBL4071,R-HSA-9635465,Suppression of apoptosis
CHEMBL4071,R-HSA-9635486,Infection with Mycobacterium tuberculosis
CHEMBL4071,R-HSA-9637690,Response of Mtb to phagocytosis
CHEMBL4071,R-HSA-9658195,Leishmania infection
CHEMBL4071,R-HSA-9660826,Purinergic signaling in leishmaniasis infection
CHEMBL4071,R-HSA-9664424,Cell recruitment (pro-inflammatory response)
CHEMBL4071,R-HSA-9824439,Bacterial Infection Pathways
CHEMBL4071,R-HSA-9824443,Parasitic Infection Pathways
CHEMBL4072,R-HSA-1280218,Adaptive Immune System
CHEMBL4072,R-HSA-1442490,Collagen degradation
CHEMBL4072,R-HSA-1474228,Degradation of the extracellular matrix
CHEMBL4072,R-HSA-1474244,Extracellular matrix organization
CHEMBL4072,R-HSA-1474290,Collagen formation
CHEMBL4072,R-HSA-1500931,Cell-Cell communication
CHEMBL4072,R-HSA-1679131,Trafficking and processing of endosomal TLR
CHEMBL4072,R-HSA-168249,Innate Immune System
CHEMBL4072,R-HSA-168256,Immune System
CHEMBL4072,R-HSA-168898,Toll-like Receptor Cascades
CHEMBL4072,R-HSA-2022090,Assembly of collagen fibrils and other multimeric structures
CHEMBL4072,R-HSA-2132295,MHC class II antigen presentation
CHEMBL4072,R-HSA-418990,Adherens junctions interactions
CHEMBL4072,R-HSA-421270,Cell-cell junction organization
CHEMBL4072,R-HSA-446728,Cell junction organization
CHEMBL4072,R-HSA-6798695,Neutrophil degranulation
CHEMBL4072,R-HSA-9759476,Regulation of Homotypic Cell-Cell Adhesion
CHEMBL4072,R-HSA-9764265,Regulation of CDH1 Expression and Function
CHEMBL4072,R-HSA-9764274,Regulation of Expression and Function of Type I Classical Cadherins
CHEMBL4072,R-HSA-9764561,Regulation of CDH1 Function
CHEMBL4072,R-HSA-9766229,Degradation of CDH1
CHEMBL4074,R-HSA-2022377,Metabolism of Angiotensinogen to Angiotensins
CHEMBL4074,R-HSA-2980736,Peptide hormone metabolism
CHEMBL4074,R-HSA-392499,Metabolism of proteins
CHEMBL4076,R-HSA-109582,Hemostasis
CHEMBL4076,R-HSA-382551,Transport of small molecules
CHEMBL4076,R-HSA-397014,Muscle contraction
CHEMBL4076,R-HSA-418346,Platelet homeostasis
CHEMBL4076,R-HSA-418359,Reduction of cytosolic Ca++ levels
CHEMBL4076,R-HSA-418360,Platelet calcium homeostasis
CHEMBL4076,R-HSA-425407,SLC-mediated transmembrane transport
CHEMBL4076,R-HSA-425410,Metal ion SLC transporters
CHEMBL4076,R-HSA-425561,Sodium/Calcium exchangers
CHEMBL4076,R-HSA-5576891,Cardiac conduction
CHEMBL4076,R-HSA-5578775,Ion homeostasis
CHEMBL4121,R-HSA-111885,Opioid Signalling
CHEMBL4121,R-HSA-111932,CaMK IV-mediated phosphorylation of CREB
CHEMBL4121,R-HSA-111933,Calmodulin induced events
CHEMBL4121,R-HSA-111996,Ca-dependent events
CHEMBL4121,R-HSA-111997,CaM pathway
CHEMBL4121,R-HSA-112040,G-protein mediated events
CHEMBL4121,R-HSA-112043,PLC beta mediated events
CHEMBL4121,R-HSA-112314,Neurotransmitter receptors and postsynaptic signal transmission
CHEMBL4121,R-HSA-112315,Transmission across Chemical Synapses
CHEMBL4121,R-HSA-112316,Neuronal System
CHEMBL4121,R-HSA-1280215,Cytokine Signaling in Immune system
CHEMBL4121,R-HSA-1489509,DAG and IP3 signaling
CHEMBL4121,R-HSA-162582,Signal Transduction
CHEMBL4121,R-HSA-1643685,Disease
CHEMBL4121,R-HSA-168256,Immune System
CHEMBL4121,R-HSA-212436,Generic Transcription Pathway
CHEMBL4121,R-HSA-2262752,Cellular responses to stress
CHEMBL4121,R-HSA-3371556,Cellular response to heat stress
CHEMBL4121,R-HSA-3371571,HSF1-dependent transactivation
CHEMBL4121,R-HSA-372790,Signaling by GPCR
CHEMBL4121,R-HSA-382551,Transport of small molecules
CHEMBL4121,R-HSA-388396,GPCR downstream signalling
CHEMBL4121,R-HSA-397014,Muscle contraction
CHEMBL4121,R-HSA-399719,Trafficking of AMPA receptors
CHEMBL4121,R-HSA-399721,"Glutamate binding, activation of AMPA receptors and synaptic plasticity"
CHEMBL4121,R-HSA-418594,G alpha (i) signalling events
CHEMBL4121,R-HSA-438064,Post NMDA receptor activation events
CHEMBL4121,R-HSA-438066,"Unblocking of NMDA receptors, glutamate binding and activation"
CHEMBL4121,R-HSA-442729,CREB1 phosphorylation through the activation of CaMKII/CaMKK/CaMKIV cascasde
CHEMBL4121,R-HSA-442742,CREB1 phosphorylation through NMDA receptor-mediated activation of RAS signaling
CHEMBL4121,R-HSA-442755,Activation of NMDA receptors and postsynaptic events
CHEMBL4121,R-HSA-442982,Ras activation upon Ca2+ influx through NMDA receptor
CHEMBL4121,R-HSA-5576891,Cardiac conduction
CHEMBL4121,R-HSA-5576892,Phase 0 - rapid depolarisation
CHEMBL4121,R-HSA-5578775,Ion homeostasis
CHEMBL4121,R-HSA-5663202,Diseases of signal transduction by growth factor receptors and second messengers
CHEMBL4121,R-HSA-5663205,Infectious disease
CHEMBL4121,R-HSA-5673000,RAF activation
CHEMBL4121,R-HSA-5673001,RAF/MAP kinase cascade
CHEMBL4121,R-HSA-5683057,MAPK family signaling cascades
CHEMBL4121,R-HSA-5684996,MAPK1/MAPK3 signaling
CHEMBL4121,R-HSA-6802946,Signaling by moderate kinase activity BRAF mutants
CHEMBL4121,R-HSA-6802949,Signaling by RAS mutants
CHEMBL4121,R-HSA-6802952,Signaling by BRAF and RAF1 fusions
CHEMBL4121,R-HSA-6802955,Paradoxical activation of RAF signaling by kinase inactive BRAF
CHEMBL4121,R-HSA-6802957,Oncogenic MAPK signaling
CHEMBL4121,R-HSA-73857,RNA Polymerase II Transcription
CHEMBL4121,R-HSA-74160,Gene expression (Transcription)
CHEMBL4121,R-HSA-877300,Interferon gamma signaling
CHEMBL4121,R-HSA-8953897,Cellular responses to stimuli
CHEMBL4121,R-HSA-8986944,Transcriptional Regulation by MECP2
CHEMBL4121,R-HSA-9006925,Intracellular signaling by second messengers
CHEMBL4121,R-HSA-9022692,Regulation of MECP2 expression and activity
CHEMBL4121,R-HSA-913531,Interferon Signaling
CHEMBL4121,R-HSA-936837,Ion transport by P-type ATPases
CHEMBL4121,R-HSA-9609736,Assembly and cell surface presentation of NMDA receptors
CHEMBL4121,R-HSA-9617324,Negative regulation of NMDA receptor-mediated neuronal transmission
CHEMBL4121,R-HSA-9620244,Long-term potentiation
CHEMBL4121,R-HSA-9649948,Signaling downstream of RAS mutants
CHEMBL4121,R-HSA-9656223,Signaling by RAF1 mutants
CHEMBL4121,R-HSA-9824446,Viral Infection Pathways
CHEMBL4121,R-HSA-983712,Ion channel transport
CHEMBL4121,R-HSA-9839923,Dengue Virus Infection
CHEMBL4121,R-HSA-9918481,Dengue Virus-Host Interactions
CHEMBL4142,R-HSA-109704,PI3K Cascade
CHEMBL4142,R-HSA-112399,IRS-mediated signalling
CHEMBL4142,R-HSA-1226099,Signaling by FGFR in disease
CHEMBL4142,R-HSA-1257604,PIP3 activates AKT signaling
CHEMBL4142,R-HSA-162582,Signal Transduction
CHEMBL4142,R-HSA-1643685,Disease
CHEMBL4142,R-HSA-1839126,FGFR2 mutant receptor activation
CHEMBL4142,R-HSA-190236,Signaling by FGFR
CHEMBL4142,R-HSA-190241,FGFR2 ligand binding and activation
CHEMBL4142,R-HSA-190375,FGFR2c ligand binding and activation
CHEMBL4142,R-HSA-190377,FGFR2b ligand binding and activation
CHEMBL4142,R-HSA-199418,Negative regulation of the PI3K/AKT network
CHEMBL4142,R-HSA-2023837,Signaling by FGFR2 amplification mutants
CHEMBL4142,R-HSA-2033519,Activated point mutants of FGFR2
CHEMBL4142,R-HSA-2219528,PI3K/AKT Signaling in Cancer
CHEMBL4142,R-HSA-2219530,Constitutive Signaling by Aberrant PI3K in Cancer
CHEMBL4142,R-HSA-2404192,Signaling by Type 1 Insulin-like Growth Factor 1 Receptor (IGF1R)
CHEMBL4142,R-HSA-2428924,IGF1R signaling cascade
CHEMBL4142,R-HSA-2428928,IRS-related events triggered by IGF1R
CHEMBL4142,R-HSA-5654221,Phospholipase C-mediated cascade; FGFR2
CHEMBL4142,R-HSA-5654695,PI-3K cascade:FGFR2
CHEMBL4142,R-HSA-5654696,Downstream signaling of activated FGFR2
CHEMBL4142,R-HSA-5654699,SHC-mediated cascade:FGFR2
CHEMBL4142,R-HSA-5654700,FRS-mediated FGFR2 signaling
CHEMBL4142,R-HSA-5654727,Negative regulation of FGFR2 signaling
CHEMBL4142,R-HSA-5654738,Signaling by FGFR2
CHEMBL4142,R-HSA-5655253,Signaling by FGFR2 in disease
CHEMBL4142,R-HSA-5663202,Diseases of signal transduction by growth factor receptors and second messengers
CHEMBL4142,R-HSA-5673001,RAF/MAP kinase cascade
CHEMBL4142,R-HSA-5683057,MAPK family signaling cascades
CHEMBL4142,R-HSA-5684996,MAPK1/MAPK3 signaling
CHEMBL4142,R-HSA-6811558,"PI5P, PP2A and IER3 Regulate PI3K/AKT Signaling"
CHEMBL4142,R-HSA-74751,Insulin receptor signalling cascade
CHEMBL4142,R-HSA-74752,Signaling by Insulin receptor
CHEMBL4142,R-HSA-8851708,Signaling by FGFR2 IIIa TM
CHEMBL4142,R-HSA-8853333,Signaling by FGFR2 fusions
CHEMBL4142,R-HSA-9006925,Intracellular signaling by second messengers
CHEMBL4142,R-HSA-9006934,Signaling by Receptor Tyrosine Kinases
CHEMBL4237,R-HSA-1266738,Developmental Biology
CHEMBL4237,R-HSA-1280215,Cytokine Signaling in Immune system
CHEMBL4237,R-HSA-162582,Signal Transduction
CHEMBL4237,R-HSA-166016,Toll Like Receptor 4 (TLR4) Cascade
CHEMBL4237,R-HSA-166058,MyD88:MAL(TIRAP) cascade initiated on plasma membrane
CHEMBL4237,R-HSA-166166,MyD88-independent TLR4 cascade 
CHEMBL4237,R-HSA-166520,Signaling by NTRKs
CHEMBL4237,R-HSA-168138,Toll Like Receptor 9 (TLR9) Cascade
CHEMBL4237,R-HSA-168142,Toll Like Receptor 10 (TLR10) Cascade
CHEMBL4237,R-HSA-168164,Toll Like Receptor 3 (TLR3) Cascade
CHEMBL4237,R-HSA-168176,Toll Like Receptor 5 (TLR5) Cascade
CHEMBL4237,R-HSA-168179,Toll Like Receptor TLR1:TLR2 Cascade
CHEMBL4237,R-HSA-168181,Toll Like Receptor 7/8 (TLR7/8) Cascade
CHEMBL4237,R-HSA-168188,Toll Like Receptor TLR6:TLR2 Cascade
CHEMBL4237,R-HSA-168249,Innate Immune System
CHEMBL4237,R-HSA-168256,Immune System
CHEMBL4237,R-HSA-168898,Toll-like Receptor Cascades
CHEMBL4237,R-HSA-181438,Toll Like Receptor 2 (TLR2) Cascade
CHEMBL4237,R-HSA-187037,Signaling by NTRK1 (TRKA)
CHEMBL4237,R-HSA-198725,Nuclear Events (kinase and transcription factor activation)
CHEMBL4237,R-HSA-198753,ERK/MAPK targets
CHEMBL4237,R-HSA-199920,CREB phosphorylation
CHEMBL4237,R-HSA-373760,L1CAM interactions
CHEMBL4237,R-HSA-375165,NCAM signaling for neurite out-growth
CHEMBL4237,R-HSA-422475,Axon guidance
CHEMBL4237,R-HSA-437239,Recycling pathway of L1
CHEMBL4237,R-HSA-448424,Interleukin-17 signaling
CHEMBL4237,R-HSA-449147,Signaling by Interleukins
CHEMBL4237,R-HSA-450282,MAPK targets/ Nuclear events mediated by MAP kinases
CHEMBL4237,R-HSA-450294,MAP kinase activation
CHEMBL4237,R-HSA-5621481,C-type lectin receptors (CLRs)
CHEMBL4237,R-HSA-5621575,CD209 (DC-SIGN) signaling
CHEMBL4237,R-HSA-9006934,Signaling by Receptor Tyrosine Kinases
CHEMBL4237,R-HSA-937061,TRIF (TICAM1)-mediated TLR4 signaling 
CHEMBL4237,R-HSA-9675108,Nervous system development
CHEMBL4237,R-HSA-975138,TRAF6 mediated induction of NFkB and MAP kinases upon TLR7/8 or 9 activation
CHEMBL4237,R-HSA-975155,MyD88 dependent cascade initiated on endosome
CHEMBL4237,R-HSA-975871,MyD88 cascade initiated on plasma membrane
CHEMBL4271,R-HSA-112310,Neurotransmitter release cycle
CHEMBL4271,R-HSA-112315,Transmission across Chemical Synapses
CHEMBL4271,R-HSA-112316,Neuronal System
CHEMBL4271,R-HSA-181429,Serotonin Neurotransmitter Release Cycle
CHEMBL4271,R-HSA-181430,Norepinephrine Neurotransmitter Release Cycle
CHEMBL4271,R-HSA-212676,Dopamine Neurotransmitter Release Cycle
CHEMBL4273,R-HSA-109582,Hemostasis
CHEMBL4273,R-HSA-1280218,Adaptive Immune System
CHEMBL4273,R-HSA-162582,Signal Transduction
CHEMBL4273,R-HSA-1643685,Disease
CHEMBL4273,R-HSA-168256,Immune System
CHEMBL4273,R-HSA-195721,Signaling by WNT
CHEMBL4273,R-HSA-3858494,Beta-catenin independent WNT signaling
CHEMBL4273,R-HSA-392154,Nitric oxide stimulates guanylate cyclase
CHEMBL4273,R-HSA-392517,Rap1 signalling
CHEMBL4273,R-HSA-4086398,Ca2+ pathway
CHEMBL4273,R-HSA-418346,Platelet homeostasis
CHEMBL4273,R-HSA-418457,cGMP effects
CHEMBL4273,R-HSA-5663205,Infectious disease
CHEMBL4273,R-HSA-9824446,Viral Infection Pathways
CHEMBL4273,R-HSA-9839923,Dengue Virus Infection
CHEMBL4273,R-HSA-9918432,Maturation of DENV proteins
CHEMBL4273,R-HSA-9918487,Dengue Virus Genome Translation and Replication
CHEMBL4305,R-HSA-112316,Neuronal System
CHEMBL4305,R-HSA-1296052,Ca2+ activated K+ channels
CHEMBL4305,R-HSA-1296071,Potassium Channels
CHEMBL4306,R-HSA-112316,Neuronal System
CHEMBL4306,R-HSA-1296071,Potassium Channels
CHEMBL4306,R-HSA-1296072,Voltage gated Potassium channels
CHEMBL4306,R-HSA-397014,Muscle contraction
CHEMBL4306,R-HSA-5576890,Phase 3 - rapid repolarisation
CHEMBL4306,R-HSA-5576891,Cardiac conduction
CHEMBL4315,R-HSA-109582,Hemostasis
CHEMBL4315,R-HSA-162582,Signal Transduction
CHEMBL4315,R-HSA-372790,Signaling by GPCR
CHEMBL4315,R-HSA-373076,Class A/1 (Rhodopsin-like receptors)
CHEMBL4315,R-HSA-388396,GPCR downstream signalling
CHEMBL4315,R-HSA-392518,Signal amplification
CHEMBL4315,R-HSA-416476,G alpha (q) signalling events
CHEMBL4315,R-HSA-417957,P2Y receptors
CHEMBL4315,R-HSA-418038,Nucleotide-like (purinergic) receptors
CHEMBL4315,R-HSA-418592,ADP signalling through P2Y purinoceptor 1
CHEMBL4315,R-HSA-500792,GPCR ligand binding
CHEMBL4315,R-HSA-76002,"Platelet activation, signaling and aggregation"
CHEMBL4330,R-HSA-162582,Signal Transduction
CHEMBL4330,R-HSA-1643685,Disease
CHEMBL4330,R-HSA-372790,Signaling by GPCR
CHEMBL4330,R-HSA-373076,Class A/1 (Rhodopsin-like receptors)
CHEMBL4330,R-HSA-388396,GPCR downstream signalling
CHEMBL4330,R-HSA-391903,Eicosanoid ligand-binding receptors
CHEMBL4330,R-HSA-391906,Leukotriene receptors
CHEMBL4330,R-HSA-416476,G alpha (q) signalling events
CHEMBL4330,R-HSA-418555,G alpha (s) signalling events
CHEMBL4330,R-HSA-500792,GPCR ligand binding
CHEMBL4330,R-HSA-5663205,Infectious disease
CHEMBL4330,R-HSA-9658195,Leishmania infection
CHEMBL4330,R-HSA-9662851,Anti-inflammatory response favouring Leishmania parasite infection
CHEMBL4330,R-HSA-9664433,Leishmania parasite growth and survival
CHEMBL4330,R-HSA-9664535,LTC4-CYSLTR mediated IL4 production
CHEMBL4330,R-HSA-9824443,Parasitic Infection Pathways
CHEMBL4425,R-HSA-109582,Hemostasis
CHEMBL4425,R-HSA-111885,Opioid Signalling
CHEMBL4425,R-HSA-111933,Calmodulin induced events
CHEMBL4425,R-HSA-111957,Cam-PDE 1 activation
CHEMBL4425,R-HSA-111996,Ca-dependent events
CHEMBL4425,R-HSA-111997,CaM pathway
CHEMBL4425,R-HSA-112040,G-protein mediated events
CHEMBL4425,R-HSA-112043,PLC beta mediated events
CHEMBL4425,R-HSA-1489509,DAG and IP3 signaling
CHEMBL4425,R-HSA-162582,Signal Transduction
CHEMBL4425,R-HSA-372790,Signaling by GPCR
CHEMBL4425,R-HSA-388396,GPCR downstream signalling
CHEMBL4425,R-HSA-392154,Nitric oxide stimulates guanylate cyclase
CHEMBL4425,R-HSA-418346,Platelet homeostasis
CHEMBL4425,R-HSA-418457,cGMP effects
CHEMBL4425,R-HSA-418555,G alpha (s) signalling events
CHEMBL4425,R-HSA-418594,G alpha (i) signalling events
CHEMBL4425,R-HSA-9006925,Intracellular signaling by second messengers
CHEMBL4429,R-HSA-162582,Signal Transduction
CHEMBL4429,R-HSA-372790,Signaling by GPCR
CHEMBL4429,R-HSA-373076,Class A/1 (Rhodopsin-like receptors)
CHEMBL4429,R-HSA-375276,Peptide ligand-binding receptors
CHEMBL4429,R-HSA-380095,Tachykinin receptors bind tachykinins
CHEMBL4429,R-HSA-388396,GPCR downstream signalling
CHEMBL4429,R-HSA-416476,G alpha (q) signalling events
CHEMBL4429,R-HSA-500792,GPCR ligand binding
CHEMBL4467,R-HSA-1280218,Adaptive Immune System
CHEMBL4467,R-HSA-1474244,Extracellular matrix organization
CHEMBL4467,R-HSA-168256,Immune System
CHEMBL4467,R-HSA-198933,Immunoregulatory interactions between a Lymphoid and a non-Lymphoid cell
CHEMBL4467,R-HSA-216083,Integrin cell surface interactions
CHEMBL4469,R-HSA-112316,Neuronal System
CHEMBL4469,R-HSA-1296052,Ca2+ activated K+ channels
CHEMBL4469,R-HSA-1296071,Potassium Channels
CHEMBL4469,R-HSA-9659379,Sensory processing of sound
CHEMBL4469,R-HSA-9662361,Sensory processing of sound by outer hair cells of the cochlea
CHEMBL4469,R-HSA-9667769,Acetylcholine inhibits contraction of outer hair cells
CHEMBL4469,R-HSA-9709957,Sensory Perception
CHEMBL4478,R-HSA-112308,Presynaptic depolarization and calcium channel opening
CHEMBL4478,R-HSA-112315,Transmission across Chemical Synapses
CHEMBL4478,R-HSA-112316,Neuronal System
CHEMBL4549,R-HSA-109582,Hemostasis
CHEMBL4549,R-HSA-1430728,Metabolism
CHEMBL4549,R-HSA-168249,Innate Immune System
CHEMBL4549,R-HSA-168256,Immune System
CHEMBL4549,R-HSA-168898,Toll-like Receptor Cascades
CHEMBL4549,R-HSA-174824,"Plasma lipoprotein assembly, remodeling, and clearance"
CHEMBL4549,R-HSA-196854,Metabolism of vitamins and cofactors
CHEMBL4549,R-HSA-199991,Membrane Trafficking
CHEMBL4549,R-HSA-202733,Cell surface interactions at the vascular wall
CHEMBL4549,R-HSA-2173782,Binding and Uptake of Ligands by Scavenger Receptors
CHEMBL4549,R-HSA-2187338,Visual phototransduction
CHEMBL4549,R-HSA-2262752,Cellular responses to stress
CHEMBL4549,R-HSA-3000471,Scavenging by Class B Receptors
CHEMBL4549,R-HSA-3000480,Scavenging by Class A Receptors
CHEMBL4549,R-HSA-3000484,Scavenging by Class F Receptors
CHEMBL4549,R-HSA-3000497,Scavenging by Class H Receptors
CHEMBL4549,R-HSA-381426,Regulation of Insulin-like Growth Factor (IGF) transport and uptake by Insulin-like Growth Factor Binding Proteins (IGFBPs)
CHEMBL4549,R-HSA-382551,Transport of small molecules
CHEMBL4549,R-HSA-392499,Metabolism of proteins
CHEMBL4549,R-HSA-418346,Platelet homeostasis
CHEMBL4549,R-HSA-432142,Platelet sensitization by LDL
CHEMBL4549,R-HSA-5653656,Vesicle-mediated transport
CHEMBL4549,R-HSA-5686938,Regulation of TLR by endogenous ligand
CHEMBL4549,R-HSA-597592,Post-translational protein modification
CHEMBL4549,R-HSA-6806667,Metabolism of fat-soluble vitamins
CHEMBL4549,R-HSA-8856825,Cargo recognition for clathrin-mediated endocytosis
CHEMBL4549,R-HSA-8856828,Clathrin-mediated endocytosis
CHEMBL4549,R-HSA-8866423,VLDL assembly
CHEMBL4549,R-HSA-8953897,Cellular responses to stimuli
CHEMBL4549,R-HSA-8957275,Post-translational protein phosphorylation
CHEMBL4549,R-HSA-8963888,Chylomicron assembly
CHEMBL4549,R-HSA-8963898,Plasma lipoprotein assembly
CHEMBL4549,R-HSA-8963899,Plasma lipoprotein remodeling
CHEMBL4549,R-HSA-8963901,Chylomicron remodeling
CHEMBL4549,R-HSA-8964026,Chylomicron clearance
CHEMBL4549,R-HSA-8964038,LDL clearance
CHEMBL4549,R-HSA-8964041,LDL remodeling
CHEMBL4549,R-HSA-8964043,Plasma lipoprotein clearance
CHEMBL4549,R-HSA-8964046,VLDL clearance
CHEMBL4549,R-HSA-9707616,Heme signaling
CHEMBL4549,R-HSA-9709957,Sensory Perception
CHEMBL4549,R-HSA-975634,Retinoid metabolism and transport
CHEMBL4550,R-HSA-1430728,Metabolism
CHEMBL4550,R-HSA-2142688,Synthesis of 5-eicosatetraenoic acids
CHEMBL4550,R-HSA-2142691,Synthesis of Leukotrienes (LT) and Eoxins (EX)
CHEMBL4550,R-HSA-2142700,Biosynthesis of Lipoxins (LX)
CHEMBL4550,R-HSA-2142753,Arachidonate metabolism
CHEMBL4550,R-HSA-556833,Metabolism of lipids
CHEMBL4550,R-HSA-8978868,Fatty acid metabolism
CHEMBL4550,R-HSA-9018678,Biosynthesis of specialized proresolving mediators (SPMs)
CHEMBL4551,R-HSA-1266738,Developmental Biology
CHEMBL4551,R-HSA-1430728,Metabolism
CHEMBL4551,R-HSA-1461973,Defensins
CHEMBL4551,R-HSA-1462054,Alpha-defensins
CHEMBL4551,R-HSA-168249,Innate Immune System
CHEMBL4551,R-HSA-168256,Immune System
CHEMBL4551,R-HSA-196741,"Cobalamin (Cbl, vitamin B12) transport and metabolism"
CHEMBL4551,R-HSA-196849,Metabolism of water-soluble vitamins and cofactors
CHEMBL4551,R-HSA-196854,Metabolism of vitamins and cofactors
CHEMBL4551,R-HSA-6798695,Neutrophil degranulation
CHEMBL4551,R-HSA-6803157,Antimicrobial peptides
CHEMBL4551,R-HSA-9725554,Differentiation of Keratinocytes in Interfollicular Epidermis in Mammalian Skin
CHEMBL4551,R-HSA-9734767,Developmental Cell Lineages
CHEMBL4551,R-HSA-9734779,Developmental Cell Lineages of the Integumentary System
CHEMBL4551,R-HSA-9758881,Uptake of dietary cobalamins into enterocytes
CHEMBL4573,R-HSA-162582,Signal Transduction
CHEMBL4573,R-HSA-372790,Signaling by GPCR
CHEMBL4573,R-HSA-388396,GPCR downstream signalling
CHEMBL4573,R-HSA-418594,G alpha (i) signalling events
CHEMBL4573,R-HSA-420499,Class C/3 (Metabotropic glutamate/pheromone receptors)
CHEMBL4573,R-HSA-500792,GPCR ligand binding
CHEMBL4589,R-HSA-1430728,Metabolism
CHEMBL4589,R-HSA-156580,Phase II - Conjugation of compounds
CHEMBL4589,R-HSA-156590,Glutathione conjugation
CHEMBL4589,R-HSA-211859,Biological oxidations
CHEMBL4605,R-HSA-382551,Transport of small molecules
CHEMBL4605,R-HSA-425407,SLC-mediated transmembrane transport
CHEMBL4605,R-HSA-427975,Proton/oligopeptide cotransporters
CHEMBL4605,R-HSA-9959399,SLC-mediated transport of oligopeptides
CHEMBL4607,R-HSA-162582,Signal Transduction
CHEMBL4607,R-HSA-372790,Signaling by GPCR
CHEMBL4607,R-HSA-373076,Class A/1 (Rhodopsin-like receptors)
CHEMBL4607,R-HSA-375276,Peptide ligand-binding receptors
CHEMBL4607,R-HSA-388396,GPCR downstream signalling
CHEMBL4607,R-HSA-418594,G alpha (i) signalling events
CHEMBL4607,R-HSA-500792,GPCR ligand binding
CHEMBL4608,R-HSA-1266738,Developmental Biology
CHEMBL4608,R-HSA-162582,Signal Transduction
CHEMBL4608,R-HSA-372790,Signaling by GPCR
CHEMBL4608,R-HSA-373076,Class A/1 (Rhodopsin-like receptors)
CHEMBL4608,R-HSA-375276,Peptide ligand-binding receptors
CHEMBL4608,R-HSA-388396,GPCR downstream signalling
CHEMBL4608,R-HSA-418555,G alpha (s) signalling events
CHEMBL4608,R-HSA-500792,GPCR ligand binding
CHEMBL4608,R-HSA-9730414,MITF-M-regulated melanocyte development
CHEMBL4608,R-HSA-9856649,Transcriptional and post-translational regulation of MITF-M expression and activity
CHEMBL4617,R-HSA-1430728,Metabolism
CHEMBL4617,R-HSA-209776,Metabolism of amine-derived hormones
CHEMBL4617,R-HSA-209905,Catecholamine biosynthesis
CHEMBL4617,R-HSA-71291,Metabolism of amino acids and derivatives
CHEMBL4633,R-HSA-112316,Neuronal System
CHEMBL4633,R-HSA-1296071,Potassium Channels
CHEMBL4633,R-HSA-1296072,Voltage gated Potassium channels
CHEMBL4708,R-HSA-162582,Signal Transduction
CHEMBL4708,R-HSA-2028269,Signaling by Hippo
CHEMBL4712,R-HSA-1430728,Metabolism
CHEMBL4712,R-HSA-162582,Signal Transduction
CHEMBL4712,R-HSA-1660662,Glycosphingolipid metabolism
CHEMBL4712,R-HSA-193681,Ceramide signalling
CHEMBL4712,R-HSA-193704,p75 NTR receptor-mediated signalling
CHEMBL4712,R-HSA-428157,Sphingolipid metabolism
CHEMBL4712,R-HSA-556833,Metabolism of lipids
CHEMBL4712,R-HSA-5626978,TNFR1-mediated ceramide production
CHEMBL4712,R-HSA-73887,Death Receptor Signaling
CHEMBL4712,R-HSA-75893,TNF signaling
CHEMBL4712,R-HSA-9840310,Glycosphingolipid catabolism
CHEMBL4714,R-HSA-162582,Signal Transduction
CHEMBL4714,R-HSA-372790,Signaling by GPCR
CHEMBL4714,R-HSA-373076,Class A/1 (Rhodopsin-like receptors)
CHEMBL4714,R-HSA-388396,GPCR downstream signalling
CHEMBL4714,R-HSA-416476,G alpha (q) signalling events
CHEMBL4714,R-HSA-417957,P2Y receptors
CHEMBL4714,R-HSA-418038,Nucleotide-like (purinergic) receptors
CHEMBL4714,R-HSA-500792,GPCR ligand binding
CHEMBL4715,R-HSA-1266738,Developmental Biology
CHEMBL4715,R-HSA-1430728,Metabolism
CHEMBL4715,R-HSA-1482788,Acyl chain remodelling of PC
CHEMBL4715,R-HSA-1482801,Acyl chain remodelling of PS
CHEMBL4715,R-HSA-1482839,Acyl chain remodelling of PE
CHEMBL4715,R-HSA-1482922,Acyl chain remodelling of PI
CHEMBL4715,R-HSA-1482925,Acyl chain remodelling of PG
CHEMBL4715,R-HSA-1483166,Synthesis of PA
CHEMBL4715,R-HSA-1483206,Glycerophospholipid biosynthesis
CHEMBL4715,R-HSA-1483257,Phospholipid metabolism
CHEMBL4715,R-HSA-556833,Metabolism of lipids
CHEMBL4715,R-HSA-9734767,Developmental Cell Lineages
CHEMBL4715,R-HSA-9820448,Developmental Cell Lineages of the Exocrine Pancreas
CHEMBL4715,R-HSA-9925561,Developmental Lineage of Pancreatic Acinar Cells
CHEMBL4716,R-HSA-162582,Signal Transduction
CHEMBL4716,R-HSA-372790,Signaling by GPCR
CHEMBL4716,R-HSA-388396,GPCR downstream signalling
CHEMBL4716,R-HSA-418555,G alpha (s) signalling events
CHEMBL4744,R-HSA-109582,Hemostasis
CHEMBL4744,R-HSA-1430728,Metabolism
CHEMBL4744,R-HSA-162582,Signal Transduction
CHEMBL4744,R-HSA-163685,Integration of energy metabolism
CHEMBL4744,R-HSA-372790,Signaling by GPCR
CHEMBL4744,R-HSA-373076,Class A/1 (Rhodopsin-like receptors)
CHEMBL4744,R-HSA-375280,Amine ligand-binding receptors
CHEMBL4744,R-HSA-388396,GPCR downstream signalling
CHEMBL4744,R-HSA-390696,Adrenoceptors
CHEMBL4744,R-HSA-392023,Adrenaline signalling through Alpha-2 adrenergic receptor
CHEMBL4744,R-HSA-392499,Metabolism of proteins
CHEMBL4744,R-HSA-400042,"Adrenaline,noradrenaline inhibits insulin secretion"
CHEMBL4744,R-HSA-418594,G alpha (i) signalling events
CHEMBL4744,R-HSA-418597,G alpha (z) signalling events
CHEMBL4744,R-HSA-422356,Regulation of insulin secretion
CHEMBL4744,R-HSA-500792,GPCR ligand binding
CHEMBL4744,R-HSA-5683826,Surfactant metabolism
CHEMBL4744,R-HSA-76002,"Platelet activation, signaling and aggregation"
CHEMBL4744,R-HSA-76009,Platelet Aggregation (Plug Formation)
CHEMBL4761,R-HSA-162582,Signal Transduction
CHEMBL4761,R-HSA-1643685,Disease
CHEMBL4761,R-HSA-166658,Complement cascade
CHEMBL4761,R-HSA-168249,Innate Immune System
CHEMBL4761,R-HSA-168256,Immune System
CHEMBL4761,R-HSA-372790,Signaling by GPCR
CHEMBL4761,R-HSA-373076,Class A/1 (Rhodopsin-like receptors)
CHEMBL4761,R-HSA-375276,Peptide ligand-binding receptors
CHEMBL4761,R-HSA-388396,GPCR downstream signalling
CHEMBL4761,R-HSA-418594,G alpha (i) signalling events
CHEMBL4761,R-HSA-500792,GPCR ligand binding
CHEMBL4761,R-HSA-5663205,Infectious disease
CHEMBL4761,R-HSA-6798695,Neutrophil degranulation
CHEMBL4761,R-HSA-9658195,Leishmania infection
CHEMBL4761,R-HSA-9660826,Purinergic signaling in leishmaniasis infection
CHEMBL4761,R-HSA-9664424,Cell recruitment (pro-inflammatory response)
CHEMBL4761,R-HSA-977606,Regulation of Complement cascade
CHEMBL4761,R-HSA-9824443,Parasitic Infection Pathways
CHEMBL4763,R-HSA-109582,Hemostasis
CHEMBL4763,R-HSA-1169410,Antimicrobial mechanism of IFN-stimulated genes
CHEMBL4763,R-HSA-1257604,PIP3 activates AKT signaling
CHEMBL4763,R-HSA-1280215,Cytokine Signaling in Immune system
CHEMBL4763,R-HSA-1280218,Adaptive Immune System
CHEMBL4763,R-HSA-141424,Amplification of signal from the kinetochores
CHEMBL4763,R-HSA-141444,Amplification  of signal from unattached  kinetochores via a MAD2  inhibitory signal
CHEMBL4763,R-HSA-162582,Signal Transduction
CHEMBL4763,R-HSA-1640170,Cell Cycle
CHEMBL4763,R-HSA-1643685,Disease
CHEMBL4763,R-HSA-168256,Immune System
CHEMBL4763,R-HSA-194315,Signaling by Rho GTPases
CHEMBL4763,R-HSA-195253,Degradation of beta-catenin by the destruction complex
CHEMBL4763,R-HSA-195258,RHO GTPase Effectors
CHEMBL4763,R-HSA-195721,Signaling by WNT
CHEMBL4763,R-HSA-196299,Beta-catenin phosphorylation cascade
CHEMBL4763,R-HSA-199418,Negative regulation of the PI3K/AKT network
CHEMBL4763,R-HSA-201681,TCF dependent signaling in response to WNT
CHEMBL4763,R-HSA-2467813,Separation of Sister Chromatids
CHEMBL4763,R-HSA-2500257,Resolution of Sister Chromatid Cohesion
CHEMBL4763,R-HSA-2555396,Mitotic Metaphase and Anaphase
CHEMBL4763,R-HSA-388841,Regulation of T cell activation by CD28 family
CHEMBL4763,R-HSA-389356,Co-stimulation by CD28
CHEMBL4763,R-HSA-389513,Co-inhibition by CTLA4
CHEMBL4763,R-HSA-418346,Platelet homeostasis
CHEMBL4763,R-HSA-432142,Platelet sensitization by LDL
CHEMBL4763,R-HSA-4641262,Disassembly of the destruction complex and recruitment of AXIN to the membrane
CHEMBL4763,R-HSA-4791275,Signaling by WNT in cancer
CHEMBL4763,R-HSA-4839735,Signaling by AXIN mutants
CHEMBL4763,R-HSA-4839743,Signaling by CTNNB1 phospho-site mutants
CHEMBL4763,R-HSA-4839744,Signaling by APC mutants
CHEMBL4763,R-HSA-4839748,Signaling by AMER1 mutants
CHEMBL4763,R-HSA-5339716,Signaling by GSK3beta mutants
CHEMBL4763,R-HSA-5358747,CTNNB1 S33 mutants aren't phosphorylated
CHEMBL4763,R-HSA-5358749,CTNNB1 S37 mutants aren't phosphorylated
CHEMBL4763,R-HSA-5358751,CTNNB1 S45 mutants aren't phosphorylated
CHEMBL4763,R-HSA-5358752,CTNNB1 T41 mutants aren't phosphorylated
CHEMBL4763,R-HSA-5467337,APC truncation mutants have impaired AXIN binding
CHEMBL4763,R-HSA-5467340,AXIN missense mutants destabilize the destruction complex
CHEMBL4763,R-HSA-5467348,Truncations of AMER1 destabilize the destruction complex
CHEMBL4763,R-HSA-5663202,Diseases of signal transduction by growth factor receptors and second messengers
CHEMBL4763,R-HSA-5663220,RHO GTPases Activate Formins
CHEMBL4763,R-HSA-5673000,RAF activation
CHEMBL4763,R-HSA-5673001,RAF/MAP kinase cascade
CHEMBL4763,R-HSA-5675221,Negative regulation of MAPK pathway
CHEMBL4763,R-HSA-5683057,MAPK family signaling cascades
CHEMBL4763,R-HSA-5684996,MAPK1/MAPK3 signaling
CHEMBL4763,R-HSA-6811558,"PI5P, PP2A and IER3 Regulate PI3K/AKT Signaling"
CHEMBL4763,R-HSA-68877,Mitotic Prometaphase
CHEMBL4763,R-HSA-68882,Mitotic Anaphase
CHEMBL4763,R-HSA-68886,M Phase
CHEMBL4763,R-HSA-69278,"Cell Cycle, Mitotic"
CHEMBL4763,R-HSA-69618,Mitotic Spindle Checkpoint
CHEMBL4763,R-HSA-69620,Cell Cycle Checkpoints
CHEMBL4763,R-HSA-9006925,Intracellular signaling by second messengers
CHEMBL4763,R-HSA-913531,Interferon Signaling
CHEMBL4763,R-HSA-9648025,EML4 and NUDC in mitotic spindle formation
CHEMBL4763,R-HSA-9716542,"Signaling by Rho GTPases, Miro GTPases and RHOBTB3"
CHEMBL4763,R-HSA-9833482,PKR-mediated signaling
CHEMBL4770,R-HSA-112316,Neuronal System
CHEMBL4770,R-HSA-1296025,ATP sensitive Potassium channels
CHEMBL4770,R-HSA-1296065,Inwardly rectifying K+ channels
CHEMBL4770,R-HSA-1296071,Potassium Channels
CHEMBL4777,R-HSA-162582,Signal Transduction
CHEMBL4777,R-HSA-372790,Signaling by GPCR
CHEMBL4777,R-HSA-373076,Class A/1 (Rhodopsin-like receptors)
CHEMBL4777,R-HSA-375276,Peptide ligand-binding receptors
CHEMBL4777,R-HSA-388396,GPCR downstream signalling
CHEMBL4777,R-HSA-418594,G alpha (i) signalling events
CHEMBL4777,R-HSA-500792,GPCR ligand binding
CHEMBL4790,R-HSA-162582,Signal Transduction
CHEMBL4790,R-HSA-194315,Signaling by Rho GTPases
CHEMBL4790,R-HSA-382551,Transport of small molecules
CHEMBL4790,R-HSA-74752,Signaling by Insulin receptor
CHEMBL4790,R-HSA-77387,Insulin receptor recycling
CHEMBL4790,R-HSA-8980692,RHOA GTPase cycle
CHEMBL4790,R-HSA-9006934,Signaling by Receptor Tyrosine Kinases
CHEMBL4790,R-HSA-9012999,RHO GTPase cycle
CHEMBL4790,R-HSA-917937,Iron uptake and transport
CHEMBL4790,R-HSA-917977,Transferrin endocytosis and recycling
CHEMBL4790,R-HSA-9716542,"Signaling by Rho GTPases, Miro GTPases and RHOBTB3"
CHEMBL4790,R-HSA-983712,Ion channel transport
CHEMBL4794,R-HSA-2672351,Stimuli-sensing channels
CHEMBL4794,R-HSA-3295583,TRP channels
CHEMBL4794,R-HSA-382551,Transport of small molecules
CHEMBL4794,R-HSA-983712,Ion channel transport
CHEMBL4805,R-HSA-109582,Hemostasis
CHEMBL4805,R-HSA-139853,Elevation of cytosolic Ca2+ levels
CHEMBL4805,R-HSA-1643685,Disease
CHEMBL4805,R-HSA-168249,Innate Immune System
CHEMBL4805,R-HSA-168256,Immune System
CHEMBL4805,R-HSA-168643,"Nucleotide-binding domain, leucine rich repeat containing receptor (NLR) signaling pathways"
CHEMBL4805,R-HSA-418346,Platelet homeostasis
CHEMBL4805,R-HSA-418360,Platelet calcium homeostasis
CHEMBL4805,R-HSA-5663205,Infectious disease
CHEMBL4805,R-HSA-622312,Inflammasomes
CHEMBL4805,R-HSA-844456,The NLRP3 inflammasome
CHEMBL4805,R-HSA-8953897,Cellular responses to stimuli
CHEMBL4805,R-HSA-9658195,Leishmania infection
CHEMBL4805,R-HSA-9660826,Purinergic signaling in leishmaniasis infection
CHEMBL4805,R-HSA-9664424,Cell recruitment (pro-inflammatory response)
CHEMBL4805,R-HSA-9824443,Parasitic Infection Pathways
CHEMBL4805,R-HSA-9855142,Cellular responses to mechanical stimuli
CHEMBL4805,R-HSA-9856532,Mechanical load activates signaling by PIEZO1 and integrins in osteocytes
CHEMBL4808,R-HSA-112314,Neurotransmitter receptors and postsynaptic signal transmission
CHEMBL4808,R-HSA-112315,Transmission across Chemical Synapses
CHEMBL4808,R-HSA-112316,Neuronal System
CHEMBL4808,R-HSA-181431,Acetylcholine binding and downstream events
CHEMBL4808,R-HSA-622323,Presynaptic nicotinic acetylcholine receptors
CHEMBL4808,R-HSA-622327,Postsynaptic nicotinic acetylcholine receptors
CHEMBL4808,R-HSA-629594,Highly calcium permeable postsynaptic nicotinic acetylcholine receptors
CHEMBL4808,R-HSA-629597,Highly calcium permeable nicotinic acetylcholine receptors
CHEMBL4811,R-HSA-1430728,Metabolism
CHEMBL4811,R-HSA-15869,Metabolism of nucleotides
CHEMBL4811,R-HSA-73614,Pyrimidine salvage
CHEMBL4811,R-HSA-73621,Pyrimidine catabolism
CHEMBL4811,R-HSA-8956319,Nucleotide catabolism
CHEMBL4811,R-HSA-8956321,Nucleotide salvage
CHEMBL4812,R-HSA-1266738,Developmental Biology
CHEMBL4812,R-HSA-6805567,Keratinization
CHEMBL4812,R-HSA-6809371,Formation of the cornified envelope
CHEMBL4813,R-HSA-1430728,Metabolism
CHEMBL4813,R-HSA-1643685,Disease
CHEMBL4813,R-HSA-196071,Metabolism of steroid hormones
CHEMBL4813,R-HSA-196108,Pregnenolone biosynthesis
CHEMBL4813,R-HSA-211859,Biological oxidations
CHEMBL4813,R-HSA-211897,Cytochrome P450 - arranged by substrate type
CHEMBL4813,R-HSA-211945,Phase I - Functionalization of compounds
CHEMBL4813,R-HSA-211976,Endogenous sterols
CHEMBL4813,R-HSA-556833,Metabolism of lipids
CHEMBL4813,R-HSA-5579026,Defective CYP11A1 causes AICSR
CHEMBL4813,R-HSA-5579029,Metabolic disorders of biological oxidation enzymes
CHEMBL4813,R-HSA-5668914,Diseases of metabolism
CHEMBL4813,R-HSA-8957322,Metabolism of steroids
CHEMBL4815,R-HSA-162582,Signal Transduction
CHEMBL4815,R-HSA-372790,Signaling by GPCR
CHEMBL4815,R-HSA-373076,Class A/1 (Rhodopsin-like receptors)
CHEMBL4815,R-HSA-375276,Peptide ligand-binding receptors
CHEMBL4815,R-HSA-380095,Tachykinin receptors bind tachykinins
CHEMBL4815,R-HSA-388396,GPCR downstream signalling
CHEMBL4815,R-HSA-416476,G alpha (q) signalling events
CHEMBL4815,R-HSA-500792,GPCR ligand binding
CHEMBL4816,R-HSA-109581,Apoptosis
CHEMBL4816,R-HSA-109606,Intrinsic Pathway for Apoptosis
CHEMBL4816,R-HSA-111447,Activation of BAD and translocation to mitochondria 
CHEMBL4816,R-HSA-114452,Activation of BH3-only proteins
CHEMBL4816,R-HSA-1227986,Signaling by ERBB2
CHEMBL4816,R-HSA-1257604,PIP3 activates AKT signaling
CHEMBL4816,R-HSA-1266738,Developmental Biology
CHEMBL4816,R-HSA-1280215,Cytokine Signaling in Immune system
CHEMBL4816,R-HSA-1280218,Adaptive Immune System
CHEMBL4816,R-HSA-1358803,Downregulation of ERBB2:ERBB3 signaling
CHEMBL4816,R-HSA-162582,Signal Transduction
CHEMBL4816,R-HSA-1640170,Cell Cycle
CHEMBL4816,R-HSA-1643685,Disease
CHEMBL4816,R-HSA-168256,Immune System
CHEMBL4816,R-HSA-186712,Regulation of beta-cell development
CHEMBL4816,R-HSA-194138,Signaling by VEGF
CHEMBL4816,R-HSA-198323,AKT phosphorylates targets in the cytosol
CHEMBL4816,R-HSA-198693,AKT phosphorylates targets in the nucleus
CHEMBL4816,R-HSA-199418,Negative regulation of the PI3K/AKT network
CHEMBL4816,R-HSA-199991,Membrane Trafficking
CHEMBL4816,R-HSA-210745,Regulation of gene expression in beta cells
CHEMBL4816,R-HSA-211163,AKT-mediated inactivation of FOXO1A
CHEMBL4816,R-HSA-212436,Generic Transcription Pathway
CHEMBL4816,R-HSA-2219528,PI3K/AKT Signaling in Cancer
CHEMBL4816,R-HSA-2262752,Cellular responses to stress
CHEMBL4816,R-HSA-3700989,Transcriptional Regulation by TP53
CHEMBL4816,R-HSA-372790,Signaling by GPCR
CHEMBL4816,R-HSA-388396,GPCR downstream signalling
CHEMBL4816,R-HSA-388841,Regulation of T cell activation by CD28 family
CHEMBL4816,R-HSA-389356,Co-stimulation by CD28
CHEMBL4816,R-HSA-389357,CD28 dependent PI3K/Akt signaling
CHEMBL4816,R-HSA-389513,Co-inhibition by CTLA4
CHEMBL4816,R-HSA-392451,G beta:gamma signalling through PI3Kgamma
CHEMBL4816,R-HSA-397795,G-protein beta:gamma signalling
CHEMBL4816,R-HSA-4420097,VEGFA-VEGFR2 Pathway
CHEMBL4816,R-HSA-453279,Mitotic G1 phase and G1/S transition
CHEMBL4816,R-HSA-5218920,VEGFR2 mediated vascular permeability
CHEMBL4816,R-HSA-5357801,Programmed Cell Death
CHEMBL4816,R-HSA-5628897,TP53 Regulates Metabolic Genes
CHEMBL4816,R-HSA-5633007,Regulation of TP53 Activity
CHEMBL4816,R-HSA-5653656,Vesicle-mediated transport
CHEMBL4816,R-HSA-5663202,Diseases of signal transduction by growth factor receptors and second messengers
CHEMBL4816,R-HSA-5663205,Infectious disease
CHEMBL4816,R-HSA-5674400,Constitutive Signaling by AKT1 E17K in Cancer
CHEMBL4816,R-HSA-6804757,Regulation of TP53 Degradation
CHEMBL4816,R-HSA-6804758,Regulation of TP53 Activity through Acetylation
CHEMBL4816,R-HSA-6804759,Regulation of TP53 Activity through Association with Co-factors
CHEMBL4816,R-HSA-6806003,Regulation of TP53 Expression and Degradation
CHEMBL4816,R-HSA-6807070,PTEN Regulation
CHEMBL4816,R-HSA-69202,Cyclin E associated events during G1/S transition 
CHEMBL4816,R-HSA-69206,G1/S Transition
CHEMBL4816,R-HSA-69242,S Phase
CHEMBL4816,R-HSA-69278,"Cell Cycle, Mitotic"
CHEMBL4816,R-HSA-69656,Cyclin A:Cdk2-associated events at S phase entry
CHEMBL4816,R-HSA-73857,RNA Polymerase II Transcription
CHEMBL4816,R-HSA-74160,Gene expression (Transcription)
CHEMBL4816,R-HSA-8863795,Downregulation of ERBB2 signaling
CHEMBL4816,R-HSA-8876198,RAB GEFs exchange GTP for GDP on RABs
CHEMBL4816,R-HSA-8878166,Transcriptional regulation by RUNX2
CHEMBL4816,R-HSA-8939211,ESR-mediated signaling
CHEMBL4816,R-HSA-8941332,RUNX2 regulates genes involved in cell migration
CHEMBL4816,R-HSA-8948751,Regulation of PTEN stability and activity
CHEMBL4816,R-HSA-8953897,Cellular responses to stimuli
CHEMBL4816,R-HSA-9006925,Intracellular signaling by second messengers
CHEMBL4816,R-HSA-9006931,Signaling by Nuclear Receptors
CHEMBL4816,R-HSA-9006934,Signaling by Receptor Tyrosine Kinases
CHEMBL4816,R-HSA-9007101,Rab regulation of trafficking
CHEMBL4816,R-HSA-9009391,Extra-nuclear estrogen signaling
CHEMBL4816,R-HSA-9607240,FLT3 Signaling
CHEMBL4816,R-HSA-9614085,FOXO-mediated transcription
CHEMBL4816,R-HSA-9614399,Regulation of localization of FOXO transcription factors
CHEMBL4816,R-HSA-9634638,Estrogen-dependent nuclear events downstream of ESR-membrane signaling
CHEMBL4816,R-HSA-9679506,SARS-CoV Infections
CHEMBL4816,R-HSA-9694516,SARS-CoV-2 Infection
CHEMBL4816,R-HSA-9705683,SARS-CoV-2-host interactions
CHEMBL4816,R-HSA-9711123,Cellular response to chemical stress
CHEMBL4816,R-HSA-9730414,MITF-M-regulated melanocyte development
CHEMBL4816,R-HSA-9755511,KEAP1-NFE2L2 pathway
CHEMBL4816,R-HSA-9755779,SARS-CoV-2 targets host intracellular signalling and regulatory pathways
CHEMBL4816,R-HSA-9824446,Viral Infection Pathways
CHEMBL4816,R-HSA-9856649,Transcriptional and post-translational regulation of MITF-M expression and activity
CHEMBL4820,R-HSA-162582,Signal Transduction
CHEMBL4820,R-HSA-372790,Signaling by GPCR
CHEMBL4820,R-HSA-373076,Class A/1 (Rhodopsin-like receptors)
CHEMBL4820,R-HSA-388396,GPCR downstream signalling
CHEMBL4820,R-HSA-391903,Eicosanoid ligand-binding receptors
CHEMBL4820,R-HSA-391908,Prostanoid ligand receptors
CHEMBL4820,R-HSA-416476,G alpha (q) signalling events
CHEMBL4820,R-HSA-500792,GPCR ligand binding
CHEMBL4829,R-HSA-1430728,Metabolism
CHEMBL4829,R-HSA-163685,Integration of energy metabolism
CHEMBL4829,R-HSA-163765,ChREBP activates metabolic gene expression
CHEMBL4829,R-HSA-1655829,Regulation of cholesterol biosynthesis by SREBP (SREBF)
CHEMBL4829,R-HSA-196780,Biotin transport and metabolism
CHEMBL4829,R-HSA-196849,Metabolism of water-soluble vitamins and cofactors
CHEMBL4829,R-HSA-196854,Metabolism of vitamins and cofactors
CHEMBL4829,R-HSA-200425,Carnitine shuttle
CHEMBL4829,R-HSA-2426168,Activation of gene expression by SREBF (SREBP)
CHEMBL4829,R-HSA-556833,Metabolism of lipids
CHEMBL4829,R-HSA-8957322,Metabolism of steroids
CHEMBL4829,R-HSA-8978868,Fatty acid metabolism
CHEMBL4832,R-HSA-162582,Signal Transduction
CHEMBL4832,R-HSA-162587,HIV Life Cycle
CHEMBL4832,R-HSA-162599,Late Phase of HIV Life Cycle
CHEMBL4832,R-HSA-162906,HIV Infection
CHEMBL4832,R-HSA-1643685,Disease
CHEMBL4832,R-HSA-167161,HIV Transcription Initiation
CHEMBL4832,R-HSA-167162,RNA Polymerase II HIV Promoter Escape
CHEMBL4832,R-HSA-167172,Transcription of the HIV genome
CHEMBL4832,R-HSA-5663205,Infectious disease
CHEMBL4832,R-HSA-674695,RNA Polymerase II Pre-transcription Events
CHEMBL4832,R-HSA-6807505,RNA polymerase II transcribes snRNA genes
CHEMBL4832,R-HSA-73776,RNA Polymerase II Promoter Escape
CHEMBL4832,R-HSA-73779,RNA Polymerase II Transcription Pre-Initiation And Promoter Opening
CHEMBL4832,R-HSA-73857,RNA Polymerase II Transcription
CHEMBL4832,R-HSA-74160,Gene expression (Transcription)
CHEMBL4832,R-HSA-75953,RNA Polymerase II Transcription Initiation
CHEMBL4832,R-HSA-76042,RNA Polymerase II Transcription Initiation And Promoter Clearance
CHEMBL4832,R-HSA-8939211,ESR-mediated signaling
CHEMBL4832,R-HSA-9006931,Signaling by Nuclear Receptors
CHEMBL4832,R-HSA-9018519,Estrogen-dependent gene expression
CHEMBL4832,R-HSA-9824446,Viral Infection Pathways
CHEMBL4833,R-HSA-1430728,Metabolism
CHEMBL4833,R-HSA-196757,Metabolism of folate and pterines
CHEMBL4833,R-HSA-196849,Metabolism of water-soluble vitamins and cofactors
CHEMBL4833,R-HSA-196854,Metabolism of vitamins and cofactors
CHEMBL4834,R-HSA-1430728,Metabolism
CHEMBL4834,R-HSA-1482788,Acyl chain remodelling of PC
CHEMBL4834,R-HSA-1482839,Acyl chain remodelling of PE
CHEMBL4834,R-HSA-1482922,Acyl chain remodelling of PI
CHEMBL4834,R-HSA-1483115,Hydrolysis of LPC
CHEMBL4834,R-HSA-1483152,Hydrolysis of LPE
CHEMBL4834,R-HSA-1483206,Glycerophospholipid biosynthesis
CHEMBL4834,R-HSA-1483257,Phospholipid metabolism
CHEMBL4834,R-HSA-556833,Metabolism of lipids
CHEMBL4835,R-HSA-1428517,Aerobic respiration and respiratory electron transport
CHEMBL4835,R-HSA-1430728,Metabolism
CHEMBL4835,R-HSA-70268,Pyruvate metabolism
CHEMBL4835,R-HSA-9861718,Regulation of pyruvate metabolism
CHEMBL4863,R-HSA-1266738,Developmental Biology
CHEMBL4863,R-HSA-381426,Regulation of Insulin-like Growth Factor (IGF) transport and uptake by Insulin-like Growth Factor Binding Proteins (IGFBPs)
CHEMBL4863,R-HSA-392499,Metabolism of proteins
CHEMBL4863,R-HSA-6805567,Keratinization
CHEMBL4863,R-HSA-6809371,Formation of the cornified envelope
CHEMBL4865,R-HSA-109582,Hemostasis
CHEMBL4865,R-HSA-114608,Platelet degranulation 
CHEMBL4865,R-HSA-199991,Membrane Trafficking
CHEMBL4865,R-HSA-381426,Regulation of Insulin-like Growth Factor (IGF) transport and uptake by Insulin-like Growth Factor Binding Proteins (IGFBPs)
CHEMBL4865,R-HSA-382551,Transport of small molecules
CHEMBL4865,R-HSA-392499,Metabolism of proteins
CHEMBL4865,R-HSA-5653656,Vesicle-mediated transport
CHEMBL4865,R-HSA-597592,Post-translational protein modification
CHEMBL4865,R-HSA-76002,"Platelet activation, signaling and aggregation"
CHEMBL4865,R-HSA-76005,Response to elevated platelet cytosolic Ca2+
CHEMBL4865,R-HSA-8856825,Cargo recognition for clathrin-mediated endocytosis
CHEMBL4865,R-HSA-8856828,Clathrin-mediated endocytosis
CHEMBL4865,R-HSA-8957275,Post-translational protein phosphorylation
CHEMBL4865,R-HSA-917937,Iron uptake and transport
CHEMBL4865,R-HSA-917977,Transferrin endocytosis and recycling
CHEMBL4866,R-HSA-1430728,Metabolism
CHEMBL4866,R-HSA-156580,Phase II - Conjugation of compounds
CHEMBL4866,R-HSA-156590,Glutathione conjugation
CHEMBL4866,R-HSA-211859,Biological oxidations
CHEMBL4866,R-HSA-2262752,Cellular responses to stress
CHEMBL4866,R-HSA-8953897,Cellular responses to stimuli
CHEMBL4866,R-HSA-9711123,Cellular response to chemical stress
CHEMBL4866,R-HSA-9755511,KEAP1-NFE2L2 pathway
CHEMBL4866,R-HSA-9759194,Nuclear events mediated by NFE2L2
CHEMBL4866,R-HSA-9818027,NFE2L2 regulating anti-oxidant/detoxification enzymes
CHEMBL4867,R-HSA-162582,Signal Transduction
CHEMBL4867,R-HSA-372790,Signaling by GPCR
CHEMBL4867,R-HSA-373076,Class A/1 (Rhodopsin-like receptors)
CHEMBL4867,R-HSA-388396,GPCR downstream signalling
CHEMBL4867,R-HSA-416476,G alpha (q) signalling events
CHEMBL4867,R-HSA-417957,P2Y receptors
CHEMBL4867,R-HSA-418038,Nucleotide-like (purinergic) receptors
CHEMBL4867,R-HSA-418555,G alpha (s) signalling events
CHEMBL4867,R-HSA-500792,GPCR ligand binding
CHEMBL4868,R-HSA-2022377,Metabolism of Angiotensinogen to Angiotensins
CHEMBL4868,R-HSA-2980736,Peptide hormone metabolism
CHEMBL4868,R-HSA-392499,Metabolism of proteins
CHEMBL4869,R-HSA-1266738,Developmental Biology
CHEMBL4869,R-HSA-375165,NCAM signaling for neurite out-growth
CHEMBL4869,R-HSA-419037,NCAM1 interactions
CHEMBL4869,R-HSA-422475,Axon guidance
CHEMBL4869,R-HSA-9609507,Protein localization
CHEMBL4869,R-HSA-9609523,Insertion of tail-anchored proteins into the endoplasmic reticulum membrane
CHEMBL4869,R-HSA-9675108,Nervous system development
CHEMBL4872,R-HSA-397014,Muscle contraction
CHEMBL4872,R-HSA-5576890,Phase 3 - rapid repolarisation
CHEMBL4872,R-HSA-5576891,Cardiac conduction
CHEMBL4872,R-HSA-5576893,Phase 2 - plateau phase
CHEMBL4873,R-HSA-1266738,Developmental Biology
CHEMBL4873,R-HSA-9734767,Developmental Cell Lineages
CHEMBL4873,R-HSA-9820448,Developmental Cell Lineages of the Exocrine Pancreas
CHEMBL4873,R-HSA-9925561,Developmental Lineage of Pancreatic Acinar Cells
CHEMBL4876,R-HSA-1474244,Extracellular matrix organization
CHEMBL4876,R-HSA-1566948,Elastic fibre formation
CHEMBL4876,R-HSA-162582,Signal Transduction
CHEMBL4876,R-HSA-170834,Signaling by TGF-beta Receptor Complex
CHEMBL4876,R-HSA-2129379,Molecules associated with elastic fibres
CHEMBL4876,R-HSA-216083,Integrin cell surface interactions
CHEMBL4876,R-HSA-2173789,TGF-beta receptor signaling activates SMADs
CHEMBL4876,R-HSA-3000178,ECM proteoglycans
CHEMBL4876,R-HSA-9006936,Signaling by TGFB family members
CHEMBL4878,R-HSA-1430728,Metabolism
CHEMBL4878,R-HSA-1643685,Disease
CHEMBL4878,R-HSA-211859,Biological oxidations
CHEMBL4878,R-HSA-211897,Cytochrome P450 - arranged by substrate type
CHEMBL4878,R-HSA-211945,Phase I - Functionalization of compounds
CHEMBL4878,R-HSA-211976,Endogenous sterols
CHEMBL4878,R-HSA-2142670,Synthesis of epoxy (EET) and dihydroxyeicosatrienoic acids (DHET)
CHEMBL4878,R-HSA-2142753,Arachidonate metabolism
CHEMBL4878,R-HSA-2142816,Synthesis of (16-20)-hydroxyeicosatetraenoic acids (HETE)
CHEMBL4878,R-HSA-556833,Metabolism of lipids
CHEMBL4878,R-HSA-5579000,Defective CYP1B1 causes Glaucoma
CHEMBL4878,R-HSA-5579029,Metabolic disorders of biological oxidation enzymes
CHEMBL4878,R-HSA-5668914,Diseases of metabolism
CHEMBL4878,R-HSA-8978868,Fatty acid metabolism
CHEMBL4880,R-HSA-1430728,Metabolism
CHEMBL4880,R-HSA-70171,Glycolysis
CHEMBL4880,R-HSA-70263,Gluconeogenesis
CHEMBL4880,R-HSA-70326,Glucose metabolism
CHEMBL4880,R-HSA-71387,Metabolism of carbohydrates and carbohydrate derivatives
CHEMBL4881,R-HSA-1430728,Metabolism
CHEMBL4881,R-HSA-211859,Biological oxidations
CHEMBL4881,R-HSA-211945,Phase I - Functionalization of compounds
CHEMBL4881,R-HSA-392499,Metabolism of proteins
CHEMBL4881,R-HSA-71384,Ethanol oxidation
CHEMBL4881,R-HSA-9837999,Mitochondrial protein degradation
CHEMBL4883,R-HSA-109582,Hemostasis
CHEMBL4883,R-HSA-162791,Attachment of GPI anchor to uPAR
CHEMBL4883,R-HSA-163125,Post-translational modification: synthesis of GPI-anchored proteins
CHEMBL4883,R-HSA-168249,Innate Immune System
CHEMBL4883,R-HSA-168256,Immune System
CHEMBL4883,R-HSA-392499,Metabolism of proteins
CHEMBL4883,R-HSA-597592,Post-translational protein modification
CHEMBL4883,R-HSA-6798695,Neutrophil degranulation
CHEMBL4883,R-HSA-75205,Dissolution of Fibrin Clot
CHEMBL4892,R-HSA-162582,Signal Transduction
CHEMBL4892,R-HSA-372790,Signaling by GPCR
CHEMBL4892,R-HSA-373076,Class A/1 (Rhodopsin-like receptors)
CHEMBL4892,R-HSA-375280,Amine ligand-binding receptors
CHEMBL4892,R-HSA-388396,GPCR downstream signalling
CHEMBL4892,R-HSA-390696,Adrenoceptors
CHEMBL4892,R-HSA-416476,G alpha (q) signalling events
CHEMBL4892,R-HSA-416482,G alpha (12/13) signalling events
CHEMBL4892,R-HSA-500792,GPCR ligand binding
CHEMBL4894,R-HSA-162582,Signal Transduction
CHEMBL4894,R-HSA-372790,Signaling by GPCR
CHEMBL4894,R-HSA-373076,Class A/1 (Rhodopsin-like receptors)
CHEMBL4894,R-HSA-375276,Peptide ligand-binding receptors
CHEMBL4894,R-HSA-388396,GPCR downstream signalling
CHEMBL4894,R-HSA-418594,G alpha (i) signalling events
CHEMBL4894,R-HSA-500792,GPCR ligand binding
CHEMBL4924,R-HSA-112314,Neurotransmitter receptors and postsynaptic signal transmission
CHEMBL4924,R-HSA-112315,Transmission across Chemical Synapses
CHEMBL4924,R-HSA-112316,Neuronal System
CHEMBL4924,R-HSA-1266738,Developmental Biology
CHEMBL4924,R-HSA-373760,L1CAM interactions
CHEMBL4924,R-HSA-422475,Axon guidance
CHEMBL4924,R-HSA-437239,Recycling pathway of L1
CHEMBL4924,R-HSA-438064,Post NMDA receptor activation events
CHEMBL4924,R-HSA-442742,CREB1 phosphorylation through NMDA receptor-mediated activation of RAS signaling
CHEMBL4924,R-HSA-442755,Activation of NMDA receptors and postsynaptic events
CHEMBL4924,R-HSA-444257,RSK activation
CHEMBL4924,R-HSA-9675108,Nervous system development
CHEMBL4925,R-HSA-1430728,Metabolism
CHEMBL4925,R-HSA-15869,Metabolism of nucleotides
CHEMBL4925,R-HSA-499943,Interconversion of nucleotide di- and triphosphates
CHEMBL4928,R-HSA-109582,Hemostasis
CHEMBL4928,R-HSA-111885,Opioid Signalling
CHEMBL4928,R-HSA-111931,PKA-mediated phosphorylation of CREB
CHEMBL4928,R-HSA-111933,Calmodulin induced events
CHEMBL4928,R-HSA-111996,Ca-dependent events
CHEMBL4928,R-HSA-111997,CaM pathway
CHEMBL4928,R-HSA-112040,G-protein mediated events
CHEMBL4928,R-HSA-112043,PLC beta mediated events
CHEMBL4928,R-HSA-112314,Neurotransmitter receptors and postsynaptic signal transmission
CHEMBL4928,R-HSA-112315,Transmission across Chemical Synapses
CHEMBL4928,R-HSA-112316,Neuronal System
CHEMBL4928,R-HSA-1430728,Metabolism
CHEMBL4928,R-HSA-1489509,DAG and IP3 signaling
CHEMBL4928,R-HSA-162582,Signal Transduction
CHEMBL4928,R-HSA-163359,Glucagon signaling in metabolic regulation
CHEMBL4928,R-HSA-163615,PKA activation
CHEMBL4928,R-HSA-163685,Integration of energy metabolism
CHEMBL4928,R-HSA-1643685,Disease
CHEMBL4928,R-HSA-164378,PKA activation in glucagon signalling
CHEMBL4928,R-HSA-180024,DARPP-32 events
CHEMBL4928,R-HSA-372790,Signaling by GPCR
CHEMBL4928,R-HSA-381676,Glucagon-like Peptide-1 (GLP1) regulates insulin secretion
CHEMBL4928,R-HSA-382551,Transport of small molecules
CHEMBL4928,R-HSA-388396,GPCR downstream signalling
CHEMBL4928,R-HSA-418555,G alpha (s) signalling events
CHEMBL4928,R-HSA-418594,G alpha (i) signalling events
CHEMBL4928,R-HSA-422356,Regulation of insulin secretion
CHEMBL4928,R-HSA-432040,Vasopressin regulates renal water homeostasis via Aquaporins
CHEMBL4928,R-HSA-438064,Post NMDA receptor activation events
CHEMBL4928,R-HSA-442720,CREB1 phosphorylation through the activation of Adenylate Cyclase
CHEMBL4928,R-HSA-442755,Activation of NMDA receptors and postsynaptic events
CHEMBL4928,R-HSA-445717,Aquaporin-mediated transport
CHEMBL4928,R-HSA-5358351,Signaling by Hedgehog
CHEMBL4928,R-HSA-5610787,Hedgehog 'off' state
CHEMBL4928,R-HSA-5663202,Diseases of signal transduction by growth factor receptors and second messengers
CHEMBL4928,R-HSA-5663205,Infectious disease
CHEMBL4928,R-HSA-8953897,Cellular responses to stimuli
CHEMBL4928,R-HSA-9006925,Intracellular signaling by second messengers
CHEMBL4928,R-HSA-9634597,GPER1 signaling
CHEMBL4928,R-HSA-9658195,Leishmania infection
CHEMBL4928,R-HSA-9660821,ADORA2B mediated anti-inflammatory cytokines production
CHEMBL4928,R-HSA-9662851,Anti-inflammatory response favouring Leishmania parasite infection
CHEMBL4928,R-HSA-9664323,FCGR3A-mediated IL10 synthesis
CHEMBL4928,R-HSA-9664433,Leishmania parasite growth and survival
CHEMBL4928,R-HSA-9700206,Signaling by ALK in cancer
CHEMBL4928,R-HSA-9700645,ALK mutants bind TKIs
CHEMBL4928,R-HSA-9725370,Signaling by ALK fusions and activated point mutants
CHEMBL4928,R-HSA-9824443,Parasitic Infection Pathways
CHEMBL4928,R-HSA-983231,Factors involved in megakaryocyte development and platelet production
CHEMBL4928,R-HSA-9855142,Cellular responses to mechanical stimuli
CHEMBL4928,R-HSA-9856530,High laminar flow shear stress activates signaling by PIEZO1 and PECAM1:CDH5:KDR in endothelial cells
CHEMBL4928,R-HSA-9860931,Response of endothelial cells to shear stress
CHEMBL4939,R-HSA-1266738,Developmental Biology
CHEMBL4939,R-HSA-9734767,Developmental Cell Lineages
CHEMBL4939,R-HSA-9820448,Developmental Cell Lineages of the Exocrine Pancreas
CHEMBL4939,R-HSA-9925561,Developmental Lineage of Pancreatic Acinar Cells
CHEMBL4940,R-HSA-1428517,Aerobic respiration and respiratory electron transport
CHEMBL4940,R-HSA-1430728,Metabolism
CHEMBL4940,R-HSA-70268,Pyruvate metabolism
CHEMBL4941,R-HSA-1237112,Methionine salvage pathway
CHEMBL4941,R-HSA-1280215,Cytokine Signaling in Immune system
CHEMBL4941,R-HSA-1430728,Metabolism
CHEMBL4941,R-HSA-1614635,Sulfur amino acid metabolism
CHEMBL4941,R-HSA-168256,Immune System
CHEMBL4941,R-HSA-447115,Interleukin-12 family signaling
CHEMBL4941,R-HSA-449147,Signaling by Interleukins
CHEMBL4941,R-HSA-71291,Metabolism of amino acids and derivatives
CHEMBL4941,R-HSA-8950505,Gene and protein expression by JAK-STAT signaling after Interleukin-12 stimulation
CHEMBL4941,R-HSA-9020591,Interleukin-12 signaling
CHEMBL4942,R-HSA-109582,Hemostasis
CHEMBL4942,R-HSA-139853,Elevation of cytosolic Ca2+ levels
CHEMBL4942,R-HSA-418346,Platelet homeostasis
CHEMBL4942,R-HSA-418360,Platelet calcium homeostasis
CHEMBL4945,R-HSA-162582,Signal Transduction
CHEMBL4945,R-HSA-5362517,Signaling by Retinoic Acid
CHEMBL4945,R-HSA-5365859,RA biosynthesis pathway
CHEMBL4945,R-HSA-9006931,Signaling by Nuclear Receptors
CHEMBL4947,R-HSA-1428517,Aerobic respiration and respiratory electron transport
CHEMBL4947,R-HSA-1430728,Metabolism
CHEMBL4947,R-HSA-880009,Interconversion of 2-oxoglutarate and 2-hydroxyglutarate
CHEMBL4949,R-HSA-1428517,Aerobic respiration and respiratory electron transport
CHEMBL4949,R-HSA-1430728,Metabolism
CHEMBL4949,R-HSA-156580,Phase II - Conjugation of compounds
CHEMBL4949,R-HSA-156590,Glutathione conjugation
CHEMBL4949,R-HSA-204174,Regulation of pyruvate dehydrogenase (PDH) complex
CHEMBL4949,R-HSA-211859,Biological oxidations
CHEMBL4949,R-HSA-70268,Pyruvate metabolism
CHEMBL4949,R-HSA-71291,Metabolism of amino acids and derivatives
CHEMBL4949,R-HSA-8963684,Tyrosine catabolism
CHEMBL4949,R-HSA-8963691,Phenylalanine and tyrosine metabolism
CHEMBL4949,R-HSA-9861718,Regulation of pyruvate metabolism
CHEMBL4977,R-HSA-1257604,PIP3 activates AKT signaling
CHEMBL4977,R-HSA-1266738,Developmental Biology
CHEMBL4977,R-HSA-1280215,Cytokine Signaling in Immune system
CHEMBL4977,R-HSA-1280218,Adaptive Immune System
CHEMBL4977,R-HSA-157118,Signaling by NOTCH
CHEMBL4977,R-HSA-162582,Signal Transduction
CHEMBL4977,R-HSA-1643685,Disease
CHEMBL4977,R-HSA-166016,Toll Like Receptor 4 (TLR4) Cascade
CHEMBL4977,R-HSA-166058,MyD88:MAL(TIRAP) cascade initiated on plasma membrane
CHEMBL4977,R-HSA-166166,MyD88-independent TLR4 cascade 
CHEMBL4977,R-HSA-168138,Toll Like Receptor 9 (TLR9) Cascade
CHEMBL4977,R-HSA-168142,Toll Like Receptor 10 (TLR10) Cascade
CHEMBL4977,R-HSA-168164,Toll Like Receptor 3 (TLR3) Cascade
CHEMBL4977,R-HSA-168176,Toll Like Receptor 5 (TLR5) Cascade
CHEMBL4977,R-HSA-168179,Toll Like Receptor TLR1:TLR2 Cascade
CHEMBL4977,R-HSA-168181,Toll Like Receptor 7/8 (TLR7/8) Cascade
CHEMBL4977,R-HSA-168188,Toll Like Receptor TLR6:TLR2 Cascade
CHEMBL4977,R-HSA-168249,Innate Immune System
CHEMBL4977,R-HSA-168256,Immune System
CHEMBL4977,R-HSA-168898,Toll-like Receptor Cascades
CHEMBL4977,R-HSA-181438,Toll Like Receptor 2 (TLR2) Cascade
CHEMBL4977,R-HSA-1912408,Pre-NOTCH Transcription and Translation
CHEMBL4977,R-HSA-1912422,Pre-NOTCH Expression and Processing
CHEMBL4977,R-HSA-212436,Generic Transcription Pathway
CHEMBL4977,R-HSA-2262752,Cellular responses to stress
CHEMBL4977,R-HSA-2454202,Fc epsilon receptor (FCERI) signaling
CHEMBL4977,R-HSA-2559580,Oxidative Stress Induced Senescence
CHEMBL4977,R-HSA-2559582,Senescence-Associated Secretory Phenotype (SASP)
CHEMBL4977,R-HSA-2559583,Cellular Senescence
CHEMBL4977,R-HSA-2871796,FCERI mediated MAPK activation
CHEMBL4977,R-HSA-3700989,Transcriptional Regulation by TP53
CHEMBL4977,R-HSA-388841,Regulation of T cell activation by CD28 family
CHEMBL4977,R-HSA-389948,Co-inhibition by PD-1
CHEMBL4977,R-HSA-448424,Interleukin-17 signaling
CHEMBL4977,R-HSA-449147,Signaling by Interleukins
CHEMBL4977,R-HSA-450282,MAPK targets/ Nuclear events mediated by MAP kinases
CHEMBL4977,R-HSA-450294,MAP kinase activation
CHEMBL4977,R-HSA-450341,Activation of the AP-1 family of transcription factors
CHEMBL4977,R-HSA-5617472,Activation of anterior HOX genes in hindbrain development during early embryogenesis
CHEMBL4977,R-HSA-5619507,Activation of HOX genes during differentiation
CHEMBL4977,R-HSA-5663202,Diseases of signal transduction by growth factor receptors and second messengers
CHEMBL4977,R-HSA-5663205,Infectious disease
CHEMBL4977,R-HSA-5683057,MAPK family signaling cascades
CHEMBL4977,R-HSA-5687128,MAPK6/MAPK4 signaling
CHEMBL4977,R-HSA-6796648,TP53 Regulates Transcription of DNA Repair Genes
CHEMBL4977,R-HSA-6807070,PTEN Regulation
CHEMBL4977,R-HSA-73857,RNA Polymerase II Transcription
CHEMBL4977,R-HSA-74160,Gene expression (Transcription)
CHEMBL4977,R-HSA-8862803,Deregulated CDK5 triggers multiple neurodegenerative pathways in Alzheimer's disease models
CHEMBL4977,R-HSA-8863678,Neurodegenerative Diseases
CHEMBL4977,R-HSA-8939211,ESR-mediated signaling
CHEMBL4977,R-HSA-8943724,Regulation of PTEN gene transcription
CHEMBL4977,R-HSA-8953897,Cellular responses to stimuli
CHEMBL4977,R-HSA-9006925,Intracellular signaling by second messengers
CHEMBL4977,R-HSA-9006931,Signaling by Nuclear Receptors
CHEMBL4977,R-HSA-9018519,Estrogen-dependent gene expression
CHEMBL4977,R-HSA-937061,TRIF (TICAM1)-mediated TLR4 signaling 
CHEMBL4977,R-HSA-9645723,Diseases of programmed cell death
CHEMBL4977,R-HSA-9658195,Leishmania infection
CHEMBL4977,R-HSA-9664420,Killing mechanisms
CHEMBL4977,R-HSA-9673324,WNT5:FZD7-mediated leishmania damping
CHEMBL4977,R-HSA-9700206,Signaling by ALK in cancer
CHEMBL4977,R-HSA-9725370,Signaling by ALK fusions and activated point mutants
CHEMBL4977,R-HSA-9734009,Defective Intrinsic Pathway for Apoptosis
CHEMBL4977,R-HSA-975138,TRAF6 mediated induction of NFkB and MAP kinases upon TLR7/8 or 9 activation
CHEMBL4977,R-HSA-975155,MyD88 dependent cascade initiated on endosome
CHEMBL4977,R-HSA-975871,MyD88 cascade initiated on plasma membrane
CHEMBL4977,R-HSA-9824443,Parasitic Infection Pathways
CHEMBL4977,R-HSA-9909648,Regulation of PD-L1(CD274) expression
CHEMBL4977,R-HSA-9909649,Regulation of PD-L1(CD274) transcription
CHEMBL4983,R-HSA-1430728,Metabolism
CHEMBL4983,R-HSA-163685,Integration of energy metabolism
CHEMBL4983,R-HSA-163754,Insulin effects increased synthesis of Xylulose-5-Phosphate
CHEMBL4983,R-HSA-2262752,Cellular responses to stress
CHEMBL4983,R-HSA-71336,Pentose phosphate pathway
CHEMBL4983,R-HSA-71387,Metabolism of carbohydrates and carbohydrate derivatives
CHEMBL4983,R-HSA-8953897,Cellular responses to stimuli
CHEMBL4983,R-HSA-9711123,Cellular response to chemical stress
CHEMBL4983,R-HSA-9755511,KEAP1-NFE2L2 pathway
CHEMBL4983,R-HSA-9759194,Nuclear events mediated by NFE2L2
CHEMBL4983,R-HSA-9818028,NFE2L2 regulates pentose phosphate pathway genes
CHEMBL4985,R-HSA-1430728,Metabolism
CHEMBL4985,R-HSA-71387,Metabolism of carbohydrates and carbohydrate derivatives
CHEMBL4985,R-HSA-9033658,Blood group systems biosynthesis
CHEMBL4985,R-HSA-9037629,Lewis blood group biosynthesis
CHEMBL5100,R-HSA-1430728,Metabolism
CHEMBL5100,R-HSA-71240,Tryptophan catabolism
CHEMBL5100,R-HSA-71291,Metabolism of amino acids and derivatives
CHEMBL5103,R-HSA-157118,Signaling by NOTCH
CHEMBL5103,R-HSA-162582,Signal Transduction
CHEMBL5103,R-HSA-1643685,Disease
CHEMBL5103,R-HSA-1980143,Signaling by NOTCH1
CHEMBL5103,R-HSA-2122947,NOTCH1 Intracellular Domain Regulates Transcription
CHEMBL5103,R-HSA-212436,Generic Transcription Pathway
CHEMBL5103,R-HSA-2644602,Signaling by NOTCH1 PEST Domain Mutants in Cancer
CHEMBL5103,R-HSA-2644603,Signaling by NOTCH1 in Cancer
CHEMBL5103,R-HSA-2644606,Constitutive Signaling by NOTCH1 PEST Domain Mutants
CHEMBL5103,R-HSA-2894858,Signaling by NOTCH1 HD+PEST Domain Mutants in Cancer
CHEMBL5103,R-HSA-2894862,Constitutive Signaling by NOTCH1 HD+PEST Domain Mutants
CHEMBL5103,R-HSA-3214815,HDACs deacetylate histones
CHEMBL5103,R-HSA-3247509,Chromatin modifying enzymes
CHEMBL5103,R-HSA-350054,Notch-HLH transcription pathway
CHEMBL5103,R-HSA-4839726,Chromatin organization
CHEMBL5103,R-HSA-5663202,Diseases of signal transduction by growth factor receptors and second messengers
CHEMBL5103,R-HSA-73857,RNA Polymerase II Transcription
CHEMBL5103,R-HSA-74160,Gene expression (Transcription)
CHEMBL5113,R-HSA-162582,Signal Transduction
CHEMBL5113,R-HSA-372790,Signaling by GPCR
CHEMBL5113,R-HSA-373076,Class A/1 (Rhodopsin-like receptors)
CHEMBL5113,R-HSA-375276,Peptide ligand-binding receptors
CHEMBL5113,R-HSA-388396,GPCR downstream signalling
CHEMBL5113,R-HSA-389397,Orexin and neuropeptides FF and QRFP bind to their respective receptors
CHEMBL5113,R-HSA-416476,G alpha (q) signalling events
CHEMBL5113,R-HSA-500792,GPCR ligand binding
CHEMBL5135,R-HSA-112316,Neuronal System
CHEMBL5135,R-HSA-1296071,Potassium Channels
CHEMBL5135,R-HSA-1296072,Voltage gated Potassium channels
CHEMBL5135,R-HSA-397014,Muscle contraction
CHEMBL5135,R-HSA-5576890,Phase 3 - rapid repolarisation
CHEMBL5135,R-HSA-5576891,Cardiac conduction
CHEMBL5135,R-HSA-5576893,Phase 2 - plateau phase
CHEMBL5136,R-HSA-1280215,Cytokine Signaling in Immune system
CHEMBL5136,R-HSA-162582,Signal Transduction
CHEMBL5136,R-HSA-168249,Innate Immune System
CHEMBL5136,R-HSA-168256,Immune System
CHEMBL5136,R-HSA-372790,Signaling by GPCR
CHEMBL5136,R-HSA-373076,Class A/1 (Rhodopsin-like receptors)
CHEMBL5136,R-HSA-388396,GPCR downstream signalling
CHEMBL5136,R-HSA-416476,G alpha (q) signalling events
CHEMBL5136,R-HSA-449147,Signaling by Interleukins
CHEMBL5136,R-HSA-500792,GPCR ligand binding
CHEMBL5136,R-HSA-6783783,Interleukin-10 signaling
CHEMBL5136,R-HSA-6798695,Neutrophil degranulation
CHEMBL5136,R-HSA-877300,Interferon gamma signaling
CHEMBL5136,R-HSA-913531,Interferon Signaling
CHEMBL5444,R-HSA-1640170,Cell Cycle
CHEMBL5444,R-HSA-1643685,Disease
CHEMBL5444,R-HSA-168249,Innate Immune System
CHEMBL5444,R-HSA-168256,Immune System
CHEMBL5444,R-HSA-1852241,Organelle biogenesis and maintenance
CHEMBL5444,R-HSA-2565942,Regulation of PLK1 Activity at G2/M Transition
CHEMBL5444,R-HSA-380259,Loss of Nlp from mitotic centrosomes
CHEMBL5444,R-HSA-380270,Recruitment of mitotic centrosome proteins and complexes
CHEMBL5444,R-HSA-380284,Loss of proteins required for interphase microtubule organization from the centrosome
CHEMBL5444,R-HSA-380287,Centrosome maturation
CHEMBL5444,R-HSA-380320,Recruitment of NuMA to mitotic centrosomes
CHEMBL5444,R-HSA-453274,Mitotic G2-G2/M phases
CHEMBL5444,R-HSA-5617833,Cilium Assembly
CHEMBL5444,R-HSA-5620912,Anchoring of the basal body to the plasma membrane
CHEMBL5444,R-HSA-5663205,Infectious disease
CHEMBL5444,R-HSA-6798695,Neutrophil degranulation
CHEMBL5444,R-HSA-68877,Mitotic Prometaphase
CHEMBL5444,R-HSA-68886,M Phase
CHEMBL5444,R-HSA-69275,G2/M Transition
CHEMBL5444,R-HSA-69278,"Cell Cycle, Mitotic"
CHEMBL5444,R-HSA-8854518,AURKA Activation by TPX2
CHEMBL5444,R-HSA-9679191,Potential therapeutics for SARS
CHEMBL5444,R-HSA-9679506,SARS-CoV Infections
CHEMBL5444,R-HSA-9824446,Viral Infection Pathways
