reactome_id,pathway_name,pagerank_sum,n_genes,her2_pathway_score
R-HSA-1059683,Interleukin-6 signaling,0.0047833665491713,7,0.0006833380784530429
R-HSA-109581,Apoptosis,0.0078399691292624,13,0.0006030745484048
R-HSA-109582,Hemostasis,0.0561040265625587,103,0.0005446992870151331
R-HSA-109606,Intrinsic Pathway for Apoptosis,0.0046437213723711,8,0.0005804651715463875
R-HSA-109704,PI3K Cascade,0.005246981890667,8,0.000655872736333375
R-HSA-110056,MAPK3 (ERK1) activation,0.0042113043183194,5,0.00084226086366388
R-HSA-110312,Translesion synthesis by REV1,0.0023487368534962,3,0.0007829122844987334
R-HSA-110313,Translesion synthesis by Y family DNA polymerases bypasses lesions on DNA template,0.0029679244726899,5,0.00059358489453798
R-HSA-110314,Recognition of DNA damage by PCNA-containing replication complex,0.0033416419084628,6,0.0005569403180771333
R-HSA-110320,Translesion Synthesis by POLH,0.0023487368534962,3,0.0007829122844987334
R-HSA-110362,POLB-Dependent Long Patch Base Excision Repair,0.0006947145394315,2,0.00034735726971575
R-HSA-110373,Resolution of AP sites via the multiple-nucleotide patch replacement pathway,0.00227059746148,6,0.00037843291024666667
R-HSA-111446,Activation of BIM and translocation to mitochondria ,0.0006626098724174,1,0.0006626098724174
R-HSA-111447,Activation of BAD and translocation to mitochondria ,0.0014921358999826,4,0.00037303397499565
R-HSA-111448,Activation of NOXA and translocation to mitochondria,0.0021419800195246,2,0.0010709900097623
R-HSA-111453,BH3-only proteins associate with and inactivate anti-apoptotic BCL-2 members,0.0002896049678946,1,0.0002896049678946
R-HSA-111465,Apoptotic cleavage of cellular proteins,0.0008237630425455,2,0.00041188152127275
R-HSA-111471,Apoptotic factor-mediated response,0.0003469955804465,1,0.0003469955804465
R-HSA-111885,Opioid Signalling,0.012848550245313499,30,0.00042828500817711663
R-HSA-111931,PKA-mediated phosphorylation of CREB,0.0033440277536886,9,0.00037155863929873333
R-HSA-111932,CaMK IV-mediated phosphorylation of CREB,0.0014856926593066,4,0.00037142316482665
R-HSA-111933,Calmodulin induced events,0.0062906107091362,16,0.0003931631693210125
R-HSA-111996,Ca-dependent events,0.0062906107091362,16,0.0003931631693210125
R-HSA-111997,CaM pathway,0.0062906107091362,16,0.0003931631693210125
R-HSA-112040,G-protein mediated events,0.0093563423927371,22,0.00042528829057895907
R-HSA-112043,PLC beta mediated events,0.008315296714746699,20,0.00041576483573733497
R-HSA-112310,Neurotransmitter release cycle,0.0038977726325718,9,0.00043308584806353334
R-HSA-112314,Neurotransmitter receptors and postsynaptic signal transmission,0.0215200862126763,43,0.0005004671212250302
R-HSA-112315,Transmission across Chemical Synapses,0.0247514701177084,50,0.000495029402354168
R-HSA-112316,Neuronal System,0.0258457872987589,53,0.00048765636412752647
R-HSA-112399,IRS-mediated signalling,0.009107005176518801,12,0.0007589170980432334
R-HSA-112409,RAF-independent MAPK1/3 activation,0.0042113043183194,5,0.00084226086366388
R-HSA-112411,MAPK1 (ERK2) activation,0.0031430279728762002,4,0.0007857569932190501
R-HSA-112412,SOS-mediated signalling,0.0043233017836409,5,0.00086466035672818
R-HSA-113501,Inhibition of replication initiation of damaged DNA by RB1/E2F1,0.0008180812956026999,2,0.00040904064780134994
R-HSA-113507,E2F-enabled inhibition of pre-replication complex formation,0.0018612299987506,2,0.0009306149993753
R-HSA-113510,E2F mediated regulation of DNA replication,0.0026793112943533,4,0.000669827823588325
R-HSA-114452,Activation of BH3-only proteins,0.0042967257919246,7,0.0006138179702749429
R-HSA-114508,Effects of PIP2 hydrolysis,0.0011462462139252,3,0.00038208207130840005
R-HSA-114516,Disinhibition of SNARE formation,0.0016126771921531,3,0.0005375590640510333
R-HSA-114604,GPVI-mediated activation cascade,0.0098486230726848,17,0.0005793307689814588
R-HSA-114608,Platelet degranulation ,0.0109999937018522,21,0.0005238092238977238
R-HSA-1168372,Downstream signaling events of B Cell Receptor (BCR),0.0063662777357179,8,0.0007957847169647375
R-HSA-1169091,Activation of NF-kappaB in B cells,0.0031533931780777,5,0.00063067863561554
R-HSA-1169092,Activation of RAS in B cells,0.0032128845576402,3,0.0010709615192134
R-HSA-1169408,ISG15 antiviral mechanism,0.002974217602622,4,0.0007435544006555
R-HSA-1169410,Antimicrobial mechanism of IFN-stimulated genes,0.0086472838925417,13,0.0006651756840416693
R-HSA-1170546,Prolactin receptor signaling,0.0029639637760972,5,0.00059279275521944
R-HSA-1181150,Signaling by NODAL,0.0018861485538456,4,0.0004715371384614
R-HSA-1187000,Fertilization,0.0002980398264577,1,0.0002980398264577
R-HSA-1221632,Meiotic synapsis,0.0006318403466108,1,0.0006318403466108
R-HSA-1222556,ROS and RNS production in phagocytes,0.0010957034421666,3,0.0003652344807222
R-HSA-1226099,Signaling by FGFR in disease,0.0089288407194115,12,0.0007440700599509583
R-HSA-1227986,Signaling by ERBB2,0.0173612536600533,20,0.000868062683002665
R-HSA-1227990,Signaling by ERBB2 in Cancer,0.0107716261724683,12,0.0008976355143723583
R-HSA-1234158,Regulation of gene expression by Hypoxia-inducible Factor,0.0026766612747344,3,0.0008922204249114667
R-HSA-1234174,Cellular response to hypoxia,0.0040687028253758,4,0.00101717570634395
R-HSA-1234176,Oxygen-dependent proline hydroxylation of Hypoxia-inducible Factor Alpha,0.0019747733836573,2,0.00098738669182865
R-HSA-1236382,Constitutive Signaling by Ligand-Responsive EGFR Cancer Variants,0.0113988974336192,11,0.0010362634030562908
R-HSA-1236394,Signaling by ERBB4,0.016769769158013,20,0.00083848845790065
R-HSA-1236973,Cross-presentation of particulate exogenous antigens (phagosomes),0.0009542408180106001,2,0.00047712040900530005
R-HSA-1236974,ER-Phagosome pathway,0.004161450071618,8,0.00052018125895225
R-HSA-1236975,Antigen processing-Cross presentation,0.0054104637555188,11,0.0004918603414108
R-HSA-1236977,Endosomal/Vacuolar pathway,0.0007159618509608,2,0.0003579809254804
R-HSA-1236978,Cross-presentation of soluble exogenous antigens (endosomes),0.0002947728658902,1,0.0002947728658902
R-HSA-1250196,SHC1 events in ERBB2 signaling,0.009002411679239,12,0.0007502009732699167
R-HSA-1250342,PI3K events in ERBB4 signaling,0.0025293513433849,3,0.0008431171144616333
R-HSA-1250347,SHC1 events in ERBB4 signaling,0.0042983325638483,5,0.00085966651276966
R-HSA-1251932,PLCG1 events in ERBB2 signaling,0.0029160537200775003,3,0.0009720179066925001
R-HSA-1251985,Nuclear signaling by ERBB4,0.0058590172180263,9,0.0006510019131140334
R-HSA-1253288,Downregulation of ERBB4 signaling,0.0038049407558791003,3,0.0012683135852930335
R-HSA-1257604,PIP3 activates AKT signaling,0.0303836982786951,50,0.000607673965573902
R-HSA-1266695,Interleukin-7 signaling,0.0048785251188857,10,0.00048785251188857
R-HSA-1266738,Developmental Biology,0.0814979852222808,156,0.0005224229821941077
R-HSA-1280215,Cytokine Signaling in Immune system,0.0648509504553618,117,0.0005542816278236051
R-HSA-1280218,Adaptive Immune System,0.04999540097116,93,0.0005375849566791398
R-HSA-1295596,Spry regulation of FGF signaling,0.0049307940415098,4,0.00123269851037745
R-HSA-1296041,Activation of G protein gated Potassium channels,0.0020458198088735,5,0.00040916396177469996
R-HSA-1296059,G protein gated Potassium channels,0.0020458198088735,5,0.00040916396177469996
R-HSA-1296065,Inwardly rectifying K+ channels,0.0020458198088735,5,0.00040916396177469996
R-HSA-1296071,Potassium Channels,0.0023685883593188,6,0.00039476472655313333
R-HSA-1296072,Voltage gated Potassium channels,0.0003227685504453,1,0.0003227685504453
R-HSA-1306955,GRB7 events in ERBB2 signaling,0.000953900197806,2,0.000476950098903
R-HSA-1358803,Downregulation of ERBB2:ERBB3 signaling,0.0027033948275421,4,0.000675848706885525
R-HSA-1362277,Transcription of E2F targets under negative control by DREAM complex,0.0030207290970478,6,0.0005034548495079667
R-HSA-1362300,Transcription of E2F targets under negative control by p107 (RBL1) and p130 (RBL2) in complex with HDAC1,0.0021162149132943,3,0.0007054049710981
R-HSA-1368108,"BMAL1:CLOCK,NPAS2 activates circadian expression",0.002913541160289,7,0.0004162201657555714
R-HSA-1369062,ABC transporters in lipid homeostasis,0.0004770663449116,1,0.0004770663449116
R-HSA-139853,Elevation of cytosolic Ca2+ levels,0.0004061713671073,1,0.0004061713671073
R-HSA-139910,Activation of BMF and translocation to mitochondria,0.0006626098724174,1,0.0006626098724174
R-HSA-139915,Activation of PUMA and translocation to mitochondria,0.0021419800195246,2,0.0010709900097623
R-HSA-140534,Caspase activation via Death Receptors in the presence of ligand,0.0009804431637044,2,0.0004902215818522
R-HSA-140837,Intrinsic Pathway of Fibrin Clot Formation,0.0003939212303539,1,0.0003939212303539
R-HSA-140877,Formation of Fibrin Clot (Clotting Cascade),0.0003939212303539,1,0.0003939212303539
R-HSA-141405,Inhibition of the proteolytic activity of APC/C required for the onset of anaphase by mitotic spindle checkpoint components,0.0021705448679914,4,0.00054263621699785
R-HSA-141424,Amplification of signal from the kinetochores,0.007853556719188401,16,0.0004908472949492751
R-HSA-141430,Inactivation of APC/C via direct inhibition of the APC/C complex,0.0021705448679914,4,0.00054263621699785
R-HSA-141444,Amplification  of signal from unattached  kinetochores via a MAD2  inhibitory signal,0.007853556719188401,16,0.0004908472949492751
R-HSA-1428517,Aerobic respiration and respiratory electron transport,0.0017221828580144,2,0.0008610914290072
R-HSA-1430728,Metabolism,0.0453745909215987,94,0.00048270841405956066
R-HSA-1433557,Signaling by SCF-KIT,0.0188268061037649,26,0.0007241079270678808
R-HSA-1433559,Regulation of KIT signaling,0.0080393553103013,11,0.0007308504827546636
R-HSA-1433617,Regulation of signaling by NODAL,0.0002970130555972,1,0.0002970130555972
R-HSA-1442490,Collagen degradation,0.0025934078255754,7,0.00037048683222505715
R-HSA-1445148,Translocation of SLC2A4 (GLUT4) to the plasma membrane,0.00130875642582,3,0.00043625214194
R-HSA-1461957,Beta defensins,0.0003686796054511,1,0.0003686796054511
R-HSA-1461973,Defensins,0.001224968931301,2,0.0006124844656505
R-HSA-1462054,Alpha-defensins,0.0008562893258499,1,0.0008562893258499
R-HSA-1474151,"Tetrahydrobiopterin (BH4) synthesis, recycling, salvage and regulation",0.0015062611634268,2,0.0007531305817134
R-HSA-1474165,Reproduction,0.004409728413185,10,0.0004409728413185
R-HSA-1474228,Degradation of the extracellular matrix,0.0062921755369249,14,0.00044944110978035
R-HSA-1474244,Extracellular matrix organization,0.02579564754916,59,0.00043721436524
R-HSA-1474290,Collagen formation,0.0041528762975797,12,0.00034607302479830834
R-HSA-1483249,Inositol phosphate metabolism,0.0014896138628375,3,0.0004965379542791667
R-HSA-1483255,PI Metabolism,0.0038231323739791,6,0.0006371887289965167
R-HSA-1483257,Phospholipid metabolism,0.0038231323739791,6,0.0006371887289965167
R-HSA-1489509,DAG and IP3 signaling,0.0070663942310916,18,0.00039257745728286665
R-HSA-1500620,Meiosis,0.0022527465342718,5,0.00045054930685435997
R-HSA-1500931,Cell-Cell communication,0.0187246908820394,32,0.0005851465900637312
R-HSA-1502540,Signaling by Activin,0.0011123328329792,2,0.0005561664164896
R-HSA-1538133,G0 and Early G1,0.0048132675031145,8,0.0006016584378893125
R-HSA-156580,Phase II - Conjugation of compounds,0.0003345980903269,1,0.0003345980903269
R-HSA-156590,Glutathione conjugation,0.0003345980903269,1,0.0003345980903269
R-HSA-1566948,Elastic fibre formation,0.0063774824723359,12,0.0005314568726946583
R-HSA-1566977,Fibronectin matrix formation,0.0038942090146209998,7,0.0005563155735172857
R-HSA-156711,Polo-like kinase mediated events,0.0047914413416674,8,0.000598930167708425
R-HSA-156827,L13a-mediated translational silencing of Ceruloplasmin expression,0.0017622606837966,2,0.0008811303418983
R-HSA-156842,Eukaryotic Translation Elongation,0.0017622606837966,2,0.0008811303418983
R-HSA-156902,Peptide chain elongation,0.0017622606837966,2,0.0008811303418983
R-HSA-157118,Signaling by NOTCH,0.0173436650293521,25,0.0006937466011740839
R-HSA-157579,Telomere Maintenance,0.0029921110986961,7,0.0004274444426708714
R-HSA-157858,Gap junction trafficking and regulation,0.003511116353858,5,0.0007022232707716
R-HSA-15869,Metabolism of nucleotides,0.0009899362812672,2,0.0004949681406336
R-HSA-1592230,Mitochondrial biogenesis,0.0047008512818856,11,0.0004273501165350545
R-HSA-1592389,Activation of Matrix Metalloproteinases,0.0012615681751038,3,0.0004205227250346
R-HSA-159418,Recycling of bile acids and salts,0.0021280132089946,4,0.00053200330224865
R-HSA-159782,Removal of aminoterminal propeptides from gamma-carboxylated proteins,0.0002881181878432,1,0.0002881181878432
R-HSA-159854,"Gamma-carboxylation, transport, and amino-terminal cleavage of proteins",0.0002881181878432,1,0.0002881181878432
R-HSA-1606322,ZBP1(DAI) mediated induction of type I IFNs,0.0009027531828307001,2,0.00045137659141535004
R-HSA-1614517,Sulfide oxidation to sulfate,0.0003730049821758,1,0.0003730049821758
R-HSA-1614558,Degradation of cysteine and homocysteine,0.0007031462895488001,2,0.00035157314477440003
R-HSA-1614635,Sulfur amino acid metabolism,0.0007031462895488001,2,0.00035157314477440003
R-HSA-162582,Signal Transduction,0.1303637249707979,268,0.00048643180959252947
R-HSA-162587,HIV Life Cycle,0.0041018808329096,7,0.0005859829761299429
R-HSA-162588,Budding and maturation of HIV virion,0.001686482445118,2,0.000843241222559
R-HSA-162594,Early Phase of HIV Life Cycle,0.0021272801999484,4,0.0005318200499871
R-HSA-162599,Late Phase of HIV Life Cycle,0.0019746006329612,3,0.0006582002109870666
R-HSA-162658,Golgi Cisternae Pericentriolar Stack Reorganization,0.0030865091624869,4,0.000771627290621725
R-HSA-162791,Attachment of GPI anchor to uPAR,0.0003050048105251,1,0.0003050048105251
R-HSA-162906,HIV Infection,0.0081383110998889,16,0.0005086444437430562
R-HSA-162909,Host Interactions of HIV factors,0.0062847611434706,11,0.0005713419221336909
R-HSA-1630316,Glycosaminoglycan metabolism,0.0057181048135373,14,0.00040843605810980714
R-HSA-163125,Post-translational modification: synthesis of GPI-anchored proteins,0.0003050048105251,1,0.0003050048105251
R-HSA-1632852,Macroautophagy,0.0065358226758233,7,0.0009336889536890429
R-HSA-163358,PKA-mediated phosphorylation of key metabolic factors,0.0008274485982231,1,0.0008274485982231
R-HSA-163359,Glucagon signaling in metabolic regulation,0.0052488712318912,13,0.0004037593255300923
R-HSA-163560,Triglyceride catabolism,0.0022387810507809,3,0.0007462603502602999
R-HSA-163615,PKA activation,0.0033440277536886,9,0.00037155863929873333
R-HSA-163680,AMPK inhibits chREBP transcriptional activation activity,0.0003047623407311,1,0.0003047623407311
R-HSA-163685,Integration of energy metabolism,0.0126770900304958,28,0.00045275321537485003
R-HSA-1638074,Keratan sulfate/keratin metabolism,0.000759000654345,2,0.0003795003271725
R-HSA-1638091,Heparan sulfate/heparin (HS-GAG) metabolism,0.0028306791168764,7,0.00040438273098234286
R-HSA-163841,"Gamma carboxylation, hypusinylation, hydroxylation, and arylsulfatase activation",0.0002881181878432,1,0.0002881181878432
R-HSA-1640170,Cell Cycle,0.0471305532334407,92,0.0005122886221026163
R-HSA-1643685,Disease,0.1065285347928561,213,0.0005001339661636436
R-HSA-1643713,Signaling by EGFR in Cancer,0.0113988974336192,11,0.0010362634030562908
R-HSA-164378,PKA activation in glucagon signalling,0.0039882570662633995,10,0.00039882570662633997
R-HSA-164938,Nef-mediates down modulation of cell surface receptors by recruiting them to clathrin adapters,0.0029582786303632997,6,0.0004930464383938833
R-HSA-164939,Nef mediated downregulation of CD28 cell surface expression,0.0003910078559469,1,0.0003910078559469
R-HSA-164940,Nef mediated downregulation of MHC class I complex cell surface expression,0.0007159618509608,2,0.0003579809254804
R-HSA-164944,Nef and signal transduction,0.0023055679463069,4,0.000576391986576725
R-HSA-164952,The role of Nef in HIV-1 replication and disease pathogenesis,0.0045563707362055,9,0.0005062634151339444
R-HSA-1650814,Collagen biosynthesis and modifying enzymes,0.0023032138372409,7,0.00032903054817727144
R-HSA-1655829,Regulation of cholesterol biosynthesis by SREBP (SREBF),0.002913541160289,7,0.0004162201657555714
R-HSA-166016,Toll Like Receptor 4 (TLR4) Cascade,0.0134841873087668,22,0.0006129176049439455
R-HSA-1660499,Synthesis of PIPs at the plasma membrane,0.0038231323739791,6,0.0006371887289965167
R-HSA-166058,MyD88:MAL(TIRAP) cascade initiated on plasma membrane,0.0106420422689009,17,0.0006260024864059353
R-HSA-166166,MyD88-independent TLR4 cascade ,0.0105881181450873,15,0.00070587454300582
R-HSA-166520,Signaling by NTRKs,0.0183276000443595,28,0.0006545571444414108
R-HSA-166658,Complement cascade,0.0013042544387507,4,0.000326063609687675
R-HSA-166663,Initial triggering of complement,0.0006072944202,2,0.0003036472101
R-HSA-166786,Creation of C4 and C2 activators,0.0002876907268933,1,0.0002876907268933
R-HSA-167021,PLC-gamma1 signalling,0.0009100891429944999,2,0.00045504457149724996
R-HSA-167044,Signalling to RAS,0.0078642141978175,10,0.00078642141978175
R-HSA-167060,NGF processing,0.0007467473670532999,2,0.00037337368352664997
R-HSA-167590,Nef Mediated CD4 Down-regulation,0.0018513089234556,3,0.0006171029744852
R-HSA-168138,Toll Like Receptor 9 (TLR9) Cascade,0.0099502671854048,15,0.0006633511456936533
R-HSA-168142,Toll Like Receptor 10 (TLR10) Cascade,0.0093643773618062,14,0.0006688840972718715
R-HSA-168164,Toll Like Receptor 3 (TLR3) Cascade,0.0090655049441735,13,0.0006973465341671923
R-HSA-168176,Toll Like Receptor 5 (TLR5) Cascade,0.0093643773618062,14,0.0006688840972718715
R-HSA-168179,Toll Like Receptor TLR1:TLR2 Cascade,0.0106420422689009,17,0.0006260024864059353
R-HSA-168181,Toll Like Receptor 7/8 (TLR7/8) Cascade,0.0099502671854048,15,0.0006633511456936533
R-HSA-168188,Toll Like Receptor TLR6:TLR2 Cascade,0.0106420422689009,17,0.0006260024864059353
R-HSA-168249,Innate Immune System,0.0468268653942335,83,0.0005641791011353434
R-HSA-168255,Influenza Infection,0.0047346127451145,8,0.0005918265931393125
R-HSA-168256,Immune System,0.0931841860356885,186,0.0005009902475037015
R-HSA-168268,Virus Assembly and Release,0.0002914056490331,1,0.0002914056490331
R-HSA-168273,Influenza Viral RNA Transcription and Replication,0.0032593980175338,4,0.00081484950438345
R-HSA-168275,Entry of Influenza Virion into Host Cell via Endocytosis,0.0004199272896454,1,0.0004199272896454
R-HSA-168276,NS1 Mediated Effects on Host Pathways,0.0002923956756378,1,0.0002923956756378
R-HSA-168277,Influenza Virus Induced Apoptosis,0.0004714861132644,1,0.0004714861132644
R-HSA-168316,Assembly of Viral Components at the Budding Site,0.0002914056490331,1,0.0002914056490331
R-HSA-168638,NOD1/2 Signaling Pathway,0.003288559566396,6,0.000548093261066
R-HSA-168643,"Nucleotide-binding domain, leucine rich repeat containing receptor (NLR) signaling pathways",0.0043010666600176,8,0.0005376333325022
R-HSA-168799,Neurotoxicity of clostridium toxins,0.0018994288203951,4,0.000474857205098775
R-HSA-168898,Toll-like Receptor Cascades,0.0139175956083325,23,0.0006051128525361957
R-HSA-168927,"TICAM1, RIP1-mediated IKK complex recruitment",0.0018764176645294,2,0.0009382088322647
R-HSA-168928,DDX58/IFIH1-mediated induction of interferon-alpha/beta,0.0062303128537868,8,0.00077878910672335
R-HSA-169893,Prolonged ERK activation events,0.0009100891429944999,2,0.00045504457149724996
R-HSA-169911,Regulation of Apoptosis,0.0013920415506414,1,0.0013920415506414
R-HSA-170660,Adenylate cyclase activating pathway,0.0018838611341511,6,0.00031397685569185
R-HSA-170670,Adenylate cyclase inhibitory pathway,0.0026287814535287998,7,0.0003755402076469714
R-HSA-170834,Signaling by TGF-beta Receptor Complex,0.012314583173768,20,0.0006157291586884001
R-HSA-170968,Frs2-mediated activation,0.0009100891429944999,2,0.00045504457149724996
R-HSA-170984,ARMS-mediated activation,0.0009100891429944999,2,0.00045504457149724996
R-HSA-171007,p38MAPK events,0.0063069863266114,7,0.0009009980466587714
R-HSA-171286,Synthesis and processing of ENV and VPU,0.0002881181878432,1,0.0002881181878432
R-HSA-171319,Telomere Extension By Telomerase,0.001038873909256,2,0.000519436954628
R-HSA-173107,Binding and entry of HIV virion,0.0017628338227686,3,0.0005876112742562
R-HSA-173623,Classical antibody-mediated complement activation,0.0002876907268933,1,0.0002876907268933
R-HSA-173736,Alternative complement activation,0.0003196036933067,1,0.0003196036933067
R-HSA-174048,APC/C:Cdc20 mediated degradation of Cyclin B,0.0043048997610823005,5,0.0008609799522164601
R-HSA-174084,Autodegradation of Cdh1 by Cdh1:APC/C,0.0018598699040106,2,0.0009299349520053
R-HSA-174113,SCF-beta-TrCP mediated degradation of Emi1,0.0023121902655862,3,0.0007707300885287334
R-HSA-174143,APC/C-mediated degradation of cell cycle proteins,0.0094762730856377,15,0.0006317515390425134
R-HSA-174154,APC/C:Cdc20 mediated degradation of Securin,0.0027646439230024,4,0.0006911609807506
R-HSA-174178,APC/C:Cdh1 mediated degradation of Cdc20 and other APC/C:Cdh1 targeted proteins in late mitosis/early G1,0.0050693515486279995,8,0.0006336689435784999
R-HSA-174184,Cdc20:Phospho-APC/C mediated degradation of Cyclin A,0.0053551248246995,7,0.0007650178320999286
R-HSA-174411,Polymerase switching on the C-strand of the telomere,0.001259450602979,3,0.00041981686765966666
R-HSA-174414,Processive synthesis on the C-strand of the telomere,0.0015084245894815,4,0.000377106147370375
R-HSA-174417,Telomere C-strand (Lagging Strand) Synthesis,0.0019532371894401,5,0.00039064743788802
R-HSA-174437,Removal of the Flap Intermediate from the C-strand,0.0011790843802002,3,0.0003930281267334
R-HSA-174490,Membrane binding and targetting of GAG proteins,0.0013920415506414,1,0.0013920415506414
R-HSA-174495,"Synthesis And Processing Of GAG, GAGPOL Polyproteins",0.0013920415506414,1,0.0013920415506414
R-HSA-174577,Activation of C3 and C5,0.0003196036933067,1,0.0003196036933067
R-HSA-174824,"Plasma lipoprotein assembly, remodeling, and clearance",0.0056521122609199,10,0.00056521122609199
R-HSA-175474,Assembly Of The HIV Virion,0.0016801597384846,2,0.0008400798692423
R-HSA-176187,Activation of ATR in response to replication stress,0.005254004182779,13,0.0004041541679060769
R-HSA-176407,Conversion from APC/C:Cdc20 to APC/C:Cdh1 in late anaphase,0.0010516282116903,2,0.00052581410584515
R-HSA-176408,Regulation of APC/C activators between G1/S and early anaphase,0.0071269065404661,10,0.00071269065404661
R-HSA-176409,APC/C:Cdc20 mediated degradation of mitotic proteins,0.0068352166033884,10,0.00068352166033884
R-HSA-176412,Phosphorylation of the APC/C,0.0029715375579553,4,0.000742884389488825
R-HSA-176417,Phosphorylation of Emi1,0.0030875090629072,4,0.0007718772657268
R-HSA-176814,Activation of APC/C and APC/C:Cdc20 mediated degradation of mitotic proteins,0.0074776958092239,11,0.0006797905281112636
R-HSA-176974,Unwinding of DNA,0.0030439368486511,8,0.0003804921060813875
R-HSA-177504,Retrograde neurotrophin signalling,0.0019425939043091998,5,0.00038851878086183995
R-HSA-177929,Signaling by EGFR,0.013496253651733101,13,0.0010381733578256232
R-HSA-1793185,Chondroitin sulfate/dermatan sulfate metabolism,0.0010870475819115002,3,0.00036234919397050007
R-HSA-179409,APC-Cdc20 mediated degradation of Nek2A,0.0039287503833436,6,0.0006547917305572666
R-HSA-179419,APC:Cdc20 mediated degradation of cell cycle proteins prior to satisfation of the cell cycle checkpoint,0.0057212887894103,8,0.0007151610986762875
R-HSA-179812,GRB2 events in EGFR signaling,0.0061215054597919,6,0.0010202509099653167
R-HSA-1799339,SRP-dependent cotranslational protein targeting to membrane,0.0017622606837966,2,0.0008811303418983
R-HSA-180024,DARPP-32 events,0.0027412147889642998,6,0.00045686913149404996
R-HSA-180292,GAB1 signalosome,0.0076167496289279,7,0.001088107089846843
R-HSA-180336,SHC1 events in EGFR signaling,0.0061215054597919,6,0.0010202509099653167
R-HSA-180534,Vpu mediated degradation of CD4,0.002584679733115,3,0.0008615599110383333
R-HSA-180585,Vif-mediated degradation of APOBEC3G,0.0013920415506414,1,0.0013920415506414
R-HSA-180786,Extension of Telomeres,0.0029921110986961,7,0.0004274444426708714
R-HSA-1810476,RIP-mediated NFkB activation via ZBP1,0.0009027531828307001,2,0.00045137659141535004
R-HSA-181429,Serotonin Neurotransmitter Release Cycle,0.0022696563622294002,5,0.00045393127244588007
R-HSA-181430,Norepinephrine Neurotransmitter Release Cycle,0.0022696563622294002,5,0.00045393127244588007
R-HSA-181438,Toll Like Receptor 2 (TLR2) Cascade,0.0106420422689009,17,0.0006260024864059353
R-HSA-182218,Nef Mediated CD8 Down-regulation,0.000287543757141,1,0.000287543757141
R-HSA-182971,EGFR downregulation,0.0042809629108935005,4,0.0010702407277233751
R-HSA-1834949,Cytosolic sensors of pathogen-associated DNA ,0.0036471157988358,4,0.00091177894970895
R-HSA-1839117,Signaling by cytosolic FGFR1 fusion mutants,0.0037005409409541,5,0.00074010818819082
R-HSA-1839120,Signaling by FGFR1 amplification mutants,0.000437993068526,1,0.000437993068526
R-HSA-1839122,Signaling by activated point mutants of FGFR1,0.0010012596237991,2,0.00050062981189955
R-HSA-1839124,FGFR1 mutant receptor activation,0.0047018005647532,7,0.0006716857949647428
R-HSA-1839126,FGFR2 mutant receptor activation,0.0009302834240796001,2,0.00046514171203980003
R-HSA-1839130,Signaling by activated point mutants of FGFR3,0.0005632665552731,1,0.0005632665552731
R-HSA-1852241,Organelle biogenesis and maintenance,0.008577798168438299,17,0.0005045763628493118
R-HSA-1855204,Synthesis of IP3 and IP4 in the cytosol,0.0014896138628375,3,0.0004965379542791667
R-HSA-186712,Regulation of beta-cell development,0.0037659705045953,6,0.0006276617507658833
R-HSA-186763,Downstream signal transduction,0.012817256622803001,17,0.0007539562719295883
R-HSA-186797,Signaling by PDGF,0.0141565436380186,21,0.0006741211256199334
R-HSA-187015,Activation of TRKA receptors,0.0012489985070896,3,0.00041633283569653335
R-HSA-187024,NGF-independant TRKA activation,0.0007903693278795,2,0.00039518466393975
R-HSA-187037,Signaling by NTRK1 (TRKA),0.0152549301069425,23,0.0006632578307366304
R-HSA-187042,TRKA activation by NGF,0.0009100891429944999,2,0.00045504457149724996
R-HSA-187577,SCF(Skp2)-mediated degradation of p27/p21,0.0031469258847113997,4,0.0007867314711778499
R-HSA-187687,Signalling to ERKs,0.0078642141978175,10,0.00078642141978175
R-HSA-187706,Signalling to p38 via RIT and RIN,0.0009100891429944999,2,0.00045504457149724996
R-HSA-189445,Metabolism of porphyrins,0.0007147780520863,1,0.0007147780520863
R-HSA-189451,Heme biosynthesis,0.0007147780520863,1,0.0007147780520863
R-HSA-189483,Heme degradation,0.0007147780520863,1,0.0007147780520863
R-HSA-190236,Signaling by FGFR,0.0122501358853556,13,0.0009423181450273539
R-HSA-190239,FGFR3 ligand binding and activation,0.0005632665552731,1,0.0005632665552731
R-HSA-190241,FGFR2 ligand binding and activation,0.0009302834240796001,2,0.00046514171203980003
R-HSA-190242,FGFR1 ligand binding and activation,0.0010012596237991,2,0.00050062981189955
R-HSA-190322,FGFR4 ligand binding and activation,0.0005632665552731,1,0.0005632665552731
R-HSA-190370,FGFR1b ligand binding and activation,0.0010012596237991,2,0.00050062981189955
R-HSA-190372,FGFR3c ligand binding and activation,0.0005632665552731,1,0.0005632665552731
R-HSA-190373,FGFR1c ligand binding and activation,0.0010012596237991,2,0.00050062981189955
R-HSA-190374,FGFR1c and Klotho ligand binding and activation,0.000437993068526,1,0.000437993068526
R-HSA-190375,FGFR2c ligand binding and activation,0.0009302834240796001,2,0.00046514171203980003
R-HSA-190377,FGFR2b ligand binding and activation,0.0009302834240796001,2,0.00046514171203980003
R-HSA-190704,Oligomerization of connexins into connexons,0.0003382650718674,1,0.0003382650718674
R-HSA-190827,Transport of connexins along the secretory pathway,0.0003382650718674,1,0.0003382650718674
R-HSA-190828,Gap junction trafficking,0.0010832260760411001,3,0.0003610753586803667
R-HSA-190840,Microtubule-dependent trafficking of connexons from Golgi to the plasma membrane,0.0003382650718674,1,0.0003382650718674
R-HSA-190861,Gap junction assembly,0.0003382650718674,1,0.0003382650718674
R-HSA-190872,Transport of connexons to the plasma membrane,0.0003382650718674,1,0.0003382650718674
R-HSA-190873,Gap junction degradation,0.0010832260760411001,3,0.0003610753586803667
R-HSA-1912399,Pre-NOTCH Processing in the Endoplasmic Reticulum,0.0006717295622966,1,0.0006717295622966
R-HSA-1912408,Pre-NOTCH Transcription and Translation,0.0066803427632865,8,0.0008350428454108125
R-HSA-1912420,Pre-NOTCH Processing in Golgi,0.0012578875765975,3,0.00041929585886583336
R-HSA-1912422,Pre-NOTCH Expression and Processing,0.0072665007775874,10,0.00072665007775874
R-HSA-191650,Regulation of gap junction activity,0.0027661553496843004,3,0.0009220517832281001
R-HSA-192105,Synthesis of bile acids and bile salts,0.0017063470441194,4,0.00042658676102985
R-HSA-192814,vRNA Synthesis,0.0003302681622517,1,0.0003302681622517
R-HSA-192823,Viral mRNA Translation,0.0017622606837966,2,0.0008811303418983
R-HSA-192905,vRNP Assembly,0.0011668691714855,1,0.0011668691714855
R-HSA-193048,Androgen biosynthesis,0.0004614652328888,1,0.0004614652328888
R-HSA-193368,Synthesis of bile acids and bile salts via 7alpha-hydroxycholesterol,0.0017063470441194,4,0.00042658676102985
R-HSA-193639,p75NTR signals via NF-kB,0.0030403473878078,5,0.00060806947756156
R-HSA-193648,NRAGE signals death through JNK,0.0021605917638589,4,0.000540147940964725
R-HSA-193670,p75NTR negatively regulates cell cycle via SC1,0.0010573996881192,2,0.0005286998440596
R-HSA-193681,Ceramide signalling,0.0004586291792101,1,0.0004586291792101
R-HSA-193697,p75NTR regulates axonogenesis,0.0004586291792101,1,0.0004586291792101
R-HSA-193704,p75 NTR receptor-mediated signalling,0.0053410804813657,9,0.000593453386818411
R-HSA-193807,Synthesis of bile acids and bile salts via 27-hydroxycholesterol,0.0017063470441194,4,0.00042658676102985
R-HSA-194002,Glucocorticoid biosynthesis,0.0004614652328888,1,0.0004614652328888
R-HSA-194068,Bile acid and bile salt metabolism,0.0024211250962057,5,0.00048422501924114006
R-HSA-194138,Signaling by VEGF,0.0210311441979638,32,0.0006572232561863687
R-HSA-194306,Neurophilin interactions with VEGF and VEGFR,0.000629890037783,1,0.000629890037783
R-HSA-194313,VEGF ligand-receptor interactions,0.0017130582627404999,3,0.0005710194209135
R-HSA-194315,Signaling by Rho GTPases,0.0305477032439193,57,0.0005359246183143737
R-HSA-195253,Degradation of beta-catenin by the destruction complex,0.0028144653720625,5,0.0005628930744125
R-HSA-195258,RHO GTPase Effectors,0.020829857812368,39,0.0005340989182658462
R-HSA-195399,VEGF binds to VEGFR leading to receptor dimerization,0.0017130582627404999,3,0.0005710194209135
R-HSA-195721,Signaling by WNT,0.017253043073298,34,0.000507442443332294
R-HSA-196025,Formation of annular gap junctions,0.0010832260760411001,3,0.0003610753586803667
R-HSA-196071,Metabolism of steroid hormones,0.0004614652328888,1,0.0004614652328888
R-HSA-196299,Beta-catenin phosphorylation cascade,0.0004029162531193,1,0.0004029162531193
R-HSA-1963640,GRB2 events in ERBB2 signaling,0.0072143862839258,8,0.000901798285490725
R-HSA-1963642,PI3K events in ERBB2 signaling,0.005744733715131,7,0.0008206762450187142
R-HSA-196741,"Cobalamin (Cbl, vitamin B12) transport and metabolism",0.0002879695932133,1,0.0002879695932133
R-HSA-196791,Vitamin D (calciferol) metabolism,0.0002879695932133,1,0.0002879695932133
R-HSA-196843,Vitamin B2 (riboflavin) metabolism,0.0002967779144703,1,0.0002967779144703
R-HSA-196849,Metabolism of water-soluble vitamins and cofactors,0.0009028442227145,3,0.00030094807423816666
R-HSA-196854,Metabolism of vitamins and cofactors,0.0072875691038568,17,0.0004286805355209882
R-HSA-1971475,Glycosaminoglycan-protein linkage region biosynthesis,0.0039177266987879,10,0.00039177266987879
R-HSA-1980143,Signaling by NOTCH1,0.0072112953700768,10,0.00072112953700768
R-HSA-1980145,Signaling by NOTCH2,0.0027443626160051,2,0.00137218130800255
R-HSA-198203,PI3K/AKT activation,0.0038520711637407,6,0.0006420118606234501
R-HSA-198323,AKT phosphorylates targets in the cytosol,0.0012787458921486,3,0.0004262486307162
R-HSA-198693,AKT phosphorylates targets in the nucleus,0.0013671021053919,3,0.00045570070179730003
R-HSA-198725,Nuclear Events (kinase and transcription factor activation),0.0035863617142093,6,0.0005977269523682167
R-HSA-198745,Signalling to STAT3,0.0009100891429944999,2,0.00045504457149724996
R-HSA-198753,ERK/MAPK targets,0.0005090419512403,1,0.0005090419512403
R-HSA-198933,Immunoregulatory interactions between a Lymphoid and a non-Lymphoid cell,0.0073245087006528,18,0.0004069171500362667
R-HSA-1989781,PPARA activates gene expression,0.0073182245891714,15,0.0004878816392780933
R-HSA-199220,Vitamin B5 (pantothenate) metabolism,0.0002967779144703,1,0.0002967779144703
R-HSA-199418,Negative regulation of the PI3K/AKT network,0.0214779052471608,37,0.0005804839255989406
R-HSA-199977,ER to Golgi Anterograde Transport,0.0007073874828483,2,0.00035369374142415
R-HSA-199991,Membrane Trafficking,0.019910891435683,37,0.0005381322009644054
R-HSA-199992,trans-Golgi Network Vesicle Budding,0.003046407298094,6,0.0005077345496823333
R-HSA-200425,Carnitine shuttle,0.0005714247580744,1,0.0005714247580744
R-HSA-201451,Signaling by BMP,0.0007299067910339001,2,0.00036495339551695003
R-HSA-201556,Signaling by ALK,0.0093501647650744,12,0.0007791803970895334
R-HSA-201681,TCF dependent signaling in response to WNT,0.0094644973045678,17,0.0005567351355628118
R-HSA-201688,WNT mediated activation of DVL,0.0004257391813642,1,0.0004257391813642
R-HSA-201722,Formation of the beta-catenin:TCF transactivating complex,0.0031410522287943,5,0.00062821044575886
R-HSA-202040,G-protein activation,0.0038086052812539,8,0.0004760756601567375
R-HSA-202131,Metabolism of nitric oxide: NOS3 activation and regulation,0.0022745420558031,3,0.0007581806852677
R-HSA-2022090,Assembly of collagen fibrils and other multimeric structures,0.0031815021108104,9,0.0003535002345344889
R-HSA-2022377,Metabolism of Angiotensinogen to Angiotensins,0.0006526981236813,2,0.00032634906184065
R-HSA-2022854,Keratan sulfate biosynthesis,0.000759000654345,2,0.0003795003271725
R-HSA-2022857,Keratan sulfate degradation,0.0004609608278873,1,0.0004609608278873
R-HSA-2022870,CS-GAG biosynthesis,0.0010870475819115002,3,0.00036234919397050007
R-HSA-2022923,DS-GAG biosynthesis,0.0010870475819115002,3,0.00036234919397050007
R-HSA-2022928,HS-GAG biosynthesis,0.0028306791168764,7,0.00040438273098234286
R-HSA-2023837,Signaling by FGFR2 amplification mutants,0.0003670168688065,1,0.0003670168688065
R-HSA-202403,TCR signaling,0.0099720850042162,16,0.0006232553127635125
R-HSA-2024096,HS-GAG degradation,0.0028306791168764,7,0.00040438273098234286
R-HSA-2024101,CS/DS degradation,0.0010870475819115002,3,0.00036234919397050007
R-HSA-202424,Downstream TCR signaling,0.0076593384547616,11,0.0006963034958874182
R-HSA-202427,Phosphorylation of CD3 and TCR zeta chains,0.0028750495116904,5,0.0005750099023380799
R-HSA-202430,Translocation of ZAP-70 to Immunological synapse,0.0018661841464647998,3,0.0006220613821549333
R-HSA-202433,Generation of second messenger molecules,0.0031700653306938,6,0.0005283442217823
R-HSA-202733,Cell surface interactions at the vascular wall,0.0243288807484995,37,0.0006575373175270135
R-HSA-2028269,Signaling by Hippo,0.0008045736573107001,2,0.00040228682865535003
R-HSA-2029480,Fcgamma receptor (FCGR) dependent phagocytosis,0.0130323157464823,22,0.0005923779884764682
R-HSA-2029481,FCGR activation,0.0062213061918207,10,0.00062213061918207
R-HSA-2029482,Regulation of actin dynamics for phagocytic cup formation,0.0042212037411751,9,0.00046902263790834446
R-HSA-2029485,Role of phospholipids in phagocytosis,0.0056383181974421,11,0.0005125743815856455
R-HSA-2032785,YAP1- and WWTR1 (TAZ)-stimulated gene expression,0.0017777825685977998,4,0.00044444564214944995
R-HSA-2033514,FGFR3 mutant receptor activation,0.0005632665552731,1,0.0005632665552731
R-HSA-2033519,Activated point mutants of FGFR2,0.0009302834240796001,2,0.00046514171203980003
R-HSA-203615,eNOS activation,0.0022745420558031,3,0.0007581806852677
R-HSA-203641,NOSTRIN mediated eNOS trafficking,0.0011076728843176001,2,0.0005538364421588001
R-HSA-203754,NOSIP mediated eNOS trafficking,0.0003393919919413,1,0.0003393919919413
R-HSA-204005,COPII-mediated vesicle transport,0.0004149740403449,1,0.0004149740403449
R-HSA-204998,"Cell death signalling via NRAGE, NRIF and NADE",0.0038395567896259,6,0.0006399261316043166
R-HSA-205017,NFG and proNGF binds to p75NTR,0.0004586291792101,1,0.0004586291792101
R-HSA-205025,NADE modulates death signalling,0.0004586291792101,1,0.0004586291792101
R-HSA-205043,NRIF signals cell death from the nucleus,0.0028002040773945002,4,0.0007000510193486251
R-HSA-209543,p75NTR recruits signalling complexes,0.0026219703188651,4,0.000655492579716275
R-HSA-209560,NF-kB is activated and signals survival,0.0030403473878078,5,0.00060806947756156
R-HSA-209563,Axonal growth stimulation,0.0004586291792101,1,0.0004586291792101
R-HSA-209776,Metabolism of amine-derived hormones,0.0007682808923763,1,0.0007682808923763
R-HSA-209952,Peptide hormone biosynthesis,0.0004614652328888,1,0.0004614652328888
R-HSA-209968,Thyroxine biosynthesis,0.0007682808923763,1,0.0007682808923763
R-HSA-210500,Glutamate Neurotransmitter Release Cycle,0.0022696563622294002,5,0.00045393127244588007
R-HSA-210744,Regulation of gene expression in late stage (branching morphogenesis) pancreatic bud precursor cells,0.0025743920047004,3,0.0008581306682334666
R-HSA-210745,Regulation of gene expression in beta cells,0.0011915784998949,3,0.0003971928332983
R-HSA-210990,PECAM1 interactions,0.0078649116995782,10,0.00078649116995782
R-HSA-210991,Basigin interactions,0.0025954556920232,4,0.0006488639230058
R-HSA-210993,Tie2 Signaling,0.0076110036748302,9,0.0008456670749811333
R-HSA-211000,Gene Silencing by RNA,0.0011668691714855,1,0.0011668691714855
R-HSA-211163,AKT-mediated inactivation of FOXO1A,0.0008814045723687001,2,0.00044070228618435005
R-HSA-211733,Regulation of activated PAK-2p34 by proteasome mediated degradation,0.0013920415506414,1,0.0013920415506414
R-HSA-211859,Biological oxidations,0.0039944846288379,10,0.00039944846288378995
R-HSA-211897,Cytochrome P450 - arranged by substrate type,0.003659886538511,9,0.00040665405983455555
R-HSA-211945,Phase I - Functionalization of compounds,0.003659886538511,9,0.00040665405983455555
R-HSA-211976,Endogenous sterols,0.0021678122770082,5,0.00043356245540164003
R-HSA-211981,Xenobiotics,0.0014920742615028,4,0.0003730185653757
R-HSA-211999,CYP2E1 reactions,0.0007044598752917999,2,0.00035222993764589996
R-HSA-212165,Epigenetic regulation of gene expression,0.0096538289677995,20,0.000482691448389975
R-HSA-2122947,NOTCH1 Intracellular Domain Regulates Transcription,0.0067068575714432,9,0.0007452063968270222
R-HSA-2122948,Activated NOTCH1 Transmits Signal to the Nucleus,0.0025682089115716,3,0.0008560696371905334
R-HSA-212300,PRC2 methylates histones and DNA,0.0012256968958195,3,0.00040856563193983336
R-HSA-212436,Generic Transcription Pathway,0.0628042386523148,119,0.0005277667113639899
R-HSA-212676,Dopamine Neurotransmitter Release Cycle,0.0029360450897691,7,0.00041943501282415717
R-HSA-212718,EGFR interacts with phospholipase C-gamma,0.0022614821739401,2,0.00113074108697005
R-HSA-2129379,Molecules associated with elastic fibres,0.0057227058121302,10,0.0005722705812130199
R-HSA-2132295,MHC class II antigen presentation,0.0045205287205595,11,0.00041095715641450005
R-HSA-2142670,Synthesis of epoxy (EET) and dihydroxyeicosatrienoic acids (DHET),0.0003847605320681,1,0.0003847605320681
R-HSA-2142753,Arachidonate metabolism,0.0010249912788622,3,0.00034166375962073336
R-HSA-2142770,Synthesis of 15-eicosatetraenoic acid derivatives,0.0003056326564672,1,0.0003056326564672
R-HSA-2142816,Synthesis of (16-20)-hydroxyeicosatetraenoic acids (HETE),0.0003847605320681,1,0.0003847605320681
R-HSA-2142845,Hyaluronan metabolism,0.0010413774604044,2,0.0005206887302022
R-HSA-2151201,Transcriptional activation of mitochondrial biogenesis,0.0038722860075196,9,0.0004302540008355111
R-HSA-2151209,Activation of PPARGC1A (PGC-1alpha) by phosphorylation,0.0013173100700037,3,0.0004391033566679
R-HSA-216083,Integrin cell surface interactions,0.0131144494830453,28,0.00046837319582304643
R-HSA-2160916,Hyaluronan degradation,0.0010413774604044,2,0.0005206887302022
R-HSA-2162123,Synthesis of Prostaglandins (PG) and Thromboxanes (TX),0.0006402307467941,2,0.00032011537339705
R-HSA-2168880,Scavenging of heme from plasma,0.0015173741724975,3,0.0005057913908324999
R-HSA-2172127,DAP12 interactions,0.0101177486696072,14,0.0007226963335433715
R-HSA-2173782,Binding and Uptake of Ligands by Scavenger Receptors,0.0048444835889041,10,0.00048444835889041
R-HSA-2173788,Downregulation of TGF-beta receptor signaling,0.0039047043184238,6,0.0006507840530706333
R-HSA-2173789,TGF-beta receptor signaling activates SMADs,0.0079529411051993,13,0.0006117647003999461
R-HSA-2173791,TGF-beta receptor signaling in EMT (epithelial to mesenchymal transition),0.0025425478900945,4,0.000635636972523625
R-HSA-2173793,Transcriptional activity of SMAD2/SMAD3:SMAD4 heterotrimer,0.0067609066752011004,10,0.00067609066752011
R-HSA-2173795,Downregulation of SMAD2/3:SMAD4 transcriptional activity,0.0040124334481842,6,0.0006687389080307
R-HSA-2173796,SMAD2/SMAD3:SMAD4 heterotrimer regulates transcription,0.0049558345550403,6,0.0008259724258400501
R-HSA-2179392,EGFR Transactivation by Gastrin,0.0061297039256726004,6,0.0010216173209454335
R-HSA-2187338,Visual phototransduction,0.0067002608510012,16,0.000418766303187575
R-HSA-2197563,NOTCH2 intracellular domain regulates transcription,0.0013523210653637,1,0.0013523210653637
R-HSA-2214320,Anchoring fibril formation,0.0013732004998896,4,0.0003433001249724
R-HSA-2219528,PI3K/AKT Signaling in Cancer,0.023408847086511902,41,0.0005709474899149244
R-HSA-2219530,Constitutive Signaling by Aberrant PI3K in Cancer,0.020437144972822202,35,0.00058391842779492
R-HSA-2243919,Crosslinking of collagen fibrils,0.0007298424007722,2,0.0003649212003861
R-HSA-2262752,Cellular responses to stress,0.0329406755197052,59,0.0005583165342322915
R-HSA-2299718,Condensation of Prophase Chromosomes,0.0035999111783174,6,0.0005999851963862333
R-HSA-2404192,Signaling by Type 1 Insulin-like Growth Factor 1 Receptor (IGF1R),0.0105463672550893,15,0.0007030911503392867
R-HSA-2408522,Selenoamino acid metabolism,0.0017622606837966,2,0.0008811303418983
R-HSA-2408557,Selenocysteine synthesis,0.0017622606837966,2,0.0008811303418983
R-HSA-2424491,DAP12 signaling,0.0101177486696072,14,0.0007226963335433715
R-HSA-2426168,Activation of gene expression by SREBF (SREBP),0.002913541160289,7,0.0004162201657555714
R-HSA-2428924,IGF1R signaling cascade,0.0105463672550893,15,0.0007030911503392867
R-HSA-2428928,IRS-related events triggered by IGF1R,0.0105463672550893,15,0.0007030911503392867
R-HSA-2428933,SHC-related events triggered by IGF1R,0.0052993853644223,7,0.0007570550520603286
R-HSA-2454202,Fc epsilon receptor (FCERI) signaling,0.0164966697630777,25,0.000659866790523108
R-HSA-2465910,MASTL Facilitates Mitotic Progression,0.0018612299987506,2,0.0009306149993753
R-HSA-2467813,Separation of Sister Chromatids,0.0106673207319497,21,0.0005079676539023666
R-HSA-2468052,Establishment of Sister Chromatid Cohesion,0.0003026640596784,1,0.0003026640596784
R-HSA-2485179,Activation of the phototransduction cascade,0.0004072941366277,1,0.0004072941366277
R-HSA-2500257,Resolution of Sister Chromatid Cohesion,0.0106002507355182,20,0.00053001253677591
R-HSA-2514853,Condensation of Prometaphase Chromosomes,0.0039139830124203,7,0.0005591404303457571
R-HSA-2514856,The phototransduction cascade,0.0015338275400724,3,0.0005112758466908
R-HSA-2514859,"Inactivation, recovery and regulation of the phototransduction cascade",0.0015338275400724,3,0.0005112758466908
R-HSA-2534343,Interaction With Cumulus Cells And The Zona Pellucida,0.0002980398264577,1,0.0002980398264577
R-HSA-2555396,Mitotic Metaphase and Anaphase,0.0131113506886011,24,0.0005463062786917125
R-HSA-2559580,Oxidative Stress Induced Senescence,0.0091271422888966,14,0.0006519387349211858
R-HSA-2559582,Senescence-Associated Secretory Phenotype (SASP),0.0058064783051589,8,0.0007258097881448625
R-HSA-2559583,Cellular Senescence,0.0125693956122308,20,0.00062846978061154
R-HSA-2559584,Formation of Senescence-Associated Heterochromatin Foci (SAHF),0.0023127083006721,2,0.00115635415033605
R-HSA-2559585,Oncogene Induced Senescence,0.0048972478055043,6,0.00081620796758405
R-HSA-2559586,DNA Damage/Telomere Stress Induced Senescence,0.0039575969296364,5,0.00079151938592728
R-HSA-2562578,TRIF-mediated programmed cell death,0.0005858898235986,1,0.0005858898235986
R-HSA-2564830,Cytosolic iron-sulfur cluster assembly,0.0003027553001242,1,0.0003027553001242
R-HSA-2565942,Regulation of PLK1 Activity at G2/M Transition,0.0075373597099454,11,0.0006852145190859454
R-HSA-2586552,Signaling by Leptin,0.0038341801975993,7,0.0005477400282284714
R-HSA-2644602,Signaling by NOTCH1 PEST Domain Mutants in Cancer,0.0061241257384273,8,0.0007655157173034124
R-HSA-2644603,Signaling by NOTCH1 in Cancer,0.0061241257384273,8,0.0007655157173034124
R-HSA-2644605,FBXW7 Mutants and NOTCH1 in Cancer,0.0006717295622966,1,0.0006717295622966
R-HSA-2644606,Constitutive Signaling by NOTCH1 PEST Domain Mutants,0.0061241257384273,8,0.0007655157173034124
R-HSA-2644607,Loss of Function of FBXW7 in Cancer and NOTCH1 Signaling,0.0006717295622966,1,0.0006717295622966
R-HSA-264642,Acetylcholine Neurotransmitter Release Cycle,0.0022696563622294002,5,0.00045393127244588007
R-HSA-264876,Insulin processing,0.0009595571300055001,2,0.00047977856500275003
R-HSA-2660825,Signaling by NOTCH1 t(7;9)(NOTCH1:M1580_K2555) Translocation Mutant,0.0006717295622966,1,0.0006717295622966
R-HSA-2660826,Constitutive Signaling by NOTCH1 t(7;9)(NOTCH1:M1580_K2555) Translocation Mutant,0.0006717295622966,1,0.0006717295622966
R-HSA-2672351,Stimuli-sensing channels,0.0020040677557835998,3,0.0006680225852612
R-HSA-2682334,EPH-Ephrin signaling,0.0095228200396695,15,0.0006348546693113
R-HSA-2691230,Signaling by NOTCH1 HD Domain Mutants in Cancer,0.002063771112938,2,0.001031885556469
R-HSA-2691232,Constitutive Signaling by NOTCH1 HD Domain Mutants,0.002063771112938,2,0.001031885556469
R-HSA-2730905,Role of LAT2/NTAL/LAB on calcium mobilization,0.0056208533899094,8,0.000702606673738675
R-HSA-2871796,FCERI mediated MAPK activation,0.0097287171794922,15,0.00064858114529948
R-HSA-2871809,FCERI mediated Ca+2 mobilization,0.0038239043393261,8,0.0004779880424157625
R-HSA-2871837,FCERI mediated NF-kB activation,0.003633365900688,6,0.000605560983448
R-HSA-2892245,"POU5F1 (OCT4), SOX2, NANOG repress genes related to differentiation",0.0015924528889686,3,0.0005308176296562
R-HSA-2892247,"POU5F1 (OCT4), SOX2, NANOG activate genes related to proliferation",0.0021557194442417002,4,0.0005389298610604251
R-HSA-2894858,Signaling by NOTCH1 HD+PEST Domain Mutants in Cancer,0.0061241257384273,8,0.0007655157173034124
R-HSA-2894862,Constitutive Signaling by NOTCH1 HD+PEST Domain Mutants,0.0061241257384273,8,0.0007655157173034124
R-HSA-2979096,NOTCH2 Activation and Transmission of Signal to the Nucleus,0.0013920415506414,1,0.0013920415506414
R-HSA-2980736,Peptide hormone metabolism,0.0050873214418434,13,0.00039133241860333845
R-HSA-2980766,Nuclear Envelope Breakdown,0.0043573806472955,6,0.0007262301078825834
R-HSA-2980767,"Activation of NIMA Kinases NEK9, NEK6, NEK7",0.0030865091624869,4,0.000771627290621725
R-HSA-2990846,SUMOylation,0.014788717219765,25,0.0005915486887906
R-HSA-2995383,Initiation of Nuclear Envelope (NE) Reformation,0.0024440299566514,3,0.0008146766522171333
R-HSA-2995410,Nuclear Envelope (NE) Reassembly,0.0024440299566514,3,0.0008146766522171333
R-HSA-3000157,Laminin interactions,0.0049738924831389,11,0.0004521720439217182
R-HSA-3000170,Syndecan interactions,0.010214016309576,20,0.0005107008154787999
R-HSA-3000171,Non-integrin membrane-ECM interactions,0.014188958250008099,31,0.00045770833064542253
R-HSA-3000178,ECM proteoglycans,0.0117224104433034,26,0.00045086194012705383
R-HSA-3000471,Scavenging by Class B Receptors,0.0009104746444773,2,0.00045523732223865
R-HSA-3000480,Scavenging by Class A Receptors,0.0026373065898327,7,0.00037675808426181426
R-HSA-3000484,Scavenging by Class F Receptors,0.0018916831200843,3,0.0006305610400281
R-HSA-3000497,Scavenging by Class H Receptors,0.0004334082995657,1,0.0004334082995657
R-HSA-3108214,SUMOylation of DNA damage response and repair proteins,0.0016384442985903,4,0.000409611074647575
R-HSA-3108232,SUMO E3 ligases SUMOylate target proteins,0.014788717219765,25,0.0005915486887906
R-HSA-3134973,LRR FLII-interacting protein 1 (LRRFIP1) activates type I IFN production,0.0013523210653637,1,0.0013523210653637
R-HSA-3134975,Regulation of innate immune responses to cytosolic DNA,0.0013920415506414,1,0.0013920415506414
R-HSA-3214815,HDACs deacetylate histones,0.0017660095662638,4,0.00044150239156595
R-HSA-3214841,PKMTs methylate histone lysines,0.0012256968958195,3,0.00040856563193983336
R-HSA-3214847,HATs acetylate histones,0.0034583626761685,6,0.0005763937793614167
R-HSA-3214858,RMTs methylate histone arginines,0.0021216608522659,4,0.000530415213066475
R-HSA-3229121,Glycogen storage diseases,0.0013920415506414,1,0.0013920415506414
R-HSA-3232118,SUMOylation of transcription factors,0.0026871249592602,3,0.0008957083197533999
R-HSA-3232142,SUMOylation of ubiquitinylation proteins,0.0005218258665167,1,0.0005218258665167
R-HSA-3238698,WNT ligand biogenesis and trafficking,0.0011006047404074,3,0.00036686824680246666
R-HSA-3247509,Chromatin modifying enzymes,0.0073738960316227994,14,0.0005267068594016286
R-HSA-3299685,Detoxification of Reactive Oxygen Species,0.0004264095346155,1,0.0004264095346155
R-HSA-3301854,Nuclear Pore Complex (NPC) Disassembly,0.0024440299566514,3,0.0008146766522171333
R-HSA-3304347,Loss of Function of SMAD4 in Cancer,0.000815319777382,1,0.000815319777382
R-HSA-3304349,Loss of Function of SMAD2/3 in Cancer,0.0015751703131243,3,0.0005250567710414334
R-HSA-3304351,Signaling by TGF-beta Receptor Complex in Cancer,0.0015751703131243,3,0.0005250567710414334
R-HSA-3304356,SMAD2/3 Phosphorylation Motif Mutants in Cancer,0.0015751703131243,3,0.0005250567710414334
R-HSA-3311021,SMAD4 MH2 Domain Mutants in Cancer,0.000815319777382,1,0.000815319777382
R-HSA-3315487,SMAD2/3 MH2 Domain Mutants in Cancer,0.000815319777382,1,0.000815319777382
R-HSA-3322077,Glycogen synthesis,0.0013920415506414,1,0.0013920415506414
R-HSA-3371378,Regulation by c-FLIP,0.0003945533401058,1,0.0003945533401058
R-HSA-3371453,Regulation of HSF1-mediated heat shock response,0.0011519791403392,2,0.0005759895701696
R-HSA-3371497,HSP90 chaperone cycle for steroid hormone receptors (SHR) in the presence of ligand,0.0028348986762292997,4,0.0007087246690573249
R-HSA-3371511,HSF1 activation,0.0011668691714855,1,0.0011668691714855
R-HSA-3371556,Cellular response to heat stress,0.0048644663608572,7,0.0006949237658367428
R-HSA-3371568,Attenuation phase,0.0031500097553848,3,0.0010500032517949333
R-HSA-3371571,HSF1-dependent transactivation,0.0043433067390535995,6,0.0007238844565089332
R-HSA-349425,Autodegradation of the E3 ubiquitin ligase COP1,0.003731504684742,3,0.001243834894914
R-HSA-350054,Notch-HLH transcription pathway,0.0025888025193022,5,0.0005177605038604401
R-HSA-351906,Apoptotic cleavage of cell adhesion  proteins,0.0004533003505757,1,0.0004533003505757
R-HSA-354192,Integrin signaling,0.0063730407995970005,9,0.0007081156443996667
R-HSA-354194,GRB2:SOS provides linkage to MAPK signaling for Integrins ,0.0050766997083198,6,0.0008461166180533
R-HSA-3560782,Diseases associated with glycosaminoglycan metabolism,0.0046767273531329,12,0.00038972727942774166
R-HSA-3560783,"Defective B4GALT7 causes EDS, progeroid type",0.0039177266987879,10,0.00039177266987879
R-HSA-3560801,Defective B3GAT3 causes JDSSDHD,0.0039177266987879,10,0.00039177266987879
R-HSA-3595172,Defective CHST3 causes SEDCJD,0.0010870475819115002,3,0.00036234919397050007
R-HSA-3595174,"Defective CHST14 causes EDS, musculocontractural type",0.0010870475819115002,3,0.00036234919397050007
R-HSA-3595177,Defective CHSY1 causes TPBS,0.0010870475819115002,3,0.00036234919397050007
R-HSA-3642278,Loss of Function of TGFBR2 in Cancer,0.0007598505357423,2,0.00037992526787115
R-HSA-3642279,TGFBR2 MSI Frameshift Mutants in Cancer,0.0004714861132644,1,0.0004714861132644
R-HSA-3645790,TGFBR2 Kinase Domain Mutants in Cancer,0.0007598505357423,2,0.00037992526787115
R-HSA-3656225,Defective CHST6 causes MCDC1,0.0004609608278873,1,0.0004609608278873
R-HSA-3656237,Defective EXT2 causes exostoses 2,0.0028306791168764,7,0.00040438273098234286
R-HSA-3656243,Defective ST3GAL3 causes MCT12 and EIEE15,0.0004609608278873,1,0.0004609608278873
R-HSA-3656244,Defective B4GALT1 causes B4GALT1-CDG (CDG-2d),0.000759000654345,2,0.0003795003271725
R-HSA-3656253,"Defective EXT1 causes exostoses 1, TRPS2 and CHDS",0.0028306791168764,7,0.00040438273098234286
R-HSA-3656532,TGFBR1 KD Mutants in Cancer,0.0015751703131243,3,0.0005250567710414334
R-HSA-3656534,Loss of Function of TGFBR1 in Cancer,0.0015751703131243,3,0.0005250567710414334
R-HSA-3656535,TGFBR1 LBD Mutants in Cancer,0.0007598505357423,2,0.00037992526787115
R-HSA-3700989,Transcriptional Regulation by TP53,0.0215400105984446,37,0.0005821624486066108
R-HSA-372708,p130Cas linkage to MAPK signaling for integrins,0.0048090397835742005,6,0.0008015066305957001
R-HSA-372790,Signaling by GPCR,0.0374136654469756,73,0.000512515965027063
R-HSA-373076,Class A/1 (Rhodopsin-like receptors),0.0069249117086387,18,0.0003847173171465945
R-HSA-373080,Class B/2 (Secretin family receptors),0.0041718720991462,10,0.00041718720991462
R-HSA-373752,Netrin-1 signaling,0.0046239145841906,5,0.00092478291683812
R-HSA-373753,Nephrin family interactions,0.0041867295834052,6,0.0006977882639008667
R-HSA-373755,Semaphorin interactions,0.0069472611822488,11,0.0006315691983862546
R-HSA-373760,L1CAM interactions,0.014196652991423201,25,0.000567866119656928
R-HSA-375165,NCAM signaling for neurite out-growth,0.0094590110555744,13,0.0007276162350441847
R-HSA-375276,Peptide ligand-binding receptors,0.0062789853489764,16,0.000392436584311025
R-HSA-375280,Amine ligand-binding receptors,0.0006459263596623,2,0.00032296317983115
R-HSA-376172,DSCAM interactions,0.0003165036835859,1,0.0003165036835859
R-HSA-376176,Signaling by ROBO receptors,0.0083138026827826,12,0.0006928168902318833
R-HSA-3769402,Deactivation of the beta-catenin transactivating complex,0.0035818157644202002,6,0.0005969692940700333
R-HSA-3772470,Negative regulation of TCF-dependent signaling by WNT ligand antagonists,0.0014161490614345,4,0.000354037265358625
R-HSA-3781860,Diseases associated with N-glycosylation of proteins,0.0002980398264577,1,0.0002980398264577
R-HSA-3781865,Diseases of glycosylation,0.0068239691732020005,17,0.00040140995136482354
R-HSA-3785653,Myoclonic epilepsy of Lafora,0.0013920415506414,1,0.0013920415506414
R-HSA-380108,Chemokine receptors bind chemokines,0.0030223173648877,8,0.0003777896706109625
R-HSA-380259,Loss of Nlp from mitotic centrosomes,0.0038769468865526998,6,0.00064615781442545
R-HSA-380270,Recruitment of mitotic centrosome proteins and complexes,0.0038769468865526998,6,0.00064615781442545
R-HSA-380284,Loss of proteins required for interphase microtubule organization from the centrosome,0.0038769468865526998,6,0.00064615781442545
R-HSA-380287,Centrosome maturation,0.0038769468865526998,6,0.00064615781442545
R-HSA-380320,Recruitment of NuMA to mitotic centrosomes,0.0038769468865526998,6,0.00064615781442545
R-HSA-380994,ATF4 activates genes in response to endoplasmic reticulum  stress,0.0003190618868781,1,0.0003190618868781
R-HSA-381033,ATF6 (ATF6-alpha) activates chaperones,0.0005842944478296,2,0.0002921472239148
R-HSA-381038,XBP1(S) activates chaperone genes,0.0002928887987965,1,0.0002928887987965
R-HSA-381042,PERK regulates gene expression,0.0003190618868781,1,0.0003190618868781
R-HSA-381070,IRE1alpha activates chaperones,0.0002928887987965,1,0.0002928887987965
R-HSA-381119,Unfolded Protein Response (UPR),0.0009033563347077,3,0.0003011187782359
R-HSA-381183,ATF6 (ATF6-alpha) activates chaperone genes,0.0005842944478296,2,0.0002921472239148
R-HSA-381340,Transcriptional regulation of white adipocyte differentiation,0.0082510088443547,17,0.0004853534614326294
R-HSA-381426,Regulation of Insulin-like Growth Factor (IGF) transport and uptake by Insulin-like Growth Factor Binding Proteins (IGFBPs),0.0081409307243042,16,0.0005088081702690125
R-HSA-381676,Glucagon-like Peptide-1 (GLP1) regulates insulin secretion,0.0055204166550822,13,0.00042464743500632307
R-HSA-381753,Olfactory Signaling Pathway,0.0009267005270836,3,0.00030890017569453333
R-HSA-381771,"Synthesis, secretion, and inactivation of Glucagon-like Peptide-1 (GLP-1)",0.0017014234263974001,5,0.00034028468527948
R-HSA-382551,Transport of small molecules,0.0135993630721108,31,0.0004386891313584129
R-HSA-382556,ABC-family proteins mediated transport,0.0024325273065434,3,0.0008108424355144666
R-HSA-383280,Nuclear Receptor transcription pathway,0.0047911329496882,9,0.0005323481055209111
R-HSA-3858494,Beta-catenin independent WNT signaling,0.0109984499986367,23,0.00047819347820159564
R-HSA-388396,GPCR downstream signalling,0.0352916843361153,67,0.0005267415572554522
R-HSA-388841,Regulation of T cell activation by CD28 family,0.0241413459026999,39,0.0006190088692999974
R-HSA-389356,Co-stimulation by CD28,0.0106102291250554,17,0.0006241311250032588
R-HSA-389357,CD28 dependent PI3K/Akt signaling,0.0062453013348031,11,0.0005677546668002818
R-HSA-389359,CD28 dependent Vav1 pathway,0.0035656294064675,7,0.0005093756294953572
R-HSA-389397,Orexin and neuropeptides FF and QRFP bind to their respective receptors,0.0003081646119905,1,0.0003081646119905
R-HSA-389513,Co-inhibition by CTLA4,0.0071985131381942,10,0.00071985131381942
R-HSA-389599,Alpha-oxidation of phytanate,0.0002865396194994,1,0.0002865396194994
R-HSA-389661,Glyoxylate metabolism and glycine degradation,0.000330141307373,1,0.000330141307373
R-HSA-3899300,SUMOylation of transcription cofactors,0.0026828762598353,4,0.000670719064958825
R-HSA-389948,Co-inhibition by PD-1,0.0142385926181092,23,0.0006190692442656174
R-HSA-390247,Beta-oxidation of very long chain fatty acids,0.0003242727256207,1,0.0003242727256207
R-HSA-390466,Chaperonin-mediated protein folding,0.0051654435606621,8,0.0006456804450827625
R-HSA-390471,Association of TriC/CCT with target proteins during biosynthesis,0.001818303512297,1,0.001818303512297
R-HSA-390522,Striated Muscle Contraction,0.0017839267662144,4,0.0004459816915536
R-HSA-390648,Muscarinic acetylcholine receptors,0.0003188141487107,1,0.0003188141487107
R-HSA-390696,Adrenoceptors,0.0003271122109516,1,0.0003271122109516
R-HSA-3906995,Diseases associated with O-glycosylation of proteins,0.0021472418200691,5,0.00042944836401382003
R-HSA-390918,Peroxisomal lipid metabolism,0.0006108123451201,2,0.00030540617256005
R-HSA-391160,Signal regulatory protein family interactions,0.004080402944744,5,0.0008160805889488
R-HSA-391251,Protein folding,0.0051654435606621,8,0.0006456804450827625
R-HSA-392154,Nitric oxide stimulates guanylate cyclase,0.0010625572354181,3,0.00035418574513936663
R-HSA-392170,ADP signalling through P2Y purinoceptor 12,0.0027907401282512,6,0.00046512335470853334
R-HSA-392451,G beta:gamma signalling through PI3Kgamma,0.0024032728879682,6,0.00040054548132803335
R-HSA-392499,Metabolism of proteins,0.0502046967869327,102,0.0004922029096758108
R-HSA-392517,Rap1 signalling,0.0013606402671872,2,0.0006803201335936
R-HSA-392518,Signal amplification,0.006066650294984,9,0.0006740722549982221
R-HSA-392851,Prostacyclin signalling through prostacyclin receptor,0.0026900491214483,6,0.00044834152024138333
R-HSA-3928662,EPHB-mediated forward signaling,0.0075168652910942,10,0.00075168652910942
R-HSA-3928663,EPHA-mediated growth cone collapse,0.0040319552775445,4,0.001007988819386125
R-HSA-3928664,Ephrin signaling,0.003328820898096,3,0.001109606966032
R-HSA-3928665,EPH-ephrin mediated repulsion of cells,0.0060379100261198,9,0.000670878891791089
R-HSA-397014,Muscle contraction,0.0078443262233744,19,0.0004128592749144421
R-HSA-397795,G-protein beta:gamma signalling,0.0034689551104993,9,0.00038543945672214443
R-HSA-399710,Activation of AMPA receptors,0.00081632642921,2,0.000408163214605
R-HSA-399719,Trafficking of AMPA receptors,0.0057390833269257,12,0.000478256943910475
R-HSA-399721,"Glutamate binding, activation of AMPA receptors and synaptic plasticity",0.0057390833269257,12,0.000478256943910475
R-HSA-399954,Sema3A PAK dependent Axon repulsion,0.0025211001423402998,3,0.0008403667141134333
R-HSA-399955,SEMA3A-Plexin repulsion signaling by inhibiting Integrin adhesion,0.0012424224571613,2,0.00062121122858065
R-HSA-399956,CRMPs in Sema3A signaling,0.0012707098760129,2,0.00063535493800645
R-HSA-399997,Acetylcholine regulates insulin secretion,0.0023671365353299,4,0.000591784133832475
R-HSA-400042,"Adrenaline,noradrenaline inhibits insulin secretion",0.0040218499247163,9,0.00044687221385736667
R-HSA-400206,Regulation of lipid metabolism by PPARalpha,0.0073182245891714,15,0.0004878816392780933
R-HSA-400451,Free fatty acids regulate insulin secretion,0.0016185146385032,3,0.0005395048795010666
R-HSA-400508,"Incretin synthesis, secretion, and inactivation",0.00206582135719,6,0.00034430355953166667
R-HSA-400511,"Synthesis, secretion, and inactivation of Glucose-dependent Insulinotropic Polypeptide (GIP)",0.0006745718583188,2,0.0003372859291594
R-HSA-400685,Sema4D in semaphorin signaling,0.0014363109509175,3,0.0004787703169725
R-HSA-4086398,Ca2+ pathway,0.0063286928749803,14,0.00045204949107002145
R-HSA-4086400,PCP/CE pathway,0.0057156411719688,11,0.0005196037429062545
R-HSA-4090294,SUMOylation of intracellular receptors,0.0036066815787611,6,0.0006011135964601833
R-HSA-416476,G alpha (q) signalling events,0.0165596281151849,28,0.0005914152898280321
R-HSA-416482,G alpha (12/13) signalling events,0.0034082679991499,8,0.0004260334998937375
R-HSA-416550,Sema4D mediated inhibition of cell attachment and migration,0.0007817394047801,2,0.00039086970239005
R-HSA-416572,Sema4D induced cell migration and growth-cone collapse,0.0006545715461374,1,0.0006545715461374
R-HSA-416700,Other semaphorin interactions,0.0026479788383584,4,0.0006619947095896
R-HSA-416993,Trafficking of GluR2-containing AMPA receptors,0.0030171262642437998,7,0.00043101803774911424
R-HSA-418217,G beta:gamma signalling through PLC beta,0.0023630142078851,6,0.0003938357013141833
R-HSA-418346,Platelet homeostasis,0.0062613953180663,14,0.0004472425227190214
R-HSA-418360,Platelet calcium homeostasis,0.0004061713671073,1,0.0004061713671073
R-HSA-418457,cGMP effects,0.0004061713671073,1,0.0004061713671073
R-HSA-418555,G alpha (s) signalling events,0.0129442099878715,24,0.0005393420828279791
R-HSA-418592,ADP signalling through P2Y purinoceptor 1,0.0053217299756063,8,0.0006652162469507875
R-HSA-418594,G alpha (i) signalling events,0.0198998427403648,43,0.00046278704047360004
R-HSA-418597,G alpha (z) signalling events,0.0077106955148277,18,0.0004283719730459833
R-HSA-418885,DCC mediated attractive signaling,0.0032199322362074,3,0.0010733107454024666
R-HSA-418886,Netrin mediated repulsion signals,0.0032278169881423003,3,0.0010759389960474334
R-HSA-418890,Role of second messengers in netrin-1 signaling,0.0003165036835859,1,0.0003165036835859
R-HSA-418990,Adherens junctions interactions,0.0104598592551508,17,0.0006152858385382824
R-HSA-419037,NCAM1 interactions,0.0022575661485751,6,0.00037626102476251666
R-HSA-420092,Glucagon-type ligand receptors,0.0026900491214483,6,0.00044834152024138333
R-HSA-421270,Cell-cell junction organization,0.0104598592551508,17,0.0006152858385382824
R-HSA-422085,"Synthesis, secretion, and deacylation of Ghrelin",0.001388530000271,3,0.00046284333342366666
R-HSA-422356,Regulation of insulin secretion,0.0114524961026027,24,0.0004771873376084458
R-HSA-422475,Axon guidance,0.0380201782994815,65,0.000584925819992023
R-HSA-425407,SLC-mediated transmembrane transport,0.0003718799344757,1,0.0003718799344757
R-HSA-427389,ERCC6 (CSB) and EHMT2 (G9a) positively regulate rRNA expression,0.0009980484952074,2,0.0004990242476037
R-HSA-427413,NoRC negatively regulates rRNA expression,0.0005987705089091,1,0.0005987705089091
R-HSA-428157,Sphingolipid metabolism,0.0002865396194994,1,0.0002865396194994
R-HSA-428540,Activation of RAC1,0.0010725310736861,2,0.00053626553684305
R-HSA-428542,Regulation of commissural axon pathfinding by SLIT and ROBO,0.0022910936108271,2,0.00114554680541355
R-HSA-428930,Thromboxane signalling through TP receptor,0.0033471400483651,7,0.0004781628640521571
R-HSA-430116,GP1b-IX-V activation signalling,0.0051323530753559,7,0.0007331932964794143
R-HSA-432040,Vasopressin regulates renal water homeostasis via Aquaporins,0.0060340768751369,15,0.00040227179167579333
R-HSA-432142,Platelet sensitization by LDL,0.0025087889611999,5,0.00050175779223998
R-HSA-432720,Lysosome Vesicle Biogenesis,0.0027417653053683,5,0.0005483530610736599
R-HSA-432722,Golgi Associated Vesicle Biogenesis,0.002323505172367,5,0.00046470103447340003
R-HSA-434316,Fatty Acids bound to GPR40 (FFAR1) regulate insulin secretion,0.0016185146385032,3,0.0005395048795010666
R-HSA-437239,Recycling pathway of L1,0.0038259059309427,6,0.00063765098849045
R-HSA-438064,Post NMDA receptor activation events,0.0137779281816036,24,0.00057408034090015
R-HSA-438066,"Unblocking of NMDA receptors, glutamate binding and activation",0.0054648047055063,12,0.00045540039212552504
R-HSA-4411364,Binding of TCF/LEF:CTNNB1 to target gene promoters,0.0014741193147981,3,0.0004913731049327
R-HSA-4419969,Depolymerization of the Nuclear Lamina,0.0031321014835592,4,0.0007830253708898
R-HSA-4420097,VEGFA-VEGFR2 Pathway,0.0206895843493611,31,0.0006674059467535839
R-HSA-4420332,Defective B3GALT6 causes EDSP2 and SEMDJL1,0.0039177266987879,10,0.00039177266987879
R-HSA-442720,CREB1 phosphorylation through the activation of Adenylate Cyclase,0.0023949440375816,6,0.00039915733959693334
R-HSA-442729,CREB1 phosphorylation through the activation of CaMKII/CaMKK/CaMKIV cascasde,0.0007083923343776,2,0.0003541961671888
R-HSA-442742,CREB1 phosphorylation through NMDA receptor-mediated activation of RAS signaling,0.0074330337080441,12,0.0006194194756703417
R-HSA-442755,Activation of NMDA receptors and postsynaptic events,0.014444316909143301,26,0.0005555506503516655
R-HSA-442982,Ras activation upon Ca2+ influx through NMDA receptor,0.0074330337080441,12,0.0006194194756703417
R-HSA-444473,Formyl peptide receptors bind formyl peptides and many other ligands,0.000722902125727,1,0.000722902125727
R-HSA-445095,Interaction between L1 and Ankyrins,0.0009732379544418,3,0.0003244126514806
R-HSA-445144,Signal transduction by L1,0.0062556826745199,10,0.00062556826745199
R-HSA-445355,Smooth Muscle Contraction,0.0020373415099844,5,0.00040746830199688
R-HSA-445717,Aquaporin-mediated transport,0.0060340768751369,15,0.00040227179167579333
R-HSA-445989,TAK1-dependent IKK and NF-kappa-B activation  ,0.0052305537116019,6,0.0008717589519336499
R-HSA-446107,Type I hemidesmosome assembly,0.0013155842041709998,4,0.00032889605104274996
R-HSA-446203,Asparagine N-linked glycosylation,0.0026888745089805,5,0.0005377749017961
R-HSA-446343,Localization of the PINCH-ILK-PARVIN complex to focal adhesions,0.0011637808096138,1,0.0011637808096138
R-HSA-446353,Cell-extracellular matrix interactions,0.0015855434471899,2,0.00079277172359495
R-HSA-446652,Interleukin-1 family signaling,0.0099048152109208,15,0.0006603210140613867
R-HSA-446728,Cell junction organization,0.0133609869065117,23,0.0005809124741961609
R-HSA-447038,NrCAM interactions,0.0013990696722776,2,0.0006995348361388
R-HSA-447041,CHL1 interactions,0.0025952024978864,4,0.0006488006244716
R-HSA-447115,Interleukin-12 family signaling,0.0030701586510383,5,0.00061403173020766
R-HSA-448424,Interleukin-17 signaling,0.005711368897101,9,0.0006345965441223333
R-HSA-448706,Interleukin-1 processing,0.0005642039228493,1,0.0005642039228493
R-HSA-449147,Signaling by Interleukins,0.0513839778612307,93,0.0005525158909809753
R-HSA-449836,Other interleukin signaling,0.0039056520504917,7,0.0005579502929273858
R-HSA-450282,MAPK targets/ Nuclear events mediated by MAP kinases,0.0032059723158113,5,0.0006411944631622599
R-HSA-450294,MAP kinase activation,0.005711368897101,9,0.0006345965441223333
R-HSA-450302,activated TAK1 mediates p38 MAPK activation,0.0021937135620183,3,0.0007312378540060999
R-HSA-450321,JNK (c-Jun kinases) phosphorylation and  activation mediated by activated human TAK1,0.0024482196542969003,3,0.0008160732180989668
R-HSA-450341,Activation of the AP-1 family of transcription factors,0.0032059723158113,5,0.0006411944631622599
R-HSA-450408,AUF1 (hnRNP D0) binds and destabilizes mRNA,0.002022861069177,2,0.0010114305345885
R-HSA-450520,HuR (ELAVL1) binds and stabilizes mRNA,0.0011190845887965,2,0.00055954229439825
R-HSA-450531,Regulation of mRNA stability by proteins that bind AU-rich elements,0.0041841792781779,6,0.0006973632130296499
R-HSA-450604,KSRP (KHSRP) binds and destabilizes mRNA,0.0010422336202044,2,0.0005211168101022
R-HSA-451306,Ionotropic activity of kainate receptors,0.0013990696722776,2,0.0006995348361388
R-HSA-451308,Activation of Ca-permeable Kainate Receptor,0.0013990696722776,2,0.0006995348361388
R-HSA-451326,Activation of kainate receptors upon glutamate binding,0.0037620838801627,8,0.0004702604850203375
R-HSA-451927,Interleukin-2 family signaling,0.0103878640054795,19,0.0005467296844989211
R-HSA-452723,Transcriptional regulation of pluripotent stem cells,0.0024886181515960002,5,0.0004977236303192001
R-HSA-453274,Mitotic G2-G2/M phases,0.014710205262358899,23,0.0006395741418416912
R-HSA-453276,Regulation of mitotic cell cycle,0.0094762730856377,15,0.0006317515390425134
R-HSA-453279,Mitotic G1 phase and G1/S transition,0.0173912656531038,30,0.00057970885510346
R-HSA-4551638,SUMOylation of chromatin organization proteins,0.0009050845461845999,2,0.00045254227309229997
R-HSA-456926,Thrombin signalling through proteinase activated receptors (PARs),0.0058261677742399,9,0.0006473519749155445
R-HSA-4608870,Asymmetric localization of PCP proteins,0.0016893037021271,2,0.00084465185106355
R-HSA-4615885,SUMOylation of DNA replication proteins,0.0031971240886372997,6,0.0005328540147728833
R-HSA-4641257,Degradation of AXIN,0.0017949578037607,2,0.00089747890188035
R-HSA-4641258,Degradation of DVL,0.0018177807320056,2,0.0009088903660028
R-HSA-4641262,Disassembly of the destruction complex and recruitment of AXIN to the membrane,0.0031275258715457,7,0.0004467894102208143
R-HSA-4641263,Regulation of FZD by ubiquitination,0.0025109284605902,4,0.00062773211514755
R-HSA-4641265,Repression of WNT target genes,0.0006831587116781,2,0.00034157935583905
R-HSA-4755510,SUMOylation of immune response proteins,0.0004183770689427,1,0.0004183770689427
R-HSA-4791275,Signaling by WNT in cancer,0.0018393864278069,5,0.00036787728556138
R-HSA-4793953,Defective B4GALT1 causes CDG-2d,0.0002980398264577,1,0.0002980398264577
R-HSA-4839726,Chromatin organization,0.0073738960316227994,14,0.0005267068594016286
R-HSA-4839735,Signaling by AXIN mutants,0.0004029162531193,1,0.0004029162531193
R-HSA-4839743,Signaling by CTNNB1 phospho-site mutants,0.0004029162531193,1,0.0004029162531193
R-HSA-4839744,Signaling by APC mutants,0.0004029162531193,1,0.0004029162531193
R-HSA-4839748,Signaling by AMER1 mutants,0.0004029162531193,1,0.0004029162531193
R-HSA-499943,Interconversion of nucleotide di- and triphosphates,0.0009899362812672,2,0.0004949681406336
R-HSA-500657,Presynaptic function of Kainate receptors,0.0023630142078851,6,0.0003938357013141833
R-HSA-500792,GPCR ligand binding,0.0110967838077849,28,0.0003963137074208893
R-HSA-5083625,Defective GALNT3 causes HFTC,0.0010263406800995,3,0.0003421135600331667
R-HSA-5083630,Defective LFNG causes SCDO3,0.0006717295622966,1,0.0006717295622966
R-HSA-5083632,Defective C1GALT1C1 causes TNPS,0.0010263406800995,3,0.0003421135600331667
R-HSA-5083635,Defective B3GALTL causes PpS,0.000449171577673,1,0.000449171577673
R-HSA-5083636,Defective GALNT12 causes CRCS1,0.0010263406800995,3,0.0003421135600331667
R-HSA-5099900,WNT5A-dependent internalization of FZD4,0.0026174103904252,6,0.0004362350650708667
R-HSA-512988,"Interleukin-3, Interleukin-5 and GM-CSF signaling",0.0149417927118873,25,0.000597671708475492
R-HSA-5140745,"WNT5A-dependent internalization of FZD2, FZD5 and ROR2",0.0010047331982721,3,0.0003349110660907
R-HSA-5173105,O-linked glycosylation,0.0014755122577725,4,0.000368878064443125
R-HSA-5173214,O-glycosylation of TSR domain-containing proteins,0.000449171577673,1,0.000449171577673
R-HSA-5205647,Mitophagy,0.0036535549530082,3,0.0012178516510027333
R-HSA-5205685,PINK1-PRKN Mediated Mitophagy,0.001678965025767,2,0.0008394825128835
R-HSA-5210891,Uptake and function of anthrax toxins,0.0005807482479798,2,0.0002903741239899
R-HSA-5213460,RIPK1-mediated regulated necrosis,0.0029534640622326997,3,0.0009844880207442333
R-HSA-5218859,Regulated Necrosis,0.005335971497379,5,0.0010671942994758
R-HSA-5218900,CASP8 activity is inhibited,0.0003945533401058,1,0.0003945533401058
R-HSA-5218920,VEGFR2 mediated vascular permeability,0.0038413122254785997,7,0.0005487588893540857
R-HSA-5218921,VEGFR2 mediated cell proliferation,0.0094318885310491,12,0.0007859907109207583
R-HSA-5250913,Positive epigenetic regulation of rRNA expression,0.0029007109376112,4,0.0007251777344028
R-HSA-5250924,B-WICH complex positively regulates rRNA expression,0.0019026624424038,2,0.0009513312212019
R-HSA-5250941,Negative epigenetic regulation of rRNA expression,0.0005987705089091,1,0.0005987705089091
R-HSA-5250955,Toxicity of botulinum toxin type D (botD),0.0004636785728267,1,0.0004636785728267
R-HSA-5250958,Toxicity of botulinum toxin type B (botB),0.0008155374290465,2,0.00040776871452325
R-HSA-5250968,Toxicity of botulinum toxin type A (botA),0.0005880128341698,1,0.0005880128341698
R-HSA-5250971,Toxicity of botulinum toxin type C (botC),0.0010838913913486,2,0.0005419456956743
R-HSA-5250981,Toxicity of botulinum toxin type F (botF),0.0004636785728267,1,0.0004636785728267
R-HSA-5250982,Toxicity of tetanus toxin (tetX),0.0004636785728267,1,0.0004636785728267
R-HSA-5250989,Toxicity of botulinum toxin type G (botG),0.0008155374290465,2,0.00040776871452325
R-HSA-5250992,Toxicity of botulinum toxin type E (botE),0.0005880128341698,1,0.0005880128341698
R-HSA-525793,Myogenesis,0.0017730142827951001,5,0.00035460285655902003
R-HSA-5260271,Diseases of Immune System,0.0021804180899254,5,0.00043608361798507997
R-HSA-532668,N-glycan trimming in the ER and Calnexin/Calreticulin cycle,0.0016834471996745,2,0.00084172359983725
R-HSA-5336415,Uptake and function of diphtheria toxin,0.0011668691714855,1,0.0011668691714855
R-HSA-5339562,Uptake and actions of bacterial toxins,0.0036470462398604,7,0.0005210066056943428
R-HSA-5339700,Signaling by TCF7L2 mutants,0.0003175832647388,1,0.0003175832647388
R-HSA-5339716,Signaling by GSK3beta mutants,0.0004029162531193,1,0.0004029162531193
R-HSA-5339717,Signaling by LRP5 mutants ,0.0003474131314736,1,0.0003474131314736
R-HSA-5340588,Signaling by RNF43 mutants,0.0011188869099488,3,0.0003729623033162667
R-HSA-5357769,Caspase activation via extrinsic apoptotic signalling pathway,0.0009804431637044,2,0.0004902215818522
R-HSA-5357786,TNFR1-induced proapoptotic signaling,0.0003945533401058,1,0.0003945533401058
R-HSA-5357801,Programmed Cell Death,0.0095710422235972,15,0.0006380694815731467
R-HSA-5357905,Regulation of TNFR1 signaling,0.0022709710046352,3,0.0007569903348784
R-HSA-5357956,TNFR1-induced NF-kappa-B signaling pathway,0.0022709710046352,3,0.0007569903348784
R-HSA-5358346,Hedgehog ligand biogenesis,0.0017732597879319,2,0.00088662989396595
R-HSA-5358351,Signaling by Hedgehog,0.0075498748392826,17,0.00044411028466368233
R-HSA-5358508,Mismatch Repair,0.0012880991077968,3,0.00042936636926559996
R-HSA-5358565,Mismatch repair (MMR) directed by MSH2:MSH6 (MutSalpha),0.0012880991077968,3,0.00042936636926559996
R-HSA-5358606,Mismatch repair (MMR) directed by MSH2:MSH3 (MutSbeta),0.0012880991077968,3,0.00042936636926559996
R-HSA-5358747,CTNNB1 S33 mutants aren't phosphorylated,0.0004029162531193,1,0.0004029162531193
R-HSA-5358749,CTNNB1 S37 mutants aren't phosphorylated,0.0004029162531193,1,0.0004029162531193
R-HSA-5358751,CTNNB1 S45 mutants aren't phosphorylated,0.0004029162531193,1,0.0004029162531193
R-HSA-5358752,CTNNB1 T41 mutants aren't phosphorylated,0.0004029162531193,1,0.0004029162531193
R-HSA-5362517,Signaling by Retinoic Acid,0.0005714247580744,1,0.0005714247580744
R-HSA-5362768,Hh mutants are degraded by ERAD,0.0017732597879319,2,0.00088662989396595
R-HSA-5362798,Release of Hh-Np from the secreting cell,0.0003812182372905,1,0.0003812182372905
R-HSA-5368598,Negative regulation of TCF-dependent signaling by DVL-interacting proteins,0.0004257391813642,1,0.0004257391813642
R-HSA-5387390,Hh mutants abrogate ligand secretion,0.0017732597879319,2,0.00088662989396595
R-HSA-5423646,Aflatoxin activation and detoxification,0.0004028538541429,1,0.0004028538541429
R-HSA-5467337,APC truncation mutants have impaired AXIN binding,0.0004029162531193,1,0.0004029162531193
R-HSA-5467340,AXIN missense mutants destabilize the destruction complex,0.0004029162531193,1,0.0004029162531193
R-HSA-5467348,Truncations of AMER1 destabilize the destruction complex,0.0004029162531193,1,0.0004029162531193
R-HSA-549127,SLC-mediated transport of organic cations,0.0003718799344757,1,0.0003718799344757
R-HSA-556833,Metabolism of lipids,0.0168501981841785,33,0.0005106120661872273
R-HSA-5576891,Cardiac conduction,0.0040230579471756,10,0.00040230579471756003
R-HSA-5576892,Phase 0 - rapid depolarisation,0.0020675680852005,5,0.0004135136170401
R-HSA-5576893,Phase 2 - plateau phase,0.0005162151400386,1,0.0005162151400386
R-HSA-5578768,Physiological factors,0.0009147393078327,2,0.00045736965391635
R-HSA-5578775,Ion homeostasis,0.0022340475378112,6,0.00037234125630186666
R-HSA-5579031,Defective ACTH causes obesity and POMCD,0.0004614652328888,1,0.0004614652328888
R-HSA-5601884,PIWI-interacting RNA (piRNA) biogenesis,0.0011668691714855,1,0.0011668691714855
R-HSA-5602358,Diseases associated with the TLR signaling cascade,0.0021804180899254,5,0.00043608361798507997
R-HSA-5602498,MyD88 deficiency (TLR2/4),0.0012776649070947,3,0.0004258883023649
R-HSA-5602636,IKBKB deficiency causes SCID,0.000484376113888,1,0.000484376113888
R-HSA-5603027,IKBKG deficiency causes anhidrotic ectodermal dysplasia with immunodeficiency (EDA-ID) (via TLR),0.000484376113888,1,0.000484376113888
R-HSA-5603029,IkBA variant leads to EDA-ID,0.0009027531828307001,2,0.00045137659141535004
R-HSA-5603041,IRAK4 deficiency (TLR2/4),0.0012776649070947,3,0.0004258883023649
R-HSA-5607761,Dectin-1 mediated noncanonical NF-kB signaling,0.0017283904072651,2,0.00086419520363255
R-HSA-5607763,CLEC7A (Dectin-1) induces NFAT activation,0.0004061713671073,1,0.0004061713671073
R-HSA-5607764,CLEC7A (Dectin-1) signaling,0.006999633970613601,10,0.0006999633970613601
R-HSA-5610780,Degradation of GLI1 by the proteasome,0.0028476385476512,4,0.0007119096369128
R-HSA-5610783,Degradation of GLI2 by the proteasome,0.0028503705822993,4,0.000712592645574825
R-HSA-5610785,GLI3 is processed to GLI3R by the proteasome,0.0029170792163441,4,0.000729269804086025
R-HSA-5610787,Hedgehog 'off' state,0.0066642188033585,15,0.00044428125355723335
R-HSA-5617472,Activation of anterior HOX genes in hindbrain development during early embryogenesis,0.0055100638531552,10,0.00055100638531552
R-HSA-5617833,Cilium Assembly,0.0038769468865526998,6,0.00064615781442545
R-HSA-5619084,ABC transporter disorders,0.0024325273065434,3,0.0008108424355144666
R-HSA-5619115,Disorders of transmembrane transporters,0.0024325273065434,3,0.0008108424355144666
R-HSA-5619507,Activation of HOX genes during differentiation,0.0055100638531552,10,0.00055100638531552
R-HSA-5620912,Anchoring of the basal body to the plasma membrane,0.0038769468865526998,6,0.00064615781442545
R-HSA-5620971,Pyroptosis,0.0023825074351463,2,0.00119125371757315
R-HSA-5621480,Dectin-2 family,0.0040104640874222,8,0.000501308010927775
R-HSA-5621481,C-type lectin receptors (CLRs),0.0157750821533871,22,0.0007170491887903228
R-HSA-5621575,CD209 (DC-SIGN) signaling,0.007427404355422,8,0.00092842554442775
R-HSA-5625740,RHO GTPases activate PKNs,0.0026487026568145,6,0.00044145044280241666
R-HSA-5625886,Activated PKN1 stimulates transcription of AR (androgen receptor) regulated genes KLK2 and KLK3,0.0010094240138461999,2,0.0005047120069230999
R-HSA-5625900,RHO GTPases activate CIT,0.0014038810938144,2,0.0007019405469072
R-HSA-5627083,RHO GTPases regulate CFTR trafficking,0.0005634194109904,1,0.0005634194109904
R-HSA-5627117,RHO GTPases Activate ROCKs,0.0004253923454745,1,0.0004253923454745
R-HSA-5627123,RHO GTPases activate PAKs,0.0012123949967539,3,0.0004041316655846333
R-HSA-5628897,TP53 Regulates Metabolic Genes,0.0037041416396289,5,0.00074082832792578
R-HSA-5632681,Ligand-receptor interactions,0.0003812182372905,1,0.0003812182372905
R-HSA-5632684,Hedgehog 'on' state,0.0032252689163955,6,0.00053754481939925
R-HSA-5633007,Regulation of TP53 Activity,0.0148077608494571,24,0.0006169900353940459
R-HSA-5633008,TP53 Regulates Transcription of Cell Death Genes,0.0031634472137727,4,0.000790861803443175
R-HSA-5635838,Activation of SMO,0.0008856560359240999,2,0.00044282801796204996
R-HSA-5635851,GLI proteins bind promoters of Hh responsive genes to promote transcription,0.00094757132983,3,0.00031585710994333336
R-HSA-5637810,Constitutive Signaling by EGFRvIII,0.0100068558829778,10,0.0010006855882977801
R-HSA-5637812,Signaling by EGFRvIII in Cancer,0.0100068558829778,10,0.0010006855882977801
R-HSA-5637815,Signaling by Ligand-Responsive EGFR Variants in Cancer,0.0113988974336192,11,0.0010362634030562908
R-HSA-5638302,Signaling by Overexpressed Wild-Type EGFR in Cancer,0.0022614821739401,2,0.00113074108697005
R-HSA-5638303,Inhibition of Signaling by Overexpressed EGFR,0.0022614821739401,2,0.00113074108697005
R-HSA-5651801,PCNA-Dependent Long Patch Base Excision Repair,0.0019403292992282999,5,0.00038806585984566
R-HSA-5653656,Vesicle-mediated transport,0.0243219667250214,46,0.0005287384070656827
R-HSA-5653890,Lactose synthesis,0.0002980398264577,1,0.0002980398264577
R-HSA-5654219,Phospholipase C-mediated cascade: FGFR1,0.0010012596237991,2,0.00050062981189955
R-HSA-5654221,Phospholipase C-mediated cascade; FGFR2,0.0009302834240796001,2,0.00046514171203980003
R-HSA-5654227,Phospholipase C-mediated cascade; FGFR3,0.0005632665552731,1,0.0005632665552731
R-HSA-5654228,Phospholipase C-mediated cascade; FGFR4,0.0005632665552731,1,0.0005632665552731
R-HSA-5654687,Downstream signaling of activated FGFR1,0.0078890483523545,9,0.000876560928039389
R-HSA-5654688,SHC-mediated cascade:FGFR1,0.0048612829096509,6,0.0008102138182751501
R-HSA-5654689,PI-3K cascade:FGFR1,0.0040290250665027,5,0.0008058050133005401
R-HSA-5654693,FRS-mediated FGFR1 signaling,0.0057980062869661,7,0.0008282866124237285
R-HSA-5654695,PI-3K cascade:FGFR2,0.0039580488667832,5,0.0007916097733566401
R-HSA-5654696,Downstream signaling of activated FGFR2,0.007818072152635,9,0.0008686746836261112
R-HSA-5654699,SHC-mediated cascade:FGFR2,0.0047903067099314,6,0.0007983844516552334
R-HSA-5654700,FRS-mediated FGFR2 signaling,0.0057270300872466,7,0.0008181471553209428
R-HSA-5654704,SHC-mediated cascade:FGFR3,0.0044232898411249,5,0.0008846579682249801
R-HSA-5654706,FRS-mediated FGFR3 signaling,0.0053600132184401005,6,0.0008933355364066834
R-HSA-5654708,Downstream signaling of activated FGFR3,0.0074510552838285005,8,0.0009313819104785626
R-HSA-5654710,PI-3K cascade:FGFR3,0.0035910319979767,4,0.000897757999494175
R-HSA-5654712,FRS-mediated FGFR4 signaling,0.0053600132184401005,6,0.0008933355364066834
R-HSA-5654716,Downstream signaling of activated FGFR4,0.0074510552838285005,8,0.0009313819104785626
R-HSA-5654719,SHC-mediated cascade:FGFR4,0.0044232898411249,5,0.0008846579682249801
R-HSA-5654720,PI-3K cascade:FGFR4,0.0035910319979767,4,0.000897757999494175
R-HSA-5654726,Negative regulation of FGFR1 signaling,0.0059320536653089005,6,0.0009886756108848167
R-HSA-5654727,Negative regulation of FGFR2 signaling,0.0058610774655894005,6,0.0009768462442649002
R-HSA-5654732,Negative regulation of FGFR3 signaling,0.0054940605967829,5,0.00109881211935658
R-HSA-5654733,Negative regulation of FGFR4 signaling,0.0054940605967829,5,0.00109881211935658
R-HSA-5654736,Signaling by FGFR1,0.0118831190165491,12,0.0009902599180457584
R-HSA-5654738,Signaling by FGFR2,0.0118121428168296,12,0.0009843452347358
R-HSA-5654741,Signaling by FGFR3,0.0114451259480231,11,0.0010404659952748271
R-HSA-5654743,Signaling by FGFR4,0.0114451259480231,11,0.0010404659952748271
R-HSA-5655253,Signaling by FGFR2 in disease,0.0068813487753198,8,0.000860168596914975
R-HSA-5655291,Signaling by FGFR4 in disease,0.0059510653512402,6,0.0009918442252067
R-HSA-5655302,Signaling by FGFR1 in disease,0.008561823850605,11,0.0007783476227822727
R-HSA-5655332,Signaling by FGFR3 in disease,0.0065143319065133,7,0.0009306188437876144
R-HSA-5655862,Translesion synthesis by POLK,0.0023487368534962,3,0.0007829122844987334
R-HSA-5656121,Translesion synthesis by POLI,0.0023487368534962,3,0.0007829122844987334
R-HSA-5656169,Termination of translesion DNA synthesis,0.0029679244726899,5,0.00059358489453798
R-HSA-5658034,HHAT G278V doesn't palmitoylate Hh-Np,0.0003812182372905,1,0.0003812182372905
R-HSA-5658442,Regulation of RAS by GAPs,0.005039680392715,5,0.0010079360785429999
R-HSA-5658623,FGFRL1 modulation of FGFR1 signaling,0.0005632665552731,1,0.0005632665552731
R-HSA-5660668,CLEC7A/inflammasome pathway,0.0005642039228493,1,0.0005642039228493
R-HSA-5663084,Diseases of carbohydrate metabolism,0.0013920415506414,1,0.0013920415506414
R-HSA-5663202,Diseases of signal transduction by growth factor receptors and second messengers,0.0554742421075991,93,0.0005964972269634312
R-HSA-5663205,Infectious disease,0.064324732027073,125,0.0005145978562165841
R-HSA-5663213,RHO GTPases Activate WASPs and WAVEs,0.0007124720482175,2,0.00035623602410875
R-HSA-5663220,RHO GTPases Activate Formins,0.0117340304456665,20,0.000586701522283325
R-HSA-5668541,TNFR2 non-canonical NF-kB pathway,0.0024394613304552,4,0.0006098653326138
R-HSA-5668599,RHO GTPases Activate NADPH Oxidases,0.0029803495055853,6,0.00049672491759755
R-HSA-5668914,Diseases of metabolism,0.008677475956732201,19,0.00045670926088064214
R-HSA-5673000,RAF activation,0.0071725271469824,8,0.0008965658933728
R-HSA-5673001,RAF/MAP kinase cascade,0.031398989350283,52,0.000603826718274673
R-HSA-5674135,MAP2K and MAPK activation,0.0089352604132576,11,0.0008122964012052364
R-HSA-5674400,Constitutive Signaling by AKT1 E17K in Cancer,0.0022883949184458,5,0.00045767898368915996
R-HSA-5674404,PTEN Loss of Function in Cancer,0.0006833071952439,1,0.0006833071952439
R-HSA-5675221,Negative regulation of MAPK pathway,0.0049244494314073005,5,0.0009848898862814602
R-HSA-5675482,Regulation of necroptotic cell death,0.0029534640622326997,3,0.0009844880207442333
R-HSA-5676590,NIK-->noncanonical NF-kB signaling,0.0017283904072651,2,0.00086419520363255
R-HSA-5676594,TNF receptor superfamily (TNFSF) members mediating non-canonical NF-kB pathway,0.0007110709231901,2,0.00035553546159505
R-HSA-5678895,Defective CFTR causes cystic fibrosis,0.0019554609616318002,2,0.0009777304808159001
R-HSA-5682113,Defective ABCA1 causes TGD,0.0004770663449116,1,0.0004770663449116
R-HSA-5682910,LGI-ADAM interactions,0.0015027127696752,2,0.0007513563848376
R-HSA-5683057,MAPK family signaling cascades,0.0382535066764583,61,0.0006271066668271853
R-HSA-5684264,MAP3K8 (TPL2)-dependent MAPK1/3 activation,0.0022127665211531,3,0.0007375888403843667
R-HSA-5684996,MAPK1/MAPK3 signaling,0.034239120625667,55,0.0006225294659212182
R-HSA-5685938,HDR through Single Strand Annealing (SSA),0.0031268515311125,7,0.00044669307587321425
R-HSA-5685939,HDR through MMEJ (alt-NHEJ),0.001027674610658,3,0.00034255820355266666
R-HSA-5685942,HDR through Homologous Recombination (HRR),0.0067883556173701,14,0.00048488254409786427
R-HSA-5686938,Regulation of TLR by endogenous ligand,0.0013879777286154,3,0.0004626592428718
R-HSA-5687128,MAPK6/MAPK4 signaling,0.0064747039468759,8,0.0008093379933594875
R-HSA-5688426,Deubiquitination,0.0176318022854411,27,0.0006530297142755963
R-HSA-5689603,UCH proteinases,0.0027552952983484,5,0.00055105905966968
R-HSA-5689877,Josephin domain DUBs,0.0013920415506414,1,0.0013920415506414
R-HSA-5689880,Ub-specific processing proteases,0.01234718077841,20,0.0006173590389205
R-HSA-5689896,Ovarian tumor domain proteases,0.0058834934996022,5,0.00117669869992044
R-HSA-5689901,Metalloprotease DUBs,0.0042153357029881995,5,0.00084306714059764
R-HSA-5690714,CD22 mediated BCR regulation,0.0011209074207506999,2,0.0005604537103753499
R-HSA-5693532,DNA Double-Strand Break Repair,0.01131765862126,21,0.0005389361248219047
R-HSA-5693537,Resolution of D-Loop Structures,0.0033380175081705998,8,0.00041725218852132497
R-HSA-5693538,Homology Directed Repair,0.0082073322174251,17,0.0004827842480838294
R-HSA-5693548,Sensing of DNA Double Strand Breaks,0.0008135552974414,2,0.0004067776487207
R-HSA-5693554,Resolution of D-loop Structures through Synthesis-Dependent Strand Annealing (SDSA),0.0033380175081705998,8,0.00041725218852132497
R-HSA-5693565,Recruitment and ATM-mediated phosphorylation of repair and signaling proteins at DNA double strand breaks,0.0056517636105851005,7,0.0008073948015121572
R-HSA-5693567,HDR through Homologous Recombination (HRR) or Single Strand Annealing (SSA),0.0075126176779936,15,0.0005008411785329067
R-HSA-5693568,Resolution of D-loop Structures through Holliday Junction Intermediates,0.0033380175081705998,8,0.00041725218852132497
R-HSA-5693571,Nonhomologous End-Joining (NHEJ),0.0014417913317466,3,0.0004805971105822
R-HSA-5693579,Homologous DNA Pairing and Strand Exchange,0.0042652437446388,10,0.00042652437446388005
R-HSA-5693606,DNA Double Strand Break Response,0.0059441592862229005,8,0.0007430199107778626
R-HSA-5693607,Processing of DNA double-strand break ends,0.0052881224935374,9,0.0005875691659486
R-HSA-5693616,Presynaptic phase of homologous DNA pairing and strand exchange,0.0039422252388486,9,0.0004380250265387334
R-HSA-5694530,Cargo concentration in the ER,0.0004149740403449,1,0.0004149740403449
R-HSA-5696394,DNA Damage Recognition in GG-NER,0.0020369215615256,3,0.0006789738538418667
R-HSA-5696395,Formation of Incision Complex in GG-NER,0.0017223097128931,2,0.00086115485644655
R-HSA-5696397,Gap-filling DNA repair synthesis and ligation in GG-NER,0.0029679244726899,5,0.00059358489453798
R-HSA-5696398,Nucleotide Excision Repair,0.0036128044835741,7,0.0005161149262248715
R-HSA-5696399,Global Genome Nucleotide Excision Repair (GG-NER),0.0036128044835741,7,0.0005161149262248715
R-HSA-5696400,Dual Incision in GG-NER,0.0032981926349416,6,0.0005496987724902667
R-HSA-597592,Post-translational protein modification,0.040080145195197,78,0.0005138480153230385
R-HSA-606279,Deposition of new CENPA-containing nucleosomes at the centromere,0.0022128801599222,6,0.00036881335998703335
R-HSA-611105,Respiratory electron transport,0.000330141307373,1,0.000330141307373
R-HSA-622312,Inflammasomes,0.0010125070936216,2,0.0005062535468108
R-HSA-6781823,Formation of TC-NER Pre-Incision Complex,0.0013920415506414,1,0.0013920415506414
R-HSA-6781827,Transcription-Coupled Nucleotide Excision Repair (TC-NER),0.0029679244726899,5,0.00059358489453798
R-HSA-6782135,Dual incision in TC-NER,0.0029679244726899,5,0.00059358489453798
R-HSA-6782210,Gap-filling DNA repair synthesis and ligation in TC-NER,0.0029679244726899,5,0.00059358489453798
R-HSA-6783310,Fanconi Anemia Pathway,0.0017343816563352,2,0.0008671908281676
R-HSA-6783589,Interleukin-6 family signaling,0.0047833665491713,7,0.0006833380784530429
R-HSA-6783783,Interleukin-10 signaling,0.0056671725850474,13,0.00043593635269595387
R-HSA-6785631,ERBB2 Regulates Cell Motility,0.0036536916497426,5,0.00073073832994852
R-HSA-6785807,Interleukin-4 and Interleukin-13 signaling,0.0262491464698772,46,0.0005706336189103739
R-HSA-6788467,IL-6-type cytokine receptor ligand interactions,0.0013711730429353999,2,0.0006855865214676999
R-HSA-6791226,Major pathway of rRNA processing in the nucleolus and cytosol,0.0017622606837966,2,0.0008811303418983
R-HSA-6791312,TP53 Regulates Transcription of Cell Cycle Genes,0.0082281062271449,11,0.0007480096570131728
R-HSA-6794361,Neurexins and neuroligins,0.0057003995011995,13,0.0004384922693230385
R-HSA-6794362,Protein-protein interactions at synapses,0.0061153735415444,14,0.0004368123958246
R-HSA-6796648,TP53 Regulates Transcription of DNA Repair Genes,0.0054368094838303,7,0.0007766870691186143
R-HSA-6798163,Choline catabolism,0.000317511715495,1,0.000317511715495
R-HSA-6798695,Neutrophil degranulation,0.0126966789816041,26,0.000488333806984773
R-HSA-6802946,Signaling by moderate kinase activity BRAF mutants,0.0109203130753586,15,0.0007280208716905734
R-HSA-6802948,Signaling by high-kinase activity BRAF mutants,0.0089352604132576,11,0.0008122964012052364
R-HSA-6802949,Signaling by RAS mutants,0.0109203130753586,15,0.0007280208716905734
R-HSA-6802952,Signaling by BRAF and RAF1 fusions,0.0109203130753586,15,0.0007280208716905734
R-HSA-6802953,RAS signaling downstream of NF1 loss-of-function variants,0.0032128845576402,3,0.0010709615192134
R-HSA-6802955,Paradoxical activation of RAF signaling by kinase inactive BRAF,0.0109203130753586,15,0.0007280208716905734
R-HSA-6802957,Oncogenic MAPK signaling,0.0109203130753586,15,0.0007280208716905734
R-HSA-6803157,Antimicrobial peptides,0.001224968931301,2,0.0006124844656505
R-HSA-6803204,TP53 Regulates Transcription of Genes Involved in Cytochrome C Release,0.0023394631341006,2,0.0011697315670503
R-HSA-6803205,TP53 regulates transcription of several additional cell death genes whose specific roles in p53-dependent apoptosis remain uncertain,0.0026422875919691,3,0.0008807625306563667
R-HSA-6803207,TP53 Regulates Transcription of Caspase Activators and Caspases,0.0023394631341006,2,0.0011697315670503
R-HSA-6803211,TP53 Regulates Transcription of Death Receptors and Ligands,0.001818303512297,1,0.001818303512297
R-HSA-6804114,TP53 Regulates Transcription of Genes Involved in G2 Cell Cycle Arrest,0.0067807007127566,8,0.000847587589094575
R-HSA-6804115,TP53 regulates transcription of additional cell cycle genes whose exact role in the p53 pathway remain uncertain,0.0021871119567975,2,0.00109355597839875
R-HSA-6804116,TP53 Regulates Transcription of Genes Involved in G1 Cell Cycle Arrest,0.0032657090266853,4,0.000816427256671325
R-HSA-6804754,Regulation of TP53 Expression,0.001818303512297,1,0.001818303512297
R-HSA-6804756,Regulation of TP53 Activity through Phosphorylation,0.010392036223765,17,0.0006112962484567647
R-HSA-6804757,Regulation of TP53 Degradation,0.0070873349603493,9,0.0007874816622610334
R-HSA-6804758,Regulation of TP53 Activity through Acetylation,0.0048187562120994,6,0.0008031260353499
R-HSA-6804759,Regulation of TP53 Activity through Association with Co-factors,0.0021757565913917,2,0.00108787829569585
R-HSA-6804760,Regulation of TP53 Activity through Methylation,0.0059426689601051,6,0.0009904448266841834
R-HSA-6805567,Keratinization,0.0009858115099708,3,0.00032860383665693336
R-HSA-6806003,Regulation of TP53 Expression and Degradation,0.0070873349603493,9,0.0007874816622610334
R-HSA-6806667,Metabolism of fat-soluble vitamins,0.0051664333109288,13,0.00039741794699452306
R-HSA-6806834,Signaling by MET,0.0169723376679146,23,0.0007379277246919391
R-HSA-6806942,MET Receptor Activation,0.0009205428437254999,2,0.00046027142186274997
R-HSA-6807004,Negative regulation of MET activity,0.0029400235806789,4,0.000735005895169725
R-HSA-6807070,PTEN Regulation,0.0080156114665218,11,0.0007286919515019818
R-HSA-6807878,COPI-mediated anterograde transport,0.0002924134425034,1,0.0002924134425034
R-HSA-6809371,Formation of the cornified envelope,0.0009858115099708,3,0.00032860383665693336
R-HSA-6811434,COPI-dependent Golgi-to-ER retrograde traffic,0.0034880239592448,8,0.0004360029949056
R-HSA-6811442,Intra-Golgi and retrograde Golgi-to-ER traffic,0.0034880239592448,8,0.0004360029949056
R-HSA-6811555,PI5P Regulates TP53 Acetylation,0.0034632546377973,3,0.0011544182125991
R-HSA-6811558,"PI5P, PP2A and IER3 Regulate PI3K/AKT Signaling",0.020437144972822202,35,0.00058391842779492
R-HSA-6814122,Cooperation of PDCL (PhLP1) and TRiC/CCT in G-protein beta folding,0.0033471400483651,7,0.0004781628640521571
R-HSA-68689,CDC6 association with the ORC:origin complex,0.0005423730909865,1,0.0005423730909865
R-HSA-68867,Assembly of the pre-replicative complex,0.0049542701436399,10,0.0004954270143639899
R-HSA-68875,Mitotic Prophase,0.0054535826210268,9,0.0006059536245585333
R-HSA-68877,Mitotic Prometaphase,0.0142363951265611,28,0.0005084426830914678
R-HSA-68881,Mitotic Metaphase/Anaphase Transition,0.0006424792058355,1,0.0006424792058355
R-HSA-68882,Mitotic Anaphase,0.0131113506886011,24,0.0005463062786917125
R-HSA-68884,Mitotic Telophase/Cytokinesis,0.0015376978616057,3,0.0005125659538685667
R-HSA-68886,M Phase,0.0194079900085979,37,0.000524540270502646
R-HSA-68911,G2 Phase,0.0010479385678511,2,0.00052396928392555
R-HSA-68949,Orc1 removal from chromatin,0.0052107038508942,10,0.00052107038508942
R-HSA-68952,DNA replication initiation,0.0003164323190695,1,0.0003164323190695
R-HSA-68962,Activation of the pre-replicative complex,0.0042690992653834,11,0.00038809993321667276
R-HSA-69002,DNA Replication Pre-Initiation,0.006128969169394,13,0.00047145916687646157
R-HSA-69017,CDK-mediated phosphorylation and removal of Cdc6,0.0031265050556206,4,0.00078162626390515
R-HSA-69052,Switching of origins to a post-replicative state,0.0056785322042634,11,0.0005162302003875818
R-HSA-69091,Polymerase switching,0.001259450602979,3,0.00041981686765966666
R-HSA-69109,Leading Strand Synthesis,0.001259450602979,3,0.00041981686765966666
R-HSA-69166,Removal of the Flap Intermediate,0.0011790843802002,3,0.0003930281267334
R-HSA-69183,Processive synthesis on the lagging strand,0.0011790843802002,3,0.0003930281267334
R-HSA-69186,Lagging Strand Synthesis,0.0016238969801588,4,0.0004059742450397
R-HSA-69190,DNA strand elongation,0.0046678338288099,12,0.000388986152400825
R-HSA-69200,Phosphorylation of proteins involved in G1/S transition by active Cyclin E:Cdk2 complexes,0.0004944047883751,1,0.0004944047883751
R-HSA-69202,Cyclin E associated events during G1/S transition ,0.0054235050797814995,9,0.0006026116755312777
R-HSA-69205,G1/S-Specific Transcription,0.0042250832011671,8,0.0005281354001458875
R-HSA-69206,G1/S Transition,0.0130556533280789,25,0.0005222261331231559
R-HSA-69231,Cyclin D associated events in G1,0.0070346054691507,9,0.0007816228299056334
R-HSA-69236,G1 Phase,0.0070346054691507,9,0.0007816228299056334
R-HSA-69239,Synthesis of DNA,0.0084155528652563,18,0.0004675307147364611
R-HSA-69242,S Phase,0.012025418393451299,26,0.0004625160920558192
R-HSA-69273,Cyclin A/B1/B2 associated events during G2/M transition,0.0052016126208894,9,0.0005779569578766
R-HSA-69275,G2/M Transition,0.0143865287551313,22,0.000653933125233241
R-HSA-69278,"Cell Cycle, Mitotic",0.0403826775679995,76,0.0005313510206315724
R-HSA-69306,DNA Replication,0.008789662960350799,19,0.0004626138400184631
R-HSA-69416,Dimerization of procaspase-8,0.0003945533401058,1,0.0003945533401058
R-HSA-69473,G2/M DNA damage checkpoint,0.0091265180949201,15,0.00060843453966134
R-HSA-69478,G2/M DNA replication checkpoint,0.0031682920172749,4,0.000792073004318725
R-HSA-69481,G2/M Checkpoints,0.0150593291052726,27,0.0005577529298249111
R-HSA-69541,Stabilization of p53,0.0049373434751879,6,0.0008228905791979833
R-HSA-69560,Transcriptional activation of p53 responsive genes  ,0.0022177704588342,2,0.0011088852294171
R-HSA-69563,p53-Dependent G1 DNA Damage Response,0.0060610724823486,8,0.000757634060293575
R-HSA-69580,p53-Dependent G1/S DNA damage checkpoint,0.0060610724823486,8,0.000757634060293575
R-HSA-69601,Ubiquitin-Mediated Degradation of Phosphorylated Cdc25A,0.0033669475557504,6,0.0005611579259584
R-HSA-69613,p53-Independent G1/S DNA Damage Checkpoint,0.0033669475557504,6,0.0005611579259584
R-HSA-69615,G1/S DNA Damage Checkpoints,0.0076989611439749,12,0.0006415800953312417
R-HSA-69618,Mitotic Spindle Checkpoint,0.0083213850725576,17,0.0004894932395622118
R-HSA-69620,Cell Cycle Checkpoints,0.0254943933791946,49,0.0005202937424325429
R-HSA-69656,Cyclin A:Cdk2-associated events at S phase entry,0.0054235050797814995,9,0.0006026116755312777
R-HSA-69895,Transcriptional  activation of  cell cycle inhibitor p21 ,0.0022177704588342,2,0.0011088852294171
R-HSA-70171,Glycolysis,0.0013567054605768,2,0.0006783527302884
R-HSA-70263,Gluconeogenesis,0.0005292568623537,1,0.0005292568623537
R-HSA-70268,Pyruvate metabolism,0.0013920415506414,1,0.0013920415506414
R-HSA-70326,Glucose metabolism,0.0013567054605768,2,0.0006783527302884
R-HSA-70635,Urea cycle,0.001818303512297,1,0.001818303512297
R-HSA-71064,Lysine catabolism,0.000317511715495,1,0.000317511715495
R-HSA-71291,Metabolism of amino acids and derivatives,0.0053695030935137,7,0.0007670718705019571
R-HSA-71387,Metabolism of carbohydrates and carbohydrate derivatives,0.0084668518247555,17,0.0004980501073385588
R-HSA-72163,mRNA Splicing - Major Pathway,0.0006308195185356,1,0.0006308195185356
R-HSA-72172,mRNA Splicing,0.0006308195185356,1,0.0006308195185356
R-HSA-72187,mRNA 3'-end processing,0.0020350931108229,2,0.00101754655541145
R-HSA-72203,Processing of Capped Intron-Containing Pre-mRNA,0.0026659126293585,3,0.0008886375431195001
R-HSA-72312,rRNA processing,0.0017622606837966,2,0.0008811303418983
R-HSA-72613,Eukaryotic Translation Initiation,0.0017622606837966,2,0.0008811303418983
R-HSA-72649,Translation initiation complex formation,0.0017622606837966,2,0.0008811303418983
R-HSA-72662,"Activation of the mRNA upon binding of the cap-binding complex and eIFs, and subsequent binding to 43S",0.0017622606837966,2,0.0008811303418983
R-HSA-72689,Formation of a pool of free 40S subunits,0.0017622606837966,2,0.0008811303418983
R-HSA-72695,"Formation of the ternary complex, and subsequently, the 43S complex",0.0017622606837966,2,0.0008811303418983
R-HSA-72702,Ribosomal scanning and start codon recognition,0.0017622606837966,2,0.0008811303418983
R-HSA-72706,GTP hydrolysis and joining of the 60S ribosomal subunit,0.0017622606837966,2,0.0008811303418983
R-HSA-72737,Cap-dependent Translation Initiation,0.0017622606837966,2,0.0008811303418983
R-HSA-72764,Eukaryotic Translation Termination,0.0017622606837966,2,0.0008811303418983
R-HSA-72766,Translation,0.0017622606837966,2,0.0008811303418983
R-HSA-73762,RNA Polymerase I Transcription Initiation,0.0015483898722475,3,0.0005161299574158333
R-HSA-73854,RNA Polymerase I Promoter Clearance,0.0015483898722475,3,0.0005161299574158333
R-HSA-73857,RNA Polymerase II Transcription,0.0628042386523148,119,0.0005277667113639899
R-HSA-73864,RNA Polymerase I Transcription,0.0015483898722475,3,0.0005161299574158333
R-HSA-73884,Base Excision Repair,0.00227059746148,6,0.00037843291024666667
R-HSA-73886,Chromosome Maintenance,0.0048903794099858,12,0.00040753161749881666
R-HSA-73887,Death Receptor Signaling,0.0057356338214715,10,0.00057356338214715
R-HSA-73893,DNA Damage Bypass,0.0033416419084628,6,0.0005569403180771333
R-HSA-73894,DNA Repair,0.0123483280113592,24,0.0005145136671399667
R-HSA-73933,Resolution of Abasic Sites (AP sites),0.00227059746148,6,0.00037843291024666667
R-HSA-74160,Gene expression (Transcription),0.065923224452546,125,0.000527385795620368
R-HSA-74713,IRS activation,0.0004632784977891,1,0.0004632784977891
R-HSA-74749,Signal attenuation,0.0011104172260007,2,0.00055520861300035
R-HSA-74751,Insulin receptor signalling cascade,0.009107005176518801,12,0.0007589170980432334
R-HSA-74752,Signaling by Insulin receptor,0.009107005176518801,12,0.0007589170980432334
R-HSA-75035,Chk1/Chk2(Cds1) mediated inactivation of Cyclin B:Cdk1 complex,0.0046188093368602,8,0.000577351167107525
R-HSA-75153,Apoptotic execution phase,0.0008237630425455,2,0.00041188152127275
R-HSA-75205,Dissolution of Fibrin Clot,0.0003050048105251,1,0.0003050048105251
R-HSA-75815,Ubiquitin-dependent degradation of Cyclin D,0.0020231968775507,2,0.00101159843877535
R-HSA-75892,Platelet Adhesion to exposed collagen,0.0050192075464494,9,0.0005576897273832667
R-HSA-75893,TNF signaling,0.0022709710046352,3,0.0007569903348784
R-HSA-76002,"Platelet activation, signaling and aggregation",0.0320913495599176,58,0.0005532991303434068
R-HSA-76005,Response to elevated platelet cytosolic Ca2+,0.0126126708940053,24,0.0005255279539168875
R-HSA-76009,Platelet Aggregation (Plug Formation),0.0071028832003692,11,0.0006457166545790182
R-HSA-774815,Nucleosome assembly,0.0022128801599222,6,0.00036881335998703335
R-HSA-844455,The NLRP1 inflammasome,0.0002896049678946,1,0.0002896049678946
R-HSA-844456,The NLRP3 inflammasome,0.000722902125727,1,0.000722902125727
R-HSA-877300,Interferon gamma signaling,0.0084105121192362,18,0.0004672506732909
R-HSA-877312,Regulation of IFNG signaling,0.0041678606859227,7,0.0005954086694175286
R-HSA-879415,Advanced glycosylation endproduct receptor signaling,0.000722902125727,1,0.000722902125727
R-HSA-881907,Gastrin-CREB signalling pathway via PKC and MAPK,0.0061297039256726004,6,0.0010216173209454335
R-HSA-8847993,ERBB2 Activates PTK6 Signaling,0.0036536916497426,5,0.00073073832994852
R-HSA-8848021,Signaling by PTK6,0.0116382598994704,16,0.0007273912437169
R-HSA-8849469,PTK6 Regulates RTKs and Their Effectors AKT1 and DOK1,0.0020194807369534,2,0.0010097403684767
R-HSA-8849470,PTK6 Regulates Cell Cycle,0.0006311553269093,1,0.0006311553269093
R-HSA-8849471,"PTK6 Regulates RHO GTPases, RAS GTPase and MAP kinases",0.0040271176455396,5,0.00080542352910792
R-HSA-8849473,PTK6 Expression,0.001004278162182,2,0.000502139081091
R-HSA-8849474,PTK6 Activates STAT3,0.0003025363781435,1,0.0003025363781435
R-HSA-8849932,Synaptic adhesion-like molecules,0.0031326784242547,6,0.0005221130707091167
R-HSA-8851680,Butyrophilin (BTN) family interactions,0.0003059825610411,1,0.0003059825610411
R-HSA-8851708,Signaling by FGFR2 IIIa TM,0.0009302834240796001,2,0.00046514171203980003
R-HSA-8851805,MET activates RAS signaling,0.0047805661295773,6,0.0007967610215962167
R-HSA-8851907,MET activates PI3K/AKT signaling,0.0030115849091139,4,0.000752896227278475
R-HSA-8852135,Protein ubiquitination,0.0027158243359312,4,0.0006789560839828
R-HSA-8852276,The role of GTSE1 in G2/M progression after G2 checkpoint,0.007863190343448,8,0.000982898792931
R-HSA-8853333,Signaling by FGFR2 fusions,0.0003670168688065,1,0.0003670168688065
R-HSA-8853336,Signaling by plasma membrane FGFR1 fusions,0.000437993068526,1,0.000437993068526
R-HSA-8853659,RET signaling,0.008274347706553,10,0.0008274347706552999
R-HSA-8853884,Transcriptional Regulation by VENTX,0.0051236756865193,8,0.0006404594608149125
R-HSA-8854050,FBXL7 down-regulates AURKA during mitotic entry and in early mitosis,0.0019483103555608,2,0.0009741551777804
R-HSA-8854518,AURKA Activation by TPX2,0.0051957654883698,9,0.0005773072764855334
R-HSA-8854521,Interaction between PHLDA1 and AURKA,0.0005562688049194,1,0.0005562688049194
R-HSA-8854691,Interleukin-20 family signaling,0.0042989264580799,7,0.0006141323511542714
R-HSA-8856688,Golgi-to-ER retrograde transport,0.0034880239592448,8,0.0004360029949056
R-HSA-8856825,Cargo recognition for clathrin-mediated endocytosis,0.0090738701774166,15,0.00060492467849444
R-HSA-8856828,Clathrin-mediated endocytosis,0.0103949634241838,18,0.0005774979680102111
R-HSA-8857538,PTK6 promotes HIF1A stabilization,0.00210379057601,2,0.001051895288005
R-HSA-8862803,Deregulated CDK5 triggers multiple neurodegenerative pathways in Alzheimer's disease models,0.0031902990488125,6,0.0005317165081354167
R-HSA-8863678,Neurodegenerative Diseases,0.0031902990488125,6,0.0005317165081354167
R-HSA-8863795,Downregulation of ERBB2 signaling,0.0065700554509642,8,0.000821256931370525
R-HSA-8864260,Transcriptional regulation by the AP-2 (TFAP2) family of transcription factors,0.007324527579744,9,0.0008138363977493333
R-HSA-8865999,MET activates PTPN11,0.0018572662210407,3,0.0006190887403469001
R-HSA-8866376,Reelin signalling pathway,0.0009288386253803,1,0.0009288386253803
R-HSA-8866423,VLDL assembly,0.0004334082995657,1,0.0004334082995657
R-HSA-8866427,VLDLR internalisation and degradation,0.0020995125974278,3,0.0006998375324759333
R-HSA-8866652,Synthesis of active ubiquitin: roles of E1 and E2 enzymes,0.0018598699040106,2,0.0009299349520053
R-HSA-8866654,E3 ubiquitin ligases ubiquitinate target proteins,0.002247995982562,3,0.0007493319941873334
R-HSA-8866907,Activation of the TFAP2 (AP-2) family of transcription factors,0.0013523210653637,1,0.0013523210653637
R-HSA-8866910,TFAP2 (AP-2) family regulates transcription of growth factors and their receptors,0.0043752419926645,5,0.0008750483985329001
R-HSA-8866911,TFAP2 (AP-2) family regulates transcription of cell cycle factors,0.0011904275496572,2,0.0005952137748286
R-HSA-8868773,rRNA processing in the nucleus and cytosol,0.0017622606837966,2,0.0008811303418983
R-HSA-8873719,RAB geranylgeranylation,0.0003242861691811,1,0.0003242861691811
R-HSA-8874081,MET activates PTK2 signaling,0.006901287392792,13,0.000530868260984
R-HSA-8875360,InlB-mediated entry of Listeria monocytogenes into host cell,0.0024876363099525,3,0.0008292121033175
R-HSA-8875513,MET interacts with TNS proteins,0.0020843236533393,3,0.0006947745511131
R-HSA-8875555,MET activates RAP1 and RAC1,0.0009205428437254999,2,0.00046027142186274997
R-HSA-8875656,MET receptor recycling,0.0009205428437254999,2,0.00046027142186274997
R-HSA-8875791,MET activates STAT3,0.0009205428437254999,2,0.00046027142186274997
R-HSA-8875878,MET promotes cell motility,0.0080650682024058,14,0.0005760763001718429
R-HSA-8876198,RAB GEFs exchange GTP for GDP on RABs,0.0006817392482758,2,0.0003408696241379
R-HSA-8876384,Listeria monocytogenes entry into host cells,0.0044622262371937,4,0.001115556559298425
R-HSA-8876493,InlA-mediated entry of Listeria monocytogenes into host cells,0.0033666314778826,2,0.0016833157389413
R-HSA-8876725,Protein methylation,0.0006308195185356,1,0.0006308195185356
R-HSA-8877330,RUNX1 and FOXP3 control the development of regulatory T lymphocytes (Tregs),0.0021487171272124,5,0.00042974342544248
R-HSA-8878159,Transcriptional regulation by RUNX3,0.0146075095625642,19,0.0007688162927665368
R-HSA-8878166,Transcriptional regulation by RUNX2,0.0138192480895837,22,0.0006281476404356227
R-HSA-8878171,Transcriptional regulation by RUNX1,0.0148111494178601,25,0.0005924459767144039
R-HSA-888568,GABA synthesis,0.0003309080242671,1,0.0003309080242671
R-HSA-888590,"GABA synthesis, release, reuptake and degradation",0.0032313839050321,7,0.00046162627214744285
R-HSA-8931987,RUNX1 regulates estrogen receptor mediated transcription,0.0016963610835716999,3,0.0005654536945238999
R-HSA-8934593,Regulation of RUNX1 Expression and Activity,0.0039143485659414,4,0.00097858714148535
R-HSA-8934903,Receptor Mediated Mitophagy,0.0019745899272412,1,0.0019745899272412
R-HSA-8935964,RUNX1 regulates expression of components of tight junctions,0.0008251802850514,2,0.0004125901425257
R-HSA-8936459,RUNX1 regulates genes involved in megakaryocyte differentiation and platelet function,0.0030269924450456,5,0.0006053984890091199
R-HSA-8939211,ESR-mediated signaling,0.0283154729943635,44,0.000643533477144625
R-HSA-8939236,RUNX1 regulates transcription of genes involved in differentiation of HSCs,0.0030540448448877,6,0.00050900747414795
R-HSA-8939242,RUNX1 regulates transcription of genes involved in differentiation of keratinocytes,0.0006744163126192,2,0.0003372081563096
R-HSA-8939243,RUNX1 interacts with co-factors whose precise effect on RUNX1 targets is not known,0.0020236728604655,3,0.0006745576201551666
R-HSA-8939245,RUNX1 regulates transcription of genes involved in BCR signaling,0.0003718799344757,1,0.0003718799344757
R-HSA-8939246,RUNX1 regulates transcription of genes involved in differentiation of myeloid cells,0.0017747764342345,4,0.000443694108558625
R-HSA-8939247,RUNX1 regulates transcription of genes involved in interleukin signaling,0.0003718799344757,1,0.0003718799344757
R-HSA-8939256,RUNX1 regulates transcription of genes involved in WNT signaling,0.0020852425362179,4,0.000521310634054475
R-HSA-8939902,Regulation of RUNX2 expression and activity,0.0048789242727283,7,0.0006969891818183286
R-HSA-8940973,RUNX2 regulates osteoblast differentiation,0.0051697184359444,8,0.00064621480449305
R-HSA-8941284,RUNX2 regulates chondrocyte maturation,0.0008063015308411999,2,0.00040315076542059996
R-HSA-8941326,RUNX2 regulates bone development,0.0054642500127555,9,0.0006071388903061667
R-HSA-8941332,RUNX2 regulates genes involved in cell migration,0.0012358815054873,3,0.0004119605018291
R-HSA-8941333,RUNX2 regulates genes involved in differentiation of myeloid cells,0.0008836498885058,2,0.0004418249442529
R-HSA-8941855,RUNX3 regulates CDKN1A transcription,0.0035045763494806,4,0.00087614408737015
R-HSA-8941856,RUNX3 regulates NOTCH signaling,0.0025743920047004,3,0.0008581306682334666
R-HSA-8941858,Regulation of RUNX3 expression and activity,0.0060592601034739,6,0.0010098766839123166
R-HSA-8943723,Regulation of PTEN mRNA translation,0.0006833071952439,1,0.0006833071952439
R-HSA-8943724,Regulation of PTEN gene transcription,0.0055828096415418,8,0.000697851205192725
R-HSA-8948216,Collagen chain trimerization,0.0013318396504716,4,0.0003329599126179
R-HSA-8948747,Regulation of PTEN localization,0.0020753487458853,2,0.00103767437294265
R-HSA-8948751,Regulation of PTEN stability and activity,0.00243280182498,3,0.0008109339416600001
R-HSA-8950505,Gene and protein expression by JAK-STAT signaling after Interleukin-12 stimulation,0.0009886225962633,2,0.00049431129813165
R-HSA-8951430,RUNX3 regulates WNT signaling,0.0021052746417073998,4,0.0005263186604268499
R-HSA-8951664,Neddylation,0.0052068679133666,10,0.00052068679133666
R-HSA-8951671,RUNX3 regulates YAP1-mediated transcription,0.000351273306735,1,0.000351273306735
R-HSA-8951936,RUNX3 regulates p14-ARF,0.0038058053076092,5,0.00076116106152184
R-HSA-8952158,RUNX3 regulates BCL2L11 (BIM) transcription,0.0013010173104052,2,0.0006505086552026
R-HSA-8953750,Transcriptional Regulation by E2F6,0.0036609917694048,8,0.0004576239711756
R-HSA-8953854,Metabolism of RNA,0.0051974499715145995,8,0.0006496812464393249
R-HSA-8953897,Cellular responses to stimuli,0.0517156084398458,96,0.0005387042545817271
R-HSA-8957275,Post-translational protein phosphorylation,0.0067087770396492,13,0.0005160597722807076
R-HSA-8957322,Metabolism of steroids,0.0046708659256884996,11,0.00042462417506259085
R-HSA-8963693,Aspartate and asparagine metabolism,0.000330141307373,1,0.000330141307373
R-HSA-8963888,Chylomicron assembly,0.0013170116165359,3,0.0004390038721786333
R-HSA-8963889,Assembly of active LPL and LIPC lipase complexes,0.0006933613966468,2,0.0003466806983234
R-HSA-8963896,HDL assembly,0.0013045149431347,2,0.00065225747156735
R-HSA-8963898,Plasma lipoprotein assembly,0.002144460214759,4,0.00053611505368975
R-HSA-8963899,Plasma lipoprotein remodeling,0.002725151065269,6,0.0004541918442115
R-HSA-8963901,Chylomicron remodeling,0.0017222548253395,4,0.000430563706334875
R-HSA-8964011,HDL clearance,0.0004770663449116,1,0.0004770663449116
R-HSA-8964026,Chylomicron clearance,0.0008399452716243,2,0.00041997263581215
R-HSA-8964038,LDL clearance,0.0011408793463521,3,0.0003802931154507
R-HSA-8964041,LDL remodeling,0.0004334082995657,1,0.0004334082995657
R-HSA-8964043,Plasma lipoprotein clearance,0.0034165242139637,6,0.0005694207023272833
R-HSA-8964046,VLDL clearance,0.0004334082995657,1,0.0004334082995657
R-HSA-8964058,HDL remodeling,0.0015983813690565,3,0.0005327937896855
R-HSA-8964315,G beta:gamma signalling through BTK,0.0023689152869185,6,0.00039481921448641667
R-HSA-8964539,Glutamate and glutamine metabolism,0.000330141307373,1,0.000330141307373
R-HSA-8964616,G beta:gamma signalling through CDC42,0.002471212154348,6,0.00041186869239133336
R-HSA-8978868,Fatty acid metabolism,0.0022072283820567,6,0.00036787139700945
R-HSA-8978934,Metabolism of cofactors,0.0015062611634268,2,0.0007531305817134
R-HSA-8979227,Triglyceride metabolism,0.0022387810507809,3,0.0007462603502602999
R-HSA-8980692,RHOA GTPase cycle,0.0036740699654378003,7,0.0005248671379196858
R-HSA-8982491,Glycogen metabolism,0.0013920415506414,1,0.0013920415506414
R-HSA-8983432,Interleukin-15 signaling,0.0027941125057087,6,0.00046568541761811665
R-HSA-8983711,OAS antiviral response,0.0004217626375761,1,0.0004217626375761
R-HSA-8984722,Interleukin-35 Signalling,0.002081536054775,3,0.0006938453515916666
R-HSA-8985947,Interleukin-9 signaling,0.0028573367893367,6,0.00047622279822278333
R-HSA-8986944,Transcriptional Regulation by MECP2,0.0076318568121536,16,0.0004769910507596
R-HSA-9005891,Loss of function of MECP2 in Rett syndrome,0.0007679610710564001,2,0.00038398053552820004
R-HSA-9005895,Pervasive developmental disorders,0.0007679610710564001,2,0.00038398053552820004
R-HSA-9006115,Signaling by NTRK2 (TRKB),0.0113909876427829,13,0.0008762298186756076
R-HSA-9006335,Signaling by Erythropoietin,0.0095157450602626,13,0.0007319803892509692
R-HSA-9006925,Intracellular signaling by second messengers,0.0374500925097867,68,0.0005507366545556868
R-HSA-9006927,Signaling by Non-Receptor Tyrosine Kinases,0.0116382598994704,16,0.0007273912437169
R-HSA-9006931,Signaling by Nuclear Receptors,0.0300613957955529,48,0.0006262790790740187
R-HSA-9006934,Signaling by Receptor Tyrosine Kinases,0.0600170435268708,106,0.0005661985238384038
R-HSA-9006936,Signaling by TGFB family members,0.014973252369737,26,0.0005758943219129615
R-HSA-9007101,Rab regulation of trafficking,0.0006817392482758,2,0.0003408696241379
R-HSA-9007892,Interleukin-38 signaling,0.0006626098724174,1,0.0006626098724174
R-HSA-9008059,Interleukin-37 signaling,0.0021924314121077,3,0.0007308104707025666
R-HSA-9009391,Extra-nuclear estrogen signaling,0.021130367324245,31,0.000681624752395
R-HSA-901032,ER Quality Control Compartment (ERQC),0.0013920415506414,1,0.0013920415506414
R-HSA-901042,Calnexin/calreticulin cycle,0.0016834471996745,2,0.00084172359983725
R-HSA-9010553,Regulation of expression of SLITs and ROBOs,0.0017622606837966,2,0.0008811303418983
R-HSA-9010642,ROBO receptors bind AKAP5,0.00188226875667,3,0.00062742291889
R-HSA-9012546,Interleukin-18 signaling,0.0003391139000586,1,0.0003391139000586
R-HSA-9012852,Signaling by NOTCH3,0.0077166231467813,9,0.0008574025718645889
R-HSA-9012999,RHO GTPase cycle,0.0146737220688995,24,0.0006114050862041459
R-HSA-9013026,RHOB GTPase cycle,0.003281855981418,6,0.000546975996903
R-HSA-9013106,RHOC GTPase cycle,0.0028941945238493,5,0.00057883890476986
R-HSA-9013148,CDC42 GTPase cycle,0.0037774704008259,7,0.0005396386286894143
R-HSA-9013149,RAC1 GTPase cycle,0.0069500689213806,11,0.0006318244473982363
R-HSA-9013404,RAC2 GTPase cycle,0.0063528711968523,10,0.0006352871196852299
R-HSA-9013405,RHOD GTPase cycle,0.0025709907240924,4,0.0006427476810231
R-HSA-9013406,RHOQ GTPase cycle,0.0024870684817951,5,0.0004974136963590201
R-HSA-9013407,RHOH GTPase cycle,0.002645771924445,5,0.000529154384889
R-HSA-9013408,RHOG GTPase cycle,0.0034033208964583,4,0.000850830224114575
R-HSA-9013409,RHOJ GTPase cycle,0.0037797323089943003,7,0.0005399617584277572
R-HSA-9013418,RHOBTB2 GTPase cycle,0.0011668691714855,1,0.0011668691714855
R-HSA-9013420,RHOU GTPase cycle,0.0046206582895336,6,0.0007701097149222666
R-HSA-9013423,RAC3 GTPase cycle,0.0045895937201258005,7,0.0006556562457322573
R-HSA-9013424,RHOV GTPase cycle,0.0019243648455683,3,0.0006414549485227667
R-HSA-9013507,NOTCH3 Activation and Transmission of Signal to the Nucleus,0.0036535237245815,3,0.0012178412415271666
R-HSA-9013508,NOTCH3 Intracellular Domain Regulates Transcription,0.0040630994221998,6,0.0006771832370333
R-HSA-9013694,Signaling by NOTCH4,0.0056565048502906,7,0.0008080721214700857
R-HSA-9013695,NOTCH4 Intracellular Domain Regulates Transcription,0.0037312716306851,5,0.00074625432613702
R-HSA-9013700,NOTCH4 Activation and Transmission of Signal to the Nucleus,0.0005331916689641,1,0.0005331916689641
R-HSA-9013973,TICAM1-dependent activation of IRF3/IRF7,0.0013920415506414,1,0.0013920415506414
R-HSA-9014325,"TICAM1,TRAF6-dependent induction of TAK1 complex",0.0013920415506414,1,0.0013920415506414
R-HSA-9018519,Estrogen-dependent gene expression,0.0108741168156236,18,0.0006041176008679777
R-HSA-9018677,Biosynthesis of DHA-derived SPMs,0.0014451973886798,4,0.00036129934716995
R-HSA-9018678,Biosynthesis of specialized proresolving mediators (SPMs),0.0014451973886798,4,0.00036129934716995
R-HSA-9018679,Biosynthesis of EPA-derived SPMs,0.0003056326564672,1,0.0003056326564672
R-HSA-9018681,Biosynthesis of protectins,0.0003847605320681,1,0.0003847605320681
R-HSA-9018682,Biosynthesis of maresins,0.0007548042001445,2,0.00037740210007225
R-HSA-9018683,Biosynthesis of DPA-derived SPMs,0.0003056326564672,1,0.0003056326564672
R-HSA-9020558,Interleukin-2 signaling,0.0042895161931036,9,0.00047661291034484444
R-HSA-9020591,Interleukin-12 signaling,0.0023597956391987,4,0.000589948909799675
R-HSA-9020702,Interleukin-1 signaling,0.0067106600263371,10,0.00067106600263371
R-HSA-9020933,Interleukin-23 signaling,0.0007917556784322,1,0.0007917556784322
R-HSA-9020956,Interleukin-27 signaling,0.002081536054775,3,0.0006938453515916666
R-HSA-9020958,Interleukin-21 signaling,0.0028573367893367,6,0.00047622279822278333
R-HSA-9022537,Loss of MECP2 binding ability to the NCoR/SMRT complex,0.0007679610710564001,2,0.00038398053552820004
R-HSA-9022692,Regulation of MECP2 expression and activity,0.0031715833901299,7,0.0004530833414471286
R-HSA-9022699,MECP2 regulates neuronal receptors and channels,0.0023583425684782,5,0.00047166851369564
R-HSA-9022702,MECP2 regulates transcription of neuronal ligands,0.0004572547750658,1,0.0004572547750658
R-HSA-9022707,MECP2 regulates transcription factors,0.0005921563913649,1,0.0005921563913649
R-HSA-9022927,MECP2 regulates transcription of genes involved in GABA signaling,0.0003309080242671,1,0.0003309080242671
R-HSA-9024446,NR1H2 and NR1H3-mediated signaling,0.0035462939085829,6,0.0005910489847638167
R-HSA-9024909,BDNF activates NTRK2 (TRKB) signaling,0.0007961641391609001,2,0.00039808206958045003
R-HSA-9025046,NTF3 activates NTRK2 (TRKB) signaling,0.0003389093640951,1,0.0003389093640951
R-HSA-9025094,Biosynthesis of DPAn-3 SPMs,0.0003056326564672,1,0.0003056326564672
R-HSA-9026357,NTF4 activates NTRK2 (TRKB) signaling,0.0003389093640951,1,0.0003389093640951
R-HSA-9026519,Activated NTRK2 signals through RAS,0.0046561874250127,6,0.0007760312375021168
R-HSA-9026527,Activated NTRK2 signals through PLCG1,0.0007961641391609001,2,0.00039808206958045003
R-HSA-9027276,Erythropoietin activates Phosphoinositide-3-kinase (PI3K),0.0038752596580829,5,0.00077505193161658
R-HSA-9027277,Erythropoietin activates Phospholipase C gamma (PLCG),0.0019613871103544,3,0.0006537957034514667
R-HSA-9027283,Erythropoietin activates STAT5,0.0023714107054985,4,0.000592852676374625
R-HSA-9027284,Erythropoietin activates RAS,0.005724512111644,7,0.0008177874445205714
R-HSA-9027307,Biosynthesis of maresin-like SPMs,0.0007548042001445,2,0.00037740210007225
R-HSA-9027604,Biosynthesis of electrophilic ω-3 PUFA oxo-derivatives,0.0003056326564672,1,0.0003056326564672
R-HSA-9028335,Activated NTRK2 signals through PI3K,0.0028872062045493,4,0.000721801551137325
R-HSA-9028731,Activated NTRK2 signals through FRS2 and FRS3,0.0055929108023279,7,0.0007989872574754143
R-HSA-9029558,NR1H2 & NR1H3 regulate gene expression linked to lipogenesis,0.0005714247580744,1,0.0005714247580744
R-HSA-9029569,NR1H3 & NR1H2 regulate gene expression linked to cholesterol transport and efflux,0.0035462939085829,6,0.0005910489847638167
R-HSA-9031525,NR1H2 & NR1H3 regulate gene expression to limit cholesterol uptake ,0.0005714247580744,1,0.0005714247580744
R-HSA-9031528,NR1H2 & NR1H3 regulate gene expression linked to triglyceride lipolysis in adipose,0.0005714247580744,1,0.0005714247580744
R-HSA-9031628,NGF-stimulated transcription,0.003077319762969,5,0.0006154639525938
R-HSA-9032500,Activated NTRK2 signals through FYN,0.004161327663594901,5,0.0008322655327189801
R-HSA-9032759,NTRK2 activates RAC1,0.0017250027645412,3,0.0005750009215137334
R-HSA-9032845,Activated NTRK2 signals through CDK5,0.0011380353897935,3,0.00037934512993116664
R-HSA-9033241,Peroxisomal protein import,0.0021427238108776,3,0.0007142412702925333
R-HSA-9034015,Signaling by NTRK3 (TRKC),0.0083889337762705,8,0.0010486167220338126
R-HSA-9034864,Activated NTRK3 signals through RAS,0.0038600232858518003,4,0.0009650058214629501
R-HSA-9035034,RHOF GTPase cycle,0.0022349875603934,3,0.0007449958534644667
R-HSA-9036866,Expression and Processing of Neurotrophins,0.0007467473670532999,2,0.00037337368352664997
R-HSA-909733,Interferon alpha/beta signaling,0.005381397644341,9,0.0005979330715934444
R-HSA-912446,Meiotic recombination,0.0022527465342718,5,0.00045054930685435997
R-HSA-912526,Interleukin receptor SHC signaling,0.0071728970275255,13,0.0005517613098096538
R-HSA-912631,Regulation of signaling by CBL,0.0085396699530916,13,0.0006568976886993539
R-HSA-912694,Regulation of IFNA/IFNB signaling,0.002969428389212,5,0.0005938856778424
R-HSA-913531,Interferon Signaling,0.0161549624909099,30,0.0005384987496969967
R-HSA-913709,O-linked glycosylation of mucins,0.0010263406800995,3,0.0003421135600331667
R-HSA-917729,Endosomal Sorting Complex Required For Transport (ESCRT),0.0013920415506414,1,0.0013920415506414
R-HSA-917937,Iron uptake and transport,0.0013920415506414,1,0.0013920415506414
R-HSA-918233,TRAF3-dependent IRF activation pathway,0.0013523210653637,1,0.0013523210653637
R-HSA-927802,Nonsense-Mediated Decay (NMD),0.0017622606837966,2,0.0008811303418983
R-HSA-933541,TRAF6 mediated IRF7 activation,0.0017468744054695,2,0.00087343720273475
R-HSA-933542,TRAF6 mediated NF-kB activation,0.0023190810662962,5,0.00046381621325924
R-HSA-933543,NF-kB activation through FADD/RIP-1 pathway mediated by caspase-8 and -10,0.000484376113888,1,0.000484376113888
R-HSA-936440,Negative regulators of DDX58/IFIH1 signaling,0.0013920415506414,1,0.0013920415506414
R-HSA-936837,Ion transport by P-type ATPases,0.0011932969836688,3,0.00039776566122293335
R-HSA-936964,"Activation of IRF3, IRF7 mediated by TBK1, IKKε (IKBKE)",0.0029146547515552,3,0.0009715515838517333
R-HSA-937039,IRAK1 recruits IKK complex,0.0018764176645294,2,0.0009382088322647
R-HSA-937041,IKK complex recruitment mediated by RIP1,0.002462307488128,3,0.0008207691627093334
R-HSA-937042,IRAK2 mediated activation of TAK1 complex,0.0013920415506414,1,0.0013920415506414
R-HSA-937061,TRIF (TICAM1)-mediated TLR4 signaling ,0.0105881181450873,15,0.00070587454300582
R-HSA-937072,TRAF6-mediated induction of TAK1 complex within TLR4 complex,0.00197793137424,2,0.00098896568712
R-HSA-948021,Transport to the Golgi and subsequent modification,0.001005427309306,3,0.0003351424364353333
R-HSA-9603381,Activated NTRK3 signals through PI3K,0.0045289104904187,4,0.001132227622604675
R-HSA-9603798,Class I peroxisomal membrane protein import,0.0002865396194994,1,0.0002865396194994
R-HSA-9604323,Negative regulation of NOTCH4 signaling,0.0019252332196055,2,0.00096261660980275
R-HSA-9607240,FLT3 Signaling,0.0135695671953207,18,0.0007538648441844833
R-HSA-9609507,Protein localization,0.0041117226861095,7,0.0005873889551585
R-HSA-9609523,Insertion of tail-anchored proteins into the endoplasmic reticulum membrane,0.0019689988752319,4,0.000492249718807975
R-HSA-9609646,HCMV Infection,0.0046784975194838,7,0.0006683567884976857
R-HSA-9609690,HCMV Early Events,0.0046784975194838,7,0.0006683567884976857
R-HSA-9609736,Assembly and cell surface presentation of NMDA receptors,0.005314867003836,12,0.000442905583653
R-HSA-9612973,Autophagy,0.0068758358701121,8,0.0008594794837640125
R-HSA-9613354,Lipophagy,0.0006308195185356,1,0.0006308195185356
R-HSA-9613829,Chaperone Mediated Autophagy,0.0040931628459416995,5,0.0008186325691883399
R-HSA-9614085,FOXO-mediated transcription,0.0091428949776281,17,0.0005378173516251824
R-HSA-9614399,Regulation of localization of FOXO transcription factors,0.0022121799583852,5,0.00044243599167704
R-HSA-9614657,FOXO-mediated transcription of cell death genes,0.0026839710667357,4,0.000670992766683925
R-HSA-9615017,"FOXO-mediated transcription of oxidative stress, metabolic and neuronal genes",0.004547952789148,9,0.0005053280876831111
R-HSA-9615710,Late endosomal microautophagy,0.0025862804801674,3,0.0008620934933891333
R-HSA-9616222,Transcriptional regulation of granulopoiesis,0.0049297344090967,9,0.0005477482676774111
R-HSA-9617324,Negative regulation of NMDA receptor-mediated neuronal transmission,0.0046484782762963,10,0.00046484782762963003
R-HSA-9617629,Regulation of FOXO transcriptional activity by acetylation,0.0029123114687009998,4,0.0007280778671752499
R-HSA-9617828,FOXO-mediated transcription of cell cycle genes,0.0029927166425927,5,0.0005985433285185399
R-HSA-9619665,EGR2 and SOX10-mediated initiation of Schwann cell myelination,0.0015949507784793,4,0.000398737694619825
R-HSA-9620244,Long-term potentiation,0.007877703910744,14,0.0005626931364817143
R-HSA-9623433,NR1H2 & NR1H3 regulate gene expression to control bile acid homeostasis,0.0014894748516971,3,0.0004964916172323666
R-HSA-9630747,Diseases of Cellular Senescence,0.0003469955804465,1,0.0003469955804465
R-HSA-9630750,Evasion of Oncogene Induced Senescence Due to p16INK4A Defects,0.0003469955804465,1,0.0003469955804465
R-HSA-9630791,Evasion of Oncogene Induced Senescence Due to Defective p16INK4A binding to CDK4,0.0003469955804465,1,0.0003469955804465
R-HSA-9630794,Evasion of Oncogene Induced Senescence Due to Defective p16INK4A binding to CDK4 and CDK6,0.0003469955804465,1,0.0003469955804465
R-HSA-9632693,Evasion of Oxidative Stress Induced Senescence Due to p16INK4A Defects,0.0003469955804465,1,0.0003469955804465
R-HSA-9632697,Evasion of Oxidative Stress Induced Senescence Due to Defective p16INK4A binding to CDK4,0.0003469955804465,1,0.0003469955804465
R-HSA-9632700,Evasion of Oxidative Stress Induced Senescence Due to Defective p16INK4A binding to CDK4 and CDK6,0.0003469955804465,1,0.0003469955804465
R-HSA-9632974,NR1H2 & NR1H3 regulate gene expression linked to gluconeogenesis ,0.0005714247580744,1,0.0005714247580744
R-HSA-9633012,Response of EIF2AK4 (GCN2) to amino acid deficiency,0.0017622606837966,2,0.0008811303418983
R-HSA-9634285,Constitutive Signaling by Overexpressed ERBB2,0.0056814640034747,6,0.0009469106672457834
R-HSA-9634597,GPER1 signaling,0.0116511947453975,21,0.000554818797399881
R-HSA-9634600,"Regulation of glycolysis by fructose 2,6-bisphosphate metabolism",0.0008274485982231,1,0.0008274485982231
R-HSA-9634635,Estrogen-stimulated signaling through PRKCZ,0.003603540361351,4,0.00090088509033775
R-HSA-9634638,Estrogen-dependent nuclear events downstream of ESR-membrane signaling,0.0050215736723598,8,0.000627696709044975
R-HSA-9634815,Transcriptional Regulation by NPAS4,0.0027386788128791,6,0.0004564464688131833
R-HSA-9635486,Infection with Mycobacterium tuberculosis,0.0021326112780289,3,0.0007108704260096332
R-HSA-9636383,Prevention of phagosomal-lysosomal fusion,0.0013920415506414,1,0.0013920415506414
R-HSA-9637628,Modulation by Mtb of host immune system,0.0021326112780289,3,0.0007108704260096332
R-HSA-9637687,Suppression of phagosomal maturation,0.0013920415506414,1,0.0013920415506414
R-HSA-9637690,Response of Mtb to phagocytosis,0.0013920415506414,1,0.0013920415506414
R-HSA-9638630,Attachment of bacteria to epithelial cells,0.0019866232522591,4,0.000496655813064775
R-HSA-9640148,Infection with Enterobacteria,0.0033786648029005,5,0.0006757329605801
R-HSA-9645135,STAT5 Activation,0.0018358592410413,3,0.0006119530803471
R-HSA-9645460,Alpha-protein kinase 1 signaling pathway,0.0013920415506414,1,0.0013920415506414
R-HSA-9645722,Defective Intrinsic Pathway for Apoptosis Due to p14ARF Loss of Function,0.0003469955804465,1,0.0003469955804465
R-HSA-9645723,Diseases of programmed cell death,0.0069758483774813,12,0.0005813206981234417
R-HSA-9646303,Evasion of Oncogene Induced Senescence Due to p14ARF Defects,0.0003469955804465,1,0.0003469955804465
R-HSA-9646304,Evasion of Oxidative Stress Induced Senescence Due to p14ARF Defects,0.0003469955804465,1,0.0003469955804465
R-HSA-9646399,Aggrephagy,0.0031223301331172997,3,0.0010407767110391
R-HSA-9648002,RAS processing,0.0046049261082816,4,0.0011512315270704
R-HSA-9648025,EML4 and NUDC in mitotic spindle formation,0.007853556719188401,16,0.0004908472949492751
R-HSA-964975,Vitamin B6 activation to pyridoxal phosphate,0.0003180967150309,1,0.0003180967150309
R-HSA-9649913,RAS GTPase cycle mutants,0.0032128845576402,3,0.0010709615192134
R-HSA-9649948,Signaling downstream of RAS mutants,0.0109203130753586,15,0.0007280208716905734
R-HSA-9651496,Defects of contact activation system (CAS) and kallikrein/kinin system (KKS),0.0003939212303539,1,0.0003939212303539
R-HSA-9652282,Drug-mediated inhibition of ERBB2 signaling,0.0018214407176229,2,0.00091072035881145
R-HSA-9656223,Signaling by RAF1 mutants,0.0109203130753586,15,0.0007280208716905734
R-HSA-9658195,Leishmania infection,0.0209939634570346,42,0.0004998562727865381
R-HSA-9659379,Sensory processing of sound,0.00276934221187,6,0.00046155703531166665
R-HSA-9659787,Aberrant regulation of mitotic G1/S transition in cancer due to RB1 defects,0.0018487035690491998,4,0.00046217589226229996
R-HSA-9660821,ADORA2B mediated anti-inflammatory cytokines production,0.0079493670066325,18,0.00044163150036847224
R-HSA-9660826,Purinergic signaling in leishmaniasis infection,0.001606709741883,3,0.0005355699139609999
R-HSA-9661069,"Defective binding of RB1 mutants to E2F1,(E2F2, E2F3)",0.0018487035690491998,4,0.00046217589226229996
R-HSA-9661070,Defective translocation of RB1 mutants to the nucleus,0.0004944047883751,1,0.0004944047883751
R-HSA-9662001,Defective factor VIII causes hemophilia A,0.0003939212303539,1,0.0003939212303539
R-HSA-9662360,Sensory processing of sound by inner hair cells of the cochlea,0.00276934221187,6,0.00046155703531166665
R-HSA-9662361,Sensory processing of sound by outer hair cells of the cochlea,0.00083576230093,2,0.000417881150465
R-HSA-9662834,CD163 mediating an anti-inflammatory response,0.0017051957184536,3,0.0005683985728178667
R-HSA-9662851,Anti-inflammatory response favouring Leishmania parasite infection,0.0159360209999705,32,0.0004980006562490782
R-HSA-9663199,Defective DNA double strand break response due to BRCA1 loss of function,0.000920631709943,2,0.0004603158549715
R-HSA-9663891,Selective autophagy,0.0065358226758233,7,0.0009336889536890429
R-HSA-9664323,FCGR3A-mediated IL10 synthesis,0.011042563559183401,22,0.0005019347072356092
R-HSA-9664407,Parasite infection,0.0070312193581678,12,0.0005859349465139834
R-HSA-9664417,Leishmania phagocytosis,0.0070312193581678,12,0.0005859349465139834
R-HSA-9664420,Killing mechanisms,0.0023465466829438,4,0.00058663667073595
R-HSA-9664422,FCGR3A-mediated phagocytosis,0.0070312193581678,12,0.0005859349465139834
R-HSA-9664424,Cell recruitment (pro-inflammatory response),0.001606709741883,3,0.0005355699139609999
R-HSA-9664433,Leishmania parasite growth and survival,0.0159360209999705,32,0.0004980006562490782
R-HSA-9664565,Signaling by ERBB2 KD Mutants,0.0107716261724683,12,0.0008976355143723583
R-HSA-9664873,Pexophagy,0.0022001246475706,3,0.0007333748825235333
R-HSA-9665230,Drug resistance in ERBB2 KD mutants,0.0018214407176229,2,0.00091072035881145
R-HSA-9665233,Resistance of ERBB2 KD mutants to trastuzumab,0.0018214407176229,2,0.00091072035881145
R-HSA-9665244,Resistance of ERBB2 KD mutants to sapitinib,0.0018214407176229,2,0.00091072035881145
R-HSA-9665245,Resistance of ERBB2 KD mutants to tesevatinib,0.0018214407176229,2,0.00091072035881145
R-HSA-9665246,Resistance of ERBB2 KD mutants to neratinib,0.0018214407176229,2,0.00091072035881145
R-HSA-9665247,Resistance of ERBB2 KD mutants to osimertinib,0.0018214407176229,2,0.00091072035881145
R-HSA-9665249,Resistance of ERBB2 KD mutants to afatinib,0.0018214407176229,2,0.00091072035881145
R-HSA-9665250,Resistance of ERBB2 KD mutants to AEE788,0.0018214407176229,2,0.00091072035881145
R-HSA-9665251,Resistance of ERBB2 KD mutants to lapatinib,0.0018214407176229,2,0.00091072035881145
R-HSA-9665348,Signaling by ERBB2 ECD mutants,0.0100339882428032,10,0.00100339882428032
R-HSA-9665686,Signaling by ERBB2 TMD/JMD mutants,0.0086805841070799,10,0.0008680584107079901
R-HSA-9665737,Drug resistance in ERBB2 TMD/JMD mutants,0.0018214407176229,2,0.00091072035881145
R-HSA-9669914,Dasatinib-resistant KIT mutants,0.0005364384312015,1,0.0005364384312015
R-HSA-9669917,Imatinib-resistant KIT mutants,0.0005364384312015,1,0.0005364384312015
R-HSA-9669921,KIT mutants bind TKIs,0.0005364384312015,1,0.0005364384312015
R-HSA-9669924,Masitinib-resistant KIT mutants,0.0005364384312015,1,0.0005364384312015
R-HSA-9669926,Nilotinib-resistant KIT mutants,0.0005364384312015,1,0.0005364384312015
R-HSA-9669929,Regorafenib-resistant KIT mutants,0.0005364384312015,1,0.0005364384312015
R-HSA-9669933,Signaling by kinase domain mutants of KIT,0.0005364384312015,1,0.0005364384312015
R-HSA-9669934,Sunitinib-resistant KIT mutants,0.0005364384312015,1,0.0005364384312015
R-HSA-9669935,Signaling by juxtamembrane domain KIT mutants,0.0005364384312015,1,0.0005364384312015
R-HSA-9669936,Sorafenib-resistant KIT mutants,0.0005364384312015,1,0.0005364384312015
R-HSA-9669937,Drug resistance of KIT mutants,0.0005364384312015,1,0.0005364384312015
R-HSA-9669938,Signaling by KIT in disease,0.0143650298168735,18,0.0007980572120485278
R-HSA-9670439,"Signaling by phosphorylated juxtamembrane, extracellular and kinase domain KIT mutants",0.0143650298168735,18,0.0007980572120485278
R-HSA-9671555,Signaling by PDGFR in disease,0.008021831037283201,10,0.0008021831037283201
R-HSA-9671793,Diseases of hemostasis,0.0011237636311261,3,0.00037458787704203336
R-HSA-9672391,Defective F8 cleavage by thrombin,0.0003939212303539,1,0.0003939212303539
R-HSA-9672393,Defective F8 binding to von Willebrand factor,0.0003939212303539,1,0.0003939212303539
R-HSA-9673324,WNT5:FZD7-mediated leishmania damping,0.0023465466829438,4,0.00058663667073595
R-HSA-9673767,"Signaling by PDGFRA transmembrane, juxtamembrane and kinase domain mutants",0.0073919409995002,9,0.0008213267777222445
R-HSA-9673768,Signaling by membrane-tethered fusions of PDGFRA or PDGFRB,0.000629890037783,1,0.000629890037783
R-HSA-9673770,Signaling by PDGFRA extracellular domain mutants,0.0073919409995002,9,0.0008213267777222445
R-HSA-9674396,Imatinib-resistant PDGFR mutants,0.0003428511788517,1,0.0003428511788517
R-HSA-9674401,Sunitinib-resistant PDGFR mutants,0.0003428511788517,1,0.0003428511788517
R-HSA-9674403,Regorafenib-resistant PDGFR mutants,0.0003428511788517,1,0.0003428511788517
R-HSA-9674404,Sorafenib-resistant PDGFR mutants,0.0003428511788517,1,0.0003428511788517
R-HSA-9674415,Drug resistance of PDGFR mutants,0.0003428511788517,1,0.0003428511788517
R-HSA-9674428,PDGFR mutants bind TKIs,0.0003428511788517,1,0.0003428511788517
R-HSA-9674555,Signaling by CSF3 (G-CSF),0.0082022399586174,12,0.00068351999655145
R-HSA-9675108,Nervous system development,0.0396151290779608,69,0.0005741323054776928
R-HSA-9675126,Diseases of mitotic cell cycle,0.0023165319224184,5,0.00046330638448368
R-HSA-9675132,Diseases of cellular response to stress,0.0003469955804465,1,0.0003469955804465
R-HSA-9675135,Diseases of DNA repair,0.0037828301081292,9,0.0004203144564588
R-HSA-9675136,Diseases of DNA Double-Strand Break Repair,0.0037828301081292,9,0.0004203144564588
R-HSA-9675151,Disorders of Developmental Biology,0.0007679610710564001,2,0.00038398053552820004
R-HSA-9678108,SARS-CoV-1 Infection,0.0071203177393432,11,0.0006473016126675636
R-HSA-9679191,Potential therapeutics for SARS,0.0092357299936374,16,0.0005772331246023375
R-HSA-9679506,SARS-CoV Infections,0.02399223756826,44,0.0005452781265513636
R-HSA-9679514,SARS-CoV-1 Genome Replication and Transcription,0.0004944047883751,1,0.0004944047883751
R-HSA-9680187,Signaling by extracellular domain mutants of KIT,0.0005364384312015,1,0.0005364384312015
R-HSA-9680350,Signaling by CSF1 (M-CSF) in myeloid cells,0.0129246582338582,16,0.0008077911396161375
R-HSA-9682385,FLT3 signaling in disease,0.0102058722757721,12,0.0008504893563143417
R-HSA-9682706,Replication of the SARS-CoV-1 genome,0.0004944047883751,1,0.0004944047883751
R-HSA-9683683,Maturation of protein E,0.0013920415506414,1,0.0013920415506414
R-HSA-9683701,Translation of Structural Proteins,0.0013920415506414,1,0.0013920415506414
R-HSA-9686114,Non-canonical inflammasome activation,0.0005642039228493,1,0.0005642039228493
R-HSA-9687136,Aberrant regulation of mitotic exit in cancer due to RB1 defects,0.0009622331417443,2,0.00048111657087215
R-HSA-9687139,Aberrant regulation of mitotic cell cycle due to RB1 defects,0.0023165319224184,5,0.00046330638448368
R-HSA-9690406,Transcriptional regulation of testis differentiation,0.0003643979307926,1,0.0003643979307926
R-HSA-9692914,SARS-CoV-1-host interactions,0.0066259129509681,10,0.00066259129509681
R-HSA-9692916,SARS-CoV-1 activates/modulates innate immune responses,0.0024746942296976,4,0.0006186735574244
R-HSA-9693928,Defective RIPK1-mediated regulated necrosis,0.0003945533401058,1,0.0003945533401058
R-HSA-9694493,Maturation of protein E,0.0013920415506414,1,0.0013920415506414
R-HSA-9694516,SARS-CoV-2 Infection,0.0138330144522904,27,0.0005123338686033482
R-HSA-9694614,Attachment and Entry,0.0031187973047196,8,0.00038984966308995
R-HSA-9694635,Translation of Structural Proteins,0.0013920415506414,1,0.0013920415506414
R-HSA-9694682,SARS-CoV-2 Genome Replication and Transcription,0.0004944047883751,1,0.0004944047883751
R-HSA-9694686,Replication of the SARS-CoV-2 genome,0.0004944047883751,1,0.0004944047883751
R-HSA-9696264,RND3 GTPase cycle,0.0022349875603934,3,0.0007449958534644667
R-HSA-9696270,RND2 GTPase cycle,0.0025215271798928003,4,0.0006303817949732001
R-HSA-9696273,RND1 GTPase cycle,0.0025215271798928003,4,0.0006303817949732001
R-HSA-9697154,Disorders of Nervous System Development,0.0007679610710564001,2,0.00038398053552820004
R-HSA-9699150,Defective DNA double strand break response due to BARD1 loss of function,0.000920631709943,2,0.0004603158549715
R-HSA-9700206,Signaling by ALK in cancer,0.015310612756862501,23,0.0006656788155157609
R-HSA-9700645,ALK mutants bind TKIs,0.0017543938478114,3,0.0005847979492704667
R-HSA-9701190,Defective homologous recombination repair (HRR) due to BRCA2 loss of function,0.0037828301081292,9,0.0004203144564588
R-HSA-9701192,Defective homologous recombination repair (HRR) due to BRCA1 loss of function,0.0033380175081705998,8,0.00041725218852132497
R-HSA-9701193,Defective homologous recombination repair (HRR) due to PALB2 loss of function,0.0033380175081705998,8,0.00041725218852132497
R-HSA-9701898,STAT3 nuclear events downstream of ALK signaling,0.0028207127942929,4,0.000705178198573225
R-HSA-9702518,STAT5 activation downstream of FLT3 ITD mutants,0.0022353261875784998,4,0.0005588315468946249
R-HSA-9703465,Signaling by FLT3 fusion proteins,0.0072496681615035,9,0.0008055186846114999
R-HSA-9703648,Signaling by FLT3 ITD and TKD mutants,0.0081863915388187,10,0.0008186391538818699
R-HSA-9704331,Defective HDR through Homologous Recombination Repair (HRR) due to PALB2 loss of BRCA1 binding function,0.0033380175081705998,8,0.00041725218852132497
R-HSA-9704646,Defective HDR through Homologous Recombination Repair (HRR) due to PALB2 loss of BRCA2/RAD51/RAD51C binding function,0.0033380175081705998,8,0.00041725218852132497
R-HSA-9705462,Inactivation of CSF3 (G-CSF) signaling,0.0062865537137061,10,0.0006286553713706099
R-HSA-9705671,SARS-CoV-2 activates/modulates innate and adaptive immune responses,0.0070872159791331,11,0.0006442923617393727
R-HSA-9705677,SARS-CoV-2 targets PDZ proteins in cell-cell junction,0.0007915654224431,2,0.00039578271122155
R-HSA-9705683,SARS-CoV-2-host interactions,0.0102198123591957,18,0.0005677673532886499
R-HSA-9706369,Negative regulation of FLT3,0.0023723928219964,3,0.0007907976073321332
R-HSA-9706374,FLT3 signaling through SRC family kinases,0.0025670991689249,4,0.000641774792231225
R-HSA-9706377,FLT3 signaling by CBL mutants,0.0020194807369534,2,0.0010097403684767
R-HSA-9706574,RHOBTB GTPase Cycle,0.0011668691714855,1,0.0011668691714855
R-HSA-9707564,Cytoprotection by HMOX1,0.0040983192639682,9,0.0004553688071075778
R-HSA-9707616,Heme signaling,0.0067209715409592,13,0.0005169978108430154
R-HSA-9708530,Regulation of BACH1 activity,0.0013920415506414,1,0.0013920415506414
R-HSA-9709275,Impaired BRCA2 translocation to the nucleus,0.0003329600712265,1,0.0003329600712265
R-HSA-9709570,Impaired BRCA2 binding to RAD51,0.003459811602339,8,0.000432476450292375
R-HSA-9709603,Impaired BRCA2 binding to PALB2,0.0033380175081705998,8,0.00041725218852132497
R-HSA-9709957,Sensory Perception,0.010726437701912,26,0.0004125552962273846
R-HSA-9710421,Defective pyroptosis,0.0012256968958195,3,0.00040856563193983336
R-HSA-9711097,Cellular response to starvation,0.0017622606837966,2,0.0008811303418983
R-HSA-9711123,Cellular response to chemical stress,0.0128103628421324,24,0.0005337651184221834
R-HSA-9716542,"Signaling by Rho GTPases, Miro GTPases and RHOBTB3",0.0305477032439193,57,0.0005359246183143737
R-HSA-9717189,Sensory perception of taste,0.0006329158319392,2,0.0003164579159696
R-HSA-9717207,"Sensory perception of sweet, bitter, and umami (glutamate) taste",0.0006329158319392,2,0.0003164579159696
R-HSA-9723905,Loss of function of TP53 in cancer due to loss of tetramerization ability,0.001818303512297,1,0.001818303512297
R-HSA-9723907,Loss of Function of TP53 in Cancer,0.001818303512297,1,0.001818303512297
R-HSA-9725370,Signaling by ALK fusions and activated point mutants,0.015310612756862501,23,0.0006656788155157609
R-HSA-9725371,Nuclear events stimulated by ALK signaling in cancer,0.0028443562054361,6,0.0004740593675726834
R-HSA-9725554,Differentiation of Keratinocytes in Interfollicular Epidermis in Mammalian Skin,0.0029277036523484,5,0.00058554073046968
R-HSA-9730414,MITF-M-regulated melanocyte development,0.012893226611639,27,0.0004775269115421852
R-HSA-9732724,IFNG signaling activates MAPKs,0.0017778496612139,3,0.0005926165537379666
R-HSA-9733458,Induction of Cell-Cell Fusion,0.0002881181878432,1,0.0002881181878432
R-HSA-9733709,Cardiogenesis,0.0010463371859908,3,0.0003487790619969334
R-HSA-9734009,Defective Intrinsic Pathway for Apoptosis,0.005355598141556,8,0.0006694497676945
R-HSA-9734091,Drug-mediated inhibition of MET activation,0.0009205428437254999,2,0.00046027142186274997
R-HSA-9734767,Developmental Cell Lineages,0.0139800275015743,26,0.0005376933654451653
R-HSA-9734779,Developmental Cell Lineages of the Integumentary System,0.0079599126020265,12,0.0006633260501688749
R-HSA-9735869,SARS-CoV-1 modulates host translation machinery,0.0017622606837966,2,0.0008811303418983
R-HSA-9735871,SARS-CoV-1 targets host intracellular signalling and regulatory pathways,0.0037809995881153,5,0.00075619991762306
R-HSA-9748784,Drug ADME,0.0018617962362506,4,0.00046544905906265
R-HSA-9748787,Azathioprine ADME,0.0003922139840198,1,0.0003922139840198
R-HSA-9749641,Aspirin ADME,0.0014695822522308001,3,0.0004898607507436
R-HSA-975110,TRAF6 mediated IRF7 activation in TLR7/8 or 9 signaling,0.0013920415506414,1,0.0013920415506414
R-HSA-975138,TRAF6 mediated induction of NFkB and MAP kinases upon TLR7/8 or 9 activation,0.0099502671854048,15,0.0006633511456936533
R-HSA-975144,IRAK1 recruits IKK complex upon TLR7/8 or 9 stimulation,0.0018764176645294,2,0.0009382088322647
R-HSA-975155,MyD88 dependent cascade initiated on endosome,0.0099502671854048,15,0.0006633511456936533
R-HSA-975163,IRAK2 mediated activation of TAK1 complex upon TLR7/8 or 9 stimulation,0.00197793137424,2,0.00098896568712
R-HSA-9753281,Paracetamol ADME,0.0003519503460016,1,0.0003519503460016
R-HSA-9753510,Signaling by RAS GAP mutants,0.0032128845576402,3,0.0010709615192134
R-HSA-9753512,Signaling by RAS GTPase mutants,0.0032128845576402,3,0.0010709615192134
R-HSA-9754119,Drug-mediated inhibition of CDK4/CDK6 activity,0.0006311553269093,1,0.0006311553269093
R-HSA-9754189,Germ layer formation at gastrulation,0.0031373134863724,6,0.0005228855810620667
R-HSA-9754678,SARS-CoV-2 modulates host translation machinery,0.0017622606837966,2,0.0008811303418983
R-HSA-9754706,Atorvastatin ADME,0.0004028538541429,1,0.0004028538541429
R-HSA-9755511,KEAP1-NFE2L2 pathway,0.0082856340435487,14,0.0005918310031106214
R-HSA-975576,N-glycan antennae elongation in the medial/trans-Golgi,0.0002980398264577,1,0.0002980398264577
R-HSA-975577,N-Glycan antennae elongation,0.0002980398264577,1,0.0002980398264577
R-HSA-9755779,SARS-CoV-2 targets host intracellular signalling and regulatory pathways,0.0019708118244643,4,0.000492702956116075
R-HSA-975634,Retinoid metabolism and transport,0.0051664333109288,13,0.00039741794699452306
R-HSA-9757110,Prednisone ADME,0.0011176319062292,2,0.0005588159531146
R-HSA-9758274,Regulation of NF-kappa B signaling,0.0040892745169322,4,0.00102231862923305
R-HSA-975871,MyD88 cascade initiated on plasma membrane,0.0093643773618062,14,0.0006688840972718715
R-HSA-9758890,Transport of RCbl within the body,0.0002879695932133,1,0.0002879695932133
R-HSA-9758919,Epithelial-Mesenchymal Transition (EMT) during gastrulation,0.000437993068526,1,0.000437993068526
R-HSA-9758920,Formation of lateral plate mesoderm,0.0011095815411655999,3,0.0003698605137218666
R-HSA-9758941,Gastrulation,0.0093688505030569,18,0.0005204916946142722
R-HSA-9759194,Nuclear events mediated by NFE2L2,0.0065264109793362,10,0.00065264109793362
R-HSA-9759475,Regulation of CDH11 Expression and Function,0.0003917107610865,1,0.0003917107610865
R-HSA-9759476,Regulation of Homotypic Cell-Cell Adhesion,0.0100976735998123,16,0.0006311045999882688
R-HSA-975956,Nonsense Mediated Decay (NMD) independent of the Exon Junction Complex (EJC),0.0017622606837966,2,0.0008811303418983
R-HSA-975957,Nonsense Mediated Decay (NMD) enhanced by the Exon Junction Complex (EJC),0.0017622606837966,2,0.0008811303418983
R-HSA-9761174,Formation of intermediate mesoderm,0.0009272319283556,2,0.0004636159641778
R-HSA-9762114,GSK3B and BTRC:CUL1-mediated-degradation of NFE2L2,0.0017283904072651,2,0.00086419520363255
R-HSA-9762292,Regulation of CDH11 function,0.0003917107610865,1,0.0003917107610865
R-HSA-9763198,Impaired BRCA2 binding to SEM1 (DSS1),0.0003329600712265,1,0.0003329600712265
R-HSA-9764260,Regulation of Expression and Function of Type II Classical Cadherins,0.0007419388300048001,2,0.00037096941500240003
R-HSA-9764265,Regulation of CDH1 Expression and Function,0.009747445530894,15,0.0006498297020596
R-HSA-9764274,Regulation of Expression and Function of Type I Classical Cadherins,0.009747445530894,15,0.0006498297020596
R-HSA-9764302,Regulation of CDH19 Expression and Function,0.0007419388300048001,2,0.00037096941500240003
R-HSA-9764560,Regulation of CDH1 Gene Transcription,0.0026085054860577,6,0.00043475091434294996
R-HSA-9764561,Regulation of CDH1 Function,0.0060598612538731,7,0.0008656944648390144
R-HSA-9764562,Regulation of CDH1 mRNA translation by microRNAs,0.00079096060312,1,0.00079096060312
R-HSA-9764725,Negative Regulation of CDH1 Gene Transcription,0.0021141006976826,5,0.00042282013953652
R-HSA-9764790,Positive Regulation of CDH1 Gene Transcription,0.0004944047883751,1,0.0004944047883751
R-HSA-9766229,Degradation of CDH1,0.005209006730866101,5,0.00104180134617322
R-HSA-9768727,Regulation of CDH1 posttranslational processing and trafficking to plasma membrane,0.0006798289489297,2,0.00033991447446485
R-HSA-9768759,Regulation of NPAS4 gene expression,0.000737910137425,2,0.0003689550687125
R-HSA-9768777,Regulation of NPAS4 gene transcription,0.000737910137425,2,0.0003689550687125
R-HSA-9768919,NPAS4 regulates expression of target genes,0.0020007686754541,4,0.000500192168863525
R-HSA-9770562,mRNA Polyadenylation,0.0020350931108229,2,0.00101754655541145
R-HSA-977068,Termination of O-glycan biosynthesis,0.0010263406800995,3,0.0003421135600331667
R-HSA-977225,Amyloid fiber formation,0.004454845395565,8,0.000556855674445625
R-HSA-9772572,Early SARS-CoV-2 Infection Events,0.0036132020930946997,9,0.00040146689923274443
R-HSA-9772573,Late SARS-CoV-2 Infection Events,0.0016801597384846,2,0.0008400798692423
R-HSA-9772755,Formation of WDR5-containing histone-modifying complexes,0.0005503413770401,1,0.0005503413770401
R-HSA-977443,GABA receptor activation,0.0046746012624023,12,0.00038955010520019167
R-HSA-977444,GABA B receptor activation,0.0046746012624023,12,0.00038955010520019167
R-HSA-977606,Regulation of Complement cascade,0.0010165637118574,3,0.0003388545706191333
R-HSA-9793380,Formation of paraxial mesoderm,0.0041335658474328,7,0.0005905094067761142
R-HSA-9793528,Ciprofloxacin ADME,0.0007147780520863,1,0.0007147780520863
R-HSA-9796292,Formation of axial mesoderm,0.0019133867683468,4,0.0004783466920867
R-HSA-9816359,Maternal to zygotic transition (MZT),0.0035218978843957,3,0.0011739659614652333
R-HSA-9818026,NFE2L2 regulating inflammation associated genes,0.0016713829522418,2,0.0008356914761209
R-HSA-9818027,NFE2L2 regulating anti-oxidant/detoxification enzymes,0.0013523210653637,1,0.0013523210653637
R-HSA-9818028,NFE2L2 regulates pentose phosphate pathway genes,0.0013523210653637,1,0.0013523210653637
R-HSA-9818030,NFE2L2 regulating tumorigenic genes,0.0030540790265009,4,0.000763519756625225
R-HSA-9818032,NFE2L2 regulating MDR associated enzymes,0.0013523210653637,1,0.0013523210653637
R-HSA-9818035,NFE2L2 regulating ER-stress associated genes,0.0013523210653637,1,0.0013523210653637
R-HSA-9818564,Epigenetic regulation of gene expression by MLL3 and MLL4 complexes,0.0069795483254047,14,0.0004985391661003357
R-HSA-9818749,Regulation of NFE2L2 gene expression,0.0028150112307803,3,0.0009383370769267666
R-HSA-9819196,Zygotic genome activation (ZGA),0.0035218978843957,3,0.0011739659614652333
R-HSA-9820448,Developmental Cell Lineages of the Exocrine Pancreas,0.0071118116372288,16,0.0004444882273268
R-HSA-9820952,Respiratory Syncytial Virus Infection Pathway,0.0122240734086368,19,0.0006433722846650947
R-HSA-9820960,Respiratory syncytial virus (RSV) attachment and entry,0.0056723259963206004,11,0.0005156659996655091
R-HSA-9820962,Assembly and release of respiratory syncytial virus (RSV) virions,0.0011668691714855,1,0.0011668691714855
R-HSA-9820965,"Respiratory syncytial virus (RSV) genome replication, transcription and translation",0.0027288584380458,4,0.00068221460951145
R-HSA-9823587,Defects of platelet adhesion to exposed collagen,0.0011237636311261,3,0.00037458787704203336
R-HSA-9823730,Formation of definitive endoderm,0.0020368997398307,4,0.000509224934957675
R-HSA-9823739,Formation of the anterior neural plate,0.0019026268164947999,4,0.00047565670412369997
R-HSA-9824272,Somitogenesis,0.0010373050092359,2,0.00051865250461795
R-HSA-9824439,Bacterial Infection Pathways,0.0108364654567007,17,0.0006374391445118059
R-HSA-9824443,Parasitic Infection Pathways,0.0209939634570346,42,0.0004998562727865381
R-HSA-9824446,Viral Infection Pathways,0.0423915930683771,81,0.0005233530008441617
R-HSA-9824585,Regulation of MITF-M-dependent genes involved in pigmentation,0.0013041844964720999,4,0.00032604612411802497
R-HSA-9824594,Regulation of MITF-M-dependent genes involved in apoptosis,0.0002896049678946,1,0.0002896049678946
R-HSA-9824878,"Regulation of TBK1, IKKε (IKBKE)-mediated activation of IRF3, IRF7 ",0.00197793137424,2,0.00098896568712
R-HSA-9825892,Regulation of MITF-M-dependent genes involved in cell cycle and proliferation,0.0039643649977131,8,0.0004955456247141375
R-HSA-9825895,"Regulation of MITF-M-dependent genes involved in DNA replication, damage repair and senescence",0.0014414884243446,3,0.00048049614144819996
R-HSA-982772,Growth hormone receptor signaling,0.0042879768506812,8,0.00053599710633515
R-HSA-9827857,Specification of primordial germ cells,0.0018589420524555,4,0.000464735513113875
R-HSA-9828211,"Regulation of TBK1, IKKε-mediated activation of IRF3, IRF7 upon TLR3 ligation",0.0013920415506414,1,0.0013920415506414
R-HSA-9828642,Respiratory syncytial virus genome transcription,0.0006308195185356,1,0.0006308195185356
R-HSA-9828806,Maturation of hRSV A proteins,0.0009311697480247,2,0.00046558487401235
R-HSA-9830364,Formation of the nephric duct,0.0012223202214555,3,0.0004074400738185
R-HSA-9830369,Kidney development,0.0023861010310692998,4,0.0005965252577673249
R-HSA-9830674,Formation of the ureteric bud,0.0015277461826963,2,0.00076387309134815
R-HSA-983168,Antigen processing: Ubiquitination & Proteasome degradation,0.0033769958915755,6,0.0005628326485959166
R-HSA-983169,Class I MHC mediated antigen processing & presentation,0.0073954180964529,16,0.00046221363102830627
R-HSA-983170,"Antigen Presentation: Folding, assembly and peptide loading of class I MHC",0.0010073674999939,3,0.0003357891666646333
R-HSA-983189,Kinesins,0.0034880239592448,8,0.0004360029949056
R-HSA-983231,Factors involved in megakaryocyte development and platelet production,0.0094545031115584,18,0.0005252501728643555
R-HSA-9832991,Formation of the posterior neural plate,0.0010287149306975,2,0.00051435746534875
R-HSA-9833109,Evasion by RSV of host interferon responses,0.0033237799805083,3,0.0011079266601694334
R-HSA-9833110,RSV-host interactions,0.0075275761025886,13,0.0005790443155837385
R-HSA-9833482,PKR-mediated signaling,0.0053616622923108,7,0.0007659517560444
R-HSA-9833576,CDH11 homotypic and heterotypic interactions,0.0003917107610865,1,0.0003917107610865
R-HSA-9834752,Respiratory syncytial virus genome replication,0.0011668691714855,1,0.0011668691714855
R-HSA-9834899,Specification of the neural plate border,0.0019272721227571,4,0.000481818030689275
R-HSA-983695,Antigen activates B Cell Receptor (BCR) leading to generation of second messengers,0.0066696249592329004,12,0.000555802079936075
R-HSA-983705,Signaling by the B Cell Receptor (BCR),0.0130359026949508,20,0.00065179513474754
R-HSA-983712,Ion channel transport,0.0031973647394523998,6,0.0005328941232420666
R-HSA-9837999,Mitochondrial protein degradation,0.000722902125727,1,0.000722902125727
R-HSA-9839373,Signaling by TGFBR3,0.0051532668390203,9,0.0005725852043355889
R-HSA-9839389,TGFBR3 regulates TGF-beta signaling,0.0012642883343759,3,0.0004214294447919666
R-HSA-9839394,TGFBR3 expression,0.0030286988937741,4,0.000757174723443525
R-HSA-9839397,TGFBR3 regulates FGF2 signaling,0.0005632665552731,1,0.0005632665552731
R-HSA-9839406,TGFBR3 regulates activin signaling,0.0002970130555972,1,0.0002970130555972
R-HSA-9839923,Dengue Virus Infection,0.0142287350758811,29,0.0004906460370993483
R-HSA-9841251,Mitochondrial unfolded protein response (UPRmt),0.0018336719636154,3,0.0006112239878718
R-HSA-9841922,MLL4 and MLL3 complexes regulate expression of PPARG target genes in adipogenesis and hepatic steatosis,0.0069795483254047,14,0.0004985391661003357
R-HSA-9842640,Signaling by LTK in cancer,0.0024787035229571,3,0.0008262345076523667
R-HSA-9842663,Signaling by LTK,0.0035891207489577998,5,0.00071782414979156
R-HSA-9842860,Regulation of endogenous retroelements,0.0012975203558335,3,0.0004325067852778333
R-HSA-9843743,Transcriptional regulation of brown and beige adipocyte differentiation,0.0035827500294511,7,0.0005118214327787285
R-HSA-9843745,Adipogenesis,0.0092490573395621,19,0.00048679249155590004
R-HSA-9843940,Regulation of endogenous retroelements by KRAB-ZFP proteins,0.0009980484952074,2,0.0004990242476037
R-HSA-9844594,Transcriptional regulation of brown and beige adipocyte differentiation by EBF2,0.0035827500294511,7,0.0005118214327787285
R-HSA-9845323,Regulation of endogenous retroelements by Piwi-interacting RNAs (piRNAs),0.0012975203558335,3,0.0004325067852778333
R-HSA-9845614,Sphingolipid catabolism,0.0002865396194994,1,0.0002865396194994
R-HSA-9845619,Enhanced cleavage of VWF variant by ADAMTS13,0.0011237636311261,3,0.00037458787704203336
R-HSA-9845620,Enhanced binding of GP1BA variant to VWF multimer:collagen ,0.0011237636311261,3,0.00037458787704203336
R-HSA-9845621,Defective VWF cleavage by ADAMTS13 variant,0.0011237636311261,3,0.00037458787704203336
R-HSA-9845622,Defective VWF binding to collagen type I ,0.0011237636311261,3,0.00037458787704203336
R-HSA-9846298,Defective binding of VWF variant to GPIb:IX:V,0.0011237636311261,3,0.00037458787704203336
R-HSA-9851695,Epigenetic regulation of adipogenesis genes by MLL3 and MLL4 complexes,0.0069795483254047,14,0.0004985391661003357
R-HSA-9854907,Regulation of MITF-M dependent genes involved in metabolism,0.0004887447956377,1,0.0004887447956377
R-HSA-9855142,Cellular responses to mechanical stimuli,0.0187749329201406,37,0.0005074306194632595
R-HSA-9856530,High laminar flow shear stress activates signaling by PIEZO1 and PECAM1:CDH5:KDR in endothelial cells,0.012122152478521,26,0.0004662366337892692
R-HSA-9856532,Mechanical load activates signaling by PIEZO1 and integrins in osteocytes,0.0036564608580412,6,0.0006094101430068667
R-HSA-9856649,Transcriptional and post-translational regulation of MITF-M expression and activity,0.0057570154922386,11,0.0005233650447489636
R-HSA-9856651,MITF-M-dependent gene expression,0.0084890896117709,19,0.00044679419009320526
R-HSA-9856872,Malate-aspartate shuttle,0.000330141307373,1,0.000330141307373
R-HSA-9860276,SLC15A4:TASL-dependent IRF5 activation,0.000484376113888,1,0.000484376113888
R-HSA-9860927,"Turbulent (oscillatory, disturbed) flow shear stress activates signaling by PIEZO1 and integrins in endothelial cells",0.0076119042388004,12,0.0006343253532333666
R-HSA-9860931,Response of endothelial cells to shear stress,0.0179972714859972,35,0.0005142077567427771
R-HSA-9861718,Regulation of pyruvate metabolism,0.0013920415506414,1,0.0013920415506414
R-HSA-9909396,Circadian clock,0.0079379202909625,14,0.0005669943064973215
R-HSA-9909505,Modulation of host responses by IFN-stimulated genes,0.000484376113888,1,0.000484376113888
R-HSA-9909615,Regulation of PD-L1(CD274) Post-translational modification,0.0033051270633884,5,0.00066102541267768
R-HSA-9909648,Regulation of PD-L1(CD274) expression,0.0106423847518757,17,0.0006260226324632765
R-HSA-9909649,Regulation of PD-L1(CD274) transcription,0.0073372576884873,12,0.000611438140707275
R-HSA-9913351,Formation of the dystrophin-glycoprotein complex (DGC),0.002950218429348,8,0.0003687773036685
R-HSA-991365,Activation of GABAB receptors,0.0046746012624023,12,0.00038955010520019167
R-HSA-9917777,Epigenetic regulation by WDR5-containing histone modifying complexes,0.0075298897024448,15,0.0005019926468296534
R-HSA-9918432,Maturation of DENV proteins,0.0034242834069931997,7,0.0004891833438561714
R-HSA-9918476,Assembly and Release of Dengue Virus Virions,0.0009686373511833999,2,0.00048431867559169995
R-HSA-9918481,Dengue Virus-Host Interactions,0.0089462916950267,19,0.00047085745763298417
R-HSA-9918485,Dengue Virus Attachment and Entry,0.004485386272309,10,0.0004485386272309
R-HSA-9918487,Dengue Virus Genome Translation and Replication,0.0040551029255288,8,0.0005068878656911
R-HSA-9920588,Dengue virus activates/modulates innate and adaptive immune responses,0.0019336866119503,3,0.0006445622039834333
R-HSA-9920951,Dengue virus modulates apoptosis,0.0004183770689427,1,0.0004183770689427
R-HSA-9924644,Developmental Lineages of the Mammary Gland,0.0072791322059731,10,0.00072791322059731
R-HSA-9925561,Developmental Lineage of Pancreatic Acinar Cells,0.0003643979307926,1,0.0003643979307926
R-HSA-9925563,Developmental Lineage of Pancreatic Ductal Cells,0.0048873046468019,12,0.00040727538723349166
R-HSA-9926550,"Regulation of MITF-M-dependent genes involved in extracellular matrix, focal adhesion and epithelial-to-mesenchymal transition",0.0013662773766481,3,0.00045542579221603336
R-HSA-9927353,Co-inhibition by BTLA,0.0013771116347257,2,0.00068855581736285
R-HSA-9927354,Co-stimulation by ICOS,0.0031398251787352,5,0.00062796503574704
R-HSA-9927418,Developmental Lineage of Mammary Gland Luminal Epithelial Cells,0.0054629851698790996,8,0.0006828731462348874
R-HSA-9927426,Developmental Lineage of Mammary Gland Alveolar Cells,0.0022173515450319,4,0.000554337886257975
R-HSA-9927432,Developmental Lineage of Mammary Gland Myoepithelial Cells,0.0051094113835765,6,0.0008515685639294166
R-HSA-9929356,GSK3B-mediated proteasomal degradation of PD-L1(CD274),0.0020945543719759,3,0.0006981847906586333
R-HSA-9929491,SPOP-mediated proteasomal degradation of PD-L1(CD274),0.0020231968775507,2,0.00101159843877535
R-HSA-9931269,AMPK-induced ERAD and lysosome mediated degradation of PD-L1(CD274),0.0013920415506414,1,0.0013920415506414
R-HSA-9931295,PD-L1(CD274) glycosylation and translocation to plasma membrane,0.0019714589151446,2,0.0009857294575723
R-HSA-9931509,"Expression of BMAL (ARNTL), CLOCK, and NPAS2",0.0052246070728833,10,0.00052246070728833
R-HSA-9931529,Phosphorylation and nuclear translocation of BMAL1 (ARNTL) and CLOCK,0.0003418712506326,1,0.0003418712506326
R-HSA-9931530,Phosphorylation and nuclear translocation of the CRY:PER:kinase complex,0.0009849228108141,2,0.00049246140540705
R-HSA-9931953,Biofilm formation,0.0019866232522591,4,0.000496655813064775
R-HSA-9932298,Degradation of CRY and PER proteins,0.0017283904072651,2,0.00086419520363255
R-HSA-9932444,ATP-dependent chromatin remodelers,0.0002994718606261,1,0.0002994718606261
R-HSA-9932451,SWI/SNF chromatin remodelers,0.0002994718606261,1,0.0002994718606261
R-HSA-9933387,"RORA,B,C and NR1D1 (REV-ERBA) regulate gene expression",0.0052246070728833,10,0.00052246070728833
R-HSA-9933939,Formation of the polybromo-BAF (pBAF) complex,0.0002994718606261,1,0.0002994718606261
R-HSA-9933946,Formation of the embryonic stem cell BAF (esBAF) complex,0.0002994718606261,1,0.0002994718606261
R-HSA-9933947,Formation of the non-canonical BAF (ncBAF) complex,0.0002994718606261,1,0.0002994718606261
R-HSA-9934037,Formation of neuronal progenitor and neuronal BAF (npBAF and nBAF),0.0002994718606261,1,0.0002994718606261
R-HSA-9937080,Developmental Lineage of Multipotent Pancreatic Progenitor Cells,0.0025889049212195,5,0.0005177809842438999
R-HSA-9938206,Developmental Lineage of Mammary Stem Cells,0.0031430175027362998,5,0.0006286035005472599
R-HSA-9942503,Differentiation of naive CD+ T cells to T helper 1 cells (Th1 cells),0.0014889195645938,3,0.0004963065215312667
R-HSA-9945266,Differentiation of T cells,0.0014889195645938,3,0.0004963065215312667
R-HSA-9948299,Ribosome-associated quality control,0.0017622606837966,2,0.0008811303418983
R-HSA-9953170,GBP-mediated host defense,0.0006000043718724,2,0.0003000021859362
R-HSA-9954709,Ribosome Quality Control (RQC) complex extracts and degrades nascent peptide,0.0013920415506414,1,0.0013920415506414
R-HSA-9954714,PELO:HBS1L and ABCE1 dissociate a ribosome on a non-stop mRNA,0.0017622606837966,2,0.0008811303418983
R-HSA-9954716,ZNF598 and the Ribosome-associated Quality Trigger (RQT) complex dissociate a ribosome stalled on a no-go mRNA,0.0017622606837966,2,0.0008811303418983
R-HSA-9956593,Enterobacterial factors antagonize host defense ,0.0013920415506414,1,0.0013920415506414
R-HSA-9960519,CASP4-mediated substrate cleavage,0.0005642039228493,1,0.0005642039228493
R-HSA-9960525,CASP5-mediated substrate cleavage,0.0005642039228493,1,0.0005642039228493
R-HSA-9968551,Regulation of GBP-mediated host defense,0.0003118861840292,1,0.0003118861840292
R-HSA-997272,Inhibition  of voltage gated Ca2+ channels via Gbeta/gamma subunits,0.0020458198088735,5,0.00040916396177469996
