,pagerank
SRC,0.0019745899272412487
TP53,0.0018183035122970794
EGFR,0.001521058742994159
RPS27A,0.0013920415506414765
EP300,0.001352321065363703
HRAS,0.001347420100122349
HSP90AA1,0.0011668691714855175
ITGB1,0.001163780809613852
PIK3R1,0.0010790452104484614
CDK1,0.001068276345443253
FN1,0.0010319300821731586
PIK3CA,0.0010119968549400047
DLG4,0.0010068342124964576
KRAS,0.0009789628675961862
JUN,0.0009609354776765932
PTPN11,0.0009367233773152049
FYN,0.0009288386253803428
ESR1,0.0009215648959767994
TNF,0.0009084578369859085
NRAS,0.0008865015899218341
GNAQ,0.0008654403581664486
CD4,0.0008562893258499464
IL6,0.0008351315526256473
PRKACB,0.0008274485982231552
SMAD3,0.0008153197773820965
CDH1,0.0008083410799649081
CCNB1,0.0007929536533074
JAK2,0.0007917556784322339
MYC,0.00079096060312006
CAV1,0.0007682808923763105
PRKCA,0.0007486218968267106
GNAI1,0.000744920319377786
VEGFA,0.0007416083763548242
EGF,0.0007404234309460478
ITGB3,0.0007258412498469949
CCNA2,0.0007242620606235264
APP,0.000722902125727038
ALB,0.0007147780520863113
STAT1,0.0007103630118396665
LCK,0.0007074758404647555
CD44,0.0006868578381500925
PTEN,0.0006833071952439831
LYN,0.0006805191633402967
FOS,0.0006798167832390164
NOTCH1,0.0006717295622966407
MAPK8,0.000662609872417406
PTPRC,0.0006559532801826793
ERBB2,0.0006545715461374435
IGF1,0.0006475470987270153
SOS1,0.0006471387282116843
GNAS,0.000644229312574807
PPP1CA,0.0006430515601815396
PLK1,0.0006424792058355427
SOX2,0.0006370749765129435
KIF11,0.0006358610981718517
BRCA1,0.0006318403466108484
CCND1,0.0006311553269093167
HSPA8,0.0006308195185356332
KDR,0.00062989003778305
GNG2,0.0006276983336886985
CBL,0.0006274391863120093
ITGAM,0.0006270131935113278
ITGAV,0.0006225188920746547
AR,0.0006156636570421861
AURKB,0.0006115548264956604
BUB1B,0.0006100481699927323
BUB1,0.0006077554118070353
HDAC2,0.000598770508909115
PPARG,0.0005921563913649148
SNAP25,0.0005880128341698046
TLR4,0.0005858898235986344
CDC20,0.0005837998583211497
CCNB2,0.0005827999579008599
HIF1A,0.0005827318330159602
IL10,0.0005819459779848025
SDC1,0.0005812727467697238
JAK1,0.0005794173645032579
RXRA,0.0005714247580744633
CD8A,0.0005657851062639959
IL1B,0.0005642039228493175
SYK,0.0005639502027682554
CFTR,0.0005634194109904002
FGF2,0.000563266555273122
RRM2,0.0005599180978877964
AURKA,0.0005562688049194357
KAT2B,0.0005503413770401022
HIST2H2BE,0.0005457527577350605
HIST2H2AC,0.0005426215666394902
CDC6,0.000542373090986599
TOP2A,0.0005417519755648522
CXCR4,0.000539598766917301
IL2,0.0005370743132182567
KIT,0.0005364384312015777
POU5F1,0.000534591818977118
MMP9,0.0005340782561678425
YWHAZ,0.0005331916689641766
GAPDH,0.0005292568623537007
NCAPG,0.0005279307514939352
FOXO1,0.0005239514932740368
PRKCB,0.0005222495879819589
MDM2,0.0005218258665167512
ATM,0.0005211596218036356
EZH2,0.0005201048722457476
CACNA1C,0.0005162151400386857
ASPM,0.0005124026248096902
PCNA,0.0005118827028962256
RUNX2,0.0005117699540301404
MAPK11,0.0005090419512403722
MAD2L1,0.0005088684863084544
ARRB1,0.0005044377986336961
BIRC5,0.000501983104597396
NDC80,0.0005015295806237515
KIF2C,0.0005011883077663439
STX1A,0.0004958785571788356
RB1,0.0004944047883751936
H2AFX,0.0004902733890552803
TTN,0.000489265223780933
PLCG2,0.0004891122685820332
PPARGC1A,0.0004887447956377312
STAT5A,0.00048712985453572955
FOXO3,0.0004856975330232684
IKBKB,0.0004843761138880949
PPARA,0.0004843255471369105
CENPA,0.0004841936401555704
CDC45,0.00048415661159016644
H2AFZ,0.00048383042867003055
CHEK1,0.0004824136365096266
APOA1,0.0004770663449116475
CDCA8,0.0004736826741640966
EXO1,0.0004734611047764384
EDN1,0.0004717298758409443
TGFB1,0.00047148611326449
NCOR1,0.0004700000515929933
CXCL12,0.000469599737600972
DMD,0.00046858790645332247
MET,0.0004681555729991581
UBE2C,0.00046782835336925876
EZR,0.0004672589706680195
ITGB2,0.00046426248592916443
PDGFRB,0.0004642182614536107
MCM2,0.0004639331251730303
VAMP2,0.000463678572826783
IRS1,0.00046327849778913735
GRIN2B,0.0004617349718125328
POMC,0.0004614652328888182
ACAN,0.0004609608278873868
NGF,0.0004586291792101014
BDNF,0.00045725477506588504
TJP1,0.00045330035057579833
HGF,0.00045238727072649374
NTRK1,0.0004514599637844474
TTK,0.00044936155983135246
THBS1,0.00044917157767300866
KIF20A,0.0004485039163636637
NCOA1,0.00044805004202982853
YES1,0.0004480075615828699
KIF23,0.00044671473940668873
IGF1R,0.0004465801250083434
DLGAP5,0.00044544569830555703
RFC4,0.0004448125999586465
CTLA4,0.00044420480859385357
LEP,0.00044075040219327343
PTPN6,0.00044038825741054156
HSPG2,0.0004393963622760796
MMP2,0.00043937173109280026
RAC2,0.0004393175738558994
ERBB4,0.00043830927799658735
FGFR1,0.00043799306852602174
RAD51,0.00043744628534967496
MCM4,0.0004368369451299192
DCN,0.0004362645017457223
GNA11,0.00043587988132526333
VCL,0.0004354649918326485
RASA1,0.0004347542844334494
GNAO1,0.000433824193828363
ITGA1,0.0004335854249403337
APOB,0.0004334082995657251
BMP2,0.0004328937354367715
TYMS,0.00043001818337952316
RAC3,0.00042942984094517824
GRIN1,0.00042857061392734703
GRIN2A,0.00042832912589246916
CAT,0.0004264095346155731
DVL1,0.0004257391813642109
PAK1,0.00042539234547456873
FLNA,0.00042176263757612417
NR3C1,0.00042154632916614884
NANOG,0.0004207860934786896
CLTC,0.0004199272896454688
MED1,0.0004185475761542532
NFKBIA,0.00041837706894276783
CAMK2A,0.0004176774785730469
PBK,0.0004167078843203891
MUC1,0.0004166292021185041
CAMK2B,0.00041599665873986286
ACTA1,0.00041538953117445593
GRIA1,0.00041497404034497863
COL1A1,0.0004127690300822616
STAT5B,0.0004120060091904875
WNT1,0.000411702634737182
CAV3,0.0004111768218010939
SDC4,0.0004109801624158527
ACTN2,0.00041068410480584724
CENPE,0.000408558371647877
TPX2,0.0004080301746433095
GNGT1,0.00040729413662771434
CD19,0.0004072089229975787
IFNG,0.0004066766182785367
APOE,0.00040653697205860775
ITPR1,0.0004061713671073801
LPL,0.0004052432088036291
AXIN1,0.00040291625311938593
CYP3A4,0.0004028538541429522
CENPF,0.00040142426568786927
GRIA2,0.000401352388865128
CEBPA,0.000400300680377169
PECAM1,0.0004000088049218277
CDKN1A,0.00039946694653724264
RBBP7,0.0003992779862983067
PRC1,0.00039704688131801246
CD80,0.0003967356350702025
TYROBP,0.00039465932362174806
TRAF2,0.0003945533401058259
VWF,0.0003939212303539001
NCOA2,0.00039376035680419627
MAPK10,0.0003935682312381312
NUSAP1,0.0003926569368169233
DLG3,0.00039223545978127707
VAV1,0.0003922139840198592
JUP,0.00039171076108655134
WNT3A,0.00039163995418467143
CD28,0.0003910078559469261
PRKCZ,0.00039065580371085807
WAS,0.00038937657017259266
FOXP3,0.00038888145264624074
PIK3R2,0.00038766145756876036
SDC2,0.00038703769777978145
EGR1,0.000386946855474838
NRXN2,0.0003861905513963169
CACNA1D,0.00038600994676477653
NRXN1,0.0003853580792089465
ITGAX,0.0003853303661530542
CEP55,0.00038527579333318547
CYP1A1,0.0003847605320681522
MELK,0.0003818824340900416
JAK3,0.0003815311622636964
SHH,0.00038121823729058373
LRP6,0.00037983382429069895
BCAR1,0.00037947880346603935
GNB5,0.00037791150661809733
AGRN,0.00037747256544141
NCAM1,0.0003758712466310424
MCM10,0.0003741100950945779
DTL,0.00037371743577294407
SUOX,0.0003730049821758717
B2M,0.0003718901219364507
RUNX1,0.0003718799344757908
HJURP,0.0003713782042068064
PRKCD,0.0003704626919698435
STXBP1,0.00037022754183439196
FAU,0.00037021913315523947
PRKCE,0.0003696121548481007
CSF2,0.000368876957746862
CDC25C,0.00036880844450054416
TLR2,0.0003686796054511094
CASK,0.00036850333026200406
CD34,0.0003680644491393735
FGFR2,0.000367016868806595
ITGA2,0.00036701674479677873
CCR5,0.00036694573000145444
HCK,0.00036683450031175916
ITGA5,0.00036665847236257837
NEK2,0.0003661639647108703
LEF1,0.0003655754469393293
CTTN,0.00036524001370333016
FEN1,0.0003644463771798772
GATA4,0.0003643979307926742
BMP4,0.00036396537308258203
CXCL10,0.000363427764471307
FCGR3A,0.0003631141431692432
NGFR,0.00036238701295605586
CDH2,0.0003621856553385304
GLI3,0.0003612402108559693
KIF15,0.0003596420904709703
CAMK2D,0.0003596228463560611
SCN5A,0.0003580559614931348
AKT3,0.00035745307909473465
SNCA,0.00035689373017081487
HIST1H2BJ,0.00035683225170421445
HMMR,0.00035451962225444656
SPI1,0.000354128466981747
P4HA1,0.00035374702481036477
CSK,0.00035291208504304816
ZWINT,0.0003525159437732774
CYP2A6,0.00035250952929022833
CYP2E1,0.00035195034600168766
SYT1,0.00035185885621982766
MCM3,0.00035177186361100076
KIF4A,0.00035155227171880136
MAPT,0.000351451475527846
YAP1,0.0003512733067350953
SOX10,0.0003502280689183274
PIK3R3,0.0003491789048560758
LRP5,0.00034741313147366884
CDKN2A,0.00034699558044654506
AGT,0.00034652236073241615
MCM5,0.00034571495256089464
CCL4,0.00034530918028396123
IGF2,0.0003452348548352031
HIST1H2BK,0.00034426062492662525
NUF2,0.00034416656877087043
HLA-A,0.0003440717290244141
PDGFRA,0.00034285117885170935
ITGA6,0.00034271901573520476
FANCI,0.0003423401056938052
CDK5,0.00034187125063262955
PRKCG,0.00034180570734453173
FLT4,0.0003415598486027488
CSF1R,0.00034110264919366945
SLC9A3R1,0.000341009798402584
FOXM1,0.0003405705318190033
OCLN,0.0003403772200561058
NCAPH,0.0003402251189188001
GFAP,0.00034001319428885477
HIST1H2AC,0.0003397122628926271
NOS3,0.00033939199194137667
IL13,0.00033911390005865363
ADCY8,0.0003390194787146204
NTRK2,0.0003389093640951565
GJA1,0.00033826507186748617
GPC3,0.0003380695289092047
CHEK2,0.0003370173434827887
PDGFB,0.00033641510566739515
BTRC,0.00033634885662373905
CYCS,0.00033612897486367545
RACGAP1,0.000336003163699041
TEK,0.0003355534887061057
GNAZ,0.00033523825949235075
BGN,0.0003346214180811727
HPGDS,0.0003345980903269434
MKI67,0.0003340815798918692
PTK2B,0.00033404205915549186
HIST1H2BO,0.00033370126165246813
BRCA2,0.00033296007122657134
PBX1,0.0003328987073543485
ITGB5,0.0003317219259360334
GAD1,0.0003309080242671097
HIST1H3J,0.00033037808843883583
PARP1,0.0003302681622517656
ESPL1,0.0003302558884016261
GOT2,0.00033014130737301256
GNB3,0.0003301341119572056
ITGB4,0.000329507089318428
BLM,0.0003293402092813763
KIAA0101,0.0003292643430291162
ADCY5,0.0003288847096618258
HIST1H2AJ,0.0003285537236587254
ADCY3,0.00032779344848896845
MCM7,0.00032754233100101463
ADRB2,0.0003271122109516853
DLG2,0.0003267928039119197
NPY,0.000326047584251645
LRP1,0.0003255297754996889
DNM1,0.0003250337145283192
CHML,0.00032428616918117126
EHHADH,0.0003242727256207031
CD86,0.00032396512011116164
E2F1,0.0003236765072276486
OIP5,0.0003236101773874916
BTK,0.00032309547804505766
RAD51AP1,0.00032301850579020866
KCNQ2,0.00032276855044536607
LAMC2,0.00032253474868569447
BCL6,0.00032200097507485676
FCER1G,0.0003217031472520994
MCM6,0.00032144626941081226
ASF1B,0.00032132341798537026
CCL11,0.00032109624628433114
PTTG1,0.0003209741606707495
LAMA3,0.0003208233504318502
ITGA3,0.0003206749742979706
MUC4,0.0003201267577166912
PRKAR2B,0.00032010864231405876
CENPN,0.00031980830324177244
C3,0.0003196036933067877
MAPK12,0.00031952332312575185
ANLN,0.0003191544962391077
CCL2,0.0003190618868781912
CHRM1,0.0003188141487107256
AOX1,0.0003180967150309592
RYR1,0.00031758531066569386
TCF7L2,0.00031758326473889484
ALDH7A1,0.0003175117154950668
PLCB1,0.0003171943990116655
COL1A2,0.00031707337069001386
NOS1,0.0003169938763695549
P4HA2,0.00031656916572972497
ICAM1,0.00031651883605453036
CD40,0.00031651758308431704
NTN1,0.0003165036835859808
POLE2,0.00031643231906958044
SRF,0.0003163638082589388
VCAN,0.0003161616620847509
RUVBL1,0.0003146118486325311
RRAS,0.0003135838317810064
ITGA9,0.0003132893565034593
PLK4,0.0003130495567637477
GINS2,0.0003125347501745594
PIK3CD,0.00031194275092215064
SFN,0.0003118861840292865
LAMA1,0.0003113350709686086
SPAG5,0.00031019513719753993
PAX6,0.00031017392752622863
CDC25A,0.00031008421725277265
NPFF,0.00030816461199050595
SUZ12,0.0003063140372755017
PRKAR2A,0.0003061982616202536
ANPEP,0.00030617576294893754
PPL,0.00030598256104115163
HIST1H2BL,0.0003056583503095153
PTGS2,0.0003056326564672173
PLAUR,0.0003050048105251398
CDT1,0.00030478166175631306
ADIPOQ,0.00030476234073115285
SORT1,0.00030464199272572543
ITGA2B,0.00030327849049315936
COL2A1,0.00030295032620797385
GNG13,0.00030278171998200887
POLD1,0.0003027553001242279
CDCA5,0.0003026640596784851
PRKAR1A,0.0003025364759929652
SOCS3,0.0003025363781435939
CD247,0.0003024189801502986
SMC2,0.0003012842691246573
P4HA3,0.0003010579962293732
GRIP1,0.0003005788857397393
SMC4,0.0003005129162316826
GHRL,0.0003002324993508469
KITLG,0.00029989769232981726
ADCY1,0.00029963258071689583
SMARCD3,0.00029947186062610873
ERBB3,0.00029932865166862864
COL3A1,0.0002990469234915682
MAP3K1,0.0002988724176327047
FGR,0.00029826022198671634
B4GALT1,0.0002980398264577204
TBL1X,0.00029796101946359823
APBA1,0.0002978853972777217
CCR7,0.0002972780524505101
WNT5A,0.00029726215148573624
TRIP13,0.0002971853717328558
ACVR2A,0.0002970130555972908
GZMB,0.0002970119511987844
ENPP1,0.00029677791447038236
HIST1H3B,0.00029664638210827673
GPC1,0.0002964500532846729
GNAL,0.0002961253586127309
ESR2,0.00029590374318008694
GATA3,0.000295088293099939
FCGR1A,0.00029477286589028623
UTRN,0.0002946788939169021
CDKN3,0.00029465654835099186
GLI2,0.0002945315768111093
NEDD4L,0.00029444089447662345
CYP7A1,0.00029311188721116763
XBP1,0.0002928887987965848
MAP2K6,0.0002926300601366429
ANK2,0.00029241344250340793
ADCY4,0.00029240555795637634
KPNA2,0.0002923956756378345
GLI1,0.00029179954216301964
CALR,0.00029140564903312917
MAPK13,0.0002909465673640316
HIST1H2BD,0.00029058646119905097
HIST1H4E,0.0002899587825777778
VTN,0.0002897510955532037
TCF3,0.00028963329295403486
BCL2,0.00028960496789465977
MUC16,0.00028958472026441344
IRF4,0.0002889091199884216
TGFB3,0.00028881653514908944
BARD1,0.0002887913633322018
HIST1H3C,0.0002883727589445722
TGFBR1,0.00028836442247793945
FURIN,0.0002881181878432115
LRP2,0.0002879695932133166
CRP,0.00028769072689338804
HIST1H2AD,0.00028759610196658935
AP2B1,0.0002875437571410257
SQSTM1,0.000286923475125628
IL2RG,0.0002868893870042744
MEIS1,0.000286612969747704
ALDH3A2,0.0002865396194994336
HIST1H3A,0.0002864651175038811
NCK2,0.00028616259032376585
ITGA4,0.00028600955141748545
TH,0.00028598493172416687
NRXN3,0.0002855268061205303
GATA1,0.00028517346190543984
RAB3A,0.00028506106898412497
CCL5,0.0002848317092461184
PLCB2,0.000284781960292743
HBEGF,0.00028477460609303514
CDKN1B,0.0002846739126791598
RFC3,0.00028459626664380553
LAMB3,0.00028455094638744465
CCT5,0.00028448320537222886
TPI1,0.0002841974069286961
ACTN1,0.00028407767265230623
RET,0.00028404395283612423
HIST2H3C,0.0002838874556867643
HIST1H3D,0.00028365342460823944
LCP2,0.0002831484445723086
FGFR3,0.0002828204470037098
IDH1,0.000282808528688428
SLC1A7,0.00028265878811046836
ATF2,0.0002824792355370201
GABRG2,0.0002817673856400557
NCOA3,0.000281494865614872
SAG,0.00028147339805943515
CHM,0.0002809285217033945
GNA13,0.0002794461424680128
PRNP,0.00027846892475589136
TAC1,0.0002782602697955788
FLT1,0.00027771322123713285
HIST1H3H,0.0002775765276166011
HIST1H3G,0.000277193669614319
LRRK2,0.00027698590059406904
MMP3,0.00027695352049867284
BPTF,0.0002765924075867897
P4HB,0.00027652790264328536
ADAM10,0.00027608947162684807
TXN,0.00027581804853561004
SOD1,0.0002755899882792065
IL2RA,0.0002754201642974785
HIST1H4J,0.00027539067345150293
HIST1H4D,0.00027539067345150293
PGR,0.00027521433481277226
CXCR2,0.00027518916830225127
LUM,0.00027502297180313404
IRS2,0.0002750215300823417
TCF7,0.00027496609657766733
HIST1H3E,0.00027449092761799973
HLA-DRA,0.00027401278530819837
ITGA8,0.000273811001741224
DPP4,0.00027351929929345336
HP,0.00027336968025305216
SCN2A,0.00027317546580336643
TCEB1,0.0002731468014692369
GRM1,0.0002731272853287885
SPP1,0.0002728530670193772
CLU,0.00027273881743825295
ROCK1,0.000272683708560957
PRKG1,0.0002724728194302794
SYP,0.00027243806832390877
HIST2H4A,0.00027228330868436904
HIST1H4I,0.00027228330868436904
HIST1H4H,0.00027228330868436904
IRAK1,0.0002722826650201531
KIFC1,0.00027221951680598004
FLT3,0.00027177415715783494
B4GALT3,0.00027173881704548616
WNT2,0.00027167572987695367
FLNC,0.0002716518382258337
MAP2K2,0.0002716060331736907
BCAN,0.00027130410174473497
WNT4,0.000271082799330421
LIF,0.0002709457071540243
MLLT4,0.0002708417755344202
GAB1,0.0002704273103787765
DNMT3A,0.0002703307561497312
CACNB2,0.0002700613568458862
CDH17,0.00026990640631820064
ACOX3,0.0002692029430248031
TGFBR2,0.00026845513206621155
MYL9,0.00026840243894476513
AFP,0.00026825027203824527
TIMELESS,0.0002680026235537626
DICER1,0.000267991943590079
GRM5,0.00026759331333601886
NOTCH4,0.00026749725846113585
GRIA4,0.0002673279502734993
CFP,0.00026701778132598436
EFNB1,0.00026698642221850135
KIF14,0.0002669748710600517
HIST1H2BH,0.0002665348671130242
KAT2A,0.0002664729576761157
LAMC1,0.0002657374940982568
CSF3,0.00026572742812015467
HIST2H3D,0.0002656902554078729
HIST1H4C,0.00026562098881222854
GNB4,0.0002652895319539578
PSMB8,0.00026519925911954817
TPM1,0.0002649998193944733
NOS2,0.0002646680484279935
HIST1H2BN,0.0002646109708923827
SERPINC1,0.00026443176341980266
MEF2C,0.0002641066668939212
HDAC5,0.0002640873664047462
ZAP70,0.0002634497062168009
PKLR,0.0002633485462785242
SYNJ1,0.00026321246373063904
SDC3,0.00026305288482481536
RAD54L,0.00026294654917045847
SLC26A4,0.0002629127312213321
UHRF1,0.0002626300460396416
CD79A,0.00026254832747006727
B4GALT2,0.00026216312533330026
NOTCH3,0.00026193767469990614
EGR2,0.0002618651522524159
ANK3,0.0002618317196007782
CDK6,0.00026152319729988557
CDCA3,0.00026135530579175477
DKK1,0.00026114256258716773
PLEC,0.0002611345415104811
TCAP,0.0002609001466769362
RPSA,0.00026039770374757665
EPO,0.000260340062176017
PAK3,0.0002602248443441589
KCNQ1,0.0002601972353407011
AGXT,0.00026016485174020236
NOTCH2,0.0002600055379171918
FASN,0.000259757410068992
PPP2R1B,0.0002595771114347347
ECT2,0.00025938640062296515
RHOC,0.0002592666759078992
IL2RB,0.0002591746201413589
NRP1,0.00025901637481239834
SELL,0.0002586509683005255
CDH5,0.0002586193752399741
TPM2,0.0002585689357739049
CXCR3,0.00025855479485029743
MYL3,0.0002584520344969517
GNG12,0.00025831996139328434
UNC13B,0.0002581041316171087
CKS2,0.00025751925019777585
BLK,0.0002571837517346828
LDB3,0.00025690860272482114
CD38,0.0002566943123316151
SYN1,0.00025662091460959123
CCNA1,0.00025642330788028294
MYL2,0.00025632799283771014
GNG7,0.00025623071083284677
IVL,0.000256099055461647
CEBPB,0.00025551676512040216
CYP24A1,0.0002553360717893876
IRF7,0.00025525193555129384
RFC2,0.00025505076637929866
LAMB1,0.0002549031944226497
RPS6KB1,0.00025489984909502313
MUC6,0.00025469271387199303
GPHN,0.0002546904006959713
GMNN,0.0002546619240438994
MLLT3,0.00025451900746184145
NKX2-5,0.00025441690392202744
CACNB3,0.00025436400673477407
MSH2,0.0002541439796614058
WNT11,0.0002540855141201907
GNA15,0.00025309600701424733
CCNE1,0.00025272266579138414
ADCY7,0.00025251699373558356
HSD17B4,0.0002524682171803795
ITPR3,0.00025207668034187377
MYH6,0.0002518964733663989
MMP1,0.00025187476453618254
UBE2T,0.0002518499339559406
WDHD1,0.00025178689766840233
PARK2,0.0002517744200384764
LIPE,0.0002517466986655186
BMPR1A,0.0002513803793737289
MPO,0.00025127074361715076
CD3E,0.0002505842484664577
FZD2,0.0002504305977514232
NLGN2,0.00025034748779331
SPA17,0.0002501468591087048
RPL5,0.000250120107151853
CYP26A1,0.0002499918710672935
PSMC5,0.0002498957978888162
NF1,0.00024915080157229233
SREBF1,0.0002490682450758833
MYH11,0.0002488088388334502
MUC20,0.00024877997252893095
ADAMTS3,0.0002485566723817521
SOX9,0.0002484010152508202
HOXA5,0.0002480798311440963
GAB2,0.0002479206081946138
MSTN,0.0002479149928072455
PDPK1,0.000247767343518211
SERPINE1,0.0002476626233169409
SNRPG,0.00024765949926964565
KCND2,0.0002474565097476597
HIST1H3F,0.00024737325698130993
CASC5,0.0002471721713773685
KIF22,0.0002471400873108769
SLC17A7,0.0002471217411777729
WNT3,0.0002471206084918255
NFATC1,0.00024684038667707037
FADD,0.000246826196122717
PAK4,0.00024656163063953524
RRAS2,0.0002463624122397064
RAD51C,0.0002463506530896814
GRIA3,0.000245971012679012
UGT1A6,0.0002458883247894424
FMOD,0.00024580510159652404
COL5A1,0.00024556439251563716
A2M,0.00024551679244902045
ADCY2,0.0002454053484487871
ITGB6,0.0002453480083490266
WRN,0.00024489105189679904
BIRC3,0.0002448019787259193
WWTR1,0.0002442633844350572
SNRPE,0.0002442430605174681
DEPDC1,0.0002442080969402749
PLD1,0.0002441457231740924
HAP1,0.00024394566379729477
GSR,0.0002434729062329256
H3F3A,0.00024342675153030648
LAMA2,0.00024336233681066102
NUP153,0.00024316615785763783
ITGAL,0.0002430701395520451
DGAT1,0.00024302936629025198
FGA,0.0002427828744588387
CTGF,0.00024263732503844993
GNRH1,0.00024238341037340872
TPM4,0.00024209318269405119
LAMA5,0.00024207308333040178
TWIST1,0.0002415917238003935
PDZK1,0.00024150181935755078
FCGR3B,0.0002414862298538793
TIMP1,0.00024145389859637933
RUVBL2,0.00024142721877794179
S100B,0.0002412964724276002
ACTA2,0.0002411907215616647
CCT2,0.00024117622421077935
ELN,0.00024114282910116903
CXCL9,0.00024091937698275613
ADCY9,0.00024054976569141707
LIN7A,0.00024031422405879692
CACNA1B,0.0002402940029821237
CD2,0.00024004831767488564
WNT2B,0.00023979506300653362
BMPR2,0.0002397894210413878
HSPA1A,0.00023958630079425606
GGT1,0.00023910482630905711
IL6R,0.00023902396213048029
CENPM,0.00023897082572381059
HIST1H2BM,0.00023880578707277623
HIST1H4B,0.0002387137279313239
KCNH2,0.00023854687484263504
NBN,0.000238478597960079
TCEB2,0.00023829919726192468
HLA-DRB1,0.00023804891578236312
GABBR2,0.00023796125216205875
MUC7,0.00023785071873344945
MUC15,0.00023785071873344945
MUC21,0.00023785071873344945
CXCL11,0.00023733246220307875
SHCBP1,0.00023725993140092047
FANCD2,0.0002371143816545892
EPHB2,0.00023706221849119436
HDAC4,0.00023678611465107567
PSMA7,0.0002367484537481275
DRD2,0.0002365350584611416
PRKG2,0.00023644003201380703
CXCL1,0.000236428819335313
DISC1,0.000236385466962277
NT5E,0.00023595168065500272
CYP3A5,0.0002359369562703932
ITGB8,0.000235869256925072
HIST4H4,0.00023574302803425844
TRPC1,0.000235714397740741
PIK3CG,0.00023564582301472152
MAOA,0.0002356081356865948
SMO,0.00023551432083689883
KCNAB1,0.00023548933568732263
GSTP1,0.0002354203733924874
PLA2G4A,0.00023530598746421527
STUB1,0.00023485416204716025
ACADS,0.00023470545916042275
FZD4,0.0002346647703418369
MYO1C,0.00023457871252886343
RPS18,0.0002344445193582892
SGOL1,0.00023421336554845914
RPL23A,0.00023418334637349467
APC,0.00023410154807190612
PPP3CA,0.000234034109880195
HLA-C,0.00023397755999632152
TRPV1,0.00023373904827692427
CSPG5,0.00023366119915084824
PLIN1,0.00023355010228936308
RAD21,0.00023344513991342705
FJX1,0.00023331516340965972
PPAP2C,0.0002330910774252825
DDX58,0.00023302841247880868
HSPD1,0.00023281296493085098
TUBB2B,0.00023270216803161962
TIAM1,0.0002326081363721363
OLIG2,0.00023248751270265832
IL7R,0.00023246517256506462
RPS6,0.00023238718751781852
ADRBK1,0.00023235928178388175
RHO,0.00023223983980966546
FAS,0.00023221925270011228
RBBP8,0.00023221572482586765
KIF18A,0.00023212473684495875
LGALS3,0.00023184689267252804
CNR1,0.00023181922651211746
RPS3,0.00023180441900545794
HSPA2,0.00023171269857851835
FCGR2B,0.00023118659018922614
TALDO1,0.00023118444485653223
VIP,0.000231131192307733
LMNB1,0.0002311180213596768
EVPL,0.0002311041834223566
HLA-E,0.00023101377939386552
MBOAT2,0.00023093425914464958
B3GNT4,0.0002307209959037875
SCNN1G,0.0002306983312131517
ADCY6,0.00023063657673860394
H2AFB1,0.00023054507213637272
CYP2C9,0.00023052443862335258
SNRPN,0.00023044493030209464
IL4I1,0.000230409858958819
ESCO2,0.00023029964627229414
GPI,0.00023027649541449837
COL4A1,0.00023023499827902407
KCNA1,0.0002300725563039531
WNT5B,0.0002298444448521869
CNTNAP2,0.0002297938586304122
IMMP2L,0.00022961557867509505
NTS,0.00022960822400589696
FANCM,0.00022953369541196334
WNT9B,0.0002294628789070377
IRF3,0.000229049433955495
ERCC4,0.00022898204786667332
FGG,0.00022895089580998574
MC4R,0.00022876677676155025
HNF4A,0.00022864709282199947
EPHA2,0.0002284559459898319
STX4,0.00022816854797212257
H2AFJ,0.0002281643361260678
PPFIA3,0.00022806296077049733
ENPP3,0.00022774913782612277
COMT,0.00022772285278047083
ETV6,0.0002276835718029631
EPOR,0.00022745279613482032
RAPGEF3,0.0002273895517555622
CD274,0.0002272794020042751
TUBA4A,0.00022716900903759613
CKS1B,0.00022697956381111667
CXCR5,0.00022666364199499378
DNA2,0.00022658316712819682
CD40LG,0.0002264973493997142
STK11,0.00022630946600679677
CAPNS2,0.00022612908411525888
SLC2A4,0.00022603119711322927
ADAMTS14,0.0002258512343692551
TNNT3,0.0002256350992709557
RNF2,0.00022551233795281534
LDHA,0.0002253107901787077
SLURP1,0.00022501377754634345
HIST1H2AE,0.0002249860672078049
EPRS,0.00022491584195928618
CLTB,0.00022471844418647227
GRIN2D,0.0002246621658459736
ISG15,0.0002245456123989703
MAP2K4,0.00022433190700659226
WNT6,0.00022425806334215172
AKAP9,0.00022387729002897643
TGM1,0.00022387422941784777
NFASC,0.0002238254085155893
MYH3,0.00022377491844313517
ALDOA,0.0002237636531721777
NLGN1,0.00022370807005819902
NES,0.0002235792733725096
KCNB1,0.00022354256888316063
PTPN1,0.00022346569593955512
F2R,0.00022346115870560199
AGXT2,0.00022338272985945428
ST3GAL3,0.0002232970295527297
CEBPD,0.0002231877202515678
KCNQ3,0.00022315794620231814
PICK1,0.00022286530036008767
ROBO1,0.0002228631610218595
GPC4,0.00022273671825167053
DCC,0.000222694922239932
AKR1C3,0.00022254998623218565
CYP2B6,0.00022248357684058364
THBS2,0.00022248353851670922
ADH1B,0.0002223945665287187
ITK,0.00022237592602797384
TNNI3,0.00022232861877591965
CCR3,0.00022227102955242394
INCENP,0.00022221201080338442
GPC5,0.0002221993952780943
KCNAB2,0.00022202155082026517
GFRA1,0.00022195831931461427
ALDH1A1,0.00022185864224987274
MBOAT1,0.00022175784364282433
PRKCQ,0.00022171894412930897
CD36,0.0002213671932382442
HSD17B6,0.00022133649694968725
SOCS1,0.00022131175956098884
OGN,0.00022123553519605034
LATS1,0.00022108501965176786
DIO2,0.00022075737439677186
TFRC,0.00022064440464716396
LCAT,0.0002203360364561852
INPP5D,0.00022018563525124605
COL5A2,0.00022009214742567125
KRT5,0.0002199690187377296
FTCD,0.00021980240311710101
NEB,0.00021977780975369367
CSPG4,0.00021969230297866468
PNPLA2,0.00021966747517567766
ADAM17,0.00021965741864376348
ENO2,0.00021963929623115746
CCR2,0.00021951356226901944
ANK1,0.0002193035758922521
TLE1,0.00021923343920154112
LPCAT4,0.00021923274077437997
TROAP,0.00021922979052118216
CD163,0.0002191856079614561
SH3KBP1,0.000218773759270543
FZD7,0.00021873588976720505
GGT5,0.00021870121795707122
CACNG4,0.00021855932163633327
FLG,0.000218407499670591
KCNQ4,0.00021836073996895286
RPS4X,0.00021823028016392163
GJB2,0.00021786710003808654
RORA,0.00021760676511239257
PPP2R5A,0.00021751042718804231
WNT10B,0.0002173743084978672
PLP1,0.00021735222170039985
KNTC1,0.00021733674270291156
MRE11A,0.00021729722891796816
RMI1,0.00021719568944638697
VCAM1,0.00021695692713737742
SLAMF8,0.00021690025240550002
SCN4B,0.00021690003648600515
LRP8,0.00021679294401648358
MUCL1,0.00021632426515742477
LPAR2,0.00021617807180111
COL4A2,0.00021616903112313092
KIF17,0.00021614461032873212
GPC2,0.00021597211596943705
YPEL4,0.00021591667019450487
USH1C,0.00021582743811676466
NHP2,0.00021577111966043991
PROC,0.000215734905930563
CCL3,0.0002154072739413545
CD79B,0.00021538855193738236
KIF18B,0.00021508208695975118
MYB,0.00021487005032808267
THSD7A,0.0002148492272303821
GABBR1,0.00021484337947998527
DNMT1,0.0002147006719424472
CYP19A1,0.00021437083402174573
PPAP2B,0.00021430871780600574
CSF1,0.00021427307674197273
CASP1,0.0002141387475195633
RPS2,0.00021383754084693268
CCNE2,0.00021379010117093236
FOXA1,0.00021370795308425783
PSMD3,0.00021367260440445396
HLA-B,0.00021364690782260863
TRDN,0.00021364218981029365
NRG1,0.0002136292118366611
TERT,0.00021358050205436062
NCAN,0.00021352640132107326
WNT7B,0.00021352504045166198
TK1,0.00021351478000822914
RAB27A,0.00021340202952965068
H6PD,0.00021336800108519443
PRKAR1B,0.0002131805455410267
CCDC114,0.00021298419256808636
STK39,0.00021292157252731072
RPL11,0.00021271148282162375
F3,0.00021268968933868082
ENG,0.00021266165995950954
PSMD12,0.00021265841750012785
SCN1B,0.00021262459745992308
BCL9,0.00021244521384738152
TJP3,0.0002122447782730859
INSR,0.00021211159157533008
DHCR7,0.00021198117641936813
RPS11,0.00021170577207400176
RSAD2,0.0002115894126756167
FCGR2A,0.00021131339302562816
MYO6,0.00021126390239766066
CACNA1F,0.0002111314071913784
TNNT2,0.00021103840767556703
RPS14,0.00021101574463012847
PLA2G16,0.0002110064041461004
LDB2,0.000210998471291966
RPS5,0.00021095857129020072
MME,0.00021055839000171933
TEAD4,0.00021048917892465722
SEMA5A,0.0002103941459910867
G6PD,0.0002102684045365849
KCND3,0.00021026586191259694
LPAR1,0.0002101327886956481
FBXO5,0.00021006987099151766
WNT8B,0.00020983804328654734
CYP4A11,0.0002097637651019419
BRAF,0.00020962489969480043
ANGPT1,0.00020956960670943825
IQGAP1,0.0002093515818743458
CPLX1,0.00020921135418998726
GMPS,0.00020917910899506117
SAA1,0.0002091646429474707
LAMC3,0.00020893689620612386
FZD1,0.00020860049870616824
TCF7L1,0.000208588666271884
DGAT2,0.00020853341988620407
MUC5B,0.00020846428886405342
TXNRD1,0.00020831327857105135
DNMT3B,0.00020813300940517653
NME1,0.00020804341859777042
STAT6,0.00020796737917897715
CD3G,0.00020788464516881548
FADS2,0.00020770902162587604
PCDH15,0.00020768699820865915
FGFR4,0.00020747710733350885
APOC2,0.0002073783770905317
HK2,0.00020732830616011723
IGSF9,0.00020719501727847162
GNA14,0.00020716599484691542
HES1,0.00020713629645301482
HLA-G,0.00020707522338370339
GSTM2,0.00020707438689376354
EFNB3,0.00020706752700771396
RYR2,0.00020693041000425282
LOR,0.00020687179048677236
KCNA2,0.0002067314033768061
TNNC2,0.00020664716687017977
GNG11,0.00020660256052398526
CHD9,0.00020650987416118288
WT1,0.00020649279330632454
CYP2C8,0.00020631900525005213
GTSE1,0.00020625874508613135
APRT,0.00020615068419804593
CCT3,0.0002061503899871878
CEL,0.00020612880926803169
ACVR2B,0.00020597103618636003
MND1,0.000205960170852263
CLSPN,0.00020581499203539114
LAMB2,0.00020572214550958914
GGT7,0.00020558469445336173
DCAF13,0.00020521054523680316
SLC1A2,0.0002050973907148573
STX1B,0.00020505622964769462
C1QB,0.0002050015248661398
NRIP1,0.0002049094189935141
KCNA4,0.00020484679545563854
SEMA3A,0.00020480460590725183
NEDD4,0.00020471507763687445
DNAH1,0.00020464222538953348
CD2AP,0.0002045867052621385
CNN1,0.00020457929880898508
AKAP5,0.00020445772836445183
ADAMTS5,0.00020442670561112366
SHMT2,0.0002043856962884287
ACTN3,0.00020435751775501473
FGF10,0.0002042625037758036
VANGL2,0.00020419484755425504
NRP2,0.00020414983934169924
GRIN2C,0.00020406316400810567
ALDH2,0.0002039717730835346
KCNC1,0.0002039554976766687
RARA,0.0002038116986508298
LDHB,0.00020358087098149415
AQP4,0.00020353849992872593
ANXA2,0.00020352570888697356
RPS16,0.0002034262124100093
FZD5,0.00020340125704205832
FOXO4,0.00020326609787565288
CX3CR1,0.00020313577594562428
AADAC,0.00020311641967362103
CALCA,0.0002030590845555531
IL1A,0.00020294134609569436
CHPT1,0.0002029226331150251
CKAP2,0.00020286567572397907
PYGM,0.0002027424200015087
MAP3K5,0.00020272415726802856
PTPRD,0.00020263399760529896
SPTBN4,0.00020258658077165002
PARD6A,0.00020258427801933058
IFNB1,0.00020258355027217247
RPS3A,0.00020250922987354912
ITGA10,0.00020244476334702996
TRADD,0.00020244005175236131
FPR1,0.0002024194308334686
FGF1,0.0002023630977639411
MYH10,0.0002023588321730215
PDGFA,0.00020233421336488463
SPARC,0.00020209710830286116
PSMB3,0.00020200777055741424
RAD50,0.0002019787714995364
EFNB2,0.00020197616478995003
MGLL,0.00020193432121714614
RBBP5,0.00020176496070193315
TFDP1,0.00020172553771788631
ADCYAP1,0.00020165052567423016
PEG10,0.00020134609837887184
CCR1,0.00020134094058036982
JAM3,0.00020126488438544112
IFT88,0.0002012528571685832
PTPRS,0.00020117766471679623
HIST2H2AA3,0.00020114128427432162
GNG3,0.00020101816329512633
PRIM1,0.00020092332271767044
EYA1,0.00020070100495400055
CD3D,0.00020058859926701998
PDE6B,0.0002005637496474298
IL6ST,0.00020039736840623924
ENTPD3,0.00020034838247814487
PRRG1,0.00020033445317051423
ADAMTS4,0.00020031539144024218
JUNB,0.00020017339381311536
MRPL13,0.00020006113345408182
TOMM40,0.00019995796498495429
DCK,0.0001999162765031245
RPS9,0.0001999122918573166
PKP3,0.00019989776946500125
BMPR1B,0.00019987443451400182
GCK,0.00019987235039358535
ARHGAP11A,0.0001998353968328685
PRF1,0.00019982008742394227
ADH4,0.0001996919776002893
COL11A1,0.00019965188282487846
RPS8,0.00019949515606105633
SCN3B,0.00019938463834402964
AK3,0.00019935551293494467
ZEB1,0.00019932551598032144
ALDOC,0.00019930150577879776
NEFL,0.00019918181576346588
SPHK1,0.0001991070126223314
F11R,0.00019909427706680185
MUC12,0.0001988448121247344
MUC13,0.0001988448121247344
TNNI2,0.00019880234293828252
GSTA1,0.00019878743306857427
PCK1,0.00019877896432826314
HMGCS1,0.00019872516588132158
RPS19,0.00019844245680695005
ELTD1,0.0001983058511263334
HK3,0.0001981278138628459
SEC16B,0.0001977811561617186
ADH1A,0.0001976712476714523
GNAT1,0.00019758439094909859
MMP14,0.00019753733495206884
ROCK2,0.00019738922859315468
ARHGEF6,0.00019733274909862478
WNT7A,0.00019713874734002962
HIST3H2A,0.0001970728199878333
TAS1R3,0.00019706927303583775
IL15,0.00019703586252326817
GDNF,0.00019696207681323916
DNAJC6,0.00019695653828580967
HMGCR,0.00019694778066039638
LEPR,0.00019683384142502082
WIF1,0.00019675853022069334
BAAT,0.00019661985516936778
SELP,0.00019654009242434082
NCAPG2,0.00019642423606206725
OSM,0.00019641840479258437
PSME2,0.00019641580426777894
SCARB1,0.00019641174256778676
FZD6,0.0001963484626936298
SNRPB,0.00019631272751199303
ITGA7,0.00019625160997041707
PLXND1,0.00019618244023140855
BAX,0.00019616200421775613
ATRX,0.000196088238940328
TRPV4,0.0001960663329816808
RPL35,0.00019605674031648938
ADAMTS1,0.00019594690859439464
TACC3,0.00019577716020488444
ITPR2,0.00019575405430509235
TUBA1A,0.00019569013837850513
LAMA4,0.0001955839950529588
MAGEA3,0.00019558296954817124
LIG1,0.0001955627065846374
RPS15A,0.0001953272065070649
ADH1C,0.0001952771773717843
CKAP5,0.00019523469216776497
FHL2,0.00019522475885151778
HIST1H2AH,0.0001950672852787038
NR1H3,0.00019498854645450886
CBX2,0.00019466846726161083
ZYX,0.00019454531938069899
VIM,0.0001943511582280298
PLXNA4,0.00019432949064394743
TRPC6,0.00019431547751752894
VAV2,0.0001942217937095449
TUBA1C,0.00019420062114889366
MYL7,0.00019419902191919897
DDB2,0.00019419420457633888
TAL1,0.00019418158649193117
RPS7,0.00019417854331172835
STAT4,0.00019401857627175285
CSTA,0.0001939985184742882
SNRPF,0.00019395754406863257
CDH23,0.00019390605766358865
CCND2,0.00019386249147711922
PLN,0.00019355299220824262
THY1,0.00019351138964988516
MYLK,0.00019334790197204912
TLE4,0.0001929706986081503
LIN7B,0.0001929461436295975
PROM1,0.0001929356951533426
ALOX5,0.00019284461783648148
B3GAT1,0.00019284171060095426
CCL20,0.00019276427888917225
EYA4,0.0001927068432783557
CASP14,0.00019270587045903506
PIK3C2A,0.000192594633562229
FZD8,0.0001925351958176088
SGCE,0.00019252446531905102
ADAMTS2,0.00019247779956461285
CAMP,0.00019237924577596778
CXCL2,0.00019228419534848061
CACNA1H,0.00019224544054857965
HLA-F,0.00019215946553821433
IKZF1,0.0001920914422119139
PARD3,0.00019199841250937887
TMC1,0.0001919008684285153
TGFA,0.00019186861183682238
EPHA4,0.00019183684982998725
AGPAT4,0.00019168203331448261
DNAH5,0.00019159043749948494
PSMD11,0.00019142885798499728
PDIA4,0.0001913448054977604
EFNA1,0.00019117853679139052
CACNA1E,0.00019112844424024972
EEF1G,0.00019110878901110802
NUP210,0.00019108887439705423
ALK,0.00019091931284208856
PLCE1,0.00019088366856358243
LMNA,0.00019086105203218023
RPL23,0.00019059376483611376
WNT9A,0.00019038105274813544
STIP1,0.0001902973309869843
HMOX1,0.0001901795582031588
LMO2,0.0001901629375852163
RHOB,0.00019012164413624355
DOCK1,0.00019009985233718163
RPLP0,0.00019004068701503825
TRH,0.00019003541804038718
NTRK3,0.00018994933270355678
BAG3,0.0001898707783300381
FABP4,0.00018982151871460597
SGK1,0.00018981083134005046
EEF2,0.0001898016990012783
TMIE,0.00018968584712075122
MBP,0.00018965369304864673
EFNA5,0.00018946603159570316
MYH8,0.00018931689553286808
ALDH1A2,0.00018923891814847548
RPL30,0.00018922055402417846
MAOB,0.0001891842783346237
AMPH,0.00018917632757300832
DDC,0.00018897884580780367
ACSS2,0.00018886943724752964
EPHB1,0.00018883275691209772
KCNMA1,0.00018872228176748196
REN,0.00018865816544203883
NOD2,0.00018859373298483342
MYL6B,0.00018844310176370263
PPP1R9B,0.00018835588219783957
OAS2,0.00018833587972746634
ST3GAL4,0.00018833213924071072
APOA5,0.00018829706052400394
S1PR1,0.0001882627857382393
SERPINA5,0.00018819212381246433
PLA2G7,0.00018815735531834432
DNAI1,0.00018810365955950858
AMBP,0.00018806163441633487
POLR2L,0.00018804949870073728
RPS20,0.00018803637848850268
GABRA1,0.00018802394163725658
PLAU,0.0001879041318165467
SQLE,0.00018786325903480757
UGT2B15,0.00018785623502221423
SPTBN1,0.000187786935142853
FDFT1,0.00018778533020625876
SAP30,0.00018771893390317863
THBD,0.00018760067981741347
PRSS1,0.00018758248594677644
MYLPF,0.0001875666166283613
RUNX3,0.00018755527310506236
RPS28,0.0001874445533383934
FUT4,0.00018724943481570708
BSG,0.00018722774514569302
SLC9A3,0.0001872114408419885
SPRR1B,0.00018709883496446962
CENPW,0.00018704942100533092
CHRNA7,0.0001870084529098702
MX1,0.00018698887938011616
GSTM1,0.00018679235159726606
NLGN4X,0.00018676671958516315
BCL2L11,0.00018676075836663369
WNT10A,0.0001866273328754124
RPS23,0.0001865840376910537
UNC13A,0.00018657629049664642
GTPBP4,0.00018637558473267386
HTR3A,0.00018633801079610628
MYBL2,0.00018630618310581218
GATA2,0.00018609295370545362
ST3GAL2,0.0001860145153312081
KERA,0.00018595171548265019
RPL4,0.0001858839259271807
LAT,0.000185875505415445
CACNA2D1,0.00018583911905160983
PAX8,0.00018579444418905487
HELLS,0.00018575168181709668
IL7,0.00018571986829627357
ITGB7,0.00018570517024542327
TMEM30B,0.0001856501868790616
CDC7,0.0001856473890022649
UBE2S,0.00018542307298362166
C4A,0.0001853002077592635
FUT1,0.00018517228264782932
KL,0.00018509055543021745
GSTA3,0.00018504052698150474
CACNB4,0.0001849328790961225
RPS15,0.00018479332094145727
FAM64A,0.0001847831962512009
GPT,0.00018477464186614657
RPS24,0.00018445827640607538
TAS1R1,0.0001842540278086245
RPL8,0.0001841722096357946
NPAS2,0.00018416517022880566
CTNND2,0.0001841548684534304
TMOD1,0.00018403981446885005
TEAD1,0.00018402769010126887
KLK4,0.0001840261427668108
PLA2G6,0.00018402462600924742
SEC61G,0.0001839899641867039
RIMS1,0.0001839869927129703
RPL9,0.00018398462494366387
LRRC17,0.00018397079585570283
ADAMTS9,0.00018395243247168818
RPL3,0.00018394642439457362
NCAPD2,0.00018392234565856415
NRCAM,0.00018369926496661804
RPL21,0.000183682242920126
IDE,0.0001836800748696465
IGHMBP2,0.0001835364543993987
TRPC3,0.0001835087196517123
EPCAM,0.00018349274714306532
PTPRZ1,0.0001834526499325588
ALDH1A3,0.00018328143895200743
MAP3K14,0.0001832360307637211
ENO1,0.00018304411268267533
KSR1,0.0001829179071430879
MYO5A,0.00018290160441698726
PDCD1,0.00018284785800641953
KCNJ2,0.00018276132757696976
PAK7,0.0001827579784336929
IRF1,0.0001827201271647202
SHC2,0.0001827043473751889
DHCR24,0.0001826862630160146
MMP7,0.0001826275311775976
OAS1,0.00018250581582687745
ST3GAL1,0.0001824374698111294
RPL34,0.0001824312425836214
CSAG1,0.00018232308607519655
AP2S1,0.00018226824269535537
B3GNT3,0.000182122180052682
GGT6,0.00018198424030847055
MT1E,0.00018193469475927924
IL18,0.00018145532316738856
PAX5,0.000181385146740224
ENAM,0.00018128335957592374
RPL13A,0.0001811454624867367
FASLG,0.00018106725973944605
LIPC,0.00018099482964244537
SKA3,0.00018091217238213475
CH25H,0.00018080949365077215
AMACR,0.00018078996189544648
HOMER1,0.00018074509211320148
CXCR1,0.0001807095787028072
IHH,0.00018067952917582777
KLF4,0.00018065422793655416
FTO,0.0001805819573104533
MRC1,0.00018049855247939095
PLCD1,0.00018046489250981963
CEP290,0.00018026561409773578
TKT,0.00018024187317020743
SYN2,0.0001801822812788392
SPTBN2,0.00018015894513156606
GLUL,0.0001801481992901734
LMO1,0.000180139213592053
ITGAE,0.00017999986216403154
PIPOX,0.00017985822351599632
PRKDC,0.00017984465741838603
LRAT,0.00017979737836494277
ST3GAL6,0.0001795548900799237
DHRS4,0.00017953356933519108
LILRB2,0.0001794859673777877
BRIP1,0.00017941626546895466
MRPS12,0.0001793713182635309
NT5C2,0.0001793551555156891
GIMAP7,0.0001792701275598504
HIST1H2AL,0.000179216336403132
PRELP,0.000179161575799366
GABARAPL1,0.0001791036568835399
MMP13,0.0001790351520244195
GP1BA,0.00017883891024763818
CTSG,0.00017880385832175986
ARHGEF12,0.00017873183069562227
ACSL1,0.00017869618393316072
RPL12,0.000178653459890007
TUBB2A,0.00017859746285765494
PPP1R15A,0.00017849113075908834
KRT7,0.00017843504440495013
LPCAT1,0.00017842383593945783
TRAF1,0.00017840128297947103
TNFSF11,0.00017838673784630098
GPC6,0.000178368819738673
IFIH1,0.0001783550077556515
FZD9,0.00017830142190307046
SCNN1B,0.00017828934659255429
DLGAP3,0.00017820068781320808
NLRP3,0.00017813902343009742
EPHX2,0.00017799584381892925
CATSPER2,0.00017799307949092292
CYP11A1,0.0001778508387724919
BEST1,0.0001777380479825131
TLE3,0.00017763556492747618
TOR2A,0.0001776192008395016
SKA1,0.00017760137891039267
GUCY2D,0.00017740786725731252
ASH2L,0.0001773626157479732
SKP2,0.00017728616671145196
IL12B,0.00017703837453224023
ITGA11,0.0001769422308426009
CDCA2,0.00017677809597846188
SNAI1,0.00017676558042426335
PPAPDC1A,0.00017673714601218859
CACNA1G,0.00017666112470386106
GIMAP8,0.00017658830380834964
PSMB9,0.00017640101013392478
PRDM11,0.00017636269998916066
SNTG2,0.00017628817488977343
SH3GL2,0.00017625809627568368
PLXNA1,0.00017623815121282327
GNG4,0.00017623362397196796
PABPC1,0.0001760078194461816
SNAI2,0.0001759431662206743
S100A14,0.00017589401064379645
FBL,0.00017582024301695618
GPX4,0.00017581988595162838
FIGF,0.00017578404491630823
XYLT1,0.00017577799972849992
SHMT1,0.00017576285728412999
FGF7,0.0001757393847036966
APH1B,0.00017563578648471285
MBD3,0.00017557969169810153
ETS1,0.00017548338461362297
OMD,0.00017544219093595394
THSD4,0.00017543840752276384
AKAP3,0.00017541065720112246
DYNC2H1,0.00017537868620422223
PER2,0.00017531791114714607
NFKB2,0.00017529341182213984
PIK3R6,0.0001752346015489957
BYSL,0.00017521129626228086
ADAMTS8,0.00017513418583316339
WNT16,0.00017510395958533146
OASL,0.0001750771799369469
RAPGEF4,0.00017501014016716847
RPS29,0.0001749986419385413
VEGFC,0.00017494722734936395
ALDH3A1,0.0001749404999755516
RPS27,0.00017481058978203185
PTK6,0.0001747801893777883
KLK3,0.00017469960408773958
MFSD9,0.0001746964704711726
OAS3,0.00017455044089913926
P2RY2,0.00017448267551796302
ATAD2,0.00017442322637513632
CD27,0.00017440704394811797
DSG1,0.00017424172618654146
HPX,0.00017422539283362554
GATM,0.0001742126318430951
SHC3,0.0001741971362538354
HBB,0.00017416107432782353
SCD,0.00017414630549049547
PHGDH,0.000174118280764647
COL4A6,0.00017408713152423997
SMAD9,0.0001740024220776714
PDE4D,0.00017384336409223547
UGT2B10,0.00017380376526241267
HSPH1,0.00017377263517445862
MYO15A,0.00017377078504673038
HSD3B1,0.00017360775886617437
ELANE,0.0001734897018589806
ADAMTS7,0.0001734893991158135
NOG,0.00017347522200401476
GDAP1,0.0001734644188311817
MAPRE3,0.00017341886837902648
RIPK2,0.00017339460137375337
LTA,0.00017336261040618917
HIST1H2AM,0.00017336086164707675
ADAMTSL2,0.0001733358084146254
SPC25,0.00017331491550763649
REL,0.00017313767775272075
UCP1,0.00017298061310121329
PDE1A,0.00017289572445562895
MITF,0.00017287255875632733
CUX1,0.0001728462662933223
FGF19,0.00017269994889155936
SCN1A,0.0001726417879331666
SLC18A2,0.00017258653154846788
PNP,0.00017255035795129905
HIST1H2BC,0.00017252227288109135
STIL,0.00017239644172924268
CCNT1,0.00017236217976752916
IBSP,0.00017236207375855776
RPE65,0.0001722995765626238
MYL5,0.00017225224492025686
PKMYT1,0.0001722381224823712
FCER1A,0.000172108764132221
MYH14,0.00017209668063516197
MSRA,0.00017207465875666034
KCNH3,0.00017187396051188963
POR,0.0001718229451097065
SREBF2,0.00017168829697738667
AOC3,0.00017165653732482093
FZD3,0.00017164898430848633
ADAMTS18,0.00017162356214219375
CCK,0.00017152930406880634
SMAD5,0.00017151842765901387
DLGAP1,0.000171496606174296
MYH1,0.00017149499451750934
SNTA1,0.00017146697735131666
RPL27A,0.00017135586144633103
TNFAIP3,0.00017133521705892706
TDRKH,0.00017116587758898825
NFATC2,0.0001711147792570438
MRAS,0.0001710879347281135
B4GALT6,0.00017097806860035973
AVPR2,0.00017093812819420035
ISL1,0.0001709047572894807
PLXNB1,0.0001708828492099089
CTBP2,0.00017081815870878105
PTPN13,0.00017071689007255893
MYL4,0.00017071108875941482
DOPEY2,0.00017065044078139454
SLC2A1,0.00017057815225568991
CPT1A,0.00017057683761409755
DDO,0.00017044290927540742
CBX8,0.00017041926174741497
ELMO1,0.00017039336047631372
MAP2K3,0.00017039172770785246
RECQL4,0.000170365995680929
CHRNA1,0.00017036562843077637
FAM69C,0.0001703636416469476
IDO1,0.00017034505622226393
ABAT,0.00017033809102197505
PFKP,0.00017028176000151308
SCN2B,0.0001700567795472696
P2RY12,0.00017003248410558426
ADAMTSL4,0.0001700268546842246
ADAMTS10,0.0001700268546842246
DLL1,0.00016992706425265937
FUT3,0.00016992164532957153
KIF5A,0.00016990265033575713
CCL22,0.00016977481256208075
F10,0.00016972848912077864
CYC1,0.00016968039053003747
AKR1B10,0.00016966428697777
ANGPTL4,0.00016962006917302074
FBN1,0.00016953175270290616
CD209,0.0001694764777692162
SFRP1,0.00016947173648384128
CHRD,0.00016938799901719835
ABCG2,0.0001693568269713277
GNAT2,0.00016934200355570784
GLS2,0.00016930260471816874
RPL18A,0.00016928878042898787
PSMB4,0.00016926210061505957
KRT1,0.00016916220054312268
GNGT2,0.0001690676886016367
ARNTL,0.00016904194525400054
GFER,0.0001689922796540561
THRB,0.00016892599315654875
PGM5,0.00016892332826209944
KDM6A,0.0001688624918477415
AXIN2,0.00016884942632792104
MSN,0.00016883535490309275
CD74,0.00016869015537857734
ATP1A2,0.0001685046101956385
PLTP,0.00016837541140940954
GYS2,0.0001683518049493794
TP73,0.00016834759227229786
PSEN2,0.00016820141471201737
RPL26,0.00016805302402751553
APOC1,0.0001680014621260798
RGS7,0.0001679438822433656
IKZF3,0.00016787754452186258
RAPSN,0.00016785651524535918
KCNK2,0.0001677965045429467
PRDM16,0.00016777961854724734
ACTG2,0.00016777270952926228
CD1C,0.0001676480830522286
SGCA,0.00016764085781746185
GLRB,0.0001675863331386652
HMGCL,0.00016734399268302416
CD9,0.00016725083743138053
AQP2,0.0001672427873565385
OXT,0.00016722864999399773
GCH1,0.00016721665982381397
GLUD2,0.00016710367980367826
CYP4A22,0.00016693516362984492
SGCB,0.00016690129161313507
CPAMD8,0.00016685510346831726
SYNJ2,0.00016674223933539793
ADH6,0.00016664868776136482
SNRPD1,0.00016658896552087501
SERPINH1,0.0001665771381508275
PTCH1,0.00016652689430393238
AMH,0.0001665073602094953
GPX3,0.0001664519407757645
POLR2F,0.00016642281680235291
CCL19,0.00016636867731702185
EPT1,0.00016631387085106177
TLR3,0.0001662885112634234
PRDM8,0.00016624585987392654
IQCD,0.00016624330218644327
SPINK5,0.00016623585765906867
CACNA1A,0.00016617543702642524
SERPINA1,0.00016614433804984087
ADAMTS15,0.00016614370025784447
THSD7B,0.00016614370025784447
THSD1,0.00016614370025784447
RPL13,0.00016585048948757473
LATS2,0.0001658361652985556
SCN11A,0.00016581803576225384
RPL19,0.00016580176368210617
ATRIP,0.00016578602621045903
NCF2,0.00016567313277225686
S100A7,0.00016564708451657665
GRM2,0.00016560685175502404
PAH,0.0001655291325286925
ENO3,0.00016547919205378748
POLD2,0.00016547731365310186
HIST1H2AG,0.00016537106343060884
TNNT1,0.00016532435866035966
CCR8,0.000165310125966946
CYP1B1,0.00016526554486853863
RPS26,0.0001652632520605163
HIST2H2AB,0.00016518789764547386
DPYSL2,0.00016516216400275992
DSCC1,0.00016511836776222753
TBX21,0.00016508369905012291
MYBPC1,0.00016491220166137065
TIPIN,0.0001648940190411524
DLGAP2,0.00016475306710340206
S100A10,0.00016473574761374012
CD69,0.00016468615680913812
TCF4,0.00016460332871285482
HYDIN,0.00016457893199792157
HSPA4L,0.00016450048807632785
PRDX1,0.00016442250444045846
IFI6,0.00016437575829752983
DZIP1L,0.00016437438837377905
TMPRSS2,0.00016427099525414388
RPS17,0.00016420887798590297
GNG5,0.00016419711888058155
RPS25,0.00016419600439913568
S100A1,0.00016417985409577647
LRRC2,0.00016410814156077108
PDE1B,0.00016406696157736503
RPL32,0.00016405275291948783
SOST,0.00016397684965418092
WNK3,0.00016394222161704601
GSTA2,0.0001638622595118904
NID1,0.0001638568175478395
RPL18,0.0001637978991786186
ANXA1,0.00016375082543979962
FRS2,0.00016374857552494605
NUDT7,0.000163708086699796
RGS9,0.0001636901491343491
CYP17A1,0.00016367098455883394
FGB,0.00016363844902909924
ADAMTSL3,0.0001636327524921817
IRS4,0.00016358662468639478
PLCB3,0.0001635156731477404
NR0B1,0.00016341125970320428
MEST,0.0001634045650448906
TKTL1,0.00016338367004798223
MT1X,0.00016334743936029675
SLC27A2,0.00016327623469046402
EYA2,0.0001632289560144748
SALL4,0.0001632057426653949
AGPAT2,0.0001631728052102058
KLK2,0.0001630857298521162
AGTR1,0.00016307207736632718
KCNK12,0.00016298835087799921
CHL1,0.00016298304188355411
BIN1,0.00016293988339703398
NLGN3,0.00016293544097878947
GRAP2,0.00016291848571999825
PEMT,0.00016261465361439302
PON1,0.00016255121021966327
GSTM5,0.0001625254237403993
STXBP2,0.00016249115625551847
FST,0.00016244509870675416
NPPA,0.00016232086521833345
CCL7,0.0001622642738189438
MAP2,0.00016210596424964672
CDKN1C,0.00016198522459116664
EPAS1,0.0001619520520342005
LPAR3,0.00016193930610661973
UGT2B4,0.00016193348092567397
COL4A3,0.00016189113072391523
FANCC,0.0001618458051890051
RPL7A,0.0001618413525572634
CD5,0.00016177666468911332
ROBO2,0.0001617078644327216
PLEK,0.0001616873836354058
BATF,0.00016152876110965227
HKDC1,0.00016149054877221251
KCNAB3,0.0001614885888969273
CYBB,0.00016143058788402402
SHANK1,0.00016129097458060477
CLK1,0.00016124274216045513
HYOU1,0.00016123802302050728
SIRPA,0.00016122432627629842
IFIT3,0.00016113120918133988
KCNIP2,0.00016107969085524037
GRB7,0.00016098453704675066
ACOT2,0.00016091407100751336
ACOT4,0.00016091407100751336
ALDH3B2,0.00016087290147060894
RGS4,0.00016079086111920782
CCNF,0.000160788846898055
EREG,0.00016076032126925832
PLAT,0.0001607465110885112
POLE4,0.00016060622263155215
CHRNA4,0.00016056213620293982
RPL27,0.00016047580514179938
CHTF18,0.00016047188551273543
NR0B2,0.00016042410284925677
PDCD1LG2,0.00016041760142421785
PGK1,0.00016039041061366652
TIMP3,0.00016035386385252
DNAH8,0.0001603330337602734
HLA-DPA1,0.00016032024076704818
HPRT1,0.00016017720610321008
SRD5A3,0.00016017659908209713
SMC1B,0.00016005354408585288
PDE1C,0.0001600235326574914
EME1,0.00015976435713808143
PAX2,0.00015971991818979086
RELN,0.000159600619060968
HAO1,0.00015958728237336407
CANT1,0.00015957478534407997
GCLC,0.00015954529574375778
EPB41,0.0001595153892282549
RSPH9,0.00015943014876669532
KCNE1,0.00015940420189628494
ALDH6A1,0.0001593978161180784
POSTN,0.00015939117939968678
HSPA1B,0.00015930312514673641
PCYOX1,0.00015925361725007596
ITSN1,0.00015925044291484003
EDNRB,0.00015915213629993406
C1QA,0.00015914098592475392
SLC6A3,0.00015908683565594864
SHFM1,0.0001590868030808371
ERCC6L,0.00015901227951716233
DUSP1,0.00015894546027259385
SNRPA1,0.0001588697053016895
PLOD1,0.00015881485645270283
SCNN1A,0.00015880042347666358
HMGCS2,0.00015879986675574286
RASL11A,0.00015876350473840173
MAG,0.00015870353158253147
TPT1,0.00015869151597276555
AKR1B1,0.00015862340484794623
PSMB10,0.00015861630786650748
EPHA3,0.0001586061796450328
ACAA1,0.0001585813820978697
MOCS1,0.0001585596162817849
FUT2,0.000158552289232412
ARHGDIA,0.00015853917200506914
ITPA,0.00015852250561829647
JAG1,0.00015846719089052268
EDN3,0.0001584368560392786
CX3CL1,0.00015839742408287375
RPS21,0.00015832113316842342
CES1,0.0001583195180845963
SEMA5B,0.0001581908251024044
BGLAP,0.0001581906630769432
GPAM,0.00015818668214891382
IFIT1,0.00015814528730877212
PLOD2,0.00015814457434829945
ACSL4,0.00015806687809453418
GSN,0.00015802530511998094
CDC25B,0.00015792780903140375
HSD3B2,0.00015785233026989384
ADAMTSL5,0.00015779333067947307
CYLD,0.0001577744047337868
NUDT12,0.00015776034260425435
ANO1,0.0001577592628382136
EEA1,0.00015768484097536582
POLA2,0.00015767085021118108
RAD9A,0.00015763330465218798
LPIN1,0.00015759679123723442
RPL7,0.00015736553223047274
DSG3,0.0001573017774696723
RND1,0.0001572292090335802
CCDC40,0.0001572246813315156
COL11A2,0.0001571107589845105
RPL29,0.0001570465458512921
CCDC69,0.00015703004925191597
PDXDC1,0.00015700230247691287
COL6A2,0.0001569907324559818
CACNA2D4,0.00015698486760374393
GHR,0.00015694183706758366
ATP2A1,0.00015685588986913103
RNF43,0.0001568292291751786
TGM3,0.00015678745990649806
SHANK2,0.00015676510564140877
CRAT,0.0001567327376993007
UGT1A9,0.00015671971579722514
CLTCL1,0.00015670669541969416
KCNK3,0.0001566524252467033
RPL35A,0.00015660637169678484
ADRA1B,0.0001565583806994503
TTR,0.000156552214925195
MYOZ2,0.00015651433518224265
MSX1,0.00015648251264504143
IL3RA,0.000156423487101941
MYOM2,0.00015633681717423827
FOSB,0.00015627151887900447
GPRASP1,0.00015609185039242168
MRPL2,0.00015606024215543966
FANCA,0.00015589476276894556
CLOCK,0.0001557452819670333
DSP,0.00015568368190483923
TNRC6C,0.0001556359055431376
AKR1C1,0.0001556287433994507
PDE11A,0.00015562822986247632
COL6A1,0.00015557819438940116
CENPI,0.00015554553571100815
UGT8,0.00015551400104033995
MRPL27,0.0001555040754886339
CENPK,0.0001553658369266981
HEY1,0.0001552518458021698
TTPA,0.00015522778279192177
MAML2,0.0001548932377474792
PYGL,0.0001548759577635081
RPS27L,0.0001548121772392033
CPB2,0.00015478524869507994
HSPE1,0.00015476227282470908
ACOX2,0.00015470343964733943
SFTPB,0.00015466495403047145
ATP1B2,0.00015466293960719564
SLC12A1,0.00015461672507123444
CTAG1B,0.0001546140282286073
CBX7,0.00015457708841581268
JAM2,0.0001544619461550546
PTGS1,0.00015435223156226463
MRPL11,0.0001542619231996803
NR1I2,0.00015424754232674394
LAG3,0.0001542113758588847
TGFB1I1,0.00015417689386643056
TET2,0.00015412828015573283
PKP1,0.00015412786217708753
SLIT2,0.0001540999572034596
ACSBG2,0.0001540943460364068
BMI1,0.000154062565837911
C5,0.00015403550870757608
SCN9A,0.00015403338385702162
CATSPERB,0.0001538999048087148
COL4A5,0.0001538943207301339
FES,0.0001537777119000798
HSD17B7,0.00015375267168474846
CACNA2D2,0.00015370166098027608
SPC24,0.00015368926227838243
NPHS1,0.00015364540140838702
HOXA7,0.00015362189979879388
RPL22L1,0.00015361358837388987
CALML5,0.00015356922918801903
NCF1,0.0001535187382713063
CASQ2,0.00015348472560916592
ALDOB,0.00015347325073669055
RBL2,0.00015345472651264805
CYB5A,0.00015342435081361805
VHL,0.00015330852397804574
NUP155,0.00015319555843391834
E2F8,0.0001531828098196269
GREM1,0.00015315721223367978
CHAF1B,0.00015315118660266943
PPP3CC,0.00015313753120426452
MBOAT7,0.00015303851576184153
SYT2,0.00015289877851655022
NOX4,0.0001528824743027986
CRHR1,0.00015284087863093055
LEPRE1,0.0001528132682121561
ALAS2,0.00015260908629140827
DPP6,0.00015258644850717022
RPL38,0.00015257153862891827
TSKS,0.00015248275160274224
GPR139,0.0001524669328148514
DYNLL2,0.00015246570407475527
PFKM,0.00015244421750586283
PAM,0.00015242808202524586
TSSK4,0.00015239186079576527
XKR6,0.00015237355240681457
DYNC1I1,0.00015234153745924053
BMP7,0.00015222615826191498
PSME1,0.00015219693662629056
COL7A1,0.0001521608347721405
ZNRF3,0.00015199600485412941
CHRNB2,0.00015198959171636942
EDNRA,0.00015197870250274482
SCT,0.00015194640038372238
RPL31,0.0001518521034032637
TPH1,0.0001518422859147641
PDE9A,0.00015182379428491842
MYH2,0.00015176804585017437
PLAGL1,0.00015174918373903824
P2RX6,0.00015158473430863995
ZWILCH,0.00015144781432588442
BMP1,0.0001513235843255567
ADAMTS13,0.0001513063091813259
KIF3A,0.00015120796613305094
RPL17,0.00015117168556249576
PHLDA2,0.00015108744779744891
NTNG2,0.00015105765119799937
PAG1,0.00015100428098289997
AMT,0.00015099714630705793
VAV3,0.00015095246293950332
GYPC,0.00015071608011845718
GATA6,0.00015071457241983138
UGT2B11,0.00015070010465676744
KALRN,0.00015065180901570305
TBX4,0.0001505169105446081
PLCD3,0.00015047747135043927
MYH4,0.00015046326760747084
ENAH,0.0001504363898680184
LPCAT2,0.00015037075369514447
VLDLR,0.00015026780045327177
HNF1A,0.0001502283645391375
RPS12,0.0001502274132594637
PIM1,0.00015010643642382243
ASPA,0.00015009277309674233
KCNQ5,0.00015006576269165577
RPL37A,0.00015003035345605126
CARNS1,0.00014999605660445957
TRPV6,0.00014997795283864526
PLXNB3,0.00014990931119164644
KLHDC1,0.0001498965338439594
FBLN2,0.00014988661267271005
AREG,0.00014987741813921095
MAGI2,0.00014984162590108346
MEIS2,0.00014982074511998294
WWC1,0.00014981565686472188
SMURF2,0.0001496708494758799
POLR1E,0.00014965494453083163
GUK1,0.00014959852935038782
FOXA2,0.00014956796606246302
GPIHBP1,0.00014952178630103725
CTH,0.00014951983174707226
PSMD5,0.00014949153442468812
PRTN3,0.00014949032119358554
CCL21,0.00014948619265052742
GABRA3,0.00014938408252342388
DTYMK,0.00014934364900565472
GLP1R,0.00014926189400100238
CHGA,0.00014915859481338012
UGT2B7,0.0001490755076823775
SULT2B1,0.00014907517414429158
PIWIL2,0.00014906067716606493
GTF2A1,0.00014898998025055177
MPDZ,0.0001488825874257119
HIST1H2BF,0.00014883769575251335
AKAP1,0.0001487316727608546
GUCA1A,0.00014863069681697865
COL18A1,0.00014862436382113948
NOTUM,0.00014861246846409012
MYH7,0.00014857848234918938
EEF1A2,0.00014855124068920546
RGMA,0.00014852103690040372
RORC,0.00014851126405008577
COX6C,0.00014848974776871307
ATP5D,0.00014843681245948093
IFI35,0.00014839854949333633
MGAM,0.00014837002621719683
GPX1,0.00014836347067023715
BTC,0.00014835955577730933
ATP1A3,0.00014831131531399712
NUP93,0.0001483087121959228
TUBB3,0.00014830630924270405
CXCL5,0.00014828911221015676
CENPJ,0.0001482137313137482
GAL,0.000148186716427971
ACSS1,0.00014816561314096805
ADSSL1,0.00014809333974555655
IFI27,0.00014806253419691193
APBB1,0.00014805991762504894
PNMAL1,0.0001480581450980428
STRA13,0.00014803481358249772
PRL,0.00014799481853236055
MTHFR,0.00014795935897369937
CCL17,0.0001479462925018063
POLQ,0.00014790765173839287
CRY2,0.00014787721761368248
OTOF,0.00014786784749963887
MEOX1,0.00014780479622703664
RPL36,0.00014778849786437133
C3orf58,0.00014778728438901025
CYP2U1,0.00014760473863478627
TAT,0.00014760325155583395
CTNNA2,0.00014757183222623634
LY96,0.0001475614294215875
DOCK4,0.00014753802023041973
RPS10,0.0001475148874831048
ATP6V0D2,0.00014734303113226005
CTSD,0.00014734117109422331
CYP3A7,0.00014733019494188554
SCN8A,0.00014731889934824124
TP63,0.00014718623471758792
PIP5K1B,0.00014711802393337816
ACSL6,0.00014707569209412911
FZD10,0.00014695582213162422
KDELR3,0.00014686616302973435
VDR,0.00014684663442386583
PLCB4,0.00014682978361350396
ALDH4A1,0.0001468170031837346
CST3,0.00014675362384710034
AHR,0.00014674852748846403
LRRC49,0.00014669714856439301
AP1S1,0.00014667891291655113
SGCZ,0.00014666696479169559
GPX2,0.00014662908408835193
EPHA6,0.00014658708335092187
LDLR,0.00014652293029420973
TANK,0.0001465133119097435
RBL1,0.00014649176217467182
ECH1,0.00014647952057372083
IRF6,0.00014645349139152692
CPE,0.0001464162941435083
NYNRIN,0.00014637577492860064
OSBPL1A,0.0001463574832604024
GABRB3,0.00014633403164585914
SMPD1,0.0001462020069129979
RPL24,0.00014617576363389143
CNIH2,0.00014611257153164856
MERTK,0.0001459925390810097
KCNH1,0.00014599087033823023
KLHL3,0.00014597556867510512
CDSN,0.00014597266701168134
H3F3C,0.00014595842868184505
HSD17B3,0.00014592581305694863
RNASEH2A,0.0001458847656476839
SLC26A3,0.0001458524189926998
PAX3,0.00014583393415440186
BHMT,0.0001457501291296758
DYSF,0.00014571908867794906
SFRP4,0.00014562494285692216
PRKAA1,0.00014560913784199538
ERC1,0.0001455851717556073
EPHA7,0.0001455824232340755
IGF2R,0.00014554428416995008
PYGO1,0.0001454515993984946
PPFIA2,0.00014544929464887428
NR5A1,0.0001454070117267139
CCBL1,0.00014534080141066392
GAS2,0.0001453121474134759
EIF3E,0.0001453066758500106
GRP,0.00014529736736545684
HSPB8,0.0001452931677359052
CIDEA,0.00014523290307616704
RIPK3,0.00014517376181722905
SHC4,0.00014506578390061493
PI3,0.0001450635296027401
CARD11,0.00014502039167561478
CCNB3,0.00014497350341392373
QKI,0.00014495601519400676
CKAP2L,0.0001449550897521893
PSENEN,0.00014494532175198695
PKN1,0.00014489017739872083
ASCL1,0.00014482418559340384
ACSL3,0.00014477889956764049
RAB9B,0.00014477760517271957
GSTM4,0.00014476192324082532
MAGEA1,0.00014468709846240783
TNS1,0.00014461552568136813
ANAPC1,0.00014460826993731302
PLXNB2,0.00014460128576078117
COL17A1,0.00014458938028708492
WWP1,0.00014456178729735884
ACAA2,0.00014449026105767612
IRF9,0.00014447353602884953
TNNC1,0.00014445680180966874
POLR2H,0.00014432470231392477
SCN4A,0.0001443236384993489
ATL1,0.00014431544932301085
PYY,0.00014429526885581536
PIWIL4,0.00014429273030024505
SEC24D,0.00014424325603408262
LPCAT3,0.0001441834372959858
IDH2,0.00014418317875633903
UQCR10,0.00014417533522214615
NTF3,0.00014417311856326713
LAP3,0.00014416517692265307
ABCA1,0.00014414109787796032
PIK3C2G,0.00014389678689226944
FGF9,0.00014388318250145918
MYOZ1,0.00014388201044541484
NSF,0.00014384839803450945
GSTM3,0.0001438478139222186
MFAP2,0.00014383508907833377
HIST1H2BE,0.00014381086437153563
HIST1H2BG,0.00014373844867830157
PBX3,0.00014372671503288742
KIF20B,0.00014369868202469404
SLC9A3R2,0.0001436312330445277
C1GALT1,0.00014360983779399447
PLB1,0.00014360665853479989
GINS1,0.0001435640621901853
CHMP4A,0.0001435481715524144
PSMA8,0.00014351864883022073
ALG3,0.00014343026435353456
SELE,0.00014340945506725937
HCN4,0.00014340648614941622
CTSB,0.0001433700346480576
FANCG,0.00014333546345335194
BSN,0.0001433283412202959
HLA-DQA1,0.00014331723510870945
FBLN1,0.00014329564402605914
GCNT1,0.00014327029950611197
SGCG,0.00014325135826105423
SSPN,0.0001432148167725287
DCX,0.00014314702224405349
EGLN3,0.0001431412442573793
TG,0.0001429607992573121
CHMP4C,0.0001429497266124713
DKK4,0.00014294401580060588
PVALB,0.0001428848396187427
BTG2,0.00014282452952835094
ARPC1B,0.00014279301370210954
ATP6V1B1,0.0001427901967361602
FDPS,0.00014271803189935144
HSPA1L,0.0001426436386374577
CSF2RA,0.00014251334476478823
GSTA4,0.0001425047332155238
BMP6,0.00014241722370413214
BST2,0.00014241551110351987
GEN1,0.00014241228763389795
HOXA9,0.00014239572065772351
STAC3,0.0001423706782968158
SLC39A2,0.00014236852194081365
ALDH1B1,0.0001423069807197191
JAG2,0.00014230420919588102
DHH,0.00014230010925294048
HSD17B2,0.00014227705203218429
ROBO3,0.0001420798578886163
BAMBI,0.00014200971573834006
AMPD1,0.00014187242537477476
XRCC3,0.00014186646018234282
IRF5,0.00014183251933770621
EPN1,0.0001418261935352301
F5,0.00014182429127074822
IFIT2,0.00014180712898352236
FREM1,0.00014180187093332095
CD68,0.00014177222275794384
WDR34,0.00014176209782030703
TNFRSF4,0.00014176207557456096
DEK,0.00014166763669009138
SCML2,0.00014154321889468436
MYO7A,0.00014146445521524153
SPON2,0.00014130172865922213
LSS,0.00014129866789035136
ISG20,0.00014121919737842815
CRB1,0.00014117962571050382
RPL14,0.0001411398356356883
CASP7,0.00014108165435058122
RGS2,0.00014094404502539365
HIST3H2BB,0.00014086493214570243
DECR2,0.00014081615437967648
CDON,0.00014080638063974522
YBX1,0.0001407963744013409
RAMP2,0.0001407869087772319
EAF1,0.0001407440702690593
CNTN2,0.00014073283988273272
PDE3B,0.000140724412577621
STAG1,0.00014069052003079372
ACADL,0.00014066905960230595
CYP2D6,0.0001406397117132491
XRCC2,0.00014061160191760724
PNPLA3,0.00014060580006508105
APOD,0.00014060182779367916
PLD4,0.00014048323291513206
ADAMTS12,0.00014046264431840099
RPL28,0.0001403814155248293
F7,0.00014038011616495733
FAIM2,0.00014036925642259182
PLA2G1B,0.00014033142048543116
PPFIA1,0.00014032396579500032
CHGB,0.0001403061976891936
CLDN7,0.00014030410132568813
RASSF5,0.00014007388362974506
COMP,0.0001400315700964048
PRX,0.00014002118203614331
PSME4,0.00013996039151586582
FGF5,0.00013983287637695112
RPF2,0.0001398118579333521
ASRGL1,0.00013980400056244288
CALB2,0.00013974002379838044
SLC35F2,0.00013972861742456185
SPON1,0.0001395718812701598
PLXNA3,0.00013955268639720598
NPR1,0.0001395522613717099
DHFR,0.0001395243640027053
SPRY2,0.00013951966199433636
RSPO1,0.0001394722412909964
PDE5A,0.00013939706851337296
TIMP2,0.0001393384707522608
NUP205,0.00013916581180110397
MKX,0.00013912492938953792
RIC3,0.00013905866319457582
MAF,0.00013887999380269106
LRIG1,0.00013887670886488917
HLA-DPB1,0.00013872305999397717
UNC5B,0.00013864905771560486
GIPC1,0.00013858346420587907
MUSK,0.00013856715859784718
RAB25,0.00013856640773196718
WDR90,0.000138528169604149
IL27RA,0.0001384908646598702
INTS2,0.0001384569598081177
SPTB,0.00013842171950772842
ENTPD8,0.00013841950090230922
SLC26A6,0.00013833615263164693
DOK1,0.00013830024910286415
MRPS15,0.00013827803036684343
STRN,0.0001382683560320872
CHRNB4,0.0001382405129509691
SGCD,0.00013818618267116557
AKAP6,0.00013814907163490825
SEC16A,0.00013814108244963478
NME2,0.00013813717261391262
FOXL2,0.00013812362391877144
LGR5,0.0001379862222304949
H1F0,0.0001379539905992921
ATP5H,0.0001379105775624808
MLXIPL,0.0001378058988201063
LOX,0.00013775327330037667
RRM2B,0.00013770718742877228
GABRA2,0.00013768197632597085
PRPF40B,0.00013765012427824382
TSHR,0.00013758780031814912
SPAG6,0.00013755604422955068
B3GALT5,0.00013754486447950688
TLL2,0.00013751687522548005
SPOCK3,0.00013751239006231817
MAPK6,0.0001374487533161923
FUT9,0.00013743179679670626
PDE4A,0.0001373994849397834
HAMP,0.00013735876968218495
CYP2S1,0.0001373184744979035
CETP,0.00013729238701548619
ANO6,0.00013724541956960386
FANCB,0.0001371854751777303
SLC30A8,0.0001371678737556773
CCDC155,0.00013713735753597347
SPINT2,0.00013713345360706256
NKX3-2,0.00013712083336566344
MX2,0.00013711805348283284
FANCE,0.00013709743222742874
HIST1H1E,0.00013704281110970656
GLDC,0.00013701368939911859
NOS1AP,0.0001369743244623758
PIN1,0.0001369480481384506
F8,0.00013690296272119345
INHBA,0.00013688414689235861
PIF1,0.00013676242543316847
GGCT,0.0001367250904835216
HLA-DRB5,0.00013670682131157935
INADL,0.00013668170624698197
SYNGAP1,0.00013666833116332417
GINS4,0.00013662245007294103
SLC9A2,0.00013661019416560987
TNNI1,0.0001366088600343591
IFT122,0.00013652958568366726
SMAD6,0.00013651417259451544
ATF3,0.00013647520633299507
SOD2,0.0001364520365500281
PLA2G2A,0.00013644842662953943
ZNF423,0.00013644375361970563
TKTL2,0.00013642666501823017
CHRNA2,0.0001364049144145782
FGF17,0.00013637818740820992
CXCL13,0.00013637020428626154
HLA-DQB1,0.00013635523701092288
HLA-DQB2,0.00013635523701092288
CBFA2T3,0.00013634711628649247
HPR,0.00013628862386269445
PBRM1,0.00013628415775285632
CXCL3,0.0001362614131704597
IL4R,0.0001362368708814386
ST8SIA1,0.00013622651853503618
LDHAL6B,0.0001361912673089662
WDR19,0.0001361890959417042
GP6,0.00013614418070450734
KCNJ11,0.0001360860726514114
DEGS2,0.00013608540353411144
DAZL,0.0001359738044687926
USP18,0.00013596362636534236
TNFRSF1B,0.0001359610477012306
PDGFC,0.00013595138051115184
ITIH4,0.00013594767422617668
SLC40A1,0.00013594053240572894
MASP1,0.00013585571016163246
ACAT1,0.00013582529779886758
PYGB,0.00013581155079700995
CTSK,0.0001357912529212711
TLR9,0.0001357856479063543
RXRG,0.00013576160462586788
PRKAA2,0.0001356871872500772
RTEL1,0.0001355921815056986
ALOX12,0.000135525595365765
NME1-NME2,0.00013551939984850127
MRPL15,0.00013547306162519626
NASP,0.00013532337418988423
RGS6,0.00013531593848243245
CPLX2,0.00013519168392947436
EPB41L1,0.00013516004661027792
APOM,0.00013514232234691748
SLC7A5,0.00013507281709074185
BANF1,0.00013506299804578998
CA13,0.00013498415077845192
CABYR,0.00013493026636456152
RCC1,0.00013490676814131955
HSD17B12,0.0001348945301842115
NAMPT,0.00013484321611261597
PAOX,0.00013484143078399682
SMYD1,0.00013478617368105721
CD22,0.00013478569217129904
STXBP5,0.0001347799795075018
DOT1L,0.00013474545896343515
NEO1,0.00013466428337968462
FANCF,0.0001345900039536691
SCGB1A1,0.00013454980145706052
PDE10A,0.00013454895474064468
HSPB1,0.0001345466855675495
GDF5,0.0001344391672355772
ME1,0.00013439643371013536
UGCG,0.0001343409951893998
CD47,0.00013430800447899538
TRIB3,0.00013419577942186406
SMARCA2,0.00013411128462359058
HSD11B1,0.000134084078109867
GCLM,0.00013400661021181125
DUOX2,0.00013399494648567702
NPR2,0.0001339709782955595
PIK3R5,0.00013392012670691971
MAPKAPK2,0.0001338915850234211
TNFRSF9,0.00013384038946699528
MTMR2,0.00013383739846022945
TRAT1,0.0001338202031224372
BUB3,0.00013381656559896478
PTGES,0.00013379019453153593
MYBPC3,0.0001337436759278442
MSMB,0.00013372947023616608
TMPRSS3,0.00013372703559407818
PDE2A,0.0001336768174479056
ATP5G1,0.00013366714663220488
CD14,0.00013365557409718607
GCNT4,0.00013360700293565906
DBF4,0.00013359620658044615
AGTR2,0.0001335836661944286
ATP1A1,0.000133557189461241
REST,0.0001335478409777448
LGMN,0.00013349359941814686
CAV2,0.0001334725129842618
NT5C1B,0.00013337095247625748
COL6A3,0.00013336744038204275
TBX18,0.00013334641554431863
CSF2RB,0.00013328853619169542
DDX49,0.00013321865298118475
TRPA1,0.0001331798863355553
STMN1,0.0001331537507355248
OTUD7A,0.0001330636571786445
MED24,0.00013298119072394776
NPHP3,0.0001329218327285094
GABRB2,0.00013288810279206106
ADAMTS16,0.0001328818916013599
E2F2,0.00013281772703224465
TRPM4,0.00013281571944772185
RPLP2,0.00013280412860320644
COX17,0.00013280368618076216
ACO1,0.00013275996106579106
TDO2,0.00013273927436138852
GIMAP5,0.00013272079421212463
MYOG,0.00013271561513660378
ALOX15,0.00013269609624526365
PTRF,0.00013268916062093093
CLDN12,0.0001326060982754606
HEY2,0.0001325830369867272
HTR2A,0.0001325374612050969
IL23A,0.0001325265070020487
NOD1,0.00013250277081832654
RICTOR,0.00013243515274052447
GBA,0.00013242899754428684
LDHAL6A,0.00013236676716916004
TRPV5,0.0001323457407177823
CDK8,0.0001322192800420953
ARL9,0.00013215271514600412
ARMC4,0.00013213806232825545
TBX5,0.0001321114697321529
SLC35A2,0.00013210631378545834
SLC6A4,0.0001320404348479704
KIF4B,0.00013201250144759963
SLCO1A2,0.00013199358757773826
MN1,0.0001319610645431357
SLC6A11,0.000131896048636725
POLR2K,0.00013186168805311504
MRPL12,0.00013184078860307584
EEF1D,0.00013183460209906974
SCD5,0.00013176719510683095
RPL36A,0.00013173287175256767
IRF8,0.0001317287488518499
PTPRG,0.00013169012852526628
SLC34A3,0.00013168667432470767
WASF1,0.00013163832942190005
PDE3A,0.00013163330461015912
NDUFS6,0.00013161957932321275
RHPN1,0.00013152961755726907
ADRB1,0.00013143020361101193
CHRDL2,0.00013141131976757842
COL12A1,0.00013140956224178858
CROT,0.00013136292851959202
PFKL,0.00013134966746688814
IRAK2,0.00013129067420205193
CRYAB,0.00013126329424170403
ALOX12B,0.00013125902708364639
TAGLN,0.00013119116098439168
MANF,0.0001311882703774653
LCLAT1,0.00013118262846569125
XAF1,0.00013113565287452966
SLC39A11,0.00013112444422029422
GABRA4,0.00013109092647031582
LCT,0.00013098870647334953
HSPA12A,0.00013095140801695966
BZRAP1,0.0001309105968503495
CMTM8,0.00013088383602909663
CALML3,0.0001308122661896412
ALPL,0.00013080533828428758
ACAT2,0.00013076472157552737
XDH,0.0001307356979108753
SVOPL,0.0001307304584235513
STXBP6,0.00013068445135841367
TBL3,0.00013057593998719002
PPP2R2B,0.00013046409809327805
CCDC103,0.0001303883356311011
SLC39A7,0.00013038196079963432
KLRK1,0.00013032389807990664
LPAR6,0.00013021345456917896
TBR1,0.00013018261808521076
SRGAP3,0.00013016375453565122
CDCA7,0.00013011421653460358
RPL39,0.0001301069944932245
MPP5,0.00012999875492516512
PKD2,0.00012994472552526395
ACSBG1,0.0001298956180011417
AGER,0.0001298668312214133
SLC12A3,0.0001298313151095782
APITD1,0.0001298129724427169
PMP22,0.0001297596661104126
TUBB6,0.00012970093995231
TLL1,0.00012969337588655225
B3GNT5,0.00012968712914985343
COX5B,0.00012967185129454905
TYSND1,0.00012961276844674575
NR1D1,0.00012957911065145493
SEPT5,0.00012957613804924798
BLNK,0.00012957015610596688
EFCAB1,0.00012954121951646598
ABCA4,0.00012950783268435396
SIRT6,0.00012950095765169176
SRD5A2,0.00012946335887094752
ASS1,0.0001294536759041195
KYNU,0.00012941854762955435
SDR16C5,0.00012941620927608332
CHST11,0.00012937926505212393
SLC6A1,0.00012932039056584037
CA9,0.0001293127021462599
CNTF,0.00012922499641111737
RHOQ,0.0001292213200727221
SOX17,0.00012921905017783478
NUP160,0.00012919159368913365
FCN1,0.00012914946281354178
UQCRQ,0.0001290762531081243
CHRNA3,0.0001290312965143584
SFRP5,0.00012901678536687077
POU2F1,0.00012894549496488643
AMOTL2,0.00012891148239892774
KCNA5,0.00012889805733752566
BMP5,0.00012887134717908178
CACNG1,0.00012885205124395224
XCR1,0.00012881175373344932
BBOX1,0.00012877626197687562
LIPA,0.0001287305848704218
MT1H,0.00012858900964242659
SRD5A1,0.00012852667550752666
HAO2,0.00012845646859172154
ESRP1,0.00012842899355350684
PER3,0.00012836579903825388
PDE6A,0.0001283350657855412
LIMK1,0.00012833485031205787
MRPL4,0.0001282882251096594
IL33,0.00012827597524976133
DKK2,0.00012821290493230292
WNK1,0.00012814969683987718
WNK4,0.00012810952527226387
TMPRSS6,0.00012810731574347146
ADHFE1,0.0001280868860697206
DFNB31,0.00012807007864527726
DIAPH3,0.00012806944222088076
LYVE1,0.00012806125165790464
PKD1L2,0.00012804763705112052
DDIT3,0.00012801910216236846
PGM1,0.00012798661812960432
SPN,0.00012796348424469004
ORMDL3,0.00012794273918104857
LDHC,0.00012786364769839988
PANK1,0.00012784355498493213
CHMP2A,0.00012778496229186518
NAT8L,0.00012776631765467792
SULT1E1,0.00012773926300779748
CCDC39,0.00012772639544161635
GABRD,0.00012772255050238964
HAVCR2,0.00012763914842538467
LGI1,0.00012763222688521106
MGST1,0.00012758175018056804
CEACAM5,0.00012752428800052312
AMOTL1,0.00012751274449694097
LRTOMT,0.00012748495987011376
RBPMS2,0.00012747972742962278
NCR1,0.000127454701733419
SAMHD1,0.00012743962028557488
ADAMTS19,0.00012742902739682998
ADAMTS17,0.00012742902739682998
ADAMTS20,0.00012742902739682998
ADAMTSL1,0.00012742902739682998
ADAMTS6,0.00012742902739682998
LALBA,0.00012732759751832802
UGT2B28,0.0001272681999750889
UST,0.00012720061698789602
CSF3R,0.00012716445777631588
STEAP2,0.0001271278832299517
CSMD1,0.0001270869829509853
ASXL2,0.0001270611354183383
LYPD1,0.00012700361252715616
CHMP6,0.00012697393200495773
CBX6,0.00012693189084607754
NMU,0.00012686437551308788
PRKAB2,0.00012680348226319852
SHISA4,0.00012679153224402743
NODAL,0.00012677450565884343
SRL,0.0001266372018620004
AGPAT5,0.00012663128837362667
ECHDC1,0.00012663059346019432
PTCHD3,0.00012662948485659027
GLTSCR2,0.00012662567907503817
NKX2-2,0.00012659736327361463
BBS1,0.00012656751877983063
SORD,0.00012656105793271513
GRIN3A,0.00012652468333161838
VAMP8,0.0001264963576355745
RRP9,0.0001264758588238364
SPRR1A,0.00012646045332926356
PTH1R,0.00012645038731746078
NAP1L2,0.000126396036906586
RPLP1,0.0001263596969361404
CLDN5,0.0001263090846174312
ZNF367,0.00012618789338981985
CYP26B1,0.0001261279646072505
CITED2,0.00012602974552833446
EMCN,0.00012600203624546204
GABRA5,0.00012599105534459397
PPP2R2C,0.00012597168550713495
HOXB7,0.00012590945715277717
EFNA3,0.00012590882097305526
JUND,0.00012578667638981256
GABRB1,0.00012571710662256211
CNGB1,0.00012571196064176148
TTC7B,0.00012570917635319696
ANG,0.00012568350901219055
SDS,0.00012561546593455817
ROPN1L,0.0001256024395750414
GIMAP6,0.00012558622069213982
STS,0.0001255704458993912
F12,0.00012553063252896069
CBX5,0.00012550851185816325
SCG3,0.00012549957291149193
LIN28A,0.0001254905330386421
IQUB,0.00012541893700478233
CDC14A,0.00012539879112194278
DAPK1,0.0001253841804991003
ANKRD29,0.00012532907020642518
MED13L,0.000125306641830437
NRG2,0.0001253039228622282
RANGAP1,0.00012527804939725353
CD24,0.0001252348988941089
HLA-DQA2,0.00012520122133441688
SEPT6,0.00012517203658857242
B3GALT1,0.00012514245951244525
QPRT,0.00012512371927402997
CALCR,0.00012511995968466478
CLDN16,0.00012511965486731338
TFAP2A,0.0001251088794746286
SNTB2,0.00012510654252230653
TTC18,0.00012506793441656997
PIK3C2B,0.00012497778286893498
PCSK9,0.00012496622957178542
TMEM160,0.0001249020312946585
NT5C,0.00012488253931510588
GRIK2,0.0001248770913267066
DYX1C1,0.0001248474316504532
FXYD1,0.0001248376955577827
ATP2A3,0.00012483449208720808
AFF1,0.0001248177147617333
RGS5,0.00012478018907213675
LHCGR,0.0001247789871528603
RAP2A,0.00012473615948740326
SNX13,0.00012471278296473972
LRRC27,0.00012470864142630846
NEGR1,0.000124689639442815
B3GAT2,0.00012465066163735327
DSC1,0.00012464123185143035
TFR2,0.00012461248515587022
IFITM1,0.00012460093068116133
KCNE3,0.00012453887523772682
TYRP1,0.0001245326288887824
SHISA9,0.00012449917342614235
IL1RAP,0.0001244508834772104
DNAH11,0.0001244466890991961
DNER,0.00012444540896183425
TAF1,0.00012441507317641738
EID3,0.00012437120635573582
INTS8,0.0001243295938547408
AKR1D1,0.00012432494976843836
UNC119,0.00012430203170035877
SH2D4B,0.0001242673470533181
C1QL3,0.00012418506881095673
GCSH,0.00012416202143492727
MALT1,0.00012414708934650571
LGR4,0.0001241358136401803
PEX12,0.00012410205214757533
BOP1,0.00012402052250506072
USP1,0.0001239787629613072
RSPH4A,0.00012395893852313892
HSD17B8,0.00012394839861288594
SEC23A,0.0001239157206195665
PPP1R12B,0.000123910643891537
HTR2C,0.00012390877048608893
PARVA,0.00012389279816136205
STAR,0.00012387132589658192
MEF2A,0.00012385745342612854
RYR3,0.0001238185449172573
PRAME,0.00012374514676985384
TSLP,0.00012369181192125944
RGS1,0.00012367768559277915
CD8B,0.00012364292651413763
PLIN2,0.00012362688474975133
RASSF6,0.00012362513620715697
CAPN3,0.00012361493390571662
ARL13B,0.0001235950296521323
PIGR,0.00012358676918998383
CYBRD1,0.00012354691172005792
CDS1,0.00012347430732513544
CATSPER1,0.00012346891995945164
SCN3A,0.00012343312433011927
ACVR1C,0.00012341198295350833
DTX1,0.0001233938132689865
GLS,0.00012337966793930406
MOGAT1,0.0001233571235919553
PTS,0.00012332124843114045
PRPF31,0.00012330120279334112
GULP1,0.0001231920154999773
EFNA4,0.00012314470621350014
DPYD,0.00012307409304762097
CNTNAP1,0.00012303465312120355
NPHP4,0.00012296320598139567
EPB41L2,0.00012296250672588744
PROS1,0.00012295845256464307
GRM3,0.0001228769098968193
SPOPL,0.00012283837844274535
SIX3,0.00012281594378726305
KLHL13,0.00012276921066312643
GPX7,0.00012276766590128867
CUX2,0.00012276522147644417
PRIM2,0.0001227561633390116
MYCN,0.00012271772777892355
SNAP91,0.00012271216866555285
ZP2,0.0001227092020639075
ADRM1,0.0001226826874028768
PAXIP1,0.00012266713716154842
ATP1B1,0.00012258247776915132
HBA2,0.00012256696342088648
GPAT2,0.00012241693970217328
ZBTB16,0.00012240296586873883
IDI1,0.00012236570245230342
TF,0.00012235732279389797
PPIF,0.00012231772436442794
CCDC65,0.00012229305552992334
SAMD11,0.00012224682571628984
EIF2AK2,0.00012224594305440084
LRRC6,0.00012221722020304998
COL4A4,0.00012221105930153287
ADAM22,0.00012219417988227209
HAND2,0.00012205181974728917
TM4SF1,0.00012200961602922423
ADD2,0.0001219214767865653
QDPR,0.00012191752045922787
NT5M,0.00012180705912059672
MB,0.00012166382042387387
AMPD3,0.00012165562259745074
CNTN1,0.0001216036493332641
CMPK2,0.00012157634731888775
MT2A,0.000121561516313558
SERPING1,0.0001215319049004166
RAB13,0.00012147277166974665
MYCT1,0.00012139131670450225
SCUBE3,0.00012138346047203366
EIF6,0.00012136579628284602
KLRD1,0.00012128935187022756
TDRD12,0.00012124770203346362
GRIK1,0.00012121626564539938
PNPLA7,0.0001212097393144463
FAM83D,0.00012116661915303303
VPS13C,0.00012111647054361583
GIMAP4,0.00012110648806442365
FUT8,0.00012110242504827225
DPYSL5,0.00012108834090208005
GNMT,0.00012105189520395729
THRA,0.00012104959357627244
PFDN6,0.00012104446781618595
HIP1R,0.00012103026866702103
SYN3,0.00012101883980186198
IL12A,0.00012101243728611354
FKBP4,0.00012095486147555525
SIX2,0.00012094589090060542
LANCL3,0.0001209433085835357
TLN2,0.00012093649081924462
CYP2C18,0.00012092862370049157
PVRL3,0.0001209265891524734
S100A8,0.00012091212192835937
RNASEL,0.00012088363184602751
MECOM,0.00012085614719762735
WDR31,0.00012085459804482919
KDM5B,0.00012082201438940212
NR4A1,0.00012058508116821454
MAGEA6,0.00012057115442738368
STX11,0.0001205387689844791
NOC2L,0.00012048613854078493
MYO3A,0.00012026069922463211
SLC6A2,0.00012024200264471842
KRT19,0.00012021218127840042
TLR7,0.00012018504216597415
RBP4,0.00012017682719587481
HIST1H2AK,0.00012016917852915203
MYBBP1A,0.00012015396719614975
CYP27A1,0.00012009247238602575
PTPN14,0.00012003180626999249
IL12RB1,0.0001199215496288945
NFKBIZ,0.00011988689263794865
AGPS,0.00011988267431589551
HMGA2,0.00011988141778710543
AKAP2,0.00011987697531178446
AS3MT,0.00011977087683980305
RPL37,0.00011971838347249744
MYOCD,0.00011968460272140646
GTF2I,0.00011968259464333049
MPL,0.00011967948797047054
FUT6,0.0001196581712576205
TREM2,0.00011965100148155277
ITPKA,0.00011963001108047338
PTK7,0.00011962993527335642
SULT1A1,0.00011962565285856325
NDUFA13,0.00011961145230290652
OTUB2,0.00011956043653868422
GNPDA2,0.00011950284693404137
MEGF10,0.00011930422512471541
SV2A,0.0001193018072066058
MAGEC1,0.0001192728531530642
KCNN4,0.0001192675907806222
WLS,0.00011919273091316844
FXYD2,0.00011913857367139135
ACE,0.00011913351515683178
MCAM,0.00011912288913835379
AMOT,0.00011906319655473246
ATP5I,0.00011904475377981104
PRKD1,0.00011897216426306845
RASSF7,0.00011894301115699201
SGK223,0.00011892484905958768
FHIT,0.00011891138915799751
FCER2,0.00011889758231361171
CFH,0.00011886871646803583
DENND2D,0.00011884726666628355
ADAM12,0.00011883672699314094
SFTPD,0.00011883450036133745
SEPT4,0.0001188306694726524
TUBB,0.00011879929161328266
MRPL24,0.00011878234476192492
GPX8,0.00011873454568537783
TPRN,0.00011873389322600706
KRT16,0.00011873044324233372
SOCS2,0.00011869728762622059
USP44,0.00011869578481714191
NRG3,0.00011866824558483865
CIDEC,0.0001186417787768383
GSTK1,0.00011862519749051457
RAB8B,0.00011858331039691989
ENY2,0.00011851802833666
AKAP13,0.00011844321999526544
PER1,0.00011842184014165608
IL23R,0.00011839066386576103
TGFB2,0.00011832845536443775
PES1,0.00011832332807818113
ABCG5,0.00011831819907655648
PGAM2,0.00011826726526194466
EVC2,0.00011826227422156851
CXCR6,0.00011815982553475865
NR2F2,0.00011815542198303102
TBXA2R,0.00011808611977375743
APOL1,0.00011805946944828705
ANGPT2,0.00011804367282086592
OPTN,0.00011801997768371632
TDGF1,0.00011800698550059534
LDOC1L,0.00011797581572157889
COL16A1,0.0001179427732866434
LSM4,0.00011794065763869677
RAMP3,0.0001179288957550496
ACSL5,0.00011791484766475226
UBXN7,0.00011791048694583419
FKBP6,0.00011777595568032764
FAM129A,0.00011775532926256226
IGFBP3,0.00011766797411657196
MRPL36,0.00011764642025478235
ST8SIA2,0.00011760813006532825
KRT18,0.0001176011224807263
MAPK8IP2,0.0001175895760155896
SYNPO2,0.00011758431235584619
HBA1,0.00011757649346313952
FKBP5,0.00011755485527912459
SYNE1,0.00011751537246896251
CYP7B1,0.00011748545640468426
RPSAP58,0.00011748422338748756
RTN1,0.00011746280272470047
KCNMB1,0.00011745854908991512
EBF1,0.0001173275764491134
FKBP1B,0.00011731973373426431
PC,0.00011729564523685073
RASL10A,0.00011727274157681379
DIRC3,0.00011722281834382923
POLR3K,0.00011721627219625406
AQP5,0.00011721146766336559
PAX9,0.00011715244343979173
MEOX2,0.00011714911933177115
EPHA1,0.0001171133001185704
LPAR4,0.00011707516061428752
TUSC5,0.00011705364484518663
SPATA4,0.0001170424070629422
ZCCHC5,0.00011699462557339366
TMOD4,0.00011697038072881211
EZH1,0.00011692129840255135
ABCC8,0.0001169040890779715
TLX1,0.00011688061536946854
SAV1,0.00011687672866339924
CGA,0.00011682448091686755
ST14,0.0001168028123740378
P2RX7,0.00011679722465740704
ANAPC11,0.00011674055196796389
NUMA1,0.00011666513605024085
RAD54B,0.00011662622680365804
LY6H,0.00011659285324132534
F13A1,0.00011658993367667564
DOCK8,0.00011643909715203417
BSCL2,0.00011640846108745602
GAS2L3,0.00011639421201495562
USP14,0.0001163559153483975
NEFM,0.00011625070953806936
NKAIN1,0.00011620732152458
KCNE2,0.00011620029551165931
TLE2,0.00011619518634444994
FBLL1,0.00011617564843076129
IGFBP1,0.00011616959500109556
CHPF,0.00011616490421727023
WFIKKN2,0.00011612355335653209
IL17RD,0.00011608468230261547
ARHGAP11B,0.00011606647070920928
KCNIP1,0.00011602768854278386
ROR2,0.00011602526996241409
IL22RA1,0.00011590824197821011
GPSM2,0.00011590401761894053
P2RX4,0.00011574618126446826
TNFRSF8,0.00011569774076805469
LGALS4,0.00011565480958275941
MLANA,0.00011556609170775685
SORBS1,0.00011555351838987293
CMYA5,0.00011554089087723943
SPRR3,0.00011551833054262902
FABP7,0.00011550944029282917
CHAC2,0.00011547803824770739
DEFB1,0.00011545256858883584
AHNAK,0.00011543676509658376
C1orf101,0.00011532441097072861
IFI44L,0.00011532347796106002
NDUFB7,0.00011530513800470138
ACE2,0.0001152936884122756
VAMP1,0.00011528693781290317
TNFRSF10A,0.00011527176486790479
CTF1,0.00011521902329177126
KRT8,0.00011515506954134719
ITIH2,0.0001151393150117263
HOXA6,0.00011510589010969762
HOXD4,0.00011510589010969762
GAS1,0.0001150553338082964
ORM1,0.00011505080069108278
SLC39A4,0.00011503259673352805
PRRT1,0.00011502964705678013
FRMD1,0.00011502332033518588
CD33,0.00011499331746977822
SF3B5,0.00011496771895993647
NDRG1,0.0001149392438534947
AGPAT9,0.00011493575185136834
UQCR11,0.00011490279978129765
PHC3,0.00011488924322807584
ACTC1,0.0001148281137966307
RSPO3,0.00011480698831548433
NMNAT2,0.00011479786565300097
FBLN5,0.00011476123997589114
POLR2I,0.00011472143530748753
RARB,0.00011471482089889321
N4BP2,0.00011470947237138482
MAPK8IP1,0.00011462278121172555
PTCH2,0.00011461160798584928
CBX1,0.00011457137332011373
ARHGEF2,0.00011453190422155526
RGMB,0.00011450523619387601
PRRT2,0.00011448875341245327
NME4,0.00011448834386676165
RASGRF1,0.00011447185071329597
NUDT19,0.0001143957729411269
AFF4,0.00011438270562961387
MAB21L1,0.00011432941619822131
NOP2,0.00011432499195336054
SERPINE2,0.00011426015796341414
GBP2,0.00011425067077758604
SULT1C2,0.00011424639303992978
LHX2,0.00011420808536500441
IL1RAPL1,0.00011417900816541036
HOMER3,0.00011416252162306735
KRT6B,0.00011415457891121168
MAP1B,0.00011415283656357395
MAMLD1,0.00011410431834860166
SLC16A12,0.0001140524053347132
RGS19,0.00011401942778384621
RRS1,0.0001140126198909223
LCN10,0.00011398597778161852
DLK1,0.00011397926731849529
GPR124,0.00011394085657119456
PTPN22,0.00011390128985001173
COL27A1,0.00011388805929213955
APOO,0.00011384397821192322
PPIB,0.00011381168456402112
ESYT3,0.00011375438014525781
ADA,0.00011373095726655091
IFIT5,0.00011372161659093063
A4GALT,0.00011363343433167684
MYH7B,0.00011362958119065666
SLC5A5,0.000113613460526421
FYB,0.00011359592791884097
FUT5,0.0001135780962599809
UBE2L6,0.0001135454840209333
MAGED1,0.00011351011402297886
B3GALT2,0.00011348855220864466
ST5,0.00011347808431531271
ZFYVE16,0.0001134754171064931
PNPLA4,0.00011344191855892859
PGK2,0.00011336533447893344
TNFSF12,0.00011335575698547485
CCR9,0.0001133499893276628
ARC,0.00011328606763839933
HADH,0.00011322019411535763
DBH,0.00011321952958956452
C1R,0.00011320538189381457
L1CAM,0.00011320522664411343
ATP12A,0.0001131861900783583
KCNK5,0.0001131351681396107
PI16,0.00011312521738214118
LPIN3,0.00011312448781602715
HCRTR1,0.00011307545060958405
SH2B1,0.00011305493241982223
TICAM2,0.00011304732623262894
CYR61,0.00011302785676762641
BST1,0.00011291982306157322
PIP,0.00011291708304086183
MAP1LC3C,0.0001129116218319874
HPSE2,0.00011287843929114248
RPGRIP1L,0.00011285854843418942
SFRP2,0.00011281085603455951
SPTBN5,0.00011280824471310436
PEX5L,0.00011278610570967581
CDX2,0.0001127813969557816
RAD21L1,0.00011277132420872488
SPHK2,0.00011273692103950932
KCNE1L,0.00011272418708110979
PLA2G5,0.00011267406732217556
PRICKLE1,0.0001126531580256787
FOSL1,0.00011262608718222504
USH2A,0.00011262194654150572
CNGA1,0.00011261549198349105
BZW2,0.00011261025268200089
GCNT3,0.00011259612562985068
NAP1L5,0.00011256250482231013
NR1D2,0.00011252897408166603
SGOL2,0.00011248214790229309
ADRA1D,0.00011246872666449714
SERPINF2,0.00011244070520794418
TRIM58,0.00011242419326692818
WNK2,0.0001123470499115788
PRDM5,0.00011234558287791622
EOMES,0.0001123303187844639
ARHGAP5,0.0001123073869599772
SEPP1,0.00011223818019780574
TCTEX1D2,0.00011221671611979814
CHST1,0.00011211662137960957
KRT14,0.00011209793501746251
MAML3,0.00011203645636590815
CHST3,0.00011201766065151807
FNBP1,0.0001120120136489509
TXNRD2,0.00011197577815163105
TDRD1,0.00011196821346957306
FXYD6,0.000111960895658642
CACNB1,0.00011182522490641731
PHYH,0.0001118140442282213
SHISA3,0.00011180618977631342
ALDH3B1,0.00011180124569537928
COX4I2,0.00011179027096009408
GSTO2,0.00011178825720173644
CLEC14A,0.00011177190265722136
IFNGR1,0.0001117211507145523
CHAC1,0.0001117098061247597
IL17D,0.00011170664240289324
SLC22A12,0.00011168741362046084
NPAS4,0.00011166748031346951
PPFIBP1,0.00011165424754696171
CC2D2A,0.00011159936060830073
DBI,0.00011159928629651514
EML4,0.00011159243030969413
PIP4K2B,0.00011155221308080341
LONP2,0.00011151871515473785
ALS2CL,0.00011151418821754745
RPL39L,0.00011151288460347027
KCNK9,0.00011151195877845367
ZNF628,0.00011148863585975724
KIAA1549,0.00011148845518154651
PIKFYVE,0.00011146625746045094
CALD1,0.00011139180638146401
KMO,0.00011137532977462965
DHRS3,0.00011134778674747727
RDH12,0.00011133516471151486
DCDC2,0.00011126088725673229
DNALI1,0.00011122382268739716
HSD17B1,0.00011122326537197281
SIX1,0.00011120440067904357
UNC5D,0.00011120104201024376
ARHGAP26,0.00011114979716345125
ADCY10,0.0001111479502947185
RPP25,0.0001111284226157376
ODC1,0.00011112722931289846
GRID1,0.00011109501532452278
PCCA,0.00011109318095688204
AWAT2,0.00011106030051898926
NR4A2,0.00011105390197312384
NKD1,0.00011103689099458378
CHST7,0.00011103687814274068
GHRH,0.0001110340895498677
UGT1A7,0.00011094291638157709
LCN2,0.00011093920718446642
CACNA2D3,0.00011093785237689574
FBP1,0.00011091444085916358
ELOVL2,0.00011090764943338574
FABP5,0.00011090238972671587
SNRNP70,0.00011089873586307736
CLCN1,0.00011089859386420215
TRIM63,0.00011088203294458707
DACH1,0.00011085995909852997
SOSTDC1,0.00011085936085364654
MS4A2,0.00011079968494709268
MAP3K8,0.00011079481316300936
SGMS1,0.00011078999548279093
ISLR2,0.0001107731419720525
CDKL5,0.00011077132159762044
TBX3,0.0001107404783267064
TAF4B,0.00011072043624590642
IRX1,0.00011070061327213316
HABP4,0.00011064932197824224
PGF,0.00011063667252095143
ZAK,0.0001106246920329447
ZMYM2,0.00011059951694822244
ERN1,0.00011059039626132602
NAPB,0.00011058242333784054
NDN,0.00011056245747184514
OCA2,0.00011054359416095991
COX6B2,0.00011050458886686563
DUOX1,0.00011049890325040421
AKAP7,0.00011047274176909827
FREM2,0.00011045405794338637
FRAS1,0.00011045405794338637
LHFPL5,0.00011041306396678139
TPD52,0.00011041301339132779
DAB1,0.0001103925907108121
NCALD,0.00011037868806617301
PFKFB1,0.00011036759980332715
CTTNBP2,0.00011036482308105045
WDR72,0.00011035563997537425
ALOX15B,0.00011035177281164836
TCHH,0.00011032351588853447
TTC21B,0.00011031544653720403
TRPM6,0.00011025300402419446
ACADSB,0.00011023109377205591
PFKFB3,0.00011021375621244833
CHRNB1,0.00011019490704597766
PACSIN1,0.00011017698682540996
CDO1,0.0001101439871690197
PLA2G12A,0.00011013471936363736
MAT1A,0.00011010645851124402
PDGFD,0.00011010400184470741
CYP51A1,0.00011010040214370333
AHCY,0.00011008813697385097
MSH4,0.00011008511975740813
GLMN,0.00011006946511575862
CBX4,0.00011006842869961779
BID,0.00011006022434654991
ESPN,0.00011004912579133914
GAPDHS,0.00010991744159038168
CMTM7,0.00010984886603166389
RSPO2,0.00010984104712950637
TMEM231,0.00010980750579749112
DAAM1,0.00010980282504353743
SLC25A19,0.00010978949110715101
MAGI1,0.00010976182311923286
NTF4,0.00010969257161853119
GTSF1,0.00010964731674762915
YEATS4,0.00010960688662206802
ADM2,0.00010952033574771325
TRPC4,0.00010948560690048961
KLKB1,0.00010937052460394015
KLHL30,0.00010934446830451061
GAL3ST1,0.00010932085564352632
ASB12,0.00010932032872225865
DNM3,0.00010931884036141831
SERPIND1,0.0001092928775901579
ID1,0.000109282069844733
SLC15A1,0.00010926703483247941
ABCD1,0.00010925334712536905
EPHX1,0.00010925146716935985
FEZF2,0.00010924713366196938
GLRX,0.00010924245865866603
EMG1,0.00010922765102040394
PECR,0.00010921654051348136
MSH5,0.00010920793215963412
LPIN2,0.00010913265110448353
GRK5,0.00010909800608659213
TFAP2B,0.00010906251237088272
FFAR2,0.00010897614001927273
TRIM25,0.00010897345415681635
BHMT2,0.0001089386434404045
NR3C2,0.00010892389611804541
TUBB1,0.00010892227991946533
DSC3,0.00010892032120395163
ARL10,0.00010891905817979057
SIRT7,0.00010874340902888779
EPHB6,0.00010873863936349527
INTS7,0.00010872605290788558
DMGDH,0.00010871954248798948
ELAVL2,0.00010871811481932681
TCF15,0.00010871293518330173
PIP5KL1,0.00010870856892243383
DGKI,0.00010870684051271799
ELOVL3,0.0001086878472158042
TTYH1,0.00010867528089774517
CYP46A1,0.00010859886282464064
ZP3,0.00010856740303471042
WDR35,0.00010853597144331933
PAFAH1B2,0.00010852384127765213
DNAL1,0.00010844576312790796
LOC93432,0.00010842836019179321
IL11,0.00010840152521658835
KIF21A,0.0001083875139928614
CHST2,0.0001083679639514077
EIF3C,0.00010835116035704182
FAT1,0.00010834048012364873
CRTC1,0.00010830248572688696
BHLHE40,0.00010827224785871205
GALC,0.00010826792329936067
SEPHS2,0.00010823758615599648
BCL2A1,0.00010822874741592712
PREP,0.0001081154088550485
LIFR,0.00010811502851960454
PLXNA2,0.00010804928572636574
SDCBP,0.00010800082394435343
SLC16A2,0.0001079738621137682
COL5A3,0.00010794932000940106
NMNAT3,0.00010794287750324812
CA4,0.00010792635718485283
LMO3,0.00010787983207318242
GRIP2,0.00010778091358951833
EIF4EBP1,0.00010775197282005523
PCGF2,0.00010775126193270735
MAD2L2,0.00010775010864017997
MCM8,0.0001077266406317698
TPO,0.00010770115684014038
BHLHE22,0.0001076942241098555
MASP2,0.00010768050391732185
SAGE1,0.00010763133945918622
ETS2,0.0001076172623464045
KLF5,0.00010756927987143276
ITGAD,0.00010750899640226189
GUCY1A3,0.00010750322778638058
NAB2,0.0001075012256296498
EPHA5,0.00010750088254131417
ATOX1,0.00010746540718811366
PKNOX2,0.00010741910210996977
FANCL,0.00010740202860372362
USP2,0.00010739316834616251
STK3,0.00010732695060088687
IFITM3,0.00010728978529190614
AQP1,0.00010723381390401028
TRAF4,0.00010723068643587594
CKAP4,0.00010722130856161167
GLYCTK,0.00010721374301314724
NCS1,0.00010718318216785371
RGAG4,0.00010716959431814166
BAI3,0.00010716665997975223
HMGA1,0.0001071521585592447
CDK5R1,0.00010714503522654108
ACACB,0.00010714326398117671
NCF4,0.00010706172764992408
UTP18,0.00010701139537935223
CWC25,0.00010697419281535098
DNAH6,0.00010695516242207742
GAS8,0.00010694379511952833
CNKSR2,0.00010692761044442509
ORM2,0.00010673248532254534
TSPAN13,0.00010672594982292663
MAFF,0.00010668707998023797
CHST9,0.00010667263867515914
ASPN,0.00010665374725604186
EIF3G,0.00010655621380208419
GRB10,0.00010654621277400606
PROCR,0.0001065313638416061
GDF9,0.0001064348391466168
IRX6,0.00010642018819667713
DSN1,0.00010641126951259999
KCNJ1,0.00010640709479145305
IGF2BP2,0.00010636497485089535
DFNA5,0.00010633740755467989
BCKDHB,0.00010632334151054676
ASNS,0.00010628515892596068
LCN6,0.00010625394903468457
PDE7B,0.00010619042105585554
COLEC11,0.00010616234430175615
HOXD10,0.00010615810070293737
ARMC3,0.00010611186805992897
PTPRJ,0.0001061042091129488
TTC23,0.00010608260362510853
B3GAT3,0.00010604999254827953
PRODH,0.00010599322735213912
SH3TC2,0.000105944514150399
TCL1A,0.00010592644393046974
SLITRK3,0.00010589540290997076
COL14A1,0.00010587640814271812
REEP1,0.00010584908934533092
SELPLG,0.00010583772205622848
BOC,0.00010580383389970099
CIT,0.00010580167184415947
GPD2,0.00010572454752934167
RGS11,0.00010571831084336597
UNC5A,0.00010571349549033845
UCHL5,0.00010568916992793523
GLA,0.000105672215541148
PPAPDC1B,0.00010565369917255243
PCDH11X,0.00010565133918327467
CPB1,0.00010559889953583169
ADRA2A,0.00010557087992521351
CYP2A13,0.00010544893486125305
DDX25,0.00010544393947617345
XYLT2,0.0001054427814683097
RPS6KA3,0.00010542901174573962
AKR1C2,0.00010540478368615088
TNC,0.00010538755173859109
TSPAN2,0.00010538044352447653
C2,0.00010536066379415217
TRIP10,0.00010535194005364546
RAP1GDS1,0.00010532250057315348
LPPR3,0.00010528569712247205
MYOC,0.00010524984288188947
HSF1,0.0001052430818051134
KCNS1,0.00010523194949743002
TACR1,0.00010520811584382924
CLDN3,0.00010518554792784869
HHEX,0.0001051674447923158
FAM83H,0.00010516508568320188
NDUFB10,0.00010514805405947565
PPAP2A,0.00010513154041650265
PGAP3,0.00010512585679917429
HBG1,0.00010505349573944697
TCF19,0.00010500257967733342
SAC3D1,0.00010499368266978903
GRIK5,0.00010497733375306537
HSPA12B,0.00010497254760537696
RDX,0.0001049724234104213
CDA,0.00010496518922899202
PIWIL1,0.00010495485620404374
EXOC6,0.00010486832894776482
BAD,0.00010486751630814727
VANGL1,0.00010484653126045537
ADORA1,0.0001048416296209189
ATP6V0B,0.00010483617107392308
UQCRB,0.00010482870113775648
FAM126A,0.00010476253743755763
RRAGD,0.00010475329241681116
RPS6KA1,0.00010473947038270524
DES,0.00010468881203891128
RPS6KB2,0.00010464898029384322
EGR3,0.00010464819167586548
STRC,0.00010461094407823042
RELB,0.00010458923591090145
SLC19A1,0.00010458196615684418
RGS20,0.00010455703646712588
KRT2,0.00010450881150324376
PTPRN,0.00010448567161230285
GPD1,0.00010447901427452433
COX4I1,0.00010440003144939528
BCL11A,0.00010435762483489243
NR5A2,0.00010435489029695031
LCP1,0.00010434865107973288
BCHE,0.00010433507816036994
ADRB3,0.0001043007849477367
PTPLA,0.00010425800552181214
MYBPC2,0.00010425441281780503
KLHL21,0.00010423310639321865
C7,0.00010417232444620773
NICN1,0.00010411198440466478
P2RX5,0.00010410765596963946
P2RX1,0.00010410765596963946
NQO1,0.0001040863546700869
SERPINI2,0.00010407617415231705
PPFIA4,0.00010405961492456534
EHD1,0.00010405532344582075
CATSPER3,0.00010405306349388313
UBE2V2,0.00010404975694427753
ATHL1,0.00010399727742878843
AXL,0.00010399338235790505
GRB14,0.00010398207003593092
MTHFD2,0.00010396402945945508
KCNIP3,0.00010395109028825087
AP3S1,0.00010394425138675704
SF3A2,0.0001039271462836271
ST6GALNAC3,0.00010390936029342243
MMP20,0.00010389406365101029
CACNG6,0.00010389097774501753
APOC4,0.00010388366692284058
KCNB2,0.00010386526644913781
MVD,0.00010381291159313658
BPI,0.00010380854519200225
ZFPM2,0.00010380617953554061
PLAG1,0.00010377279198105697
SLIT3,0.00010375349948063188
C6,0.00010374949287075357
ADRBK2,0.00010374211202535817
SPG20,0.00010373151591133029
PAFAH1B3,0.00010370613130453404
CHRNA9,0.00010369251609743879
FTSJ3,0.00010367711691838236
PCOLCE2,0.00010362085767461675
GLCE,0.00010358387710316358
ECT2L,0.00010357286030393122
ABCA12,0.00010356515003133595
AFAP1L1,0.00010355058592232122
SLC27A1,0.0001035497411886003
KISS1R,0.00010353210823299454
TXNIP,0.00010352550780107086
ALDH1L1,0.00010349196239436071
AGR2,0.0001034785235002231
CADM1,0.00010341420273522943
TNFRSF11B,0.00010340173803691815
TLX3,0.00010339268617227091
STON1,0.00010339209257262401
EHD2,0.00010338144974824092
EPHA8,0.00010338127493161792
SGIP1,0.00010337175180767075
AMTN,0.00010337139279857593
NDUFB9,0.00010335998878235891
C4BPA,0.00010333717464323678
PKDREJ,0.00010332623705755836
TREM1,0.00010332167556432987
EME2,0.0001032769543328508
DAB2,0.00010327260154891928
KRT10,0.00010323737292310119
XAB2,0.00010320775011723977
AGL,0.00010320253076118448
GPR83,0.00010319931127262707
PFDN2,0.00010319853655295918
SAA4,0.00010319796070007462
HLF,0.00010318049844695668
LBP,0.00010315923443794031
ZEB2,0.00010315667811533808
GIMAP1,0.00010313710711168185
GYG2,0.00010311292672626441
RGS12,0.00010310515368834914
IFITM2,0.00010309468269960826
TMEM141,0.00010307867159614647
EYA3,0.00010301008658173704
CHDH,0.00010299301440490345
TTLL12,0.00010297678780883321
OLIG1,0.00010296683746187227
IGF2BP1,0.0001029283898883596
CENPH,0.00010291743121251625
CREB3L2,0.00010290812475208342
MAP6,0.00010285349182538237
PDE8B,0.00010279417780926715
ADORA2B,0.0001027912538254416
MPZ,0.00010272664989176933
LMO4,0.00010270580070382953
LIG4,0.00010270233813769065
NMB,0.00010270179758195329
RIMBP2,0.0001026985161061846
ABCG8,0.00010269675161241421
GUCY1A2,0.00010269348400914785
CYP21A2,0.0001026802718876955
EIF3H,0.00010267217276232416
DLEC1,0.00010266728662844863
P2RY13,0.00010265914221261386
CADM3,0.0001026580769739364
MED23,0.00010263401720944206
SH2B2,0.00010262449391272586
TGFBR3,0.00010259159229388177
NALCN,0.00010256206924194667
CFI,0.00010249701802232703
DYNLT1,0.00010247493701401803
ADAM11,0.00010242359484551459
QRFP,0.0001023995661866069
BACE1,0.00010239714052604542
RDH10,0.00010231512188119162
DACT2,0.00010225242514288178
SGSM2,0.000102234625075787
UNC80,0.00010219262412749078
EPGN,0.0001021916579328272
CADM2,0.00010216441080803054
E2F3,0.00010215945759668161
KCNK13,0.00010214765067635123
CKM,0.00010212123013629582
CREB5,0.00010209652719935024
KCNJ8,0.0001020761571258423
NDUFS7,0.00010206808316475377
ROR1,0.00010206521678142551
SLC2A9,0.00010202791963269598
MMP12,0.00010201761310550348
WASF3,0.00010198701249229679
KIF5C,0.00010192784922126697
RGAG1,0.00010183974994122879
NOXO1,0.00010183815376422371
HCLS1,0.00010182741918209519
AK1,0.0001017602554938018
SGK2,0.00010174890209715461
MIF,0.00010172456981195123
NEU4,0.00010171603854451037
PCSK5,0.00010171258319040674
HOXB4,0.00010165470398144627
MDK,0.00010160695932804486
PNMA2,0.00010156411646437996
UPP2,0.00010154384809009112
MYOT,0.00010153957652304791
BHLHE41,0.00010153292822816935
RCVRN,0.00010149696785988476
IFT140,0.00010149475446488307
DNAJB4,0.00010148949705709957
MAGEA12,0.00010145643893949125
AOC2,0.0001014396432913152
SLC4A4,0.000101408178918026
CLYBL,0.00010140541340796275
PYCR1,0.00010138450569379149
CD7,0.0001013474781646192
CCNB1IP1,0.0001013261425963272
RTN4R,0.00010129919017333752
MORN5,0.00010127224310211593
DHRS9,0.00010126355316264165
CREB3L1,0.00010120048837636963
KCNC4,0.00010119891793988731
BBS5,0.0001011825803411083
SLC25A4,0.0001011421482168519
PPP1R14A,0.00010113114054394759
TET1,0.00010113079916593973
NIPSNAP3B,0.00010112214923405488
KCNJ4,0.00010110804657912464
LASP1,0.00010109776511140312
MUTYH,0.00010108056269107586
PLD3,0.00010106767673216857
LEFTY2,0.00010106347457402768
FERMT2,0.00010105186778967889
PLA2G2D,0.00010103813881440305
MCM9,0.00010100127325763125
GRASP,0.00010098722373420675
CHCHD7,0.00010098165201676434
GALNT6,0.00010088351531592784
SNRNP25,0.0001008666998098535
RD3,0.00010083245364040702
ACADM,0.00010082092425312534
FNDC4,0.00010080092713919656
CTSS,0.00010075238523768018
RNF212,0.00010072809244244763
MATN3,0.00010072099571164242
RDH5,0.00010066075250679296
LRRC7,0.00010062981525391534
CCDC129,0.00010061398650234145
ARHGEF4,0.00010060708152562664
FOXG1,0.00010059410281023688
BCL11B,0.00010057778557070191
ARRDC3,0.00010057608572076093
FAM131B,0.00010056761574711942
SPATA17,0.00010056705665674263
SLAMF9,0.00010054587567527636
CNIH3,0.00010049086997350403
MCCC1,0.00010044804432948455
TRMT112,0.00010042385985302396
SLC30A6,0.0001003944347053147
CCL13,0.00010037316559657138
TWSG1,0.00010036248858184507
FUT7,0.00010035302304760697
LMBRD2,0.00010028424091767465
DLL4,0.00010028247636561315
AP1S2,0.00010027620295369691
KIF1A,0.00010027021776396898
EFNA2,0.00010025962538845004
FOXP1,0.00010023863836169708
CRB3,0.00010019727581610326
DSEL,0.0001001930254201937
TNFRSF18,0.00010018295454150967
LMOD1,0.0001001742432229857
LGR6,0.0001001523022408704
CATSPERG,0.0001001456418465369
BIK,0.00010010402536522125
TP53BP2,0.0001000864815087444
TEX11,0.00010007278081835848
KCNH8,0.0001000367717933824
AQP9,0.00010003294826149947
NEIL3,0.00010003229673928093
ZNF385B,9.99973071696289e-05
PTPRB,9.998179791226931e-05
MED16,9.992558189952602e-05
WTIP,9.987857081361507e-05
EPS8,9.986688146527781e-05
GUCY1B3,9.98079344523715e-05
SLC12A2,9.979757708614872e-05
MAEL,9.979271107993023e-05
GSDMB,9.973421692528213e-05
WBSCR17,9.966586446723128e-05
LRPAP1,9.966570236472159e-05
STARD3,9.965373196808231e-05
SERPINB2,9.965123214947076e-05
MARCH10,9.965095501938067e-05
IFNAR2,9.964020781010344e-05
ARHGDIB,9.963495548869002e-05
LYL1,9.961911520622261e-05
GBE1,9.959624595782396e-05
CDKL1,9.95287599567723e-05
HPSE,9.949764965522871e-05
TRIP6,9.947092059534104e-05
CCDC108,9.946285151704491e-05
GMPR,9.94412760338904e-05
POU3F2,9.94286139758819e-05
HSPB2,9.936382239253491e-05
AP1M2,9.934109196119321e-05
ADORA2A,9.932229118628984e-05
ABCA3,9.931723855144857e-05
CPA1,9.929361757762935e-05
RNPC3,9.924490393477774e-05
RBM44,9.92273247981954e-05
MRPS6,9.920246660580672e-05
PPP4R4,9.915579561242487e-05
NTHL1,9.911925691018658e-05
LOXL4,9.911291611702185e-05
BAG1,9.906686100586119e-05
PKP2,9.90633135288742e-05
HMG20B,9.902849356818678e-05
DAB2IP,9.90252567548957e-05
IMPDH2,9.90113508094468e-05
CXCL6,9.897590220439822e-05
TYMP,9.897193949499017e-05
OAZ3,9.896351463195742e-05
CHAF1A,9.895800787379235e-05
NDUFS8,9.893407659294958e-05
RGS14,9.892862186870682e-05
GUSB,9.883275816365624e-05
DGKQ,9.877591774010201e-05
MRGPRE,9.877531685346865e-05
E2F5,9.876659717796013e-05
RSPH3,9.874406018071554e-05
KIRREL,9.872796290035337e-05
TRPM7,9.870615930463795e-05
SART1,9.870353875097704e-05
PISD,9.861265236959938e-05
ABCB1,9.854949730740307e-05
KIAA0922,9.852497056126481e-05
HIF3A,9.839765046200464e-05
IL1R1,9.839031069125706e-05
DIO3,9.837890960897271e-05
SLC30A4,9.837768034389203e-05
LMX1B,9.82801419054238e-05
TAGLN2,9.823818514787791e-05
LRRTM2,9.822477023106342e-05
GPS1,9.821927629740537e-05
KIR2DL1,9.818557050712526e-05
EPHB4,9.816856569174333e-05
CHST4,9.81372056907315e-05
FRMPD1,9.810598895065713e-05
PEG3,9.804729275484823e-05
SLC1A3,9.804719285012732e-05
MAP1LC3A,9.804050745129556e-05
PLXNC1,9.802213836985724e-05
CSN3,9.802150223274449e-05
SLC25A42,9.802101533813105e-05
GABRE,9.801900285396655e-05
AGR3,9.800903161536978e-05
TBC1D7,9.799611883514875e-05
POLR2J,9.799264983875184e-05
GRIN3B,9.798371568187618e-05
GSDMC,9.794771893551415e-05
PCSK6,9.793407642641737e-05
CPEB1,9.790860260968704e-05
KEL,9.78996499677816e-05
SLC5A1,9.787015852368753e-05
COL24A1,9.786646450600925e-05
RHOU,9.786432366578567e-05
DCT,9.781755243810863e-05
TUBA8,9.781350177757487e-05
GADD45GIP1,9.778054532361165e-05
SYCE2,9.777945002185489e-05
NPHP1,9.76994231849988e-05
BBS10,9.76846219334148e-05
KLK5,9.76584121211831e-05
ABCD2,9.75890737583162e-05
STX2,9.755658466688618e-05
ACACA,9.754236126418778e-05
B3GNT7,9.753731207446712e-05
RHBG,9.745914970981336e-05
NLRC4,9.745586370153004e-05
HSPA13,9.744610735890032e-05
TUBA3E,9.743992766791571e-05
FRZB,9.742787858261074e-05
KCNJ10,9.742544527055678e-05
KIR3DL1,9.742339837594075e-05
HDC,9.739633900349513e-05
DOK2,9.739495700641591e-05
SOD3,9.736596107117013e-05
EDA,9.730654955255874e-05
ADM,9.721739750441331e-05
LRRC4B,9.719570288329758e-05
KIAA1045,9.713914584496346e-05
LZTS1,9.711476005756533e-05
PRKAG3,9.710616852786468e-05
SLC22A18,9.710271657629066e-05
ELOVL6,9.709684671334452e-05
GALNT7,9.707826153268081e-05
LSM7,9.707266986267749e-05
S100A9,9.706395135583546e-05
MMP15,9.70508622291339e-05
FBXO16,9.696270231711832e-05
MED13,9.69079440220312e-05
SCRIB,9.689657481756116e-05
SLC6A17,9.688057986744376e-05
ARSK,9.68782601143002e-05
GUCY2C,9.687147980558588e-05
ZNF462,9.6856590017147e-05
FBXO32,9.683947223234745e-05
GRM4,9.679765405340486e-05
ENTPD2,9.679058436517512e-05
VPS37D,9.673532970722498e-05
S100A2,9.673499857711539e-05
HOOK3,9.668971832306311e-05
MDGA2,9.668624506558118e-05
LLGL2,9.659754764352238e-05
HOXB1,9.65956614723863e-05
COX6B1,9.658322158451847e-05
TNFRSF14,9.656822140635953e-05
B4GALT5,9.65283432125886e-05
CD300C,9.651764619485046e-05
DKK3,9.651675527480276e-05
TNNI3K,9.650814677925296e-05
ARID2,9.646293357416685e-05
SIM1,9.637098936955585e-05
REV3L,9.63367982931097e-05
HCN2,9.633491580800544e-05
KIAA0319,9.63219426615102e-05
MAPRE2,9.630468004397757e-05
C1QL2,9.62634089053663e-05
TRAPPC5,9.624836281496915e-05
KIAA1919,9.622831277373083e-05
SBF2,9.622092109036825e-05
COX7A1,9.617633885495891e-05
HIST1H1B,9.616584476118903e-05
KATNB1,9.614762826122462e-05
XRN1,9.612870093468418e-05
MT1G,9.611066869460566e-05
TRAF5,9.611009114348845e-05
TAB3,9.609144577810438e-05
C17orf70,9.607252733033231e-05
HS6ST3,9.606923416876063e-05
RAB11FIP4,9.605515390317593e-05
PLA2G10,9.603895368268033e-05
SMPD2,9.60292111315027e-05
YIPF6,9.600714309917852e-05
UQCRH,9.600411735389164e-05
SYT4,9.599317569973757e-05
NBEA,9.595478751938432e-05
NOX1,9.593766371167972e-05
ABCC2,9.593317984141096e-05
LMNB2,9.585783870227771e-05
FBP2,9.585150433475262e-05
AIM2,9.583621971784672e-05
SMOC2,9.580385473250113e-05
CDK12,9.578556878191147e-05
MCHR1,9.577109117522438e-05
PODXL,9.574966619478626e-05
KLRC1,9.573988120137165e-05
FER,9.57240755600878e-05
SPAG17,9.56792316751439e-05
PERP,9.564796291952927e-05
SETBP1,9.563245871126168e-05
TNFSF13B,9.560309024506972e-05
UPB1,9.558219786529952e-05
RGL1,9.557270518374344e-05
CENPO,9.556212071287347e-05
SPTA1,9.55133973949319e-05
WWOX,9.549372688969466e-05
JAZF1,9.544964825598362e-05
HOXB13,9.542555152224912e-05
KLRB1,9.535985151197797e-05
COL4A3BP,9.533710554545294e-05
KCNJ5,9.524606363774278e-05
GNPNAT1,9.51988629578397e-05
CNTFR,9.518295630745849e-05
TIGIT,9.517294581091436e-05
PRSS8,9.516062743985608e-05
GAP43,9.51400704415694e-05
ATP1B3,9.512893414782322e-05
FAM196A,9.511094376350321e-05
SYT9,9.505137194088976e-05
KLF15,9.499804294940312e-05
GREM2,9.493590231570621e-05
ETFA,9.490197718131284e-05
AK5,9.490192925220714e-05
MYH13,9.488051653269078e-05
LTB,9.487458386799558e-05
FGL2,9.483015039533578e-05
RDH16,9.478042697412387e-05
RND2,9.476524303949024e-05
FLI1,9.476205172474187e-05
PTGIS,9.475864858980865e-05
MEFV,9.475692102085394e-05
MVK,9.473597891840644e-05
E2F7,9.473441507674043e-05
PIGW,9.473403672662122e-05
KANK1,9.472407772553952e-05
GALE,9.468955609693257e-05
NNAT,9.468557143225693e-05
DNAJA4,9.467541439596235e-05
SHBG,9.463487131574906e-05
CRHR2,9.459740542603946e-05
FOXRED2,9.458830408481567e-05
NRG4,9.457849910739233e-05
SCG5,9.455440260456305e-05
INPP4B,9.454506600698504e-05
NOC4L,9.453180769589735e-05
THPO,9.447160616512925e-05
NR2F6,9.445310067460532e-05
TIGD4,9.43766008452155e-05
GDA,9.435964096544548e-05
SEMA4D,9.43562673111792e-05
SYCE1,9.431017313141781e-05
PRDM1,9.428550587168536e-05
PROX1,9.428334742336795e-05
PYCARD,9.427226456502112e-05
PAEP,9.425641675623231e-05
HSPBP1,9.423549580252747e-05
SP100,9.422959112661671e-05
CCL3L3,9.421354433674017e-05
FAM63A,9.420579312388284e-05
BAG4,9.4166529505559e-05
HIST2H2BF,9.416583642893313e-05
MFSD4,9.414389231254561e-05
SCNN1D,9.413603059505513e-05
RASSF8,9.413188414687524e-05
LRRN1,9.4121416993836e-05
SELENBP1,9.410845301016162e-05
RGS16,9.409395573745731e-05
KNDC1,9.408321651258774e-05
RAMP1,9.404196400439206e-05
SNTB1,9.403300408226085e-05
MGST3,9.402801495116601e-05
LYNX1,9.400875679703509e-05
MRPS34,9.399092792575174e-05
PLD6,9.39904176694756e-05
IQCA1,9.389004042732204e-05
CTAG2,9.388209453265335e-05
CPT1B,9.387327798729502e-05
SLC26A5,9.385148151137029e-05
FOLH1,9.385099401651215e-05
SYT5,9.383298781899576e-05
PLCD4,9.380901543003375e-05
HMGCLL1,9.380700972537337e-05
HPD,9.380346504455173e-05
HOXC4,9.379914870706104e-05
BAIAP2,9.37919763141002e-05
FAM188A,9.378585740580919e-05
A2ML1,9.374778463116428e-05
CPS1,9.365058878177334e-05
SEPT10,9.364866112028546e-05
TFPI,9.362594787511519e-05
PRPH2,9.362015555731466e-05
FABP6,9.360237089863069e-05
C1QC,9.36023372158514e-05
COL10A1,9.359513782283168e-05
IFT74,9.359012534459584e-05
COL8A1,9.358218037525752e-05
AQP7,9.353706963701777e-05
CEP135,9.350858642726736e-05
LPPR4,9.345001711065356e-05
SLC16A3,9.338513560749434e-05
IQGAP3,9.33730736426809e-05
TNFSF4,9.337082726944213e-05
PCGF5,9.33550621092212e-05
TOMM7,9.330261050786245e-05
SLC22A18AS,9.325228862172363e-05
SEL1L,9.324763749072045e-05
SYNPO,9.324269339223015e-05
SLC2A5,9.32374717278592e-05
IFI44,9.323379525876172e-05
C19orf40,9.318967628551507e-05
COX6A2,9.318649539401414e-05
NAP1L3,9.313370732325428e-05
MAP4K4,9.310642476412067e-05
SLC45A3,9.309071387035212e-05
KBTBD12,9.308771699581995e-05
FOXJ1,9.307707015237371e-05
NANOS1,9.307201058983044e-05
MFAP5,9.307120000795257e-05
REC8,9.305614555114442e-05
CITED1,9.303238185425744e-05
TGM2,9.302624113097493e-05
CRELD2,9.302401938171651e-05
CCDC151,9.301953874584398e-05
CXCL14,9.301415308676442e-05
HBD,9.295002552440777e-05
HEATR1,9.294058789881755e-05
SEMA3D,9.292449239502735e-05
SBSN,9.289408524862903e-05
BAI1,9.288367407492314e-05
MYCBPAP,9.286168553157189e-05
PCOLCE,9.284901961562373e-05
PRSS3,9.281733898688787e-05
CASP10,9.280756216821302e-05
NGEF,9.28074748357477e-05
MRPL21,9.277632164537094e-05
FAM110A,9.27697818740196e-05
CENPT,9.275806752715162e-05
HFE,9.275352663484069e-05
STK32A,9.27011739066126e-05
SLC38A2,9.269895804382258e-05
NUDT8,9.269581156408836e-05
SLC30A1,9.266509060907835e-05
TNFRSF13C,9.264781052982503e-05
NUDT2,9.262836955234773e-05
ARFGAP1,9.260825969522717e-05
CMA1,9.2597642660146e-05
HS3ST4,9.258931298434161e-05
UBXN11,9.257491894556313e-05
NTN4,9.250420877237604e-05
LPAR5,9.245670936815746e-05
BEGAIN,9.240786527845582e-05
GPLD1,9.23919883021547e-05
SOX11,9.238444410024653e-05
LIG3,9.235264475843707e-05
UBE2M,9.232756426519627e-05
MOV10L1,9.232205879610698e-05
CTNNA3,9.232133237502449e-05
CNTN6,9.230381467638691e-05
TULP2,9.228694278042899e-05
PRICKLE2,9.226729953468283e-05
SOX5,9.22651216879705e-05
PVRL2,9.226136456141849e-05
RBM24,9.225911878527122e-05
GAN,9.223841662868199e-05
CD46,9.223274002511856e-05
SLC17A8,9.219986092391536e-05
PSIP1,9.21889729772693e-05
C8B,9.214680741165768e-05
SH2B3,9.21440072196116e-05
CPSF1,9.212230672446277e-05
NAT9,9.210545685999913e-05
RAG1,9.204259949646383e-05
IFT81,9.203817497873058e-05
PDLIM4,9.201267629037719e-05
ARNT2,9.19778273423196e-05
PLEKHG7,9.194773208609703e-05
DAPK2,9.193140898474658e-05
NDUFA2,9.192608062781374e-05
MTG1,9.19219689569403e-05
DPYSL3,9.191895443972032e-05
HDAC10,9.189308772858889e-05
TAF10,9.187852540196917e-05
ST6GAL1,9.187766206914945e-05
KCND1,9.1875556547015e-05
STRADB,9.187377046862065e-05
COL6A6,9.185098319831333e-05
FLNB,9.184707118304986e-05
LHX6,9.182738313128634e-05
SLC34A2,9.179350077628029e-05
AGPAT6,9.16594588822264e-05
ZNF608,9.16518436790562e-05
SERINC2,9.154693998967791e-05
LCA5,9.144312152082473e-05
NME3,9.143318124652326e-05
C1S,9.141107435051448e-05
AIF1,9.140567322144975e-05
EPB42,9.139039047594311e-05
WIPF1,9.131281624400419e-05
IFT46,9.130614745500942e-05
SUPT3H,9.12801424754686e-05
PACSIN2,9.119992512574457e-05
FFAR3,9.117053218254475e-05
HFM1,9.113123658937344e-05
TNFRSF12A,9.113018862544445e-05
FAM127A,9.112661226117878e-05
AP1G2,9.112364747119556e-05
JOSD2,9.111735333444168e-05
LNPEP,9.108864541002202e-05
KBTBD8,9.105416654789704e-05
SP6,9.104400495937006e-05
EDAR,9.098658726734378e-05
SLC30A3,9.094189005154953e-05
LRRC16A,9.091771401788651e-05
MST1,9.088759318321996e-05
PCDH19,9.087025183983732e-05
CDC14B,9.083940075174623e-05
NMI,9.083805799281529e-05
SEMA7A,9.079597259841813e-05
GAS6,9.079120841380353e-05
DHX33,9.078831484624852e-05
VGF,9.0780201463026e-05
ASTN1,9.076630912315057e-05
SEC24A,9.073869603749785e-05
MFGE8,9.070902185227814e-05
NDUFS5,9.07076847093449e-05
FOXP2,9.065460135668799e-05
FAM150B,9.065035454093067e-05
SYT13,9.062460657196305e-05
TMTC1,9.058607460311216e-05
BEX1,9.054968317749476e-05
RBM20,9.051961839130276e-05
HGD,9.051052338054471e-05
SLC3A1,9.050508223534881e-05
NDUFA11,9.046496780982326e-05
CDK14,9.044799986762166e-05
CHST6,9.044540738466962e-05
MFSD10,9.04379382864723e-05
AKAP12,9.04259813583914e-05
LGALS12,9.039109505254163e-05
UGP2,9.034067878197722e-05
RNF128,9.031017698380158e-05
ATP6V0C,9.027287531799996e-05
APOBEC3B,9.027017714160237e-05
DNAJC3,9.023193619927544e-05
BDP1,9.019922255659e-05
CD59,9.0190261933732e-05
EBF2,9.013038393912041e-05
VIPR2,9.012337476858685e-05
KY,9.011394681032651e-05
TCF21,9.010945957244596e-05
ARG1,9.005751400406481e-05
TEC,9.001849949673714e-05
KCNC2,9.000161838650413e-05
FBLN7,8.99986758270968e-05
ISL2,8.999235871659544e-05
TRPM5,8.99709367712389e-05
ECSIT,8.997019014054337e-05
DBN1,8.996087984091795e-05
STX10,8.995192677656758e-05
S100A3,8.995082663270652e-05
TMF1,8.992816188449532e-05
TDRD9,8.992099578064969e-05
LYSMD3,8.99091167304003e-05
GABRG1,8.989593138319967e-05
SDSL,8.987445527608254e-05
RSPH1,8.986847170568256e-05
LYPD6,8.984835515080557e-05
PRDM12,8.984629428164031e-05
GAS2L2,8.984190518985312e-05
SS18L1,8.978739610178952e-05
EFEMP1,8.978071434474972e-05
AMY2B,8.97766845055166e-05
LY75,8.977085173227716e-05
IGFALS,8.976285566775987e-05
B4GALNT1,8.975560801584115e-05
SDR39U1,8.974886757148662e-05
BMPER,8.971196827789909e-05
IL21R,8.970491210086412e-05
NDUFA7,8.96938656296421e-05
GINS3,8.963036262274362e-05
LEPREL1,8.961239697281391e-05
SCARF1,8.960443321581849e-05
SPRR2A,8.957272071468426e-05
POLD4,8.954461203010368e-05
CLDN23,8.954372224953545e-05
LMX1A,8.954368890816449e-05
SLC45A2,8.95327210176878e-05
TMEM86A,8.952881449083127e-05
HCST,8.95234271257427e-05
MOGAT2,8.950498395843024e-05
KCNIP4,8.949973253699086e-05
POU2AF1,8.949453906121246e-05
KCNMB2,8.942056475244795e-05
ME3,8.938311694292676e-05
SLC12A5,8.937456086120159e-05
PITX1,8.934829180372216e-05
IGFBP4,8.934260128499976e-05
LDHD,8.933779750082199e-05
DLC1,8.932956345677489e-05
SGSM3,8.932630504248668e-05
DNAH2,8.932607525560992e-05
SMPX,8.932278565720425e-05
RETSAT,8.93101968542188e-05
CYP27C1,8.93101968542188e-05
PTPRK,8.930884364638452e-05
CNDP1,8.930066879591595e-05
B3GALT6,8.929389526865165e-05
B4GALT7,8.929389526865165e-05
CCR10,8.926728743933744e-05
IL10RA,8.925771054543753e-05
KCNK1,8.92469694870635e-05
MPP6,8.923493589435501e-05
CISH,8.92061538200814e-05
KHK,8.920435165767643e-05
FBXO2,8.920204040077779e-05
CCDC101,8.909689412724856e-05
ARHGEF9,8.908823100369652e-05
SRXN1,8.907911179999018e-05
SOHLH1,8.905772771408448e-05
S100A16,8.905134301916845e-05
PARVB,8.904570773575964e-05
SOCS5,8.902553195044066e-05
MMP11,8.89609483020878e-05
ZDHHC17,8.895311564414384e-05
RGR,8.89363627977584e-05
PTPRF,8.88916115139297e-05
MTMR10,8.88799979950438e-05
FLRT3,8.885880542392704e-05
STRA6,8.885154498031739e-05
GRM6,8.884686346944552e-05
IGJ,8.884165046136789e-05
PSPH,8.882440163562332e-05
EDF1,8.879444183020952e-05
FCHSD1,8.877201544594502e-05
NPY1R,8.87030094837655e-05
KLB,8.87008951164294e-05
ATP5J2,8.868084899857444e-05
VDAC3,8.867338141460352e-05
ID4,8.86567566652078e-05
PTPN21,8.862347263270475e-05
CDH11,8.86075763780357e-05
PLK2,8.860562519158643e-05
RLBP1,8.86030415683373e-05
COL15A1,8.859557925183023e-05
POLK,8.857081692995978e-05
TMOD2,8.855461513344694e-05
TRIP11,8.854430778368664e-05
KCTD3,8.852724644065364e-05
DFNB59,8.852275647477315e-05
CHST12,8.850940194323267e-05
CST4,8.846400203057475e-05
CCL16,8.845966460226329e-05
APLF,8.838636764357628e-05
GMDS,8.838459064199503e-05
SPRY1,8.837560662354314e-05
PDLIM3,8.835774667962615e-05
SEMA6A,8.835312286588191e-05
APLP1,8.833920063725079e-05
CENPL,8.832620801995812e-05
RAB11FIP3,8.832222678638198e-05
ZNF366,8.831752861301114e-05
CAPN9,8.829396563808127e-05
MDM4,8.825989879305139e-05
TFF1,8.824681054426037e-05
INO80B,8.82365630168546e-05
PGAP1,8.822157802067826e-05
PTGER4,8.8204125471708e-05
CCNO,8.818124837111914e-05
CCDC124,8.813203274449882e-05
RBP1,8.813178803049606e-05
FBN2,8.811668785675736e-05
FRMD5,8.807427911845483e-05
CYP26C1,8.806317834100817e-05
TNFRSF11A,8.802784577170765e-05
PFN1,8.800505318124124e-05
RRAGC,8.795672556671847e-05
ATXN1,8.793427101604442e-05
GPR82,8.792629995969345e-05
ZNF219,8.792049424837831e-05
RUNX1T1,8.788336227172756e-05
FBXL6,8.788005753680981e-05
G6PC2,8.785195822764092e-05
PDPN,8.784947345436698e-05
PDE4B,8.783300737667964e-05
CST6,8.782401929556038e-05
CYB561,8.780201393167179e-05
MARVELD2,8.776889974925206e-05
ELL3,8.776482986530584e-05
NRTN,8.775726924355567e-05
ANKRD9,8.775338661794824e-05
DOK7,8.774852539910713e-05
ROPN1,8.772504551571987e-05
HDAC9,8.771838209599058e-05
RNF150,8.771761164254868e-05
KPNA7,8.768700486440006e-05
UCHL1,8.767972495776573e-05
UBE2E2,8.765795694107773e-05
ZMYND10,8.765541983620977e-05
UNC5C,8.763130642952608e-05
CKMT1A,8.762856304583752e-05
CHRNA6,8.762514174498632e-05
SOAT2,8.761987710932636e-05
MAGEC2,8.761740004901701e-05
SLC46A1,8.75829647461648e-05
CD1D,8.753128722624259e-05
DOCK2,8.752809189991645e-05
TMEM67,8.751935887104329e-05
FIS1,8.743648118273231e-05
PFKFB4,8.742537109055076e-05
HSPA6,8.739611433455504e-05
RASSF10,8.737387470025823e-05
BEX5,8.736708940162637e-05
ADAM15,8.729475752946516e-05
MC1R,8.729418443799547e-05
SEC31B,8.728446035806081e-05
RAB27B,8.72683924652044e-05
KCNN3,8.725255501965278e-05
TEF,8.725185380283566e-05
CYP2J2,8.723166549399381e-05
LRIG3,8.719345070531351e-05
ERO1L,8.717874532146206e-05
ANKDD1A,8.716871831046728e-05
TRPM3,8.7156691119386e-05
RAB3IP,8.714306209592435e-05
XKR4,8.714193999144292e-05
KRT17,8.714008479890275e-05
PUF60,8.711135423883369e-05
SLC1A5,8.710691871878871e-05
NEDD9,8.709006139373079e-05
TUSC3,8.708403890371869e-05
CYBA,8.7074060335284e-05
DHFRL1,8.702049346544222e-05
GDPD1,8.70083501158945e-05
WIPF3,8.700561673985086e-05
MGST2,8.698621527885615e-05
IL12RB2,8.696783666436779e-05
KLRG1,8.695241494982072e-05
ESRRA,8.695176258900262e-05
SAMD9L,8.694926925015217e-05
STAB1,8.694905493402227e-05
BAG2,8.693825329236827e-05
LRFN5,8.691389400765844e-05
PLA2G4F,8.689219819021625e-05
CREB3L4,8.688625573207055e-05
ANKRD45,8.68309855960253e-05
DHX58,8.682683597647892e-05
CLCN2,8.678122239933283e-05
CABP1,8.67418152039971e-05
NAGS,8.669350740652645e-05
TFAP2C,8.66541408927128e-05
PGPEP1,8.662763212314286e-05
DTNA,8.661598394109667e-05
AADAT,8.655036183347783e-05
RGS17,8.652302570689309e-05
TEX15,8.649570140533008e-05
SMYD3,8.649038261735817e-05
TNXB,8.648578647846411e-05
TFF3,8.646626163152468e-05
KCNT1,8.646565283947929e-05
ROBO4,8.64382974711955e-05
ACP5,8.642991201250128e-05
LYPLA1,8.64278558438908e-05
DONSON,8.642588900489544e-05
PARP3,8.642247985594915e-05
F2RL2,8.641947486348339e-05
MFAP4,8.637561090439318e-05
JPH2,8.637253319987941e-05
KCNU1,8.632918453524527e-05
TIE1,8.630735374736529e-05
BEX2,8.628891279513495e-05
TTC30B,8.626774781501437e-05
TMEM176A,8.623756258648125e-05
NR2E3,8.62126131684198e-05
DCTPP1,8.618363662153729e-05
SOX7,8.61788891006742e-05
PTX3,8.61742600886175e-05
PTGER1,8.616562792337844e-05
ORAI1,8.614635766071567e-05
SERPINB13,8.611984745932181e-05
SPRED1,8.610739860611848e-05
LEO1,8.61068112677094e-05
ALCAM,8.609122446811297e-05
KLK1,8.608876272647214e-05
AHI1,8.606039745354402e-05
SEMA3B,8.605507726215737e-05
GFI1,8.605464275929095e-05
PPP1R9A,8.601500212555106e-05
MMP28,8.595977012411477e-05
SLC7A11,8.593749411154107e-05
ICAM2,8.593537512968153e-05
KCTD9,8.593086615359686e-05
KIF9,8.591964313184509e-05
NLRP1,8.591748771613358e-05
CLCN6,8.591508355921992e-05
NDUFV1,8.58993881667747e-05
GLRA3,8.58669139729016e-05
PMP2,8.584442000911485e-05
TRPV2,8.581494739131308e-05
MCCC2,8.581398343614494e-05
NDUFB11,8.578609224465146e-05
LPP,8.576815541862721e-05
FPR2,8.574193962143709e-05
CCDC36,8.569889246653551e-05
NGFRAP1,8.56328739965984e-05
LBR,8.558939296972749e-05
CP,8.555965366994535e-05
PDZD7,8.554459049528406e-05
FAM20A,8.554344261439093e-05
NVL,8.552606161897972e-05
GPR179,8.552559342186818e-05
SASH1,8.552360128909833e-05
SLC36A2,8.550645496160945e-05
KLHL2,8.549678930693132e-05
PEX11A,8.547729106722308e-05
YOD1,8.547511782009858e-05
TUBAL3,8.545351801725716e-05
SRGAP2,8.54335101279174e-05
SLC24A4,8.540649428629266e-05
KCNH7,8.539207807940793e-05
CYP4F22,8.536986946795297e-05
CACHD1,8.532286184751116e-05
WHSC1,8.52955769335386e-05
RBPMS,8.529404671093189e-05
SYT11,8.528843099119298e-05
ZFPM1,8.521957585252429e-05
PGAM4,8.518417184952971e-05
MPPED2,8.517330596110912e-05
CAPZA3,8.516779645147463e-05
BVES,8.513854703667706e-05
ATAD5,8.513667356600917e-05
CRIP1,8.508173649755338e-05
CIB2,8.507055402081178e-05
WDR66,8.506652295361283e-05
EPB41L3,8.49976404395301e-05
SIK1,8.49961016681404e-05
AHSA2,8.499563656289743e-05
HAPLN1,8.498835836182606e-05
TCIRG1,8.49872717414545e-05
LRRIQ3,8.497594066430726e-05
SLITRK2,8.497349397473528e-05
HES5,8.496320904600558e-05
LPHN3,8.493995135080657e-05
GRIK3,8.493022935490409e-05
FGF13,8.48737490782184e-05
DNAH9,8.484078307558538e-05
PTN,8.483825226900276e-05
PRLR,8.483305144434636e-05
POLR3GL,8.48322439279431e-05
LENG8,8.482123141266432e-05
HIST1H1C,8.481896235185095e-05
UPP1,8.479661251397604e-05
ARX,8.478771258295179e-05
LONRF2,8.475959476039306e-05
PHF6,8.47566530135075e-05
GPR125,8.474797756598005e-05
INHBB,8.474667002863937e-05
KLC2,8.4715868530614e-05
MIP,8.469340508565046e-05
PPP4C,8.467081715065483e-05
FAT4,8.463443258379243e-05
RIMS2,8.458141944883131e-05
SESN2,8.45673544284138e-05
CCDC94,8.453048093959835e-05
RPH3A,8.444806990836802e-05
GPRIN2,8.443770695287957e-05
UTP20,8.443501585961653e-05
ADRA1A,8.441479332846685e-05
LRRC4C,8.441441596655701e-05
PDSS1,8.436872094675775e-05
COL9A2,8.431775147536688e-05
RIMS3,8.431481600770781e-05
MMP16,8.427980001749379e-05
DSCAM,8.427875604586285e-05
CSAD,8.425802133081491e-05
GCC2,8.42568140644235e-05
SLC36A1,8.42506466721498e-05
BMX,8.422984502737419e-05
SEMA6C,8.422895810540807e-05
RBCK1,8.422197270979421e-05
IPMK,8.42106262955232e-05
FADS1,8.420958121124219e-05
IRAK3,8.417060123485501e-05
IDO2,8.41693527495533e-05
PARD6B,8.411322371151172e-05
PTP4A1,8.40919199873738e-05
KREMEN2,8.408147259780603e-05
COPE,8.403528185604017e-05
PAX7,8.400344245945482e-05
NGB,8.400317921448601e-05
USHBP1,8.400275037110123e-05
TBCB,8.400140483738726e-05
ZBTB47,8.393746842613262e-05
PPP1R14B,8.393465431510215e-05
GRM7,8.391006919799608e-05
ITIH3,8.390921624896718e-05
ALKBH6,8.388418033124549e-05
LRRTM4,8.386717461882347e-05
PHLPP1,8.385197445628138e-05
SLC30A10,8.381200478097908e-05
DDX26B,8.378065768539262e-05
MAK16,8.377433123122085e-05
COL9A3,8.376800790433168e-05
DGKZ,8.37216397466807e-05
UBR5,8.370540079334773e-05
DIRAS2,8.36389987007456e-05
BEND7,8.362457991365979e-05
LSM2,8.360940551540395e-05
CKMT1B,8.360665722798945e-05
PTGDS,8.357438233865962e-05
TST,8.353741016419822e-05
PI15,8.352595312888689e-05
DST,8.350557064019565e-05
TSSC4,8.349188384206444e-05
SEMA3C,8.347972414819791e-05
TNFRSF10B,8.347279450725899e-05
BAK1,8.341622414436252e-05
PCM1,8.34123438617087e-05
PENK,8.341032848916954e-05
ASAP1,8.340119615913654e-05
REEP2,8.339362600837358e-05
GRN,8.337847742991568e-05
MT1F,8.329326885604084e-05
KIR2DL4,8.328924786524337e-05
SPATA20,8.326955012185999e-05
GRHL2,8.326033430974318e-05
ACSM3,8.325225856237515e-05
PTCHD2,8.324298273901403e-05
PRUNE2,8.320378841186754e-05
APOBEC3C,8.317002349642748e-05
TNN,8.315522241602814e-05
KLHL8,8.3148702203803e-05
GDF11,8.313997066410104e-05
GADD45A,8.310616493321287e-05
SEMA6D,8.308666158389323e-05
CLK4,8.307386203158131e-05
FRS3,8.307317388609711e-05
ID3,8.305101163619239e-05
IYD,8.304953540456336e-05
ETNK1,8.301218671870149e-05
RTP4,8.2963108457176e-05
SLC5A4,8.29518935568717e-05
GP5,8.29412619941427e-05
ANKRD6,8.292874881395856e-05
MGAT5B,8.290458781046853e-05
APC2,8.288911114856892e-05
P2RY11,8.288278857211872e-05
SIGMAR1,8.287548971051908e-05
OGFOD2,8.28595212904218e-05
SAMD5,8.284766182645162e-05
CRHBP,8.27996129000131e-05
CBR1,8.276212825588339e-05
BBS4,8.275930016079581e-05
FKBP2,8.273474763644754e-05
GATS,8.268626191484695e-05
ATP8B3,8.268351902336913e-05
PHPT1,8.262917539360846e-05
PHB,8.262848304476075e-05
WEE1,8.261267224765373e-05
RETN,8.259850125670746e-05
KISS1,8.259087932775698e-05
RPGR,8.258974337275142e-05
DTX2,8.25664997691838e-05
SCGB2A2,8.25276779109909e-05
SIRT4,8.24428678631728e-05
EPHB3,8.240402779859278e-05
GPBAR1,8.23713935855143e-05
LYZ,8.235584751378123e-05
INPP1,8.235216891521813e-05
MRGPRX2,8.234047720945248e-05
XCL1,8.232927581063421e-05
EPN3,8.232010728249781e-05
SLC24A5,8.229929009025286e-05
AQP11,8.221579714627962e-05
NXT1,8.220267586399671e-05
CLDN11,8.217125587697111e-05
ARHGAP20,8.215709432871592e-05
HOXA1,8.214582430324695e-05
SCN7A,8.214068827484151e-05
AFMID,8.213939891182536e-05
CAMK4,8.212991285966304e-05
GJB3,8.21284083091078e-05
CYP27B1,8.212701342634484e-05
HERC5,8.21182028547916e-05
PINX1,8.20996492495176e-05
PAX1,8.209169960356167e-05
LETM2,8.203848457723647e-05
AMFR,8.202787881403048e-05
HIP1,8.197530950480129e-05
HTR7,8.188900371297296e-05
SIK3,8.1883859921898e-05
PFKFB2,8.18638989730747e-05
ARHGEF16,8.179330732310588e-05
SLC5A10,8.176045909353602e-05
DDX21,8.175756492715556e-05
DDX60,8.174845887680048e-05
DEPDC1B,8.16460505336878e-05
MSRB3,8.161062756780007e-05
GNPTG,8.157083643760788e-05
C1orf111,8.156876006751583e-05
PTPRQ,8.156434739195489e-05
SPRY4,8.155448011195319e-05
SPINK8,8.15293071645924e-05
RAPGEF2,8.152875108808436e-05
SLC47A1,8.152183080019625e-05
PDE8A,8.147153623339497e-05
GJC2,8.147020533177048e-05
SYNE2,8.13903344957392e-05
MED30,8.137906473945335e-05
GRPR,8.136469107401502e-05
FSCN1,8.136275126384779e-05
GPR39,8.135050704902557e-05
KRT24,8.129241768339134e-05
STK32B,8.126174344557789e-05
CHST5,8.125327928245453e-05
PHEX,8.124787257372357e-05
FMN1,8.12281913242562e-05
SHARPIN,8.119284240544869e-05
NAT2,8.114508514390012e-05
NDUFC2,8.111582415790459e-05
PAPSS1,8.111229233528513e-05
NKTR,8.111134470247367e-05
ID2,8.110505219137883e-05
GPR98,8.109328762832917e-05
SCGB1D2,8.106350816410035e-05
FAM175A,8.106349589979335e-05
DRD1,8.102667198963406e-05
ZC3H6,8.102064338699477e-05
MT1A,8.095717315062103e-05
KIAA1328,8.092854968739634e-05
HSPB11,8.092229348244062e-05
CLIC5,8.089965827520503e-05
KLF6,8.089641822310128e-05
CR1,8.08506206348298e-05
TM7SF2,8.084018778021673e-05
C4orf32,8.08020619613456e-05
LY6K,8.078183002312976e-05
SP7,8.074628402329276e-05
PYCRL,8.07303022574136e-05
MAPK4,8.070564645342179e-05
KCNK17,8.070203080522994e-05
CA6,8.068928079924648e-05
ANKK1,8.068556039213987e-05
PLA2R1,8.067732778211902e-05
APOBEC3A,8.066921053572241e-05
VPS28,8.062137235376154e-05
TRIM21,8.061549100019889e-05
SLC29A3,8.061455956469295e-05
UBA7,8.060483227681332e-05
KBTBD11,8.056993633445345e-05
TSPAN15,8.053840678826726e-05
RND3,8.052950306247318e-05
SLC5A12,8.052399092020539e-05
ATP7B,8.048107834866217e-05
KLHL9,8.04706548864679e-05
CTSH,8.044602198795836e-05
UNC45B,8.044158111820846e-05
EAF2,8.043339973281711e-05
GRM8,8.042487298087859e-05
CYP4F3,8.041862003023667e-05
TIMM10,8.041702869375434e-05
VEGFB,8.040563177447364e-05
SLC12A4,8.03621808903029e-05
SSBP2,8.034969615207595e-05
PTPRE,8.034595856265246e-05
FAAH,8.033055485783168e-05
TBX19,8.03217388716721e-05
OXTR,8.030273479339965e-05
LILRA1,8.024306310286354e-05
CD177,8.024021574145032e-05
GPD1L,8.023569621999197e-05
SDF2L1,8.020034710982512e-05
ROS1,8.019135679551572e-05
NTN5,8.017822926398288e-05
CDK11A,8.017535919103046e-05
PTGDR,8.015809435439433e-05
TIMP4,8.01489955186112e-05
TDRD6,8.01346389029586e-05
PACRG,8.010009874515949e-05
ASPH,8.009979200162236e-05
SH3BGR,8.007162708543894e-05
MST1R,8.005688204357289e-05
MFNG,8.004255343349307e-05
SYCP1,8.004092789895757e-05
DIO1,8.001368468645501e-05
JPH4,7.999403195303598e-05
SYNM,7.997952427511291e-05
KAL1,7.995756067617176e-05
NMUR1,7.995522093043359e-05
ADCYAP1R1,7.992942126573051e-05
TMEM38A,7.990407403206143e-05
ARMCX2,7.98981193469908e-05
P2RX2,7.988937553885169e-05
SLC39A5,7.987367156888516e-05
TNMD,7.982008466546496e-05
NEUROG2,7.977523526923191e-05
RB1CC1,7.976480518977334e-05
PLK3,7.975279087756152e-05
ABCD3,7.972181471951061e-05
CA2,7.969061856224405e-05
G6PC3,7.965346029026537e-05
PTDSS1,7.964656928356334e-05
NDUFA3,7.961861023832893e-05
PRSS12,7.96006459686931e-05
DUSP6,7.952933048100894e-05
WHSC1L1,7.951359904103055e-05
MAGEA2,7.949329982043807e-05
ATP5E,7.947226173375423e-05
C9orf72,7.946388789121779e-05
SDK2,7.944172786691926e-05
CACNA1I,7.941835582563052e-05
ANO2,7.93980709345624e-05
CLCNKB,7.939206780971023e-05
SPAG16,7.936446909325324e-05
ENTPD5,7.931603548322957e-05
SLC39A14,7.92670186099667e-05
KCNJ14,7.925221875514344e-05
COL8A2,7.925049702413339e-05
ACHE,7.92376289428029e-05
SLC1A1,7.92312656582076e-05
OLFM4,7.917229210265337e-05
ST6GALNAC1,7.91587807696262e-05
IKBKE,7.915874904645272e-05
OXCT1,7.914848996050375e-05
KLK6,7.912769487254841e-05
MAGEA4,7.912056800228014e-05
STAB2,7.90919191532698e-05
KCTD15,7.906299206018138e-05
OSCAR,7.906100010162054e-05
NUDT5,7.904197713971385e-05
SLC45A1,7.899472662981183e-05
RASD1,7.898316127021439e-05
ATP10D,7.896331594623728e-05
SH3YL1,7.894495825656894e-05
UCN,7.893655235108579e-05
NUTF2,7.891946285124707e-05
SLC4A1,7.891122725315225e-05
CHRDL1,7.888693360065096e-05
MED25,7.888313487320069e-05
OTP,7.886417653327191e-05
PARD3B,7.883992449484199e-05
CCDC96,7.882678016258337e-05
TNFRSF17,7.881309671438667e-05
MAGOHB,7.881104096634527e-05
FAM135B,7.879898906933423e-05
GALNT3,7.879154208111947e-05
DAGLA,7.877079846294693e-05
CHST13,7.875149314247638e-05
CTPS2,7.874508024428449e-05
GJB1,7.87383114396493e-05
KCNA3,7.871383812803078e-05
ATP2B2,7.863035874544502e-05
RASSF9,7.860818669460955e-05
TMEM35,7.859637082539679e-05
TMEM26,7.856339526136825e-05
HOXC6,7.853212080856321e-05
HOXB6,7.853212080856321e-05
HOXC5,7.853212080856321e-05
HOXB5,7.853212080856321e-05
DEGS1,7.852988464798171e-05
ZNF483,7.852326917430195e-05
PDLIM7,7.850434508861071e-05
CNGB3,7.850418442471304e-05
SCG2,7.846566977580424e-05
RGS18,7.845931062375614e-05
MCOLN2,7.843291811984192e-05
DCLK1,7.834675021296467e-05
SLCO5A1,7.832862574601428e-05
PPP2R3B,7.832108032155209e-05
RIBC2,7.829663338907492e-05
DDN,7.825209333448132e-05
GFRA2,7.824156105290255e-05
CD151,7.820863864754387e-05
KIAA0020,7.819657271807337e-05
CDK19,7.816155194767731e-05
PLEKHA7,7.813574247569944e-05
KCNN2,7.811259497594567e-05
APLP2,7.810809576480527e-05
NCR3,7.808810434405293e-05
IMPDH1,7.808569354211233e-05
ANGPT4,7.80680936902563e-05
TWIST2,7.806526442390998e-05
GSTZ1,7.806255882414906e-05
LRRN3,7.805537639443274e-05
HCN1,7.805518913758864e-05
MS4A6A,7.804101922581359e-05
UTP14C,7.79803913524196e-05
DNAH3,7.796831071234071e-05
CYTH2,7.795308892238872e-05
SV2B,7.79524329678227e-05
LOXHD1,7.793399586873454e-05
TRIM66,7.791792547227747e-05
ZCWPW2,7.791792547227747e-05
HSPB7,7.787400719522119e-05
CIITA,7.786234478914462e-05
RHOJ,7.77927228449047e-05
AMY1A,7.778089712816458e-05
CLDN14,7.774608674264159e-05
CD207,7.765100187181278e-05
ABHD11,7.764671229445471e-05
RGS7BP,7.76260429836426e-05
ATP6V1G2,7.762217298997706e-05
MTCP1,7.762105240005169e-05
TCL1B,7.762105240005169e-05
S100A4,7.761381236310662e-05
SLC46A3,7.754683103596713e-05
SASS6,7.754368294237607e-05
KLK7,7.7543097610261e-05
IL1RN,7.753447222791883e-05
SYNGR4,7.753177014252266e-05
RHOD,7.752156213473991e-05
CTSF,7.748958408015387e-05
CCL18,7.748632806955812e-05
PPCDC,7.746372654182548e-05
ATP6V1C1,7.746198299688228e-05
SKA2,7.743511761559265e-05
CBLC,7.741961706412301e-05
MGMT,7.740883343407672e-05
CREB3L3,7.740561141110634e-05
CFB,7.740198097397165e-05
TRIM17,7.74005370982603e-05
AMMECR1,7.73772743185294e-05
PLA2G4C,7.73630320420051e-05
NFIX,7.735466491356314e-05
NFIB,7.735466491356314e-05
FA2H,7.734856832986439e-05
ETV5,7.734697330576956e-05
PLEKHG5,7.733286870832237e-05
COBLL1,7.732863973890186e-05
CDC42EP5,7.730984144839543e-05
CHN1,7.725303951127485e-05
MYLK2,7.724568214948566e-05
CR2,7.723539675544657e-05
PDIA6,7.722102950936359e-05
OPLAH,7.721260010354775e-05
TIMM13,7.720227013245675e-05
BEST4,7.720214600538352e-05
ARHGDIG,7.720084422562556e-05
PPAT,7.718472754987535e-05
FGF18,7.715139617233815e-05
ETFB,7.713565739571303e-05
TCEAL1,7.71157748564879e-05
ZIC4,7.711515273504298e-05
CFL2,7.710799684408564e-05
OLR1,7.709837680255698e-05
BDKRB1,7.708057878739667e-05
ERRFI1,7.707054213687832e-05
ABO,7.707006790369404e-05
GPR162,7.704180172390243e-05
ZNF593,7.704137388333886e-05
ASAH2,7.701931870574156e-05
TXNL4A,7.698862246795609e-05
ODAM,7.69812355256828e-05
FCGRT,7.698043091343543e-05
SLITRK5,7.69194164039774e-05
SLC46A2,7.69043077327261e-05
TULP1,7.68950333694125e-05
NKPD1,7.67908009237937e-05
CNTN4,7.678650811528664e-05
SPATA6,7.675696536555827e-05
EXOSC5,7.673359879810286e-05
PNKD,7.671410594500098e-05
OLFM2,7.671318241009771e-05
PM20D1,7.671020261089325e-05
MYPN,7.669103242976005e-05
XPNPEP2,7.668456542116411e-05
NFKBIB,7.666434154203052e-05
RAB40B,7.66470405065312e-05
FOLR1,7.664235568530071e-05
INTS4,7.662730317977135e-05
IL20RA,7.661200820556128e-05
WDR62,7.660215700832666e-05
LGALS7,7.66012617879501e-05
LGALS7B,7.66012617879501e-05
FOLR2,7.659154918440657e-05
NCAPD3,7.65871754706325e-05
RAB3C,7.657970838940135e-05
RASGRP2,7.654625865696288e-05
TSPAN7,7.654468214440763e-05
ATP2C2,7.653877384238034e-05
TMC2,7.649164376011558e-05
TMED3,7.648825410623724e-05
HTRA4,7.644367578053406e-05
DAPP1,7.6424804797185e-05
SLC22A11,7.640935212221524e-05
WDR27,7.63833046863178e-05
RUSC1,7.635305225430026e-05
ASPSCR1,7.632187421800473e-05
HS6ST1,7.631965050980261e-05
FAM91A1,7.630746061373002e-05
PEX7,7.630719632258067e-05
SAT1,7.629604116075565e-05
TEAD2,7.629077995348946e-05
DPP10,7.628751566888824e-05
FBXO43,7.62708277208061e-05
C11orf49,7.625199061886112e-05
PPP2R3A,7.621289149392409e-05
G0S2,7.616195247265789e-05
NUDT6,7.61589155375862e-05
PLLP,7.609120336209978e-05
TLR5,7.608697014815889e-05
TBC1D4,7.607738533451055e-05
DDIT4L,7.606953247920814e-05
LTC4S,7.606231192301928e-05
CHRM3,7.606087563648178e-05
EPC1,7.604936508768895e-05
STEAP3,7.602230267550079e-05
GJA3,7.602209869098251e-05
ERP27,7.598062822189611e-05
SULF1,7.596873714813595e-05
BBS12,7.596582247323171e-05
ABCA2,7.595345952942623e-05
CALML6,7.593585806769619e-05
SPAG1,7.592239147750991e-05
SETD7,7.589947334180179e-05
CAPN2,7.589101727645642e-05
ASB15,7.583987499894127e-05
CFLAR,7.583177564639875e-05
AQP8,7.577694094573217e-05
DRP2,7.576337807505795e-05
WDFY4,7.574265261768711e-05
SVIL,7.574244171481347e-05
PTHLH,7.573931720894147e-05
PRPS2,7.573460872143395e-05
IL9R,7.571572300086705e-05
ASMT,7.570323643966333e-05
DDX43,7.569992031392726e-05
CTSE,7.56673124108931e-05
KCTD13,7.564995930006834e-05
CAB39L,7.563794951788527e-05
P2RY14,7.562392850830876e-05
CALCRL,7.56198491212109e-05
FGFR1OP,7.560146780229611e-05
STEAP1,7.56001347771352e-05
SHISA6,7.559399446048891e-05
NAB1,7.558721340656294e-05
NAALAD2,7.5581742692033e-05
LIPG,7.55669793814133e-05
FAT2,7.556147742174843e-05
ZFC3H1,7.555303230078887e-05
TSPAN33,7.55361637009684e-05
NFKBIE,7.552968683973445e-05
SARM1,7.551777227699339e-05
APOF,7.550732955306831e-05
PPAPDC3,7.550154380979037e-05
CD226,7.549405086678858e-05
TSPAN12,7.54709033034963e-05
ETNK2,7.535865099683677e-05
MFSD6L,7.534275462902367e-05
RAB6B,7.533239590307943e-05
FAP,7.533043885146228e-05
KRT77,7.530245111852104e-05
FTL,7.525366924671159e-05
KLF1,7.524146833717746e-05
MMP10,7.522566318060779e-05
GEM,7.513881846827252e-05
NOXA1,7.513250355822109e-05
KLRC2,7.511658706898489e-05
DOCK3,7.511185630891437e-05
GCNT2,7.510855683944273e-05
SUSD1,7.508792417575216e-05
IQSEC3,7.506815493768438e-05
LOXL2,7.503067584099321e-05
AACS,7.50279422189535e-05
CHRFAM7A,7.50159569360161e-05
SLC16A4,7.500573336221845e-05
CLPB,7.498317478546789e-05
CLDN19,7.493159845843524e-05
TIMM17B,7.491316062511769e-05
GPR12,7.491037022509507e-05
MAFB,7.489645993976528e-05
KCNH4,7.488703668608728e-05
TAF1C,7.488194143719554e-05
SYT7,7.48816645554403e-05
ARID4A,7.487600876267362e-05
CDYL2,7.485767041331104e-05
SLAMF1,7.483924643896574e-05
DGKG,7.481563196511717e-05
SPATA9,7.47885673860717e-05
IDI2,7.476577043551169e-05
TAF1D,7.47548961680007e-05
S100A12,7.474291064485374e-05
MCOLN3,7.473472788597534e-05
MYSM1,7.472872492111555e-05
TPPP,7.469259429787888e-05
LRP4,7.468428173680846e-05
FAM171B,7.468306193578037e-05
RHOF,7.468021921801967e-05
ESRRB,7.467657229023857e-05
SELO,7.465373236142638e-05
TAF2,7.465130598273757e-05
CLIP3,7.465048498491499e-05
AP1S3,7.464673109193472e-05
KLF2,7.463436995662606e-05
TUBB8,7.461822723048429e-05
MGP,7.46059799918121e-05
EHBP1,7.458075721746335e-05
PSMG1,7.456187188823931e-05
KCNG3,7.452641121401206e-05
TCEAL7,7.451321836841152e-05
ULBP2,7.450997623844092e-05
DUOXA1,7.449404188727843e-05
PLEKHA8,7.449117677766198e-05
GGH,7.445108975239666e-05
USH1G,7.444923119820975e-05
B4GALNT2,7.441420292996273e-05
TRAPPC6A,7.437525597271708e-05
SUN2,7.436538065667419e-05
SEMA3G,7.435368929888213e-05
PTDSS2,7.435139460932398e-05
ATP1A4,7.43505612118337e-05
ELK4,7.4315217866675e-05
EXOC2,7.43063704900884e-05
B4GALNT4,7.430558081485303e-05
BMP8A,7.429693406412255e-05
PRDM6,7.42746697583999e-05
ARHGAP39,7.426946246306685e-05
NANS,7.426909904064322e-05
ZNF521,7.423220388061102e-05
NDST1,7.421745149128367e-05
CLEC4M,7.421312219113224e-05
PVR,7.42048852034622e-05
CCL8,7.419888922995609e-05
COX8A,7.418384720218324e-05
CABLES1,7.418136201038489e-05
GFRA3,7.41674337136045e-05
ACOT11,7.41628598659792e-05
DPF1,7.413254587805286e-05
ALX3,7.41273275619858e-05
ULBP1,7.409891417037656e-05
ZNF677,7.409396542888108e-05
SGK3,7.408355893889171e-05
NDP,7.40629671018659e-05
KIR2DL3,7.401913529016917e-05
EFHC2,7.40075101002715e-05
ATP2B3,7.400576852486149e-05
PAPPA,7.400118712614781e-05
STK38L,7.393361753189442e-05
FOXC2,7.392607880738435e-05
MAPK8IP3,7.392139007333577e-05
GPR157,7.391174498316707e-05
BDKRB2,7.390174440461841e-05
PRSS50,7.389869893375328e-05
SORBS3,7.388038496358522e-05
FLRT2,7.38766169291007e-05
DYNLRB1,7.387031102003127e-05
ABCB9,7.381971811596252e-05
FBXW5,7.379274067102708e-05
NME5,7.377979149485972e-05
LILRB4,7.37705773242826e-05
ATP6V1C2,7.37610201559172e-05
ETV4,7.373745113630392e-05
GCAT,7.37156397903601e-05
PNMT,7.369868004516398e-05
BCOR,7.366342292317013e-05
KSR2,7.36565143622291e-05
NOVA1,7.36238306925874e-05
SMPD3,7.361993148671272e-05
ACSS3,7.361681485411407e-05
KLK8,7.360919151728235e-05
DSE,7.36020703857991e-05
ASCL2,7.358932166695025e-05
ICOS,7.35853277320522e-05
CYSLTR2,7.356892521459131e-05
FKBP10,7.3567750313107e-05
GTF2IRD1,7.356769839923904e-05
LGI4,7.354559768548e-05
PLOD3,7.354317616365565e-05
RNF24,7.35114555305252e-05
PVRL4,7.350464227596103e-05
TUBG1,7.350300875485706e-05
PLA2G3,7.34914141212044e-05
CCL25,7.348496897883424e-05
ALDH16A1,7.3483776939193e-05
TOR1AIP2,7.343863124037673e-05
ASL,7.343356238599818e-05
SYCP2,7.34309195774236e-05
RRP7A,7.340740227239356e-05
PTGER3,7.339122111959493e-05
SGSM1,7.334215664612208e-05
SLC2A10,7.332933933275686e-05
LIX1L,7.329295125901037e-05
COL9A1,7.329056048138595e-05
NUDT1,7.328985010579642e-05
ELAVL4,7.327354098669392e-05
SPDEF,7.327033534890566e-05
STRN3,7.326283994221378e-05
LONRF1,7.325889536702192e-05
MARCH6,7.324622750772015e-05
SYNPO2L,7.323444451650093e-05
CD300LG,7.322672612168296e-05
CSRP1,7.321366314474008e-05
STBD1,7.319749136793784e-05
SEC11C,7.318629141959423e-05
IGDCC3,7.317011385380809e-05
S100A11,7.316792584781591e-05
IL17B,7.315262437512679e-05
PPP1R1B,7.314598278894172e-05
CELSR3,7.311125172183755e-05
ERGIC1,7.310290901258023e-05
OR2W3,7.310134898616403e-05
TAP1,7.307894977675081e-05
CD300LF,7.307479456407752e-05
PTPN5,7.307200257581731e-05
METTL1,7.307157144245079e-05
MYOF,7.306783262195953e-05
SH3RF2,7.306544828033885e-05
RECK,7.30428158797698e-05
OTOS,7.303884466615535e-05
SPAG8,7.303572872964062e-05
GPR97,7.299734228653851e-05
GLDN,7.298219457835428e-05
CYP4F2,7.293074807880982e-05
TMPRSS4,7.29228106490592e-05
CD200R1,7.29147270851908e-05
CLDN4,7.29052805534756e-05
HAPLN4,7.288874746620304e-05
BACH2,7.285947621464469e-05
ABLIM3,7.285760475918451e-05
ISM2,7.284155046236051e-05
SLC4A5,7.28127273042339e-05
BCL3,7.280648067449057e-05
TUB,7.278180041320236e-05
TRIO,7.273704302613149e-05
LGALS9,7.273603380379954e-05
LRCH1,7.273503484570555e-05
OBSCN,7.271244808455213e-05
CRB2,7.267185810060409e-05
PTPRM,7.265888074743068e-05
TFPT,7.261147051135605e-05
ZNF396,7.255241602336579e-05
INPP5F,7.255118367652121e-05
CCDC60,7.252308972932522e-05
VPS37B,7.24921904956076e-05
ASAH1,7.248086826195856e-05
ING1,7.242423689634679e-05
RABEP1,7.240916909482991e-05
MYO5B,7.237675190700129e-05
FRMD6,7.237637205000879e-05
VOPP1,7.237375103903872e-05
GZMA,7.233907987820637e-05
GPR84,7.233844415329598e-05
LRRC48,7.233647777355187e-05
STAC,7.232551364029226e-05
TRIM9,7.230476111883303e-05
CYP39A1,7.229963042906429e-05
KCNF1,7.227373870012458e-05
MTMR8,7.227115090526688e-05
CCDC73,7.22358900776228e-05
IFT27,7.222310970336322e-05
COL21A1,7.22130958179834e-05
C1orf27,7.219921641839276e-05
KCNJ3,7.219139263350209e-05
CPPED1,7.219123007289598e-05
BRSK2,7.218561400975683e-05
SLC5A8,7.218419787233207e-05
CBLN1,7.212385678657965e-05
GPR55,7.211781278780005e-05
GNRHR,7.210372078716152e-05
FAM189A2,7.208504051684159e-05
SNF8,7.206889781025255e-05
CD276,7.205203620393294e-05
COMTD1,7.196917727098567e-05
CPT1C,7.19560197333807e-05
FAM134B,7.19233744644671e-05
RRP1,7.19164199713403e-05
KIAA1524,7.186401471039472e-05
ABCB6,7.185372342261117e-05
MYO3B,7.185357484525698e-05
SEPT12,7.184591291003237e-05
APBA2,7.179036680502678e-05
RGS13,7.178138923229542e-05
INSC,7.177356603609384e-05
SEC61A2,7.173570467991535e-05
ZFHX3,7.173386037952453e-05
TMEM55A,7.170920923371614e-05
PKD1,7.170072578584595e-05
HBG2,7.169238091042154e-05
MICAL2,7.168888198095934e-05
HAAO,7.167298179068891e-05
CUBN,7.166088245016096e-05
RAB11FIP2,7.162007417881767e-05
MNX1,7.160824544316899e-05
GBP1,7.159346385527403e-05
MEPE,7.154945189131522e-05
DNAH14,7.151490525405652e-05
KCNJ16,7.15069968139993e-05
GPR137C,7.149475912226246e-05
TNFSF10,7.136752821900916e-05
DNAJC18,7.135944366024502e-05
LRFN2,7.135236587744255e-05
SNCAIP,7.133868036050731e-05
MMRN2,7.132470141967024e-05
OTOR,7.132221025952112e-05
NEFH,7.128129156767671e-05
P2RY6,7.127547880161885e-05
ZNF763,7.127125543870657e-05
SLPI,7.121380249777836e-05
FCN2,7.119569360095816e-05
LRRC61,7.118006705231351e-05
JPH3,7.117881748945336e-05
CLIC2,7.114872391244404e-05
PODXL2,7.113849999482898e-05
EDA2R,7.113813065788995e-05
CLEC7A,7.11377411366674e-05
NXPH3,7.109890879206011e-05
RBP2,7.10933471028101e-05
DACH2,7.108697427616115e-05
SYNGR3,7.105422765484483e-05
DGKE,7.102268389138265e-05
DCHS2,7.100689967931789e-05
DCHS1,7.100689967931789e-05
SLC1A4,7.100253256079319e-05
SERPINB5,7.099962517735777e-05
SLC5A9,7.099463230259707e-05
THRSP,7.099335722134943e-05
ACER2,7.099159769556383e-05
PCYT2,7.098387130806507e-05
LTBP3,7.098316225561465e-05
PEBP4,7.098198889745741e-05
SPAG4,7.097187316197242e-05
PEX16,7.094868982665057e-05
COLQ,7.094579885916215e-05
GPR35,7.091710506481671e-05
VSX2,7.088912475921308e-05
PPM1D,7.087089641737995e-05
TLR1,7.085304987451697e-05
CDHR5,7.080639427302418e-05
ARHGAP31,7.073634775191739e-05
CST1,7.072992406929833e-05
SH3GL3,7.071225077324521e-05
PITX2,7.0706651239173e-05
ASPRV1,7.068056589179305e-05
KANK3,7.068049398463082e-05
MSLN,7.067942322965139e-05
ACAD11,7.06690641825039e-05
HS3ST5,7.064331955732556e-05
NLRP5,7.056064265188359e-05
IQGAP2,7.051939983570723e-05
FPR3,7.050844987289073e-05
LOXL1,7.050530517411343e-05
FLT3LG,7.048257080872808e-05
SLC47A2,7.048178130705745e-05
TTC26,7.046332577873027e-05
CALB1,7.045131363648494e-05
PPM1F,7.043507270646388e-05
ANGPTL1,7.042762052202877e-05
CGB7,7.042287470709514e-05
DMRTA1,7.042037701412213e-05
TTC30A,7.04043484385806e-05
NPR3,7.04034355785354e-05
BRMS1,7.039435180527436e-05
PCYT1B,7.039432641831495e-05
THBS4,7.038290478506637e-05
UGT3A2,7.036848230686091e-05
CLRN3,7.035078210475396e-05
UTS2,7.032508779694868e-05
GPR34,7.03042303129421e-05
CLDN8,7.030305871289709e-05
TNFRSF10D,7.028806305683712e-05
HOXD13,7.028490518217658e-05
SLC6A14,7.024829411025967e-05
NR2F1,7.024380896488739e-05
MACROD1,7.024216914754398e-05
IL11RA,7.023476311377615e-05
TSPYL2,7.023375687016438e-05
ABHD1,7.021049591219113e-05
TGM5,7.019332600996974e-05
PHF10,7.019198696078352e-05
CGNL1,7.018152025415836e-05
FATE1,7.017009542919619e-05
PSCA,7.016219570248088e-05
NOSTRIN,7.015595973656433e-05
PLS3,7.012481847957815e-05
MBNL1,7.010509516417435e-05
CORO1A,7.003093392472513e-05
KIAA1377,7.002302362573246e-05
MKRN3,7.002001390840428e-05
SLC7A8,7.001894712913785e-05
CLDN10,7.001398697763398e-05
RPP21,7.00077122422893e-05
SH3PXD2A,6.998158781735384e-05
GPR133,6.996305844745287e-05
CECR2,6.991233536073874e-05
FEZ1,6.984141399016712e-05
PHKB,6.983752598115624e-05
PLAC1,6.982986859983072e-05
TACC1,6.974776274594749e-05
HOXD11,6.9721221156047e-05
ZFP36,6.964921418463735e-05
PLCH2,6.963255177978697e-05
CSPP1,6.96302861654082e-05
BTLA,6.961016511435015e-05
RNF183,6.959962673216243e-05
SIK2,6.958713678049501e-05
TM6SF2,6.951753225403711e-05
ACR,6.951260735928169e-05
EGLN2,6.950705333905049e-05
PRCD,6.947512525875532e-05
C10orf11,6.945708256188945e-05
PDPR,6.945645921207876e-05
MAP9,6.936200120875502e-05
SGPP2,6.934283305552769e-05
RCSD1,6.932665109256683e-05
SLCO1C1,6.931607265870384e-05
MOBP,6.929891015383686e-05
GPM6B,6.925497848314389e-05
TMED7,6.920495833082917e-05
ICT1,6.919867488855364e-05
TAS2R4,6.919455918238658e-05
RCOR2,6.918648816040595e-05
N6AMT1,6.917439285945409e-05
CCR4,6.913734324921987e-05
SPRED2,6.907600857049422e-05
KLK14,6.906484382492193e-05
PIGT,6.90460210508817e-05
TAF1A,6.902343653081623e-05
COX7A2,6.901250502797613e-05
ANXA8,6.89898376083254e-05
TCTE3,6.897828023279171e-05
MYRIP,6.89613470571901e-05
SESN3,6.895465923449771e-05
AGAP2,6.893002328817759e-05
NPY5R,6.89280427089815e-05
CCDC80,6.89199447175095e-05
SAR1B,6.89177317270208e-05
GSG2,6.891579089808517e-05
HBE1,6.891255684412144e-05
SPTLC3,6.890480915456706e-05
SLIT1,6.890328002898653e-05
SLC19A3,6.887820019667604e-05
HOXC11,6.887323348563477e-05
GATA5,6.886640886296906e-05
PTCHD1,6.88077229218402e-05
TIGD3,6.878792501114306e-05
CPA3,6.878230169621871e-05
GP2,6.874301195122835e-05
PLXDC2,6.874119848085218e-05
NTSR1,6.872712107042514e-05
COX6A1,6.871857453010116e-05
CDC42EP3,6.870803784072733e-05
NFIL3,6.87059567294897e-05
SKAP2,6.868729338409659e-05
CKMT2,6.868321133103754e-05
PALM,6.86730396102433e-05
ESAM,6.86399625662992e-05
RAI2,6.861682060029467e-05
NOV,6.861221881700609e-05
CD160,6.857168703945098e-05
TLR8,6.850873722159021e-05
CSN1S1,6.850434978070976e-05
WFS1,6.847121347189094e-05
PLS1,6.844360620847027e-05
CDKN2C,6.842042757042225e-05
TUBG2,6.84164953813616e-05
SLC16A7,6.840471730447828e-05
KCNS2,6.840030230354194e-05
MYO5C,6.839869377528146e-05
SEMA3E,6.839852404292252e-05
BANK1,6.838963610905845e-05
CHCHD6,6.838526781910316e-05
EBP,6.836877845893671e-05
FBXL3,6.836473483036202e-05
MAGED4B,6.834382927051834e-05
PKHD1,6.831422054109748e-05
PMAIP1,6.831093984764058e-05
KCNMB3,6.830026259053487e-05
NFAT5,6.830018089325213e-05
AVPR1A,6.828360161853934e-05
TOX3,6.826677920396455e-05
PCSK1N,6.825128458135098e-05
LRRTM1,6.824006956432548e-05
ASXL3,6.822218995080305e-05
BATF3,6.818014496762391e-05
CTSA,6.81520226115672e-05
MPP2,6.813170201328797e-05
SPARCL1,6.812773397378815e-05
MSX2,6.810784278624118e-05
MAFG,6.808908600112711e-05
VENTX,6.808845978430067e-05
DOK5,6.808526009213705e-05
TCN1,6.808470680515574e-05
FMO5,6.808379027430778e-05
DGKA,6.808367413885346e-05
FSTL3,6.807014535222276e-05
HEPACAM2,6.80683965934766e-05
ERMP1,6.803077477423843e-05
NXT2,6.802733155630887e-05
FAM172A,6.80049634832291e-05
RAB3D,6.799272541858852e-05
PLEKHM3,6.798394577759435e-05
HSF4,6.797921532787999e-05
DOC2A,6.797450470566386e-05
KCNK10,6.797265149883109e-05
GALNT13,6.796921875641774e-05
COL22A1,6.796257415438751e-05
LIPI,6.795891247446773e-05
SH3BP5,6.794852673948438e-05
CNGA2,6.793448399980496e-05
CYFIP2,6.792791707772511e-05
RHOH,6.791991777396765e-05
DPF3,6.78689719696292e-05
ABCB8,6.783898971391871e-05
TMEM98,6.78030097580676e-05
CCBE1,6.77690718793908e-05
OAT,6.77642136519586e-05
DMRT1,6.775007886444218e-05
CSNK1G2,6.768927613553139e-05
BAALC,6.763752039651854e-05
ZMAT5,6.763493712175518e-05
SNX16,6.76104343580069e-05
OXCT2,6.759206417683321e-05
CPA2,6.755217415434723e-05
ZFP37,6.751480731673544e-05
AQPEP,6.749252617353435e-05
BEST3,6.74904466320898e-05
FAM19A3,6.744201235668474e-05
POU3F3,6.738971790562546e-05
KIRREL3,6.738634016348215e-05
ANKRD1,6.737261764172015e-05
CRABP1,6.737169856301733e-05
SOX6,6.736858450659628e-05
LRRC26,6.735556763136034e-05
NDUFB2,6.735001968582877e-05
NLK,6.724672402145718e-05
FRY,6.724601258723868e-05
PGD,6.723473076637538e-05
MYT1,6.721360874444813e-05
TENC1,6.719418068244299e-05
MYOZ3,6.716231888542838e-05
PPM1K,6.714506925250265e-05
AZU1,6.713067101208112e-05
ACVRL1,6.71074826990121e-05
RPP40,6.707030409517503e-05
MPPED1,6.706542662297891e-05
CMTM3,6.70605799552785e-05
ZSCAN18,6.705316130491392e-05
SGPP1,6.70141928712845e-05
KCTD17,6.699761720982333e-05
GLRX2,6.69449031060199e-05
ACER1,6.694069030084118e-05
FGF20,6.693803544797224e-05
VGLL1,6.693154234464753e-05
PAQR4,6.6909000902739e-05
ATP6V0E2,6.690048146625714e-05
CD1A,6.688607469636165e-05
KLHL24,6.6859060443473e-05
CNNM1,6.684777666489302e-05
ENTPD4,6.684573052308358e-05
UTP23,6.682289959282428e-05
RGS10,6.679086887477358e-05
DPYS,6.676553309656807e-05
CCDC82,6.675665909782792e-05
UQCRHL,6.674866974780074e-05
PTAFR,6.674149514362704e-05
PAPLN,6.673730727334953e-05
TRDMT1,6.670381739733484e-05
MRPL48,6.665424409462082e-05
CCDC135,6.665301233089626e-05
ENTHD1,6.665151965366038e-05
SLC4A7,6.664104348430474e-05
DHRS11,6.664076470910291e-05
RP1L1,6.662837844806694e-05
KIF7,6.661602321433231e-05
C2CD2,6.660434123528577e-05
MTHFD1L,6.659950862089206e-05
SLC39A10,6.657530559906486e-05
CDH13,6.657313886761495e-05
SPESP1,6.65697242029569e-05
MAP4K1,6.655625617329437e-05
GDF15,6.653140363368709e-05
CSTB,6.651352210905015e-05
KCNE4,6.650467169750572e-05
HSD17B10,6.650118861955484e-05
KCNT2,6.649629488194294e-05
LHX1,6.646198533090649e-05
NPC1L1,6.645311946162098e-05
PAPPA2,6.644209059245954e-05
CCL28,6.6435426807414e-05
GPR75,6.641785857538325e-05
TAPBP,6.640900951870651e-05
CLDN18,6.640603676084606e-05
SEC23B,6.639426037982464e-05
UBE2QL1,6.633425996435986e-05
ETV1,6.632045044481338e-05
SPR,6.630241927762423e-05
SLC8A3,6.629443634583929e-05
LRRIQ1,6.62693283868514e-05
CDCP1,6.625875824810807e-05
DIXDC1,6.625205407795766e-05
AURKC,6.624892925134153e-05
BCAS1,6.624742921324473e-05
POP1,6.621578210638191e-05
POP7,6.621578210638191e-05
CAMK1,6.620340147330403e-05
H1FX,6.617785343123942e-05
VAT1L,6.616128339487757e-05
ARHGEF1,6.615867967369691e-05
JMJD7-PLA2G4B,6.615317811739476e-05
ANKMY2,6.612598575469913e-05
DQX1,6.61178782716665e-05
SAMD4A,6.609096002736025e-05
LILRB1,6.608663442977798e-05
EDN2,6.60718851075679e-05
DBNDD2,6.606565227410463e-05
UGDH,6.605725118497295e-05
CLDN1,6.604244893880093e-05
LIX1,6.601409237883179e-05
FGFBP1,6.600561855485453e-05
CFD,6.600145485153046e-05
OLFM1,6.600120942670134e-05
PRG4,6.599268441186274e-05
SARDH,6.599194871905289e-05
FBXO10,6.596804414785645e-05
KCNS3,6.596378405457245e-05
LRRCC1,6.594945608361626e-05
CLIC4,6.594567565388845e-05
CCDC85A,6.59199243886696e-05
ZNF154,6.590728863100043e-05
FKBP14,6.59004008407026e-05
CDC34,6.588696002757183e-05
MFRP,6.588308673120881e-05
AMHR2,6.58795645895945e-05
SMARCA1,6.587504426519711e-05
TTC7A,6.586486103875412e-05
CA3,6.586260183449362e-05
CLEC9A,6.585472638062588e-05
DARS2,6.584804792930741e-05
INMT,6.582142725716054e-05
RSPO4,6.577695152067337e-05
LMOD2,6.577250658532826e-05
EGLN1,6.574805732329415e-05
CHI3L1,6.57272457712788e-05
NFIC,6.569862546701323e-05
ESPNL,6.569549902068353e-05
SLC38A5,6.56782478464472e-05
IL22RA2,6.567245256470491e-05
HCFC2,6.566251389751154e-05
RIMKLA,6.565463618751776e-05
ANXA6,6.563278481521153e-05
CST7,6.562597788402316e-05
HOXA10,6.561956374534008e-05
ANO5,6.561878549108318e-05
SLC30A2,6.561088184952392e-05
AHCYL2,6.558970791339426e-05
SPRR2E,6.554176616417215e-05
SPRR2D,6.554176616417215e-05
TSPAN1,6.553094533135903e-05
SYTL4,6.553017262860543e-05
DDR1,6.552590649435806e-05
FOXC1,6.54974182746206e-05
PTGFRN,6.549229018939881e-05
KCNMB4,6.548422904279807e-05
MRGPRX3,6.548243824456415e-05
MAS1L,6.548243824456415e-05
MRGPRF,6.548243824456415e-05
FOXI2,6.545119503606593e-05
DHTKD1,6.543096302610536e-05
SEPT3,6.542993586074988e-05
UNC119B,6.542955424330318e-05
TLCD1,6.542947408020478e-05
PGBD1,6.541962847497004e-05
SIX4,6.540703172030032e-05
MT1M,6.540391499384885e-05
NAALADL1,6.538105671740691e-05
DBF4B,6.537490811443849e-05
HORMAD1,6.536827034562165e-05
SPTLC2,6.533722770494321e-05
TCEAL6,6.53301421483814e-05
MOG,6.532056657200469e-05
TFEB,6.531886620712373e-05
SEMA4G,6.528636779210895e-05
DPT,6.527200375283049e-05
PGM2L1,6.526396418694573e-05
CDK18,6.525408564765555e-05
SPHKAP,6.517750085784533e-05
NFE2,6.517186107230962e-05
INTU,6.517007605058144e-05
HOXC10,6.517002062097062e-05
CALCOCO1,6.515169795685602e-05
FGD4,6.51196868934452e-05
FMN2,6.508640613833145e-05
CCDC136,6.507793577937402e-05
COL25A1,6.506801141238767e-05
CD55,6.503422571323535e-05
DNASE1L2,6.502485222377607e-05
CELF2,6.501621729420089e-05
KIF19,6.501169336153218e-05
MGA,6.500180147285291e-05
PVRL1,6.500178978182423e-05
GPT2,6.499481057662409e-05
KIR3DL2,6.498751993319922e-05
SORL1,6.495091828846071e-05
TEX19,6.493558174904347e-05
C1QTNF9,6.493323503785182e-05
DENND2A,6.492738570650487e-05
DENND2C,6.492738570650487e-05
RFX6,6.492477586063857e-05
TSSK3,6.492289483882844e-05
CRYBA2,6.491905651665849e-05
ABCC9,6.482763207084141e-05
NSMCE1,6.482019145084235e-05
PDE6G,6.480795161713426e-05
CFHR1,6.480604256719676e-05
GRIK4,6.480461367525891e-05
HRC,6.47686009216697e-05
TMEM86B,6.475995670177993e-05
AKAP11,6.47458407104898e-05
MLLT6,6.473812684280803e-05
EIF2AK3,6.472369461540024e-05
LAPTM5,6.471695130463856e-05
LIN9,6.471652570960133e-05
FOXE1,6.469908353772079e-05
INSIG1,6.463218494093487e-05
DNAH17,6.461800369092865e-05
UBL4B,6.460419029971967e-05
DGKH,6.459705565072218e-05
ELOVL7,6.459205394854098e-05
B9D2,6.457623146722946e-05
RHBDD3,6.454873550720602e-05
SESN1,6.454191877595025e-05
RLN2,6.450289739173223e-05
DSG2,6.450280637563421e-05
CD1B,6.447437566027191e-05
KCNK7,6.447253452859851e-05
EFHC1,6.446976955644523e-05
GREB1,6.446303944845096e-05
LSP1,6.445813441020138e-05
BNIP3L,6.444164592957407e-05
ERLIN2,6.440769650277326e-05
ZDHHC14,6.436724791461737e-05
PRDX2,6.436681511886722e-05
LIMK2,6.436267484080392e-05
LHX4,6.434194138480747e-05
FIBCD1,6.432701617425823e-05
CCDC68,6.431937633836105e-05
PTBP2,6.430299730341115e-05
WISP1,6.429407827098432e-05
PLCH1,6.428704666215224e-05
ARMCX1,6.42792821070581e-05
CLEC6A,6.426917840696552e-05
TNKS,6.42675872986302e-05
MEX3D,6.425047880041707e-05
SSTR1,6.41888081891473e-05
PNOC,6.418785153656464e-05
HS3ST1,6.418657941457708e-05
ABCG1,6.417920187002633e-05
PIGQ,6.412440091828368e-05
CD99L2,6.412160614498358e-05
CDC20B,6.408612869991413e-05
FOXD3,6.405139729231878e-05
GPR146,6.403015633364348e-05
LGI2,6.401986435071975e-05
SULT1C4,6.396751641556609e-05
FCHO2,6.395972187483874e-05
CHSY3,6.393559619602541e-05
GLP2R,6.392348659517216e-05
BDH2,6.391296078241568e-05
BCL2L12,6.39042396141913e-05
FAH,6.390231827058445e-05
SORBS2,6.390166576403185e-05
TTC28,6.387999380297178e-05
SLC28A3,6.385799586682326e-05
MYADML2,6.383349983912674e-05
ACSF3,6.382411802008836e-05
WDR74,6.380706140128058e-05
SCUBE2,6.380062864016466e-05
PDE4DIP,6.379918350323357e-05
IGFBP6,6.375593253657138e-05
ZMYND19,6.373588983009866e-05
PRG2,6.371558211314605e-05
RNF168,6.369583590951426e-05
FLAD1,6.36735596562346e-05
RUNDC3B,6.367141052676335e-05
COL13A1,6.366649134774462e-05
LSR,6.36630294370338e-05
CLDN9,6.363410520127829e-05
ZC3H13,6.363333356525501e-05
EIF5A2,6.362756372649655e-05
TMEM151A,6.362407718007686e-05
FAM13A,6.360276441395925e-05
TAL2,6.3599303146518e-05
CHSY1,6.359495568916657e-05
DNAJB5,6.359176636709874e-05
TCEAL5,6.359130928450816e-05
KLK13,6.358283916897095e-05
SIRPG,6.353969673358977e-05
PNMAL2,6.353612271516393e-05
MBLAC2,6.353071678889187e-05
FGF16,6.351469334404398e-05
SYTL1,6.350625815064445e-05
CLIC3,6.349152077160896e-05
SGMS2,6.34897210770943e-05
RASGRP4,6.344943365632928e-05
FIG4,6.344719312478074e-05
DZIP1,6.343806497160264e-05
PLIN5,6.3434619758296e-05
EIF4E3,6.343441541841877e-05
TMEM206,6.340903418657892e-05
NXNL1,6.338434385344183e-05
SYBU,6.336279800915586e-05
NHLH2,6.3299570857396e-05
FCHO1,6.327768040607173e-05
TAGLN3,6.327321505027831e-05
ARSA,6.327102564020175e-05
SULT1A2,6.323148182219845e-05
GPR88,6.321768204285202e-05
TRHDE,6.317780844615683e-05
ZFP2,6.317764353227815e-05
IL17RB,6.315520335746149e-05
KIDINS220,6.31475245239009e-05
MYO18A,6.311026411653954e-05
KCNK4,6.308467731851948e-05
LCN12,6.30805945173969e-05
MYO9A,6.307597994852019e-05
NUDT22,6.307198714259013e-05
RGS9BP,6.30673986221704e-05
ENPP6,6.304705090730336e-05
F2RL3,6.302228216181818e-05
ZDHHC15,6.300377026920858e-05
HERC6,6.29797517285893e-05
NEURL1B,6.294668830662237e-05
CHST15,6.294069244563053e-05
CTHRC1,6.293512468948497e-05
TSPO,6.290442720166065e-05
GFPT1,6.289505594452946e-05
CLEC5A,6.289059706408665e-05
SLC13A2,6.288304846116023e-05
SOAT1,6.286590721999993e-05
CARD10,6.284883840372902e-05
SULT4A1,6.279828547360166e-05
RRAD,6.279761095421371e-05
RSF1,6.277763529007367e-05
MMP8,6.276585245025786e-05
PALMD,6.271252895740607e-05
ARG2,6.270258928732229e-05
LILRB5,6.26974391233311e-05
PCK2,6.26814747239392e-05
CLN8,6.267452074349767e-05
CCDC137,6.265177422762031e-05
CGN,6.262341438255464e-05
PEX26,6.262140092595027e-05
ZIC2,6.261023648801976e-05
CD200,6.260171327235748e-05
DGKB,6.25977819647887e-05
ZBP1,6.258819564825352e-05
PHLDA1,6.254556758775249e-05
FAM58A,6.254030425430966e-05
SLC25A6,6.253428466145346e-05
ABI3,6.252075375972466e-05
LRMP,6.251066014363298e-05
CNTLN,6.249364883259141e-05
FOSL2,6.249183910414276e-05
CYP4F8,6.246867399807843e-05
EIF3L,6.246317896557388e-05
ZDHHC2,6.245087172064622e-05
KLHL25,6.244619396039151e-05
ENC1,6.244619396039151e-05
KLHL7,6.244619396039151e-05
FAR2,6.244037263830203e-05
IL1RL1,6.239835321558609e-05
NETO1,6.236477412167648e-05
BCAT1,6.232278039018824e-05
ECM1,6.232019944045706e-05
GNE,6.231380566987914e-05
GALM,6.230785292796094e-05
CYGB,6.22994146384227e-05
BMP3,6.228073533440629e-05
IL34,6.227427604966934e-05
TDRD5,6.224867078093268e-05
TTBK1,6.224618849224578e-05
PRDX4,6.220818549194732e-05
SLC7A4,6.220472770417699e-05
MRAP2,6.218586543532356e-05
MSI2,6.217353966958712e-05
MAP3K2,6.216980035005101e-05
PTPN3,6.213859352826857e-05
MS4A15,6.213668203630344e-05
TRAIP,6.21302981410866e-05
ZBTB41,6.211380322532158e-05
CLIP4,6.210263145931066e-05
LOXL3,6.205529150909565e-05
SYT8,6.204945080366279e-05
LTF,6.204428298846009e-05
VGLL3,6.204107287284655e-05
PDE7A,6.202666644129628e-05
GGTLC1,6.201562324923027e-05
ULK2,6.199313359628471e-05
ATP6AP1,6.198906716118208e-05
A1BG,6.197231071504959e-05
CDK3,6.196360743473743e-05
MIB1,6.191983516275007e-05
TRIM3,6.187685760049164e-05
TSPAN32,6.183043452379507e-05
CKB,6.182009276345724e-05
SCYL2,6.180164015558947e-05
RASIP1,6.179751210167902e-05
MAD1L1,6.1796351784956e-05
HSPB3,6.177403913322194e-05
C3AR1,6.176549069262778e-05
C2CD2L,6.175819891313332e-05
PLA2G2F,6.174314158388369e-05
CSE1L,6.173729327321407e-05
MGAT3,6.171696170015268e-05
SAT2,6.171278598823071e-05
SV2C,6.168723582747111e-05
TAF9B,6.167943033973604e-05
RFWD3,6.167068883967215e-05
POC1A,6.164794965275283e-05
PROM2,6.162121969040775e-05
GSPT2,6.161535991310501e-05
NXN,6.161385381333878e-05
APBB3,6.160914704224315e-05
PHKA1,6.159339913614879e-05
RPS6KA2,6.158442462140413e-05
RTN2,6.157454399642402e-05
MICA,6.156552716400883e-05
HOMER2,6.155833569753465e-05
EVL,6.153149411351012e-05
LIMS2,6.152063929661655e-05
NDRG2,6.150571689776195e-05
PTPRR,6.14292957886633e-05
SLC22A3,6.139714684447916e-05
RIMS4,6.135706667390353e-05
UNC93A,6.133963489423677e-05
CCDC64,6.128622685289256e-05
LRP12,6.127729667571773e-05
STAG3,6.127431527234509e-05
CARD9,6.126380407968841e-05
FAM180A,6.124877571837566e-05
VNN3,6.124252752443206e-05
FAT3,6.123469186595067e-05
GPM6A,6.123103941666188e-05
HSD17B13,6.122324052188253e-05
GALNT2,6.120097563338816e-05
GALNT8,6.120097563338816e-05
GALNT4,6.120097563338816e-05
FLVCR1,6.119917613596684e-05
CCDC113,6.118421815413198e-05
CEP97,6.117855735216688e-05
RIF1,6.117773434519223e-05
DOCK11,6.114505063146838e-05
SLC8A1,6.112529204531149e-05
GPCPD1,6.112355397819842e-05
CST2,6.111774248583507e-05
CABLES2,6.106715940426686e-05
MEGF8,6.104960971722588e-05
B9D1,6.104959589202453e-05
ARID5B,6.1032379911528724e-05
ABCC6,6.102518056820344e-05
TIMM44,6.1015504432520064e-05
CRISP3,6.1006831581588046e-05
KLF9,6.097351991223337e-05
ATXN1L,6.0952877719804574e-05
ACADVL,6.095286797687891e-05
PDK4,6.094336184699124e-05
IFITM5,6.0933447844269855e-05
MRVI1,6.092984531372681e-05
PAPSS2,6.0909239914181236e-05
ST6GALNAC4,6.090053147507295e-05
SP140,6.0891215099511116e-05
GDPD3,6.089006900795687e-05
COL23A1,6.088879727970247e-05
DECR1,6.087254481984556e-05
SOBP,6.085386632165155e-05
CAPSL,6.084730187693692e-05
SEPT11,6.083502372510566e-05
SEPT8,6.083502372510566e-05
SIAH2,6.0830599021162966e-05
TSC22D3,6.081648043119924e-05
NIPAL4,6.080694395883801e-05
HIST1H1D,6.080074771764178e-05
CSGALNACT1,6.076411352265597e-05
OPN1SW,6.07562391647747e-05
RFX2,6.0753006179420114e-05
RNF145,6.0735634675997725e-05
APBB1IP,6.072508673465325e-05
ZNF446,6.07101543729772e-05
CD248,6.0704299409532236e-05
PPP1R1A,6.0691107194312744e-05
P2RY4,6.0675503190078226e-05
TTBK2,6.064084710719098e-05
RNASE7,6.062467230208218e-05
HSPB6,6.058824839736369e-05
PROK1,6.057457343357636e-05
CLGN,6.054604126010293e-05
ACOT7,6.0526689802820823e-05
ALMS1,6.051250780241648e-05
IGSF1,6.049776470798861e-05
MPST,6.048114635468468e-05
ASB14,6.046255842478907e-05
CCDC61,6.043388487512688e-05
FNDC5,6.042327628967473e-05
HTR1B,6.0413450130815325e-05
GTF2H3,6.0388199104301716e-05
ABHD3,6.038225638280209e-05
LIMS3,6.037437329023728e-05
UBL5,6.034511323140991e-05
CEBPE,6.0342269050729544e-05
CEP152,6.03151988396569e-05
FERMT1,6.0308777521294655e-05
PTGER2,6.029541712747704e-05
LUZP2,6.029046681595707e-05
ARSH,6.027006350544247e-05
HTR1D,6.0244835524078135e-05
TAS2R5,6.0243726221497705e-05
EXOSC4,6.02271482487447e-05
PABPC5,6.022558820540409e-05
GOLGA4,6.022365563764659e-05
HYAL1,6.022180964904684e-05
MID2,6.0219147404238e-05
SUSD2,6.0216229712420303e-05
OPRD1,6.021479797770277e-05
ZNF516,6.0214057382694885e-05
TAF13,6.018803429345164e-05
PPP1R3C,6.0156793300105387e-05
SCUBE1,6.01334780227666e-05
TMEM45A,6.0088660229594233e-05
MAP3K13,6.007809677130556e-05
TNRC18,6.0075260927063644e-05
PPARGC1B,6.006910897501761e-05
ARHGAP25,6.004314518710793e-05
TRAK2,6.0009151783997e-05
KPNA5,5.997499372133228e-05
ACYP2,5.9910583681530375e-05
CYYR1,5.98782188271813e-05
SULT1A3,5.9864490819946536e-05
SHB,5.985292375665672e-05
MRAP,5.984550776564823e-05
ANGPTL3,5.983080499217721e-05
NXPH1,5.981964666799581e-05
THNSL2,5.9788523834189314e-05
PYDC1,5.9785838518221123e-05
SPEF1,5.978168543287752e-05
GPR143,5.977242170004587e-05
LGALS9C,5.9754511952984425e-05
LIMS1,5.974013809492436e-05
BBC3,5.973373851851047e-05
PRR5,5.9727658883445666e-05
CDH4,5.9716525724794395e-05
CCDC8,5.9713739246242877e-05
ITPKB,5.97133622320771e-05
ADARB2,5.9701789058642484e-05
ST8SIA5,5.969601833730732e-05
CELF3,5.967177423432526e-05
SRM,5.966573483400897e-05
CPEB3,5.966087019109295e-05
ANTXR2,5.964100796181554e-05
RSPRY1,5.959482287316099e-05
IGLON5,5.957258391526362e-05
FADS3,5.956943154290674e-05
BTN1A1,5.9565560226786995e-05
XIRP1,5.9535677808469174e-05
MAP7D3,5.9499069242468646e-05
NRBP2,5.949451405828613e-05
NENF,5.9472844841046584e-05
GABRQ,5.9414777038303334e-05
MFSD3,5.940792885942841e-05
STK33,5.940087788798747e-05
HEPH,5.939348439796934e-05
DENND5B,5.937018134446945e-05
USP13,5.933486940607756e-05
ERI2,5.9317157903781516e-05
WDR24,5.931298483878142e-05
SLC31A2,5.928564272757506e-05
SLC35B1,5.924022894150795e-05
TRPM2,5.922473688518045e-05
SALL1,5.921108787676468e-05
SLC39A6,5.917486280767337e-05
CPD,5.916714840444985e-05
ENTPD6,5.916487630373375e-05
HLTF,5.916440650738446e-05
DLX3,5.915913296380558e-05
HLA-DOB,5.91238696551258e-05
KREMEN1,5.911257579002882e-05
PCBD1,5.908809276924615e-05
SCHIP1,5.907607697389369e-05
IFI30,5.9073478277931455e-05
MAFK,5.906903938914796e-05
GAS7,5.9039317909884034e-05
FRMPD2,5.902412558170378e-05
HAUS8,5.9024121769531574e-05
HOXA2,5.901213182128236e-05
PPP1R3B,5.900538174112471e-05
PDE4C,5.898406169654863e-05
BSND,5.897178687122044e-05
TCTN1,5.896242704496718e-05
SLC29A1,5.892513380635633e-05
RGN,5.891703062336649e-05
HMGB2,5.8834650221799864e-05
EIF4E1B,5.881715163059137e-05
PRIMA1,5.8816598436518656e-05
GPRASP2,5.8814766913057226e-05
PHKG1,5.880474074615647e-05
KCNC3,5.87987622475377e-05
ARF5,5.879695906260303e-05
MAGI3,5.877622534378556e-05
ANGPTL2,5.876429507760611e-05
NXNL2,5.8741854639793694e-05
POLB,5.872422548811863e-05
PPAN,5.872418733427327e-05
B3GNTL1,5.871008150789397e-05
KLC3,5.869788421177311e-05
FGFBP2,5.869417978473352e-05
CBR3,5.866226861991845e-05
RTKN,5.8661708123218055e-05
FKBPL,5.865192618137896e-05
S100P,5.86287033430792e-05
C12orf5,5.8628352743580705e-05
CYTL1,5.861135616611427e-05
TUBA3D,5.859656970296928e-05
S1PR2,5.858839970849875e-05
B3GNT1,5.8580120855048914e-05
KCNN1,5.857930629556159e-05
NR2E1,5.8539190628388674e-05
KLHL29,5.8534940935051844e-05
MCTP1,5.8525523492201254e-05
DDR2,5.85043194279669e-05
ERG,5.8504124005169124e-05
NPM2,5.850273474097714e-05
RPS6KA5,5.8496614812788825e-05
WIPI1,5.848823530417884e-05
TMEM147,5.8471985706410046e-05
EHD3,5.844619884387801e-05
UROC1,5.841209437310607e-05
L3MBTL4,5.8366294905348124e-05
PAICS,5.836521187735392e-05
CNTN3,5.835607409318613e-05
MIA2,5.8318745873936744e-05
MARCH4,5.831808912163044e-05
LARP6,5.8304003699092305e-05
FAM3B,5.824185947936168e-05
ELF3,5.821790237743765e-05
RIMKLB,5.8209869458925434e-05
ACOT1,5.81987056151721e-05
TMSB10,5.817736880062991e-05
TSHZ2,5.816104814710614e-05
MNDA,5.815106467697843e-05
DIRAS3,5.81416153263605e-05
SLC24A2,5.8134683361661965e-05
ZNF853,5.8117993348333005e-05
ATP7A,5.8110266068812725e-05
GALT,5.810689677107665e-05
NNT,5.8106013140177676e-05
MCC,5.8095383821332944e-05
CYTH3,5.8093424724191825e-05
HES4,5.8051414887695316e-05
P2RY1,5.803132617341836e-05
PPBP,5.802811151328951e-05
ARHGAP8,5.79584995638812e-05
PRR11,5.7942187781428775e-05
ZFYVE28,5.793872603961406e-05
NCLN,5.792619276565213e-05
CD83,5.7883464671561816e-05
ACPP,5.788331025543173e-05
SLC25A1,5.786879828510204e-05
RBM42,5.78678824482981e-05
IL5RA,5.7852764412030765e-05
ZBTB20,5.783791618014695e-05
ABCA7,5.782816743388934e-05
INHA,5.782121111696192e-05
ATCAY,5.781571917272744e-05
CSMD3,5.78122357418975e-05
RHBDF2,5.7790338430464894e-05
HCN3,5.776044628425016e-05
FAM184A,5.7759877343842196e-05
RBP5,5.774997120053496e-05
ATP6V1E2,5.7719476833505665e-05
HYLS1,5.7704484022906874e-05
MGAT5,5.769976576761575e-05
ASAP2,5.769900861994794e-05
TRMT1,5.7692731585631006e-05
SLC41A1,5.765374496954151e-05
TK2,5.7624737664245804e-05
CDHR2,5.762229453907152e-05
CCDC13,5.761295364253503e-05
TMEM63C,5.7607330815678486e-05
NTNG1,5.759874480148131e-05
HNF4G,5.758519333488136e-05
RTTN,5.7582594151222944e-05
CCDC74B,5.75763667457011e-05
CHD1,5.757293948712268e-05
SMCR8,5.751707346372229e-05
GBP5,5.747703878976878e-05
ABCA5,5.747330673473482e-05
NDUFB1,5.7471247777863235e-05
FBXL17,5.74514751226491e-05
RNF125,5.743181607881523e-05
IQCE,5.742979097062969e-05
GALNT12,5.739572185014113e-05
GALNT10,5.739572185014113e-05
GALNT5,5.739572185014113e-05
GALNT9,5.739572185014113e-05
GALNTL6,5.739572185014113e-05
AMY2A,5.739014560270893e-05
HOPX,5.7356706545044826e-05
CHCHD10,5.735602700195929e-05
CLIC6,5.7312317878469474e-05
NADSYN1,5.728253483590887e-05
GDF3,5.722499971507764e-05
RGP1,5.718450472873524e-05
FAM81A,5.717703356978631e-05
TRPM8,5.717059286959889e-05
HHIP,5.7154944990874474e-05
TRIM5,5.7141925186840944e-05
CORO1B,5.7140246711752656e-05
GBX2,5.711951456335498e-05
PSTPIP1,5.7102451907781964e-05
SYNGR2,5.708624293826613e-05
LPPR2,5.708520835099217e-05
UNC13C,5.707646646423541e-05
TNKS2,5.705397088339586e-05
STAC2,5.702774063669983e-05
A4GNT,5.7007424117434984e-05
TMEM17,5.700119839246937e-05
NNMT,5.6968545739227146e-05
PREX1,5.695504932830899e-05
CLSTN2,5.6954994370523e-05
SNX20,5.6947779245211755e-05
USP6,5.694584710447408e-05
ZFYVE9,5.693452342947866e-05
SLITRK4,5.693433069421643e-05
SLITRK6,5.693433069421643e-05
HCRTR2,5.691140039834209e-05
OXR1,5.691140039834209e-05
BCL7C,5.690489239296295e-05
USMG5,5.689866917339042e-05
MMP25,5.689342043869318e-05
MDS2,5.6871599783530965e-05
NAV1,5.6852028717837255e-05
LRRC1,5.684403254047012e-05
CASP5,5.680341184617478e-05
RNF213,5.679630258618955e-05
MYLK4,5.6781874313572425e-05
HES6,5.676593249609293e-05
TNFSF14,5.67627300332766e-05
CCL24,5.676185029292158e-05
AQP3,5.675094276505165e-05
ZFP36L2,5.673873666723608e-05
OOEP,5.672105508314183e-05
LRRN2,5.6696940093381634e-05
MRPL41,5.669460825748248e-05
KIF3C,5.667350905643601e-05
THEM4,5.6653455467423415e-05
UCP2,5.663507394281018e-05
ZC3H12C,5.663284434427121e-05
HRASLS5,5.6630165250987195e-05
CAPN11,5.6596632433272186e-05
CAPN13,5.6596632433272186e-05
CAPN6,5.6596632433272186e-05
C1QL4,5.658086922282661e-05
SMOC1,5.6563318905044184e-05
AFAP1L2,5.6562043723769835e-05
BEND3,5.655048246741435e-05
STRA8,5.654415821287639e-05
MTRR,5.6525209130128964e-05
CHI3L2,5.652493169327397e-05
HLA-DMA,5.651214374881415e-05
PFN2,5.650321642029173e-05
SBK1,5.6502755174648274e-05
LIN37,5.648626399243578e-05
PKN3,5.647768275913521e-05
DOC2B,5.647396693281898e-05
EXD1,5.646750695201109e-05
TRIM2,5.64610078416069e-05
WDR18,5.644804681238322e-05
RBKS,5.64320794984674e-05
P2RY8,5.641082518766266e-05
CSTL1,5.638318993936583e-05
AP3M2,5.6374870527989727e-05
PIGL,5.635666765922394e-05
IL13RA1,5.633550807591613e-05
GFPT2,5.6323284989241376e-05
CLCN4,5.629874657366966e-05
HSH2D,5.628729113415156e-05
CADPS,5.62827906145234e-05
GLYATL1,5.627796042769335e-05
ERC2,5.6255314545104985e-05
TMEM97,5.625434016272858e-05
TNFRSF21,5.625415966116085e-05
ITPKC,5.62424396495034e-05
CERK,5.624236025367465e-05
EGR4,5.623914545248793e-05
WISP2,5.62299694786718e-05
MDFIC,5.620766862420259e-05
AIFM3,5.618048203097638e-05
VTCN1,5.6172473594291215e-05
GCKR,5.6168700405753586e-05
IGFBP5,5.615580783867324e-05
JMJD4,5.613775891361737e-05
TAOK1,5.612652633782848e-05
ZNF467,5.6116724200474874e-05
SLC13A5,5.611402889541779e-05
AMDHD1,5.609679049662629e-05
PXMP4,5.6094588139041025e-05
SSBP4,5.608243182664307e-05
SPNS2,5.606707689417755e-05
ATP10A,5.6057632103917184e-05
MFI2,5.605359462912502e-05
CHST10,5.6051423581951445e-05
ANKRD35,5.604542913370738e-05
DEFB132,5.6042557598490346e-05
GDAP1L1,5.603844830154079e-05
ZHX2,5.60179570991209e-05
KATNAL1,5.6003867277914645e-05
ANKRA2,5.600371182994816e-05
THTPA,5.598660298263886e-05
KIF24,5.596320414544345e-05
TMEM63B,5.5963117446974854e-05
CDR1,5.5959570263695705e-05
TMEM117,5.594685202675825e-05
CCNG2,5.593022499851076e-05
MARCKSL1,5.591923227211027e-05
CCL23,5.587776260296433e-05
KLRF1,5.586445740633109e-05
FAM135A,5.584426668539566e-05
GAL3ST2,5.581844382271355e-05
ABHD6,5.5806125516202955e-05
HAUS6,5.580165061079838e-05
CMTM5,5.5776505011583756e-05
CST9,5.577622811825744e-05
SNRNP35,5.576769481964167e-05
SLC25A22,5.576135370243787e-05
SOCS6,5.574508680110815e-05
DOCK7,5.57411080677884e-05
CXCL16,5.571953803157579e-05
FGF14,5.5675905724759324e-05
RPS6KA6,5.5657798391852534e-05
INS-IGF2,5.5652423575955616e-05
CCDC146,5.564571934319475e-05
CELSR1,5.563809698371573e-05
MYO18B,5.5629571751283856e-05
GYPE,5.5629438823895263e-05
ENPP2,5.561121016833711e-05
TFCP2L1,5.558955812843138e-05
KCNH6,5.5536820361242985e-05
ADRA2B,5.55293908779364e-05
UTS2R,5.551710075231115e-05
RASGRP1,5.549521850241871e-05
LEFTY1,5.547628874784489e-05
PTPLAD1,5.547111960098524e-05
USP53,5.545758476817465e-05
ETHE1,5.544382920775972e-05
C11orf21,5.542806142529508e-05
TNFRSF25,5.5400235210530514e-05
PRPH,5.5388878499140355e-05
PRR19,5.538368744982707e-05
CD1E,5.537974752720371e-05
MAL2,5.53517172744118e-05
CITED4,5.534734818192149e-05
COL28A1,5.532507557046173e-05
FCRL4,5.531301814541329e-05
PDK2,5.529647775871434e-05
LRRC45,5.528386179536767e-05
MST4,5.527509942875895e-05
MAP3K15,5.5267785287021294e-05
HOXA4,5.525558258923159e-05
AP4S1,5.5253070506454e-05
SOX8,5.5248275923108645e-05
PNKP,5.524475965739044e-05
PTRH2,5.5239314478874315e-05
SLAMF6,5.523789868332047e-05
CD93,5.522519457067809e-05
RPA4,5.520985798102311e-05
NAT14,5.5205525443429554e-05
SEL1L2,5.519233933078563e-05
HIC1,5.5186046356518365e-05
SERPINB6,5.516129321603014e-05
SVOP,5.515677497296789e-05
ZBBX,5.513875834526261e-05
NRSN2,5.513875834526261e-05
S1PR3,5.5124321820251155e-05
ALOXE3,5.5114991286499704e-05
ZNF300,5.510621317515226e-05
INPP5J,5.508161692785466e-05
PDX1,5.5078230291443836e-05
IGSF9B,5.5061166747150986e-05
GPNMB,5.504682547349461e-05
SOX3,5.503252468702941e-05
RIN1,5.501970242817702e-05
TUFT1,5.5007876136568755e-05
PTGFR,5.4991377430903435e-05
GK,5.4987570096490564e-05
ANKRD34B,5.498086130253846e-05
STON2,5.496945290157334e-05
MATK,5.494089909350338e-05
TIMM8B,5.493380126653794e-05
HOXD9,5.491920713823474e-05
STARD8,5.489307313804883e-05
PYROXD2,5.486715889807588e-05
HOXA11,5.484363210511122e-05
UBXN1,5.482947989684933e-05
ABTB1,5.4816338047635306e-05
LFNG,5.479578013157258e-05
TEKT3,5.4790970322857323e-05
GCNT7,5.478378505343244e-05
TMTC4,5.477638502473822e-05
PLEKHG4,5.4773018562612777e-05
TMEM200B,5.476411851669237e-05
CCT6B,5.473594314820567e-05
PPEF1,5.470681813165613e-05
CNNM2,5.469856727774251e-05
TTC12,5.4697946296507776e-05
PELI1,5.466601072904685e-05
CHKA,5.465311279515197e-05
GADD45G,5.4645105072616985e-05
NPY2R,5.4633572265581904e-05
CD244,5.463129526401723e-05
ANKRD27,5.462329424375625e-05
IRX4,5.4621847447256986e-05
MSR1,5.461014940120401e-05
LY86,5.45628569336577e-05
ELAC1,5.4553696023378294e-05
CRYM,5.452101656032697e-05
TEX14,5.451294221216147e-05
KDM1B,5.4503322652396455e-05
CXCL17,5.4499342874123267e-05
LY6E,5.447003333536769e-05
ASPG,5.446538110458114e-05
IRGM,5.4445163462201136e-05
NPAS3,5.4434805546783765e-05
ERMN,5.4410292711382994e-05
KIF25,5.440782982173868e-05
ARHGAP6,5.438405006398659e-05
OMG,5.4379753761161285e-05
TTC8,5.436870658957422e-05
SPRED3,5.435401466605514e-05
PPP4R2,5.4339519725208836e-05
RPH3AL,5.43349641221818e-05
SEPW1,5.432906011936459e-05
ATP2B4,5.431383512498139e-05
NACC1,5.4277993180744985e-05
S100A6,5.427745635034611e-05
SIGLEC7,5.4274838593799615e-05
BMP8B,5.426615637539426e-05
VWA2,5.426300359876588e-05
ST6GALNAC2,5.4258978787702006e-05
QRFPR,5.4250901275172546e-05
ARRDC1,5.420857207259189e-05
PLIN4,5.420443581266834e-05
PARD6G,5.4198787987207614e-05
EDEM3,5.4178827852170674e-05
MACROD2,5.414469253619686e-05
VWCE,5.4140642424974444e-05
NAV3,5.4124091887562675e-05
NAV2,5.4124091887562675e-05
RAP1GAP,5.4085824259203434e-05
MCCD1,5.40816812445561e-05
PRPS1,5.4058937162269476e-05
SPINT1,5.4043897596877295e-05
MICALL1,5.404269916763906e-05
MYCBP2,5.402791814168624e-05
DRD4,5.402787588182048e-05
MURC,5.402169479002176e-05
ZNF177,5.401815488024058e-05
HLA-DMB,5.400308294769308e-05
GDF6,5.398586787656102e-05
HDAC11,5.3983356505660145e-05
C1QTNF7,5.397766653513513e-05
POPDC2,5.39742158779638e-05
DTNB,5.3967136710707066e-05
AASS,5.395160722684372e-05
SALL2,5.3946602279008304e-05
TDRD10,5.393295684238933e-05
LIMD2,5.3899411790567e-05
CORO2B,5.3887146568095674e-05
CHST8,5.3884330471845115e-05
ONECUT2,5.382490702508856e-05
TTLL10,5.38212171028017e-05
HS6ST2,5.379476542126307e-05
PTGES2,5.376879652546882e-05
RASGRF2,5.375596166771755e-05
KCNJ9,5.375518290759349e-05
ELF5,5.374936293196161e-05
FRMD3,5.3731482935841644e-05
TBCE,5.3731394859781324e-05
PCDH8,5.372769277004612e-05
PCDH18,5.372769277004612e-05
XKRX,5.3722158265436264e-05
CEACAM16,5.3717125701196536e-05
SERPINA6,5.370939285363002e-05
ADAM8,5.370892316843569e-05
LINGO1,5.36970956515315e-05
SPINK1,5.369669973440865e-05
JAKMIP1,5.368723419534387e-05
AP3B2,5.367692145004331e-05
GTF2H2,5.3668758182423116e-05
RASL10B,5.364913875955606e-05
AES,5.363673273621643e-05
FBXL2,5.361877182381028e-05
MCF2L2,5.3592645835154986e-05
SPATA18,5.3554013367640026e-05
AQP10,5.351979075290477e-05
SLC16A9,5.351678470456655e-05
ADAM23,5.3497688216233845e-05
ARSB,5.349376593129807e-05
FDXR,5.347994538687071e-05
MYO1F,5.342867543826535e-05
BICC1,5.3403221497576536e-05
AJAP1,5.3392816351137785e-05
RAB11FIP1,5.337660874495648e-05
PARP12,5.3362051404184344e-05
DLX5,5.33528694928903e-05
COPZ2,5.33339344973687e-05
TMEM119,5.3320756357233414e-05
ROPN1B,5.330229542998896e-05
PSAT1,5.328763230100972e-05
H2AFY2,5.3284988441315024e-05
POLN,5.328008325825368e-05
SLC7A2,5.327379050389591e-05
SLC7A3,5.327379050389591e-05
B4GALNT3,5.3267443433011315e-05
ARL4A,5.325601517660783e-05
LBX2,5.3251681646073945e-05
ARHGEF10,5.322386229918596e-05
ROM1,5.320692123182108e-05
TECTA,5.320521061031175e-05
AKAP10,5.320471681785741e-05
FSTL5,5.320241820483295e-05
FBXL19,5.3191207136048466e-05
SPEG,5.316440980475103e-05
JSRP1,5.3150979102095506e-05
ST6GALNAC6,5.314845874059709e-05
RENBP,5.313371330157187e-05
ARSI,5.31210219593429e-05
SOX21,5.311389463523429e-05
GPAA1,5.308564840899633e-05
IL24,5.304068505690705e-05
ACSM5,5.302845298110225e-05
STARD13,5.30174514693827e-05
DYNLT3,5.29995790862132e-05
SLC27A6,5.2975825576129676e-05
FAM71D,5.295766110030062e-05
CDC42EP4,5.292992724689106e-05
PAK6,5.292684620690522e-05
NR4A3,5.292442709073635e-05
ZIC1,5.288687832425473e-05
PADI3,5.28806268727858e-05
PLEKHG1,5.286745089397509e-05
PRR4,5.282464784237807e-05
DUOXA2,5.2799207772237715e-05
OBP2B,5.2789537413746905e-05
NCKAP1L,5.2788915105762675e-05
FCGBP,5.278734505424575e-05
TNK2,5.277738054661596e-05
PLA2G4D,5.274224422716584e-05
PSRC1,5.2691483895450295e-05
RCAN1,5.2682601671415145e-05
KLHL31,5.265482458019909e-05
POLR3G,5.262390093144542e-05
MATN4,5.258396491525082e-05
CAMK2N2,5.256375531285701e-05
SATB2,5.253704016841434e-05
PALLD,5.250416218369954e-05
ARID5A,5.249687118963617e-05
MID1,5.2483693925774514e-05
S100A7A,5.2477429518950876e-05
COLEC12,5.244102779614462e-05
CSRNP1,5.2437685162533276e-05
ZNF208,5.242736565382325e-05
ZNF609,5.242587853531517e-05
ROMO1,5.240707766186805e-05
MLC1,5.2395886066284014e-05
GSDMD,5.238034033773239e-05
SLC6A13,5.2369418477098514e-05
SEMA3F,5.2356971853673626e-05
KANK4,5.234333231620035e-05
CCRL2,5.234157751846158e-05
RELT,5.2337334618926105e-05
MRPL54,5.233209064922662e-05
CDH22,5.2325790872527296e-05
NEXN,5.231735918952843e-05
EMX2,5.230505649403942e-05
NPEPL1,5.23049172598672e-05
AFF3,5.229523322413635e-05
FBXL7,5.2243568467815865e-05
DPY19L2,5.223641952312086e-05
RCAN2,5.2198963577505266e-05
SH2D1A,5.219287457096721e-05
EVC,5.218658253297799e-05
BIRC6,5.217462640416105e-05
MPHOSPH6,5.217285423983946e-05
ZNF24,5.2172626304907995e-05
CYP8B1,5.2147646751993006e-05
FOXI1,5.2137145764762564e-05
SLC4A8,5.2137145764762564e-05
TFPI2,5.213558935357185e-05
SRR,5.212237243061418e-05
LIN52,5.2108581464901744e-05
NMUR2,5.209522714462994e-05
CORO2A,5.2094070632230004e-05
GPR87,5.208055891166241e-05
PAK1IP1,5.207048318960966e-05
LACTB2,5.207025065004066e-05
GPRIN1,5.2070088355489694e-05
IL19,5.205034412060676e-05
ABCB4,5.204072852601157e-05
ECE2,5.203961646794872e-05
IL17RC,5.202328745537326e-05
SIDT1,5.1945998165548376e-05
GZMH,5.192448810535525e-05
GPR161,5.19231640974874e-05
TIMD4,5.1915148018147205e-05
TRIM29,5.1896077479325885e-05
CORT,5.189119859259525e-05
CARD16,5.187380212914433e-05
SUCNR1,5.186440030713823e-05
FETUB,5.176312347183574e-05
SEPT1,5.1729461616383484e-05
CRMP1,5.1728401965362095e-05
AURKAIP1,5.1722027719690025e-05
KIF2A,5.171693885685452e-05
SLC22A1,5.1705066599555176e-05
MYF6,5.169010377460899e-05
VIPR1,5.1674665563520956e-05
FCGR1B,5.165915450246772e-05
KIAA1841,5.165222319736896e-05
CNTNAP3,5.1639033823319055e-05
KCNJ12,5.1631883035924344e-05
CHAD,5.161238426387081e-05
HIPK3,5.160872859642765e-05
PRDX5,5.160546627996547e-05
SSR4,5.157671998338348e-05
NOX5,5.1562432050872853e-05
TP53AIP1,5.1530224856902205e-05
PLA1A,5.1507261475881704e-05
PTPLB,5.150106416075789e-05
PTPLAD2,5.1501064160757884e-05
DSCAML1,5.1473981323490295e-05
STARD10,5.14205150171808e-05
ALKBH7,5.141784761493363e-05
TBX15,5.1387357266355546e-05
ANKRD40,5.136362466762597e-05
HEPACAM,5.1335889080040786e-05
RAPGEF6,5.1334955772713605e-05
HDDC3,5.133175749705699e-05
TRAPPC9,5.132518505021768e-05
ISYNA1,5.130442128039146e-05
HSD3B7,5.1299052730659545e-05
LYSMD4,5.1295465657942526e-05
ELOVL4,5.128083168757977e-05
VSNL1,5.1277592216446296e-05
SLC38A7,5.127710405253877e-05
PPP1R12C,5.126514368517132e-05
LNX1,5.1252287227120584e-05
FIGN,5.122378142831803e-05
CEACAM6,5.1192428433161974e-05
SLC2A14,5.117639885883701e-05
SLCO4A1,5.117296774694048e-05
MTHFD2L,5.116690138347121e-05
PRCP,5.114608665994311e-05
ACER3,5.112259131075465e-05
SAMD10,5.111995036708679e-05
FMO2,5.1106513884672786e-05
TSTA3,5.106939144971464e-05
YBX2,5.106230993884658e-05
SLC16A5,5.1060569181232395e-05
PRR7,5.104885938357308e-05
PTAR1,5.1045403167123625e-05
LRRC46,5.102084984736214e-05
SCGB3A1,5.099535601550867e-05
REEP5,5.0991102065695834e-05
STT3B,5.097609902755794e-05
STX19,5.097282063118446e-05
LHX8,5.097243126346587e-05
TCTN2,5.095483456829309e-05
EXOSC3,5.093943438247499e-05
SLC7A10,5.093606224117562e-05
KCTD12,5.091538464439481e-05
EDEM1,5.089695525813423e-05
NR1I3,5.089483125701008e-05
NDST3,5.088606526554353e-05
ANO4,5.087549770796948e-05
HLA-DOA,5.0850795344642864e-05
ATP8B4,5.084692828129092e-05
RNASE1,5.0813046249725115e-05
TAF1L,5.07751028882869e-05
ICAM5,5.074525912607981e-05
STXBP5L,5.073156986423805e-05
ARHGAP24,5.0729958745426076e-05
GALNT14,5.0709793472821565e-05
PREX2,5.0671054630875036e-05
MYBPH,5.064928310798185e-05
PATZ1,5.064741940948889e-05
CENPQ,5.064545817290916e-05
CENPP,5.064545817290916e-05
GPR160,5.062698127820886e-05
PNPLA1,5.0611439750082804e-05
PGM3,5.057710667727405e-05
RGPD3,5.0564338750575475e-05
DSC2,5.0555991555455364e-05
HS3ST3B1,5.054731204377476e-05
C1orf86,5.053756218809534e-05
LGALS9B,5.051813631782265e-05
CHD7,5.0513991334617804e-05
LUC7L,5.0485873018452284e-05
HIGD1B,5.04798123948435e-05
ADAM33,5.0477259562037945e-05
TRIM45,5.047146357297767e-05
KLF10,5.043681800285931e-05
CASQ1,5.0386162065116544e-05
SCARA5,5.038462911898737e-05
PMVK,5.0380521402648605e-05
YTHDC2,5.0378416317658344e-05
ZNF274,5.0368147405197114e-05
SRPK3,5.035247805317862e-05
RNASE4,5.035055139780269e-05
CEP170,5.0320370874916735e-05
ABI3BP,5.031550919153247e-05
RGL2,5.030337867424497e-05
MAPK15,5.029700365798336e-05
BTG1,5.029364733704779e-05
WDR76,5.0277765825108413e-05
DMC1,5.026686502292581e-05
NKX6-1,5.0264559139893354e-05
DPM2,5.02257316491771e-05
EXTL1,5.02194856503899e-05
CARTPT,5.020003709028469e-05
BCORL1,5.01575048008977e-05
CRTAC1,5.0156591970849075e-05
SAMD9,5.014225598370544e-05
BOLA2,5.0068732294101465e-05
CD48,5.00681124854117e-05
DNAH12,5.00632508813003e-05
ALKBH2,5.005631726950522e-05
EEPD1,5.004867447010356e-05
SIL1,5.0029607075143856e-05
XPO5,4.994803380711045e-05
TLR6,4.9943422492654014e-05
TXNDC16,4.993994484591602e-05
CRISP1,4.988205731014774e-05
SIGLEC9,4.98657113672015e-05
NIPSNAP1,4.986454997463655e-05
DLL3,4.986097578463613e-05
FKBP8,4.985925383109053e-05
PYCR2,4.9840685628304765e-05
MARVELD3,4.9837315445252416e-05
PITPNM1,4.9797988700620355e-05
LITAF,4.979420023930157e-05
CNTNAP4,4.9783081121231735e-05
DACT3,4.976943960637106e-05
ARHGAP23,4.9765937782211974e-05
GRAMD3,4.9726596418176346e-05
MMRN1,4.972099264627863e-05
FAM110B,4.971176027723839e-05
PACSIN3,4.96835901771316e-05
VSIG2,4.9643830676495856e-05
SNURF,4.9629169937142146e-05
STC2,4.962283969962485e-05
BIN2,4.9592736701123535e-05
FERMT3,4.954348353483972e-05
GPR182,4.9538987318662555e-05
FNTA,4.951742566556304e-05
NMT2,4.95110489915892e-05
RFXANK,4.950767211791241e-05
DMBT1,4.9497276096350444e-05
ASPHD1,4.9477361824008174e-05
PDP1,4.946358116071003e-05
CD72,4.944819430066497e-05
MRPL38,4.942954832112285e-05
CCDC88A,4.94206891472145e-05
MMP23B,4.941290552503251e-05
TRAP1,4.940023144948089e-05
ADAM19,4.940013159819685e-05
BCAT2,4.937168575801951e-05
OPHN1,4.937096176751432e-05
CHKB,4.934984512991586e-05
STEAP4,4.9320915018583833e-05
SCTR,4.930239978004374e-05
ANKAR,4.929816195032361e-05
SYT3,4.928944040484246e-05
LILRB3,4.927544996357244e-05
MRPL53,4.926756279123141e-05
DCXR,4.926336946666637e-05
ARFGAP3,4.925007036188712e-05
HHIPL2,4.9239152330357056e-05
PRRX1,4.922281725585107e-05
GATSL3,4.9222269806986246e-05
C12orf66,4.9222269806986246e-05
KPTN,4.9222269806986246e-05
GET4,4.9214366784969306e-05
MFSD2B,4.918850207648765e-05
OSMR,4.918266319117807e-05
YEATS2,4.917620362874139e-05
SRGAP1,4.916289276252332e-05
ME2,4.914905553374493e-05
SLC25A20,4.914428644797854e-05
GJB4,4.9135383589900305e-05
CD53,4.91338033562377e-05
PTP4A2,4.9120566582043425e-05
AK7,4.9099959761534053e-05
AMD1,4.909086091889997e-05
PARP9,4.908912410327339e-05
SPRR2F,4.906447696780695e-05
CCDC62,4.90299716986614e-05
DNAJC1,4.901871527218692e-05
GJA5,4.897206660650807e-05
TXNDC17,4.89384967982481e-05
PDZD2,4.889232983774514e-05
NEURL2,4.88903672677864e-05
TCP11L2,4.886970781311632e-05
RAB32,4.886330003977619e-05
SLC12A8,4.886198063764443e-05
RTDR1,4.884070665164598e-05
SMTN,4.883553462129455e-05
PROK2,4.881212116802445e-05
SLC39A8,4.879291956557451e-05
NPEPPS,4.879280888515752e-05
EGFLAM,4.878475924081419e-05
EPB41L5,4.877919687268063e-05
LRCH2,4.877485265609964e-05
AIM1L,4.876439975760062e-05
HSD17B11,4.8754528017334636e-05
ACAD8,4.875278636947595e-05
CLEC4G,4.875103309499293e-05
ARGLU1,4.8744318847331655e-05
EFCAB2,4.871787420795825e-05
SMS,4.866717827338755e-05
TARBP1,4.866267029674357e-05
BAIAP2L1,4.866230286454816e-05
SERP2,4.8659877080492635e-05
FAM181B,4.8632411054732805e-05
CAPG,4.861394834969102e-05
PUS7L,4.85941991493051e-05
NRN1,4.858805039154306e-05
FER1L5,4.8581091629049334e-05
FAM92A1,4.857695978059897e-05
LRRC18,4.855690321473922e-05
TMED9,4.852245246584951e-05
SAA2,4.8508622128633566e-05
IL17RE,4.847687948962181e-05
GPR116,4.8472816098853676e-05
PGA3,4.8472816098853676e-05
BTD,4.846172775153157e-05
LTBP2,4.844918615937357e-05
GPRC5A,4.844914208074105e-05
GPRC5C,4.844914208074105e-05
GFI1B,4.8436631726557995e-05
RABAC1,4.843598124837385e-05
CCDC47,4.843330419460812e-05
HIPK2,4.8425567351489334e-05
RAB23,4.839002407977992e-05
THAP7,4.835821496068863e-05
CALCB,4.834285696844563e-05
FRMD7,4.8336356898217115e-05
NAT1,4.832007491987803e-05
PARP14,4.8312903405273536e-05
MAGOH,4.828676477177257e-05
CELSR2,4.825260113247181e-05
FUK,4.8241361952694245e-05
RASEF,4.82259151938919e-05
PIGN,4.82167648951365e-05
TNR,4.8206511619665537e-05
ART5,4.8195842199992155e-05
DAAM2,4.8181528295565855e-05
APOBEC4,4.816488435949222e-05
TMEM44,4.815010017848001e-05
RORB,4.814990067101686e-05
SH3D19,4.81457487735458e-05
FCN3,4.8138434067024666e-05
RELL2,4.813420180975215e-05
INHBC,4.812447943491894e-05
RBP3,4.8089465234350644e-05
ELL2,4.8082290182766154e-05
GLIS1,4.8064696565005524e-05
GOLGA7,4.806351685981107e-05
KRT6A,4.806061339152918e-05
PQLC1,4.8059866138120165e-05
ATP6V0A4,4.80568160098966e-05
RAB40AL,4.8041349702540854e-05
WDR63,4.8030634375129574e-05
PRSS16,4.800787660862204e-05
TNIK,4.80027605676389e-05
TRPM1,4.8001729233526005e-05
TBX20,4.7999495752523986e-05
PSMC3IP,4.799401174283307e-05
EGFL8,4.797867352285291e-05
LRRN4CL,4.7963424708414306e-05
GDPD2,4.795165207390326e-05
TRAK1,4.7930063210984505e-05
POU2F3,4.791591177263362e-05
NCOA7,4.7912800576498626e-05
ZNF488,4.79079662482815e-05
PNMA5,4.790724029690169e-05
ABCA6,4.790210743881704e-05
EPSTI1,4.789031833407352e-05
SDPR,4.7878259420716684e-05
MARCKS,4.785975893026135e-05
MIA3,4.7846230958727765e-05
BFSP2,4.783800147501018e-05
PRR15,4.783544786640384e-05
ARHGEF15,4.78196840997786e-05
EFEMP2,4.781276119715722e-05
ATRNL1,4.78025996892414e-05
PHKG2,4.7792891555055496e-05
HOXB9,4.778517992796369e-05
TMEM74,4.776890082450495e-05
AGTRAP,4.776688187289321e-05
PXMP2,4.7731184616292307e-05
ETV7,4.7728090645124464e-05
CREBL2,4.7728090645124464e-05
HAL,4.7721467140342385e-05
PLD5,4.771880348796879e-05
RUNDC3A,4.7713391299754374e-05
GPR17,4.7712084159211094e-05
KCTD19,4.7692566815852165e-05
KIAA0196,4.766395209982334e-05
SERPINA10,4.7652592293230504e-05
LRP1B,4.764758039268988e-05
MATN2,4.7642358007388975e-05
MYH15,4.764081695670198e-05
LTBP4,4.76361095715912e-05
MTMR9,4.760392661940449e-05
DNAJC5B,4.759328785227574e-05
DCUN1D1,4.7556063718135e-05
C1QTNF1,4.7545400449781665e-05
HOXA13,4.75412337182263e-05
PANK3,4.7535946303416586e-05
NDST4,4.7499864776457834e-05
HS3ST6,4.7499864776457834e-05
CLPP,4.7487290506649154e-05
TMEM180,4.748276084322001e-05
FAM107A,4.747522935652073e-05
HABP2,4.744379747427603e-05
B3GNT8,4.7434612417015544e-05
B3GNT9,4.7434612417015544e-05
PTPN7,4.743436348052895e-05
SLC11A1,4.7409553807235374e-05
NUDT18,4.740179895493564e-05
TRIM72,4.7374888001745315e-05
PFDN4,4.736367146249475e-05
LRRC19,4.735942173720038e-05
MAL,4.731185985733868e-05
ZDHHC12,4.7285297905302896e-05
SERHL2,4.728525735249196e-05
CALN1,4.728471183521049e-05
RARRES2,4.727216483058177e-05
TPK1,4.726638143553864e-05
GNPTAB,4.7261628893996335e-05
CARD14,4.7250721301808074e-05
ZNF770,4.724994781756151e-05
CARD6,4.723461497181753e-05
PDGFRL,4.721917462042109e-05
ARHGAP10,4.721530717033585e-05
C4orf26,4.71834121651304e-05
HS3ST3A1,4.717566137087044e-05
HSD11B1L,4.715955413046084e-05
SBF1,4.714985218886546e-05
SLC39A12,4.714142305937642e-05
SPAG9,4.7138907635273724e-05
TEPP,4.7135883268131834e-05
FAM73A,4.7119242315365134e-05
ACMSD,4.7116067995520524e-05
CCNG1,4.711526893319829e-05
PELI2,4.7111609334864104e-05
RHOXF1,4.7077122479864226e-05
RHOBTB3,4.7067453541569266e-05
ZDHHC13,4.7062354982411756e-05
DYDC2,4.7060786369843035e-05
BACH1,4.704698671699394e-05
OPN3,4.702961067867144e-05
GAMT,4.702599365373499e-05
PAMR1,4.701627214728808e-05
HEYL,4.7002267921656156e-05
SMARCD2,4.700097410357289e-05
WDR93,4.7000101911532304e-05
ALDH1L2,4.698561692973984e-05
KLHDC8B,4.698417790719944e-05
LCA5L,4.698201146372325e-05
KCNA6,4.697064668665294e-05
BNIPL,4.696520303139468e-05
DSCR8,4.696520303139468e-05
NXPH4,4.696468146776894e-05
PLEKHH2,4.694685597320703e-05
CPM,4.694410250827772e-05
ARHGAP21,4.6914954423267915e-05
MAZ,4.691288732808115e-05
ABCB5,4.6912571567547483e-05
ECM2,4.6900532041193174e-05
U2AF1L4,4.68971595846766e-05
MRPL55,4.688913479910409e-05
INHBE,4.685297206550069e-05
PHYHIPL,4.684224985770026e-05
TRIM59,4.68123267495347e-05
SLC9A9,4.677352280347916e-05
VWA5A,4.6772541499180814e-05
CPXM1,4.674881015415742e-05
LYPD3,4.674636888198345e-05
PF4V1,4.673451395555748e-05
KIF1C,4.671927468244362e-05
GAS2L1,4.671410122444398e-05
TM6SF1,4.667352442972047e-05
IGFN1,4.666272092090428e-05
MYO1D,4.661608278436081e-05
MRPL14,4.6603834213837576e-05
GOLT1A,4.65779794288272e-05
HBQ1,4.655459646551636e-05
INSL3,4.653951781270799e-05
CDH20,4.653192350880437e-05
RAB39B,4.650690317234337e-05
SLC14A2,4.64846858288279e-05
AMIGO1,4.6461342682216914e-05
C5AR1,4.645287351248324e-05
ENDOD1,4.6450076208237465e-05
WIPF2,4.644998028387603e-05
WDFY3,4.640450063726675e-05
PGP,4.6383927761441314e-05
TMEM37,4.6378880364371154e-05
UNC13D,4.6377947712637554e-05
ARL2,4.635776506033504e-05
UBXN6,4.6338989747332346e-05
GATSL2,4.630069069906433e-05
SLC35A3,4.629744882891951e-05
DCAKD,4.62913003543884e-05
FNIP1,4.628787423832998e-05
PCDH7,4.62721317628182e-05
REPS2,4.627170402606587e-05
STOML1,4.627099140366002e-05
RIN3,4.622695890754645e-05
CCDC50,4.621682243006874e-05
C2CD4C,4.621002779179907e-05
PHF21B,4.619964976835962e-05
CCL14,4.618575884757531e-05
SOCS7,4.615053567873372e-05
GCA,4.612953066770414e-05
IL1R2,4.611715456781312e-05
NPNT,4.610647249511188e-05
CDH3,4.610415493124159e-05
MYO1A,4.608844432579971e-05
L1TD1,4.608335863623317e-05
TP53INP2,4.606907359869016e-05
SIGLEC1,4.606522160112238e-05
OGDHL,4.606237900720082e-05
CNRIP1,4.605637637329652e-05
BTAF1,4.602244634677325e-05
PCSK2,4.6017816296852206e-05
ZNF397,4.601452585761063e-05
SMN1,4.6006963064765244e-05
RAP2B,4.600572757648147e-05
GPR135,4.595551877734585e-05
ACSM2A,4.593501784789207e-05
CDH15,4.5919095523807606e-05
CEP192,4.590027479675613e-05
NT5DC3,4.588344980189749e-05
KRT79,4.58782781495089e-05
MRPL45,4.587040069682944e-05
ISX,4.586287998522773e-05
TGFBI,4.586064220753106e-05
GDF10,4.582740242307785e-05
CALCOCO2,4.582665334731463e-05
TMEM171,4.581522411255695e-05
FHOD3,4.58124966840315e-05
MNS1,4.581018749329184e-05
DMPK,4.575514804193995e-05
TNIP3,4.574571730393274e-05
NCAPH2,4.574497961596845e-05
FGL1,4.5739764715267005e-05
RNF170,4.5701715605620064e-05
CORIN,4.566817865035009e-05
FNIP2,4.5662708730812005e-05
SLC27A5,4.5657023602864204e-05
SLC35D3,4.564909742673518e-05
BFSP1,4.5643140442501334e-05
CCDC141,4.563609018964024e-05
EPM2A,4.563482373826119e-05
MMP17,4.562541818802321e-05
FAM167A,4.562431168345597e-05
PNCK,4.556691010814896e-05
IQCG,4.5561376513450056e-05
IL1RL2,4.554770381684906e-05
XK,4.546817982494441e-05
RILP,4.544698233155564e-05
ZNF296,4.544342459934118e-05
CCDC14,4.543350572167241e-05
CDNF,4.542607143921099e-05
ICA1L,4.5415963900998e-05
FAM46D,4.5410608653780216e-05
AIFM2,4.54015513016676e-05
SRMS,4.538787121044245e-05
RGPD5,4.536529625236502e-05
ARRDC4,4.536442179447778e-05
PPIP5K1,4.535518906736074e-05
VSIG4,4.533265510675717e-05
CMTM6,4.530462164298269e-05
PPP1R3D,4.5303017935204296e-05
CTSC,4.529390760659499e-05
CNR2,4.5279966886722255e-05
DPPA4,4.52716939858524e-05
DBP,4.5262588168133367e-05
PDZRN3,4.5259749664640906e-05
ARL3,4.524991621370162e-05
SOX18,4.522762188947081e-05
SYT15,4.521668676692687e-05
DAPK3,4.521559909994995e-05
TRAM2,4.521291635309206e-05
WBP2NL,4.521130048486298e-05
PTPN4,4.520055408534351e-05
MXD3,4.5199721044664635e-05
SLC38A1,4.5197189103227944e-05
DUSP4,4.519397130029011e-05
FBXO39,4.5175734943836956e-05
TTYH2,4.5163107274277997e-05
POTEF,4.515828788218685e-05
MARCH8,4.514381407065174e-05
CDH10,4.513490417716161e-05
CDH8,4.513490417716161e-05
RBMS2,4.5126695776547415e-05
FHL5,4.511685492769908e-05
ARL16,4.511323196347229e-05
NXPH2,4.509121231260539e-05
LEPROT,4.506325952739564e-05
COASY,4.501605598967123e-05
CD99,4.499634395136009e-05
PROL1,4.499216412312437e-05
ZIC3,4.498101303896567e-05
ANKRD32,4.4931948078208314e-05
ANO3,4.492107853761155e-05
SPRY3,4.491901735550275e-05
CEACAM1,4.486710253142928e-05
PRKX,4.4848402591716625e-05
PDLIM5,4.484301173574833e-05
TCTE1,4.483851614267565e-05
MRPS30,4.479766895311497e-05
SLC29A4,4.479131863304496e-05
NKAIN2,4.4776694260182316e-05
RADIL,4.477569778431604e-05
SCRG1,4.474367481899724e-05
PLXDC1,4.47173061158431e-05
DGKD,4.471315259021668e-05
C19orf70,4.4708812025993775e-05
PHYHIP,4.470705925821057e-05
SPATA13,4.468940090009095e-05
NBPF1,4.4674296153223736e-05
SOX15,4.466530346203073e-05
LEMD1,4.466390993833314e-05
ANXA3,4.465162365549245e-05
ZYG11A,4.4648573801552615e-05
OLAH,4.463977810352724e-05
PON3,4.4607574763207245e-05
PLCL2,4.4598903055073065e-05
PPP1R3G,4.4598903055073065e-05
SLC25A10,4.45839622765388e-05
ALX4,4.456664527555193e-05
TRO,4.456244842817592e-05
NELL2,4.456124374510209e-05
FAM149A,4.4559456872062824e-05
DNAJB13,4.4557696543023835e-05
SYPL2,4.455193817737768e-05
CLEC3A,4.45436460299166e-05
MLLT11,4.453435243174065e-05
ELMO3,4.451332195253917e-05
SORCS1,4.448908957367834e-05
MESP1,4.447750059002061e-05
ISM1,4.4435735911763145e-05
CYP2A7,4.4425326841825566e-05
NEK8,4.442497460802822e-05
RASGRP3,4.4421448487954863e-05
UAP1,4.441953085185477e-05
B3GALNT1,4.4415039104820396e-05
PLEKHB1,4.4396955421369e-05
SAMD14,4.43875841428582e-05
PDIA2,4.43642403719371e-05
DLX2,4.4363323336951935e-05
ANXA13,4.435991405122553e-05
DTX4,4.435713961434404e-05
DYNLRB2,4.432021497033937e-05
ECHDC2,4.428290066989747e-05
CYP4F12,4.424387122357381e-05
NPFFR2,4.42316225744659e-05
LACRT,4.422974240486254e-05
CASP4,4.419741220121752e-05
ZBED3,4.4168033480137236e-05
APOBEC3G,4.414376443863526e-05
HS3ST2,4.4143699277041823e-05
GPR64,4.414111348047007e-05
PTPRT,4.41329176641156e-05
DPEP1,4.413089384738502e-05
MMP27,4.412201947227038e-05
MTMR7,4.412109119500702e-05
GGTLC2,4.410584668815942e-05
FILIP1,4.410538404575684e-05
HRK,4.40867583473258e-05
MARS2,4.4085273583808544e-05
NAIP,4.4069550271139074e-05
ICAM3,4.406838067353345e-05
CMTM2,4.404146996395993e-05
TMED7-TICAM2,4.40351590029807e-05
NID2,4.4010771196313644e-05
SLC18A1,4.4000792404566556e-05
ZNF395,4.397147768092508e-05
TMEM88,4.396110928828735e-05
SHROOM4,4.394982109177869e-05
KIF26B,4.3949498257002676e-05
SHF,4.394043216057237e-05
TNFRSF13B,4.393635975033785e-05
PKD2L1,4.393634438704034e-05
SARS2,4.39348151546654e-05
TRIM7,4.392421215463268e-05
ACCS,4.392091775366116e-05
RXFP1,4.3919669165265155e-05
APCDD1,4.390351189707369e-05
GPSM1,4.3883339866402294e-05
APOOL,4.3876064506482e-05
PLEKHA4,4.387250374368864e-05
BOK,4.384998330041406e-05
MIA,4.3837379802947e-05
PDZD3,4.383712938587652e-05
RGS22,4.3836384363535796e-05
ZNF217,4.381549867182911e-05
C2CD4A,4.381542014790801e-05
ARAP3,4.380416259605841e-05
C1RL,4.37948803680466e-05
UBE2W,4.376870293495439e-05
PEAR1,4.3742043044951e-05
PRTFDC1,4.3702739014794864e-05
CHIT1,4.369221734338506e-05
IFNE,4.3686170902086714e-05
TNS4,4.3680758496625794e-05
NELL1,4.3671422106366796e-05
MIB2,4.365206340119092e-05
NAALADL2,4.364388855180779e-05
GLT1D1,4.364305767180384e-05
DNASE1,4.362455719133485e-05
ADAM32,4.359593824477021e-05
SSTR3,4.359554645372388e-05
ANGPTL5,4.357637102871393e-05
GLYAT,4.3574468575745255e-05
CDKN2B,4.357033887535548e-05
SLC8A2,4.356165507233716e-05
ST3GAL5,4.3544237426280264e-05
ABHD8,4.3539995053942026e-05
ABHD2,4.3539995053942026e-05
MYOM1,4.353617688925984e-05
CCKBR,4.353044780312565e-05
SUMO4,4.352854457104124e-05
SRPX2,4.3522676610569785e-05
CD302,4.349074429605447e-05
LSM1,4.345511594065424e-05
MEP1A,4.345256109995149e-05
RASA4,4.343135438164217e-05
MLF1,4.341571566505391e-05
RSU1,4.341338871009031e-05
SUB1,4.3407056165408146e-05
C12orf54,4.339132234904162e-05
LRRC39,4.3390643450214697e-05
ASIP,4.338561024334062e-05
NAPSA,4.3384120870713676e-05
DCAF16,4.337609329902994e-05
KIAA1109,4.337462043775408e-05
EMP1,4.3374144077745145e-05
OTUD7B,4.336006536277241e-05
PPAN-P2RY11,4.335795775617805e-05
UBE2E3,4.330867514502714e-05
DHRS7B,4.330225040027897e-05
MXI1,4.328180200266158e-05
MRPL28,4.325842629066842e-05
MRPS26,4.325842629066842e-05
MRPL52,4.325842629066842e-05
CHCHD1,4.325842629066842e-05
MRPS24,4.325842629066842e-05
MRPS28,4.325842629066842e-05
MRPS23,4.325842629066842e-05
MRPS21,4.325842629066842e-05
MRPL34,4.325842629066841e-05
AVL9,4.325238760589945e-05
SERPINA4,4.324866454819275e-05
ESM1,4.321619174352747e-05
ARHGAP19,4.321306112403196e-05
TUBGCP4,4.3207481862991506e-05
TAX1BP3,4.317427144353668e-05
KLRG2,4.317133308555096e-05
SIGLEC11,4.316888829675869e-05
TMEM107,4.3161929614298885e-05
SATB1,4.315535339974211e-05
NUDT17,4.315299873706397e-05
PHLDB1,4.3150144497936225e-05
NR2C2,4.314223579583553e-05
ZNF518B,4.3092260213359324e-05
FABP3,4.3057855691823663e-05
EFCAB7,4.3046936877886266e-05
NDUFAF3,4.3034400504973886e-05
CCDC18,4.3030268060185106e-05
BAIAP2L2,4.302544418106651e-05
PIR,4.296203229094997e-05
CECR1,4.295796905026326e-05
PARP10,4.2910548207151224e-05
MYLK3,4.289417019483545e-05
TELO2,4.288501663074801e-05
GZMK,4.2855581940414804e-05
LZTFL1,4.283076744224995e-05
CTSO,4.279335626243271e-05
EPS8L1,4.279160757189775e-05
KTN1,4.278783709382744e-05
ITPRIPL1,4.277870093449895e-05
SELM,4.2756642162596477e-05
CIB3,4.274649500696331e-05
CHD1L,4.272941488556946e-05
LENG9,4.2727153834915434e-05
CELF6,4.271661297674314e-05
SPDYC,4.270661158990135e-05
CLN3,4.2661116010164986e-05
SNCG,4.263621647557252e-05
SPIC,4.2628189595882694e-05
EVX1,4.262614474327528e-05
TRIM54,4.261807233264814e-05
XYLB,4.2609897713337936e-05
CPNE4,4.258604415133275e-05
LRRC70,4.2566878986858206e-05
DCAF10,4.2563493598096626e-05
LGALS8,4.250695271184233e-05
YY2,4.25021054732077e-05
XCL2,4.245994624332855e-05
SYNGR1,4.241039667849551e-05
RANGRF,4.238310466546241e-05
PRKCH,4.237978263938202e-05
SLA,4.234383379812759e-05
BNIP3,4.231628971702815e-05
TFDP3,4.227266885130593e-05
TPCN2,4.225643116678401e-05
GTF3C6,4.224578153469816e-05
BOLA3,4.2244839418026696e-05
OSBP2,4.2227906521691806e-05
TLE6,4.220562769779649e-05
SLC5A2,4.219299346447799e-05
CASC1,4.218330852438074e-05
HPCA,4.216623525118394e-05
GSDMA,4.2153640680993326e-05
LXN,4.213114726794868e-05
SCAND1,4.210428918925105e-05
SLC6A12,4.2094354046305755e-05
MLPH,4.2010191245161925e-05
COLEC10,4.2005971989752705e-05
DALRD3,4.1942920511724624e-05
LMAN2,4.192618079026072e-05
LPGAT1,4.191504750122375e-05
PNLIPRP3,4.1848059207936497e-05
AARS,4.173807335457625e-05
STK38,4.170394596063616e-05
NOL12,4.168795449205913e-05
NKX3-1,4.16840075787693e-05
EPS8L2,4.158381229923759e-05
RASAL2,4.155160527972492e-05
APOBEC3H,4.153680295106485e-05
NSMCE2,4.152330120037627e-05
TMEM106B,4.151822886557385e-05
TRPV3,4.149526547654344e-05
TBC1D8B,4.147187354961189e-05
PPP1R16B,4.141083371236421e-05
ZNF496,4.137696719386718e-05
CXorf22,4.1353716777366975e-05
RNASE2,4.133029209885751e-05
POLI,4.132625003511001e-05
CPLX3,4.129018099429393e-05
HSD11B2,4.1289114883485805e-05
WDR4,4.1274297785263135e-05
PCLO,4.125325802715363e-05
CORO1C,4.122944311187854e-05
FBLIM1,4.122855475909557e-05
TNIP2,4.1217447327084305e-05
KLRC4,4.1161856559369475e-05
ATP4A,4.113588123015091e-05
NACAD,4.112229884652074e-05
SLC7A14,4.1119218690058355e-05
CCDC66,4.109650447101568e-05
MOSPD2,4.109565496192281e-05
FGD3,4.1069672024708426e-05
LRIT3,4.1063296630515726e-05
PTGR2,4.1061497519875516e-05
SLC19A2,4.1018206410872375e-05
TNFSF9,4.101621800385456e-05
KIAA0319L,4.1007583100487446e-05
TMEM182,4.099394933482719e-05
TTC37,4.098102717110427e-05
AKAP14,4.096031715908036e-05
DAK,4.09469586872618e-05
CPVL,4.088669105968821e-05
BICD1,4.0883207754981575e-05
RAB3B,4.085693395083842e-05
C10orf32,4.0852023111613624e-05
PPP1R14C,4.081461351272049e-05
OCIAD2,4.0782020216697786e-05
ALDH5A1,4.07262690305584e-05
VASN,4.0694143683647886e-05
VNN2,4.067115051357979e-05
MBTPS2,4.0660600729709236e-05
ZBTB17,4.065896241617334e-05
SPATA5,4.064861499601997e-05
RTN4RL1,4.062296941590189e-05
CCDC102B,4.060907851756094e-05
AHRR,4.0606327183741414e-05
CRISP2,4.0600674110545946e-05
DHDH,4.06000831369661e-05
IDUA,4.054454855083446e-05
ZCWPW1,4.053625131963676e-05
SLA2,4.049484494535599e-05
PRND,4.0477096713388605e-05
MSI1,4.043811038777086e-05
COCH,4.0418190111057056e-05
CEP120,4.0415076240644486e-05
TMEM120A,4.0392302903593276e-05
TRPS1,4.037693350298506e-05
FSD2,4.036550693422284e-05
TTC25,4.03366716006605e-05
LYPLA2,4.030706902277571e-05
NEIL1,4.027617613554345e-05
SLC7A1,4.018313888808918e-05
NUMBL,4.0170638368945693e-05
SKIL,4.009876353349193e-05
CCS,4.0063236432077264e-05
MASTL,4.006207427519014e-05
SYT16,4.0059215214776776e-05
ALG10,4.004050949431692e-05
ALG10B,4.004050949431692e-05
ADI1,3.998104851334762e-05
RAB43,3.991646119109139e-05
NIPA1,3.986557756189498e-05
S1PR4,3.9828512606532876e-05
TCN2,3.980853277413907e-05
UCHL3,3.978501856352963e-05
DDX11,3.976559942669111e-05
CROCC,3.9759295852597686e-05
CDKN2D,3.972587676293157e-05
C4orf47,3.969177356779315e-05
ERI1,3.962746924524353e-05
RXFP3,3.960404376311471e-05
BMF,3.957301540155382e-05
SHD,3.9529768272329225e-05
UCK2,3.95271560705736e-05
CLDN2,3.952062755240344e-05
RPS6KA4,3.9385905184475345e-05
MEIG1,3.9357896293365796e-05
SIM2,3.935377960329531e-05
CNKSR1,3.9295765737630695e-05
ANKRD55,3.9262145390132365e-05
HIRIP3,3.9258723450783034e-05
ITPK1,3.922339652995704e-05
MOCS2,3.92056142758809e-05
CCKAR,3.918865401763851e-05
PIGS,3.914311334808568e-05
HDGF,3.9121769921742375e-05
NKG7,3.908859140529819e-05
PLSCR1,3.9077250129999936e-05
ELFN1,3.9075257912715525e-05
ZNF512,3.906264909729843e-05
C2orf16,3.906264909729843e-05
GPATCH2,3.9042624148672155e-05
P4HTM,3.9000283828776216e-05
ARTN,3.899067408738809e-05
PPFIBP2,3.898512095563483e-05
PHIP,3.8982437689951123e-05
GALK1,3.897681483948881e-05
RANBP1,3.8890166557564e-05
PRMT6,3.887979285994603e-05
NDRG4,3.88416361029667e-05
ABCB11,3.8834191372307976e-05
RLN1,3.878987273607938e-05
GAA,3.877858590502774e-05
KIAA2022,3.8774737393431626e-05
TNFAIP6,3.876144286161402e-05
ZNF436,3.875443933146407e-05
SPCS2,3.8734958270855745e-05
LHX9,3.873455327911285e-05
PARVG,3.8732487904707915e-05
QTRT1,3.870972059135783e-05
SELV,3.8661363151445494e-05
RAB12,3.8661085563400144e-05
RFNG,3.866063418002662e-05
GRAP,3.857212757717687e-05
RXFP4,3.856721294994936e-05
DUSP9,3.856336343015954e-05
DUSP8,3.856336343015954e-05
HMCN1,3.855887854452017e-05
UCKL1,3.8546967562224175e-05
ZSCAN20,3.850896888104972e-05
GMPPB,3.848117429418366e-05
GPR6,3.844054556416929e-05
SEZ6L2,3.842842948905028e-05
SLC1A6,3.840503520943678e-05
SLC16A10,3.839424930187114e-05
TTC14,3.837388871163373e-05
CASC3,3.836911281084904e-05
TAZ,3.836530599936895e-05
EXTL3,3.83603237000419e-05
EN2,3.833013146968665e-05
KDM4B,3.831000612013552e-05
PPM1L,3.825906518810006e-05
MPEG1,3.823658041082368e-05
BCL2L10,3.821917404474805e-05
PMFBP1,3.82087161033072e-05
UAP1L1,3.817454921827314e-05
PNMA6A,3.815898026731402e-05
DISP1,3.8152080526752967e-05
JAKMIP2,3.8100780818476503e-05
IMPAD1,3.807825125639496e-05
FOXK1,3.807042572711397e-05
MTX1,3.8051404512058566e-05
ATP5EP2,3.8045554396505916e-05
SLCO2B1,3.804357969780386e-05
MED12L,3.8042133416271045e-05
IL13RA2,3.796809153164237e-05
MMP24,3.794923984917301e-05
RPS6KL1,3.7920479105363844e-05
SLC35D1,3.7913269232468894e-05
ZNF185,3.789957178563019e-05
WWC3,3.7896893997212276e-05
PLEKHG4B,3.788131155093061e-05
KCTD7,3.787540201731872e-05
SLITRK1,3.785539616606696e-05
C11orf70,3.784675911794012e-05
DNHD1,3.7829366929406225e-05
ACAP1,3.781425276790021e-05
CEP350,3.7762660689081984e-05
ARVCF,3.77156922107925e-05
ARAP1,3.7699122504669094e-05
BRSK1,3.7682326621434214e-05
TMLHE,3.7672520730118796e-05
TGIF2,3.7669752077039366e-05
TREML1,3.764654996019686e-05
TCHHL1,3.763329749506511e-05
MYO10,3.763325398146688e-05
SURF2,3.76178486244376e-05
SIVA1,3.7589061321339454e-05
C16orf87,3.75829520114526e-05
MAGEF1,3.752275524719339e-05
TSNARE1,3.7499158879010345e-05
PIGP,3.749858890831142e-05
FAM83G,3.749528799276068e-05
SKAP1,3.748713122473157e-05
TMEM189-UBE2V1,3.748520850125033e-05
SLC26A2,3.7472352911950656e-05
IMPA2,3.7386656817219175e-05
TAGAP,3.7353653296290186e-05
DLX1,3.7316509757532504e-05
DUSP2,3.7269706919155393e-05
PGLS,3.726758908488052e-05
CFHR3,3.725400100219465e-05
BDH1,3.724106211527199e-05
PALM3,3.72325997009015e-05
HIVEP3,3.718879212835397e-05
TNFRSF19,3.7175154404550095e-05
UCN2,3.7130553076206414e-05
MS4A4A,3.7128557926335795e-05
CCDC138,3.711569465277108e-05
GCDH,3.711046928419249e-05
TYRO3,3.70810043714748e-05
GTDC1,3.7031566262461304e-05
SLC7A7,3.702013378658292e-05
PHLDB3,3.7004178164156754e-05
CYTH4,3.698987097474525e-05
SHKBP1,3.696131316035217e-05
L2HGDH,3.695870698730555e-05
APOBEC2,3.695720420923174e-05
SLC25A45,3.694425757254462e-05
UBD,3.6903920625350776e-05
MBIP,3.686665131893628e-05
MIOX,3.68639676113747e-05
DSG4,3.684211327268343e-05
PPP1R14D,3.682881381208299e-05
CLNS1A,3.680475261646175e-05
SLC35C1,3.678712731635137e-05
FCRLA,3.6764015167378776e-05
PPT1,3.676121685302393e-05
MTDH,3.6735884123472424e-05
IMPA1,3.6735032889700633e-05
PEX6,3.673382729086022e-05
MORN4,3.671095251726627e-05
RS1,3.668847922872977e-05
IVD,3.6685888015110235e-05
ATOH7,3.66824621374212e-05
PAAF1,3.661118509496254e-05
TMC8,3.660134888292701e-05
FRMD4B,3.6586413153847267e-05
SERPINF1,3.654390738408056e-05
NPDC1,3.654320253825251e-05
PCBD2,3.651991655797683e-05
TMEM68,3.651595398520998e-05
DERL3,3.6502102970975656e-05
NDOR1,3.6502081461469484e-05
TFF2,3.6483482620267904e-05
SEMA4A,3.647726161897666e-05
NEU3,3.642808120962261e-05
LAMB4,3.639456118830035e-05
MSL1,3.6383915217453825e-05
MTMR4,3.636838680635924e-05
KCNK15,3.635976844033611e-05
ADAL,3.628352049169586e-05
CCL26,3.627078858055578e-05
CTSZ,3.620077954165236e-05
TMEM9,3.619649915671299e-05
RAB3IL1,3.609779136464109e-05
KIFC3,3.609518695651406e-05
OPN4,3.6092525027132975e-05
SOHLH2,3.604397048375836e-05
EMB,3.6035650884815714e-05
FRRS1,3.6016123194353694e-05
SH3BP4,3.600250411356195e-05
CDC42EP2,3.598014114465364e-05
TUBGCP6,3.597525068526884e-05
ADIPOR2,3.5955256437658465e-05
CAPN10,3.592482104991887e-05
DCPS,3.591698950448701e-05
GIGYF1,3.588864238294911e-05
SMG1,3.587166481832475e-05
ORAI2,3.5866642303483375e-05
ADRA2C,3.5848307663875116e-05
VASH1,3.584061700494204e-05
CADM4,3.58231313577798e-05
POF1B,3.581401157998158e-05
ESRRG,3.579113188371809e-05
RCN1,3.57862988901813e-05
TCTEX1D1,3.576410966228167e-05
C10orf2,3.569736502708683e-05
PDK1,3.567345040753418e-05
CLDN6,3.564645417250859e-05
C11orf31,3.561953800175126e-05
WFIKKN1,3.559047227019654e-05
PHOSPHO1,3.556159055683009e-05
TAP2,3.552588635189648e-05
DOHH,3.552243296832538e-05
SLC2A13,3.551778682617526e-05
DCAF4,3.548954185315409e-05
EN1,3.548609516604334e-05
DPP7,3.5485166838876214e-05
ANKFN1,3.5474557336829126e-05
LYPD6B,3.545056947835133e-05
CCL15,3.5419715714903536e-05
HAUS1,3.540133016433132e-05
TSPAN8,3.5398417648671156e-05
SHPRH,3.538438774228009e-05
CHRNA5,3.535287060175493e-05
THBS3,3.534565320460763e-05
SLC22A4,3.531419904843427e-05
RAB40C,3.5308062884185836e-05
EDIL3,3.529178203153835e-05
CCDC15,3.528581064053525e-05
RAB33B,3.525647430495842e-05
SEMA4B,3.5198860802887965e-05
PGBD5,3.511046805365284e-05
PROZ,3.505567182381676e-05
NMBR,3.505523210456866e-05
INSRR,3.5024860990115224e-05
HMBS,3.50002372561596e-05
PDCD4,3.4944981597017356e-05
TTC21A,3.4854769016545005e-05
RASL11B,3.484103454247636e-05
NPPC,3.4834824602110355e-05
NFIA,3.4804420305218974e-05
RASA2,3.474692965504532e-05
LRRTM3,3.474194227029627e-05
POU4F1,3.473603496534204e-05
CRABP2,3.472548746125092e-05
CLECL1,3.471202650748797e-05
TCEAL3,3.4662297754017644e-05
TRIM44,3.460680726561168e-05
FOXH1,3.460677338652536e-05
HOXB2,3.458778854642927e-05
FAR1,3.4580378852498375e-05
PUS1,3.457453502075057e-05
ZNF582,3.455820269622028e-05
COBL,3.454153313180824e-05
TXLNG,3.4511887682188086e-05
PNPO,3.442904969454483e-05
KIAA1715,3.4421844754025535e-05
LRRC66,3.44114257463414e-05
DLG5,3.440167933651951e-05
CTNNAL1,3.4395048814594347e-05
ISOC1,3.4385947642436293e-05
FAM63B,3.43532153922956e-05
S100A13,3.434863598987582e-05
STK36,3.43202352350768e-05
PIK3AP1,3.429970645704851e-05
DOK6,3.428890808886914e-05
MTTP,3.427377532311216e-05
REG4,3.4225288204503555e-05
DIP2C,3.421211355334988e-05
SLC6A20,3.421197020478865e-05
CMTM1,3.4210165302982294e-05
CASD1,3.4176292736251986e-05
NUDT14,3.4175459621870305e-05
MPG,3.41631373459596e-05
GLIPR1,3.41445364235833e-05
DOCK6,3.412674979403794e-05
BLVRB,3.4106861416563204e-05
CTRL,3.41007208105484e-05
MAN2A1,3.407366410087449e-05
LAT2,3.405469909686701e-05
TXLNB,3.403779932712194e-05
LHB,3.403521413566386e-05
SYT10,3.402024565578664e-05
IL18R1,3.4002525764067656e-05
NEK7,3.399010462937665e-05
CRTAM,3.39660565006556e-05
CNN2,3.395888353041505e-05
EPHA10,3.3937062090040084e-05
CDK10,3.392276974379356e-05
VNN1,3.392214624877995e-05
BRWD3,3.391764166161686e-05
REXO2,3.3915604863075435e-05
NFATC4,3.3909570191664016e-05
ZNF444,3.3881178638601636e-05
XPOT,3.38784592656482e-05
KCNJ13,3.3870797536499616e-05
LGI3,3.386305800294032e-05
TPD52L1,3.3860962702741606e-05
TCEA2,3.3860432388180644e-05
WWC2,3.384356501108946e-05
SSTR2,3.3818312493782465e-05
SOX4,3.3817463025177104e-05
ILF2,3.3808767455740585e-05
NPL,3.380278257168276e-05
C4orf29,3.374718503296302e-05
EPPK1,3.372317644113618e-05
ALG11,3.3717395186774766e-05
MAB21L2,3.371517592026152e-05
HMHA1,3.3646100668020384e-05
CLCN3,3.364077622686026e-05
DYDC1,3.3607982966018855e-05
RFX3,3.3602223109491766e-05
PANX2,3.3532694615612306e-05
CHCHD5,3.352687429081813e-05
NUFIP2,3.3519035595807384e-05
RAB38,3.351305954955265e-05
XKR9,3.351199485551747e-05
TMC6,3.3481052953554803e-05
IL17C,3.347008469258711e-05
USP6NL,3.34640306852901e-05
ELAVL3,3.341773313492907e-05
GPA33,3.341652714220644e-05
PARP11,3.339274878311267e-05
KCNA7,3.3391677553314926e-05
IL27,3.337735116594156e-05
RAPGEF5,3.336062780165801e-05
TCEA3,3.333866855180895e-05
SLC12A7,3.332865675192536e-05
PCSK1,3.332585297664778e-05
ZP1,3.331797114360525e-05
KCNK6,3.3295445004904297e-05
POU2F2,3.326362009615534e-05
MOXD1,3.3237999443387046e-05
LGALS3BP,3.3217692347117575e-05
SEMA6B,3.321031439217211e-05
TMEM173,3.315380917149972e-05
UBXN2B,3.3126900673892585e-05
TRIB1,3.312247019545572e-05
MBD5,3.30603828667121e-05
ADAT1,3.304701937627036e-05
SHPK,3.30309245564691e-05
CLEC4C,3.300500616527032e-05
PMCH,3.29746457388537e-05
CABP4,3.297419848652827e-05
UMOD,3.296108679011578e-05
RNF139,3.295896258024588e-05
RHOT2,3.295300822162357e-05
SRCIN1,3.290192516450659e-05
CD70,3.2890336446623984e-05
ABHD12,3.288048478888955e-05
EID1,3.287516530545263e-05
MREG,3.286757942718737e-05
MORN3,3.2856731055054355e-05
SLC29A2,3.2833509067096056e-05
SDCBP2,3.2823238237260676e-05
GIPR,3.272883235703491e-05
LRFN1,3.272514265355859e-05
WFDC5,3.2720288094016015e-05
EIF4EBP3,3.271182825332401e-05
GNLY,3.266089333542251e-05
MGAT4A,3.2639341605776906e-05
CPSF4L,3.2624454650461964e-05
TAF7L,3.260661261367151e-05
TEX2,3.2606142863862476e-05
EBI3,3.256409240528275e-05
GJD3,3.2528837326574624e-05
ELOVL5,3.25223188277871e-05
ARMCX3,3.2512067082038305e-05
ZSCAN1,3.245251846176342e-05
SSSCA1,3.2447941698854586e-05
RAB31,3.243287830916508e-05
APBB2,3.243287677177393e-05
FAM20C,3.2407742643149115e-05
ABLIM1,3.229361183603327e-05
GCM1,3.228778153286739e-05
ZNF34,3.2277037021735927e-05
COTL1,3.2244246438209335e-05
INO80E,3.2244208871757115e-05
SNPH,3.222874610743736e-05
MTAP,3.222667904810335e-05
TPSAB1,3.2172043794163896e-05
CRYBB2,3.216698433055306e-05
CHORDC1,3.216612955495885e-05
IFI16,3.216051629735933e-05
FANK1,3.2141167893330155e-05
TES,3.2105854275495204e-05
SRGN,3.2097298831303515e-05
ESRP2,3.2024979365878424e-05
HHAT,3.197631151385155e-05
PLAC8,3.196893398581193e-05
HTR2B,3.196468059649424e-05
SRRM4,3.1924861354576506e-05
PSTPIP2,3.1905440197054745e-05
MDN1,3.190152649728979e-05
ATP6AP1L,3.186701266537869e-05
GADD45B,3.1843273521426916e-05
HSPB9,3.180351911112637e-05
SLC2A3,3.179676589616703e-05
FAM161B,3.177923949065163e-05
DNAH10,3.175582820691923e-05
PRRG2,3.1716120692681244e-05
TMPO,3.171526996815397e-05
SQRDL,3.169215540522872e-05
ETV2,3.168027539029237e-05
ARHGAP4,3.1661892752100124e-05
MACF1,3.165346123883877e-05
OBSL1,3.1652752398303364e-05
ATP2B1,3.164053893358763e-05
TEX264,3.161722255262053e-05
SSH3,3.1588790128811455e-05
ZNF44,3.158871575616688e-05
ZNF501,3.158871575616688e-05
ZNF569,3.158871575616688e-05
ARNTL2,3.1579735246589805e-05
TBX2,3.1572233628276313e-05
CD300A,3.1564101106377425e-05
FAM188B,3.1549708245693706e-05
KCNV1,3.152561652211732e-05
TMEM59L,3.152527026871873e-05
GPR18,3.1476304734011294e-05
IL20RB,3.14452869306664e-05
CCNJL,3.144470983098176e-05
TMEM164,3.144333845038659e-05
GRHL1,3.143454881501652e-05
TIAM2,3.143454881501652e-05
TXK,3.139019693069603e-05
THEM5,3.136678062414323e-05
CYB5D2,3.132554452046862e-05
SLC20A2,3.1316449163405765e-05
SSH2,3.129817178951623e-05
NHS,3.129001472553118e-05
MICB,3.1288388266305076e-05
PSPN,3.127966555845277e-05
OCM,3.126887479517221e-05
CILP,3.1261455039335874e-05
RHBDL1,3.124205116791964e-05
NRSN1,3.119805428665217e-05
KCNJ6,3.1140163540031056e-05
HOOK1,3.112312290606618e-05
MCF2,3.111472084924891e-05
CYP2F1,3.1088426646289286e-05
BLOC1S1,3.1065298314265503e-05
OBP2A,3.105218845037362e-05
EXD3,3.103627351492713e-05
PASK,3.1033223104829024e-05
FARP2,3.10325688913682e-05
GRK7,3.1024356516658446e-05
NDUFAF4,3.100297156955993e-05
CDH7,3.099246212038645e-05
CAPN8,3.095232474833434e-05
ATF7IP,3.0919895976458363e-05
GPR126,3.091685987562115e-05
IQCJ,3.0905821651102025e-05
PDLIM2,3.0881936452034763e-05
MATN1,3.0874638795353354e-05
ZMYND8,3.086722555562573e-05
LCORL,3.085545682024814e-05
C11orf30,3.0853868581296776e-05
DMP1,3.08420389235373e-05
MYT1L,3.0835370194642904e-05
EFR3A,3.080458809323151e-05
EFR3B,3.080458809323151e-05
SYT12,3.079975825099823e-05
MICAL3,3.0795661765564946e-05
NAA10,3.079347638180063e-05
DENND1B,3.078059257772959e-05
ASH1L,3.077068342100881e-05
TRMT61A,3.072057266067359e-05
ANTXR1,3.072054779348008e-05
EXOC6B,3.069015334442274e-05
UGT3A1,3.0685942624321225e-05
GDPD5,3.0676857370873105e-05
MLKL,3.063237378815089e-05
B3GALT4,3.059702335065707e-05
TNFSF13,3.059544445935467e-05
SPSB1,3.05837750867208e-05
FAAH2,3.0531048735332464e-05
CLASP2,3.050988752478282e-05
MYO1G,3.0507504641994185e-05
BEND6,3.0500981579689918e-05
CLCNKA,3.0474031964881422e-05
BRF1,3.0445243577165464e-05
PHF19,3.040180146661446e-05
UBR1,3.039645581011188e-05
RNF152,3.03644268459441e-05
VASH2,3.0345485883539974e-05
PADI4,3.0317837489397017e-05
INF2,3.0309060220993764e-05
DENND4C,3.030005927333432e-05
NEK6,3.0234107436980386e-05
C6orf203,3.0212628451939134e-05
ANKHD1-EIF4EBP3,3.0193317446065684e-05
PUS7,3.0178445605772365e-05
CD300LB,3.0154893535392174e-05
MAN2A2,3.0153372635942933e-05
WEE2,3.014462547122804e-05
GJB6,3.0128704477995467e-05
RP2,3.0112408996071452e-05
D2HGDH,3.0103617270364373e-05
C8G,3.010279830379226e-05
NAGPA,3.0101679445389256e-05
DPM3,3.0088019922360288e-05
LILRA2,3.0084242865144203e-05
CDK2AP1,3.006966197036743e-05
PHLPP2,3.0066114481321778e-05
MAGED2,3.004194261035963e-05
CRLF1,3.003135020216729e-05
NXF5,3.002567831402182e-05
MBTD1,3.001514222506017e-05
FAM102B,3.0000974331437557e-05
ELMOD2,2.9994564751908207e-05
MID1IP1,2.9981325378105135e-05
SLC2A11,2.998109794593346e-05
PCYOX1L,2.99586395476203e-05
NHLRC1,2.9950062884891802e-05
TNKS1BP1,2.9947826705322325e-05
NRL,2.9896902564566684e-05
CBLN2,2.9890805219529854e-05
C17orf75,2.9867731391441887e-05
PCDH10,2.9852029729413696e-05
UBXN8,2.9836131524163963e-05
MAN1C1,2.982855555890455e-05
SLC4A3,2.981445229984068e-05
JDP2,2.9806405450032447e-05
CA8,2.9743738827551533e-05
FRYL,2.9719519270907663e-05
LILRA4,2.9713533154386594e-05
SLC12A6,2.9698281243719746e-05
RALGPS2,2.968374872025333e-05
ERO1LB,2.9662109323657604e-05
KRT20,2.963782965569528e-05
CAP2,2.9604046716351524e-05
SEPSECS,2.9590098106177797e-05
CYSLTR1,2.9567139885982216e-05
ANKS4B,2.950701194770029e-05
MYO7B,2.950701194770029e-05
KIAA1731,2.950438172237336e-05
CHD5,2.9504235641804315e-05
C15orf27,2.9493613107248378e-05
IGFBP2,2.9488982316710843e-05
LRGUK,2.9473926486407857e-05
TXNDC5,2.947108647226338e-05
CD82,2.9458911855262543e-05
TMBIM4,2.9417171306107395e-05
SIGIRR,2.940445447074956e-05
DNAJB14,2.9399275834005387e-05
LRFN4,2.9390946837409344e-05
BRF2,2.9371963220363856e-05
CMTM4,2.936807046352469e-05
PAWR,2.93158472777567e-05
ATF5,2.929979128490825e-05
EMR1,2.9242167033768563e-05
ZNF165,2.9238184109960937e-05
RUNDC1,2.923740503496982e-05
TPTE2,2.921469278175184e-05
CPA4,2.9200852735317886e-05
CASS4,2.919685230280344e-05
NLRP9,2.9194514835336433e-05
PDK3,2.9190959529831787e-05
MAGEL2,2.9184268601155424e-05
HTRA1,2.9179547840649947e-05
RIN2,2.9150993318280538e-05
OSBPL5,2.9150717423255623e-05
MMP21,2.9141305260053882e-05
MESP2,2.9093898850386304e-05
TET3,2.9083080969030325e-05
DYRK2,2.90734557196954e-05
HAUS7,2.9054950706681145e-05
SLC16A1,2.9012389292690253e-05
TGM4,2.8985318883700808e-05
EML1,2.8975888289780985e-05
DDIT4,2.8972295766066647e-05
IGSF5,2.89582491186214e-05
AICDA,2.8949234788317816e-05
TSSK6,2.893243591150316e-05
KCNJ15,2.8916511995495065e-05
NLRP6,2.8911476296848765e-05
SUV39H2,2.8905647650080323e-05
MC5R,2.884398675266918e-05
FGF12,2.882525949442081e-05
FAM46C,2.8797576745556884e-05
MTX3,2.87706200258742e-05
ZNF420,2.8726939591070522e-05
WDR16,2.8716261629309493e-05
NUBP2,2.86977718281365e-05
PLAC8L1,2.8676700422640458e-05
CRYBB1,2.8672347657281208e-05
MAGED4,2.8661289587978657e-05
FGFRL1,2.8651540082992696e-05
SLC35F1,2.8630190108534606e-05
PMF1,2.8578720107577825e-05
FNBP1L,2.857695830232658e-05
SPIRE2,2.8571852352009585e-05
LMF1,2.854709986262988e-05
KBTBD3,2.8535729318267298e-05
HPN,2.852968775519475e-05
SLC22A17,2.8528428677436822e-05
TNS3,2.852076678768072e-05
CRYZ,2.851581273325918e-05
CNTN5,2.8514919379495235e-05
FRAT1,2.8513720087963724e-05
LTB4R2,2.8486044804668742e-05
SCGB2A1,2.8480579730724006e-05
ACRV1,2.8443320558459075e-05
CD101,2.8436590375952115e-05
LEPREL2,2.8411394987337766e-05
WDYHV1,2.8367883223260605e-05
CARS2,2.8356094108421618e-05
CNTD2,2.8346027324294e-05
KHDRBS3,2.8341585133274314e-05
CCPG1,2.833864502297502e-05
FIGNL1,2.8325495634020246e-05
SLC13A4,2.8309070034757527e-05
RHCE,2.82808183274342e-05
TACR3,2.8246729865374244e-05
GDPD4,2.821008662097978e-05
ISPD,2.819314797342335e-05
DLX6,2.8183458372053043e-05
CPEB2,2.8180254512400594e-05
CHRM5,2.8134301256822943e-05
IGF2BP3,2.8130184651126705e-05
PKD1L1,2.811202845945865e-05
PCTP,2.8103667539955165e-05
CA12,2.8102531932413007e-05
CA14,2.8102531932413007e-05
FEM1C,2.8101799471325585e-05
FAM178B,2.8100051855551657e-05
ATP13A2,2.8091193241081173e-05
SLC17A5,2.808385408194555e-05
CCDC85B,2.806535403074211e-05
MAST1,2.8051706754814188e-05
FKTN,2.803988563835204e-05
GRAMD2,2.8025306787178307e-05
GRAMD1A,2.8025306787178307e-05
HAS2,2.801023435307354e-05
SYNC,2.7974328485178372e-05
GOLIM4,2.7968814326328453e-05
PQBP1,2.795999159661596e-05
GUCA1B,2.7957999380766734e-05
VSX1,2.7957464074915296e-05
ULBP3,2.7948058994046516e-05
SH2D2A,2.7941463185283147e-05
ABCC4,2.791165269793048e-05
DEAF1,2.790783685258535e-05
TRIM22,2.7903590960823036e-05
DOK4,2.7860557043169513e-05
POU3F1,2.7847007682292193e-05
GCGR,2.7833959322390595e-05
RASAL3,2.774839823207024e-05
TAPT1,2.7732539857428253e-05
DAND5,2.7696497042053593e-05
SLC22A16,2.7671312699185355e-05
INSM2,2.766916669239271e-05
ANKS6,2.765998862200549e-05
C14orf2,2.7632726627626598e-05
SIX5,2.7611234625356433e-05
SCEL,2.7607269761818364e-05
CHRNE,2.7604067605454562e-05
NRM,2.757617837152461e-05
ALOX5AP,2.7565893427425718e-05
BRDT,2.75656510117213e-05
LILRA6,2.74579991057127e-05
ARL13A,2.7442197276220217e-05
EDARADD,2.742592153489573e-05
MOB2,2.7424236481852862e-05
DIAPH2,2.7412976923416167e-05
SCO2,2.7388333889450836e-05
C6orf25,2.73700008016996e-05
LRRC4,2.734330437443554e-05
ASGR1,2.7341684522683577e-05
MSC,2.7303546620753333e-05
C4BPB,2.7287858712226724e-05
SFTPA2,2.7281709222664184e-05
FLRT1,2.7275998544792898e-05
NSUN7,2.7275895396170385e-05
KCNG2,2.7274748398553538e-05
PLEKHA6,2.7263217564682005e-05
FOXP4,2.72352088359198e-05
LTBP1,2.723385326628175e-05
CAPN14,2.7229272353840655e-05
FBN3,2.721450187163079e-05
COL19A1,2.7181180727119725e-05
TLX2,2.7170187098918704e-05
SLC22A2,2.7153153970072724e-05
CEP250,2.7151685918547148e-05
NAF1,2.7116531573879396e-05
DENND1C,2.7110719584604952e-05
CA7,2.710130405822169e-05
IGFBP7,2.709621123929642e-05
DCDC2B,2.7086245326829548e-05
POU5F1B,2.706987453199722e-05
RHBDF1,2.7053301221926844e-05
F2RL1,2.704141472031834e-05
ZNHIT1,2.7038862231328468e-05
CD52,2.694791665273756e-05
CLIP2,2.689526127781831e-05
PIRT,2.6893679281837388e-05
DISP2,2.688742163164553e-05
SOX13,2.688657792223488e-05
EHBP1L1,2.6886038523574897e-05
GALR2,2.6885271084354147e-05
ALPP,2.6874716772459458e-05
TNFRSF10C,2.684353762280301e-05
KIAA1429,2.6821009025917674e-05
MAF1,2.6801160693768875e-05
HEXIM1,2.675476597142398e-05
TMEM159,2.674148105941117e-05
SLC36A4,2.6729818205428345e-05
SERTAD2,2.6723497078306384e-05
PADI2,2.6704377341088935e-05
GALNS,2.6691757732282897e-05
PHLDB2,2.6686920577796425e-05
TMEM144,2.6649110262448594e-05
ASGR2,2.6630022372551942e-05
PDP2,2.6597701960009576e-05
SLC7A9,2.659095161077744e-05
NRGN,2.657490465836201e-05
ATP11B,2.655882829159004e-05
ZNF81,2.6554082401109702e-05
ZNF41,2.6554082401109702e-05
CNFN,2.6548030146267604e-05
PTCRA,2.652231729710018e-05
SLC38A3,2.6485302480643222e-05
OPRL1,2.6479321481454754e-05
RHBDL2,2.647812968111772e-05
SHROOM2,2.647174411301163e-05
WDR83,2.6435343367752905e-05
UVRAG,2.642971775584872e-05
CNTD1,2.6428143825605432e-05
CHIA,2.6422665741744564e-05
ECE1,2.6389345425028222e-05
HIGD1A,2.6356787494015906e-05
CALHM1,2.6354213337880194e-05
MAP3K10,2.6340881571590245e-05
WDR6,2.6331436884029512e-05
ORAI3,2.6328147668008547e-05
OTOA,2.6314342335371858e-05
KRTDAP,2.6309799600697363e-05
MAN1A2,2.6308490245401576e-05
TSPAN5,2.627277565986505e-05
NDE1,2.6265644400574544e-05
PPP1R3E,2.626049984058899e-05
MAP1A,2.6256557482804874e-05
TMEM161A,2.6233028418564117e-05
PHF20L1,2.6229811169076163e-05
SLC6A8,2.6208112486394704e-05
MAP1S,2.6206967854766376e-05
APOBEC3F,2.6206001279586913e-05
SLC28A1,2.617028775611322e-05
NAAA,2.6167856796134755e-05
NARS2,2.6144229517672204e-05
NEBL,2.6138807325241804e-05
HOXC9,2.6129286528486444e-05
VAX1,2.6115675842325087e-05
BIN3,2.611118329499792e-05
THOC3,2.608293013954782e-05
RAB4B,2.606322154119689e-05
ATG4D,2.605981446598138e-05
PILRA,2.602898454341449e-05
FAM96B,2.60260376644726e-05
PDZD8,2.6014748781682022e-05
BTN3A1,2.601005742052578e-05
SEMA4C,2.600763270298156e-05
GPR37,2.6003275989469524e-05
PROKR1,2.597740051888639e-05
CASKIN1,2.5961782484362825e-05
RAB40A,2.5961590653167453e-05
SLK,2.5957100486768767e-05
FSIP1,2.5956767748899466e-05
C12orf57,2.5946473112182147e-05
EPS8L3,2.5912063744795807e-05
CYP4X1,2.5899078542780766e-05
SERPINA12,2.5879051183143946e-05
ADAT2,2.577374673949335e-05
TBC1D10A,2.574899442980097e-05
CTU2,2.574613928479583e-05
GTF3C4,2.571690034720516e-05
GLYATL2,2.5716780419607897e-05
LIPK,2.5716780419607897e-05
ITM2B,2.5715680243186148e-05
HTR6,2.570479311155572e-05
ARSG,2.5684808424705447e-05
CTTNBP2NL,2.5678992248585312e-05
APLNR,2.5626511030772615e-05
BLMH,2.5610920856728554e-05
C9orf41,2.5601686534066593e-05
CLEC4E,2.5593994224551114e-05
WDR81,2.5588663990087135e-05
HES7,2.5583403498899378e-05
TMEM218,2.555383885039189e-05
PCDHB1,2.555383885039189e-05
HGFAC,2.554520700375236e-05
GLB1L2,2.552711627228641e-05
KIF27,2.552116882543391e-05
SPATA2L,2.5515339795545615e-05
PITPNM3,2.5511910478339644e-05
PUSL1,2.5508774177610616e-05
ADCK5,2.5503436067938516e-05
STXBP4,2.5443418374691303e-05
OVGP1,2.5442172789782704e-05
RFESD,2.5419117538604546e-05
HUNK,2.5412348439605606e-05
CIB1,2.5347319834456723e-05
UBR2,2.533443103015013e-05
GK5,2.5330043549580022e-05
FBXO41,2.5320887101023717e-05
FBXO36,2.5320887101023717e-05
SYAP1,2.531984054697317e-05
PARP8,2.5292929478386603e-05
FMNL3,2.5290723552347286e-05
RCAN3,2.5269865821114164e-05
CYS1,2.525506461806182e-05
DHODH,2.524680849467783e-05
TSSK1B,2.524035515628876e-05
PDXK,2.5238711612380904e-05
MOSPD3,2.5236516834118804e-05
NARFL,2.5223901393084305e-05
ADARB1,2.5192596495384382e-05
CAMKK1,2.5191765592473464e-05
LCOR,2.518953788626834e-05
ASB9,2.5188072185406947e-05
CRYGS,2.517655292774709e-05
TMEM145,2.5168207035870734e-05
LZTS2,2.515718535505853e-05
ZBTB7B,2.51258490279631e-05
ARHGAP29,2.5109654081939276e-05
TARS2,2.508261098099236e-05
SLC39A3,2.5052930395514453e-05
MARCO,2.504110149124384e-05
AKR7A2,2.497405057977985e-05
ZFP42,2.4972653734101284e-05
TMEM189,2.4945164720232008e-05
MBNL2,2.494257210736344e-05
CD6,2.492647273091479e-05
DZIP3,2.4867573982993982e-05
APOA1BP,2.482325928718871e-05
C11orf74,2.4820111871669473e-05
FXYD7,2.478513441531386e-05
CD58,2.478467920911298e-05
USP28,2.4777540711765388e-05
ZNF385A,2.4766205291190165e-05
FUZ,2.4763604040672566e-05
ARFRP1,2.4760888952448653e-05
SLC26A9,2.475190826386552e-05
NUDT4,2.474561975345692e-05
GPR123,2.4734597427095713e-05
BIRC7,2.470491823294311e-05
TGFBRAP1,2.4679691337006684e-05
GCHFR,2.4649337412463503e-05
SPEF2,2.462763680552512e-05
RAB34,2.4608707721536146e-05
LYST,2.4603075842265016e-05
LMOD3,2.4597225995119677e-05
RHOV,2.457225451466215e-05
STAP1,2.4533083800630657e-05
ATE1,2.4513479894435595e-05
C5orf42,2.4462778633530407e-05
RASA3,2.4455616686187253e-05
TRAF3IP3,2.4436582453176118e-05
WARS,2.4423790273252254e-05
PROSC,2.4412748769601754e-05
PTH2R,2.440102328028757e-05
PRH2,2.439064627142015e-05
PRH1,2.439064627142015e-05
DCLK3,2.4361034161475063e-05
DKKL1,2.43575846447652e-05
VN1R1,2.434921087677303e-05
GPR3,2.4347616651103795e-05
SCGB3A2,2.4340750101289547e-05
TRIM67,2.433993699072332e-05
FMNL1,2.433611683341767e-05
KCTD1,2.4330624425459584e-05
SP5,2.4293304703481992e-05
MMP19,2.4286140699095293e-05
GNB1L,2.4285632861193794e-05
STK31,2.427637243175801e-05
SNAPC4,2.425536556002231e-05
INSM1,2.424443755474578e-05
ELF1,2.422584654154743e-05
SLC22A5,2.4123861244906974e-05
TMC7,2.4084771313666713e-05
PNRC1,2.408184325399032e-05
UEVLD,2.407172325959933e-05
MRC2,2.406319762917007e-05
HRH2,2.4051258180549253e-05
ZNF827,2.4028584455897593e-05
DUSP27,2.4005167668381137e-05
PRRX2,2.397582386499216e-05
HOXD1,2.396390433421726e-05
CECR5,2.396122554255412e-05
CLDN15,2.3951565518738607e-05
NLRC5,2.3940899249484617e-05
USP25,2.3925072936711872e-05
DPP8,2.389717299874682e-05
TACSTD2,2.3881509220899253e-05
ARL6IP1,2.3848177106352183e-05
DCDC1,2.3839681237498382e-05
JMY,2.383480555944826e-05
CLPS,2.3831450703433395e-05
CRYBB3,2.380838594818907e-05
MAP3K12,2.38069387592713e-05
TBC1D1,2.37662782792834e-05
FAM161A,2.3740380068822117e-05
NEIL2,2.3736850366140054e-05
KIAA0195,2.3723187603276836e-05
TSC22D4,2.371398267301475e-05
SECTM1,2.3703686784636075e-05
FOXF1,2.3673101555792023e-05
ACOXL,2.3651881832364455e-05
TMEM87B,2.3651881832364455e-05
ACTR3C,2.357180115371679e-05
FRAT2,2.3558561282638725e-05
ST6GAL2,2.3535899051555148e-05
TOB1,2.3511314859471367e-05
ZFP57,2.3508597295770348e-05
LAIR1,2.3506954236944326e-05
SH2D1B,2.347205795067602e-05
C8orf37,2.345217096252964e-05
ABCC3,2.3449800855027407e-05
ADORA3,2.3391877234552214e-05
TRMU,2.3390181336605218e-05
SPOCK1,2.33525453067503e-05
TBX1,2.3350338995011002e-05
MLXIP,2.3337970712401177e-05
DUSP5,2.3321478832902452e-05
TRMT2A,2.3301138457875183e-05
LTB4R,2.3300244581116933e-05
ALG8,2.329639060882241e-05
ARMC5,2.3244079625103175e-05
NANOS3,2.3242275023313627e-05
XRRA1,2.3224260755221526e-05
ZFP36L1,2.3219712765404633e-05
PSD,2.3201536852163422e-05
CPN2,2.319769657262691e-05
EYS,2.3196768734680444e-05
SLC25A18,2.3191062894323147e-05
GABRG3,2.316860343793005e-05
ATP11C,2.31591758678032e-05
BACE2,2.3158625952404382e-05
PTPRN2,2.310126280109692e-05
ALDH8A1,2.308583804846375e-05
FBF1,2.3075437575707224e-05
USE1,2.3070220470402132e-05
STMN2,2.3060401168333866e-05
YIF1B,2.3056007686541444e-05
RPGRIP1,2.3038894448084225e-05
PRKRIR,2.3025111439864803e-05
GTPBP3,2.3014717712642515e-05
UCP3,2.301453493042452e-05
LHPP,2.3003971674391274e-05
MIPOL1,2.2982344768652556e-05
TMEM38B,2.297547172719738e-05
PCP4,2.296844861376956e-05
KANK2,2.2953979340826302e-05
ZNF215,2.295386713371431e-05
SLC9A6,2.294638903077029e-05
MAN2C1,2.29429890932335e-05
CLCN5,2.292594988154485e-05
FAM65C,2.2924154296949975e-05
GPR89B,2.2919479818430114e-05
ITLN1,2.2906754081663578e-05
HPDL,2.2852052893286557e-05
RCE1,2.281162529100264e-05
FAM107B,2.2783258994797436e-05
TMC3,2.2765962552489357e-05
EMID1,2.2764984155263127e-05
PDRG1,2.27546892051655e-05
MAP3K9,2.273711455845463e-05
CXADR,2.2720016142164292e-05
PPOX,2.271785008977181e-05
TPST2,2.271563717773618e-05
MOCOS,2.2706188178449588e-05
IGSF6,2.2699705082729494e-05
RRH,2.2680780424380993e-05
PRKD3,2.2661122638063152e-05
S100G,2.2631179705536277e-05
SLN,2.2610176082428564e-05
NOSIP,2.2526633854973518e-05
UHMK1,2.247968458482503e-05
ARSE,2.245823235063391e-05
NKX2-8,2.2455562640308165e-05
TMEM176B,2.245414235376376e-05
MPND,2.2453488695020076e-05
AMICA1,2.2445815123424747e-05
EVI2B,2.2444237076731904e-05
TANC1,2.244169722534023e-05
FSTL1,2.2440555377594857e-05
PPM1H,2.24125396961452e-05
UBASH3B,2.241154740538273e-05
LRCH3,2.2408278068563648e-05
RFPL4A,2.238625164668831e-05
ATP8B1,2.2383271121732675e-05
LMAN1L,2.2380156048541872e-05
ADAT3,2.2342283747214653e-05
NUDT13,2.2286270786249445e-05
C17orf59,2.2270623398646186e-05
SHOX2,2.225506955798983e-05
ZCCHC11,2.2254563890954744e-05
ROGDI,2.2229087154461945e-05
FAM83C,2.222105015397872e-05
PLEKHN1,2.222105015397872e-05
ZFX,2.2195982177214315e-05
GSTCD,2.2191430786375184e-05
HPGD,2.2183230078352055e-05
R3HCC1,2.215944257478812e-05
GPR183,2.214293142688971e-05
SH3RF1,2.2142232283560715e-05
DHX40,2.213281520125401e-05
ANKRD23,2.210876880521961e-05
CISD1,2.210434794023361e-05
NACA2,2.2103205848436876e-05
NINL,2.2077996925123412e-05
FICD,2.205646688842611e-05
DUSP16,2.2023218865122683e-05
IGSF11,2.2001947520431045e-05
GRID2IP,2.1998413232553548e-05
ZNF710,2.198773363601091e-05
TMX4,2.1982639685697022e-05
ANP32E,2.197749297660498e-05
ERCC6,2.19763547507493e-05
CTU1,2.1955390741700778e-05
DNAJC15,2.1946341679423242e-05
NFE2L3,2.194629505003287e-05
FAM118A,2.1938680007868075e-05
IGSF8,2.191954797948604e-05
C1QL1,2.1908189777127265e-05
C2orf74,2.1900366148316673e-05
PFN4,2.1899792467513694e-05
HAUS5,2.189534806857434e-05
EPX,2.1883660945365428e-05
STAP2,2.186773426799374e-05
CC2D1A,2.186585428476273e-05
PGPEP1L,2.185346270229258e-05
SP110,2.1843266997934464e-05
PPTC7,2.183646649268983e-05
ZNF541,2.183066221250002e-05
CASP8AP2,2.1827391362742807e-05
ACY1,2.1826686270851393e-05
KLF13,2.1806362841045435e-05
C17orf96,2.1788693729991603e-05
S1PR5,2.175848328792757e-05
FAM174B,2.1757006511328455e-05
ACYP1,2.171502642893764e-05
ZNF644,2.1636761474833147e-05
FDXACB1,2.162675080740986e-05
SNCB,2.1621279692633347e-05
SCML4,2.1595232089409857e-05
PNLDC1,2.1581373417222032e-05
CLCF1,2.156938874017025e-05
MAN1A1,2.1563906462525412e-05
NPC2,2.1562963237199616e-05
EXPH5,2.152529227067519e-05
IL20,2.150579401988816e-05
SPIRE1,2.1485015473977014e-05
C9orf117,2.147947909919339e-05
DMXL1,2.146321460196637e-05
TMC4,2.145873529365424e-05
MYADM,2.1454774887589785e-05
SLC38A4,2.1439686573138866e-05
RAB15,2.1408582627232784e-05
KIAA1958,2.1406464559567255e-05
PDDC1,2.138254766633668e-05
PDXP,2.1377822291858725e-05
C14orf39,2.137283019846216e-05
XG,2.137009069241712e-05
TIAF1,2.1365594336035522e-05
APBA3,2.135756630310773e-05
ITGB1BP2,2.1354448970558454e-05
LRRC52,2.134457677234029e-05
RASSF2,2.132877198317729e-05
NUP210L,2.131606479784632e-05
TMEM194A,2.1288523640377875e-05
SLC26A8,2.1281165504073813e-05
COMMD5,2.1260905417193842e-05
ANKRD37,2.1222375963594364e-05
SLC25A37,2.118245598936e-05
DHRS2,2.1160929877858613e-05
PCBP4,2.1145085536585517e-05
KIF13B,2.112904694796766e-05
MARCH9,2.1117742012112274e-05
IL18RAP,2.1114800393648357e-05
DNAJB2,2.1093519006723774e-05
IL32,2.1089932984532226e-05
SLC22A14,2.1077587580401393e-05
ABLIM2,2.1073399764922005e-05
TBXAS1,2.106819284113221e-05
RASGEF1B,2.1037211277782736e-05
CGB,2.100939345084034e-05
OVOL2,2.096995474662844e-05
GPHA2,2.0966176802937632e-05
ZC3H12A,2.0956568750223537e-05
CLEC12A,2.0953793205049902e-05
KLHL17,2.0933045404580267e-05
TMEM169,2.0922280969124666e-05
PXK,2.0922280969124666e-05
SLC10A4,2.0922280969124666e-05
PARP4,2.0905842532084573e-05
PPP1R3F,2.089200480274051e-05
PATL2,2.0891147794137402e-05
CXXC1,2.0856790055216942e-05
YIPF2,2.084475152245828e-05
AGMAT,2.084396831780508e-05
PLEKHJ1,2.0817870895896578e-05
RNASET2,2.081405364369576e-05
ARMC9,2.0807786089447837e-05
METTL11B,2.080213225190548e-05
TRAF3IP2,2.0792307480263954e-05
SEZ6L,2.0788411936654633e-05
BASP1,2.075501391739237e-05
DENND3,2.0737550275571727e-05
ATP8A1,2.0735175257700107e-05
KIAA1462,2.0731962311276673e-05
SCAF1,2.072076310574385e-05
C6orf52,2.070905417302106e-05
CTDSPL,2.0708596701094204e-05
CNN3,2.0685385304760776e-05
BAIAP3,2.0648836729664182e-05
APLN,2.0631594545420803e-05
TMEM64,2.0627384642336625e-05
GSG1L,2.0612898090346508e-05
VRK2,2.059524074500555e-05
XPO4,2.0593045381917134e-05
BLVRA,2.0585923945044914e-05
TAS2R10,2.0561186538958022e-05
TAS2R19,2.0561186538958022e-05
TAS2R31,2.0561186538958022e-05
TAS2R14,2.0561186538958022e-05
TAS2R3,2.0561186538958022e-05
TAS2R20,2.0561186538958022e-05
KIF21B,2.055341211975583e-05
NRAP,2.0548828789459957e-05
EP400NL,2.051007524912263e-05
PIH1D2,2.0506485730028708e-05
IGSF21,2.048936100359024e-05
CNGA3,2.045588120836478e-05
TCP11,2.045093834022692e-05
KIF6,2.043360832512225e-05
POLR2J3,2.0396555643566886e-05
POLR2J2,2.0396555643566886e-05
TMEM200A,2.0383508880650788e-05
SHROOM3,2.037547883347467e-05
BCL2L14,2.037040611895676e-05
ART1,2.036879952323263e-05
MPP3,2.0330156921145376e-05
RPS19BP1,2.0327055376901046e-05
MTSS1,2.02943222243727e-05
SPACA4,2.0292928917363665e-05
CRYBA4,2.026140056951634e-05
PKIA,2.022939833557258e-05
RAP1GAP2,2.0227147185237263e-05
ST6GALNAC5,2.0224091568498824e-05
IL1RAPL2,2.021570574683655e-05
ZNHIT2,2.0202855267350435e-05
SERTAD4,2.0198910984738148e-05
RC3H2,2.0198503481511977e-05
LPXN,2.018722174671767e-05
TRIM69,2.0181752718863702e-05
ECEL1,2.0161321755098397e-05
AZIN1,2.0098758109711986e-05
GJB5,2.005450987208622e-05
LIPT2,2.004870741606694e-05
TMEM181,2.0045935801574146e-05
TTLL4,2.0039647200964813e-05
SIRPB1,2.0013741900246555e-05
LRRC25,2.0010764773133178e-05
MYO1E,1.9963491627248804e-05
FLYWCH1,1.994141540822653e-05
CBR4,1.9937858315554595e-05
SENP7,1.9900415332346998e-05
OPRK1,1.9877253177143024e-05
CHRM4,1.986668834168125e-05
WSB1,1.9852989217663043e-05
ZNF598,1.984839073402867e-05
SMOX,1.984461100920601e-05
YIF1A,1.9810338274982524e-05
LILRA5,1.9808779427844485e-05
ZNF276,1.9802590588605718e-05
NAT8,1.9733926128778466e-05
PCP2,1.972378238362084e-05
ITFG1,1.9709281560903912e-05
DYRK1B,1.9690375632822223e-05
GSC,1.9689416186409077e-05
MEGF11,1.96856972963393e-05
LRRC56,1.9678001373209916e-05
PITX3,1.967261552696618e-05
JRK,1.9634359790853013e-05
WDR78,1.9626390059872807e-05
RNF166,1.9621432368782176e-05
CCDC85C,1.957072160506095e-05
C9orf142,1.956624275162385e-05
ZSWIM7,1.956624275162385e-05
CCNDBP1,1.9563521015545268e-05
FAM60A,1.955490290173265e-05
DCUN1D2,1.9548252314140728e-05
MRI1,1.9510935137552996e-05
TREML2,1.9504623453064075e-05
TOM1L1,1.9484271733753613e-05
KIAA1598,1.9460027292867595e-05
HYAL3,1.9408341674924754e-05
RINL,1.9405056116162035e-05
HECTD1,1.9404197594741082e-05
FGD1,1.9401426319183954e-05
IER2,1.939515315819243e-05
NBL1,1.937128940493327e-05
ENPEP,1.9369359510781642e-05
TMEM150B,1.9342232716513424e-05
ZNFX1,1.933786732116989e-05
MARCH3,1.9329884352823475e-05
SPINK4,1.9328735392983598e-05
SPINK2,1.9328735392983598e-05
POU4F3,1.93216831406239e-05
ADAM9,1.931678264572404e-05
SYTL3,1.9309839643896733e-05
LGALS1,1.9308948537401004e-05
TWF2,1.9269235986577073e-05
SSTR5,1.9262970830191652e-05
SLC16A8,1.9233043328166616e-05
BOLA1,1.922022493983508e-05
MIXL1,1.9219417269268905e-05
EBF4,1.921750623628754e-05
DCBLD2,1.9216230943588635e-05
MADCAM1,1.9210222609526845e-05
ZNF114,1.92037106329334e-05
RRBP1,1.917604567559637e-05
PAIP2B,1.9154344686010213e-05
FAM83F,1.9116906424424242e-05
RBM11,1.9091898333893744e-05
KRT3,1.9070482471202135e-05
TP53I3,1.9062328254526135e-05
CARD17,1.9053445584793996e-05
C5orf30,1.902762688421705e-05
XPR1,1.900698163277662e-05
CAGE1,1.9006857584976717e-05
NAGLU,1.900329322998642e-05
SPSB2,1.8965883402303507e-05
RHOBTB1,1.895995391391592e-05
FXYD5,1.8952429765328347e-05
CYTIP,1.8933007492975793e-05
ZNF652,1.8930454058417523e-05
DNAH7,1.892764294477718e-05
ASB4,1.891006618194156e-05
CAMK1G,1.8902402102806712e-05
ARAP2,1.8890413182357012e-05
RASSF3,1.8886139322400786e-05
TPST1,1.8879981463839562e-05
SULF2,1.8871786807625708e-05
KHDRBS2,1.886235027670245e-05
IRX5,1.8818741905716784e-05
CLEC4A,1.881077736987937e-05
CDK5RAP3,1.8796246582449572e-05
ACRBP,1.8790342502680183e-05
AFAP1,1.878656356412582e-05
ACOT9,1.8784158521353692e-05
BHLHB9,1.8765434651891845e-05
HIPK1,1.8753886606588237e-05
RIBC1,1.874885111358603e-05
GPR63,1.874417441942962e-05
CCDC125,1.8707008813780888e-05
CCDC102A,1.8685513851588e-05
CD96,1.8655338997014267e-05
NUBPL,1.8632527403067555e-05
NLRP12,1.8622309826727227e-05
SLC5A7,1.862214142346571e-05
MYLIP,1.8608314470413318e-05
ACSM1,1.8598262519771425e-05
ATG16L2,1.8588886494165312e-05
COMMD6,1.8565257781362143e-05
TMED1,1.8540694554636957e-05
NTSR2,1.8497257034510178e-05
IL15RA,1.8493764409343302e-05
SMYD2,1.8472716498085586e-05
CCNI,1.8419654407237873e-05
FDX1L,1.840965588473824e-05
HELZ,1.8393904110245988e-05
CCDC64B,1.8381560241621817e-05
AUTS2,1.8363910334430247e-05
STMN4,1.833985346915649e-05
RASD2,1.8325021288530568e-05
FAM132A,1.8319512931140292e-05
SAMSN1,1.8311216517825334e-05
TOMM20L,1.8293134282825195e-05
CEP72,1.8289263230932122e-05
CXXC5,1.8276773495709854e-05
TMCC3,1.822604883972255e-05
ADAM28,1.8224215800209327e-05
TUBE1,1.8156701498804507e-05
PLEKHO1,1.8149662597017555e-05
KIF1B,1.8148090488363066e-05
CTAGE1,1.814009865491803e-05
LIN28B,1.8127725774506813e-05
WFDC12,1.811948263302139e-05
TMEM163,1.810787163915e-05
SBNO1,1.8101303181888552e-05
SLC4A11,1.8067255820071722e-05
NXF3,1.8061773827469122e-05
FBXL13,1.8052506644550138e-05
HOOK2,1.8034020500641637e-05
SGK494,1.803376919645924e-05
STOM,1.8019439930098425e-05
SPIN3,1.8014832023958127e-05
SLC25A40,1.8007281937004344e-05
SYNJ2BP,1.7979125679834146e-05
ARMC2,1.7975148175358058e-05
NLRP4,1.7954660947504543e-05
ARHGEF3,1.7902729187081853e-05
TRIM36,1.7897649342315223e-05
KCNG1,1.7883109739939627e-05
ENKUR,1.7834540212931265e-05
TTC29,1.7822308096600464e-05
AMN,1.782162328727703e-05
FITM2,1.7806641478315757e-05
HNMT,1.7777155207281742e-05
TIGD1,1.7766448289775844e-05
OLFM3,1.7726767291277257e-05
FAM89B,1.770454900353245e-05
LAPTM4B,1.7703387835647732e-05
FCRL3,1.7694028979103375e-05
C19orf33,1.7687325043918754e-05
CFHR5,1.768198197436503e-05
CPEB4,1.7680715459327078e-05
HEG1,1.7656712945657824e-05
SH2D3A,1.7642672774214615e-05
DTX3L,1.7622456965857273e-05
FAM109B,1.7611980789204184e-05
DUSP10,1.7596163628919163e-05
ANKRD2,1.7573640503139986e-05
OPCML,1.7569687527051045e-05
CD37,1.7541182216960257e-05
SLC25A35,1.752037475215689e-05
CLVS1,1.7495719550493663e-05
ATPIF1,1.748133253489403e-05
C1orf162,1.743953660218809e-05
ZDHHC8,1.7437109341159664e-05
PABPC1L,1.7418451771508676e-05
GDF1,1.7406619873016095e-05
ZNF280B,1.738040197986956e-05
HGSNAT,1.736720220776156e-05
SLC12A9,1.7365757148809294e-05
WDR64,1.7350816110968113e-05
MXD1,1.733631749153553e-05
TRIB2,1.7329580374699898e-05
GRAMD1B,1.7318096289449022e-05
ARHGEF5,1.7309638031661853e-05
USP12,1.7297630441289404e-05
TSPAN3,1.7279943558192928e-05
IP6K3,1.7248159032072828e-05
DOK3,1.7212968030019442e-05
POU6F2,1.7194265298898174e-05
SLC43A1,1.7176330778518504e-05
RAB36,1.717206713498992e-05
MAP4K2,1.7143666481313496e-05
TMEM229B,1.7140111743257976e-05
FAM127C,1.7103702151302452e-05
PPIL6,1.7097692353472103e-05
C19orf12,1.7093502285308578e-05
SLC25A30,1.7084036007142066e-05
CDC42BPA,1.704954329649995e-05
SH2D4A,1.701908544673576e-05
FAM102A,1.701883009424242e-05
TEKT1,1.6996299618408383e-05
SIGLEC15,1.694718485590162e-05
CNGA4,1.692582863915332e-05
DUS1L,1.691540678898644e-05
CAPN5,1.6914092750732504e-05
SLC25A21,1.6904024983323268e-05
DPYSL4,1.6897606031820645e-05
RSC1A1,1.6890486935750245e-05
CCNL2,1.687861331691637e-05
MXD4,1.6874834806264685e-05
CCDC67,1.6851470129453378e-05
GPR37L1,1.684239201073429e-05
RDH13,1.6834760439371732e-05
GMIP,1.6820215492108588e-05
LRRC23,1.6807986510834353e-05
CST9L,1.678594571636433e-05
HRH1,1.6775485955319328e-05
CALU,1.67723812167455e-05
LPHN1,1.6748820080243733e-05
HEATR6,1.6731328958873968e-05
SORCS2,1.6731311279096103e-05
EXOC3L2,1.6713654868104416e-05
ANKRD42,1.6711946980080062e-05
LYSMD2,1.6702376729456198e-05
GPR128,1.6685157658127595e-05
ANKRD50,1.6673543364796226e-05
LHFPL3,1.6646675881242015e-05
SLC7A13,1.6638798586184796e-05
PHACTR1,1.6635575662266285e-05
CDCA7L,1.658700513944445e-05
CYB5D1,1.658030380871688e-05
GLIS2,1.657718759244302e-05
GALR1,1.6546429791986916e-05
NCKAP5L,1.6544266016124455e-05
MOAP1,1.651185685914082e-05
NPAS1,1.65090648992316e-05
MEF2B,1.6502631342235417e-05
WDR49,1.6495620565683066e-05
PLEKHG3,1.6495620565683066e-05
SLC13A3,1.648893990578409e-05
LRRC14,1.648564786005822e-05
AIP,1.6476065488256344e-05
BTBD11,1.6465734413400512e-05
MFSD6,1.646465944484106e-05
TACC2,1.6435702156534973e-05
CA5B,1.6412751215133828e-05
THOP1,1.6412029973525596e-05
KIFC2,1.6395458888303883e-05
NIPAL2,1.6389071797057542e-05
ORAOV1,1.637636241614112e-05
C20orf194,1.63312011914483e-05
AGBL2,1.632076612533623e-05
BCAS4,1.629727436754984e-05
NEUROD2,1.629580349584293e-05
ACP6,1.6273404795384436e-05
SGTB,1.6270816682823e-05
LTK,1.6235252633111848e-05
TBCEL,1.623401336360008e-05
GPR111,1.622522622309113e-05
RIPK4,1.622162254267257e-05
RLTPR,1.621772495436281e-05
RASAL1,1.6210124237567647e-05
TMEM120B,1.6199465698751943e-05
PPP1R13L,1.6180671784229232e-05
NRK,1.6178816616833586e-05
PLGLB2,1.6118096780591832e-05
HAVCR1,1.6112184110895472e-05
LMCD1,1.610653193416279e-05
GPR158,1.6063425471030178e-05
APPBP2,1.6058694484272723e-05
TREML4,1.60568561594467e-05
MANEA,1.6048782532250725e-05
FCRL1,1.6023576869779212e-05
FADS6,1.6019456398087756e-05
KIRREL2,1.6013103009740044e-05
RFX4,1.5978647681474017e-05
LRBA,1.5977917590279163e-05
KIAA1217,1.5962684258223806e-05
TMTC2,1.5962684258223806e-05
NFKBID,1.5959250034968683e-05
MPP1,1.5946899141355578e-05
AHNAK2,1.594556440038639e-05
SPSB4,1.593387551206519e-05
FHOD1,1.5931967383359603e-05
MVP,1.5927025832673923e-05
SYTL2,1.592666212989224e-05
FAM168A,1.5884889262488474e-05
KAAG1,1.587351565331298e-05
PTPRO,1.5871084506596874e-05
TMEM204,1.5863210463212783e-05
SIPA1L2,1.5863210463212783e-05
CERKL,1.5861732001196056e-05
OTUD3,1.581336721129304e-05
CDK15,1.5809100845458524e-05
PAQR5,1.5806515409127376e-05
RPUSD1,1.5790089289745847e-05
RBM46,1.5775955925722684e-05
HRSP12,1.5772141686652165e-05
CCDC86,1.575407079200747e-05
HYAL4,1.575129119178181e-05
FYCO1,1.574758039975365e-05
KRTCAP2,1.5739112280894776e-05
PMM1,1.5727778940563232e-05
SPRN,1.5726897927123692e-05
PIGZ,1.5718330448890217e-05
NUPR1,1.569024597281344e-05
PLVAP,1.5688013550549964e-05
SLC25A24,1.5680510025206244e-05
RFX7,1.5675298600850326e-05
MSMP,1.5667356717027798e-05
VPREB3,1.5650937981518673e-05
LMO7,1.5635331006760164e-05
PPIP5K2,1.5635061063400266e-05
ARHGAP32,1.5631843539953532e-05
FCRL5,1.563047846287361e-05
PATL1,1.561842775869603e-05
SYCP2L,1.5614005687768988e-05
SLC25A13,1.5594861613225625e-05
TEX9,1.558780784340183e-05
FAM43B,1.5584949710461408e-05
HIPK4,1.5577737072617916e-05
DACT1,1.5555408893494584e-05
EMILIN1,1.554801306013213e-05
FLG2,1.55250974052412e-05
TSTD2,1.5522985760889872e-05
ZDHHC23,1.551500262801666e-05
CLEC2B,1.549666697578454e-05
TXNDC2,1.548766921224227e-05
SVIP,1.5478681895323088e-05
TPSB2,1.5472312021015864e-05
ELMOD1,1.546773440686029e-05
GPR171,1.5447087111584005e-05
NPM3,1.5441067911012917e-05
SERPINB8,1.5412940485855377e-05
AGBL4,1.539961438642961e-05
CCDC84,1.5378741636139105e-05
FAM21A,1.5371426021596312e-05
WASH2P,1.5371426021596312e-05
TPCN1,1.535667552599657e-05
TTF2,1.5318191722404166e-05
IL16,1.5296845592226716e-05
EVI5L,1.5291172044797496e-05
SLC15A2,1.5284044533644352e-05
DIRAS1,1.5262053054120505e-05
ACTR3B,1.5253204632484498e-05
ARHGAP22,1.525178303040269e-05
MICALCL,1.5246756370737692e-05
QSER1,1.5231517387537244e-05
CDCA4,1.517628760785998e-05
ANKRD10,1.5169465118103608e-05
SCNM1,1.5145606755065358e-05
HTATIP2,1.5124424425853544e-05
QRSL1,1.5122231179801282e-05
PEX11G,1.511845384827022e-05
PVRIG,1.5080023577812172e-05
ALAD,1.5079173271614732e-05
ATL3,1.5078040722042248e-05
SPATA24,1.5070777806514232e-05
TRIM55,1.5070705542916737e-05
MYEOV2,1.5022852933604482e-05
SIPA1,1.5020704905292308e-05
TMED6,1.5020522884044545e-05
RTN4RL2,1.500324012018667e-05
GPR153,1.5000152810984282e-05
RHOBTB2,1.499570948065706e-05
AZGP1,1.4986867834948469e-05
TMEM219,1.4978456171285675e-05
SNX21,1.4939956486450282e-05
HOXB8,1.4933284685603986e-05
LHFPL4,1.491192019522082e-05
ATG2B,1.4908268250125578e-05
MKL2,1.4852543057507996e-05
PSTK,1.4834180726791799e-05
VCPIP1,1.4828806469553708e-05
SHISA7,1.4815554235054887e-05
VCX,1.4812898817870763e-05
SLC22A23,1.4811561840831857e-05
MAGEA11,1.479828536321605e-05
DNMBP,1.4774690860413302e-05
MTSS1L,1.4765871663481183e-05
NET1,1.4762356037939242e-05
MICAL1,1.4752006716371224e-05
PTGIR,1.4732549654651283e-05
HIVEP2,1.467901930907043e-05
NLRX1,1.467333677967529e-05
FHAD1,1.4660098845153063e-05
CSNK1A1L,1.465551729385102e-05
NCAM2,1.4632553110739167e-05
STYK1,1.4608058612670278e-05
FAM155A,1.4598614893544307e-05
SYT6,1.4586239120839063e-05
DOCK5,1.4584097993461476e-05
ZNF280A,1.457513558277944e-05
STARD5,1.4567152080865345e-05
PTP4A3,1.455390235287212e-05
COQ3,1.4548742154677884e-05
COQ4,1.4548742154677884e-05
CENPV,1.4543632063013561e-05
EXTL2,1.4531055346344553e-05
JPH1,1.4524739590186515e-05
ANKS3,1.4514209567520798e-05
FGD6,1.4500393156253989e-05
CPZ,1.447456854500658e-05
KATNAL2,1.4463899678305949e-05
MGAT4C,1.4445013346885376e-05
TSPAN31,1.4437864411607073e-05
ZC3H3,1.4412494278671344e-05
THEMIS,1.4412322531194606e-05
TRMT12,1.4410891664522746e-05
FMNL2,1.4371201543996538e-05
TUBD1,1.43607676549739e-05
GPR1,1.4349908017330978e-05
HEPHL1,1.4326785555797759e-05
ANKRD46,1.4297539528962958e-05
NEK5,1.4295126852595449e-05
NECAB3,1.4283752547147152e-05
SH3GLB2,1.4264247670965035e-05
NLRP2,1.4262255420892116e-05
LRFN3,1.4243746747241329e-05
CCNI2,1.4230860941052088e-05
NKD2,1.419928615269195e-05
HECW1,1.4197395845728976e-05
MS4A1,1.4186272027239479e-05
CLDN25,1.418622582766596e-05
INA,1.4178141572775427e-05
UNC93B1,1.417437188724191e-05
DDHD2,1.415763301073849e-05
GTF2A1L,1.415598993639276e-05
TOP1MT,1.414563163693116e-05
TTLL9,1.4138677420262015e-05
DHRS7,1.4132287566520627e-05
C17orf62,1.4132287566520627e-05
PRAM1,1.412389208355238e-05
PRR5L,1.4120014872676523e-05
RAET1G,1.409600694277313e-05
RAET1L,1.409600694277313e-05
S100Z,1.4089887918130382e-05
ZMAT4,1.4089435992665246e-05
GMCL1,1.4089435992665246e-05
PHOSPHO2,1.4088383618980335e-05
IRX3,1.407101949473215e-05
POLRMT,1.4044431671316984e-05
XKR3,1.403961858289658e-05
ASTL,1.4004756573217583e-05
GPR156,1.400469451280419e-05
ARMC1,1.398548937014831e-05
ITGBL1,1.3977300107186496e-05
TRIM16,1.3962890145022495e-05
GZMM,1.394192666168024e-05
TMEM63A,1.3939275069286816e-05
DENND4A,1.3937169822166624e-05
TC2N,1.391510105642617e-05
GOLM1,1.3910489468410021e-05
FBXL18,1.3908952679806147e-05
KIAA0513,1.389895969484949e-05
KCTD6,1.3854475070002104e-05
MPP4,1.384959488997684e-05
SLC41A2,1.3820054149765141e-05
PRAF2,1.3809009891007685e-05
MAN2B1,1.3757312533165635e-05
VWC2,1.3737525584427308e-05
SCRT1,1.372677702750684e-05
PPP1R1C,1.3725959070052384e-05
CCDC116,1.3720681815036856e-05
CYB5RL,1.371488429749569e-05
BMP2K,1.3669442895711444e-05
ASB2,1.363067194846388e-05
GGN,1.3622312584892963e-05
OR3A2,1.359320372077146e-05
MMACHC,1.3590698966755372e-05
NOP16,1.3574962641335166e-05
FOXN4,1.3569976578808509e-05
FAM57B,1.3565611712000977e-05
OSGIN2,1.3545285876811923e-05
CTNNBIP1,1.3479608247387062e-05
RNF32,1.3456823165322821e-05
FRMD4A,1.3450683044127755e-05
ARSJ,1.3438482276803219e-05
ARFGEF2,1.3434737861226075e-05
ST8SIA4,1.3427852606236159e-05
TCERG1L,1.3425099087929538e-05
CTCFL,1.3411197723622998e-05
TBC1D24,1.339580172102217e-05
HMGN5,1.3377734261030262e-05
SRPK1,1.3371527370396841e-05
DUSP13,1.3367987360313946e-05
ZNF511,1.3342612475137163e-05
C16orf74,1.3341744112340447e-05
BCAS3,1.333428138353889e-05
HAGH,1.3300096560435096e-05
NDUFA4L2,1.3287427891292556e-05
TBKBP1,1.3283262076628443e-05
SERPINB3,1.3281643739847647e-05
UBASH3A,1.3242247704836355e-05
MSRB2,1.321571711094239e-05
MDGA1,1.321560723833575e-05
DGAT2L6,1.3197885808489633e-05
C10orf35,1.3193524908718068e-05
ZFP3,1.3168578326744187e-05
LRP5L,1.3149864763767217e-05
KIF13A,1.3144567052276747e-05
ZNF292,1.3123243076400699e-05
TMEM129,1.312150554362398e-05
ARID3A,1.3118801358096443e-05
ICAM4,1.310283516188496e-05
HECW2,1.309691953862272e-05
TP53INP1,1.3096366476944902e-05
MAGEH1,1.3088589440255275e-05
DOCK10,1.305192324865581e-05
SPSB3,1.3033882012789347e-05
RMND1,1.3032198577301373e-05
PRKCDBP,1.3029113912760191e-05
WBSCR27,1.3020988104962105e-05
TMEM233,1.3011096505724662e-05
PLSCR3,1.300409460132642e-05
C16orf59,1.2996913980861061e-05
C14orf80,1.2996913980861061e-05
TRIL,1.2980499124135976e-05
C21orf2,1.295218989797804e-05
HYI,1.2935771665920474e-05
SLC9A7,1.2933691605340105e-05
FAM81B,1.2932450941929215e-05
SH2D3C,1.2928442357064416e-05
POTEE,1.2924898786036783e-05
FOXE3,1.2917856594421615e-05
PDLIM1,1.2917132164362423e-05
TBC1D16,1.2905827826544723e-05
ARID3B,1.2902389250937771e-05
NLRP7,1.2900863718303203e-05
C6orf15,1.2896651391146099e-05
LONP1,1.288429857282155e-05
HRH4,1.2867201401010704e-05
COMMD4,1.2866966480404703e-05
CCDC12,1.2843920728243961e-05
DDAH2,1.2829559627876827e-05
LRRC32,1.2822117225429988e-05
ENPP4,1.2819614621701102e-05
PARP15,1.2799894342442057e-05
NUDCD1,1.2746814777025011e-05
ZNRF2,1.274423078023342e-05
CORO7,1.2737276452204133e-05
SMTNL1,1.2727048150647425e-05
ETV3,1.2722165534044303e-05
PALM2,1.2709257217458876e-05
RBM7,1.270713494841791e-05
CD97,1.2705933434053569e-05
LIPH,1.26936447383262e-05
RPUSD3,1.269027193824676e-05
FCAMR,1.2678005075659295e-05
KRT71,1.2666351235797995e-05
GMFG,1.2660334351181535e-05
MICALL2,1.2656773940002567e-05
EMX1,1.2622516811499741e-05
CDC42BPG,1.2571260417149468e-05
CEND1,1.2536791423106364e-05
SDR42E1,1.253421860083194e-05
C1orf112,1.2527673837595867e-05
TRIM23,1.2508888006607925e-05
TMUB1,1.2504213006051326e-05
FAM65B,1.2469567590071567e-05
CNKSR3,1.2469344320910184e-05
GPR22,1.2461189489783653e-05
PDZK1IP1,1.2451824775725303e-05
CD180,1.243865882454974e-05
TRIM56,1.2431411049745379e-05
SERPINB9,1.2428163568568084e-05
PSMG3,1.2420811701266529e-05
RIMBP3,1.2411187831477479e-05
SLC6A16,1.240303264963059e-05
C2CD3,1.2396376874630724e-05
MYBL1,1.238925696737362e-05
TBX6,1.2386987980344418e-05
BARX1,1.2384744707987919e-05
HAPLN2,1.238391461317252e-05
C7orf43,1.2383745296541023e-05
STARD4,1.2335640119805215e-05
QSOX2,1.2333775053413925e-05
THAP3,1.2317003164831662e-05
ENDOG,1.2307808749092689e-05
CLSTN3,1.230421011858383e-05
ARFIP2,1.2291723319533522e-05
NCEH1,1.2290142826071177e-05
NUAK1,1.2263307906650788e-05
LNX2,1.225952863375521e-05
TNFAIP2,1.223738474419514e-05
RASGEF1A,1.220293795647626e-05
KHDC1,1.2201316574668255e-05
RAD54L2,1.2196700230110339e-05
FCAR,1.2090645873303126e-05
CCRN4L,1.2085628162817335e-05
ZRANB3,1.208130821554589e-05
ACTBL2,1.2059146416694825e-05
HOXC8,1.2056055780011316e-05
PAPD5,1.2038155408320628e-05
ERAP1,1.2037970221010906e-05
SYT14,1.203390842759847e-05
TMEM54,1.2031373146275252e-05
SLC27A4,1.1979059012267432e-05
TBX22,1.1973453231426717e-05
HEBP1,1.1962859519361655e-05
APOBEC3D,1.1953721119215235e-05
ZMIZ1,1.1917577768302139e-05
SLC5A3,1.1914197365847049e-05
SIAE,1.1911113227431891e-05
HEBP2,1.1899275678022816e-05
ZNF639,1.1885277883745683e-05
ZDHHC21,1.1876345556048007e-05
ZNF711,1.1856222294359245e-05
HLX,1.1830879689246288e-05
HERC1,1.1814874709067724e-05
ASAP3,1.1800961013907645e-05
SSX2IP,1.1800718379136807e-05
ZNF775,1.1784372501943322e-05
SRRM3,1.1765051109884701e-05
CAMK1D,1.1762492541337855e-05
EPM2AIP1,1.1743639743015711e-05
MORN2,1.1723251394867483e-05
RAPH1,1.1715095721211709e-05
C11orf65,1.1705735608200173e-05
DDAH1,1.1658664796872651e-05
AQP6,1.1633958295015015e-05
SIGLEC10,1.1619729102632793e-05
ARHGEF17,1.1617639060123498e-05
PDCD5,1.160761689245777e-05
IPCEF1,1.1607023119600336e-05
GPR56,1.1564329851265723e-05
FCRL2,1.1561427122224518e-05
GPR20,1.1558009332610084e-05
FAM120C,1.155679239533556e-05
BATF2,1.1539222413257614e-05
PHF3,1.153694122877932e-05
HIVEP1,1.152236323830686e-05
MINA,1.1501900373273836e-05
ARSF,1.1494643342502757e-05
BTN2A2,1.1475083950439351e-05
TM4SF4,1.1471489342784235e-05
CXorf40A,1.1458940151583042e-05
CNPY3,1.1424139387551288e-05
FMO3,1.1423974202133103e-05
FMO4,1.1423974202133103e-05
FMO1,1.1423974202133103e-05
CD84,1.141982278971706e-05
C3orf14,1.1416027499926173e-05
ARL11,1.140619845165269e-05
SYTL5,1.1397941409316722e-05
PLEKHA2,1.1390737316541844e-05
ALKBH3,1.1378812939104278e-05
ZNF703,1.1367666689179243e-05
GJC3,1.1353864380625852e-05
KBTBD7,1.1341351010375561e-05
CCHCR1,1.1327521247881196e-05
DRAP1,1.1317114325901219e-05
BTN3A2,1.131267958679642e-05
BTN3A3,1.131267958679642e-05
RFXAP,1.1312260197037708e-05
ZNF232,1.1279058962787782e-05
FXYD3,1.1267947860745446e-05
GBGT1,1.1262427665342611e-05
FRMPD4,1.1259502031633352e-05
CNNM4,1.1257355744520531e-05
FRK,1.1254643012440685e-05
SLC20A1,1.1252117729498776e-05
UFSP1,1.1240775037097865e-05
C14orf37,1.122500538171359e-05
ZNF575,1.1211691271484792e-05
LY9,1.1211467329369086e-05
TMEM125,1.1199316437408988e-05
LIMA1,1.119010214583902e-05
SLAMF7,1.1179227392719191e-05
CLEC4D,1.1172557117484967e-05
USP37,1.1172363287295074e-05
ATP11A,1.1164388598751237e-05
ATP8B2,1.1164388598751237e-05
ATP8A2,1.1164388598751237e-05
ATP10B,1.1164388598751237e-05
NEK1,1.1140852609102059e-05
ODF2L,1.1140297139637506e-05
CCDC28B,1.1122398190329579e-05
RGL3,1.1116966135791297e-05
TCP10L,1.1084751595726751e-05
LARGE,1.1071932040422226e-05
GYLTL1B,1.1071932040422226e-05
MAN2B2,1.1059441162560681e-05
FUT11,1.1054835196242621e-05
DGCR6L,1.1035631775064554e-05
SLC25A41,1.1013205844015169e-05
ZNF536,1.0989449329777205e-05
PLP2,1.0969805488758734e-05
ARFGEF1,1.0969586442421113e-05
PIM2,1.0958059159092256e-05
ZNF239,1.0922432474535972e-05
JMJD1C,1.0918156545585764e-05
ABCC1,1.0911053397161175e-05
IRX2,1.0909611648847182e-05
PRAP1,1.0895423944318229e-05
TMEM27,1.0892927356191543e-05
RAET1E,1.0892623457455711e-05
CTXN3,1.0886192524956957e-05
KRBA1,1.0880213891451596e-05
C1QTNF3,1.0880213891451596e-05
KIAA1161,1.0871718478915863e-05
ANXA10,1.08572831135033e-05
FBXO6,1.0821833972205664e-05
ZNF653,1.080880354820407e-05
VAMP5,1.0803702852093507e-05
RNASE6,1.0790882063522739e-05
SFMBT2,1.0769818940310396e-05
TNFAIP8,1.0765001512192094e-05
TCEAL4,1.0753528152049176e-05
ZNF524,1.0749484749231239e-05
C10orf12,1.0745238335860743e-05
FAM109A,1.0728373233340736e-05
C11orf85,1.0712203575991314e-05
TOX,1.0711523701068916e-05
C6orf48,1.0697979711604147e-05
SLCO2A1,1.0681046470665447e-05
PJA1,1.0677240431745295e-05
PRB3,1.0666681826481292e-05
PTMS,1.0651060414445929e-05
GARNL3,1.062579080730661e-05
TRIM47,1.0572572497503893e-05
ART3,1.0568465158036568e-05
PTPRCAP,1.0567944324820065e-05
HIC2,1.05634705454653e-05
ZNF358,1.0548418861845627e-05
MS4A7,1.0546168577671278e-05
TMPRSS13,1.0542522184774376e-05
MAP3K6,1.0541051923146981e-05
RCN3,1.0529418002929239e-05
FAM174A,1.051943920639596e-05
TAPBPL,1.0511073222799834e-05
CDK5R2,1.0508161612816908e-05
TCTA,1.0505730743798646e-05
PILRB,1.0494772559170345e-05
DCUN1D5,1.047717014954679e-05
ZBTB32,1.0440834045889297e-05
RAB30,1.039176987126156e-05
BCL6B,1.0387747153053459e-05
MANBA,1.0342501597314859e-05
RASSF4,1.032067362730084e-05
ATP13A3,1.0311958031449135e-05
TACR2,1.0303481250514648e-05
NETO2,1.0271052285817296e-05
TFAP2E,1.0256670360794154e-05
KIAA1210,1.0252928996757545e-05
SUV420H2,1.024694865493972e-05
LRIG2,1.0239042547892569e-05
MFHAS1,1.0229812132752695e-05
ODF4,1.0224124258911363e-05
CDC42EP1,1.0212924615934469e-05
SNAPC2,1.0206157967634087e-05
RNF126,1.0183223665097853e-05
VEZF1,1.0182985631036865e-05
ARPP21,1.0179342805286514e-05
OGFR,1.017564305116914e-05
PRRG4,1.017361697682322e-05
COMMD3,1.0170341481502674e-05
CRAMP1L,1.0168181194431934e-05
SH3PXD2B,1.0147389913211774e-05
SMAGP,1.0145171319891327e-05
ZNF804A,1.0144079267392437e-05
EFS,1.0143939534560981e-05
FARP1,1.0131135079053176e-05
RILPL2,1.0128142437600174e-05
ZNF597,1.0095372643945819e-05
TMIGD2,1.0088978466644553e-05
RCOR3,1.0085659410573267e-05
SCIN,1.0068198192175654e-05
LIMCH1,1.0036351706187247e-05
C8orf59,1.0036351706187247e-05
HSDL2,1.0013609851845785e-05
GOLGA7B,1.0009598611211164e-05
VPS13A,1.0000205779288702e-05
ABHD14A,9.99745164035766e-06
ANKLE1,9.99745164035766e-06
GLIS3,9.990813080011845e-06
SCAMP5,9.983687855959782e-06
TRIM46,9.975471800694108e-06
CXXC4,9.966009149430719e-06
SPOCK2,9.964459271047825e-06
CCDC24,9.959861672264286e-06
BAZ2B,9.955099474147646e-06
BCAR3,9.952649209195553e-06
FKBP11,9.9357822090759e-06
SASH3,9.914193159717586e-06
RNF141,9.898783829901907e-06
DMXL2,9.898727583404621e-06
KIAA1751,9.893729404289899e-06
TFAP4,9.865418664746727e-06
TTC36,9.855713035226552e-06
ISOC2,9.820924146316929e-06
EGFL7,9.803061167130232e-06
SHOX,9.791352881676853e-06
SERINC5,9.790017849476638e-06
ARL4C,9.743763379800904e-06
STAU2,9.721324545080757e-06
TEKT4,9.712004096864793e-06
ZBTB39,9.68398016588626e-06
ZNF365,9.682879074763764e-06
SERPINB4,9.660471127078423e-06
EID2B,9.62749499936586e-06
RAB6C,9.615622267783927e-06
LRRK1,9.608187419037441e-06
TBC1D9,9.600467223355963e-06
FOXA3,9.591491792427342e-06
SAMD8,9.58622243363519e-06
ZNF692,9.575130296532624e-06
EML5,9.56787824009523e-06
POMZP3,9.565276783486885e-06
PABPC3,9.562181181234237e-06
ASCC3,9.559258960053094e-06
ACSF2,9.558446391013872e-06
SLC44A1,9.527867888014308e-06
TULP4,9.509256761526272e-06
SLC24A3,9.484993037224463e-06
MPP7,9.470337330063075e-06
NOVA2,9.436211403843567e-06
NSUN5,9.432714661909608e-06
AKR7A3,9.413905448610865e-06
GJC1,9.401790248631043e-06
C8orf46,9.384632739254863e-06
PON2,9.384314540333368e-06
TLR10,9.381811448012145e-06
SLMO2,9.37618153677039e-06
HHLA2,9.369851034547744e-06
DTD1,9.346836908123139e-06
FAM160A1,9.30412756307282e-06
IMPG1,9.302761518949475e-06
LAX1,9.301246344788264e-06
CD300E,9.294453543932179e-06
TMEM2,9.29181474267521e-06
ZNF469,9.290414571457593e-06
TTLL6,9.259930217014059e-06
CCDC57,9.250265563886477e-06
TPSD1,9.250195101560416e-06
MYO19,9.24104508031256e-06
AMDHD2,9.233995794216846e-06
FLVCR2,9.227542340685046e-06
FOLR3,9.227542340685046e-06
RBM38,9.220897133344435e-06
THOC6,9.197387607792519e-06
OR51E2,9.178355620921826e-06
DPY19L3,9.174675421429153e-06
DPY19L4,9.174675421429153e-06
USP49,9.164162272438409e-06
PQLC3,9.162122744457508e-06
CYB5R1,9.153552756461566e-06
CYB5R2,9.153552756461566e-06
SCAI,9.152020899816737e-06
OLFML3,9.14967835771411e-06
CHN2,9.134179845012867e-06
ASMTL,9.11352858367802e-06
MCF2L,9.106710508119603e-06
SAMD12,9.07911071734986e-06
ARL6IP4,9.072097041778219e-06
FBXL5,9.071431850207853e-06
ZNF771,9.068387924229745e-06
SYT17,9.046354947681527e-06
TLX1NB,9.029319295447288e-06
GAL3ST3,9.02509570595282e-06
SNX24,8.98897492750317e-06
DEPDC7,8.970727916980402e-06
FUCA1,8.965576538761913e-06
KIAA0907,8.964179575424083e-06
CCDC106,8.960522120279114e-06
FAM181A,8.949871372193126e-06
MAK,8.934884138988192e-06
RALGAPA1,8.921348754672792e-06
IL18BP,8.894456038852003e-06
GABRR1,8.883427743401015e-06
GABRR2,8.883427743401015e-06
ANKS1B,8.880027725339368e-06
IQSEC2,8.880027725339368e-06
RCCD1,8.874363532199538e-06
SNX22,8.874363532199538e-06
BNC2,8.866885437986304e-06
TSC22D1,8.839067718501948e-06
C7orf31,8.760624696533862e-06
RBMS1,8.758798423195016e-06
MEGF6,8.74521613257605e-06
MARCH1,8.733636661065716e-06
FBXW9,8.726254274656568e-06
FAHD2A,8.722046181081514e-06
RP9,8.707865408845757e-06
C2orf88,8.681289490945327e-06
HMX3,8.672883555342049e-06
ARHGAP30,8.671288275880752e-06
DNAJC28,8.660014577779613e-06
CCDC130,8.650342251456698e-06
FGFBP3,8.645873190255563e-06
TNFRSF6B,8.638325748774747e-06
HEXIM2,8.628050014002537e-06
REEP3,8.627276132795946e-06
LNP1,8.609411444300281e-06
GKAP1,8.604190624327832e-06
HESX1,8.602796430268206e-06
NDUFAF2,8.601777881445682e-06
C14orf159,8.597372715599582e-06
ZFYVE19,8.555155629793107e-06
ZNF141,8.52980789516049e-06
ZNF281,8.512175551673724e-06
PMEPA1,8.50552333285114e-06
AVIL,8.502403698820604e-06
TSEN54,8.480488089495977e-06
TRIM31,8.465083455380127e-06
FAM154B,8.448935286930258e-06
SLC26A11,8.419103879230054e-06
NCDN,8.407936593807965e-06
DPEP2,8.407888361367115e-06
GJA4,8.40163902754202e-06
NHLRC2,8.401322465676394e-06
AIM1,8.38975378452163e-06
CUZD1,8.386549563109429e-06
FGF11,8.381173941105954e-06
RAPGEFL1,8.344147434455554e-06
LPO,8.34328958136405e-06
NTM,8.339731882145662e-06
LECT1,8.332263237647347e-06
CCDC134,8.332179410890379e-06
LRP2BP,8.329682466087116e-06
USP43,8.329425236065506e-06
PAPL,8.328542824398985e-06
TIFA,8.320426705465477e-06
PPM1E,8.310062937037045e-06
CA10,8.280885025874623e-06
KDELC1,8.275027055914354e-06
CPNE3,8.26193261046076e-06
FAHD2B,8.251182579013927e-06
FBXO25,8.207525722071444e-06
SLC25A39,8.20647038409478e-06
MTMR12,8.176642973127788e-06
FAM46A,8.16964004909534e-06
ZBTB37,8.146332150790445e-06
LACTB,8.118928558565456e-06
PHACTR3,8.11579058320396e-06
COQ10A,8.09337193567845e-06
MZF1,8.071536828184595e-06
GPR152,8.061888994426814e-06
FNDC3A,8.048422383520424e-06
C15orf59,8.037452127346009e-06
TTC39A,8.029544476671413e-06
FAM199X,8.024993073441596e-06
ENOSF1,8.007176475601678e-06
PDIA5,7.9956304087035e-06
SLC6A6,7.963520902170698e-06
UBXN10,7.927786071288973e-06
SNX25,7.925394817587203e-06
FAM133A,7.91728685326841e-06
LRRC43,7.907211680022346e-06
TMEM116,7.903383702587006e-06
TCTEX1D4,7.87800646514658e-06
PGBD4,7.869099491832367e-06
SNAI3,7.853554905056054e-06
NLN,7.840408146708853e-06
HEMK1,7.830429626106395e-06
STRBP,7.786210549735719e-06
LEAP2,7.784813589123154e-06
CELF4,7.76631832677485e-06
CCDC159,7.760161785683283e-06
KIAA1522,7.756809726581148e-06
MS4A14,7.741612068950791e-06
DTX3,7.73429404037845e-06
VWA3A,7.71801077615074e-06
DDT,7.708513482968334e-06
RANBP17,7.70048973306153e-06
ZNF205,7.676888935817374e-06
CUTA,7.670666815552817e-06
MARK1,7.666834104227569e-06
TMEM108,7.648603843001953e-06
SCAPER,7.645863914026851e-06
NR6A1,7.643774690563024e-06
ZNF426,7.64323663163254e-06
TNFSF8,7.628245323758773e-06
NIPAL1,7.615986150010116e-06
RIPPLY1,7.594671915217896e-06
RAB17,7.564236950063134e-06
SLC22A15,7.555757492333328e-06
TRIM34,7.551466298625895e-06
TRIM6-TRIM34,7.551466298625895e-06
TRERF1,7.5416234921225335e-06
HRH3,7.537567549265576e-06
ADAP1,7.5351055410149685e-06
SLC43A2,7.524950886138653e-06
NAT6,7.522397094462976e-06
ELP2,7.522325860037358e-06
FAM19A4,7.518660154743706e-06
CLDN20,7.517272316047156e-06
MYO1B,7.513353982667454e-06
IRAK1BP1,7.506812141209735e-06
EFHD2,7.504994595585631e-06
ZNF224,7.4965484680314006e-06
HTRA3,7.477927961922752e-06
RNASEH2C,7.456999362638923e-06
PELI3,7.429069652324421e-06
NBEAL1,7.428209073271744e-06
ZBTB44,7.428209073271744e-06
SSNA1,7.427301133945685e-06
RGL4,7.426207194015818e-06
VWA1,7.423299267978727e-06
STAMBPL1,7.407731782321763e-06
HNF1B,7.40651714407356e-06
KLHDC10,7.405442567222649e-06
LRP3,7.387590063846005e-06
ERICH1,7.382835904076189e-06
NOMO3,7.381490353514071e-06
GPATCH4,7.360433718790724e-06
TRIM14,7.34890314889235e-06
OSR2,7.34030967482715e-06
PPIC,7.328685637654893e-06
FOXD1,7.324881661825057e-06
PSORS1C1,7.312974053670778e-06
SLC45A4,7.2900940263145855e-06
TRIM6,7.283449897946152e-06
QSOX1,7.282663348854997e-06
FSCN2,7.268625866963089e-06
ZAN,7.267263356849718e-06
TSPAN9,7.265258085106221e-06
CSRP2,7.264316290667344e-06
E4F1,7.260848738111002e-06
YPEL3,7.227218581320032e-06
GAB3,7.2198397361715284e-06
ATPAF2,7.213754555890367e-06
C6orf226,7.203979176158689e-06
ARHGAP12,7.199940174547728e-06
NOMO2,7.187301636535798e-06
LGSN,7.18622603678827e-06
BEND4,7.165381056884461e-06
SLC25A43,7.154541269312789e-06
ANKRD17,7.105532660356562e-06
FGGY,7.100794633925403e-06
RHPN2,7.094673484246375e-06
PPP1R16A,7.0710966393491674e-06
ZNF518A,7.070045625831015e-06
LRG1,7.027966701652878e-06
FAM184B,7.024558534982432e-06
IER5,7.008554340681723e-06
FBXO24,6.991761312845441e-06
TACO1,6.981362761335439e-06
FAM73B,6.969158541506838e-06
ARHGAP9,6.951781006502962e-06
DGCR6,6.951638041517104e-06
KCP,6.939588783332874e-06
EVI2A,6.935909542404935e-06
CEMP1,6.891017351954429e-06
DCBLD1,6.891017351954429e-06
CDK17,6.887483746100776e-06
SLC24A1,6.88633999449998e-06
CDH18,6.878611879695754e-06
LENG1,6.857621447226558e-06
TMEM175,6.848769245571097e-06
C1orf192,6.843624559848874e-06
MAP7,6.8392243901461135e-06
CERCAM,6.8305665621246705e-06
CADPS2,6.821547439172316e-06
DPY19L1,6.820455622122862e-06
F8A1,6.8180562494385776e-06
LEKR1,6.79904110722948e-06
FAM110C,6.782924273461338e-06
ZNF503,6.766891820706263e-06
UACA,6.761781598965418e-06
SPG11,6.758107939001538e-06
CD164,6.734264299858455e-06
CMBL,6.727648833364621e-06
CCDC110,6.700716153852785e-06
CYHR1,6.690572736038147e-06
ITGB1BP1,6.675012873982803e-06
FOXL1,6.668348221174971e-06
TPBG,6.647237172160492e-06
ZXDA,6.624719251041072e-06
C17orf64,6.590896899965192e-06
ZBTB7C,6.579435132260713e-06
ARL5B,6.564248706726773e-06
DDRGK1,6.554870684100051e-06
SAMD1,6.531492306980093e-06
IL31RA,6.5305158918970584e-06
THEG,6.521627818856618e-06
HPCAL1,6.5165105835202885e-06
C10orf54,6.514257927389992e-06
RHD,6.513403572894603e-06
CIRBP,6.507224529984262e-06
C4orf33,6.5022498258368745e-06
SCPEP1,6.502063165562905e-06
SFT2D2,6.502063165562905e-06
KLHDC3,6.49389211826598e-06
ATAD3A,6.4843150294370005e-06
BBX,6.474204538237904e-06
SPPL2B,6.469635529019151e-06
CCNYL1,6.443779343540365e-06
PJA2,6.442212864766659e-06
MIIP,6.433417535695917e-06
TM9SF2,6.425656237023628e-06
AKR1B15,6.413476133235262e-06
LMF2,6.4133260599417675e-06
PXDN,6.369059382863263e-06
VWA5B2,6.358724416639002e-06
KCTD16,6.338129784094388e-06
PQLC2,6.32266744524954e-06
CALHM3,6.32266744524954e-06
CALHM2,6.32266744524954e-06
HTR4,6.322642245021394e-06
SPDYA,6.320414542496448e-06
TBC1D12,6.318881334991672e-06
DNLZ,6.309051244375953e-06
RNF39,6.301193033709254e-06
CARHSP1,6.28102073196996e-06
GHDC,6.278219672369969e-06
GXYLT2,6.275082455499139e-06
RNF169,6.241154204832634e-06
JTB,6.2389521721486e-06
MBOAT4,6.21739788813455e-06
SCARF2,6.21141740942506e-06
REP15,6.201151354475637e-06
TNFAIP8L3,6.178110197184305e-06
CABP7,6.172291712399581e-06
ANO7,6.167116621662793e-06
PAQR8,6.166247520974938e-06
CDK20,6.162649947402443e-06
CCDC11,6.1367329150838e-06
TTC39C,6.134410255695435e-06
SMPDL3A,6.133016481787881e-06
SERTAD1,6.129642789982941e-06
ENGASE,6.1264577851400435e-06
MTBP,6.10977528482223e-06
ERF,6.094517725408412e-06
ANKRD34A,6.045760640789091e-06
C10orf90,6.0452264022258436e-06
MFAP3L,6.031762422989683e-06
LRWD1,6.020079269821388e-06
NMRAL1,6.0040767190105944e-06
BHLHA15,6.000612998594661e-06
ATL2,5.962890621794117e-06
ZNF350,5.960548047431852e-06
SNRK,5.957987340664647e-06
SSFA2,5.916769065305888e-06
VPS13D,5.9092734074468456e-06
NUP62CL,5.905840922779166e-06
LRP11,5.889231892415895e-06
KLHL34,5.885505131606622e-06
AP1AR,5.864596509659644e-06
SLC35E3,5.8568368549868735e-06
MDM1,5.8568368549868735e-06
SPATC1,5.85569903422701e-06
NPAT,5.852845813487145e-06
ADAP2,5.850853614249116e-06
C7orf50,5.829317348573593e-06
C8orf4,5.7916167672279655e-06
CLCN7,5.773211766676615e-06
RNF19A,5.771525014796916e-06
ERAP2,5.765208002956989e-06
XKR5,5.762485623683343e-06
AKAP8L,5.751959940249366e-06
RNF144A,5.74851974943663e-06
ICA1,5.733424218458315e-06
LAMP3,5.714015685821709e-06
HELB,5.708306662356479e-06
RFTN1,5.694998050285881e-06
RGPD8,5.682756569825339e-06
RGPD1,5.682756569825339e-06
RGPD6,5.682756569825339e-06
ARRDC5,5.681882111938095e-06
SERPINI1,5.6770994092011594e-06
ZNF773,5.665589896930461e-06
ZNF772,5.665589896930461e-06
PAN2,5.645491446742596e-06
C21orf91,5.639240162384866e-06
BTBD19,5.621525851886787e-06
SPNS3,5.6160893432797575e-06
ZSWIM6,5.602546747377344e-06
ABTB2,5.593288354698279e-06
C6orf211,5.584535334559645e-06
ZSCAN16,5.5843932318539515e-06
TMEM81,5.5570879720920815e-06
ZNF22,5.553282034057242e-06
NBPF3,5.549339098034985e-06
CAMK2N1,5.546538332963012e-06
TRPT1,5.5415555417934725e-06
SCGN,5.534147084387192e-06
DIRC1,5.531546333109139e-06
IER3,5.51200393844306e-06
FOXN2,5.505732294831068e-06
C1QTNF2,5.503245259433464e-06
ALS2CR12,5.502506918749185e-06
PSMG4,5.489294417926294e-06
RIMBP3C,5.480090697291652e-06
SLC27A3,5.474848831677005e-06
FOXQ1,5.465575994026749e-06
FOXF2,5.465575994026749e-06
ERN2,5.463412856563796e-06
SPIB,5.451559560868822e-06
CR1L,5.444156094007732e-06
AGBL3,5.444156094007732e-06
RBM47,5.4389600170707705e-06
KIAA1875,5.431465411826918e-06
ITLN2,5.430737371381072e-06
PCBP3,5.427623437540944e-06
LRRN4,5.41885905660524e-06
OTUD6B,5.414664655445918e-06
ZMAT3,5.406930700064011e-06
ZNF19,5.401160376471316e-06
ZKSCAN1,5.401160376471316e-06
SATL1,5.391908518048032e-06
HSD17B14,5.38314403051992e-06
TMTC3,5.371600035467755e-06
SH3BGRL,5.3699297535735555e-06
LST1,5.355276987847645e-06
C6orf1,5.355059676198832e-06
NFKBIL1,5.341994621316308e-06
C6orf163,5.335245534788497e-06
KIAA1671,5.326223674465261e-06
DPCD,5.325553999343014e-06
C6orf165,5.32311990959192e-06
ITIH1,5.319642666699099e-06
TNFSF18,5.2936269965478055e-06
KLHL6,5.288897075002081e-06
R3HDML,5.2577864670850176e-06
KRT72,5.252349221208858e-06
ALPK1,5.240392289050968e-06
OR13J1,5.238538855071871e-06
OR2C1,5.238538855071871e-06
OR13A1,5.238538855071871e-06
GATC,5.233515892015645e-06
KLHL11,5.2271086457916245e-06
STC1,5.221188175821942e-06
ZNF532,5.220656232778919e-06
MAGEE1,5.200452861722483e-06
TNFSF15,5.195329603343155e-06
MEX3C,5.193829033845806e-06
NTN3,5.191785050521766e-06
TM7SF3,5.171010355307124e-06
MORN1,5.153217364532637e-06
TREX1,5.1448835324792e-06
GTF2H2C,5.130821947458614e-06
GPR155,5.1268017591487025e-06
ZGLP1,5.121089301984375e-06
SFMBT1,5.110708565066479e-06
ZNF750,5.1091897498229155e-06
RNF122,5.100564966630394e-06
NKAIN4,5.0999279011094404e-06
SLFN12,5.0791409340283585e-06
TTC38,5.075810511216104e-06
ZG16,5.075810511216104e-06
METTL12,5.03250245260833e-06
FAM90A1,5.018835936279849e-06
RFPL4B,5.018835936279849e-06
PTX4,5.017748767548135e-06
MKNK2,5.0154160595042355e-06
OR1F1,5.010641268696671e-06
TANC2,5.009132477851934e-06
ZADH2,4.999440549768903e-06
ILDR1,4.991952413656533e-06
ILDR2,4.991952413656533e-06
GPR114,4.989669316618366e-06
GPR113,4.989669316618366e-06
ABCG4,4.987564693141672e-06
FUT10,4.982831919898269e-06
FBXO15,4.982763779491048e-06
C1orf177,4.98137025579346e-06
STOML3,4.975521961516415e-06
KIAA1467,4.966828152579711e-06
VAX2,4.964496343080442e-06
RAX,4.964496343080442e-06
KLHDC4,4.935304213034527e-06
C20orf27,4.916363372533382e-06
C6orf174,4.912059255894379e-06
C17orf104,4.902690058340562e-06
GREB1L,4.89244963562137e-06
GOLPH3L,4.8861103353203254e-06
C7orf61,4.882687383809081e-06
MDH1B,4.8826219538334025e-06
TMEM179,4.876917189523142e-06
GLOD5,4.874542974451628e-06
SLC16A14,4.8518598969768275e-06
GPR21,4.850880138953089e-06
ZC3H12D,4.8395761031978114e-06
DTWD2,4.836396930103932e-06
STMN3,4.830560714589053e-06
CD320,4.814464528285292e-06
SLC35E4,4.814464528285292e-06
C12orf74,4.809231087096861e-06
KDELC2,4.7948581433776445e-06
DHRS12,4.789246030217344e-06
PPM1J,4.774168089244325e-06
CCNJ,4.770040805187154e-06
HIST1H1T,4.767522376256586e-06
SLC26A1,4.756656288305787e-06
OSBPL6,4.727825026904267e-06
FAM57A,4.72715349393041e-06
RARRES1,4.722369405929616e-06
KLF8,4.681043496305634e-06
HEATR4,4.675820703045278e-06
SLC4A10,4.668105878250819e-06
CDHR1,4.66690734175295e-06
EMP3,4.6536629276947575e-06
MTL5,4.650681792522123e-06
RHBDD2,4.638093617423381e-06
STK32C,4.6285397455381415e-06
FBXW10,4.62696808489734e-06
KIAA1147,4.61936250517178e-06
LRRC55,4.60077486847298e-06
GPRIN3,4.5980257497923425e-06
KRT74,4.5884142271362e-06
TOM1L2,4.586797918929859e-06
ASTN2,4.582450876275476e-06
ZACN,4.580131836040075e-06
RREB1,4.57690824775752e-06
CYP4F11,4.561331541034126e-06
NLRC3,4.561301247932143e-06
FAM189B,4.544723216764854e-06
SLCO4C1,4.5248893132431384e-06
KIAA0247,4.512447660766366e-06
FAM83B,4.485493797597552e-06
TMEM102,4.481197468208787e-06
CCDC153,4.474979250988051e-06
REM2,4.462500428264341e-06
GBP3,4.436161958905741e-06
ZDHHC22,4.427166223414745e-06
C10orf107,4.411453090248023e-06
NARF,4.4090289016413684e-06
ADAD2,4.392824223893564e-06
C1orf116,4.392254226593133e-06
TATDN1,4.382914940192119e-06
CRIP2,4.382182975860121e-06
STK17A,4.374235056016713e-06
KLF11,4.374235056016713e-06
OR2H2,4.365649886951206e-06
VEPH1,4.3650681921122045e-06
TIGD5,4.335351484136124e-06
ZNF14,4.3253655114882815e-06
C4orf19,4.286540533156776e-06
USP26,4.283476440333218e-06
CIDEB,4.27932548902884e-06
CCDC88C,4.278569605747668e-06
DCD,4.269065997088173e-06
TNFAIP8L1,4.263243886309251e-06
TTC9B,4.263243886309251e-06
TNFAIP8L2,4.263243886309251e-06
GPR25,4.262464661826496e-06
PLEKHG6,4.2621488387165735e-06
TMEM8B,4.2621488387165735e-06
STK10,4.2621488387165735e-06
MEX3B,4.256612535409763e-06
DHX34,4.252438774889456e-06
MAFA,4.247457125326165e-06
SIGLEC6,4.246466892304635e-06
ASB13,4.241793466233787e-06
ASB5,4.241793466233787e-06
TOX2,4.2383780711214795e-06
CD109,4.229108448163485e-06
SESTD1,4.228967919747554e-06
EMP2,4.226392776706952e-06
TREX2,4.224712403589152e-06
ARHGEF19,4.220419007278503e-06
LRRC16B,4.203279255931155e-06
ZNF320,4.202634139352128e-06
RNLS,4.201476890792736e-06
UBR3,4.194781810891214e-06
C8orf34,4.18313598314421e-06
KLHL15,4.16204709301983e-06
LMLN,4.154840120407319e-06
PRELID2,4.146787574311286e-06
RALGPS1,4.143392322144991e-06
ARL4D,4.142205050297469e-06
ARHGAP27,4.121622913518732e-06
SLC2A8,4.076235969486024e-06
RAP2C,4.071750216225499e-06
MRM1,4.053410677976669e-06
PITPNC1,4.043849916260336e-06
NRARP,4.034839007847023e-06
TMEFF2,4.029059251556638e-06
ZNF251,4.027734819371877e-06
APOL4,4.0262255332146295e-06
APOL6,4.0262255332146295e-06
CDX1,4.015620972548297e-06
TMCC2,4.007685823268308e-06
RAI1,3.998105605278214e-06
LMTK2,3.997926399488922e-06
GIPC3,3.997926399488922e-06
ZNF169,3.990833246163764e-06
TSTD1,3.986892535560128e-06
ZDHHC19,3.96991498648667e-06
BAI2,3.958391287251932e-06
EMR2,3.954880578565368e-06
ALPK3,3.945578000394543e-06
NUDT16L1,3.941932988735871e-06
OR51E1,3.939816765849955e-06
FBXO30,3.914956650019843e-06
CRYL1,3.914285052290934e-06
NLRP14,3.910799909138418e-06
PBXIP1,3.904895382470664e-06
TMEM212,3.904507688343491e-06
PCMTD1,3.90401257775099e-06
HTR1E,3.898991837503379e-06
AOAH,3.893831346174246e-06
ANKH,3.890720590020458e-06
CCDC17,3.8752290584653e-06
IKZF2,3.865810863564004e-06
TM2D2,3.862983307366369e-06
CALY,3.824408257363068e-06
ZHX1,3.8220931536641435e-06
ICK,3.820982961051986e-06
TESK2,3.812919445608639e-06
PSG9,3.798729768644199e-06
KLHDC9,3.7960479165783858e-06
NCKAP5,3.7914315285836936e-06
C2orf71,3.7869727413158756e-06
IMPG2,3.7869727413158756e-06
ODF3L2,3.7845989575742605e-06
SH3BGRL3,3.7845989575742605e-06
MIER3,3.7841513658472373e-06
DNAJC12,3.761880122415971e-06
RP1,3.753339933562622e-06
TMEM134,3.748250046869355e-06
TSPAN10,3.731394908123454e-06
IGSF3,3.731394908123454e-06
AATK,3.712422830143657e-06
ZNF513,3.693920961729696e-06
DPEP3,3.6835825660211803e-06
KRT36,3.681937166273916e-06
RARRES3,3.6671259151019752e-06
KLF12,3.6629118098520275e-06
RAB33A,3.6521770313102662e-06
NR2C2AP,3.6512780143783194e-06
GPSM3,3.6471658720197383e-06
PLBD1,3.640122829924381e-06
C17orf47,3.6383338899959663e-06
TRIM37,3.6342685659728685e-06
LOC81691,3.626926917861085e-06
PTPRH,3.6254059153169754e-06
C9orf3,3.6252080073640683e-06
BIVM,3.6234732003710037e-06
SH3TC1,3.621227349521967e-06
HHLA3,3.5956612050411213e-06
TMEM106A,3.5944723261639964e-06
METRNL,3.5848847325342888e-06
BCL2L15,3.5667716227868064e-06
PTPRU,3.5652522831744687e-06
ZHX3,3.560572056361254e-06
SERGEF,3.5604855210745155e-06
MALL,3.544130543482494e-06
GRINA,3.527738836511694e-06
TBC1D2,3.5213472752665423e-06
MFSD7,3.506058668864761e-06
ZNF414,3.5053137329851438e-06
ZNF780B,3.503213562516335e-06
PLCXD1,3.495404724982523e-06
SIT1,3.486348614219007e-06
EPB41L4B,3.4843842021319446e-06
PKIG,3.4623316919231043e-06
VCX3A,3.4556427644643017e-06
SIGLEC14,3.444039454036194e-06
CMKLR1,3.438384728550214e-06
IQCH,3.4276949285161307e-06
MTUS1,3.422739515920165e-06
FKBP7,3.419704101097758e-06
OLFML2B,3.3889848404247046e-06
TECPR1,3.3844271865532636e-06
ZBTB46,3.3834136112046707e-06
AMZ2,3.377180585195149e-06
C2orf40,3.3717877145760444e-06
AARSD1,3.3715324717818876e-06
NEK4,3.3692195762248374e-06
DNASE2B,3.365784038303914e-06
C11orf87,3.3427105767063366e-06
TMEM205,3.31773092287829e-06
CASZ1,3.3120846635478143e-06
WDR38,3.303756919703806e-06
CHD6,3.303756919703806e-06
BCAM,3.2880123251037923e-06
PITPNM2,3.2866310287077573e-06
FAM111A,3.285855108716e-06
ARHGAP15,3.277993153871032e-06
CES3,3.261563418763497e-06
GFOD1,3.2561491668225815e-06
LIME1,3.2472657007584777e-06
FSD1L,3.240484614238158e-06
TRIM62,3.2400899324776296e-06
RSAD1,3.2400334845244136e-06
ZNF512B,3.239266506245655e-06
FAM26F,3.239266506245655e-06
PWWP2B,3.239266506245655e-06
ASB16,3.2325055704143944e-06
ATAD3B,3.224891684524356e-06
DNAJC4,3.22447015087286e-06
MR1,3.2146123264344937e-06
GLIPR2,3.210722203307162e-06
TMPRSS9,3.2010714612563616e-06
ACBD7,3.181777133270158e-06
C19orf60,3.1804672849191974e-06
C19orf43,3.135436815408218e-06
C20orf196,3.126422160792066e-06
AVEN,3.1180414865315847e-06
ZFAND2B,3.106773470455416e-06
FBXL4,3.1055978702197454e-06
TMPPE,3.10061433525304e-06
CWH43,3.095189640561953e-06
GPR4,3.0896978530695956e-06
ARSD,3.079066322618543e-06
MTUS2,3.0639553244236265e-06
KLHDC7A,3.044093317296117e-06
NECAB2,3.042825688129121e-06
RNFT1,3.0404612038264165e-06
INCA1,3.0363907221130974e-06
SPDYE5,3.0240719073616643e-06
SPDYE6,3.0240719073616643e-06
SPDYE1,3.0240719073616643e-06
SPDYE2,3.0240719073616643e-06
DNAJC17,3.0097516472789097e-06
LRRC8E,2.96223347419116e-06
TFEC,2.956549541275758e-06
RUFY4,2.948937169435222e-06
UBL3,2.9203269898712803e-06
PDCD2L,2.9036336598627143e-06
L3MBTL3,2.8801643179520972e-06
FBXO44,2.86282061348103e-06
MUM1L1,2.857029317734025e-06
CD5L,2.8412582403985073e-06
MPHOSPH9,2.831644256932541e-06
HSF2BP,2.8159962438269064e-06
ACRC,2.798889179750385e-06
ANKRD12,2.778854715471516e-06
C15orf41,2.7716146145909102e-06
CNIH4,2.768248536334769e-06
RABEP2,2.7524262352819795e-06
PRMT8,2.7431132499545656e-06
ITM2C,2.7418658377545895e-06
C19orf66,2.7253387487475412e-06
CISD3,2.7223314783315865e-06
ZNF831,2.7217888404581945e-06
BTG3,2.7111943473603243e-06
TRIM38,2.6959237414449866e-06
DCUN1D3,2.6951472426350167e-06
PLCXD2,2.686691473584264e-06
AKNA,2.6805938744813364e-06
TMEM208,2.659569990650929e-06
SNX10,2.6388511084783406e-06
SLC25A29,2.6299128770335663e-06
SLC15A3,2.6268712449617886e-06
RAI14,2.6032678185942182e-06
FUCA2,2.569417702361297e-06
C12orf45,2.561617370219303e-06
DCAF4L1,2.5585871372831138e-06
HUS1B,2.4914032557231735e-06
LYSMD1,2.4787873927765944e-06
GRHL3,2.477129022167658e-06
NBEAL2,2.3926177177136074e-06
FBXL15,2.384563929157757e-06
KLRC3,2.3823614798394943e-06
VIL1,2.366884761590551e-06
CLEC12B,2.3559400049435896e-06
C19orf10,2.252098652032194e-06
IFRD1,2.198566537087128e-06
SIAH3,2.1801517971059984e-06
C11orf48,2.1494104894416976e-06
C7orf55,2.077968729870272e-06
NUCB2,2.028265832685421e-06
IRF2BP1,1.9570957522952165e-06
CDH6,1.952116305984132e-06
ZNF223,1.942834962428795e-06
DOPEY1,1.5525751851604541e-06
DUS3L,1.5042057282344182e-06
TYW1B,1.5042057282344182e-06
KRT222,1.5009015766824778e-06
KCTD20,1.4188703114268011e-06
MIF4GD,1.260539271257317e-06
TRIM65,1.1824450358585006e-06
