,pagerank
TP53,0.002233382888295153
SRC,0.002189676592187815
EP300,0.0018691357622747425
EGFR,0.0017398769222158272
HRAS,0.0016721880653606698
RPS27A,0.0015153666009993176
PIK3R1,0.0013382335805315832
PIK3CA,0.0013199408521544758
JUN,0.0013169797031096341
KRAS,0.0013052737552064742
HSP90AA1,0.0012565574273925365
NRAS,0.0011744581562283117
PTPN11,0.0011441184283724616
ITGB1,0.0011281739802491324
ESR1,0.0011089085609771474
JAK2,0.0011077135693759524
SMAD3,0.0011019803356169572
CDK1,0.0010867819444825204
GNAQ,0.0010533170409250754
MYC,0.0010263673869243982
CDH1,0.0010137308938114235
FYN,0.0010090985110931276
SOX2,0.0009996327764176377
TNF,0.000988089532085187
CD4,0.0009658967136480796
PTEN,0.0009537525978618894
FN1,0.0009469150431690126
CCND1,0.0009384834824677876
AR,0.0009265571902069546
IL6,0.0009130159208692181
DLG4,0.0009038758793936915
LCK,0.0008996107820580117
NOTCH1,0.0008867448328356828
GNAS,0.0008848542919582986
PRKACB,0.0008720578882700106
SOS1,0.0008671420819475153
ERBB2,0.0008584776388363672
LYN,0.0008583832343805185
JAK1,0.0008569616480978591
BRCA1,0.0008477225561081913
CBL,0.0008297082046311748
HDAC2,0.0008251449668835667
KDR,0.0008156027111702454
PTPRC,0.0008151097548016948
EZH2,0.0007899654691350382
STAT1,0.0007859841403481513
EGF,0.0007844392972861367
POMC,0.0007753760799657493
FOXO1,0.0007684562067972221
CD44,0.0007678596607410449
VEGFA,0.00076762284146319
PPARG,0.0007671840989817301
HIF1A,0.0007630491382179406
FOS,0.0007602782612000542
CAV1,0.0007516290239595783
IL2,0.0007499688810217406
RXRA,0.0007464165066772303
ATM,0.0007430427949821717
POU5F1,0.0007427707219992098
ITGAV,0.0007363527859022709
MDM2,0.0007291903956164971
RB1,0.0007282681909338988
PRKCA,0.0007266830007608614
MAPK8,0.0007245960969193873
KIT,0.0007243027465154927
GNAI1,0.0007231537895615037
IL10,0.0007216363301535613
SYK,0.0007212302414014627
CXCR4,0.0007208482727751746
CCNB1,0.0007200296173829212
NCOR1,0.0007094063555570522
ALB,0.0006994001660954589
FOXO3,0.000692274309552872
IGF1,0.0006872843865710255
RUNX1,0.0006812633992856747
HIST2H2BE,0.0006675684041027313
HIST2H2AC,0.0006663101768344936
GNG2,0.0006661767760182897
PRKCB,0.0006656366944054706
ITGB3,0.000651574770806194
AKT3,0.000649819797226397
IKBKB,0.0006445447364388837
RUNX2,0.0006420594100201794
ITGAM,0.0006404433192382673
CFTR,0.0006352153204992402
TCF3,0.0006347030693512853
CD8A,0.0006290455697814634
PDGFRB,0.0006290340444864537
IL1B,0.0006278018014566025
ERBB4,0.0006224037413574673
STAT5B,0.0006222550604505826
PTPN6,0.0006182211527484945
CEBPA,0.0006164418788130435
EZR,0.0006156784414901471
LEP,0.0006140322737043906
APP,0.0006120855339481821
FGF2,0.0006085135524321041
MAPK11,0.0006078106040346409
MET,0.0006055953668550719
RASA1,0.0006039672411573494
NCOA1,0.0006038322469631347
YWHAZ,0.000602630257822905
JAK3,0.0006019485556078966
KAT2B,0.0006005136687759038
H2AFX,0.0005985978763965731
GATA4,0.0005973295432357788
CCNA2,0.0005964954058387724
GNGT1,0.0005934105352891836
H2AFZ,0.0005925983792356956
FGFR1,0.0005900666954846202
CDKN1A,0.0005883555639896755
HGF,0.0005873621577928464
LEF1,0.0005863401130679225
NTRK1,0.0005844374198048141
TULP2,0.000579380592193846
GNA11,0.0005787591760020239
BUB1B,0.0005784092099269158
SDC1,0.0005780348534890657
GRIN2B,0.0005779906150299302
STAT5A,0.0005754859345299042
NANOG,0.0005736892352309898
RAD51,0.0005732510259364178
VAV1,0.0005683990119941947
SDC4,0.0005641324690597795
TLR4,0.0005640019480448214
CDKN2A,0.0005616233446592794
CLTC,0.0005597517815497695
PIK3R2,0.000558849730490167
BCL6,0.0005587843983512671
HIST1H2AJ,0.0005570830328178015
PBX1,0.0005557542657257609
CYP3A4,0.0005544898362727368
FGFR2,0.0005520921755623182
NPFF,0.0005504485384228312
NCOA2,0.0005488943762952992
CYP1A1,0.0005475064357143435
YPEL4,0.0005466362479314526
HIST1H3J,0.0005456285773267793
HIST1H2BO,0.0005453282677572262
IL13,0.000543684541482073
SPI1,0.0005410968487070305
APOB,0.000540461049970912
CD28,0.0005401480751178406
GRIN2A,0.0005373951210321005
SAG,0.0005300444098350959
MLLT3,0.0005289144587663465
GATA1,0.0005279316430667305
RBBP7,0.000526350714019687
HSPA8,0.0005262414600221416
IRS1,0.0005253920593219588
GATA3,0.0005241423589874945
HIST2H3D,0.0005228530257346756
JUP,0.0005214629146259305
PIK3R3,0.0005190914542298878
PLK1,0.000518489440942633
TCF7L2,0.0005156860237878421
MEIS1,0.0005155362913983329
GAPDH,0.0005131335210058036
PLCG2,0.0005127319733458193
SUZ12,0.000510833848460456
PCDH15,0.0005097734599008798
WAS,0.0005092444084079973
HIST1H3B,0.0005092353287016957
MMP9,0.0005070684403785456
NFKBIA,0.0005047683294721558
YAP1,0.0005045017432839932
BRCA2,0.0005033955613112573
BLM,0.0005027208611148403
IGF1R,0.0005016092659419494
MUC1,0.0005003415845678733
PAX6,0.0004998654105812052
HIST1H3C,0.0004985573725618782
NPY,0.0004980728551753127
BTK,0.0004978955587097613
FLT4,0.000497626259797515
ASPM,0.0004966085017812725
HIST1H3F,0.0004961076138371122
PCNA,0.0004949989696691359
HIST2H3C,0.0004939015865241922
AXIN1,0.000492933338391029
HIST1H2AD,0.0004912395106388387
DNMT3A,0.0004904988679292324
CXCL12,0.0004888923470108182
FEN1,0.0004887391539269478
HIST1H3D,0.0004883898265148226
PDGFB,0.00048644787465034763
CACNA1D,0.00048538637346313604
APOA1,0.0004838375466776336
HIST1H3H,0.00048228309345141774
YES1,0.00048208441777513174
CHEK2,0.00048164584123889896
ITGB2,0.00048011267860019203
COL1A1,0.0004800753678827601
B2M,0.00047855312781752625
TRAF2,0.00047743450481706553
TJP1,0.00047571870705060944
KIF11,0.0004754055392050721
CDC20,0.000473820420550194
HIST1H2AC,0.0004731341581122024
HIST1H4D,0.00047308058805048197
PPARGC1A,0.0004708865568697577
NTRK2,0.0004700678619170423
BARD1,0.00046970059820435425
IFNG,0.00046947319674464877
HIST1H4I,0.00046935626588835754
PDGFRA,0.0004690524707584601
CCL11,0.00046864945847072055
CAV3,0.00046730092623336396
CDC6,0.00046698790082360883
ARRB1,0.0004646379460419906
CCNB2,0.00046441966990229524
TGFB1,0.00046299738676336606
CSF1R,0.0004626960215930248
HIST1H2BM,0.00046219114936515147
GPC3,0.0004613507166717631
BPTF,0.00046086953822181443
CHEK1,0.00045869022123099196
BUB1,0.00045632410255974626
VIP,0.00045567105216160814
CCR7,0.00045566797539156465
CSF2,0.0004554255985598002
ACAN,0.0004553365885448028
CDKN1B,0.0004544778126150363
FLT3,0.0004543794659545229
HSPG2,0.00045261481240455243
BDNF,0.00045259935988058896
PPP1CA,0.00045052781893954453
CD19,0.00045037622582189477
POLD1,0.00044884333919699524
FLNA,0.0004485366901371556
FANCI,0.0004482800519017984
LMO1,0.00044827974024805317
TAL1,0.0004481793490055703
NCAPG,0.0004480893384597687
PPARA,0.00044709763228734404
HLA-A,0.0004451197437640017
PARP1,0.0004439146604910083
AURKB,0.00044285939247710635
ERBB3,0.00044269191312473695
IRF4,0.0004414773626772482
MYB,0.0004406552288855462
EDN1,0.000439760575497736
TLX1,0.00043882011580726843
CSF3,0.0004385323899238596
WNT1,0.00043844005104422143
GFAP,0.00043766926013207014
LMO2,0.0004369294600324173
ADCY8,0.0004368886166426845
H3F3A,0.0004366404597785366
CTLA4,0.00043567089474779
HIST1H2BJ,0.0004351763349227707
IDH1,0.0004328755639845105
CD79A,0.0004323960178349389
PRKCZ,0.0004322796917055673
USH1C,0.00043191711042229905
GABRG2,0.0004310091569332711
KIF2C,0.00043050659557677614
CDK6,0.0004303670186149
RAC2,0.0004297989488581033
NR3C1,0.00042937414112581644
GLI3,0.0004285549170918804
FGFR3,0.00042747645847342663
VCL,0.00042707529430266157
CAMP,0.0004268534679333268
PAK1,0.0004267090847111506
SLC1A7,0.0004263727285382071
AURKA,0.0004246233582403109
BCL2,0.0004244451714500748
CCR5,0.0004243599287029812
SHH,0.0004239736725614977
BCL9,0.000423487324368086
TCEB2,0.00042342625839696596
NOS1,0.000421441266242478
WRN,0.0004213744975986402
RAD51C,0.0004211979891020592
FOXP3,0.00041953573418320356
GRIN1,0.0004193573482906444
RET,0.0004181635288264287
HCK,0.00041699675157626546
MAP3K1,0.0004162837868205444
MMP2,0.00041609249063728125
GPR139,0.00041581329753602854
CAMK2B,0.0004152018070224121
NGF,0.0004142033421486999
EXO1,0.0004141142581134991
GNG13,0.00041351283296554164
APOE,0.00041317092994260293
DMD,0.00041168775266949324
PRKAR1A,0.0004114316068492702
HIST1H2BK,0.0004112969930087708
ERCC4,0.00041122221358522225
THBS1,0.00041106179792254927
GATA2,0.0004104234066248091
CAMK2A,0.0004100768435045925
IKZF1,0.0004098348556385542
CYP7A1,0.00040972159364259465
MSH2,0.00040906472631426405
CENPA,0.0004089774984583743
ITGAX,0.00040802333280105747
RFC4,0.0004074671172070554
SCN5A,0.0004062811038909019
TGFBR1,0.00040616582191472535
MYH6,0.0004040585951504886
MAP2K2,0.00040310521558209445
MED1,0.0004028494744252632
CACNA1C,0.00040193219140356013
FANCM,0.00040188237945417506
FANCD2,0.00040064307341670176
MCM2,0.00040037151170997946
RUVBL1,0.00040017014587870087
NF1,0.00040015508427194226
AFP,0.00039981331032867373
GNAO1,0.0003995845094209512
HIST1H3A,0.00039852752197340685
TOP2A,0.0003983965502254841
BCAR1,0.0003982565930198949
GHRL,0.0003976692739673769
TCF7,0.0003974673723253316
RRM2,0.00039714336227229065
STAT6,0.0003970556308655361
ITGA1,0.0003961728510901806
ROCK1,0.0003947946165984481
SDC2,0.0003944857242965238
DCN,0.0003942459938156031
NBN,0.000393655604851223
BIRC5,0.0003932730309945994
PAX5,0.00039300419299066167
TTN,0.0003929441157497187
PIK3CD,0.00039240526128491804
IL7R,0.00039234875994951325
ACVR2A,0.00039193098103797256
CD79B,0.0003916423298832758
GABRA1,0.0003905562383896714
CCL4,0.00038927175504006325
SYNGR4,0.0003890523614022128
MMP1,0.00038846615308145936
VAMP2,0.0003870693699013437
ASCL1,0.00038696633500082936
STX1A,0.00038681093141412
CYP2B6,0.0003866232218234422
NTS,0.00038660227152896294
ENAM,0.00038545616055882465
LPL,0.0003853241561047587
BMP4,0.00038499845923048237
CDK5,0.0003834770654628487
TNNT2,0.0003823456466629147
COL3A1,0.0003815307961189821
GNRH1,0.0003812301880415887
CTSG,0.00037922002413010817
RARA,0.0003790370427578365
IFNB1,0.00037895687613402217
HIST2H2AB,0.00037881229165457014
GNB5,0.0003787778832832063
WWTR1,0.0003781553003082404
CCL2,0.00037803398723317244
AGT,0.00037788820421394024
CXCL1,0.00037755793357230555
PRKCD,0.0003773786629288763
CD80,0.0003769841067304254
CDC45,0.0003765136382681767
CCNE1,0.00037613331303039865
GLI1,0.00037610326071690393
DDB2,0.0003753613791666301
BTRC,0.00037516687278750873
CAMK2D,0.0003746599659873139
SOCS1,0.0003743236936189793
CLDN16,0.00037423341613409525
IL2RG,0.00037342430251640556
DLG3,0.0003729449949495966
UBE2C,0.00037273357122044425
SLC9A3R1,0.0003727065287750451
PI3,0.00037233065417118156
CXCL10,0.00037144267254198666
GDNF,0.0003713131327411968
PAK3,0.0003711078317854181
MAPK10,0.0003707340488053111
SPRR2A,0.0003696993781486182
MAD2L1,0.00036959182305777087
LMNA,0.0003694260681256303
NOTCH2,0.00036941443908079504
MUC4,0.0003692640542886853
CD274,0.00036914220804581667
AGXT,0.0003690543516204796
ATRX,0.00036883305149123884
CSAG1,0.00036873983510924985
SRF,0.0003683594292048414
HCRTR1,0.0003679869930268638
CD40,0.00036723020955297986
EGR1,0.00036698003407522413
PRKAR2A,0.0003668364234546248
SCT,0.0003668193804916707
FAS,0.0003661437484591412
MITF,0.00036611592408962944
HIST1H2BL,0.000365705897507026
TIMP1,0.000365624642245165
NCOA3,0.00036489199824589507
BIRC3,0.0003645782775814833
GRIA4,0.00036457227492754207
ITK,0.00036417633589438904
HIST1H4C,0.00036405674421758136
TMPRSS2,0.00036371644684884247
AGRN,0.0003633910513921354
KITLG,0.00036307862708237634
MUC16,0.00036291109415951585
COL2A1,0.00036219298574699055
CD86,0.00036218453543512016
MAPK12,0.00036084284496927765
SNAP25,0.0003607096027408421
PLEC,0.000360308363905565
WT1,0.0003602433311743683
STK11,0.00035879063715157054
PRKCG,0.0003569623192524702
AKAP9,0.0003559791334731278
APC,0.00035578965109727236
BRAF,0.0003557583527689637
FADD,0.00035504599788983024
RPL5,0.0003549106327175426
KLF4,0.00035483364534734103
GRIA1,0.00035458752759188686
LATS1,0.000353679608411046
FAU,0.0003535199738455361
MUC6,0.0003531217189121188
ACTA1,0.00035282753825161597
ATF2,0.0003524430477343353
FOXA1,0.0003520106215222906
TERT,0.0003520047852408589
CSK,0.00035191840545978733
TLR2,0.00035142147274188333
ETV6,0.00035140429868532315
CCND2,0.0003513385357113634
NRG1,0.0003511698440407046
ALK,0.0003510683099127071
RAC3,0.0003504437297439647
WNT3A,0.000350310005537217
MYH11,0.0003501810034689713
BMP2,0.00035015022426123597
HIST1H4E,0.00034953425392108065
CYP2E1,0.00034943203099749005
GPC5,0.00034908500655135306
CALR,0.00034889255338376856
ACTN2,0.00034862594080265673
HIST1H2AL,0.0003471602207345609
TGFBR2,0.00034699950662296403
FGFR4,0.00034606145106365663
CD34,0.0003460450497746325
ITGA2B,0.00034597981949529454
MAP2K4,0.00034586495840891254
PRSS1,0.0003447761999302723
NDC80,0.00034445813574760203
FOXO4,0.0003442434052481673
IGF2,0.00034403739231467445
RAD50,0.000343972435010422
PRKCE,0.0003435587990476948
PTK2B,0.00034348378302565403
SQSTM1,0.00034320383114476726
MCM4,0.0003426532996775751
SPINK5,0.00034232967078267506
TNNI3,0.0003420067973173087
CD247,0.00034168796750879294
ITPR1,0.0003415869069497043
CGA,0.0003415234975789275
AADAC,0.0003412868226782719
HIST1H3G,0.0003407827577422929
GRIA2,0.00034076953047891903
GHRH,0.0003403884335574604
DNM1,0.00033998982713864877
FCGR3A,0.00033933725050246425
CCL5,0.0003388507847450739
HSD3B1,0.00033856972375132053
HOXA9,0.00033848017131167204
GSTA2,0.000338197977620844
HIST1H2AM,0.0003380822624520516
CDH17,0.0003379268096211281
RAD21,0.00033783414452577456
PAX8,0.00033759533744279907
DVL1,0.0003373745734414044
KISS1,0.00033695342105675063
TEAD4,0.00033630069109021716
FCGR2B,0.00033625107083367175
HIST1H4B,0.0003358865807232786
OCLN,0.00033581942158836215
CYP2C8,0.0003353119199820736
SOCS3,0.0003352218785157482
XBP1,0.0003352136197908244
CTTN,0.0003350246122154073
CDH2,0.00033493736658035743
NCAM1,0.0003348248881415367
BMPR1A,0.0003347100881102036
HIST1H3E,0.00033403135262780216
FGR,0.0003337207200487941
ANK1,0.0003334449793892262
CEBPB,0.0003334414801418209
IL6ST,0.00033342988659978805
TBL1X,0.0003330831686082726
PYY,0.00033247162005347713
DRD2,0.0003323593887688121
SOX10,0.00033205908928894456
GSTA1,0.0003315769994404945
HPGDS,0.00033098680459927373
GAB1,0.00033074939473211963
ICAM1,0.00033054966877186663
GPHN,0.00033014156099181734
HIST1H4J,0.00032999186509287474
HIST4H4,0.0003299818013370102
CNTNAP2,0.0003299733074536534
TPM4,0.0003299445301777482
BAX,0.0003290984432162694
GPC1,0.00032895600747468665
NTRK3,0.0003284353302098272
ITGA5,0.00032811824528284695
MUC15,0.0003279080607777173
TMC1,0.00032772896990904826
IL2RB,0.00032752532641053055
TCL1A,0.00032681603020597526
KIF23,0.0003267666636018542
HIST2H4A,0.00032628757247713533
HIST1H4H,0.00032628757247713533
CXCL2,0.0003260046339265376
HIST1H2BD,0.00032532181511525616
GNB3,0.00032530612540635547
CYP3A7,0.0003250403837229388
RHO,0.0003248052958762236
CYCS,0.0003241254801077718
CHRM1,0.0003237360382870508
PLAG1,0.0003235777207468758
ZEB1,0.0003235610269950403
ZAP70,0.00032347173714096197
RRAS2,0.0003234471596043351
NFKB2,0.00032339878680121286
PPL,0.0003233500843050827
KDM6A,0.0003225799221314154
IVL,0.00032237112884709034
H2AFB1,0.0003222514150641013
REL,0.00032212877297341203
PROK2,0.00032170434806681096
FJX1,0.00032164612270456415
LCP2,0.00032132313738738113
UGT2B7,0.0003208804245098592
OLIG2,0.0003207808678214653
H2AFJ,0.0003205931551144424
PRF1,0.0003205702415171853
PCK1,0.00032049950000765076
FLT1,0.00032045458668667707
S100A7,0.0003204425190352732
MYOG,0.00032030697383165206
RRAS,0.0003201145956363793
MCM3,0.00031987457503801356
CUX1,0.00031882938194631216
NOS3,0.00031853457520687067
GABBR2,0.0003185286232720836
HSD3B2,0.00031818765542046404
ALAS2,0.0003178403842381607
LRP6,0.0003177331471939921
TET2,0.00031765769678522495
PAX3,0.00031754873740510027
CAT,0.0003174625683431249
KAT2A,0.0003174382836301269
MYH2,0.0003167677150254986
KCNA4,0.00031627397220718645
ADH4,0.00031602151784712357
FASN,0.00031600346153090006
NGFR,0.00031568661153577723
BRIP1,0.0003151873973162283
HLA-DRA,0.0003151207896938839
VWF,0.00031501717797266033
ELANE,0.00031487082480049556
TTK,0.0003148355254729687
CD5,0.00031473125989644877
SMO,0.00031467671027198343
RFC3,0.00031379417489508105
TAC1,0.0003131560758274832
CTNNA2,0.00031304797054596423
DLGAP5,0.00031300494599516385
TLE1,0.0003129922480807943
RUVBL2,0.0003122324929688457
SFN,0.000312174191294852
ANPEP,0.0003121407020296655
KCNQ2,0.00031208802244015864
CD209,0.00031195424706579407
SALL4,0.0003119440815689765
CXCR2,0.0003117076560886909
KLK3,0.0003116590642898706
HNF4A,0.0003114275887244133
PROC,0.0003113954442978687
PBK,0.00031111991823903293
PGK2,0.00031094437424648895
TYROBP,0.0003109073359753275
STXBP1,0.00031082128095383135
ADH1A,0.0003102739629208105
SPA17,0.00031024133849205367
CDCA8,0.00031006538785497225
KIF20A,0.0003097041743693103
HDAC5,0.000309693398529299
EHHADH,0.0003093489626949111
MAPK13,0.00030921724991037037
ADCY3,0.00030871775381734363
MCM7,0.00030859688686121447
ITGB4,0.00030856669649126844
MCM5,0.0003077686469290778
ARHGEF12,0.00030747119701039695
FANCC,0.00030731698487516316
ISL1,0.00030671241875947474
RNF2,0.00030641477210468967
SPRR2E,0.0003062445866386257
SPRR2D,0.0003062445866386257
WNT6,0.0003060151154017011
TYMS,0.00030576154769890624
PECAM1,0.000305381995338371
MAML2,0.0003053394486571418
TEK,0.0003052486878665791
GZMB,0.0003049615798400294
FANCA,0.00030465108413272647
DTL,0.0003045840962136244
MYH7,0.0003043280118653568
KCNA2,0.00030285088097878245
ELN,0.0003027652471675391
DSG1,0.0003024474620616294
LRP5,0.0003018860716682568
IL2RA,0.00030176518206193357
TFRC,0.00030168410077857253
ADH1C,0.00030166549415647703
DLGAP2,0.00030153462811100765
MECOM,0.000301074902800807
RPS6KB1,0.00030100617933504316
ITGA3,0.0003009614514616708
GMPS,0.0003009177206410015
CASK,0.0003008207700734009
ZBBX,0.0003005088343214224
ADRB2,0.00030029451040155093
NFATC2,0.0003002760247079935
MLLT4,0.0003001866317818582
HIST1H2BH,0.00030017422599565963
SDC3,0.00029987799197742646
MAPT,0.0002991318901010732
PABPC1,0.0002989053138746975
E2F1,0.00029881306320404095
PRKAR2B,0.00029857668727665003
GNA13,0.000298524023351519
ITGA2,0.00029845264526668974
EPAS1,0.0002982449900458797
UGT2B28,0.00029794842553596294
TRPA1,0.00029771414817813873
PBRM1,0.000297703882623165
CD74,0.0002976114234636716
ACE2,0.0002976089990709417
NLGN2,0.0002970670440869081
C1QL4,0.00029669425773977767
C1QL2,0.00029669425773977767
IKZF3,0.0002965953131377529
HIST1H2BF,0.0002965299703374567
AOX1,0.00029643461372788957
SGK1,0.0002964282580271832
NR0B1,0.0002962164717146399
NOS2,0.0002958548455241877
LALBA,0.0002957974140573276
SNCA,0.0002957518334717368
NPHS1,0.00029575106225814473
WIF1,0.00029566598472571457
XKR4,0.0002955426759688179
MMP13,0.0002954037522092199
KCNQ4,0.0002952947713141093
HIST3H2BB,0.0002944974260302198
PENK,0.00029441409462793115
NCK2,0.00029399620412742566
B3GAT1,0.0002938961046341772
ALDH2,0.00029345433803464884
FGF5,0.00029339275797132157
CYP2C18,0.0002932370922139703
KLK2,0.0002931373510622506
CSTA,0.0002930113375927166
KCNB1,0.0002929550426921151
DCC,0.0002927535987689929
SLC30A8,0.0002927508062893914
CYP3A5,0.0002927469754303923
AP2B1,0.0002927184767392615
HBEGF,0.0002925327727194982
HIST1H2BN,0.0002923397265856091
WFDC5,0.0002919700147344766
ETS1,0.00029193237711718455
NRXN3,0.0002918114914453467
ACSL6,0.00029170025683742426
LOR,0.00029161084145966544
FIGF,0.00029129962773106317
AFF1,0.00029072479273552736
GAD1,0.000290517366404918
IRS4,0.00029049762225049865
PRKG1,0.0002904891187715188
TRPV1,0.0002903503911296692
PRC1,0.0002903186848509834
HEY1,0.00028993745751869577
NOTCH3,0.00028962689545080353
LYL1,0.00028947911133858374
HTR3A,0.00028935708641286765
BLK,0.00028928476294097104
FANCG,0.000289215885687146
CCDC108,0.00028911568713272084
FCER1G,0.00028877223194433995
DEK,0.00028842305937897743
TYRP1,0.0002882750493151037
MCM10,0.0002881095057249552
CASP14,0.00028807931679988684
RECQL4,0.00028768328229227414
CRP,0.0002876627842175625
FEZF2,0.00028746955441926955
TPX2,0.0002874503283070733
LATS2,0.00028686398554213894
EPO,0.0002868460045735746
SCG3,0.0002868070998227812
CDC25C,0.00028672842501515543
HDAC4,0.00028666347174723144
IRS2,0.00028656977331835426
CXCR3,0.0002865584274488988
ADIPOQ,0.0002864240263602685
ITGB5,0.00028641643095383035
CCR3,0.00028613733813273676
PTPN13,0.0002857304574745115
PIM1,0.00028558469975141834
VTN,0.00028552749031449527
GOT2,0.00028549152809721295
MYH1,0.0002852352508481317
N4BP2,0.0002851872448029143
ALDH3A1,0.000285184509608934
SMARCD3,0.0002849976870957481
CENPE,0.0002845337689845442
PDPK1,0.0002833478237931415
HAO1,0.0002831829546227728
SEPT6,0.00028292271449193243
STK32A,0.00028277216560434874
AXIN2,0.00028276192575535906
CNGB1,0.0002827230555124561
SERPINE1,0.0002826917587588838
DPP6,0.0002826787922506511
RPE65,0.00028266367020491457
FANCE,0.0002820840776323481
IDH2,0.0002820269797935228
GNB4,0.0002817836736871591
CDC25A,0.00028175436847431486
SEPT5,0.0002816395771919435
SELL,0.000281577803406988
NRXN2,0.0002812956224065691
CLTCL1,0.0002811856242742125
MMP20,0.0002810954908215891
LDB2,0.0002809017341574603
GNAZ,0.0002804431400345846
MYL2,0.000280413565135945
UGT1A7,0.0002803218825954073
RPS2,0.00028031795031373393
CARD11,0.000280048868863238
CD38,0.00027997955761466063
CYP2A6,0.00027993200130672924
POLE2,0.0002798660847215826
DNMT1,0.000279710900236325
CXCL5,0.00027963243960528255
C4BPA,0.0002796232102284086
NKX2-2,0.00027944140131000813
RNF43,0.0002792502327920406
SLC36A2,0.00027923762542252214
VHL,0.0002792248183375126
SPRR2F,0.0002792060623469998
LAMC2,0.0002790505504163823
HMGA2,0.0002789606203454138
GPR123,0.00027893485310737575
GMNN,0.000278930072693565
ITGA6,0.0002788011297194396
HOXB1,0.0002786406544806071
HIST1H2AH,0.00027848074931126685
DLG2,0.0002784127275223224
FANCF,0.00027837408325665126
LIF,0.0002783615531781429
AKAP3,0.00027811289188951353
MRE11A,0.00027754267778750806
TSHR,0.00027731571483412807
SPRR1B,0.00027725486926031146
PIK3CG,0.0002771368670747818
ITGA4,0.00027687347896246384
CANT1,0.0002767929552873582
CPA1,0.0002762585255127698
PAK7,0.0002760615458655796
SCTR,0.0002760181963437758
PTK6,0.0002760062992338496
EPHA3,0.0002759238814884423
TGFB3,0.0002758688100361691
MAP2K6,0.0002758090682002339
DICER1,0.0002757258699683352
ACTN1,0.000275685978867818
HIST3H2A,0.00027501598111534666
SH2D4B,0.00027491726332596255
RELN,0.0002749058146524552
CYP2A13,0.0002748558776382094
GRM1,0.00027475966356384495
PLCB1,0.0002741706553723028
LHFPL5,0.00027392000356314975
CXCL11,0.0002736060364748486
WNT5A,0.00027315825659740117
SERPINB3,0.00027261925612981624
RBM46,0.0002726006337731754
CST4,0.00027253071030253396
CCR2,0.00027190523396202756
PRDM16,0.0002718590671075378
CYLD,0.00027185868514065725
SOX9,0.00027167648234924257
HAPLN1,0.00027148520999412205
GJA1,0.0002708864138244897
BANF1,0.0002708736568771772
LUM,0.00027067315093455633
DNER,0.0002706655649559747
MSN,0.000270637813824866
CYP26A1,0.0002696661203711143
ZNRF3,0.0002695794471702132
NUSAP1,0.0002692796644492094
CENPF,0.00026907879227648266
LRP1,0.0002690664589781676
FGF17,0.00026889751523569085
MEF2C,0.0002688689384162023
HBG2,0.0002685270344897657
ACADS,0.0002684790856768848
LRRK2,0.0002684406252812237
MAF,0.00026840041407689074
LAMA3,0.0002683671108739223
FAM71D,0.00026834196343365
HES1,0.0002677397484594215
BAAT,0.00026771139004900884
FOXL2,0.0002673273980593661
B4GALT1,0.0002671102129376568
CD2,0.00026695854307802366
GDAP1,0.00026690149027198273
SCGB1A1,0.0002668646974670857
SLCO1A2,0.00026676200943462504
LHCGR,0.00026666416580900754
PTCH1,0.0002665049557711081
GABRA4,0.00026615282538523794
PSMC5,0.00026607078101554513
GSTP1,0.0002660458885824711
TP63,0.00026586355110426696
PLCB2,0.0002658096040569505
TLX3,0.000265738977843693
ESR2,0.00026573672512276487
EBF1,0.00026573560025290583
BGN,0.0002656994125784772
TNNT1,0.00026568483629865253
SEPT12,0.00026544473546303606
HSD17B4,0.00026544424090761264
FES,0.00026536444064207386
CCR1,0.0002649157878478033
PDCD1LG2,0.0002648853035186353
MN1,0.00026464042922288094
RFC2,0.0002646187160026973
IBSP,0.0002646137711444494
HJURP,0.00026460237475158855
GYS2,0.00026433427988476323
SRGAP3,0.0002639151998462396
TRDN,0.0002638043124994612
CXCL3,0.00026356021422521025
FOXM1,0.0002635314360513515
HIST1H2AE,0.00026341210088909756
CCL3,0.0002634069026044345
GNA15,0.00026327809994629525
TCEB1,0.00026307491362406895
RBBP5,0.0002630167594543963
CSF3R,0.00026276883530022295
EPHA7,0.0002625428758626518
RXRG,0.0002624445659794894
LRRC7,0.00026240390905296206
MTCP1,0.0002621695832334363
TCL1B,0.0002621695832334363
ABCG8,0.0002619429023306974
MMP3,0.0002619141452212405
MCM6,0.0002619023716071622
LCT,0.00026179427400820695
GRIP1,0.0002617684080570897
ATP1A1,0.00026163677638718256
KISS1R,0.00026152340704207745
PSMB8,0.00026141967217719686
LAMA1,0.00026121290442292
HBG1,0.000261158819775006
GAB2,0.0002610739323139952
HSD17B2,0.00026091462859144463
SNTG2,0.0002608508660284007
TBR1,0.0002606750981611854
COMT,0.00026057729326415814
NKX2-5,0.00026049780934287895
OCA2,0.0002604629062336715
HNF1A,0.00026037394157383685
ASF1B,0.000260328787659132
TJP3,0.00026025196883051573
NT5C2,0.0002602413776508464
MELK,0.0002600929907539403
CTNND2,0.0002600365270751724
NRXN1,0.00026003230328370646
INPP5D,0.000259990929905323
RHOC,0.000259924653092647
TMEM176A,0.00025984179653657804
SLC30A10,0.00025979991619096956
GNG7,0.0002593209122385432
TSKS,0.0002592276519424656
OOEP,0.0002590147654806842
ADAM10,0.0002589973994386942
PIK3C2G,0.00025894311684368965
CSN3,0.0002583287269410244
SYT1,0.0002581613154424347
CALCA,0.00025802814366731604
HMMR,0.0002577647898262227
AMPH,0.0002577225324861353
PDPN,0.0002574979569652398
COX6C,0.00025741331179677894
PHF6,0.00025649400464818593
HLA-DRB1,0.0002564236173432008
VCAN,0.00025641109445244305
FCER2,0.0002563833666930671
CCNT1,0.00025623044421944956
PTPN1,0.00025590225372107954
RLBP1,0.0002558761803316492
CIDEA,0.0002557905927354655
MALT1,0.00025570543860802957
ERC1,0.0002556408234337489
SMPX,0.000255612120886685
MAGEA1,0.000255551514773078
ADRBK1,0.00025549032847690224
TIAM1,0.00025548198247029663
PGR,0.0002551345348838278
CBFA2T3,0.0002546613817376192
EFNA2,0.0002545730185019198
LILRB2,0.00025456682261772536
FGF10,0.00025432664628682395
PDE4DIP,0.00025428061141180607
IGSF9,0.00025399099311338645
CEP55,0.0002539903116862431
TH,0.0002539572646426644
SULT1E1,0.0002539362228201376
CPLX2,0.0002538587944221499
PPAPDC1A,0.00025379111831838613
MYO5A,0.0002536228012933284
BSCL2,0.00025354978073762765
GRM5,0.00025327903152599733
SREBF1,0.0002532370216938824
CD3E,0.00025321028801506755
ROBO2,0.00025295849587816434
GPC4,0.0002529388001648767
LRIG1,0.0002528606334339669
HTR2A,0.00025280891159194297
AFF4,0.00025273719577597557
SOX3,0.00025252862112657196
EML4,0.0002523175641250346
LASP1,0.0002522316053067986
CXCR1,0.0002521769978089183
RSPO3,0.0002520742501513569
RAD51AP1,0.00025204040503733297
BCL11B,0.00025197732369888884
RAP1GDS1,0.00025173882513781695
ANK3,0.0002513041155149895
MYO1C,0.00025110677627549204
HBA1,0.0002510685907665981
SLC7A13,0.0002510163676959781
KIAA1549,0.00025088892688316137
CD3G,0.0002506370081051028
MYCN,0.000250453223881542
NPAS4,0.00025037357256992157
SMC2,0.00025030885862344305
NR2F2,0.0002502882207069992
MOGAT1,0.0002502738518673377
COL4A3,0.00025021676854946934
PRKCQ,0.0002501772717785349
CASP1,0.0002499963457901186
WFDC12,0.0002498629698673258
POLQ,0.00024985439755712663
PTPRD,0.0002498493620355169
FCGR3B,0.00024977623106811164
BCL11A,0.00024973397891924317
ZP2,0.0002496066473854997
RBBP8,0.00024952309028697644
PTCHD3,0.0002494452203386078
ACSL3,0.0002493673559553384
CMTM8,0.0002491849624285201
EEF1G,0.0002489927148705652
DCT,0.00024896376500277813
DDC,0.00024890309170373626
STIL,0.00024862357717518965
SERPINC1,0.0002483095024737517
EPOR,0.00024817872587622956
RGS7,0.00024817802768477916
IGF2BP2,0.0002481702779082072
BPI,0.0002478476760300997
MPL,0.0002476267468084095
CDX2,0.0002474404950350859
SLC15A1,0.00024737031564737994
NRG2,0.00024709354970262846
SETBP1,0.0002470867282398261
SYNJ1,0.0002470312327365732
F2R,0.0002468773206565339
IL15,0.00024684531919123593
SCARB1,0.0002468371735826266
SCML2,0.0002464603472265591
DCAF13,0.00024644673521817605
PPP2R1B,0.0002463628579757189
TNFAIP3,0.0002463578172257094
ZBTB16,0.0002461149853449999
EIF3E,0.0002458283737375856
LAMB1,0.0002456676541220831
BST1,0.00024565670476440143
COL1A2,0.00024561541134392976
EFNB1,0.00024557727930436617
LGALS3,0.00024554955302373473
KIF15,0.00024540915759613453
RPL22L1,0.0002452007656423628
SIX2,0.0002451223699219678
TSLP,0.00024506771932367383
RICTOR,0.00024505499913063427
ITPR3,0.00024493470162582714
GPR12,0.00024488170023041317
ACADL,0.00024469607726011744
FRMD1,0.00024464355001968345
OTOR,0.0002445822912853106
PLAUR,0.00024456863124420417
SS18L1,0.00024453186674181914
EPHB2,0.00024435913526568405
DACT2,0.0002443255556142121
SPOCK3,0.00024415627519712034
STAT4,0.0002440598718910149
PAX2,0.00024362045408538296
CCK,0.0002436199921447141
RSPO2,0.00024356805280679355
PRKDC,0.00024337166386346923
PTPRZ1,0.00024328951710311005
MYOZ2,0.0002432715044187144
FGF1,0.0002431688378056259
PTGS2,0.00024303689154463024
INSR,0.000242995560124307
FLI1,0.00024299223588834687
ITGA9,0.00024299058391433494
TRH,0.00024280528091047526
CD40LG,0.00024277984151629652
DUSP13,0.00024273555606886966
TKTL1,0.00024247314749795433
GFER,0.0002419779761380927
RPS6,0.0002419775991446161
FZD2,0.0002414971947155875
SEPT4,0.00024133663451681567
DDIT3,0.00024105592512586703
MASP1,0.00024104676608640042
CHCHD7,0.00024093982280274365
PRPF40B,0.00024063705948443705
TPM1,0.00024062860319213283
LIPE,0.00024062216671053428
HOOK3,0.00024037402920149302
AQP2,0.00024026820701293113
ADCY5,0.00024019888975034296
TCF4,0.00024010516469565567
TLE3,0.00023995239047397838
REG4,0.00023994828591558746
ALDH7A1,0.00023972395437557643
TTC23,0.000239712131343681
CXCR5,0.0002397113936981344
LAMB3,0.0002396105911520749
EYA1,0.00023939305309911353
OTOS,0.00023929317493547394
C8B,0.0002391403139413876
VSX2,0.00023871258296651575
ENPP1,0.0002386340212822358
TRPC1,0.00023860070096208574
CEACAM5,0.00023842669199541588
NRIP1,0.00023813136952739722
BTG2,0.000238117379062272
QKI,0.00023809455829345866
OMD,0.0002379906613385171
MARCH10,0.00023777961291770287
CST1,0.00023745671330246542
SPRR1A,0.00023739052106635478
CDT1,0.00023738178640792342
SPRR3,0.00023719708927887214
KCNJ11,0.00023716521844607
SERPIND1,0.00023716164779833708
DSC1,0.00023676283214681804
UHRF1,0.00023660578063331746
ITIH2,0.00023657801761085763
CENPN,0.00023654657346590044
GPR97,0.0002365166999659029
EVPL,0.00023625925135411445
DOT1L,0.00023616897578007933
FBXW5,0.0002361113639748395
STAG1,0.00023593412552442992
RUNX3,0.00023580134548583374
FBL,0.00023572936942261745
ASXL2,0.0002357245768388231
ARID2,0.00023570021340326824
TMEM212,0.0002356517264023148
CD3D,0.0002356398066000577
NTF4,0.00023557456088548902
CXCL9,0.00023526904516017071
SIRPA,0.00023524196819072298
FAM131B,0.00023516714342096406
SLC34A2,0.00023497278167270515
SYP,0.00023494599253105148
IL7,0.00023492346067153992
ASH2L,0.0002348123157135491
JAZF1,0.00023476174026445303
ATOH7,0.00023474312487579572
MYL3,0.00023451171323970606
SIX1,0.0002343149145211197
TWIST1,0.0002342979603796226
IL6R,0.0002342559665170167
SERPINB4,0.00023423482767064043
ARG1,0.00023417044728412802
SFRP4,0.00023415396536639052
DGAT1,0.00023414087245894632
RMI1,0.00023366650781997343
SORT1,0.00023360754848138757
S100A12,0.000233432048263113
MRGPRX2,0.00023342916339465328
GRM3,0.00023330802241271613
ITGB6,0.0002331681720251892
KY,0.0002331637003020253
ITGAL,0.00023315568961582435
NOTCH4,0.0002331107538907112
GTF2I,0.00023283523037242164
FABP7,0.00023273476352888339
DKK4,0.00023252317032914114
CDH7,0.0002324508322342904
FPR1,0.00023235071525759264
CYP19A1,0.00023225502857807302
NMU,0.0002321922842009271
SFTPB,0.00023219074806846984
ACVR2B,0.00023204239316834257
FOXP1,0.0002320394709887982
KIAA0101,0.00023203755887618084
FBLN2,0.00023199444531368167
MAGEA12,0.0002319044794856074
IRAK1,0.0002317811859251257
TRPM6,0.00023176488111825114
VAV2,0.00023171942154165127
TBX3,0.00023169077583786924
AMPD1,0.00023160034049754327
UGT1A6,0.00023151538644577014
CDH5,0.00023145863908815548
PRKAG3,0.00023141714658342046
ID3,0.00023125724023566552
VGF,0.0002312527992822729
BCAN,0.00023123246961594707
BMP5,0.0002311786889932352
RPS18,0.00023105799514640658
ZMYM2,0.0002310392260719796
TACR3,0.0002310284056943885
CCDC129,0.00023099235241553107
OPRD1,0.00023089924282883328
KCNAB2,0.00023071379360972583
FAT1,0.000230622144035929
TIMELESS,0.00023058968882031937
IQGAP1,0.00023055629349185504
HPR,0.00023055360380215157
COL4A1,0.00023047934225440777
CYP2C9,0.00023033478442492972
CRTC1,0.00023021603478799098
HOXB13,0.00023007659771829571
TET1,0.00022996950061918029
IGFBP1,0.00022961570847530803
SLC4A1,0.00022959470361524545
PRKD1,0.00022956120950864305
POU2AF1,0.00022937959852468358
JUNB,0.00022936124595349206
KCNQ3,0.0002293582519276832
KIF4A,0.00022920298839613134
DPP4,0.00022901516999558922
IL19,0.0002290093208185673
RPS3,0.0002290091044339114
HMGA1,0.00022894932550854668
SLC45A3,0.000228948946348094
ANLN,0.00022882448648606717
ZWINT,0.0002288210792676276
TRPM5,0.00022878876622254397
LIFR,0.00022873999901969262
UBE2T,0.00022854090604413748
NFATC1,0.00022852983334598043
TCF7L1,0.00022851056490508738
SUOX,0.00022839607005536633
COX6A2,0.00022836217465900836
DRD1,0.00022799819846614476
GNG12,0.00022795572114271505
SLC6A2,0.00022779666022681387
FCGR1A,0.00022776999858370965
KCNJ5,0.00022771342276863628
HIST2H2AA3,0.00022760212150902052
FGA,0.00022758769669306865
SPINK8,0.00022741094767989942
CEBPD,0.00022736680584674104
LOC93432,0.00022713766838523011
CRYBA2,0.00022710775692567217
MSTN,0.0002269209065416832
KCNQ1,0.0002268248516899743
CREB3L1,0.00022681336755411033
CYP4A11,0.0002266866709629066
EPB42,0.0002264370715038218
KCNH2,0.0002264254532917732
NEK2,0.00022591458123647976
CCNA1,0.0002257515802253657
CDSN,0.0002257259646056155
RACGAP1,0.00022563273209714888
IRF3,0.0002254056819718071
IL1A,0.00022522495853271405
LIPK,0.00022520902995770695
FGG,0.00022509556680600366
PKLR,0.00022499866205298686
SH3KBP1,0.00022479827025937815
BMPR2,0.00022479251260027708
ESPL1,0.000224724925469928
TUBA3E,0.0002245774175784789
TFDP1,0.00022445035599870445
SMC4,0.00022434994347443832
SHISA3,0.0002242092473262415
GRIK1,0.0002241848277886796
DNA2,0.0002241409372397655
PRKG2,0.00022398340631285096
DDX58,0.0002238822813590249
MUTYH,0.00022374772805357947
MYL9,0.00022371855733470676
PCDH11X,0.0002235638269464221
ADCYAP1,0.0002235123513484276
NID1,0.00022347505712522276
ARHGAP26,0.00022346851404625765
RPL11,0.00022344243035875034
MAP3K5,0.00022328752116187388
MBD3,0.00022322785666754625
KPNA2,0.00022311897593837456
DDX25,0.00022311655043101512
CCNB1IP1,0.00022299983243293068
GRM4,0.00022288330076038546
B4GALT2,0.00022287771412363996
LCN6,0.00022285801023594402
STUB1,0.00022285561863511123
CLTB,0.00022271788068423551
NR1H3,0.00022261962128774786
SGCZ,0.00022256013232413603
WNT4,0.00022253562137309815
SPHK1,0.0002225014497426645
PER1,0.00022249824276568457
PSIP1,0.000222403969869636
LAMA5,0.00022222665955544627
EFNB2,0.00022205966356335737
NTHL1,0.00022205950819682475
RAD54L,0.00022198675554712676
ADCY1,0.00022191354228430135
ROCK2,0.0002218119655340865
PMP2,0.0002217540577019326
ROS1,0.0002214162039051721
CREB3L2,0.00022139684012912692
ALDH3A2,0.00022135715218058588
DYDC1,0.0002213173309048716
RPS4X,0.00022128439287944575
ADCY7,0.00022124281267664337
FOXA2,0.0002207913093581341
EDN3,0.00022065086489677288
ARHGAP5,0.00022062521966673886
LPAR6,0.00022059008813685396
STRN,0.00022056999533978083
NHP2,0.0002204992170757117
CEL,0.0002203267812516446
GRP,0.00022030510001773876
UNC13B,0.00022023552829658304
FASLG,0.00022021191512922446
NXNL1,0.00022015282386290107
MKI67,0.00022006413039780026
GNG3,0.00021994257963552045
CDK12,0.00021984363732339317
LPP,0.0002196598744033754
CXCL6,0.0002196570699137269
ADRB3,0.00021960645920575568
CLU,0.00021960565230657187
POLR2L,0.00021955883985354087
UGT2B15,0.0002195519416029358
TLE4,0.00021930934665221922
WWC1,0.0002192319051395201
CKS1B,0.00021917897581137668
KCNAB1,0.00021915870340102748
ECT2L,0.00021909403905995652
FNBP1,0.0002190066257603942
TRIP13,0.0002189873212628044
GINS2,0.0002189833627250473
RPSA,0.00021896193017105747
NT5E,0.0002188893335633606
CTGF,0.0002188456523639429
ANK2,0.00021869285691304347
SH3GL3,0.00021861167216341237
MS4A15,0.00021852377926679186
DNMT3B,0.0002184734545111584
CNKSR2,0.0002182638239576183
PPFIBP1,0.00021824730889297237
NUF2,0.00021815780742662252
ACSS1,0.00021813383145433108
PTTG1,0.00021806950546779407
SYN1,0.00021803782062771002
NUMA1,0.00021803169386507535
OTP,0.00021794941613143465
METTL11B,0.00021794807018930444
RBP3,0.00021790077478420336
TTYH1,0.0002178771412811718
TRADD,0.0002177911923236802
SPC24,0.00021776524126067932
GABRG1,0.0002177179241559894
SLC46A3,0.00021770364287776708
IL4R,0.00021768963577463833
PNLIPRP3,0.00021768135873148192
EGR2,0.0002175840727830885
LAT,0.00021757848872218778
WNT2,0.0002175735520810775
PAX7,0.00021745831969261552
ENO2,0.00021723960534573059
NR2E1,0.00021664589969730918
HPSE2,0.00021662446375573288
SH2B3,0.00021658102171939812
RUNX1T1,0.00021642560423468834
RAD9A,0.00021636395072347362
OIP5,0.00021631636479339217
TMC2,0.00021625047886043657
MC4R,0.00021623351420405404
MAGEA3,0.0002160719636022088
NDRG1,0.00021603363572259395
SOD1,0.00021600607913625566
HLF,0.00021599532435618066
RPS14,0.00021594175837817342
SLC24A3,0.00021593364477815515
CCDC60,0.00021581758325122307
HOXA6,0.00021580635018534735
RPS5,0.00021575383765798955
EPHA8,0.0002154138584567335
ADCYAP1R1,0.00021533531845374757
RYR3,0.00021525168348609743
PRKAR1B,0.00021513475105841196
RORA,0.00021489174566738134
PLAC1,0.00021485915121612341
H3F3C,0.00021468192782135364
FHIT,0.00021463522115223408
TBX21,0.00021462879906317096
HLA-C,0.00021445142414805926
GRIN2C,0.00021435737337483892
FRS2,0.00021435678991677106
VCAM1,0.00021426484578022044
CDKN3,0.0002141965387427825
KBTBD12,0.00021386987784626768
GNAL,0.00021385783598407737
PIK3R6,0.00021385751959281034
KAL1,0.00021384434601954815
UBE2QL1,0.0002138297319977501
HSD17B6,0.00021377639350566365
LAMC1,0.00021373678442562007
HLA-E,0.00021367852662299076
PRDM1,0.0002134736442136442
KCNH8,0.00021340191491641175
GLI2,0.00021326869472128144
ADAM17,0.00021323239788962857
CCL24,0.0002131760379087284
WFIKKN2,0.00021313521520445315
ADCY2,0.00021298814031559224
HIF3A,0.00021286107275412375
DLK1,0.00021266953846564967
LRIG3,0.00021253321656504248
LCP1,0.0002124527399545316
CSTL1,0.00021238368600750825
AMY1A,0.00021229392674140362
NR0B2,0.00021218285702172314
NUP153,0.00021198180381796426
NTN1,0.00021195511240068788
IFNAR2,0.00021189640569054842
PPBP,0.00021151705364032516
LRRTM1,0.00021146749888996887
UTRN,0.0002114174220544882
KCNS1,0.00021137262534484696
SPP1,0.00021137043166834815
ADAMTS20,0.00021136968817135577
CHST11,0.00021131264296569063
MAP1LC3C,0.00021111741568234434
SNRPE,0.00021101322187996394
FAT4,0.00021094245564623807
RPS11,0.00021089057756866497
EDAR,0.00021087840565837528
PDX1,0.00021068531985516206
PPP2R5A,0.000210515736996602
NEDD4,0.00021047967937444232
A2M,0.00021039488306183563
FCGR2A,0.00021038644244206027
HCN2,0.00021036830030304838
UBR5,0.00021030203464320084
CHRNA9,0.00021022657732558143
PLA2G10,0.0002102139060779574
EIF4E1B,0.00021019292794316317
ITPKA,0.0002101725549045553
MDM4,0.00021005480757132778
ADCY9,0.0002099685556211228
ROPN1,0.0002099022831153154
RPS3A,0.00020976267175498782
CCL22,0.00020975697889161934
SMYD1,0.00020971338863034415
NASP,0.00020961096149828317
TBX20,0.00020937058053784792
IL21R,0.00020915103793640513
ITGA8,0.00020911472819525726
FABP6,0.0002089860031043239
ACTN3,0.00020895650262310253
TEC,0.0002089446644921529
ODAM,0.0002089218533241708
SLC22A12,0.00020886448510835045
CCT2,0.00020877917425251699
CABYR,0.00020874621594811589
LIG1,0.00020871519215251278
TEAD1,0.00020865482991158052
LIX1L,0.0002083870811069476
NEUROG2,0.00020811055887777166
SAA1,0.00020803537537989418
CPA2,0.0002079677139205346
HLA-B,0.00020784685571781405
CRISP1,0.00020780275705343954
HP,0.00020779895270598325
PRNP,0.00020778501724832453
HSPA1A,0.00020763168168561844
POLR2F,0.00020748644505974736
CA4,0.00020723566442799684
GP1BA,0.0002069613057377335
RPS19,0.0002069448948575744
NAB2,0.00020656842982532718
SLC39A12,0.00020651844582040324
ATRIP,0.00020649491471023702
FGFR1OP,0.0002064814005347581
SIX3,0.00020647359899450996
WNK2,0.0002063855579534143
IRF7,0.00020625340686837546
RPS16,0.00020622547584603297
TNC,0.0002060295505433781
CPPED1,0.0002060163924139938
TRPM3,0.00020595558489198133
TRPV6,0.00020573293741434388
FETUB,0.00020572626145018972
C3,0.000205601589277184
LHX9,0.00020559661623746915
FAM150B,0.00020545631959222426
TCF21,0.00020541734819300595
ELK4,0.00020535898417057275
P4HA2,0.00020520552326929004
MARCH4,0.0002050385203944072
EFNA1,0.00020502399320843754
RYR1,0.00020489053606778874
CGB7,0.00020485591293600665
RFX6,0.00020478993697311114
PAFAH1B2,0.00020454398613335578
USP44,0.0002044493325935925
CCL16,0.0002044239115479436
RGR,0.00020442017214334412
TNFRSF17,0.000204361828037669
CSPG4,0.00020434598901373187
GSTM1,0.000204329351900208
TRIP11,0.00020415375461089658
ANKS4B,0.00020409883897974074
MYH3,0.00020391315288823512
PTPRK,0.000203855945063797
ELOVL3,0.00020384355334250993
ENG,0.00020378503616846273
TNRC18,0.00020366909830474687
CDK5R2,0.0002035920699870331
PAK4,0.00020352220100830766
HS3ST4,0.00020346845007342
PTPRB,0.0002034622528745603
CIITA,0.00020338291402563426
PDZK1,0.0002031240119770189
HFM1,0.00020311643441067747
CHST4,0.00020303974218280636
LRP2,0.00020299971147464513
KCNMB2,0.00020262737575341103
TNRC6C,0.00020262638014822336
CSF1,0.00020260639010738593
CBX2,0.0002025650651710442
B3GALT1,0.00020252019022480732
CCT5,0.00020248664316557506
MYH8,0.00020243516073313532
VEGFC,0.00020234839065914754
FOXJ1,0.00020227269767632348
RPS8,0.00020218596598341217
SAA4,0.0002021625927661355
PLK4,0.0002021015943037092
CSN1S1,0.00020203575854765897
AKAP5,0.0002018676135486553
ACOX3,0.00020181350056761274
MAFB,0.00020180690922083248
RPS9,0.00020177782466461854
EAF1,0.0002017699072622157
IL18,0.00020166076995953744
PROKR1,0.00020166069431635651
ASB12,0.00020151832719727343
NCAPH,0.0002014095064479919
P4HA1,0.0002011897210732885
FGF7,0.0002011179579274101
KCNH6,0.0002010111054457596
CNTNAP4,0.00020090586076369993
NFKBIE,0.0002008421947826229
ANGPTL3,0.0002007853842238129
TAL2,0.0002007751860343777
TP73,0.00020077074284729154
CRHR2,0.00020074460568221813
RPL23A,0.00020071561564574943
NCAN,0.0002005749294634955
AKAP14,0.0002004159683194045
PCM1,0.0002003950750165318
FURIN,0.00020037264461277856
S100A3,0.00020031983662261905
GNAT1,0.00020028985746900507
TNFRSF14,0.00020025700986101157
P4HB,0.000200223550210437
GNA14,0.00020021538911303054
TPM2,0.0002002018521889886
SMAD5,0.00020011768383939934
ADCY4,0.0002000894328416341
GRAP2,0.0002000403047340311
MOG,0.00020002263466431741
CYP8B1,0.0001999654185235366
MUC20,0.00019995165800001607
CDCA5,0.00019994367987520388
TFPT,0.00019983661549326768
MYOC,0.0001998084223245617
GPC6,0.0001997624797324485
PARK2,0.0001997247859734299
CYP1B1,0.00019967889566031616
KRTDAP,0.00019960283726740114
TGM1,0.0001995641333836883
TMIE,0.0001995392689725504
RPS7,0.00019949300636288062
NDST4,0.00019949279644417424
REST,0.00019946794130966473
GRM8,0.00019945126324665696
ANGPT1,0.00019927901975751934
ETV4,0.0001991480350062914
IL17B,0.00019913078029383755
MYO3A,0.00019912727021314665
AKR1C3,0.00019908526537217762
MPO,0.00019905504581742398
ROPN1L,0.00019896926132965658
CRISP2,0.0001988716851086337
NPAS2,0.00019879561179139755
ETV5,0.00019875732531520146
FAM135B,0.00019875103996039837
TPI1,0.0001986914139818093
R3HDML,0.00019863782758691216
CLEC4M,0.00019857303368269364
SYCE1,0.0001985412042268327
KLF6,0.0001985081912678348
CLPS,0.00019842898278640933
POU3F3,0.00019841200552546894
KCNMA1,0.00019839099471357662
MSI2,0.000198319563269416
MYLPF,0.0001983099590530361
RPS28,0.00019826038865154494
P2RY12,0.00019819595925954327
SNAI1,0.00019807877327177674
SV2C,0.0001980603195562442
CDH11,0.00019801898783399738
SLC2A4,0.00019784583503257953
FZD1,0.00019775449332170986
KCND2,0.0001976363420135274
RPL30,0.00019753074947921669
CBLC,0.00019732648091930517
RPS15A,0.00019722081474975596
GNAT2,0.00019713725494531535
PRL,0.0001970252058046583
ETNK1,0.00019697813460307667
GRIA3,0.00019695078459111995
SLC6A14,0.0001969079936416908
CFHR1,0.00019685914635821856
PSMA7,0.00019682692978797783
APBA1,0.00019619326230700643
CLDN19,0.00019600247571310636
CD300LG,0.0001959897009280846
PDGFA,0.00019596429081790914
PGPEP1L,0.000195927756797654
MAGEC2,0.0001958891282129835
SLC13A5,0.00019576051980392607
A2ML1,0.0001955866931806744
ANXA2,0.00019555231768818136
ALDH1A1,0.00019549264115471205
ARMC3,0.00019547657055182278
PNPLA3,0.000195471967198483
MNX1,0.00019527007247801672
ZDHHC22,0.00019521799070302303
RABEP1,0.00019521077431670984
APOBEC4,0.0001951827501904873
PF4V1,0.00019510508123870906
HMGCR,0.0001950743625727679
SBSN,0.00019488025186123727
ENPP3,0.00019453610998222651
MGMT,0.00019453527995166192
RXFP3,0.0001943825911511443
NRP1,0.00019426957679505007
MYL6B,0.000193990044748346
ALDH1L1,0.00019397209146049377
OPRK1,0.00019394969121765414
IRF1,0.0001938972747831222
CSMD3,0.000193858366037947
UNC5D,0.00019384902281113412
WDHD1,0.0001937952565940057
ADRA1A,0.00019377219807018275
CCL19,0.00019376274882055026
RHOB,0.0001937301395506176
BCOR,0.00019369629274470804
HIP1,0.00019364862905498243
SPAG5,0.0001936339803607094
MUCL1,0.00019360208803961818
RYR2,0.00019356287301229124
ATP2B3,0.00019347356340435564
RPS23,0.00019337805344320035
CST2,0.00019336640674831064
COL10A1,0.0001932371812880253
HOXD11,0.00019321163269107893
LMBRD2,0.00019310183679719747
TUBA3D,0.00019308740806941923
FLG,0.00019302192128739886
LRRTM4,0.00019291376807205646
CAPZA3,0.00019288459218304099
RBL1,0.00019285990412905518
ADCY6,0.00019262607347471218
STX4,0.00019262550892953567
POLD2,0.0001925125309390466
BMI1,0.0001924705718699835
MUC5B,0.00019239745353474537
MAOA,0.00019233063151511312
ALOX5,0.0001922502883322284
IL3RA,0.00019216798537924186
HIST1H2BC,0.000192066468425699
RPLP0,0.00019201515940374153
ZNF521,0.00019201358601862606
MYL4,0.00019196432397197656
TRPM1,0.00019191131010713828
CTSB,0.0001918682133098524
PSMD11,0.00019183210646433262
LHX6,0.00019182273057797674
GPC2,0.00019180822409926428
CX3CR1,0.00019166272997235822
CNGA2,0.00019145435736462175
RPS24,0.00019144749159788233
MAS1L,0.00019142022246559134
MRGPRX3,0.00019142022246559134
RPS20,0.0001914129419658543
ATP4A,0.00019129407528602823
SPINK4,0.00019127126161189344
CLDN10,0.00019124328670173384
EPHA2,0.00019117134460144793
MMP10,0.000191074581371996
FITM2,0.00019106409384812603
AGXT2,0.00019092890007917134
BCL3,0.00019084587690556797
ISG15,0.00019074036716076632
ACTA2,0.00019070317526289943
OSM,0.00019064135688374206
RPL23,0.00019059909761465335
RAB3A,0.00019037350023233112
SYT5,0.0001902898394331163
MME,0.00019017296563231817
NFIB,0.00019006785601242138
WNT3,0.00019002647824981135
CACNB2,0.0001897909193950658
LMNB1,0.00018972575842063716
S100B,0.00018968080020422096
CLN8,0.00018965551624525344
ELF3,0.0001896464403855431
CD27,0.00018961078519867208
GDA,0.0001895612723910147
CYP17A1,0.00018922300926891368
SCN2A,0.00018905867739278995
WNT8B,0.0001889500863847691
ASPSCR1,0.00018892863473709485
MMP14,0.00018889458396704754
HIST1H2AG,0.00018888830892366284
BCL2L12,0.00018881021429002735
CASP7,0.00018879635886071182
MCHR1,0.00018870015625309226
SNRPG,0.00018869624982014997
WNT11,0.0001886777801290778
MLLT6,0.00018867389246426543
SLC1A6,0.00018864736299244303
PLIN1,0.00018864514114164412
SKP2,0.0001885575493605626
CD2AP,0.0001885137033193145
NBEA,0.00018850128010391054
FOXE1,0.0001884476439456831
EOMES,0.0001883577390798203
SHOX,0.00018823793799901094
ITLN1,0.00018822877174048142
P2RY8,0.0001881017437035385
IL22RA2,0.0001878337317969851
SLC3A1,0.0001878225244671583
HPD,0.00018781929068077758
GNG4,0.00018779655989285056
CTBP2,0.00018758158730695573
DKK1,0.00018756418490005345
TRPV4,0.00018756190349615323
FZD5,0.00018751506842685153
RNASE7,0.00018749123977461547
RPL8,0.00018720663830794357
GLP2R,0.0001871990337714144
CD69,0.00018718390005832114
MFSD9,0.000187129591817715
CKS2,0.00018712444732568424
ETV1,0.00018708671884477918
FMOD,0.0001870778126712336
EPRS,0.0001868744504150163
GFRA3,0.00018682172183863375
LGALS7B,0.000186729878391373
PNPLA2,0.00018670792840804067
CDH23,0.00018666857742666475
COL5A1,0.00018666578077331577
SMARCA2,0.0001866457909496236
RPS15,0.00018652860987699365
UGT1A9,0.00018649084564572511
MYO6,0.00018646041324553341
SERPINB13,0.00018643366284219135
CDKN2C,0.00018633423342025155
NXT1,0.00018629804189595957
CHRNA6,0.00018624951785448397
CCL20,0.00018624025571656273
CAPSL,0.00018572716960142707
MUC7,0.0001857264532743973
MUC13,0.0001857264532743973
MUC12,0.0001857264532743973
MUC21,0.0001857264532743973
RPL3,0.00018572594291805695
LIN7A,0.00018571871119348564
KSR1,0.0001856435637086886
POLE4,0.00018556466946789026
CYP4A22,0.00018545272794280864
TRIM72,0.00018538918015249546
SLC22A11,0.00018534405754724935
CHRDL2,0.00018533920188690422
TEX19,0.0001853214159728213
TALDO1,0.00018525041369696715
CD22,0.00018506076923126177
RPL4,0.0001849876227937934
SSTR5,0.00018497881776909016
EFNA5,0.00018493435320298486
ARHGEF10,0.00018493084520842222
GABBR1,0.0001847696408123504
EEF2,0.00018476668093669651
VGLL1,0.00018468992085972976
HOXD13,0.00018466351215793274
CACNG4,0.00018463273846886687
NES,0.0001845916576644718
RPL13A,0.00018456616900119658
CCKAR,0.00018454457672712932
NEDD4L,0.00018454197159644258
UGT2B4,0.00018446101660929426
XRCC3,0.00018443857259143194
LHX1,0.00018434222264461535
CCNE2,0.00018430439401141905
GABRG3,0.00018429061698277575
LAMA2,0.00018426828480112105
AQPEP,0.00018398232188515873
KCNA1,0.00018387108491702787
NRG3,0.0001838552974459018
LRRTM3,0.0001836754953528676
FDFT1,0.00018357837357835442
COL4A2,0.00018344870385498513
PPM1D,0.0001834202996332428
POLR2H,0.00018301532929152376
PIRT,0.0001829427743410546
SPARC,0.00018291633338641934
LIPC,0.00018289905990959913
ANGPT4,0.0001828591759352519
ZFHX3,0.00018282578403818454
CHIA,0.00018263078589257167
GAS7,0.0001824835186968648
MC5R,0.0001823393651423773
MAPK4,0.0001822987372967068
ROBO1,0.00018209236128596357
CNTN6,0.00018203205578511516
APOA5,0.0001820163387811246
ARSF,0.00018200148483420677
CPT1A,0.00018189712625657256
RFWD3,0.00018179159377334814
HIST1H2AK,0.00018156671640537827
ADH1B,0.00018149526312076394
DIO2,0.0001814610030356267
TGFA,0.0001813721560355711
BMPR1B,0.00018133919191121184
KRT77,0.00018126474814492185
MYL7,0.0001811134326793871
COMMD6,0.0001810999096977758
SELV,0.00018109482078859846
MYLK2,0.00018108236868085754
POU2F1,0.00018097534660866958
HSPD1,0.00018087933508097127
NELL1,0.00018069109681151244
SLC25A1,0.00018065361285558843
MAP2K3,0.00018059784338208003
SH3GL2,0.0001805481579178125
LMAN1L,0.00018051587980507698
ASB4,0.0001805093280849915
GRIN2D,0.0001804278959637176
GATA6,0.00018037641795493506
CD8B,0.00018035711283239127
RAPGEF3,0.00018035609134728705
NGB,0.00018027042625205135
SLC9A3,0.00018024499581250969
RPS27,0.00018021675309092333
RPS29,0.00018015323730810633
CYSLTR2,0.0001801512089780402
ATP1A2,0.000179963850858965
TCAP,0.00017971414798038872
CA6,0.00017969056342594192
FRMPD4,0.00017968061590867374
WNT9B,0.00017967185854497012
ERG,0.0001796252240290235
SHC2,0.00017939678797267652
RPL9,0.00017935508724203613
HBB,0.00017920096365622
B4GALT3,0.0001790990209650255
ART1,0.00017909683371579663
KLK8,0.00017909102444531327
KCNJ16,0.0001790685565644189
TMEM145,0.0001790551119250972
LRP8,0.00017904527404264992
RFX4,0.0001789493589688513
WNT2B,0.00017890580237335253
TFEB,0.00017887170713938087
ZDHHC23,0.000178747010159087
SEC24D,0.00017867773220619208
MDS2,0.00017854319769708315
SLC17A7,0.00017853799153414013
TLX1NB,0.0001785012771380249
ENTHD1,0.00017848431616391479
HLA-F,0.00017846892484250785
FLG2,0.00017842515205459297
PSMB9,0.00017839916951418772
IL12B,0.00017838773666984946
CTSD,0.00017837368046498908
S100A10,0.00017833338581613195
CD163,0.00017826514568402717
PIGW,0.00017813301460745706
ITGB8,0.00017810305361302172
GSTM2,0.00017808253444982994
CBX6,0.00017804185831150494
FOXG1,0.00017798945781027616
GTPBP4,0.00017777312532905995
S100G,0.00017774518769127727
VAV3,0.00017744564700155496
RPL18A,0.00017712039653762499
LHFPL3,0.00017696233031594424
FGB,0.00017691317620022534
CSPG5,0.00017689356112444415
AP2S1,0.0001768907903478843
APRT,0.0001768867127403425
RORC,0.00017680963994204393
ZYX,0.00017672415061703502
PSEN2,0.00017666093341169357
DOK1,0.00017651135666656902
OXR1,0.00017648298966678363
HCRTR2,0.00017648298966678363
PPP3CA,0.00017645476511311307
HLA-G,0.00017644890264874191
BGLAP,0.00017644200190361988
LDB3,0.00017642713286630576
FGFBP1,0.00017642086246811678
RIPK2,0.0001763711368625486
KCNV1,0.00017632269299229842
SHC3,0.00017616771092091033
NEUROD2,0.00017578021959091482
IHH,0.00017575998847911366
KCNAB3,0.00017575819917947262
GNGT2,0.00017573894385719497
PTCHD1,0.00017569695024436863
VANGL2,0.00017567751015301156
KLK4,0.00017567375415615966
MND1,0.00017566600154414897
CACNB3,0.00017564034382821042
CDH4,0.00017552936518194413
GFRA1,0.00017546527886122169
OXT,0.00017545078113704465
ANAPC1,0.00017539403876014694
FAT3,0.00017532006461409708
SEL1L2,0.00017519137020590312
FOXN4,0.00017518834688280574
ARNTL,0.00017512550648274692
GPR83,0.00017495940127080454
CMTM5,0.00017494902410565962
MYH10,0.00017488436116824425
CCR4,0.00017487865714734785
DPYS,0.00017487166513880894
LRFN2,0.00017474078284630587
FABP4,0.0001747381912402415
ENTPD3,0.00017470548589936438
LAMA4,0.0001746334022187734
LDHA,0.00017457354315075977
NPY2R,0.00017419552282164962
TNNT3,0.00017405059208012975
DMP1,0.0001740225183722622
P4HA3,0.00017398998660814912
PRIM1,0.00017393468259806533
GALR1,0.00017392838766769624
ZAN,0.00017381359120711824
MRAP,0.0001738041390380001
FZD6,0.00017377692676882
CLDN25,0.00017377575577443838
GNG5,0.00017362894197151606
B3GNT3,0.0001735782073155122
PARD6A,0.00017352790143677172
STAB2,0.00017345179904629644
SCEL,0.00017331654557217152
ITGAE,0.00017322049404331374
PAG1,0.00017308414248466138
MAP3K13,0.00017299914592999412
EFNB3,0.00017299669663047528
DDO,0.00017293863365538704
POLR2K,0.00017290811384985746
TRHDE,0.00017288862919618257
RSAD2,0.00017288525805413861
CBX8,0.00017261087699400505
ALDH1A2,0.0001725977636201906
GAL,0.000172544785342938
WNT9A,0.00017253080313056908
GGT1,0.00017245770234303965
KCNC1,0.0001724544046869141
H1F0,0.00017239760519403692
DHRS4,0.00017209278021237958
FHL2,0.0001720864266577815
GABRB2,0.00017208428776200414
BMP3,0.00017204408003631226
PDE4D,0.000172042616619638
POLR1E,0.00017202696870954027
PAPPA2,0.0001719845747682439
NPM2,0.00017195870918009165
C1QL3,0.0001717977159952096
RHOH,0.00017177763766401409
PYDC1,0.000171751396014932
TMPRSS6,0.0001717301274571637
HOXD10,0.00017171778655275128
SPHKAP,0.00017169177654670042
GBX2,0.00017152217022968136
RPS26,0.00017149645624651682
FSTL3,0.00017148448610337485
PLA2G4A,0.00017144107372927183
DQX1,0.00017143538625823276
PAXIP1,0.00017136445708546265
CBX5,0.00017135841166597362
PSMD3,0.0001713492580644672
EEF1D,0.00017131230704218073
RPS25,0.00017131031654728834
ABCG2,0.00017125706110372705
CPEB3,0.00017125315199698543
INSM1,0.00017122387668407283
RBL2,0.00017115555849514887
ITGB7,0.00017113524618971336
SERPINA1,0.00017108582901934787
CLSPN,0.00017098075810411897
GNG11,0.00017090865966526986
PBX3,0.00017090250265401003
RPL27A,0.00017089601713179893
CELF3,0.00017085911317292962
TM4SF4,0.00017084638132410366
ACSL1,0.0001708378293293133
C4A,0.0001707875663912716
EME1,0.00017077794721323961
WNT5B,0.00017067463511854516
RPL13,0.0001706181233633619
PLD6,0.00017057788298619262
SNRPF,0.00017048881571473922
PSMB4,0.00017048862916813802
CD99,0.00017043202028332231
WNT7A,0.00017043031520885298
RPL32,0.00017035705683588417
RPL26,0.00017026534897863094
CSF2RB,0.00017010094754575785
CST9L,0.0001700944535231648
MAP3K14,0.00017006479117797789
INCENP,0.0001700541816642364
LPAR2,0.0001699247749737947
RPL19,0.00016992168423924907
THY1,0.00016992034594422783
TXN,0.00016980096470083176
MIA2,0.00016956645631037583
TNMD,0.0001695016803996616
DGAT2L6,0.00016941228927430028
PRB3,0.0001693831218883451
HTR1D,0.00016930881797974046
ST3GAL4,0.00016928202747569092
TPT1,0.00016923038627044638
IFIH1,0.0001691555266186386
GCK,0.00016913322794835173
CYP24A1,0.00016897615741027775
NEB,0.00016891673744774373
FTL,0.00016885577662671298
PLA2G7,0.00016884961283585319
TG,0.00016881849492002648
WNT10A,0.00016876796181890429
TIPIN,0.00016872961938490754
PSMD12,0.00016872615845703608
FGFBP2,0.00016869243612181728
NLGN1,0.00016860384923382286
TEKT1,0.00016859504842710944
SCARA5,0.00016858701299286478
CDC20B,0.00016855250738069007
EMX1,0.00016854760718382818
CD36,0.00016841191448088602
FAM57B,0.00016839216682838185
SHANK1,0.0001682829450716923
HOXA11,0.00016827294180883339
MGAT4C,0.0001682518125163477
MAP3K15,0.0001677691009721821
MYT1,0.00016763214788386027
KIFC1,0.0001675987103882071
NOD2,0.00016756746823743784
RPL18,0.0001675592419431264
GSTA4,0.0001675109423886809
BCL2L11,0.00016751085277476695
HSPA2,0.0001674431879439123
DISC1,0.00016744308619174054
RPL7A,0.00016743455959712498
CYB5A,0.0001673606819686819
HSD17B13,0.00016728149746603798
RPS17,0.00016707878928902046
HOXC11,0.00016701768155234897
FZD7,0.00016680661545434832
FGF19,0.0001668047050231673
POU6F2,0.00016666640247148392
VIL1,0.00016664200556046606
MX1,0.0001664876720844103
HMGCL,0.00016637113669131737
SPINK1,0.0001662784251595499
NR4A3,0.00016627392372214718
AFF3,0.0001662295125010913
USP6,0.00016619148180891828
ROPN1B,0.00016601748015677225
UBXN7,0.00016595955886371721
ACSM3,0.00016589493501464964
PSENEN,0.00016581914121605092
VDR,0.00016572435483466882
HOMER1,0.00016571477693627074
MAGEA11,0.00016549266974190814
SLC24A2,0.00016546182621010724
ADH6,0.0001653626176339491
RPL27,0.00016532776931246657
LPAR1,0.00016518581263384556
GSTM3,0.00016506545744515082
CCR8,0.00016503138920045138
CCL23,0.00016489881793613713
AMBP,0.0001648356910235572
BTN1A1,0.00016474912585719481
SLC7A3,0.00016474334323357513
GPSM2,0.0001647201447081319
CHGB,0.00016466533689596025
FCRL4,0.00016466019101193697
ST3GAL3,0.00016462762650914077
BIRC6,0.0001646195106797301
GSTA3,0.0001646188452321428
PSMB10,0.00016460883306039262
SHFM1,0.00016455163612660463
EYA4,0.00016447431366701086
PSME2,0.0001644706625600202
PSMB3,0.00016440730503376917
BLNK,0.00016439752811894844
WNT10B,0.00016437589999616605
RPL35,0.00016420638049672185
BDH1,0.00016399625996922756
SOX21,0.00016395018892092377
RPS21,0.00016375348902383818
PKP3,0.0001636791226610951
PPEF1,0.00016365392649234125
ART3,0.0001633801925036825
NR5A1,0.00016333936672270646
GSR,0.00016329051581728495
MGLL,0.00016327092674432725
SLC45A2,0.00016322096641868442
ARHGEF9,0.00016317687906217118
MARCH6,0.00016300597347459296
NAMPT,0.00016290242306387807
ALDOA,0.00016282697986552864
HMX3,0.0001627572822153455
PTPRS,0.00016274517045707123
RPL7,0.00016272028623834467
CA10,0.00016270055675383132
GDF11,0.00016259813369438406
GAL3ST3,0.00016258189024349982
CHD9,0.00016257437639265044
UGT2B11,0.000162555574344289
NRSN2,0.00016254317199562284
TRPC6,0.0001624414112864457
SLC6A1,0.00016238711318810727
PIK3R5,0.00016232013720757715
IDE,0.00016231766960643197
RPL12,0.00016228979126099727
EPT1,0.00016213748747707346
TRAF1,0.00016213243246298792
ZDHHC19,0.00016208640836293874
GPS1,0.00016207242678020054
CYP2S1,0.00016191531195951215
TUBA4A,0.00016186258346538509
GLP1R,0.0001618121881617921
CYC1,0.00016172151403300052
DNAJC6,0.00016169307899822544
KCNQ5,0.00016165876512960642
AIM1L,0.00016157180127813832
FZD4,0.0001615450873489936
DDR2,0.00016147037573625373
TUBB2B,0.00016143088515194778
HK2,0.0001612538746690579
LRRC61,0.00016122442350506735
TNNI2,0.00016117444976916268
PLCB3,0.00016112049959626573
GPR182,0.0001611133712849094
USP1,0.00016109768711688717
MYH4,0.00016101716855129177
GNRHR,0.00016099246239022398
KIF14,0.00016094541909816794
HEPACAM,0.00016091075334807875
MAFA,0.00016089883538609922
PSME1,0.00016071863591223486
RNF213,0.0001606963771807107
CTXN3,0.00016058357530107775
ENO1,0.00016056685572167473
AGTR2,0.00016051414881209245
THBS2,0.0001604430979017116
PPAP2C,0.00016044282268379571
DSP,0.00016040982502102985
AGTR1,0.0001603630690736977
AMH,0.0001601584345753912
BMP7,0.00016015469822284027
GAL3ST2,0.0001601497426596707
GPI,0.00016008122066432006
STS,0.00016004947102408296
PATZ1,0.00015996498410568595
SYNJ2,0.00015994070708723774
TRPC3,0.00015993944649578845
CDCA3,0.00015992742779772232
BYSL,0.0001599175263762285
BCORL1,0.00015979644250285445
PLN,0.0001596690114183476
SAP30,0.00015957110602486695
KRT7,0.00015949978746049973
RAPGEF4,0.0001594138075269155
IL12RB1,0.00015938392906742567
FUT4,0.00015937482894369127
EPB41,0.0001593005742772907
TEPP,0.0001592585754238258
PLD5,0.0001592264632106597
RPL35A,0.0001589189705259735
FAM181A,0.00015891359512130472
ACOX2,0.00015890260049346086
ECT2,0.00015886700618969726
TMEM74,0.0001587659566778331
UNC13C,0.00015875425754450928
HOXA13,0.00015873033930161065
C1QB,0.00015870966112845706
CDK5R1,0.00015870770024005047
S1PR1,0.00015870366807030652
IGLON5,0.00015866580480275463
ESCO2,0.0001586590415155445
COL18A1,0.00015865395757730608
APH1B,0.0001586534846742957
IL23A,0.00015865340898453472
ZP3,0.0001585809536845996
HLA-DPA1,0.00015846348118530755
HAVCR2,0.00015838361779177073
RPL31,0.00015836811859007565
IL4I1,0.00015834446033777583
EREG,0.00015828056595940918
ASPG,0.0001582421673557346
REN,0.00015823868201055323
GPX4,0.00015821319270622677
GABRA5,0.00015819790094667594
TTC9B,0.00015815703142446142
RPL38,0.00015815607043259924
BTG1,0.00015808185828967866
UGT2B10,0.00015801859773289452
RPS27L,0.00015792796467847098
PGA3,0.00015780508503033264
FTCD,0.0001576757233785114
FUT3,0.00015767560623645906
FANCL,0.00015767058025207306
LECT1,0.00015766521354667465
GTF2A1,0.00015765936437412282
PYGO1,0.00015763807176557602
PLA2G6,0.00015741149078691283
LGALS9B,0.00015730792590893397
HOXA5,0.00015727803008065212
ABCB5,0.00015724716866213114
LAMB2,0.0001571807204045982
ICAM5,0.00015704179508866688
EPHB1,0.00015699706160238595
GSTM4,0.00015690783288554316
PREX2,0.00015687275245959226
HSD17B7,0.00015686536344068782
SLC27A2,0.00015684575075853758
SHANK2,0.0001568362115779714
FCER1A,0.0001568049204911277
KIF18A,0.0001568041211233738
H1FX,0.000156746722566876
PLD1,0.00015669758774596547
KL,0.00015666681776867571
IL23R,0.00015664753106804972
MATN4,0.00015661898653840435
SNTA1,0.00015653222967243618
SLC7A10,0.00015643605152605632
EPN1,0.00015637731672876414
CBX1,0.00015629153064168548
HTR1E,0.00015615124680175887
PROM1,0.0001560500068427329
DOCK4,0.00015603038080309547
RHOXF1,0.00015602998248573542
CDH20,0.00015600615156966135
KRT79,0.00015594689606083056
CHML,0.00015584458529217598
CLOCK,0.00015579803366698398
MC1R,0.0001557910382300678
WNT16,0.00015576477915459568
RPS12,0.0001557047530380012
SCRG1,0.00015564534174607287
LPAR3,0.000155607190961702
SIRT6,0.00015557126093879015
RPL29,0.0001555349218218369
KCNJ2,0.00015552158933272644
KRT1,0.00015552012895133182
TRPV5,0.00015540920711319168
CALY,0.00015540197051404532
KCTD3,0.00015537961386695247
LCAT,0.0001553402995706864
BATF,0.0001552303049356953
LAG3,0.00015522789017392207
EPHX2,0.00015522203629413726
SMURF2,0.00015521562613650432
WNT7B,0.00015515451461617564
APOC2,0.00015513769359078291
AGPAT4,0.00015511181135690016
KIF25,0.00015509397400604238
DSCR8,0.00015501806403170598
PRRX1,0.00015499747596950026
RELB,0.0001548865858200729
DAZL,0.00015488487416942567
KLF1,0.00015472840350895693
PLEK,0.00015465648668444812
MYO7A,0.00015465561119782913
LEMD1,0.00015462690878874683
DECR2,0.00015460152346016194
CTSK,0.00015455188644019745
EPHA4,0.00015454567259484746
HTR4,0.00015448522566962147
SERPINA5,0.0001544813091255816
RGPD3,0.00015444855605295418
RPL17,0.00015435206022571798
CLEC4G,0.00015417538828882294
ITGA11,0.000154068876762414
HIST1H1T,0.00015405350841488416
GPR17,0.00015401539676885531
CCL7,0.00015397271976118007
RPS10,0.00015381762996751603
RPL36,0.00015343667125402024
RPL24,0.00015343467940525505
TNFSF11,0.0001534035079997151
HLA-DPB1,0.00015338695880360957
LRP1B,0.00015324340874001724
LAMC3,0.0001532041956561945
IFNE,0.00015319064031970892
CBX7,0.00015310710570989717
PSMD5,0.00015309306482309723
SEC23A,0.00015309179546289767
ARHGEF6,0.00015306583486303737
SLC6A4,0.00015304346203284761
SNAI2,0.00015298290960238028
RPL37A,0.0001528706844248623
DTX2,0.00015279207250278804
TNNC2,0.00015269347940390933
SCNN1G,0.0001525964134210823
KRT74,0.0001524411390826063
ISX,0.0001524132271185782
IL12A,0.00015235595991921943
SPAG6,0.0001522398964346636
ASB5,0.0001521569795750229
MMP7,0.00015214688934218735
HLA-DQA1,0.00015195556221685448
PLCE1,0.00015190974070709737
HIST1H2BG,0.00015190174640717608
CDH10,0.0001518919608768784
NFASC,0.00015184814732546815
ACSM2A,0.0001518295250405986
VPS13C,0.00015182501109578598
NEFL,0.00015177836112752828
MLLT11,0.00015164705059736897
PLIN2,0.00015159028265307047
IFT88,0.00015150628837974726
ATP8B3,0.0001515053922535854
CNTF,0.00015148034579091257
MMP27,0.00015137953857807362
TUBA1A,0.00015137025267528858
CCNB3,0.00015136640387721306
HCN4,0.00015135210867505666
CEP290,0.00015131819409236404
LPIN1,0.00015127363525792122
ERN2,0.00015111204683354205
NCAPD2,0.00015110040448158013
CFP,0.00015108453740236968
PICK1,0.0001510746104512805
PIPOX,0.00015102836742958298
CD9,0.0001509564991204692
COL5A2,0.00015079414536961247
MRAS,0.00015079060013258245
OLAH,0.00015062571668753195
FXYD2,0.0001505625273931589
HIST1H2BE,0.00015046438811101362
CHM,0.00015044041052335023
ALX4,0.00015043205427925485
ANGPT2,0.00015040785794586057
CPB2,0.00015039764027642422
POU3F2,0.00015036601234238165
TSSK4,0.0001503145471225854
ALDH1A3,0.0001502460410743789
HLA-DQB1,0.00015023030489645772
HLA-DQB2,0.00015023030489645772
PTPRT,0.00015022860859680674
CD5L,0.00015019287110435215
ANGPTL5,0.00015017619953661143
BTC,0.00015016822636834673
LTA,0.00015015102469613916
HLA-DRB5,0.0001501502582669402
WDR38,0.0001501398587985471
PIK3C2A,0.00015013927935380605
PROL1,0.0001500598986633665
VLDLR,0.00015003184466234692
TLR9,0.00015002405819724201
SLC39A2,0.00015002353099095102
ACSL5,0.0001500216102397496
SLC6A3,0.00014995452510327723
GLYAT,0.00014995088565318232
HMOX1,0.0001498847133967529
PIN1,0.00014979216759144177
CHAF1B,0.00014970447942097296
TXNRD1,0.00014969329394206023
IRF9,0.00014968334819755449
CASC5,0.00014967680497693614
ACSS2,0.00014965635008622514
MRPL11,0.000149609979132566
FLNC,0.00014958469770496772
EME2,0.00014956388110772833
CXCR6,0.00014949085990293259
HOXB7,0.00014942008089285588
EDNRA,0.00014933188140916692
SUB1,0.00014921584306229582
SREBF2,0.00014912096495945144
USP14,0.00014907433462944502
POLR3GL,0.0001490712891860866
SMAD9,0.0001490619753382152
ARHGDIA,0.00014905401230470933
MYL5,0.0001490501924466403
AMTN,0.00014901003203322323
PPFIA3,0.00014893025091902368
MLF1,0.00014886870832093253
FBN1,0.0001488478097577878
MAML3,0.0001487315015171953
LEO1,0.00014872052866844195
ATP1A3,0.000148710101335718
KTN1,0.00014869060186990945
JAM3,0.00014853629111499547
MYBBP1A,0.0001485071795268649
NLGN4X,0.00014844297489496194
PRMT8,0.00014827370618890763
TUBB2A,0.00014819261287886843
SYNGAP1,0.00014815350053761376
UBE2S,0.0001481386303885537
SMC1B,0.00014811419672851938
SGCE,0.00014796064011360677
YEATS4,0.00014780315037830874
MYH14,0.00014773764905007223
SPDYC,0.0001477330215244613
ZNF165,0.0001477118285572551
SERPINH1,0.00014758383543052645
RIPK3,0.00014754170564266697
CCL17,0.00014753899500875603
GP6,0.00014745791388559026
CDK8,0.00014742099574971984
ABCA1,0.00014737021783032232
IFIT1,0.00014733332030904706
CIB3,0.00014729197271830122
LPCAT4,0.00014723268023513964
RPL21,0.00014716915611289873
SLC7A14,0.00014694178094367392
COL11A2,0.00014688129541591237
PSMA8,0.00014680565847789365
G6PD,0.00014678705227837502
AKR1D1,0.0001467804857801694
HMGCS1,0.0001467658509242495
PRKAA1,0.00014674998004644696
VIM,0.0001466709143472188
FADS2,0.00014654808273475915
CENPM,0.00014639692457979502
UCP1,0.0001463398728484171
ADM,0.0001463340101248885
IFIT3,0.00014632563907966226
POLA2,0.00014624394422075416
SLC12A2,0.0001461717001482946
SMPD1,0.00014609047643427198
SCN1A,0.00014600139398539117
HBD,0.00014592109534730782
COL11A1,0.00014591336424662845
GFI1,0.00014587294885815756
RPL14,0.00014565653202555645
ITSN1,0.00014561387340392904
CACNA1B,0.00014555134895269246
ISLR2,0.0001454996226331823
ALDOC,0.0001454306348001574
LEPR,0.00014534044316940207
LRTOMT,0.00014530131677333716
PSME4,0.00014519447064836985
GGT7,0.00014508848215087015
LMX1B,0.0001450329338818662
RPL34,0.0001448074264116273
ABCG5,0.00014479643452214075
SLC1A2,0.0001447954974660138
SPTBN1,0.00014477461109358415
TECTA,0.0001447601331446635
RPL28,0.0001446893579221507
ECH1,0.00014456823573673466
APITD1,0.00014451801706883503
TBX5,0.0001444849406231208
LGI1,0.0001443760434653982
ST3GAL2,0.0001443471278110832
XCR1,0.00014430350038613406
TIMP2,0.00014410540485129195
SCG2,0.00014409488437715015
CITED2,0.0001440606869112292
SPTBN4,0.0001439922315734904
SELP,0.0001438808003242606
ATP12A,0.00014386115061819607
CDKN1C,0.00014384267784968942
LIN7B,0.00014379548206373968
PDE6B,0.00014374015454429625
MEF2A,0.00014372539595070263
NRCAM,0.0001436392026350987
IFNGR1,0.0001436253168721527
SGOL1,0.00014362375133142107
ATP1B1,0.00014354115632118523
SLC24A5,0.00014349291028802822
MRPL2,0.00014345766719487822
PARD3,0.00014342797383220027
SNRPD1,0.00014341531269454447
MRPL13,0.00014340907099745138
PROX1,0.0001433727129010965
HTR2C,0.00014318616811564685
KIF22,0.00014316853094649765
FBXO5,0.00014305741293102359
HSPB1,0.00014297807102937616
CHRD,0.0001429675622725494
SLC30A6,0.00014294912536236252
APOM,0.00014289916408561303
H6PD,0.0001425785448359636
CST3,0.00014241895092440883
SHMT1,0.00014241092364331901
RAB27A,0.00014230689974158045
CLCN2,0.00014226508329867387
NME1,0.00014221448669439902
CACNA1F,0.0001422108633256524
TKT,0.00014220293254094883
ITPR2,0.00014220289521827496
POLR2I,0.0001421405949853534
CACNA1H,0.0001420394186627017
GADD45GIP1,0.00014199617980317677
ITGA7,0.00014184182374543615
ST3GAL1,0.000141779417721416
LRAT,0.00014175957789331706
DCK,0.00014172754137128127
IRF5,0.00014168538054080623
SCG5,0.00014160734517124063
USH2A,0.00014160372271289218
DFNB31,0.00014151678066512925
SLAMF8,0.00014143155161701503
CNR1,0.00014136417473641888
GUCY2D,0.00014130343888978618
ALDOB,0.0001412924234823427
POR,0.00014124818581613048
PER2,0.0001411243203161913
IGFBP3,0.0001410622301179691
ABAT,0.00014101022639331963
GLUD2,0.0001409594811279149
RHPN1,0.00014087958058545615
TNNI1,0.00014085968266251244
EYA2,0.00014076779837759714
ARMCX2,0.00014076518515692446
AKAP1,0.00014074977621978497
ACE,0.0001407002096692069
CORT,0.00014059315249580074
GLUL,0.00014051476156242364
PPAP2B,0.00014050666571439354
MAGEA6,0.00014042928736114616
MSH4,0.00014040645674427934
KCNH3,0.00014034655654439224
AREG,0.00014004653585013201
RAPSN,0.00013986960715278195
KCNN4,0.0001397947172121962
SQLE,0.00013958641121813086
CCR9,0.00013954817818834784
SIRT7,0.00013947735379962755
TFAP2A,0.00013945187547633947
PDCD1,0.00013940955158159854
UNC13A,0.00013935753113295552
F11R,0.00013929279414369908
KCNH1,0.0001392128586542408
SEC61G,0.00013920269434041315
CACNA1A,0.00013911649624741954
MSH5,0.0001389932085435811
FANCB,0.00013896370410802365
AKR1B1,0.00013885641150442724
LDLR,0.00013881296771860166
ARHGAP25,0.00013875778827383936
MRPS12,0.00013866918241712642
HSD17B8,0.00013864735950882323
CHAF1A,0.0001386469527453637
FZD8,0.00013864045271946105
MYBPC1,0.00013855992678935488
AKR1C1,0.00013850786392070576
RPL36A,0.00013829673835591592
NR1I2,0.00013825238330449256
AQP4,0.0001382338076406914
GHR,0.0001381883841137735
CPA3,0.00013812498181598135
C17orf70,0.00013783755653055182
SLC1A1,0.00013778034936279341
PLCB4,0.00013769605243060636
AMACR,0.00013767727874924773
KIF3A,0.00013763691520593432
SHC4,0.00013756756899868062
GDF9,0.00013751629384715856
DDX49,0.00013749369885874646
HLA-DQA2,0.00013748126303755352
SMAD6,0.0001374727301508415
SPN,0.0001374316689852222
CD68,0.00013735790175311468
SHMT2,0.0001373204444244
GIPC1,0.00013722583687626877
SHISA4,0.000137223853055369
KRT5,0.00013721106817815977
GGT5,0.00013720977142597123
MLANA,0.00013714129104343688
TCHH,0.0001370661280841668
PIP5K1B,0.0001370222393455781
NLRP3,0.0001369230422295438
PPFIA2,0.00013680856292553264
TAF1,0.00013674897077512406
ITPA,0.00013674449710350263
SEL1L,0.00013673062887606762
ACOT4,0.000136727851610643
ACOT2,0.000136727851610643
PNOC,0.00013671357295307076
AHR,0.00013659312401154635
KIF18B,0.00013658343454200317
DTYMK,0.0001365805436921072
TMOD1,0.0001365733087332032
ENO3,0.00013657158360292094
CPLX1,0.00013656694836573544
INO80B,0.00013654983832870298
FZD3,0.0001364882206181023
P2RY2,0.00013643121235158655
ACAA1,0.00013631167846988367
CYP2D6,0.00013630533753082147
AOC3,0.00013627001519496177
ADAMTS3,0.00013625362040100314
RPLP2,0.00013623102990956897
CACNA2D2,0.00013618197870633814
FGF9,0.00013614338391891071
DGAT2,0.00013610472923068109
AGER,0.00013598787884666
HSD17B1,0.00013596581699514934
HOMER3,0.00013576882590767757
CSF2RA,0.00013572784652853015
MAPKAPK2,0.0001357231651071855
PKN1,0.0001356899577079425
CHGA,0.00013567096865979623
CHL1,0.00013565065727013745
C19orf40,0.00013563311137636345
KNTC1,0.00013562113465850691
GLMN,0.00013562109236791792
ROBO3,0.00013554673360328338
RPL39,0.00013552547607113076
CNGA1,0.00013529174144934246
IRF8,0.00013522525921119807
CYBB,0.0001351615041718604
HOXA7,0.00013503872280961807
NCF2,0.00013501551385369307
NRP2,0.00013498393483380691
MEIS2,0.0001348716543655264
IFI35,0.00013480533892388038
SNRPB,0.00013477547599529202
SCN9A,0.00013433885536876785
MED23,0.0001342168394117717
OAS2,0.0001341496840716758
TLR7,0.00013405855372641625
ANGPTL4,0.0001340039628362487
DLL1,0.00013382589108187315
ADRA1B,0.00013366382272077232
LGR5,0.00013366003916305942
DHCR7,0.00013362385478418533
EPHA1,0.0001336005185542533
YBX1,0.00013357861688465808
SLC18A2,0.00013357431936809167
LIG4,0.00013352247716178666
PLAU,0.0001335155586258893
KRT10,0.0001335070411535969
HPRT1,0.00013342459633295894
CETP,0.00013338682807670919
TTR,0.00013320115135625509
MRGPRE,0.00013312227889150313
PYGM,0.00013310418324829855
OAS1,0.0001330862850537586
EPB41L1,0.00013302483904477713
EPHX1,0.0001330072306300971
PRKAA2,0.00013294416673533105
TACC3,0.0001329019825767378
LY96,0.00013289876450337074
B3GNT4,0.00013287951670327378
OASL,0.00013285058238686525
PCGF2,0.00013280380658582018
MS4A2,0.00013259795303900728
MYBPC3,0.00013258242112774215
THRB,0.00013257339504118098
SLC39A11,0.0001324719002738858
RPLP1,0.00013235200321501023
PNPLA4,0.00013228883768207262
CYP11A1,0.00013213958362443562
PLTP,0.00013191331554674398
PPP1R9B,0.00013185541460932068
CWC25,0.0001318333947998325
JUND,0.0001317588351786427
DHH,0.0001317025091966175
ITGA10,0.00013161562867415244
FUT2,0.00013160906707899422
ACAA2,0.00013158826528769383
MBP,0.00013158218293394746
RPF2,0.00013149107394395102
C1GALT1,0.0001314574707329364
ALDH6A1,0.0001313874773687816
CD1C,0.00013133225910611735
SP100,0.00013133174581457364
ATP2A1,0.00013112833082917023
UBXN11,0.0001311109397548884
GEN1,0.0001310893638048805
IL22RA1,0.0001310213279043338
KCND3,0.00013098818338054544
CRHR1,0.00013098775111651436
HSD17B12,0.0001309816845980983
NTF3,0.00013085398166208577
HAP1,0.0001308244840035637
GABRB3,0.00013077092699265947
COL9A3,0.00013075538284885587
PLP1,0.00013074287382389894
LSS,0.00013068518555125742
GSTM5,0.00013056525247428447
CCT3,0.00013051617833169653
RIMS1,0.00013047664854659883
ATP5D,0.00013038856072881163
MAPRE3,0.00013038448816662652
MYBL2,0.00013037308376775245
ASNS,0.00013035071157813653
DYSF,0.00013032638093644878
TDGF1,0.0001302479883402776
MRPL15,0.00013022784647726912
ALDH1B1,0.00013016488192937723
CDC7,0.00013004299674276574
COL9A2,0.0001300127218458352
EYA3,0.00012999490255798836
IFIT2,0.0001299134615400794
LIN28A,0.00012983448023000003
TK1,0.0001298316650187226
SLC9A3R2,0.00012980668419476342
SCN4B,0.000129744265387934
XRCC2,0.00012948121816085172
RSPO1,0.00012939301095830704
HSPA1B,0.0001293753946676197
MBOAT2,0.00012934911289248012
IL17RD,0.00012912820808001928
IRF6,0.00012908540777511546
LMO4,0.000129084149408392
CCDC155,0.00012905865325494266
GPX1,0.00012900685194367316
BAG3,0.00012899477294297257
THPO,0.00012885100876858805
SOX17,0.00012882026610402874
MYO15A,0.00012877670904251647
SCD,0.00012876499155506875
SDR16C5,0.00012874722166773486
DYNLL2,0.00012864158545662546
GCNT1,0.0001285611040831841
EDNRB,0.00012853210603345767
CBX4,0.000128531750467617
MRPS15,0.00012850979498529698
COL6A1,0.00012849761827326758
NSF,0.00012829727187214853
BSG,0.00012828457303507547
SOD2,0.00012814098767952741
CCL21,0.0001280115786838895
RPS6KA1,0.00012796246990095484
MRC1,0.00012788040190380822
TLR3,0.00012787135584145244
FRS3,0.0001278392862751222
FYB,0.00012783787761983317
CLDN12,0.0001277566091149403
ID1,0.00012772338945183485
ADSSL1,0.0001276717303751809
NOG,0.00012763727882874508
IL17RB,0.0001276345870548575
LBP,0.00012752414941017882
SMOC2,0.0001274901022581247
SSBP2,0.00012740073325041355
SOST,0.00012726992743801417
LDHB,0.0001271084538485484
AGPAT2,0.00012708219515645655
GPX2,0.00012680636838753115
PGF,0.00012678950072357844
TBL3,0.0001267473835221358
BHLHE40,0.00012669925143965024
ANAPC11,0.0001266860014707958
PPFIA1,0.00012668120506869576
EPC1,0.00012663291031794332
GATM,0.00012662410863553613
XYLT1,0.00012657029491295859
SCN1B,0.00012653158547198598
PKMYT1,0.00012648626414862846
HIST2H2BF,0.00012635023883327272
APOC1,0.0001263200182834028
NCAPG2,0.00012628328829380342
DLGAP1,0.00012623601083318873
PRRT2,0.00012623310789357557
TNFRSF1B,0.00012618295116766554
SPTB,0.0001261772174016116
EFHC1,0.00012617481297013495
PLA2G16,0.00012608674936154281
TMEM68,0.0001260521958244161
KLRG1,0.00012599004638477144
MAPK6,0.00012593140899579751
PYCARD,0.0001259304604131086
PRKAB2,0.0001258735662449283
PRTN3,0.0001258610263434718
MAOB,0.000125715829240478
CD14,0.00012570342462427862
GLCE,0.00012562365932448542
RCC1,0.000125594062789286
ELMO1,0.00012557231139813052
MGST1,0.00012555450664719384
NLGN3,0.0001255109811200023
HSD17B3,0.0001254639703835092
SLC36A1,0.00012531688497074438
KLRD1,0.00012511578993861444
SPRY2,0.00012511442315562752
DLGAP3,0.00012507101744089878
MYLK,0.00012503887886172957
ALOX15,0.000125010539896487
ME1,0.00012500425970618027
ACO1,0.00012500382405719756
PIGR,0.00012497780586799893
HIST1H1E,0.00012493551088555224
PIK3C2B,0.00012480844971343675
CNTN2,0.0001247843503820588
ITIH4,0.00012471631687894908
SPTBN2,0.00012469219984145407
GABRA2,0.00012455860124352638
PPP1R15A,0.00012439266856572987
SEPT3,0.00012421543365486023
GABRB1,0.00012415148566986606
QRFP,0.00012409696226082823
PVALB,0.00012402431694098523
IL10RA,0.00012401855524837586
CXCL13,0.0001239951787108989
BBS1,0.00012394736321757606
EIF2AK2,0.00012388750576213892
STRA13,0.00012385683495848214
ASPHD1,0.0001238461735987847
MX2,0.0001238402221009164
CPB1,0.00012376582484395973
PAOX,0.00012373914255549528
GLYATL2,0.00012372116112153872
EPCAM,0.00012371522264476562
RRP9,0.00012368346683816123
OAS3,0.00012365426135176017
PTGS1,0.0001236025313847442
ALDH3B2,0.00012354012497420384
IFITM1,0.00012348173565396764
HELLS,0.0001233974726292172
PTPN22,0.0001233546362672914
COL4A5,0.00012330892332158472
COL6A2,0.00012329740637678075
ZNF770,0.00012325017552678607
WDR31,0.00012323475703890051
ZFPM1,0.00012322200910602958
HMGCS2,0.000123221823081034
RTEL1,0.00012315468029044121
ATF3,0.00012312890753365618
COMP,0.00012310976985631654
RPL37,0.0001230967001248807
JAG1,0.00012306652871362788
BID,0.00012305944165244982
CHMP4A,0.00012303614717038133
TBXA2R,0.0001229823289389908
PHC3,0.00012293123768347967
MRPL4,0.00012281425274190405
UBE2V2,0.0001228101681672497
PON1,0.0001227842540556572
TROAP,0.0001227547785870446
MGAT5,0.0001226773390422504
WHSC1,0.00012266863002546245
CEACAM16,0.0001226530396699565
DAB1,0.0001226508553467939
CHMP4C,0.00012263691048360956
GRIN3A,0.00012262096325271662
NMI,0.00012256216429251015
ACTC1,0.000122528214682081
EGLN3,0.00012250751346439966
NCF1,0.00012245173169698716
ZIC4,0.00012233995753819016
ENTPD8,0.00012233347332568122
PLXND1,0.00012232990150677961
RPSAP58,0.0001223209477765078
HKDC1,0.0001223114887677443
TRAF5,0.00012230794430998182
PRX,0.00012224034415001566
HK3,0.00012218516699175885
ACSBG2,0.00012205828789791168
BUB3,0.00012202647903933592
POLR2J,0.00012199931217828471
GTSE1,0.00012198495945259423
DTX1,0.00012184310937408752
WWP1,0.00012183572351268951
COX5B,0.00012183282397664768
AVL9,0.00012175688651492553
PKNOX2,0.0001217276833199288
E2F3,0.00012171731546280429
JAKMIP2,0.00012170819005598887
PPP3CC,0.00012169693147478012
NUP210,0.00012167011199870346
PLXNA1,0.00012152907804254836
MAPK8IP1,0.00012152142454949994
PTPRJ,0.00012149820855742759
THRA,0.00012148361210638839
SHCBP1,0.0001214250642621662
DEPDC1,0.00012140723053018442
TYSND1,0.00012138013272899755
SCNN1A,0.00012137187578610766
GJB2,0.00012128113599276767
FST,0.00012127394861682633
TMEM30B,0.00012125599357850984
WHSC1L1,0.0001211850985957337
SNRPN,0.00012117800087187318
AK3,0.00012113199430733744
PKDREJ,0.00012099460155131874
EIF6,0.00012091402586797481
PRDX1,0.00012071726543479471
SEMA3A,0.00012069334806876444
MPDZ,0.00012056273140968716
FZD9,0.00012053213697389032
DUSP1,0.0001205024900601765
ATP1B2,0.00012041555174981556
ADAMTS2,0.00012040271577216111
ARSE,0.00012039108507590163
DIRC3,0.00012019429591398671
FTO,0.00012008405889677225
GPT,0.00012000270394230743
EPHA6,0.00011997212276122411
ENAH,0.00011993578279984019
FKBP5,0.00011992699876553481
DSG3,0.0001199149202079248
CIB2,0.00011987537120160816
TKTL2,0.00011974364870385965
MBOAT7,0.00011970360338971896
GABRA3,0.00011963402987609895
MGAM,0.0001196319328980221
BMP1,0.0001195599885173851
GRB7,0.00011953393205123652
UGCG,0.00011949131711945633
PNP,0.00011948261077354512
SAGE1,0.0001194175713905493
CTAG1B,0.000119410380815068
B3GAT2,0.00011928164539518601
CATSPER1,0.00011926096594375838
KCNE1,0.00011910845205751188
ATAD2,0.00011910306562632137
ATP5H,0.000119065445503462
BIN1,0.0001190233403071825
PES1,0.00011895683322044744
HDAC10,0.00011889437574075508
PDE6A,0.0001188064240261325
DACH1,0.00011880273332837463
DOCK1,0.00011879537277471671
REV3L,0.0001187927702221035
NFE2,0.00011864714534973659
MAG,0.00011858975427920545
OPTN,0.00011858673235222066
CISH,0.00011851992272605043
LIMK1,0.0001184433011401442
EEA1,0.00011843651488292979
XAF1,0.00011842121312682037
SPRY4,0.00011838690998819844
EIF3H,0.00011830653634842562
CKAP2,0.00011824691328530023
IL11,0.00011811419764400235
TRPM4,0.00011803720090274818
NUP155,0.00011803690514642008
CDHR5,0.00011796088885263768
GPX3,0.00011794087798991257
MVD,0.00011792920324057529
TNFSF13B,0.00011791433131299254
HBA2,0.00011790881619341615
CHPT1,0.00011785968712040946
GET4,0.00011784225408232792
XCL1,0.00011768612850226225
ADAMTS14,0.00011762652673714208
CPAMD8,0.00011757986497020269
GNMT,0.00011757677274198296
CCDC110,0.0001175084667954079
HSD11B1,0.0001174684170279217
CALB2,0.00011744816423239998
RNASEL,0.0001173154727654288
HOXB4,0.00011730891251719138
S100A1,0.00011725032966546596
SHISA6,0.00011723385604662605
SEPT11,0.00011719538807386935
SEPT8,0.00011719538807386935
BOP1,0.00011717128811505526
GLDC,0.00011716408772893431
NCR1,0.00011715246466036159
ANXA13,0.00011715005824743413
NOC2L,0.00011707205063507604
F2RL2,0.00011700534549258229
DPYSL2,0.00011691261008591001
IL27RA,0.00011689494278155168
MBOAT1,0.00011686885740706118
ACAT1,0.00011684514295031509
BST2,0.0001168228468391102
NUP93,0.00011675200026749539
PRPF31,0.00011674163200220168
CPE,0.00011663186592990238
AKR1B10,0.0001166207308011359
DPF3,0.00011660332859233373
CD7,0.00011659564815079893
CD33,0.00011654687248588765
INHBA,0.00011640785097687711
STX1B,0.00011638895724499856
EPHB4,0.00011636523910084472
FKBP4,0.00011632254002210156
CHRNA1,0.00011631780778663159
NUDT7,0.00011613677560736532
ATP1B3,0.00011611694752553171
B4GALT6,0.00011608861097661628
HAND2,0.00011599809418971053
CD47,0.000115978753266022
NT5C1B,0.00011597132376514685
GSTO2,0.00011594347490519609
CCNF,0.00011592995646752196
NUDT12,0.00011592619525436724
CHTF18,0.00011591685922741188
SPTBN5,0.00011577335680553713
CRAT,0.00011572540442466052
CCDC101,0.00011569119516485102
HCLS1,0.00011556694522312004
INHBB,0.00011556675601871303
ARL13B,0.00011546921604593655
SLIT2,0.00011542386201552292
CCL3L3,0.00011524808392597651
PPIF,0.00011520911921821367
GSTK1,0.0001151794725247985
HBE1,0.00011517350334844237
SULT2B1,0.00011514964119467822
MYH13,0.00011510601121016663
DBH,0.00011507371784878522
SIM1,0.00011505630363566744
C1orf101,0.00011498489842405315
LPAR4,0.00011490392713296032
IL12RB2,0.00011473512414957225
ARHGAP11A,0.00011467062855538143
IDO1,0.00011466679167298742
SLC30A4,0.00011466086963381166
AMFR,0.00011465034654514362
RPL39L,0.00011461911263765754
TRPS1,0.0001145830005164626
RGS9,0.00011454219990868753
CXorf22,0.00011445927661742718
TMOD4,0.0001144332982638979
PDE4A,0.00011443117114545228
NEO1,0.0001144218538628128
TNFRSF13C,0.00011432462991524908
TUBB3,0.00011423383587288512
CACNA1E,0.00011411184761747204
DAB2,0.00011409781777948476
GREM1,0.00011405823473261271
KIF21A,0.00011401753637311104
L1CAM,0.00011397380179233514
HIP1R,0.00011392708880502245
APOL1,0.0001138135454323599
CROT,0.0001137907992992421
IFI6,0.00011377557858768114
NDUFA13,0.0001137636985453201
CHRNA7,0.0001137177564212562
HSPB8,0.00011367188526955402
POLK,0.00011365466192493495
ANXA1,0.00011363703489416884
MRPL24,0.00011358661101135195
STIP1,0.00011357202283258663
KCNN3,0.00011352198132090285
RETN,0.00011349008637920644
E2F2,0.00011346903109734639
TGFB2,0.00011340531718220116
PTPRN,0.00011332112273698981
CNIH2,0.00011332092686743772
SYN2,0.00011328999678342942
DKK2,0.00011325063921107092
DHCR24,0.00011322216005986146
PAH,0.00011322003384639493
CHRNB4,0.00011314359291033456
RGS4,0.0001131252951252239
RGS1,0.00011312288383051724
SCNN1B,0.00011308981254732123
AMOT,0.00011302344500681316
BAMBI,0.00011302032220661685
FAM110A,0.00011301991994751664
C5,0.00011295872741314587
SAMHD1,0.00011295280492244362
RDH10,0.00011290289053551429
AP1S1,0.00011290270776396686
LCN2,0.00011287279730161762
FOSL1,0.00011286406901242862
IL17D,0.00011282438228417062
NOD1,0.00011281461141405332
TNFRSF10A,0.00011281284348604261
SATB2,0.00011271104055214004
DPYSL5,0.00011270833704640988
LCN12,0.00011270076979136993
RRS1,0.00011266061505615146
POLD4,0.0001126365218584109
PLCD1,0.00011260772947389263
PDE1A,0.00011258339027456501
UTP18,0.00011257546264464659
FOSB,0.00011244001313046147
SEPT10,0.00011240340369707477
PFKM,0.00011239524806444833
CMTM7,0.00011236876715391708
GBA,0.00011227943502290942
SYT2,0.00011226191578891993
GSN,0.00011223900184244673
ALDH3B1,0.00011222541356509165
SYNPO,0.00011216432402831089
SELENBP1,0.00011210021937668919
PDGFC,0.00011209012780792605
PKP1,0.00011208208654952306
BAD,0.00011208105342226624
CX3CL1,0.0001120098638121153
SFRP1,0.00011181460009688922
HEY2,0.00011174783589824363
TUBA1C,0.00011173016996475016
RRM2B,0.00011166362525960846
DSCC1,0.00011163858716673412
MGAT5B,0.00011161898215644473
HAO2,0.00011161846524319607
C1QA,0.00011158736660228642
UCHL5,0.00011156260410405325
CHRNA4,0.00011146230998937463
KIAA2022,0.0001112946634376356
TRPM7,0.00011128549651572033
TRIP6,0.00011127949158606399
GRIK2,0.00011127828106506642
NUDT19,0.00011125368495068353
PLOD1,0.00011121317674928264
E2F5,0.00011120339521307704
ARHGEF2,0.00011118019486079008
PLXNB1,0.00011117476661318328
ERN1,0.00011112855714817795
CKAP5,0.00011112651539583416
TNFRSF4,0.00011102858634747138
OTOF,0.00011101472688852081
SCN8A,0.00011082661451489733
TBX18,0.00011081606702151824
GLA,0.00011078548959634978
CHRNA3,0.00011077110936664289
XDH,0.00011073404558395088
LCN10,0.0001106842071461338
SLC39A7,0.00011063037207101026
PLA2G1B,0.0001105529376249095
XYLT2,0.00011053152348106792
WASF1,0.00011050571679721291
RIN2,0.00011039564530833577
ATP5I,0.00011036557010455511
F3,0.00011028234642293997
NKX6-1,0.00011025930628322749
SLC38A2,0.00011024543350337958
CRY2,0.00011023204236694693
KIF20B,0.00011016917484080822
KIF17,0.00011012698412428042
ACAT2,0.00011012645066053398
DACT3,0.00011010083251568857
PKP2,0.00011009267988926198
LONP2,0.00011008245675065811
KLRK1,0.00011002554505808419
HSPA1L,0.00011001223973092016
COL6A3,0.00010996985194884872
PRICKLE1,0.00010995462394041588
PYGB,0.00010989998330433284
LYVE1,0.00010978528734742375
TLE2,0.00010975050939872325
MAGEC1,0.00010972501224544706
ANO1,0.00010967152242304394
LIG3,0.00010966060667377048
HHEX,0.00010957441566843731
GCLC,0.00010951881012525859
ACSL4,0.00010948540512018111
PERP,0.00010943890383853645
ADAMTS5,0.00010939563074816273
CHMP2A,0.00010934604907707565
CNIH3,0.00010932543244782473
PCSK1N,0.00010929857334150056
MYO18A,0.00010924076774111357
CHMP6,0.00010918118783052094
MSX1,0.00010914724826675349
UQCRQ,0.00010913369315481367
CTSS,0.0001091020287530115
MED13,0.00010891055418389234
DLL4,0.00010889403883316186
PHGDH,0.00010888507369399817
ST3GAL6,0.00010872682860188784
CDHR2,0.00010869296501683612
SCN3B,0.00010867174467061843
WFS1,0.0001086531540738294
NUP205,0.00010862418797058401
TAB3,0.00010860137471687042
ASRGL1,0.00010841450011627062
TNNC1,0.00010831701336186982
PLOD2,0.00010818249264167561
NFKBIB,0.00010817899811208157
GGT6,0.00010816787477924416
PRIM2,0.00010810276701082393
CDC25B,0.00010791660628225052
EPHA5,0.00010782595354878764
ATP6V1B1,0.00010779013588061543
CACNB4,0.000107769653048943
IGFALS,0.00010771774460213322
GADD45A,0.00010771263320321991
RASSF5,0.00010769885149917134
NME2,0.00010759497608371699
COL4A6,0.00010752538570798656
NR2F1,0.00010745870281670387
TBX4,0.00010742286683217368
HDAC9,0.0001074163790870272
SGIP1,0.00010737766635726102
SPTA1,0.00010724198109418147
GPX7,0.00010719811584487239
MYBPC2,0.00010719062144771465
SLC26A4,0.00010716333761547212
PECR,0.00010708305877834687
CDKL5,0.00010700677571816886
CCDC94,0.00010697845231845124
ADCY10,0.00010691770498839318
SLC1A3,0.00010688575441238538
KCNH7,0.00010672941471621615
TRPM8,0.00010672670993354601
MRPL36,0.00010672050876458157
USP18,0.00010672030914754018
LIPG,0.00010671949291222175
GRB10,0.00010671860335937676
ATP6V0D2,0.00010653040022518219
PTS,0.00010644298330328101
DOK2,0.0001062283689826939
NGEF,0.00010619494517708052
PGPEP1,0.00010617926936790121
MYOM2,0.00010611721060732639
TRPC4,0.00010598656511531037
PLCD3,0.00010597323794669175
WDR72,0.00010593721702358126
MB,0.00010591857600662301
UBE2M,0.00010575550534503877
IGF2R,0.000105726714425742
PGK1,0.0001055682248949599
PCYT2,0.00010551670269536366
NOP2,0.00010550389133055813
FAM64A,0.00010548845714232084
RGS19,0.00010543841828515539
ING1,0.0001054144922161827
UPB1,0.00010533975065326846
ARID4A,0.00010533822806710661
CLDN23,0.00010521164288915682
CENPJ,0.00010510397399116519
SGCA,0.00010499934152571404
KERA,0.00010486041116783026
OGN,0.0001048545284001575
PIP5KL1,0.00010484849436584764
LDHC,0.00010479733238894468
APOC4,0.0001047607021723214
GAPDHS,0.00010475513449743136
RND1,0.00010460526500550612
PIKFYVE,0.00010437374304961963
CDK14,0.000104356120425019
ADAMTS4,0.00010433051677001029
FXYD1,0.00010430245816473161
GPX8,0.00010429125697467867
SOX5,0.00010418896930962813
AMT,0.00010413108500894233
RHOQ,0.00010412942324121049
CACNA2D1,0.00010405241348319964
FUT1,0.00010391744540226417
PC,0.00010390298630117036
PIF1,0.00010387512418888145
RGS12,0.00010376810406447546
TARBP1,0.0001037120799418464
NOTUM,0.00010367376629636345
CALB1,0.00010367203445938534
SEPT1,0.00010366759526142648
DDX21,0.0001036569899858324
PRAME,0.00010362729591235369
HOXC4,0.00010356083899101146
SGMS1,0.00010354923228407744
MRPL27,0.00010350151369006937
NT5C,0.00010347471196680384
MAP2,0.0001034659483252348
SERINC2,0.00010327505272459241
SUCNR1,0.00010327505272459241
DHFR,0.00010327455913430956
COL4A4,0.00010324785207457512
GABRD,0.00010323747901410937
SRD5A2,0.00010322418153887735
EIF3G,0.00010317842414786033
JAM2,0.0001031742313753404
GMPR,0.00010316611405916986
TRIM25,0.00010310007331957987
PDE1C,0.00010306097728602076
IFIT5,0.00010301890746475988
NRG4,0.00010291883572733657
AMPD3,0.00010280905066402424
HMG20B,0.0001027890795276419
TRMT112,0.00010275548321027168
SETD7,0.00010274715169661131
SH2B1,0.0001027335175360629
FTSJ3,0.00010269803272863102
NPPA,0.00010266624424609673
CASP10,0.00010264734641010535
B3GAT3,0.00010263051947553209
ASS1,0.00010259758443856613
TRPV2,0.00010259746427445634
HYDIN,0.00010259102631972554
DHX33,0.00010251934830855615
ARPC1B,0.00010246859569777104
CHD7,0.00010242582737921379
SOCS2,0.0001023379125341067
UQCR11,0.00010233712854803805
NOC4L,0.00010232983432459817
MCM9,0.00010232676024227478
IQCD,0.0001023055874921426
NME1-NME2,0.00010228113995434254
RCVRN,0.00010222753253092648
FPR2,0.00010222212275934765
EMG1,0.0001021529213054376
STK39,0.0001021194443186579
LOX,0.00010211132386661144
SNRPA1,0.00010210765484870716
NR1D1,0.00010210645543480364
DBI,0.00010205900338144276
ALOX12B,0.00010205027025064421
PCYOX1,0.00010203053932226064
PRELP,0.00010201847466180491
GPR143,0.000102003020420224
DHRS9,0.0001019852168012256
PEX12,0.00010197017714796503
LGMN,0.0001019329314227324
NUP160,0.00010192591676138908
CTAG2,0.00010191469355580833
GPR98,0.00010190602940608316
LGR4,0.00010189574617994068
DPYD,0.0001018502605468777
CNTNAP1,0.00010184885907088733
CUX2,0.00010184051002302127
TPH1,0.00010179965711099534
ARFGAP1,0.0001017960472230723
LDHAL6B,0.00010167424193505023
GRIN3B,0.00010159307612036
LHX2,0.00010154056140498795
RDX,0.00010152749374427492
TLE6,0.00010145439058572665
SKA3,0.00010143219571817096
FAM83H,0.00010139632460182493
LGALS9,0.00010135928038393818
NDUFB7,0.00010135222313515505
ARNT2,0.000101303284416415
KCNIP2,0.00010129266051961474
BEST1,0.0001012784956618566
LEPRE1,0.00010125528285277943
PYGL,0.00010117183701570235
NR5A2,0.00010117014407312342
FZD10,0.00010112757790457812
NT5M,0.000101095394302734
SHBG,0.00010102614024799166
MAMLD1,0.00010101201396344516
AXL,0.00010090864369583341
TANK,0.000100871358697976
ARHGDIB,0.00010087071495180779
CFH,0.00010085810082198446
SLC2A1,0.00010078728784272189
SRGAP2,0.00010075667607971818
HEATR1,0.00010074573031216571
EFNA4,0.00010069597851175732
POSTN,0.00010066289235539904
TEAD2,0.00010064567823168503
SPC25,0.00010063981381847829
NLK,0.00010062938837277483
UBE2L6,0.00010060844461867438
VSX1,0.00010057801760783877
PNMA2,0.00010055581572622118
SLC2A9,0.00010049988789487561
PGM5,0.00010045913046919916
ANO6,0.00010045209129206689
PIP4K2B,0.00010043749625743243
CDCA2,0.00010027107198416718
ACADM,0.00010026765347177568
PDE10A,0.00010024771498892365
P2RX7,0.00010023982299972992
ITGAD,0.00010022640757622415
PDZD7,0.00010020310988108394
ADAMTS9,0.00010015761004529366
GABARAPL1,0.00010015643350649177
ODC1,0.00010012517345795839
YIPF6,0.00010009052839978284
CYP21A2,0.0001000622841491132
ALOX15B,0.00010004064624000427
MAD2L2,0.0001000359740510998
FGF18,0.0001000221521131261
PTRF,0.0001000161299860486
RDH12,9.998250851626257e-05
LDHAL6A,9.991876668030004e-05
PRLR,9.985942026525877e-05
RNASEH2A,9.984145556771282e-05
CA9,9.983141978617152e-05
LPCAT1,9.981155497993699e-05
PAFAH1B3,9.98039603687822e-05
SLC7A5,9.976848684780321e-05
GBP2,9.97638086218982e-05
MYT1L,9.975582377925528e-05
RNF152,9.974356006431091e-05
SKA1,9.970995746718608e-05
RAB13,9.965185262598098e-05
NEU4,9.964792319846057e-05
RARB,9.960372936706112e-05
XAB2,9.958862377641951e-05
LPIN3,9.95509167643518e-05
CENPW,9.954978635329175e-05
DOC2A,9.951986666852787e-05
KCNN2,9.95171618818063e-05
ALDH4A1,9.95124225906362e-05
KCNE2,9.949163170076198e-05
MED24,9.946581577076132e-05
PAEP,9.945887713616936e-05
SPHK2,9.936403168014626e-05
SLC39A5,9.93581694840892e-05
GLTSCR2,9.934887534673512e-05
EFNA3,9.931730246972235e-05
MAFF,9.924390460142087e-05
SFRP2,9.923061180200084e-05
SIGMAR1,9.9179759234599e-05
SRD5A1,9.907997903643857e-05
SLC39A10,9.906925412765194e-05
TAF1C,9.906166341869054e-05
PGM1,9.904668714909297e-05
WNK1,9.897285685937002e-05
F10,9.894664608644812e-05
IFI27,9.892415718981924e-05
CACNA1G,9.879263326617325e-05
MCM8,9.878547343775488e-05
KRT2,9.877076342994759e-05
MED16,9.876354275144843e-05
MAP1B,9.87327207631636e-05
CDON,9.871181935853637e-05
TOMM40,9.870806440145839e-05
POU2F3,9.870270468325056e-05
MTMR2,9.867976046638312e-05
SLC7A8,9.86385631829056e-05
AGL,9.863104012055787e-05
ADA,9.854182035384917e-05
GLRB,9.838514851432767e-05
NTSR1,9.836082266089076e-05
LPAR5,9.834115916108661e-05
CTH,9.83054042310355e-05
ACOT11,9.829478383669402e-05
KNDC1,9.822937833031769e-05
MLXIPL,9.815327416072898e-05
MAFG,9.814372691279633e-05
TAF1D,9.81110924278813e-05
TRAT1,9.809045379310641e-05
DYNC2H1,9.807790878684522e-05
TUBB1,9.807695506044714e-05
BDP1,9.806831009240543e-05
RAMP2,9.806561969402414e-05
MEFV,9.800277048102092e-05
ZIC1,9.796681748390158e-05
KCNJ4,9.785845250180142e-05
FRMD6,9.783120179196631e-05
ATP6V0C,9.780624366204717e-05
TRIP10,9.771818939861196e-05
DAB2IP,9.767927977679506e-05
MAB21L1,9.765530851755508e-05
RAMP3,9.761295777384748e-05
EZH1,9.760530482911143e-05
AVPR2,9.758945915931004e-05
IFITM3,9.758317335372641e-05
UTP20,9.752817885150627e-05
SEMA5A,9.751289567120562e-05
SNTB2,9.739842641041711e-05
MSI1,9.739791791044155e-05
PFKP,9.73463177506738e-05
STXBP2,9.731553246892004e-05
CDA,9.72597215792819e-05
CHRNA2,9.723002799985233e-05
OBSCN,9.721301249599937e-05
PFKL,9.719942571158529e-05
ADAMTSL5,9.718237066422247e-05
UQCR10,9.70274430300207e-05
IL1R1,9.700836487297831e-05
MAP4K4,9.699275464098288e-05
COL15A1,9.689539108672255e-05
NR4A1,9.685516788857355e-05
VEGFB,9.684532553926651e-05
TNFRSF9,9.684483711848503e-05
ROR2,9.68343802810009e-05
WWOX,9.67413097808997e-05
MAPK8IP2,9.670450770115633e-05
CD1D,9.669351819079314e-05
BCL7C,9.667716122518512e-05
TEX14,9.666552182901339e-05
KLRC1,9.660453846416768e-05
SGCB,9.655079589888795e-05
RGS2,9.647136185277822e-05
PLXNA4,9.644553120561509e-05
FGF13,9.642731337184872e-05
SPATA6,9.63797754051114e-05
CSTB,9.635635861404349e-05
RBP1,9.634345718277664e-05
E2F8,9.633674476045607e-05
SPRED1,9.625225072707376e-05
CASQ2,9.624935187415066e-05
PDIA4,9.62119274724987e-05
BRMS1,9.61287434840005e-05
DNAH1,9.606738590150202e-05
EPHB3,9.604232640758193e-05
ISL2,9.601522733293116e-05
MTHFR,9.59388225473278e-05
SDCBP,9.593302398778671e-05
REC8,9.59134659113997e-05
GUSB,9.588886863895229e-05
SORBS1,9.588749775753927e-05
LPIN2,9.587618536362509e-05
CYP26B1,9.586294370204686e-05
CYP26C1,9.586294370204686e-05
GCH1,9.579703249788049e-05
CALD1,9.572283739110224e-05
LIX1,9.56801666051792e-05
HES5,9.549306204492764e-05
AKAP13,9.548086242510172e-05
NTNG2,9.540358237247461e-05
VAMP8,9.536638870179273e-05
TRIB3,9.534432977819234e-05
NLRC4,9.53035114002339e-05
LGALS4,9.528819847597731e-05
TNFRSF8,9.527201363434713e-05
COX17,9.520067295343474e-05
CCR10,9.514798569149841e-05
TREM2,9.503317683845792e-05
MORN5,9.491380775910073e-05
ST6GAL1,9.489895149698445e-05
PLK3,9.48962330071806e-05
COX4I1,9.484766562790145e-05
MYSM1,9.483884135961642e-05
CDS1,9.475951116811213e-05
PCCA,9.475489652975604e-05
CATSPER2,9.472494228007829e-05
USH1G,9.472366568762579e-05
CYTIP,9.471140214281817e-05
SSBP4,9.454637007496836e-05
EEF1A2,9.452819258619588e-05
KCNU1,9.452774792647553e-05
DAPP1,9.449493379304183e-05
GRM2,9.445120636188225e-05
SYN3,9.444972096926407e-05
ID2,9.43983289603313e-05
PLAC8,9.438901337838311e-05
PER3,9.436872531682162e-05
PAX9,9.430444156131371e-05
BEGAIN,9.427184374561508e-05
ZFPM2,9.42705756817249e-05
AIF1,9.427032953209041e-05
TBC1D7,9.419781428160711e-05
CYP27A1,9.415169778416881e-05
AP1G2,9.414396380284309e-05
UNC45B,9.409671585936551e-05
RGMB,9.407618657166248e-05
FCHO2,9.406546938391006e-05
ADRB1,9.406428989700942e-05
KIF5A,9.40451052680969e-05
ACACA,9.40416175893125e-05
COL17A1,9.403461597911385e-05
IL24,9.401605805652858e-05
SLC24A4,9.398436183355472e-05
SCN11A,9.39073184952401e-05
RAB8B,9.38957304134235e-05
ISG20,9.386383884713966e-05
RAD54B,9.385193073506238e-05
COL4A3BP,9.383301491141368e-05
ATAD5,9.382688722956501e-05
SFTPD,9.378612274791203e-05
APOD,9.37852467354006e-05
CATSPERB,9.377883874513763e-05
HSPE1,9.375854024022496e-05
PPFIA4,9.374050959050257e-05
HPX,9.372280728378997e-05
SLC39A4,9.371279780200766e-05
CYP2U1,9.370347619412423e-05
TP53BP2,9.360047954285878e-05
TXNRD2,9.358763937638643e-05
DMRT1,9.355492137828787e-05
LAP3,9.354601728497545e-05
CCL8,9.352496057827539e-05
DHX58,9.352113768235658e-05
PDE11A,9.337580040427189e-05
IFITM2,9.324065442369944e-05
ZFYVE16,9.32107312444161e-05
IL17RC,9.318327166904504e-05
CALML5,9.311014254479287e-05
ADAM12,9.309282317340335e-05
FAM73A,9.301300909664905e-05
ACVR1C,9.30097886450759e-05
NDUFB9,9.29498465081725e-05
NANOS1,9.294563426378823e-05
KCNE3,9.294411550244539e-05
CTSH,9.29276487163447e-05
CNTN1,9.285208688434222e-05
TFAP2C,9.283461671155273e-05
NPHP4,9.282207897787567e-05
DCX,9.266444407428161e-05
UGT8,9.26453609817563e-05
ACSBG1,9.262348841796696e-05
AMOTL1,9.258366332443614e-05
GLS2,9.256310425081702e-05
FCHO1,9.253728661558164e-05
HYLS1,9.245093635268091e-05
XG,9.241249043202767e-05
MMP16,9.239304405541712e-05
POLR3K,9.225222305124365e-05
ADORA2B,9.223731936381288e-05
ADAMTS1,9.222337738438671e-05
CCBL1,9.217836653455691e-05
AMOTL2,9.207150564404286e-05
ESRRA,9.196418013606905e-05
LRRC16A,9.189826000323038e-05
COL7A1,9.188815949167511e-05
MAP1LC3A,9.178927910670393e-05
RGS11,9.171346125723685e-05
PAPSS1,9.16704045106124e-05
TAF4B,9.161729090464384e-05
LGR6,9.159923009824138e-05
TAF1A,9.156836036130765e-05
FLT3LG,9.156587093041963e-05
PLAT,9.152201290505372e-05
S100A2,9.147843140358243e-05
NLRP5,9.14713088918103e-05
TGM3,9.141842913945041e-05
CYP51A1,9.141028171089163e-05
KIR3DL1,9.138772089671665e-05
CREB3L3,9.136300987457127e-05
TRAF4,9.127439637993001e-05
PDE1B,9.117027609149325e-05
NSMCE1,9.116412220743629e-05
POU4F1,9.113592845776251e-05
MOCS1,9.107779919051663e-05
RGS14,9.102781457410571e-05
FDPS,9.101015942951443e-05
RAB11FIP3,9.099720942313528e-05
THBD,9.098487808338443e-05
FGF20,9.098396807510552e-05
TF,9.09654303918786e-05
RBCK1,9.09453072693209e-05
KCND1,9.083363958938669e-05
GCSH,9.08208133434539e-05
BBS4,9.079709385472043e-05
STMN1,9.079014551055047e-05
SLC35A2,9.076873672545876e-05
TNFRSF10B,9.076187733068695e-05
PHB,9.074678275873752e-05
TIMP3,9.072272212237569e-05
SSPN,9.071843654233719e-05
TUBB,9.06705188881257e-05
ELF5,9.064734114126246e-05
MGST2,9.064302173895377e-05
FUT8,9.061783137278624e-05
G6PC2,9.055616482343519e-05
ABCA3,9.055565637378925e-05
OPN1SW,9.051096937938934e-05
ALOX12,9.048781938357968e-05
KCNN1,9.047990819642186e-05
TAF10,9.046297175475037e-05
MTG1,9.04560079258989e-05
SLC30A2,9.045250583763741e-05
RENBP,9.042024478359666e-05
SLC8A1,9.035191840264604e-05
PTGER1,9.029251914820813e-05
CPEB1,9.025468513799313e-05
B4GALT7,9.022750916402393e-05
B3GALT6,9.022750916402393e-05
MYF6,9.02221185794481e-05
SEMA5B,9.021185139740984e-05
VAMP1,9.012243576068137e-05
SHARPIN,9.009216484327048e-05
IQCE,9.005205251150892e-05
RSPO4,9.000289208093588e-05
GCLM,8.992395298259457e-05
BBS10,8.987403516713227e-05
SLC30A1,8.98605949127267e-05
CLDN5,8.984651357130229e-05
CHRNB1,8.984579542164103e-05
ATP1A4,8.98278576321476e-05
CR2,8.982132615017335e-05
CCL18,8.979304306654867e-05
EPS8,8.974772019738955e-05
KCNMB3,8.973619840298703e-05
SELO,8.973554871624466e-05
SELE,8.971462882746776e-05
CCDC124,8.971137737848973e-05
SOX11,8.966950086022183e-05
MYCBPAP,8.963710278566642e-05
B4GALT5,8.963473712118805e-05
RPGRIP1L,8.96138149328076e-05
RAG1,8.953395123920085e-05
PPAPDC1B,8.95223234552624e-05
NOS1AP,8.950678872737647e-05
LMO3,8.949106480864264e-05
PDE3B,8.945891923147461e-05
CACNG1,8.935309250547307e-05
HSF1,8.932550699215437e-05
DGKZ,8.928532737487971e-05
LNPEP,8.922404638351714e-05
ALCAM,8.917617398643096e-05
NDUFB10,8.91607220980182e-05
SF3B5,8.914196960006855e-05
ESPN,8.910599853838259e-05
MED13L,8.907102277186218e-05
MGST3,8.90707350927307e-05
MAFK,8.90542392789659e-05
CDC42EP4,8.905054516395491e-05
GPAM,8.902983556092659e-05
LPCAT3,8.902922403214744e-05
PGAM2,8.902543510632003e-05
MRPS6,8.898663838343734e-05
RBP4,8.885078836067278e-05
NR4A2,8.884150898293392e-05
SYCP1,8.882525804544053e-05
RETSAT,8.881427294352242e-05
CYP27C1,8.881427294352242e-05
SEC16B,8.880407602822344e-05
GLYCTK,8.871840027350859e-05
STAR,8.869932880392437e-05
BACE1,8.867243088907626e-05
SH2B2,8.864975999144011e-05
ESRRB,8.862081707341228e-05
SRD5A3,8.861970194755733e-05
PLXNB3,8.859976584347021e-05
CHD1,8.854568836008962e-05
S100A8,8.85015353002561e-05
KCNMB1,8.849499360052416e-05
AGPAT5,8.848528259208366e-05
MPP5,8.847496079656334e-05
RAMP1,8.846711046603525e-05
CMPK2,8.84169717075362e-05
FLNB,8.840389398827925e-05
PTPRF,8.835165536544928e-05
MS4A4A,8.829830900919036e-05
DNAI1,8.829627317558123e-05
PLXNA3,8.828907514587372e-05
SCN2B,8.828217523373737e-05
CES1,8.828093328996693e-05
RGS20,8.822629841429029e-05
PALLD,8.82114987371133e-05
IL17RE,8.81456636869417e-05
SIRT4,8.804389422480645e-05
RGS16,8.803562171343627e-05
GALC,8.801987316566688e-05
STK3,8.798983513307064e-05
GINS1,8.793837474495002e-05
IMPDH2,8.792167015047143e-05
EID3,8.789195070508875e-05
DBF4,8.786486797060661e-05
ADAMTS13,8.783355163928592e-05
ABCB6,8.780815470582084e-05
EFCAB1,8.780495152038252e-05
UQCRB,8.778864898129724e-05
CARNS1,8.771980988747337e-05
GUK1,8.771173684751748e-05
SLC34A3,8.770514828598419e-05
TAT,8.770339088478394e-05
CPT1B,8.770140414144369e-05
SP7,8.763683452116886e-05
CHRNB2,8.760818152137354e-05
LCLAT1,8.758685427329963e-05
RGMA,8.756736880012309e-05
SLC40A1,8.756346573134971e-05
CD24,8.756250346756641e-05
FBP1,8.7521598678291e-05
TCIRG1,8.749874725680333e-05
TIMM13,8.740623952845959e-05
CLDN7,8.735472770469863e-05
MSMB,8.727477382139871e-05
EDIL3,8.725466652155135e-05
KIR2DL1,8.723209288664582e-05
S100A4,8.7224972174256e-05
GRM6,8.721089865316852e-05
IGF2BP1,8.719447200201478e-05
B3GNT7,8.717696399038157e-05
UQCRH,8.716958575647993e-05
EGLN1,8.713609163429244e-05
MVK,8.706506529925818e-05
ERCC6L,8.705164030652593e-05
GCNT3,8.704741313525491e-05
TFF1,8.700860749852256e-05
IRAK2,8.6952778645104e-05
PLA2G12A,8.678373753803818e-05
CBR1,8.676863131421107e-05
COX6B1,8.669816197595887e-05
SLC39A14,8.66658125519622e-05
CHST8,8.665856275353e-05
LSP1,8.659911178146794e-05
PTH1R,8.657863962710597e-05
JAG2,8.65315123604974e-05
BMP6,8.64458587387364e-05
TAS1R3,8.637034520978785e-05
MOGAT2,8.633497840839272e-05
ABCA2,8.630730589230638e-05
MAD1L1,8.628292248990121e-05
LBR,8.626065028894951e-05
SALL1,8.618810173697913e-05
PITX2,8.616879105406434e-05
TPRN,8.616190162036492e-05
KLK5,8.611314745601378e-05
B3GNT5,8.610259405758662e-05
PTK7,8.607018824162131e-05
SHISA9,8.606054124558893e-05
GDF5,8.600777734435634e-05
DAAM1,8.5982758367556e-05
MRPL21,8.595998558910007e-05
TGM2,8.593268257613833e-05
GBE1,8.58745339284885e-05
CARTPT,8.584119805315571e-05
DYDC2,8.581716750070991e-05
PLXNB2,8.581332024055478e-05
GALR2,8.566501951647669e-05
GLS,8.564663417031607e-05
EXOC6,8.558964459769972e-05
PIWIL1,8.548998036432116e-05
NDUFS7,8.548327908129023e-05
ADAMTS12,8.546691438836832e-05
SLC16A9,8.543483183485201e-05
CTNNA3,8.538783593546897e-05
CEND1,8.536654286179975e-05
ZNFX1,8.535167298142311e-05
PRRG1,8.532534005022077e-05
C7orf43,8.528557450927141e-05
WIPF1,8.526145086333582e-05
QDPR,8.52536534255401e-05
LGALS7,8.524200955520477e-05
KCNB2,8.522886875109029e-05
IFI44L,8.51911546868394e-05
CREB5,8.513161321615024e-05
WDR49,8.496106206525009e-05
SLC12A3,8.494963338785504e-05
RASGRF1,8.494613147476702e-05
PKD2,8.494217864290312e-05
SEMA4D,8.492597516043591e-05
IGJ,8.4906102202782e-05
ACTG2,8.488657011236002e-05
AHCY,8.482818002456883e-05
INPP4B,8.480191199325483e-05
MYO7B,8.480152270309769e-05
FMN1,8.476765140077646e-05
WNK3,8.465756558394269e-05
NODAL,8.454256664884714e-05
GINS4,8.44689213550129e-05
SMARCA1,8.438526059266485e-05
CCL25,8.434428397098913e-05
SART1,8.432568711746956e-05
BAG4,8.428544365493669e-05
FKBP6,8.424765019795234e-05
VIPR2,8.418936831364693e-05
BDKRB2,8.403397529098731e-05
IL33,8.402030502813122e-05
RGS6,8.396517044537456e-05
PVRL2,8.396219861183224e-05
PEX5L,8.393721994712926e-05
ALPL,8.391569290835283e-05
ZWILCH,8.386888078465467e-05
SF3A2,8.379607679456819e-05
BAG1,8.377303233259708e-05
AHI1,8.376447559182411e-05
RPS6KB2,8.374869004698541e-05
FOXD3,8.373633765156232e-05
TUBB6,8.372011885450998e-05
INPP5F,8.367033448564505e-05
CACNA2D4,8.361227483601176e-05
HS6ST1,8.360086914223552e-05
CHST9,8.35966127168927e-05
KCNMB4,8.359357880662029e-05
CTF1,8.356970140534513e-05
KCNS2,8.354462267404816e-05
PTPN14,8.350255254472254e-05
CYP2J2,8.338544982484851e-05
NDUFS6,8.324224117445135e-05
BAK1,8.323878251127459e-05
LHX4,8.321945165838635e-05
ATP5J2,8.309700980641525e-05
PLCD4,8.30234256576043e-05
MED30,8.301325289683118e-05
EPGN,8.296929261629508e-05
SLC12A1,8.296273739589087e-05
ABCA4,8.294813512904304e-05
MRPL12,8.291885065180494e-05
INADL,8.291682911580767e-05
NMB,8.291319861877468e-05
CLEC7A,8.286820002457356e-05
PLD3,8.278942472606917e-05
CCDC36,8.278881682498416e-05
SPON2,8.276465180265769e-05
IKBKE,8.269778962528304e-05
CCDC114,8.257916160347795e-05
NOX4,8.25766697453797e-05
NDUFS8,8.255444890286643e-05
HSPA4L,8.25015558368634e-05
IMPDH1,8.24948488097591e-05
HOXB5,8.249019982512988e-05
HOXB6,8.249019982512986e-05
HOXD4,8.249019982512986e-05
HOXC6,8.249019982512986e-05
HOXC5,8.249019982512985e-05
SYT4,8.247218271415486e-05
MOSPD3,8.245973378198844e-05
EIF4EBP1,8.241274865950415e-05
MAP3K8,8.235476279363799e-05
ACPP,8.232260255078217e-05
FGF16,8.227281713838591e-05
IL13RA1,8.215718788801547e-05
TWSG1,8.210408771813679e-05
ABCB8,8.191898435734249e-05
NCF4,8.191229437374298e-05
RTP4,8.1834663427178e-05
TLR8,8.182356220543897e-05
CD300C,8.182244304401185e-05
ELOVL6,8.177426089780634e-05
GAL3ST1,8.171812611238511e-05
AK1,8.170618721744564e-05
MED25,8.170014230631442e-05
EDF1,8.167442125650883e-05
POLN,8.167024700251277e-05
USP2,8.166713891011623e-05
NDUFA2,8.165964249946297e-05
NDUFA11,8.163382764937348e-05
MYCBP2,8.161239318753337e-05
ALDH16A1,8.160405830096304e-05
PPP1R12B,8.154891867431034e-05
DYNC1I1,8.147056869435572e-05
RNF168,8.144815787901643e-05
NR3C2,8.137740631222765e-05
TUBA8,8.135852098355984e-05
ENTPD2,8.132514750159155e-05
UCHL1,8.129225664012355e-05
IFI44,8.122247148068234e-05
DBN1,8.121561385567937e-05
SV2A,8.119343148139718e-05
RARRES2,8.114986615160864e-05
ADRA1D,8.107882098583258e-05
DNAH5,8.105101273347232e-05
CAV2,8.09965364572733e-05
RANGAP1,8.098137429179992e-05
AP3S1,8.095174005084875e-05
CLN3,8.095098377496744e-05
SPON1,8.093277781561899e-05
DPYSL3,8.09006904617919e-05
CENPI,8.089970108742261e-05
ETS2,8.087999287726868e-05
ASMT,8.087777655052868e-05
CH25H,8.087617943500681e-05
NDUFS5,8.0870469680432e-05
FSCN1,8.084210354185876e-05
CADM1,8.071950826492426e-05
MACROD1,8.070004871302699e-05
DERL3,8.067672031181566e-05
SLAMF1,8.049124384317398e-05
CYR61,8.046421261692575e-05
COL8A2,8.037672185219785e-05
PFN1,8.03730410804028e-05
C2,8.032345719290797e-05
SNTB1,8.022591963711829e-05
CFLAR,8.020056080907127e-05
FBLL1,8.019735841643681e-05
LMX1A,8.019689061662005e-05
LPCAT2,8.017270455827021e-05
DGKQ,8.017024017182583e-05
FBXL6,8.010832455499601e-05
KCNA5,8.010243657696062e-05
GPR179,8.009183554584549e-05
PROS1,8.009006939811982e-05
KCNF1,8.003727724919941e-05
KCNJ3,7.990611620328428e-05
ARHGEF1,7.988541746279915e-05
MAP4K1,7.987293390131903e-05
SEPP1,7.98689122986289e-05
NDUFA7,7.983890582363793e-05
PLXNA2,7.982250851417647e-05
TTC21B,7.981729626525869e-05
RGS5,7.972557452181696e-05
CDK19,7.970814608183821e-05
PTPN5,7.965464722408633e-05
ENTPD5,7.965177362847432e-05
PCSK9,7.96346380925402e-05
PSTPIP1,7.960212594937016e-05
TNS1,7.959133960602752e-05
LXN,7.95571612533543e-05
CMTM3,7.953111464606394e-05
FUT6,7.951784373867817e-05
SGCD,7.948077480762571e-05
ASAP1,7.94705012865266e-05
PLD4,7.946536825725475e-05
KDM5B,7.943886144530129e-05
CAMK4,7.943775739686648e-05
SGCG,7.941661877088329e-05
TST,7.940601309310632e-05
PLB1,7.937135962830491e-05
CENPK,7.936155098526536e-05
CHIT1,7.934083322072264e-05
BBS5,7.932802349890825e-05
ADAMTS8,7.930166443907093e-05
CACNB1,7.928781505137558e-05
GINS3,7.928278309515666e-05
AWAT2,7.920653452509115e-05
PPP2R2B,7.920390704998384e-05
SAV1,7.916446283585527e-05
RPGR,7.910124618653612e-05
UTS2R,7.90929194318725e-05
HBQ1,7.903380945517952e-05
PEMT,7.901423671407037e-05
POLB,7.8981208440534e-05
CD276,7.895211064670713e-05
LYPLA1,7.891774950070976e-05
SOSTDC1,7.886075895838603e-05
TAS1R1,7.882512003488263e-05
IDI2,7.87892480803834e-05
C1orf86,7.873357473589232e-05
HFE,7.869309527520113e-05
MAGI2,7.86212132916887e-05
PARVA,7.86177325087132e-05
RNF170,7.858733465375618e-05
BSN,7.857752512159537e-05
TNFSF12,7.856727905090063e-05
SCRIB,7.851931714284792e-05
NDST1,7.850293419528028e-05
RGS17,7.84740587129665e-05
RRAGC,7.840280105255063e-05
GCNT4,7.839520417377658e-05
METTL1,7.837572170264575e-05
NKX3-2,7.836199912246315e-05
ELL3,7.835691650398987e-05
ELL2,7.835691650398987e-05
GP5,7.829675519245486e-05
MYH7B,7.826093679045506e-05
APC2,7.825669529494917e-05
EDA,7.824219526517613e-05
KCNJ1,7.815355796113051e-05
NR2E3,7.810936606910429e-05
MYOZ1,7.810395853832873e-05
SFRP5,7.804300805876241e-05
OLFM2,7.802316775125337e-05
PRSS3,7.801960729099188e-05
VIPR1,7.800067707365592e-05
COL5A3,7.798597691322258e-05
KDELR3,7.797273391696384e-05
GZMA,7.794979829545945e-05
DNM3,7.792784605235723e-05
TM6SF2,7.792491664941683e-05
ARHGEF4,7.78109640578219e-05
NOX1,7.77903132120281e-05
PDE5A,7.777830308571728e-05
ARC,7.769448121983833e-05
IL5RA,7.767755747812805e-05
YOD1,7.767476120822738e-05
IFT122,7.76679403012261e-05
CALML3,7.759443786467654e-05
NUTF2,7.758230321638186e-05
KCNA3,7.757434221307763e-05
RDH5,7.755235996211393e-05
AP1S2,7.754664163296945e-05
F13A1,7.754017213387143e-05
SERPINB6,7.7395938223273e-05
PPIB,7.7380289030991e-05
MS4A6A,7.737040382145719e-05
ECHDC1,7.731571313491232e-05
KLF5,7.72656730753958e-05
ENY2,7.718117254582301e-05
NEURL1B,7.716821087868853e-05
ADORA1,7.715807486305927e-05
UTP14C,7.714925573256422e-05
PHF10,7.714386769647323e-05
MUSK,7.711522979070634e-05
PLEKHA7,7.710368624216335e-05
APOF,7.706049626790425e-05
RAD21L1,7.701527522214997e-05
KIAA0020,7.696575672486888e-05
ADHFE1,7.695351341018843e-05
PPP1R1B,7.691449560143007e-05
GAP43,7.689039361758821e-05
SMPD2,7.688888871325484e-05
RASAL2,7.684421385662076e-05
IPMK,7.682933901000872e-05
MFSD10,7.681947237814056e-05
MAGOHB,7.679796162528163e-05
TNFSF10,7.676344674388525e-05
UBXN1,7.674406964673758e-05
KLRC2,7.671432531051352e-05
NDUFB11,7.670136083512183e-05
FGD3,7.669617211755504e-05
ADAMTS7,7.667349661213111e-05
SYCP2,7.664205689232439e-05
HCN3,7.662840560542236e-05
CPNE3,7.662036892308302e-05
ZNF593,7.655906777156952e-05
ADRM1,7.648219090323932e-05
HPSE,7.648062297817068e-05
ADAMTSL2,7.644467274574403e-05
SLC26A6,7.642168534003921e-05
PMP22,7.637850701921351e-05
TULP1,7.633202200334534e-05
SCN4A,7.630427979142247e-05
KRT19,7.626764321818655e-05
EGR4,7.623512833182958e-05
ASL,7.62233657379897e-05
GALNT3,7.619198091263853e-05
BBOX1,7.618949306039245e-05
SEC24A,7.618905104949852e-05
STRADB,7.618126886960251e-05
THSD7A,7.615452487637106e-05
TGFB1I1,7.615053249869436e-05
FOXP2,7.612283191304635e-05
PDGFD,7.611380803719807e-05
RIF1,7.609644594591787e-05
PEX11A,7.608061404790149e-05
B3GALT5,7.599944516496025e-05
PROK1,7.597399492847194e-05
C4orf26,7.596717829541976e-05
LRPAP1,7.596106444504438e-05
P2RX4,7.594991219015226e-05
WEE1,7.583310626049612e-05
CCDC96,7.578983876080643e-05
MKX,7.574907099899352e-05
KLHDC8B,7.571189144284979e-05
ADAMTS18,7.561176056865525e-05
ADAMTS16,7.561176056865525e-05
MCAM,7.551165141524466e-05
HSPBP1,7.547294973790727e-05
CLCN6,7.545126276861425e-05
KCNH4,7.541185625281678e-05
F2RL3,7.539761748246475e-05
F7,7.536998828979293e-05
DLX2,7.535568298149689e-05
MMP8,7.534104125616427e-05
ETFA,7.533656868792777e-05
UCN,7.527138426495263e-05
EPHB6,7.527038209120311e-05
KALRN,7.526236911495197e-05
STXBP5,7.520449738229642e-05
FUT5,7.520186374237022e-05
HCST,7.511400269400648e-05
SAMD8,7.505475130622974e-05
BAIAP2,7.503131512951941e-05
PGAM4,7.49920170352806e-05
EGLN2,7.49818596995208e-05
PREP,7.487129400212504e-05
CDCA7,7.486075857853431e-05
SULT1A1,7.483115411417458e-05
CKAP2L,7.482550967593725e-05
FIS1,7.479917048679475e-05
OXCT1,7.479885233868182e-05
NDUFC2,7.478859755032862e-05
STX2,7.475522507128989e-05
TNKS,7.470969992592666e-05
ARX,7.469196078104509e-05
GTF2H3,7.46284435934156e-05
SNRNP70,7.455584496258085e-05
GRIK4,7.455451499999266e-05
KIR2DL3,7.453727791378235e-05
XRN1,7.453371786435439e-05
HADH,7.450826496487256e-05
TDRKH,7.448945865288712e-05
ATP2A3,7.44858469022486e-05
BBC3,7.444537077345829e-05
ARHGDIG,7.444378614812839e-05
TRIO,7.443397984476478e-05
MAPK8IP3,7.438620239490192e-05
MAGEF1,7.43736663572192e-05
SPESP1,7.436364976976904e-05
SLC39A6,7.418114261363066e-05
MYOCD,7.417435886186721e-05
CATSPER3,7.41552618232784e-05
APBB1,7.413890696971401e-05
G6PC3,7.411411544689213e-05
DYNLT1,7.410705793921183e-05
CENPH,7.410497823998472e-05
ATP5G1,7.410064610938355e-05
TUBB8,7.409425367830847e-05
SESN2,7.40861944816516e-05
CD1A,7.406691862679172e-05
NME4,7.403494637262644e-05
AACS,7.401383319763362e-05
KRT18,7.396960077271128e-05
TEX11,7.39381358012284e-05
FABP5,7.390475009957489e-05
TMEM176B,7.387575612310814e-05
TOMM7,7.386747402457524e-05
SPRED2,7.380041087940605e-05
RPS6KA3,7.377192402704829e-05
IQUB,7.37718435891296e-05
CACNG6,7.375762828782809e-05
DHRS11,7.374137658813966e-05
CRYAB,7.37297965976012e-05
SELPLG,7.368808054121651e-05
HYOU1,7.363296126006019e-05
ADAMTS10,7.362379601055144e-05
ADAMTSL4,7.362379601055144e-05
TAGLN,7.356678354475622e-05
CNDP1,7.35301522115784e-05
CLDN3,7.351628971918326e-05
MARVELD2,7.350507510335429e-05
KCTD7,7.348350372163088e-05
PPT1,7.345786385555847e-05
RASL10A,7.344762064678308e-05
RPS6KA6,7.34436379932383e-05
GUCY1A2,7.336756940549963e-05
GUCA1A,7.330740179483462e-05
MFAP2,7.328322731734886e-05
STAC3,7.327473667103075e-05
CYP4F3,7.316693627190835e-05
TLL2,7.311605312398074e-05
UST,7.308242109139879e-05
RRP1,7.307453498090133e-05
RBP2,7.305550656185688e-05
CST7,7.299716373383186e-05
TFF3,7.297612148744218e-05
TFAP2B,7.293160536890207e-05
RAB3IP,7.292695955393861e-05
CMA1,7.292223767125243e-05
COL12A1,7.288688624022985e-05
NPC1L1,7.28629057224536e-05
CALCRL,7.285641802452589e-05
HSPH1,7.285357365293166e-05
SYCE2,7.28394224479957e-05
CDC34,7.282737684951143e-05
PHYH,7.28260884230204e-05
THSD4,7.278624278268015e-05
CFI,7.277415405357402e-05
SCNN1D,7.27269811718917e-05
IGFBP5,7.268715058928684e-05
BEST4,7.265890917023135e-05
SOCS6,7.254770890970867e-05
MMP25,7.254627497498067e-05
HS3ST5,7.254486749675118e-05
GPD2,7.24769431338517e-05
SHD,7.247005660115377e-05
KDM1B,7.24689724476837e-05
KIF5C,7.24635592706546e-05
F8,7.242409583721637e-05
SLC12A5,7.242258988278133e-05
CBR3,7.24212331902564e-05
SHB,7.240667629324002e-05
SMARCD2,7.240415417752012e-05
KLHL3,7.238495823074622e-05
IQGAP2,7.237521305806083e-05
MIA3,7.235637536782475e-05
NPHP1,7.229625088836872e-05
ASPA,7.229455158945609e-05
UBA7,7.225593944687848e-05
DCAF16,7.221655919956056e-05
TMPRSS3,7.215786261259589e-05
PDE2A,7.211468128049745e-05
DSC3,7.207997715954357e-05
RRP7A,7.205598099747433e-05
INSL3,7.204430836307148e-05
UGDH,7.203912924206077e-05
KCNIP3,7.198159895803763e-05
PLK2,7.196898102693928e-05
SLC30A3,7.19616656167925e-05
UGP2,7.193641457333288e-05
MANF,7.193152793962821e-05
RXFP1,7.188406604303606e-05
AKR1C2,7.185509611236234e-05
APLF,7.17683906943144e-05
ADAMTSL3,7.174892661963315e-05
BATF3,7.173119480513557e-05
GPR146,7.171675560494038e-05
GPR3,7.171675560494038e-05
ETHE1,7.171020489216107e-05
SLCO4C1,7.170679160500086e-05
KIDINS220,7.16824472198748e-05
NMNAT2,7.166880514862612e-05
PFDN6,7.165915008058831e-05
SNAP91,7.159601742229035e-05
STRA8,7.151403968986833e-05
HERC5,7.149620555411428e-05
TUBAL3,7.148086568112658e-05
C1QC,7.141686699005121e-05
CD1B,7.139596843668607e-05
C10orf11,7.138384934545386e-05
PTPN3,7.138282131991434e-05
ANKRD27,7.134586811055239e-05
TLN2,7.132640625440052e-05
DOCK2,7.131365774924114e-05
RB1CC1,7.130891615123185e-05
RAP2A,7.121032104712894e-05
PTP4A1,7.120374047846253e-05
LILRB1,7.118637027765254e-05
SLC1A5,7.118521178316675e-05
U2AF1L4,7.111897381993729e-05
P2RX6,7.110997263270903e-05
CALCR,7.108929801692908e-05
MAK16,7.107649315802899e-05
FCN1,7.106481039640465e-05
ERLIN2,7.106093636262082e-05
ACACB,7.100829354350935e-05
RAPGEF2,7.096341448667819e-05
FAM20A,7.095025848747694e-05
POLR3G,7.092368272080747e-05
KLK7,7.08768462135869e-05
STRC,7.081546217877377e-05
ADRBK2,7.081407602685176e-05
NFIC,7.0801376464397e-05
BHMT,7.067898495107085e-05
IDI1,7.064437531891723e-05
HS6ST3,7.057911588995699e-05
UBXN6,7.057199755874523e-05
TICAM2,7.055607776015203e-05
RGS18,7.054623107268838e-05
CATSPERG,7.045567070469885e-05
KCNIP1,7.041261976397563e-05
TPO,7.039367669040116e-05
SEPHS2,7.038629667945838e-05
UPP1,7.036084769183013e-05
PDE3A,7.032950911920481e-05
MIF,7.03205587695294e-05
MRAP2,7.03150097925213e-05
IL1RAP,7.03061066963766e-05
KIF4B,7.02938449280136e-05
ADAMTS19,7.024966559215214e-05
THSD1,7.024966559215214e-05
ADAMTS6,7.024966559215214e-05
ADAMTS17,7.024966559215214e-05
THSD7B,7.024966559215214e-05
ADAMTSL1,7.024966559215214e-05
ADAMTS15,7.024966559215214e-05
FBP2,7.023678230246278e-05
CYP7B1,7.023110438030926e-05
CHN1,7.02264759390016e-05
MATK,7.015445214716574e-05
CCL13,7.012860882602767e-05
CREB3L4,7.012119607070132e-05
PLA2G2A,7.009275900263828e-05
DHFRL1,7.009203775982508e-05
KBTBD11,7.008121703626017e-05
DDX60,7.004578854629574e-05
CTSA,7.003422411833744e-05
ADM2,6.998295295106655e-05
TAF2,6.997285570114887e-05
SLC4A4,6.994483783932765e-05
TAF13,6.989023966222375e-05
ANXA6,6.985644015137387e-05
ATP5E,6.981228266033659e-05
TEX15,6.976029467587301e-05
WDR74,6.974397699000937e-05
HLTF,6.97239277686167e-05
CARD16,6.96276733742885e-05
MDFIC,6.962290634491682e-05
DSG2,6.957463633716344e-05
NDUFV1,6.955214497330868e-05
AKAP7,6.954122691936237e-05
CHST12,6.953206695054561e-05
HS3ST1,6.952719673092547e-05
CSNK1G2,6.949123361445257e-05
HIST1H1B,6.948851109563273e-05
GRM7,6.934413421424522e-05
MAP3K2,6.93205455282769e-05
KRT36,6.927959994807281e-05
AKAP6,6.922175082916844e-05
GRK5,6.919762025353021e-05
NDUFA3,6.917776969217034e-05
CMYA5,6.917307272506982e-05
GALNT13,6.916079458048592e-05
PNKP,6.915881676938707e-05
TLR1,6.906319612132412e-05
ATP6V0E2,6.903430624086976e-05
SORD,6.902870161751339e-05
SCD5,6.895206302986892e-05
CD46,6.894342278307753e-05
ASPH,6.891107800750157e-05
KRT8,6.890943680851254e-05
DIAPH3,6.889734116997331e-05
DPF1,6.886321418136166e-05
VANGL1,6.885951768986253e-05
IGFBP4,6.88116412193861e-05
AMHR2,6.88079647020612e-05
GRIK5,6.873255571994027e-05
ENTPD4,6.871782022555516e-05
SEC16A,6.87035257213857e-05
OXCT2,6.86555737148511e-05
PCOLCE,6.861022982356866e-05
C6,6.860472044332979e-05
ACSS3,6.860206767654421e-05
CA2,6.856672829953827e-05
CAPN2,6.854811020982424e-05
MIB1,6.850504911548584e-05
DAPK1,6.849022361091515e-05
COX8A,6.848043131537162e-05
GUCY1B3,6.847286305172418e-05
GGCT,6.846840238473955e-05
CCNG2,6.838563098299891e-05
INHA,6.836721206881794e-05
PTCH2,6.836160197051435e-05
EPB41L3,6.833914641814406e-05
ACVRL1,6.828491109934426e-05
TM7SF2,6.827892215436896e-05
C7,6.825361833733354e-05
SULF1,6.823198189041749e-05
TIMM8B,6.819639536439526e-05
GP2,6.816938350422538e-05
GUCY1A3,6.805526342598907e-05
EIF3C,6.801318865820077e-05
CNTFR,6.80102163166706e-05
LIPA,6.794539690940603e-05
KPNA7,6.79418792824194e-05
PFKFB2,6.79325416035129e-05
NR1D2,6.791397361011574e-05
C8orf37,6.791229477773686e-05
TXNIP,6.789244593094723e-05
LRP12,6.789087675236497e-05
CRB1,6.78710565831609e-05
LENG8,6.786481506808885e-05
FUT9,6.7852667859371e-05
DTNA,6.784674318616002e-05
PTBP2,6.78181381973652e-05
DCAF10,6.780658284602815e-05
SOCS7,6.774836423369208e-05
NPFFR2,6.773177740403593e-05
ETFB,6.77293462199564e-05
SLC7A7,6.772288409295866e-05
BEST3,6.764076790898396e-05
PIWIL4,6.760823090858119e-05
PANK1,6.76019878649146e-05
HTR1B,6.757854533387521e-05
UNC5B,6.754912687456722e-05
OPRL1,6.74865222861379e-05
STX11,6.743445496737728e-05
LHB,6.738171793887946e-05
WLS,6.737790478595429e-05
CSPP1,6.724046986097611e-05
CD83,6.717997346327143e-05
CORO1A,6.717980462212052e-05
PDE4B,6.717042042841205e-05
PGD,6.716072284556188e-05
MDK,6.715682088586101e-05
DHRS3,6.715192524327191e-05
LAPTM5,6.713892864411955e-05
PRRG2,6.711699707004422e-05
CXCL16,6.71028485890674e-05
TNFSF4,6.709557140444112e-05
CYP4F2,6.708560929206495e-05
CCDC39,6.70300644181008e-05
PCGF5,6.69943607779331e-05
WDR35,6.695068240122787e-05
DSE,6.694841908452301e-05
LSM7,6.694622501299801e-05
TLL1,6.692713334194024e-05
TRIM63,6.691799926213563e-05
TNFRSF13B,6.69016337418226e-05
ORAI1,6.68915494506065e-05
FKBP1B,6.687118158933873e-05
MBTD1,6.68641454499092e-05
TSPAN33,6.686080068168895e-05
CD72,6.684704669928209e-05
STAG3,6.683119548007741e-05
SLC6A20,6.680458887029564e-05
H2AFY2,6.678749868234826e-05
ADRA2A,6.67859796412834e-05
FCRLA,6.673700056643509e-05
PODXL,6.673478194639994e-05
LRRN2,6.67219920239389e-05
GPIHBP1,6.672119397475518e-05
ST8SIA1,6.66970681645011e-05
CHCHD10,6.665674913211706e-05
CPT1C,6.665048969432947e-05
HLA-DOB,6.66292066012944e-05
TRMT1,6.658451220357077e-05
RHOD,6.655433836019377e-05
MSX2,6.655078280089456e-05
ANKRD9,6.652592194834666e-05
PISD,6.651248917607968e-05
PKN3,6.64922051712358e-05
FADS1,6.645534234252535e-05
P2RX1,6.638140359277246e-05
P2RX5,6.638140359277246e-05
HAMP,6.636501923206735e-05
EGR3,6.63249179547317e-05
BZRAP1,6.627512558371575e-05
SOCS5,6.626538068844205e-05
SERPINE2,6.624320242797466e-05
CHST2,6.622822649965398e-05
SERPINF2,6.622365475769879e-05
KLK6,6.621604922818937e-05
TMEM67,6.62149100343085e-05
ALG3,6.619271780850433e-05
NCR3,6.617472105832647e-05
ATP6V0A4,6.61445158193751e-05
BTLA,6.611770583502575e-05
SLC2A5,6.609063008963096e-05
EXOC2,6.608280253231389e-05
F12,6.605078739214386e-05
NCAPD3,6.60117227875273e-05
EIF5A2,6.592291617108642e-05
RTN4R,6.591657605397902e-05
ST6GALNAC1,6.589837821051401e-05
GDF3,6.587168990483792e-05
FOSL2,6.586780229321091e-05
ID4,6.586746581497035e-05
BAI3,6.586628347182636e-05
SLC39A8,6.582073244061574e-05
MFAP5,6.57923361722355e-05
COX4I2,6.577907183598572e-05
SIAH2,6.572678781552252e-05
GNPDA2,6.571498697772707e-05
RPS6KA5,6.570795345691334e-05
COX6B2,6.566172093703444e-05
LIN9,6.565465565311797e-05
EPB41L2,6.562924428898569e-05
CCDC40,6.56108912247808e-05
GABRE,6.561025247923955e-05
OSMR,6.56022951159341e-05
NEIL3,6.559619299428452e-05
KIRREL,6.55613406119171e-05
LCORL,6.555357864268524e-05
SIK1,6.551618268141157e-05
WNK4,6.545125551443854e-05
ST14,6.540610387418417e-05
GTF2H2,6.540098138200736e-05
WDR34,6.53883277615765e-05
RGS13,6.537735232997677e-05
DEGS2,6.533962437237385e-05
ATP6V1C1,6.531862280116067e-05
DRD4,6.530378793093055e-05
TAPBP,6.521151948571586e-05
AQP5,6.520744928542511e-05
PDE6G,6.518195513745319e-05
FAM178B,6.517411806777972e-05
TRIM21,6.516815976544807e-05
TFR2,6.515690702751703e-05
IFT140,6.505827882114026e-05
CKM,6.502891347932804e-05
FKBP2,6.498033418704035e-05
BCL2A1,6.497000206074518e-05
FBLN1,6.484850205768018e-05
ABCC2,6.481104935514925e-05
RXFP4,6.478850191534963e-05
NPR1,6.476145667531708e-05
TIMM10,6.473639684396673e-05
KRT16,6.468469014202288e-05
ABCD3,6.464891309197412e-05
LINGO1,6.459845373234429e-05
B4GALNT1,6.457206350104457e-05
TGFBR3,6.453216154452691e-05
GPNMB,6.451569290830026e-05
CDYL2,6.448421491882028e-05
OLIG1,6.443623953827633e-05
GFI1B,6.441943022208237e-05
SLURP1,6.440986629934403e-05
CENPT,6.44028076643036e-05
FLRT3,6.439039253201538e-05
WDR90,6.436804870210512e-05
RNF212,6.436093951253412e-05
LGALS12,6.432332539747803e-05
SERPING1,6.43099786727189e-05
COX7A2,6.427180371069703e-05
ABCG1,6.425475324604509e-05
LEFTY2,6.420080487101051e-05
KLB,6.418982537288316e-05
UTP23,6.418124397468854e-05
FAM196A,6.415828744514243e-05
EMID1,6.406947301771094e-05
KCNJ10,6.406567460186443e-05
EFCAB7,6.406147277874845e-05
FER,6.400630384194074e-05
SH3YL1,6.400087159631434e-05
UCHL3,6.398777316310336e-05
PDE8A,6.398724951394046e-05
PLA2G4C,6.3928085902484e-05
RLN1,6.390131275586885e-05
EIF3L,6.38996780397674e-05
AOC2,6.382201888322094e-05
PIGT,6.381373593028204e-05
MPG,6.379574535174739e-05
SGOL2,6.378385637609197e-05
DES,6.377737737552998e-05
RTKN,6.37705532810807e-05
DLX3,6.376966129338845e-05
ACP5,6.37438218234846e-05
CPLX3,6.368430843354903e-05
VDAC3,6.367645030965094e-05
HLA-DMA,6.365691430116764e-05
COX6A1,6.363628715455331e-05
AHNAK,6.361877025018117e-05
DGKE,6.360398243982598e-05
CALML6,6.360196081268553e-05
NKD1,6.354376367943127e-05
RRAGD,6.353157117464225e-05
SPRY1,6.350421341465335e-05
PMAIP1,6.342010427414233e-05
NME3,6.341689470054833e-05
SLC5A5,6.336040648197815e-05
PIWIL2,6.335885864401098e-05
SAT1,6.33532504278914e-05
S100A9,6.334889349732584e-05
SEC61A2,6.332778221988706e-05
PLA2G5,6.33115727429313e-05
PIGQ,6.329553681934977e-05
RGL1,6.329327302992066e-05
VPS28,6.327688951246791e-05
EAF2,6.320172941663703e-05
C1S,6.316277703181261e-05
GRB14,6.311745553301361e-05
CMTM6,6.307920280191747e-05
RPP25,6.303496843035069e-05
SOAT2,6.303159710005789e-05
ABCB1,6.296162413950377e-05
CARD9,6.290831924610218e-05
CXCL14,6.289552301321058e-05
GLRX,6.285369688888135e-05
COL16A1,6.278341732672098e-05
AGPAT6,6.272888079017502e-05
CYTH3,6.270723209891925e-05
ZCWPW2,6.269489297691207e-05
TRIM66,6.269489297691207e-05
SSR4,6.267413513331589e-05
KIAA1919,6.265520523432455e-05
ATP6V1C2,6.262890405139399e-05
MAEL,6.260042236966801e-05
NEGR1,6.259529471920464e-05
NAPB,6.255061489941326e-05
NUDT2,6.247119925016404e-05
CGN,6.24569612347863e-05
UQCRHL,6.244120955479289e-05
RIMS2,6.243036746852311e-05
NPEPPS,6.240976928241963e-05
ABCA7,6.239658022626119e-05
ICAM3,6.237638731610858e-05
ACADSB,6.236988489985651e-05
RSF1,6.232133111174028e-05
SPOPL,6.231556794730522e-05
HSD11B1L,6.231307031954614e-05
OAZ3,6.230614641648168e-05
FBXO32,6.225388191822793e-05
KLRB1,6.225313434281586e-05
PVRL3,6.2241100027608e-05
RPS6KA2,6.214976525268337e-05
SMPD3,6.213152293084417e-05
MOV10L1,6.212728269709763e-05
ST6GALNAC3,6.211048266340192e-05
ASIP,6.20889642941569e-05
SORL1,6.208537043084736e-05
SLC27A1,6.20682861829299e-05
MAGEA2,6.205365725572692e-05
DGKI,6.20151697070692e-05
CHST13,6.200844223608761e-05
NCALD,6.197385689374827e-05
NEIL1,6.196797895562964e-05
SCN3A,6.195821374317026e-05
ICT1,6.193825072317787e-05
PAICS,6.190044289089796e-05
PPARGC1B,6.183404163683133e-05
ATP6V1G2,6.183198516997212e-05
ATF7IP,6.182403062754486e-05
KLKB1,6.180373640170858e-05
COX7A1,6.180203119639332e-05
WDR19,6.180048305541228e-05
UPP2,6.174033638873108e-05
COL9A1,6.173761896822866e-05
GALNT8,6.17281368556342e-05
GALNT2,6.17281368556342e-05
GALNT4,6.17281368556342e-05
GALNT6,6.17281368556342e-05
TACR1,6.172425911726315e-05
ATP2B1,6.170252672575176e-05
GPRIN2,6.166889557939734e-05
TNKS2,6.165623289083373e-05
CD1E,6.164036986652652e-05
IFT81,6.162168548789369e-05
HS6ST2,6.161339753375247e-05
OTUD7A,6.16017593165601e-05
TAF9B,6.15811671958386e-05
RHOU,6.157987507567105e-05
BAG2,6.156269776943655e-05
NDUFB2,6.155997493189606e-05
PTCHD2,6.155692645572422e-05
RPP21,6.155249170369646e-05
MMP12,6.153380401151106e-05
TNFRSF18,6.152802788483197e-05
ZBTB17,6.152324893519276e-05
HOXA1,6.14982263514193e-05
HLA-DMB,6.149332944174022e-05
CD151,6.148621361620593e-05
NFIL3,6.148008645050119e-05
LSM2,6.147897658989424e-05
DGKG,6.142902421156844e-05
APOBEC3G,6.141953173920562e-05
RDH16,6.140416935025632e-05
SLIT1,6.139129808270612e-05
PSMC3IP,6.134071958583144e-05
ITPKB,6.13367186389534e-05
SLC36A4,6.120987129401577e-05
SLC26A9,6.120447133854024e-05
CHST3,6.120331572030812e-05
RASGRF2,6.117176173720967e-05
CLDN1,6.107427857628619e-05
ESRP1,6.106715244728231e-05
HDAC11,6.104075089576518e-05
CYFIP2,6.101733519175182e-05
IL20RA,6.0980754383430766e-05
KCNC4,6.0939628590322935e-05
CACNA1I,6.087769617427831e-05
QTRT1,6.08221056648224e-05
PI16,6.0819359848630164e-05
CLPB,6.0818717119395834e-05
LNX1,6.0804984617653024e-05
RSPH9,6.080310633679274e-05
CYTH2,6.079813901131764e-05
CDKN2B,6.07868284916427e-05
PPAT,6.0769529056412544e-05
CIDEC,6.0755167121121836e-05
IL1RN,6.0750354895052507e-05
TBCB,6.074050276304893e-05
ADORA2A,6.073414513221325e-05
IFT74,6.0711802031655995e-05
WWC2,6.0667706677513064e-05
INSIG1,6.065222335483623e-05
CFB,6.059290369591394e-05
PPP2R3B,6.057221348513559e-05
FAM83D,6.052934757652516e-05
CLDN4,6.0477808682817403e-05
GJB1,6.045745996389517e-05
DECR1,6.044930080906543e-05
ACSF3,6.0400573247285074e-05
CHST1,6.0399441937095455e-05
SLC25A6,6.038724013409177e-05
DYX1C1,6.0342699389280396e-05
CYP4F8,6.033321211774815e-05
CST9,6.030432635514318e-05
EVC2,6.0260982294335474e-05
CCRL2,6.025359881721168e-05
SVOPL,6.025110229502433e-05
ZP1,6.02416441859667e-05
GULP1,6.020849566274466e-05
RGS9BP,6.0188115849044036e-05
LSM4,6.0187600006338245e-05
ABCC8,6.016353664159552e-05
APOBEC3B,6.014447104070421e-05
CDK3,6.010879101917985e-05
ROM1,6.0107867420412685e-05
FAM92A1,6.009741114466521e-05
DEGS1,6.006812729016795e-05
NR2C2,6.006059112135421e-05
ZEB2,6.004879072178151e-05
A1BG,6.003376455061503e-05
GPR114,5.9985962138902515e-05
GPR113,5.9985962138902515e-05
C9orf72,5.998519925293721e-05
TNFRSF11B,5.997070149835186e-05
GRN,5.996059530789226e-05
CHST7,5.9944301206316854e-05
NQO1,5.993833652412692e-05
PTN,5.991088522023286e-05
ARG2,5.988663970211217e-05
B3GALT2,5.9876665502622297e-05
SLC26A5,5.9863273482313516e-05
SLC22A18,5.986224147384887e-05
GPCPD1,5.9831052044376374e-05
PROCR,5.978516562187361e-05
PEX16,5.977628060495772e-05
KCNE4,5.97710184841191e-05
TDRD9,5.976598231848373e-05
APOO,5.975066871410565e-05
KRT6B,5.971934049087231e-05
GRIP2,5.9711658838037225e-05
TDO2,5.967098936455828e-05
ELFN1,5.9648552442622676e-05
NNMT,5.9636445269523844e-05
FERMT2,5.961796154385766e-05
TNKS1BP1,5.961793804798536e-05
WBSCR17,5.9614009677522234e-05
VPS37B,5.961235613523455e-05
KIR3DL2,5.961183231980795e-05
GSTZ1,5.960401769525946e-05
S1PR3,5.956864252866129e-05
BCKDHB,5.954677208888757e-05
SGK2,5.9540017562625415e-05
CCKBR,5.952640852653427e-05
CDC14A,5.950395687377627e-05
GPT2,5.950109159902949e-05
NR1I3,5.9479323965679056e-05
PPP2R3A,5.9471788079467516e-05
PEX7,5.944093257472057e-05
PARVB,5.943310793363011e-05
MBTPS2,5.942347656630594e-05
FAAH,5.9396554861031245e-05
BOC,5.9381829673357014e-05
PCK2,5.9361549325707944e-05
ABCD1,5.9308970253127125e-05
ST6GALNAC4,5.928699698540076e-05
GUCY2C,5.92829525959013e-05
CEBPE,5.9249334073041726e-05
MTHFD2,5.924779384858166e-05
SSTR3,5.9202317185262816e-05
FFAR2,5.9158660873405715e-05
RSPH4A,5.914538440277475e-05
HOMER2,5.91010857925559e-05
NNT,5.90791511492163e-05
GBP1,5.904266244982032e-05
INO80E,5.899619887618657e-05
ENTPD6,5.896830368274213e-05
PGAP3,5.894981833640631e-05
GALNTL6,5.894817672091668e-05
GALNT12,5.894817672091668e-05
GALNT9,5.894817672091668e-05
GALNT5,5.894817672091668e-05
GALNT7,5.894817672091668e-05
GALNT10,5.894817672091668e-05
DGKA,5.885055542798459e-05
ABCB11,5.883199193259905e-05
SPRY3,5.882973924675823e-05
RSPH3,5.875532835733991e-05
SERPINB2,5.873467934188175e-05
NAPSA,5.872368283269329e-05
HSPB3,5.8713550667263285e-05
EIF2AK3,5.871218891096941e-05
MAGED1,5.869601062853026e-05
HEYL,5.868623210660535e-05
NRTN,5.867697404973118e-05
GOLGA4,5.867602996673717e-05
PPP2R2C,5.865611243096281e-05
MYO5C,5.864844206636211e-05
MTHFD1L,5.862102661354249e-05
CCDC65,5.86079769677532e-05
NDST3,5.856652185720349e-05
ITIH3,5.855618075458948e-05
DCAF4,5.852881220117643e-05
HMGB2,5.8469208198078154e-05
RPP40,5.844180172737729e-05
PLA2G2F,5.8436366231219166e-05
GALM,5.841842639550211e-05
RGS10,5.839426841061617e-05
BAI1,5.837727047541365e-05
HSPA6,5.837410054187625e-05
PLA2G3,5.837220625683963e-05
HS3ST3B1,5.837026081818584e-05
NCLN,5.836684783888241e-05
AMY2A,5.8293331559015255e-05
GZMH,5.826291518705706e-05
AFMID,5.8261946782419707e-05
ZNF446,5.825075365418085e-05
CD53,5.821942918658066e-05
STX10,5.819775987887947e-05
PDLIM7,5.815776434985236e-05
HMGCLL1,5.812856737524703e-05
CYBA,5.812790322242409e-05
HIRIP3,5.812044695842605e-05
ASAH1,5.805381385060823e-05
MMP15,5.8028491961801335e-05
ANKRD1,5.802749528630309e-05
FAM175A,5.8004938926204e-05
GYG2,5.798834812580923e-05
CHD1L,5.796676849769441e-05
SPG20,5.796675380318179e-05
MERTK,5.795152148140757e-05
OTOA,5.7949842621067854e-05
NFIX,5.7902149594182984e-05
RASGRP1,5.790001478867501e-05
SARDH,5.7893601236602405e-05
TNFRSF21,5.788578783307814e-05
NPY1R,5.78762930102681e-05
RUFY4,5.7784161605539844e-05
PNPLA7,5.776745639487358e-05
NHLH2,5.7725309747206515e-05
TXLNG,5.770645329930557e-05
GALT,5.7681731340119424e-05
DMC1,5.764828635855983e-05
C3orf58,5.764297549096792e-05
NBPF1,5.763997457085583e-05
RFX3,5.76210234463058e-05
ACADVL,5.760488197619286e-05
ITPKC,5.75990954477653e-05
CD226,5.7597227160241095e-05
OLFM1,5.759582065469047e-05
LRIT3,5.7585566278687406e-05
SERPINA4,5.758359510593428e-05
AGAP2,5.748586283680476e-05
CTRL,5.748568075864378e-05
ASAH2,5.745408681071008e-05
DPPA4,5.744102708124535e-05
SASS6,5.743252664626858e-05
FOXK1,5.7402542926301184e-05
ATP2B4,5.739459840122513e-05
PPP1R3B,5.7394432705599636e-05
HLA-DOA,5.7355787807028e-05
ATP6AP1,5.735551772504636e-05
SYNE2,5.7337453915981784e-05
IDO2,5.733334383254639e-05
MFSD3,5.73321737830626e-05
HABP4,5.7321202418762506e-05
PTGES,5.7319517372487e-05
PIP,5.718720671520276e-05
GALE,5.717333660431611e-05
CIT,5.7157907185944985e-05
AURKC,5.711835778526524e-05
KREMEN1,5.7112956879945544e-05
GCC2,5.7107961663124e-05
NMUR1,5.7107873197889714e-05
NMUR2,5.7107873197889714e-05
PREX1,5.7107311613404236e-05
PDE9A,5.710699174629196e-05
APBB1IP,5.70800676814487e-05
OPN3,5.7074106794647916e-05
COL14A1,5.706005673004383e-05
TRAK2,5.702678008958514e-05
SLC5A1,5.701178627105679e-05
GCNT7,5.697413395207502e-05
LRRC6,5.696128832255213e-05
B3GNTL1,5.694527725079288e-05
TMEM147,5.693987197560764e-05
NMNAT3,5.69088836855484e-05
DEPDC1B,5.6907801993726924e-05
HIPK2,5.6906357012449037e-05
QPRT,5.6901411286146704e-05
EBP,5.684986095818776e-05
BIRC7,5.684576527303659e-05
KCNJ15,5.682204007201312e-05
ZFYVE9,5.682033615215554e-05
PDE8B,5.681261163733078e-05
NKX3-1,5.679718619139063e-05
NPHP3,5.679518211145978e-05
ST8SIA2,5.6780946323292516e-05
DSC2,5.6731980920204475e-05
PAK1IP1,5.66908846505907e-05
CEP350,5.667348342434817e-05
WIPI1,5.666803853093732e-05
CCDC103,5.6592876130172036e-05
LENG9,5.6572645230529765e-05
ATP6V0B,5.6562087315118004e-05
RBKS,5.6540909535617744e-05
PDLIM4,5.6469589731331596e-05
MAGI1,5.644797808597137e-05
A4GNT,5.643844344298523e-05
ECSIT,5.643567833675913e-05
GDPD5,5.641249517145238e-05
DLL3,5.6408898363428304e-05
MAT1A,5.6405470155274514e-05
TXNL4A,5.639808670711205e-05
PKD1,5.637981354207527e-05
AIM2,5.637978876292146e-05
KRT14,5.6367023795182714e-05
NPR2,5.631422352269166e-05
CP,5.62881999682711e-05
BAALC,5.6269339856967126e-05
S100A14,5.6266374284235346e-05
LGALS8,5.625399860674759e-05
TUBG1,5.624787906205025e-05
FCN2,5.6226871421471996e-05
IFT46,5.620135432963291e-05
LEFTY1,5.6134878418072664e-05
GPRASP1,5.612822037348947e-05
CTPS2,5.612348415732004e-05
KHK,5.611918662554028e-05
SLIT3,5.6118129585276646e-05
GOLT1A,5.6093908410760907e-05
ACER2,5.607973943537764e-05
KDM4B,5.607670339860782e-05
FKBP10,5.600182482668057e-05
CASP5,5.5996777239917796e-05
N6AMT1,5.5922852348738184e-05
CITED1,5.59178199247246e-05
PARD6B,5.58998391956674e-05
SUN2,5.5875777873785034e-05
A4GALT,5.586878114875675e-05
TRPV3,5.585071385643719e-05
CHSY1,5.584834042051079e-05
GAS1,5.577421965090039e-05
HCN1,5.577290349684166e-05
PINX1,5.574650666215876e-05
RLN2,5.572479048383626e-05
CDKN2D,5.568859957984937e-05
BHLHE41,5.5682936657608564e-05
SRGAP1,5.5658292999488795e-05
YY2,5.564154043419702e-05
E2F7,5.562076836409133e-05
SDS,5.559643084105807e-05
TNFRSF25,5.559588823296671e-05
DNAL1,5.5591646293724515e-05
DNAH8,5.558321400699048e-05
ORM1,5.55636243034168e-05
HDC,5.553418573689581e-05
HOOK1,5.552315254563236e-05
SYT11,5.548709243827249e-05
WDR18,5.547160078649849e-05
CEP135,5.543736373606473e-05
DGKB,5.541201511916529e-05
GAN,5.5379163195992194e-05
STRN3,5.537765137962958e-05
INHBC,5.5308190136384996e-05
ST6GALNAC2,5.5303836388441594e-05
CTTNBP2,5.525671858866353e-05
CD244,5.52416488989984e-05
ADAM22,5.522158017760973e-05
SAMD9L,5.519447948548758e-05
PLOD3,5.5182951081036905e-05
SLC7A11,5.516098810382158e-05
KHDC1,5.515208389293821e-05
CD48,5.511844377971441e-05
PDE7B,5.510486047106308e-05
LMNB2,5.5066164702399706e-05
LIN37,5.505202304735066e-05
SPRED3,5.504666090310381e-05
TPSAB1,5.5033666397050734e-05
RAB4B,5.502999312841981e-05
ROR1,5.4993818059862215e-05
HIST1H1C,5.496109799017193e-05
JMJD7-PLA2G4B,5.493141155033737e-05
FOLH1,5.492608670961449e-05
DKK3,5.489189007104159e-05
SLA2,5.488461712405905e-05
EVC,5.4878278938118465e-05
ASPN,5.487060546999069e-05
HS3ST6,5.484477330049049e-05
DCHS2,5.4824766954734987e-05
DCHS1,5.4824766954734987e-05
CNGB3,5.4823224073639086e-05
GPD1L,5.4814669598388395e-05
TSC22D3,5.4793407583403106e-05
PCSK6,5.474361175471324e-05
MASP2,5.4741387695268735e-05
TDRD12,5.46940453269457e-05
TTC8,5.467721119723747e-05
GRASP,5.463219958670994e-05
WTIP,5.459923437815084e-05
PRMT6,5.458105784138196e-05
AES,5.457691833936551e-05
EPN3,5.453777214677573e-05
IL17C,5.4482757150153804e-05
COMMD5,5.44779722440041e-05
PFKFB3,5.447579085348627e-05
SSTR2,5.4426962347679305e-05
DGKH,5.4413081631108607e-05
APOBEC3C,5.439793295111111e-05
SPINT2,5.438698900354325e-05
FBLN5,5.4377297158001234e-05
SGPP2,5.437406945629283e-05
TELO2,5.4370224153902264e-05
PIGL,5.435834134533772e-05
PFDN2,5.4330570298049924e-05
MCCC2,5.43283628405579e-05
F5,5.4316456705081346e-05
HS3ST3A1,5.427899260997681e-05
CHST15,5.426827613698709e-05
HEXIM1,5.420120971376355e-05
PACSIN2,5.420002992896713e-05
SDSL,5.419935124222884e-05
HERC6,5.416380288042388e-05
CACNA2D3,5.415203093461158e-05
TNFSF14,5.410322542433808e-05
TMEM141,5.4080289811889e-05
KANK1,5.4076909946133026e-05
LOXL2,5.403887845557585e-05
HABP2,5.4024670852180755e-05
KLHL13,5.397108640085973e-05
SELM,5.396867039673047e-05
ZNF219,5.3967499254891863e-05
ARHGAP11B,5.387363594697533e-05
PEX26,5.379780927748675e-05
TTC30B,5.379015690182449e-05
HORMAD1,5.3765397405485463e-05
PARP14,5.3748120966487865e-05
LPPR3,5.368984460129973e-05
CKB,5.3674234626681136e-05
FGL2,5.362167190626224e-05
KCNC3,5.361123052185085e-05
MTMR10,5.361043946738294e-05
PM20D1,5.35619714158298e-05
TCF19,5.353607001334708e-05
COLEC11,5.3521490094087686e-05
DYNLRB1,5.346066385881412e-05
HUNK,5.3452932961380286e-05
KYNU,5.344468059217981e-05
PNMA6A,5.344117004580527e-05
GREM2,5.343078086526182e-05
FAH,5.341811913735933e-05
SYNE1,5.340554708523843e-05
ICAM2,5.3385722513052274e-05
GIPR,5.337130317513232e-05
SPR,5.3331928556225645e-05
KCNE1L,5.331982322998183e-05
AMY2B,5.331259539400294e-05
DLX1,5.322101148200902e-05
MST4,5.3220689006114074e-05
MYOT,5.3201552167066066e-05
PVRL1,5.319919723501393e-05
OTUD7B,5.319450612289774e-05
HSD17B10,5.315694090217992e-05
GAS8,5.31479912782082e-05
AGPS,5.3143264847342255e-05
CABLES1,5.3139103664785923e-05
INHBE,5.313758000602646e-05
CLDN2,5.313526795942651e-05
C3AR1,5.311676939823672e-05
DLX5,5.3087711260618363e-05
GALNT14,5.307902241209602e-05
KCNT1,5.304521702722362e-05
ACHE,5.2993046080917e-05
RAB27B,5.299079659644854e-05
IL9R,5.2982902860246e-05
SCAF1,5.292682835777794e-05
MEST,5.282470519099705e-05
LTB,5.2818972934874574e-05
KLK1,5.279484832669571e-05
PHPT1,5.2767962184871524e-05
DTX4,5.2763304064814576e-05
TBX19,5.275036891420393e-05
PCBD1,5.273204074502284e-05
BACH1,5.271369316839267e-05
MLC1,5.27112297740661e-05
ACER1,5.267573704149175e-05
ZNF423,5.267484318401417e-05
SERPINA12,5.2632543473241576e-05
FNTA,5.2631770695019425e-05
TRIM5,5.263162075392272e-05
SAR1B,5.262967096979904e-05
ABCB4,5.262669566045557e-05
NAT8L,5.262248505153368e-05
EDEM1,5.260689198305454e-05
NAIP,5.259968524615519e-05
HSPB11,5.259312100055391e-05
SECTM1,5.2567079447152626e-05
UBR1,5.256277555413727e-05
NADSYN1,5.254619896801925e-05
SGPP1,5.252667284062216e-05
ARFGAP3,5.251784402406622e-05
SHPRH,5.248667401057608e-05
PVR,5.245770109245227e-05
PTPN7,5.244123431795823e-05
ANO5,5.2392505565334784e-05
CCNG1,5.238291390383998e-05
TIGIT,5.235252674151718e-05
KCTD13,5.2297587733540754e-05
UNC119,5.224996177006093e-05
DIO3,5.223862718817681e-05
FAT2,5.222779701532905e-05
UBE2E2,5.2219892778606586e-05
ABCD2,5.221591602766416e-05
SLC41A1,5.220309620643266e-05
PRKX,5.218229702311422e-05
KSR2,5.210272385440956e-05
LY86,5.209106788973067e-05
RPA4,5.20363631875257e-05
PHEX,5.202112768080426e-05
CHAC1,5.198502273967571e-05
DEFB1,5.196379368364126e-05
RFXANK,5.196317402323405e-05
KCNJ9,5.196284989597137e-05
HOXA10,5.194833667840564e-05
GCNT2,5.19478896168104e-05
AQP11,5.1895418032749154e-05
APOBEC3A,5.18393722521432e-05
PDE7A,5.183695735461079e-05
ZMYND10,5.183391664839723e-05
NDN,5.181376025963754e-05
SESN1,5.177706122408191e-05
KCNJ12,5.176508810174128e-05
PARP12,5.175853997491287e-05
HSPB2,5.172355129655403e-05
RIN1,5.167294842730009e-05
KLC2,5.1664489174549926e-05
XCL2,5.164145347865643e-05
PRDX2,5.163049740710427e-05
NEFM,5.161973908024779e-05
CSGALNACT1,5.1604879761794755e-05
ZNF367,5.1569716442586274e-05
MAGOH,5.154914045594277e-05
AICDA,5.153217364531428e-05
SMYD3,5.15137457683471e-05
AP1M2,5.1512836523483815e-05
MBD5,5.14849532968842e-05
CCNO,5.1405239620456696e-05
MSRA,5.13893324191366e-05
CRABP2,5.138613169702501e-05
PCSK2,5.1374352234689095e-05
VPS37D,5.136117582837299e-05
YEATS2,5.130731283527663e-05
DDX43,5.128206788434239e-05
APBA2,5.125622212218635e-05
RASGRP3,5.119802292403868e-05
SLA,5.119297522024925e-05
PTDSS2,5.1175683607945686e-05
IL13RA2,5.112645210580133e-05
CRMP1,5.1125789824270144e-05
SLC8A2,5.109105373857622e-05
KCTD15,5.1072743663437466e-05
KLHL2,5.1059886527126015e-05
ARHGAP10,5.1055975382856255e-05
TNFRSF12A,5.10536556972336e-05
TMEM231,5.1048459041229205e-05
USP13,5.10052846656948e-05
COPE,5.100259879274443e-05
PPP1R3C,5.0998432513642016e-05
MYBPH,5.09968994499529e-05
P2RX2,5.0989533586717456e-05
PLXNC1,5.097881684491021e-05
PMCH,5.0975979349035956e-05
USMG5,5.096721702667992e-05
CTSC,5.0943152700249956e-05
C1R,5.091242911000947e-05
PFKFB1,5.088169732670721e-05
GSDMD,5.087693381435522e-05
HSPA13,5.085768692150594e-05
FSTL5,5.081928353181457e-05
RGL2,5.080653981844703e-05
PTPRG,5.080320075444398e-05
MARCH9,5.079911801555751e-05
RIMBP2,5.078167441125973e-05
ANKS6,5.077555084642154e-05
DYRK2,5.076196072123203e-05
HS3ST2,5.0758677992903096e-05
UBXN2B,5.0735542514284576e-05
GPAT2,5.072394326112648e-05
ARTN,5.070113766663995e-05
GJA3,5.067282754523869e-05
MPZ,5.06173378515119e-05
TNIP2,5.057550716462146e-05
BACH2,5.0572413867098087e-05
PPP1R14A,5.056942077919183e-05
CLDN14,5.056365216328399e-05
IL1R2,5.048687486748746e-05
KCNJ14,5.0474534155122963e-05
CSE1L,5.0470921955367535e-05
GDF6,5.047033120942629e-05
PDE4C,5.0408392296036045e-05
PAK6,5.0403616107304895e-05
TAF1L,5.037455096213927e-05
PKD1L2,5.033187150909781e-05
SH2D1A,5.032313843099067e-05
APLN,5.030122563065456e-05
PPAP2A,5.029384893500183e-05
CHCHD5,5.0255652124526714e-05
LFNG,5.0249784986852714e-05
KEL,5.0234363350034326e-05
RCSD1,5.0233955911173546e-05
CCL28,5.021037065302368e-05
CC2D2A,5.017621867839628e-05
CEACAM1,5.016654892999775e-05
SKIL,5.015627973085725e-05
TRIM58,5.0066431210627506e-05
CD177,5.0057593741427286e-05
B3GNT8,5.004542191919171e-05
B3GNT9,5.004542191919171e-05
CCDC14,5.004043501216457e-05
PPAN,5.003716420548762e-05
IL20RB,5.0036680981790644e-05
KLHL9,5.0028517112922045e-05
CMTM2,5.000959778288182e-05
PAPPA,5.000556042059445e-05
SLC47A1,4.999631097008969e-05
OPLAH,4.994063488989061e-05
MAGED2,4.9933971230327666e-05
ORM2,4.990625384595126e-05
TET3,4.989219178056495e-05
TLR6,4.9889327455630885e-05
LGALS1,4.983605684584334e-05
PTPN4,4.982789351955342e-05
TCHHL1,4.9815169009132796e-05
SEC23B,4.980827972343394e-05
OXTR,4.979645260515805e-05
PPP4C,4.978494056679189e-05
BIN2,4.977719732473014e-05
EN2,4.975854791750352e-05
PRSS12,4.9740604329037064e-05
PPP1R14C,4.96634328358417e-05
CLCN1,4.9648173939406826e-05
TAX1BP3,4.959736388810295e-05
BMP8B,4.958596093104866e-05
IRX1,4.955544317457313e-05
LIN52,4.955222374503602e-05
KCNG3,4.955036855173628e-05
POLI,4.953624972583122e-05
GPLD1,4.9471639178171486e-05
APOBEC3H,4.941182530932192e-05
HSPA12A,4.9402327695500054e-05
CCT6B,4.940133883520841e-05
PTDSS1,4.93852849083669e-05
MRPL41,4.9349324599377506e-05
FABP3,4.934734483221239e-05
UBR2,4.933005272418718e-05
EXOSC5,4.9305499640523186e-05
TYMP,4.9299208418789073e-05
TNFSF13,4.928167497772634e-05
MPST,4.92609213827719e-05
SRRM4,4.9251789027956205e-05
ASAP2,4.9245528323293304e-05
HSD3B7,4.924220654039245e-05
SERPINA10,4.922350088874251e-05
RBP5,4.9191179536734326e-05
POU2F2,4.915169604358525e-05
NAT1,4.914769253215095e-05
NDUFB1,4.914211618072013e-05
SPAG9,4.9138983227868815e-05
PCDH19,4.913533856034742e-05
INSM2,4.913060534470126e-05
SV2B,4.910985023564227e-05
AHCYL2,4.9104946749460834e-05
PMVK,4.905190398262895e-05
GLB1L2,4.9033187846391304e-05
DNAJC3,4.902602574752712e-05
ATP6V1E2,4.899102822875068e-05
GCA,4.890253149060418e-05
APLP2,4.888131717453599e-05
PTPRR,4.886571784337023e-05
TSSK6,4.885581722810929e-05
CRHBP,4.8851409592722515e-05
LRRC2,4.880543322865727e-05
FDXR,4.879336676839549e-05
MIP,4.8755598956659244e-05
SEPW1,4.875291892026593e-05
GDPD3,4.87318137903364e-05
PPP1R12C,4.8660590590832056e-05
HGD,4.8653658252737985e-05
P2RY1,4.865178499189877e-05
NCS1,4.8641670957958685e-05
NDRG4,4.863784700731112e-05
S1PR2,4.858160806810982e-05
ZMAT5,4.8578604627315786e-05
CTSF,4.85535844544431e-05
CCDC47,4.851630217706975e-05
SUPT3H,4.850454028962999e-05
FBXL3,4.848795816103916e-05
SGMS2,4.846409000762344e-05
TMPRSS4,4.8456034759265986e-05
PLSCR1,4.843447864605038e-05
CLPP,4.8410069101822516e-05
CRIP1,4.838017925962101e-05
TMEM26,4.837876071391166e-05
AQP8,4.8367782982162294e-05
CD55,4.834441334813645e-05
PGM2L1,4.8297714875581144e-05
DSN1,4.824387011543338e-05
GNE,4.823396137744313e-05
LZTFL1,4.821958310924835e-05
CDH3,4.8167486449359406e-05
CASQ1,4.815202899123214e-05
TOB1,4.8142753476352316e-05
NSMCE2,4.812136988917202e-05
PIK3AP1,4.811102910618741e-05
C11orf31,4.810357021007147e-05
SLC20A2,4.802748334006481e-05
FBXL7,4.7999594027195264e-05
HSD11B2,4.7997554397691025e-05
PTGDR,4.799293305481069e-05
SIK3,4.7987862816468385e-05
S100A6,4.798157875619293e-05
KCNC2,4.796204965103441e-05
SAT2,4.794409843077167e-05
PRDX4,4.786465233210465e-05
IFT27,4.7850017377521586e-05
B3GNT1,4.783812072784841e-05
GAS2,4.78033670176698e-05
KCTD19,4.7793999785995544e-05
MAPRE2,4.76577438854136e-05
HTR7,4.7645068404418416e-05
SLC5A4,4.7635987038139665e-05
MIB2,4.762253418022469e-05
PRR5,4.761562864026022e-05
NXF5,4.7611760934796546e-05
CDO1,4.7603475832447715e-05
CHPF,4.757076190294997e-05
CALCOCO2,4.756792713375185e-05
WASF3,4.756603737809035e-05
AKAP12,4.7516157022051e-05
MATN3,4.751521032655467e-05
AGPAT9,4.750232174726235e-05
UBL5,4.746971405488468e-05
MRPS34,4.7382782865743574e-05
DCLK1,4.735004417779715e-05
CNKSR1,4.7348739442328665e-05
VASN,4.7339314756699256e-05
SVOP,4.7332651099204994e-05
LMAN2,4.728706666496271e-05
SLC25A20,4.7286215922351296e-05
LTC4S,4.7277507662054235e-05
PGAP1,4.723772181992237e-05
DTNB,4.721239052606342e-05
LOXL1,4.7190117815639115e-05
VSIG4,4.717492183463716e-05
TK2,4.717255364332145e-05
PRCP,4.715366633691312e-05
DOCK8,4.709624244761098e-05
GPR124,4.708658185971237e-05
CHSY3,4.7071889988606856e-05
PXMP4,4.706695516426128e-05
UNC5A,4.7066648497455476e-05
SLC25A4,4.705087196259986e-05
AZU1,4.7047037394360746e-05
STK38L,4.704028104525795e-05
PSMG1,4.703987276399186e-05
ZIC3,4.703613159632558e-05
SEZ6L2,4.702358678658184e-05
BTAF1,4.702161327400227e-05
OGDHL,4.701208726575782e-05
MCCC1,4.697790772516928e-05
NVL,4.6970879113819494e-05
ALDH5A1,4.6921233643707267e-05
ZNF274,4.686772557417755e-05
LRRC4B,4.685868893048072e-05
TNIK,4.682165527335132e-05
MRGPRF,4.677219932190759e-05
OMG,4.6747635822889176e-05
LUC7L,4.671837433786308e-05
SOX18,4.670598185889976e-05
BNIP3L,4.6691025680289754e-05
ATOX1,4.66876468469801e-05
LILRB3,4.668573409352593e-05
HMBS,4.667748800633849e-05
PTPN21,4.667250411292405e-05
EHD2,4.664770565035014e-05
NLRP1,4.664748838907904e-05
NAALADL2,4.664039192450252e-05
COL27A1,4.6638789401257425e-05
MT2A,4.6638301758182775e-05
SPINK2,4.66232384682097e-05
PIGN,4.656481035738971e-05
FRZB,4.6563395532655566e-05
CEP152,4.6539382050996595e-05
PLA2G4D,4.648974511233586e-05
CNTN4,4.6467299317107484e-05
PHLPP1,4.6463328107000586e-05
DCUN1D1,4.646263953226597e-05
RSPRY1,4.6423056059085846e-05
OAT,4.641152213283633e-05
CNNM2,4.637585556746344e-05
IQGAP3,4.63612497836507e-05
BEX2,4.635784843545567e-05
DUOX2,4.6356382935841356e-05
ARSA,4.635328646851155e-05
PHIP,4.6332929882296526e-05
CPD,4.630723636540327e-05
MBIP,4.6302649491249294e-05
GYPC,4.6266865573848965e-05
UROC1,4.625386132677324e-05
TIMM44,4.625197549011276e-05
INSC,4.6249954629554914e-05
HSPB7,4.6242834861618885e-05
TNR,4.624058294531242e-05
RNF139,4.620462433741526e-05
KIF1A,4.616015597895891e-05
MYH15,4.6136249988591785e-05
PFN2,4.613340439600906e-05
EPM2A,4.611728998567933e-05
GFRA2,4.610836501324284e-05
TEX9,4.605430937591068e-05
INPP5J,4.602280163822069e-05
TNXB,4.600421471275618e-05
SLC5A12,4.6001931087649054e-05
FKBP14,4.599425019090121e-05
DMGDH,4.5980771499694015e-05
SH3RF1,4.598014601950617e-05
ULK2,4.5869572012043605e-05
LY75,4.5850336185585565e-05
YBX2,4.583345212688551e-05
DZIP1L,4.5804115707217954e-05
ERGIC1,4.5784454760188187e-05
SRM,4.577542533354993e-05
SLC38A1,4.571613499132292e-05
LPPR2,4.568780194698473e-05
SLC13A2,4.560323679589308e-05
SOAT1,4.557709601605162e-05
FIGNL1,4.556130972929438e-05
MYO1F,4.553115642969145e-05
MTHFD2L,4.552591383124964e-05
CLDN8,4.5506788597307173e-05
CYP46A1,4.550213065126275e-05
WDR24,4.548278083080599e-05
MRPL54,4.5480702428988156e-05
SYTL3,4.54755695786356e-05
MMP17,4.546577643335044e-05
GMDS,4.545131895968749e-05
AKAP11,4.541507015692571e-05
TNFRSF11A,4.539287726412586e-05
MEX3D,4.5336248467597985e-05
RAB40AL,4.53234826812775e-05
FIBCD1,4.5312476531597184e-05
PLEKHG3,4.5311841474380444e-05
SRPX2,4.5290901332722585e-05
EDARADD,4.527557721992825e-05
TSPO,4.524734619924031e-05
RORB,4.523479603214053e-05
RIMKLB,4.5208581123897204e-05
RAB25,4.5203263766836884e-05
APLNR,4.519539555437004e-05
PTX3,4.5189654976185705e-05
CNN1,4.5185332887108194e-05
PROZ,4.518242574302675e-05
CERK,4.508508183891323e-05
PRKCH,4.508307954829646e-05
ROMO1,4.502626576945135e-05
MAB21L2,4.497382505830563e-05
MPEG1,4.496795853105891e-05
HDDC3,4.491796199627362e-05
SOD3,4.491106953450561e-05
COMMD4,4.4874087220095036e-05
TSSK3,4.487019887955797e-05
TSSK1B,4.487019887955797e-05
NFIA,4.485044327989284e-05
SPATA13,4.483746240198912e-05
CCL15,4.482553928351984e-05
TSSC4,4.477740218793419e-05
PHKB,4.476102138494469e-05
PDIA6,4.4748072138392366e-05
MNDA,4.467378884054366e-05
SULT1A2,4.466953720115422e-05
EDEM3,4.4667497129376955e-05
STXBP5L,4.466278323911825e-05
TCTEX1D2,4.465162597314323e-05
MICA,4.463612298901961e-05
CNGA4,4.46097741749269e-05
TRAPPC5,4.45891798815553e-05
ERC2,4.4568454972394216e-05
NEFH,4.456079228756469e-05
TTC30A,4.45605401088123e-05
TBCE,4.455682886182993e-05
B4GALNT4,4.4550608585794564e-05
OVGP1,4.454092354424791e-05
MSL1,4.4526381547696283e-05
AGTRAP,4.451235663275991e-05
HHIP,4.450551145164732e-05
HSPA12B,4.4503232051801755e-05
TTC26,4.445473578150458e-05
MYO1A,4.439178989967076e-05
SNRNP35,4.436346555550535e-05
SLC7A9,4.428068972612723e-05
NAA10,4.427211452054063e-05
PLA2G2D,4.425603875497065e-05
NALCN,4.420422938985363e-05
PARP9,4.4148239325521774e-05
GRIK3,4.414785788108423e-05
SPIN3,4.4109379519132125e-05
NCKAP1L,4.410683709807673e-05
SUMO4,4.409072745380302e-05
PCOLCE2,4.407201504204427e-05
SLC26A3,4.4036735235296083e-05
DNAH2,4.402031961376197e-05
B9D2,4.4009115313443796e-05
NKG7,4.399102498129692e-05
CDH15,4.397335716163261e-05
SIGLEC1,4.39430769813221e-05
ARMC4,4.39380277656165e-05
LMOD1,4.393414004628488e-05
IL18R1,4.3920784187489866e-05
AURKAIP1,4.390405452504777e-05
CNTN5,4.3876938028424526e-05
LLGL2,4.3853416172824604e-05
TMED7,4.384352612317918e-05
ADAM15,4.3842773202390255e-05
SNRNP25,4.3830239528157656e-05
LRRTM2,4.381817380654332e-05
APOBEC2,4.3776928360055384e-05
ESRRG,4.3752902093052605e-05
ARF5,4.3741161669923536e-05
CHKA,4.37065890781557e-05
ATP11C,4.3705706480219245e-05
KLF2,4.3687537103981974e-05
TIE1,4.36375741555949e-05
CAPN3,4.36004845528217e-05
LCOR,4.35880884179675e-05
AKAP10,4.357300106042802e-05
RAB6B,4.3571101053381165e-05
SMCR8,4.35695215083389e-05
KREMEN2,4.354840145832445e-05
KCNK3,4.352828384774165e-05
RSPH1,4.352572065876182e-05
PRPH2,4.351793896836038e-05
ACR,4.351068984792516e-05
SOX6,4.34931156039493e-05
GPD1,4.348164108224857e-05
NFKBIZ,4.342902386594397e-05
SSH3,4.340385435102363e-05
NEDD9,4.3382480325824476e-05
PCDH7,4.336121276028576e-05
AQP9,4.3337949659226666e-05
ACAD8,4.3290627068331506e-05
GAA,4.326158471307019e-05
LTB4R2,4.3260581814471895e-05
KIF1C,4.325449484002333e-05
ARRDC3,4.324493755532244e-05
CARD14,4.3241511342953116e-05
SLC26A2,4.3228550713700716e-05
GPAA1,4.319412786551541e-05
STEAP3,4.318721618375713e-05
BHMT2,4.317593346747651e-05
BDKRB1,4.31576257140601e-05
CCL26,4.315700640780827e-05
RD3,4.312527684099261e-05
INSRR,4.311853461002882e-05
TRAK1,4.311818858407726e-05
UNC80,4.3094637303638205e-05
CCDC151,4.308664310186033e-05
ATP7A,4.303649422130226e-05
CALCB,4.3031752170155664e-05
SLC5A2,4.303118489346912e-05
SSTR1,4.302557907485227e-05
TCTN1,4.301616949664035e-05
NXN,4.299093532547049e-05
WIPF3,4.2990639608055376e-05
FAM110B,4.297881992051584e-05
PSPN,4.2975523862396056e-05
BCAT1,4.29545074069165e-05
GZMK,4.2914664609708985e-05
EPS8L2,4.29016172389709e-05
NOL12,4.2870906659286244e-05
BMX,4.2866660752610015e-05
AP3M2,4.284909884418716e-05
ZDHHC15,4.283831659574705e-05
AMD1,4.2820838710735547e-05
TREM1,4.281443522659839e-05
LPPR4,4.281006339057405e-05
HOXC9,4.2748162262271e-05
TFDP3,4.2688207324393895e-05
LMOD2,4.2677584718134105e-05
TDRD1,4.266773083699323e-05
BMPER,4.2656895420632985e-05
GCKR,4.263794807148371e-05
UBE2W,4.2624488927831825e-05
ALDH1L2,4.2605028605673903e-05
BICD1,4.258346906631357e-05
HECTD1,4.2574435964045344e-05
ATXN1,4.256250764754441e-05
KCNIP4,4.2545756773328336e-05
KBTBD8,4.2510849293890645e-05
B4GALNT3,4.25052780152706e-05
CTSE,4.2483347404288774e-05
TES,4.247057549618286e-05
CAPNS2,4.246185810286025e-05
FAIM2,4.2461131716159103e-05
DST,4.243619000977524e-05
UNC5C,4.243253171216614e-05
PIGP,4.242628097949078e-05
EN1,4.242502163757107e-05
FGFRL1,4.2413756457188266e-05
SLC46A2,4.240577539982731e-05
RAB32,4.2386432752078066e-05
KCTD17,4.236666437697934e-05
HTRA3,4.2349176727953395e-05
TIMD4,4.234612708224714e-05
DNAJA4,4.2335107638545985e-05
COL6A6,4.231878665770674e-05
NXT2,4.230087423006062e-05
IL27,4.224242062624404e-05
B9D1,4.221255870237071e-05
POTEF,4.221058978272564e-05
AQP1,4.219118248168004e-05
NUMBL,4.213966798377386e-05
PPAN-P2RY11,4.2121515343088995e-05
UBXN8,4.211402818268637e-05
TBX22,4.2094769007813754e-05
RAB23,4.204730066832985e-05
NAV1,4.2042447105806576e-05
DBF4B,4.203985300965464e-05
HAUS6,4.202674842468193e-05
GPR161,4.201806020850932e-05
KLRC4,4.198351980352886e-05
ETNK2,4.19816959658617e-05
LIMK2,4.195865017917667e-05
GPSM1,4.193527486814448e-05
SYT7,4.190020827365876e-05
DONSON,4.1885351709979855e-05
ACTR3C,4.186198158535794e-05
TSPAN8,4.180351951241736e-05
MYO18B,4.179510345877288e-05
SOX4,4.179366378289263e-05
XPNPEP2,4.1789288046874705e-05
CTSO,4.178370407318538e-05
FERMT3,4.174583445686623e-05
WDR4,4.173225583531568e-05
NAGS,4.172920892075338e-05
NPEPL1,4.172888135154723e-05
ADRA2C,4.1691206794351924e-05
FFAR3,4.1689050397071824e-05
MAGI3,4.167161888336754e-05
S1PR4,4.1658837717963235e-05
RND3,4.1642201868940094e-05
UGT3A1,4.160553639356357e-05
UGT3A2,4.160553639356357e-05
EBI3,4.15992877077357e-05
SH3BP5,4.1594005478423144e-05
C2CD2,4.1591743640835944e-05
ETV2,4.157729635031539e-05
DDX11,4.157606930930969e-05
CHAC2,4.1546728745518484e-05
TNN,4.152848159609349e-05
RNASE1,4.149413202287893e-05
APOBEC3F,4.149332067107847e-05
SBNO1,4.147121586908492e-05
WFIKKN1,4.142425877582773e-05
PTPRE,4.137895797362497e-05
GPHA2,4.137428620275885e-05
TCEA2,4.137269222384653e-05
CASP4,4.136648036652443e-05
TWIST2,4.1359750678140534e-05
BNIP3,4.134560929077399e-05
UCN2,4.132387381487096e-05
PXMP2,4.123194111680307e-05
DNAJB5,4.121038819325945e-05
NTN4,4.1185319776299786e-05
JPH2,4.1177061183927515e-05
TGFBI,4.117077732011388e-05
UBE2E3,4.1165646428453324e-05
PTGES2,4.112874936643472e-05
LITAF,4.111109103957229e-05
GATA5,4.110008306904318e-05
TNK2,4.1095938754545316e-05
PCSK1,4.109179051178573e-05
CHKB,4.100575507084564e-05
S100A13,4.10006968199079e-05
DNAH11,4.098642106697078e-05
PSTPIP2,4.0982452884902955e-05
MFSD4,4.096428634360772e-05
IGHMBP2,4.095465800749273e-05
ZNF436,4.094651437192762e-05
DNAJB13,4.0934191865351126e-05
SLC2A14,4.089086959710741e-05
KLC3,4.087166889568101e-05
SCGB3A2,4.0865700518115414e-05
KRT6A,4.084800483824125e-05
PPP4R4,4.083621922669332e-05
ATP7B,4.082424893745256e-05
COMMD3,4.0823094172172005e-05
DGKD,4.082093604378643e-05
UNC13D,4.081303848438974e-05
FUT7,4.07992103910733e-05
SLAMF9,4.078570786064857e-05
UNC93A,4.075774874824834e-05
TMPO,4.0693326422710596e-05
EDA2R,4.067954849568293e-05
GPA33,4.067537349988526e-05
IRX6,4.0666368760682526e-05
PCBP4,4.065333992045225e-05
OPHN1,4.0608154215936985e-05
CLDN11,4.057343574909472e-05
TXK,4.055702713943314e-05
FAP,4.0547079405662394e-05
GJA5,4.0546260431893656e-05
CHST6,4.0513804034081315e-05
SNX20,4.048996450786669e-05
SIK2,4.0489662146823975e-05
COL8A1,4.048830673626553e-05
AQP3,4.047603774612541e-05
BCL2L14,4.0455976663725064e-05
MMP11,4.045293791712838e-05
PIR,4.0450566561702596e-05
PTP4A2,4.041450406319718e-05
TMEM17,4.0397013626817454e-05
MRPL45,4.039484108834675e-05
LPHN3,4.03844746455301e-05
KLHL21,4.0362029573706816e-05
SKAP1,4.0349731968394916e-05
TMOD2,4.0345989495181044e-05
LOXL4,4.0339737989136464e-05
LOXL3,4.0339737989136464e-05
CHDH,4.032015944062093e-05
ORMDL3,4.0318819698292596e-05
KLHL24,4.0316428771302634e-05
NUDT5,4.027058155845283e-05
DUSP6,4.026995730482124e-05
CBLN1,4.0239581279703433e-05
PHF20L1,4.023953276162559e-05
PSAT1,4.023442252296369e-05
MRPL55,4.022776253014337e-05
NPM3,4.020243704227455e-05
SNCAIP,4.019749176163042e-05
ATP2B2,4.016611301365007e-05
RAB40B,4.0140599832993604e-05
SPSB1,4.011991409545472e-05
MRPL53,4.011656326327313e-05
MYLK3,4.011421095950677e-05
OBP2A,4.008946847362894e-05
RPS6KA4,4.008643710569937e-05
SBF2,4.007802802733773e-05
GGN,4.0056950650285194e-05
FBN2,4.0042281719436544e-05
GNLY,4.0039809080482936e-05
NOXA1,3.999186463564563e-05
RNPC3,3.999130502105776e-05
FKBP8,3.9954418926827755e-05
PARP3,3.995267825603798e-05
WIPF2,3.9945632833184114e-05
POU5F1B,3.993610454489211e-05
LANCL3,3.99358702299199e-05
INTS2,3.990378499256479e-05
ANXA8,3.988705148801766e-05
KPTN,3.985230687621815e-05
C12orf66,3.9852306876218146e-05
GATSL3,3.9852306876218146e-05
NID2,3.9851328924650885e-05
PRPS2,3.985018333460616e-05
GFPT1,3.984819071788431e-05
ANKRD40,3.9817373738762935e-05
RASA2,3.9803164728809584e-05
HAAO,3.9785906172853374e-05
TFF2,3.978080706101205e-05
BEX1,3.977875163020384e-05
DOK6,3.976711618103068e-05
TBC1D4,3.9704968579980074e-05
RAPGEF6,3.9694118456793436e-05
TNFSF9,3.968474586935143e-05
CAB39L,3.967536189518807e-05
DUOX1,3.9664661306451363e-05
PHF19,3.966278438949431e-05
SLC6A16,3.9654115749100067e-05
PTGIS,3.962604791958936e-05
PRSS50,3.962008783462134e-05
SGK3,3.961034229004596e-05
ICOS,3.958821584794968e-05
SYNGR3,3.953134065576439e-05
MESP2,3.951837265690216e-05
SEMA3E,3.949111377397402e-05
PTPLA,3.942621689809072e-05
LCA5,3.9421199526859086e-05
DNAJB4,3.941700285661535e-05
TRAPPC9,3.939946710184143e-05
OSCAR,3.9399043616001835e-05
SLC5A8,3.9395780727449905e-05
MRPL38,3.939392236403701e-05
RBM42,3.938217926912859e-05
CCDC113,3.932539812120711e-05
MRPL14,3.931152213348413e-05
PITX1,3.928340591954595e-05
TIMP4,3.926942178583787e-05
PTCRA,3.9222610574530976e-05
IL1RAPL1,3.921581660853316e-05
ZNF24,3.919814851818969e-05
SLC7A1,3.912829388345957e-05
KLHL8,3.9126813751531136e-05
RGP1,3.910617103616407e-05
PRODH,3.9081129500722226e-05
C6orf25,3.9049899227805436e-05
CYSLTR1,3.9047293484876945e-05
FCN3,3.903113274741326e-05
FNIP1,3.9016633034351704e-05
LNX2,3.9014175291433817e-05
RAB11FIP2,3.901040357110682e-05
AADAT,3.90001465004556e-05
OPN4,3.899740182325301e-05
RPH3A,3.895462881375939e-05
PUF60,3.895443941394875e-05
MRPS30,3.8922630318476556e-05
NCAPH2,3.8902502999639446e-05
FGL1,3.8900011970326576e-05
AHRR,3.8878821391769e-05
CD59,3.887784623157838e-05
PLA2G4F,3.886631432776429e-05
LILRA1,3.884258264583075e-05
SH3TC2,3.884088766332603e-05
JOSD2,3.8822638909493916e-05
SPTLC3,3.8818561621696726e-05
BCHE,3.8788086403369995e-05
SPAG4,3.877642584024977e-05
DCTPP1,3.87669914105532e-05
ITPK1,3.872246838821183e-05
PFDN4,3.8687530513634146e-05
FOXC2,3.866282940951814e-05
ZNF396,3.866069686659048e-05
G0S2,3.865617605440808e-05
MARCKS,3.8650988969252924e-05
EVL,3.863273652824554e-05
C12orf5,3.86289107745836e-05
TEF,3.8625982041912766e-05
GTSF1,3.8625250301513955e-05
ANKRD6,3.8615203592624356e-05
PEG10,3.8608893257534353e-05
FCGRT,3.8582685670060136e-05
LHX8,3.857267156397678e-05
RFX2,3.855725858312688e-05
GRPR,3.853393375879716e-05
KIF3C,3.853233597148473e-05
MYO5B,3.8506074282230723e-05
CDC14B,3.846678651553495e-05
PRH2,3.84640248980736e-05
PRH1,3.84640248980736e-05
TAGLN2,3.845789337032094e-05
NFATC4,3.8411321179626896e-05
ANKK1,3.8409372575454196e-05
MST1,3.840457071358154e-05
RAB9B,3.83994717910654e-05
KCNJ8,3.8390040365432015e-05
PTHLH,3.834258970884589e-05
TTLL12,3.8315588801207445e-05
BAIAP2L2,3.82632296866786e-05
STRA6,3.825308014631822e-05
SPAG17,3.824631455417732e-05
FOXH1,3.822912628910606e-05
ZNF217,3.8213318391339926e-05
SYNM,3.8175544630021826e-05
ABCC3,3.8153355637384375e-05
SMS,3.814914482570318e-05
AK7,3.814797770959742e-05
L2HGDH,3.8126589410651044e-05
PPP4R2,3.812512482691304e-05
CFHR3,3.811258188268176e-05
MRPL48,3.81041333855297e-05
RS1,3.8093662588810034e-05
LGALS3BP,3.8084748739469896e-05
CGB,3.8069842768758905e-05
REPS2,3.8063907038021146e-05
EHD1,3.8051978660302936e-05
NPY5R,3.803393843978181e-05
PRRX2,3.803279768792044e-05
MFNG,3.802146196588526e-05
MOCS2,3.801575701628091e-05
TMEM173,3.800932999783638e-05
CA12,3.798445762430811e-05
CA14,3.798445762430811e-05
KRT20,3.796880601577864e-05
SPTLC2,3.796706890784475e-05
VOPP1,3.7914889242811435e-05
DSCAM,3.7880054949337096e-05
SIVA1,3.7875387791034153e-05
SYT9,3.787204066300402e-05
TCEA3,3.7860758089140745e-05
TRIB1,3.784223780678216e-05
DISP1,3.7829559148529256e-05
ARAP1,3.7825660660670964e-05
AQP7,3.781154197465086e-05
SCGB2A2,3.780825113616107e-05
IRAK3,3.7802964515453984e-05
NUDT8,3.7796711488154825e-05
DUSP4,3.7767435134853076e-05
NKTR,3.7755561076929174e-05
WWC3,3.772779685411996e-05
MTAP,3.772507230455983e-05
TFPI,3.767706651608751e-05
DPM2,3.766547998840788e-05
DDR1,3.7637600711198916e-05
CPS1,3.7631401634642834e-05
ANP32E,3.7628617537326335e-05
LAT2,3.758697501826896e-05
HTR2B,3.755064238670271e-05
RAB3B,3.753301787069072e-05
RIC3,3.751872555589992e-05
CNTLN,3.751128034248741e-05
RAPGEF5,3.747782321506266e-05
SLC29A3,3.7476642281742025e-05
CPSF1,3.746035880164763e-05
AP4S1,3.7455010951117935e-05
JDP2,3.7426392622924614e-05
SLC35F1,3.7382442615769755e-05
ST3GAL5,3.73733789952241e-05
AK5,3.736083427157007e-05
MST1R,3.735467559844851e-05
GLIPR1,3.7312072027117185e-05
PPP1R3D,3.7305909381941084e-05
GATSL2,3.7302414426014085e-05
MFAP4,3.729329435830425e-05
PKIA,3.7289345494820004e-05
PCLO,3.725459736653832e-05
RASGRP2,3.725299962879739e-05
ATP11B,3.724983669300091e-05
NUFIP2,3.723076240771435e-05
TLR5,3.720631025857945e-05
SYT3,3.719106114837482e-05
P2RY13,3.715333349454469e-05
ACER3,3.713438544384858e-05
TMTC1,3.713374928707774e-05
BVES,3.71261458132872e-05
EPHA10,3.70756710051415e-05
TMEM38A,3.706632786617616e-05
FIG4,3.705536709911957e-05
BMP8A,3.7049782122745336e-05
GADD45G,3.702554446009934e-05
LIMS1,3.7024960768733956e-05
DFNB59,3.6988932263561344e-05
CRLF1,3.695942311085259e-05
IL20,3.6957706479711306e-05
PPFIBP2,3.695479453779416e-05
DLC1,3.694794008798971e-05
XK,3.693739162593796e-05
FNBP1L,3.69128698498595e-05
NUDT1,3.6906271072164256e-05
DMBT1,3.6905272074013885e-05
SEC31B,3.690318334802144e-05
AQP10,3.689705609551302e-05
RANBP1,3.68776619743361e-05
MED12L,3.6846772065235683e-05
MASTL,3.6825962612696206e-05
RAB33B,3.682106472693643e-05
IFITM5,3.680655388849647e-05
LRFN5,3.680127297970097e-05
P2RY4,3.679135364460336e-05
MEP1A,3.676573570357052e-05
ANG,3.67621898681734e-05
MRPL52,3.675607301369567e-05
MRPS24,3.675607301369567e-05
MRPS23,3.675607301369567e-05
MRPS26,3.675607301369567e-05
MRPL28,3.675607301369567e-05
MRPS28,3.675607301369567e-05
CHCHD1,3.675607301369566e-05
MRPS21,3.675607301369566e-05
MRPL34,3.675607301369566e-05
SLC16A3,3.673579507396543e-05
ARVCF,3.6720916991034884e-05
NEIL2,3.668791842799946e-05
EFEMP2,3.666745093699612e-05
CHRM3,3.6652866691265834e-05
NBL1,3.6619374224767835e-05
COLEC10,3.661904420301681e-05
DSG4,3.6609671293538336e-05
RNASET2,3.66065305293839e-05
RRH,3.6584505576891015e-05
IFI16,3.657541995282162e-05
CMTM1,3.6566497659861605e-05
JMY,3.653724154768777e-05
PQBP1,3.650570910290724e-05
CPA4,3.64889152356757e-05
EBF2,3.648247275371959e-05
CELSR1,3.6477331288412545e-05
NEK7,3.646960949701344e-05
COLQ,3.645477064769074e-05
KMO,3.6442107451600136e-05
KLHL7,3.6437263377438155e-05
ENC1,3.6437263377438155e-05
KLHL25,3.6437263377438155e-05
TAOK1,3.642380474059902e-05
GPBAR1,3.639658426913996e-05
MFGE8,3.637044388799276e-05
RNF24,3.6348788001389826e-05
CLIC4,3.6315890858127725e-05
ASXL3,3.6310963209736075e-05
CASC3,3.6287129147068684e-05
NELL2,3.628657668377377e-05
GAS2L1,3.6285765193565685e-05
ELOVL4,3.627281088720095e-05
MTMR4,3.626559695635475e-05
HSF4,3.6222572603685814e-05
ATL1,3.620354384269795e-05
GAS2L2,3.6198942561020555e-05
ELOVL2,3.61602047686945e-05
SLAMF6,3.611794065299123e-05
DOCK7,3.609244536676251e-05
THNSL2,3.606111461778326e-05
ZCWPW1,3.605924494051062e-05
D2HGDH,3.6055048402212474e-05
NEK8,3.60243961581554e-05
DDN,3.601430257257907e-05
RAB40C,3.6012192723948745e-05
ME3,3.597367268325586e-05
NR2F6,3.595796894042327e-05
SMG1,3.592925013498999e-05
INPP1,3.592597164349818e-05
SLC18A1,3.592344906952532e-05
FBXO2,3.589571937765248e-05
SLCO2B1,3.5895715275466394e-05
TCTN2,3.587706010257914e-05
UCKL1,3.585377381410317e-05
AGR2,3.584734346014678e-05
ERO1L,3.583473762947288e-05
IGF2BP3,3.5827397355443045e-05
TRIM44,3.582474670428532e-05
ZFP57,3.578878929973463e-05
OGFR,3.5779661897807435e-05
REEP1,3.5767609809688976e-05
SEMA3F,3.576704757396246e-05
SLPI,3.5732454254264896e-05
RCOR2,3.570228170206775e-05
SRR,3.5701962772357446e-05
PDK3,3.569210513319651e-05
PRDX5,3.5677403068013994e-05
MTMR7,3.567539229901932e-05
KLF15,3.56711957994874e-05
PRSS8,3.563567900908509e-05
CENPO,3.562384652144615e-05
EXOSC4,3.5617747273482834e-05
DIRAS1,3.561403158100972e-05
SRXN1,3.560742687152653e-05
ELAVL3,3.5588786460307074e-05
TRAPPC6A,3.558250561487669e-05
PHLDA2,3.557746608887321e-05
LRRC4C,3.557106338805383e-05
PACSIN1,3.55310340266895e-05
FBXO43,3.5501255317822885e-05
KCNK2,3.5498824517567446e-05
LILRB4,3.548781172310279e-05
EIF4EBP3,3.5484378221754115e-05
PDIA2,3.548001592919437e-05
MMP24,3.547641461280116e-05
STX19,3.54494525254249e-05
MNS1,3.540526898553959e-05
HDGF,3.5395464997718243e-05
CAPN9,3.537547255641845e-05
NAT2,3.5369548179800414e-05
PADI4,3.535781301345022e-05
UBD,3.534919108684501e-05
PTGER4,3.5345111965600875e-05
SLC4A7,3.5335427935019546e-05
ATP8A1,3.5305282407533565e-05
HEPH,3.526315028704515e-05
TAGLN3,3.524824912725964e-05
ZFP42,3.52050347441936e-05
KIAA1958,3.5193079102479944e-05
FNIP2,3.518260715784659e-05
DSEL,3.5181236396799746e-05
BCAT2,3.516968389393684e-05
SLC16A2,3.5167285155517984e-05
BDH2,3.5158757971437546e-05
CHRDL1,3.515677956747205e-05
SLC22A5,3.5151121809820236e-05
PRPS1,3.515078977449458e-05
TDRD5,3.51439247555023e-05
CTSZ,3.5133146879476915e-05
TSPYL2,3.512721948078514e-05
SIL1,3.505814135942024e-05
SIGLEC9,3.5050944473948064e-05
FLRT2,3.503320262056556e-05
ATP5EP2,3.502999045316972e-05
FCHSD1,3.502624693929136e-05
LSM1,3.500618306200601e-05
TBX2,3.4964630606751e-05
ACOT1,3.495461960822893e-05
SRGN,3.4912998070727675e-05
VENTX,3.4910391106520565e-05
SEMA3D,3.490005603534564e-05
KLK14,3.489622526558317e-05
PCBD2,3.489241240480878e-05
PHKA1,3.488616145408915e-05
TAP1,3.487344563881233e-05
LMO7,3.484436208426317e-05
GFPT2,3.480289032920971e-05
RABAC1,3.4798163435211383e-05
S100A11,3.47962349387143e-05
CD160,3.477339031627965e-05
CYTH4,3.4766937592363386e-05
RASEF,3.47208888603828e-05
GLRA3,3.4695166488958205e-05
PTPLAD1,3.4688910150585964e-05
HCFC2,3.46874108902258e-05
GTF2IRD1,3.4684143892500375e-05
KCNK12,3.466247509098819e-05
NAB1,3.4641421601609414e-05
ANO2,3.462143812279282e-05
LRFN1,3.461305131049315e-05
SLC25A42,3.4598031772866235e-05
DBP,3.456613537762331e-05
CR1,3.4564622382188535e-05
C4BPB,3.45171970296461e-05
CD207,3.449550298628492e-05
PAWR,3.4420965641327946e-05
RGS7BP,3.4420909032570076e-05
CFL2,3.4418365215749835e-05
TAP2,3.4412745620858453e-05
C5AR1,3.439526718781756e-05
PPOX,3.437644797937131e-05
ZNF569,3.4368075594655813e-05
ZNF763,3.4368075594655813e-05
ZNF44,3.4368075594655813e-05
ZNF501,3.4368075594655813e-05
GRHL1,3.436333222434358e-05
TIAM2,3.436333222434358e-05
CARD10,3.435211761113652e-05
DHDH,3.43502829883695e-05
FXYD6,3.43246880167946e-05
LDHD,3.4312263464886836e-05
HOOK2,3.431009815804266e-05
MOBP,3.4298791134297677e-05
SLITRK3,3.4283715587591864e-05
DPT,3.427880526779648e-05
TBCEL,3.426648605851453e-05
ELOVL7,3.426594594222669e-05
NIPAL4,3.4253688416315603e-05
DHRS2,3.420991251820017e-05
DUSP9,3.4173357466979086e-05
DUSP8,3.4173357466979086e-05
PDCD4,3.417124167155121e-05
CYP2F1,3.414797489008767e-05
KIR2DL4,3.414369545764253e-05
TAF7L,3.412962197886284e-05
MAGEA4,3.4119274134607304e-05
LHPP,3.4112650325522405e-05
CNTD1,3.409928601236442e-05
COASY,3.4096478640284884e-05
NOVA1,3.4067653907255835e-05
COL24A1,3.405599190377208e-05
B4GALNT2,3.403880108872295e-05
CRB3,3.400727431280573e-05
SEMA7A,3.4000420958668714e-05
PGBD1,3.3994446096256885e-05
F2RL1,3.399390884321323e-05
PARD6G,3.3992470780923064e-05
PYCR1,3.398698887318798e-05
RFNG,3.395812561921439e-05
USP6NL,3.395789657674395e-05
BRF1,3.3950937464082774e-05
HIGD1A,3.393641844429204e-05
ST5,3.391413150872298e-05
LIPI,3.3913070335374845e-05
RASSF6,3.391004291521182e-05
PNMT,3.388278202510159e-05
MCF2,3.386534167273446e-05
GDPD1,3.385486605852733e-05
TGM5,3.384828075209551e-05
MLPH,3.3844287861869104e-05
TUSC3,3.384294083354376e-05
CEP192,3.384127495261119e-05
LYPLA2,3.384106361665636e-05
SMN1,3.383307572658118e-05
SLC22A16,3.382767181146511e-05
RAB12,3.382371404712248e-05
MORN4,3.3815973884993036e-05
UCK2,3.378084122788529e-05
TTC18,3.37706048113138e-05
ITGB1BP2,3.375524676782535e-05
IL11RA,3.3712041231325115e-05
MLKL,3.36703682677487e-05
LRRC1,3.364556322687105e-05
EIF4E3,3.362496591640287e-05
PHKG2,3.36158834714295e-05
CECR1,3.3614822053462194e-05
DOCK3,3.3612200694770084e-05
TNFAIP6,3.360766788419986e-05
NRL,3.359048947716266e-05
SHROOM2,3.3562582111515025e-05
WDFY4,3.3556826984751094e-05
PTGER3,3.355338609888812e-05
SEMA6A,3.3517955077959866e-05
THOC3,3.351164438407217e-05
NEK6,3.3503069145189826e-05
NIPA1,3.349904911328488e-05
ARL9,3.349107179273759e-05
LOXHD1,3.348932060357639e-05
PACRG,3.346199574729991e-05
RIN3,3.344560552046912e-05
ALMS1,3.344346457641645e-05
PTGDS,3.3424013437844164e-05
MGAT4A,3.340142203242157e-05
GUCA1B,3.3399423091746754e-05
BRSK1,3.338895267837362e-05
ADI1,3.33848682630997e-05
ZNF397,3.3370788241591384e-05
ARHGAP39,3.333664453505601e-05
LTK,3.331538418727332e-05
CHST5,3.3303953052586173e-05
FRAT1,3.329465408786271e-05
LGI2,3.329410070843745e-05
ABCC4,3.328411242270069e-05
HOXB2,3.325322462827751e-05
PARD3B,3.324502924484096e-05
TUB,3.322628120381486e-05
ARMC5,3.318670477795035e-05
EFEMP1,3.317944123948825e-05
MYO10,3.31742247192019e-05
ME2,3.314502787822256e-05
KCNA7,3.313326720288206e-05
CCNDBP1,3.312838339010386e-05
DNALI1,3.312688353375755e-05
COTL1,3.303466314634725e-05
PABPC5,3.3023960299035344e-05
SYTL4,3.3016586783601855e-05
NOXO1,3.3016428105465103e-05
DUSP2,3.300444299914153e-05
CABP1,3.2999136298501816e-05
SKAP2,3.2980400823073516e-05
SEMA3B,3.297775046304992e-05
HPCA,3.295432978121122e-05
SLC1A4,3.293987316842749e-05
ABHD6,3.289697203665302e-05
NANOS3,3.285258198744309e-05
BTBD11,3.284142794929088e-05
MGA,3.283913200102251e-05
GK,3.28256063890865e-05
CYTL1,3.281981645778681e-05
DOHH,3.280711904872242e-05
HRH2,3.2795493829377015e-05
STXBP6,3.279115280751091e-05
TCN1,3.278911977404476e-05
PHLPP2,3.2742320587713636e-05
PITPNM1,3.272314191242525e-05
TUFT1,3.2716189658785154e-05
DPP10,3.2714703803088385e-05
PDLIM3,3.269016407163251e-05
BBS12,3.2669622155049845e-05
HHAT,3.2643809594008185e-05
CD70,3.2624643330387265e-05
ENDOD1,3.261979859148691e-05
SVIL,3.2615020774605965e-05
SLC31A2,3.260278302311358e-05
ABLIM3,3.2589116851724195e-05
TNFRSF10D,3.2587093238609845e-05
NGFRAP1,3.257617791627336e-05
PSPH,3.256450408672779e-05
OLR1,3.253487556686891e-05
SCARF1,3.2514001682559095e-05
KCNK5,3.2513815240224176e-05
TOX3,3.250389254492893e-05
CD82,3.2483160086886165e-05
RASGRP4,3.247354299885674e-05
PLS3,3.246628903503082e-05
CMTM4,3.244717722881645e-05
HOXD1,3.241762078652074e-05
PTAFR,3.2370409132377096e-05
PCSK5,3.235746613745988e-05
KRT17,3.233594022951117e-05
TNFRSF19,3.231619449996895e-05
VASH1,3.230690333998787e-05
ATF5,3.229901389852955e-05
ZNHIT1,3.227667048138825e-05
NUBP2,3.227459190752786e-05
GPR37,3.226780442874756e-05
L1TD1,3.2247952356513026e-05
HRK,3.223742927263999e-05
NOSTRIN,3.223713059838313e-05
NDRG2,3.2154734920855445e-05
NDOR1,3.2055819078600935e-05
TMEM204,3.2044885066114656e-05
SIPA1L2,3.2044885066114656e-05
RHOJ,3.2022647106112983e-05
SH2D2A,3.201930023443055e-05
PLEKHA8,3.201632116636387e-05
GAS6,3.201438024110736e-05
PLCH2,3.201090212192768e-05
PLA1A,3.200533649937702e-05
CST6,3.197918498630331e-05
TCTE3,3.1943607352742645e-05
CYP27B1,3.193844737387951e-05
RHOBTB3,3.193558722413057e-05
SPATA20,3.19284521601024e-05
TPCN2,3.18718979785022e-05
VGLL3,3.1870551408974495e-05
ABCA12,3.18640653225255e-05
STT3B,3.1833209459512924e-05
DDIT4,3.183159863763828e-05
FSIP1,3.178929873110493e-05
CENPP,3.177304316307675e-05
CENPL,3.177304316307675e-05
CENPQ,3.177304316307675e-05
CD52,3.1745806507795005e-05
PTPRM,3.1729793875700625e-05
INTS4,3.172815466600514e-05
ATE1,3.172254858228309e-05
WDR62,3.168464119751734e-05
ILF2,3.16789074743249e-05
ROBO4,3.166345444119056e-05
C12orf57,3.165598611166262e-05
B3GALNT1,3.162965201293722e-05
SAMD9,3.160648643266058e-05
DCPS,3.158992711840294e-05
PTPLAD2,3.1579590981558114e-05
PTPLB,3.157959098155811e-05
ATP10A,3.1563381483000174e-05
PFKFB4,3.155487799335393e-05
DOK4,3.1488333588941376e-05
PNPO,3.148816183310475e-05
GRK7,3.1486681098071466e-05
PDLIM5,3.147583851888566e-05
GADD45B,3.146950622572964e-05
ST8SIA5,3.144470626331597e-05
MAL,3.143016152191151e-05
MTRR,3.1414155774648735e-05
NMBR,3.139708354762612e-05
TRIM45,3.131659895113013e-05
SPINT1,3.1300164763630584e-05
HGSNAT,3.12788284795087e-05
GREB1,3.124116139164651e-05
EMR1,3.123372541996229e-05
KCNJ6,3.1233705408196317e-05
ARL2,3.1179424631576416e-05
SH3RF2,3.1159618846040436e-05
SPARCL1,3.113850958137837e-05
GIGYF1,3.111787844443796e-05
NFE2L3,3.110447257728226e-05
LEPREL1,3.109176331265329e-05
MAF1,3.1060634009666216e-05
SOX13,3.105626031905937e-05
RRAD,3.1056138191964466e-05
IMPAD1,3.105309549460576e-05
ORAI2,3.104409214103054e-05
SESN3,3.101553386234424e-05
NOX5,3.1011617709948484e-05
MDN1,3.1008871935908334e-05
CD99L2,3.100000740516654e-05
STARD3,3.099715596162198e-05
EXOSC3,3.095136322708125e-05
NUDT22,3.0931017592168085e-05
PRICKLE2,3.0902315775330136e-05
DYNLT3,3.0902149573043055e-05
MOB2,3.0856596479466084e-05
TSPAN7,3.083574185810786e-05
PDSS1,3.082519588852827e-05
TRMT61A,3.080722253343094e-05
CCBE1,3.078712405129593e-05
RANGRF,3.078610307642577e-05
PLA2R1,3.0778039503789416e-05
BSND,3.0769983032356115e-05
BFSP2,3.073372487752453e-05
RHCE,3.073252768530975e-05
PABPC1L,3.0711996417110346e-05
TMF1,3.070761103004473e-05
STK36,3.0676274001251114e-05
BFSP1,3.0674899080066945e-05
ELAVL4,3.066273501492887e-05
LILRA2,3.0640137469189865e-05
ADAT1,3.058340401060545e-05
TMEM189-UBE2V1,3.05699334116078e-05
SFTPA2,3.056755172105293e-05
ACAP1,3.0560657909919576e-05
CSRP1,3.0558873691242246e-05
SLC29A1,3.0551622246353753e-05
PVRL4,3.05310323011462e-05
C19orf70,3.0513058239843314e-05
ERCC6,3.046583593054669e-05
NDUFAF3,3.042885275493508e-05
CSAD,3.0422109341980895e-05
KCNK9,3.040692690177222e-05
MYO1G,3.035255152748537e-05
WISP1,3.0343129307542315e-05
CEP72,3.0281688754658206e-05
LIN28B,3.026156256499746e-05
GCGR,3.0256034903499117e-05
RHOT2,3.0231207959100365e-05
SH3PXD2A,3.022906436799212e-05
MTTP,3.0225404865935587e-05
MAN2A1,3.0217257511603914e-05
USE1,3.0199101122745462e-05
CTNNAL1,3.0191010625320562e-05
C17orf96,3.0179578557769164e-05
TMEM107,3.01717107068466e-05
CACHD1,3.0136315374932537e-05
STBD1,3.0114937575745757e-05
SORBS3,3.0113824929456577e-05
ZFP36,3.0076413713416754e-05
DCXR,3.00714735071538e-05
CILP,3.0070069732800556e-05
SLC22A1,3.0045616956197503e-05
SIX4,3.0000954086723675e-05
PGM3,2.9993725546510864e-05
CLRN3,2.9967473965618122e-05
ELF1,2.9965791963413223e-05
PAAF1,2.9955771542873485e-05
SGSM2,2.9937347068205838e-05
CNR2,2.9927736114082907e-05
LILRA4,2.9910812327813515e-05
SLC25A21,2.9870464661232113e-05
FAM58A,2.9866522059184377e-05
NHLRC1,2.9858698414582e-05
CD6,2.9857039396244956e-05
PLIN5,2.9848263905443373e-05
LRFN4,2.9843881532743255e-05
CYGB,2.9838049233953846e-05
TMEM55A,2.9826057484437236e-05
ZFC3H1,2.982061325263613e-05
MPP6,2.980707276422096e-05
TRAF3IP2,2.9799845085750683e-05
SEMA6D,2.9730891160845633e-05
GAMT,2.9725300376907308e-05
LAMB4,2.9718639083598686e-05
SLC38A7,2.968794640149552e-05
CNNM1,2.9664731876504146e-05
PQLC1,2.9636522189880582e-05
ECE1,2.9630883579471165e-05
EDN2,2.9630883579471165e-05
SLC8A3,2.9619664936398503e-05
CLCF1,2.9617108726020003e-05
NFAT5,2.9612740609118924e-05
TRIM17,2.9602048429926446e-05
SNX16,2.9599234634397858e-05
CCDC62,2.9591922177580326e-05
CDK11A,2.9588483043036412e-05
CD300LF,2.9585588621763685e-05
DOK7,2.9574708032289958e-05
MTDH,2.9569396915356177e-05
RTDR1,2.9548492918391436e-05
MBNL1,2.9543819291285034e-05
C4orf47,2.9543686730078156e-05
NLRP6,2.953540526475748e-05
APPBP2,2.9513507316459414e-05
CDC42EP5,2.9512136065099913e-05
CYBRD1,2.9493207884416824e-05
GNPNAT1,2.9467485732592875e-05
ZSWIM7,2.9467430067625075e-05
C9orf142,2.9467430067625075e-05
NRM,2.9446894280110385e-05
PPIP5K1,2.9440308427781242e-05
BMF,2.944002541147152e-05
SNPH,2.943326784318441e-05
AP1S3,2.9425915384915085e-05
DAK,2.9402754942920255e-05
VNN2,2.939122108288498e-05
APOOL,2.9386560235784748e-05
ALOXE3,2.934923201222453e-05
GRHL2,2.9343446587588033e-05
KCTD9,2.9325832954629795e-05
PKD2L1,2.9287887644342177e-05
CLDN6,2.9285982003313367e-05
CADM3,2.9281692759420243e-05
SARM1,2.92319916049186e-05
MSC,2.921333424022764e-05
TMED9,2.9210723282408368e-05
MACF1,2.920970798548402e-05
XYLB,2.916331978454319e-05
ELAC1,2.914766590345961e-05
CCNJL,2.912276623458586e-05
CORO7,2.9114670297565706e-05
SERPINF1,2.9096776441769468e-05
RAB38,2.909418124306659e-05
KIAA1210,2.9083691654351237e-05
CHD5,2.9076009637505848e-05
TCF15,2.906103367826147e-05
SH3BP4,2.9055102815035056e-05
SEMA4A,2.9054086477037296e-05
SCGB2A1,2.9046162593929436e-05
FAM96B,2.902897930279557e-05
FREM2,2.9018284928488463e-05
FRAS1,2.9018284928488463e-05
AARS,2.900285371455889e-05
THBS3,2.8994712983952508e-05
PEX6,2.8988741002427896e-05
DNAH3,2.8979657556350327e-05
TRDMT1,2.8973485875412446e-05
ALS2CL,2.8971725873461565e-05
BRSK2,2.8937688345571458e-05
ANKRA2,2.893721662731603e-05
MATN1,2.8933396238113706e-05
RASA3,2.8929940805577073e-05
RAB40A,2.8902310490713247e-05
TIGD4,2.8888781463370338e-05
SRL,2.888661254196233e-05
PPCDC,2.8882105623498824e-05
CNN2,2.8850710693051287e-05
KIAA0922,2.8836804797356022e-05
MRI1,2.8801738413733358e-05
ZFX,2.8794567747235885e-05
CKMT1A,2.8765717115793894e-05
MIOX,2.8765481834291904e-05
MAP3K12,2.8764580028422845e-05
DNAH17,2.8715555541853634e-05
DAGLA,2.8706406349924235e-05
BIK,2.870105171308467e-05
SCN7A,2.8692498560248203e-05
KIRREL3,2.8688117666427167e-05
YTHDC2,2.8655497322173822e-05
INF2,2.8652051486846683e-05
SMTN,2.8650055354414495e-05
LPGAT1,2.8618152417185396e-05
NARFL,2.860412795123435e-05
VWA2,2.859299789951879e-05
C4orf32,2.8588853250374657e-05
PRKD3,2.8572958093285237e-05
SQRDL,2.8539079931390976e-05
PHOSPHO1,2.8536190177580568e-05
SEC11C,2.8522392412065962e-05
KRBA1,2.8516921481789046e-05
C1QTNF3,2.8516921481789046e-05
LTB4R,2.8510833140715742e-05
PGLS,2.8488641552698545e-05
POU3F1,2.8459765054392738e-05
HTR6,2.8459560634001323e-05
GALK1,2.8434243628228498e-05
TMEM180,2.8433924083438686e-05
MFSD6L,2.8433924083438686e-05
ANKRD45,2.838548690140907e-05
ZMYND19,2.8358486963055046e-05
TMEM86B,2.83465254347549e-05
ISYNA1,2.8325802461137647e-05
SNAPC4,2.8319881816135165e-05
SHOX2,2.8296301857181203e-05
PTPRQ,2.828726589640948e-05
SEMA6C,2.824594730949794e-05
ADIPOR2,2.8238832063242806e-05
CLEC4C,2.821296330628321e-05
ZNF185,2.8191563835450153e-05
PLAGL1,2.8189187845679462e-05
SLK,2.8177564542842563e-05
RBM44,2.8176358112740582e-05
CALHM1,2.817456100107681e-05
MGAT3,2.8166574751633515e-05
MEPE,2.8150875121886154e-05
TGM4,2.812302330078321e-05
VASH2,2.8073987598196067e-05
LILRA6,2.8068161752782856e-05
CIB1,2.805920074238063e-05
PAPSS2,2.80521533393039e-05
BCAS1,2.8040915085925376e-05
WDFY3,2.795751625654708e-05
IGFBP2,2.7946377427255265e-05
DPP7,2.7946362278770056e-05
SCGB1D2,2.7935903782267662e-05
BRF2,2.7918150384535987e-05
C8G,2.7916018281630785e-05
RHOF,2.790548261572548e-05
ZNF652,2.788788085655127e-05
DOK5,2.7875683500915737e-05
FOXC1,2.7872469476522592e-05
KCNS3,2.7858843161287144e-05
PDZD3,2.7856922106850822e-05
ZIC2,2.785688419575233e-05
LACRT,2.7823143394774178e-05
SGSM3,2.7822727526319837e-05
GRID1,2.7786855099294488e-05
FA2H,2.778645682131557e-05
CELSR3,2.7775584367744008e-05
ELMO3,2.775783034135682e-05
EID1,2.7733537668494993e-05
AVPR1A,2.7711325482549105e-05
MARS2,2.7707561989027045e-05
FAM3B,2.7701584055949063e-05
SERPINI2,2.76794057125416e-05
FICD,2.7671878724291827e-05
CADPS,2.7667697776590497e-05
ADAM11,2.7664505743142685e-05
BANK1,2.7619833477921383e-05
STON2,2.7617783269493932e-05
KIF7,2.7588404103431464e-05
TRIM9,2.758585881627837e-05
PIGS,2.7576310695361398e-05
KRT71,2.757333989659553e-05
TREML1,2.7567370272047786e-05
FAAH2,2.7563532213111195e-05
GNPTAB,2.7561170070816008e-05
USHBP1,2.7550648472471513e-05
MARCO,2.7546127176899627e-05
KCNG2,2.753681827078405e-05
LRRN1,2.7534058119123295e-05
TBC1D1,2.7532519745993148e-05
TBC1D12,2.7532144388629955e-05
TAZ,2.752638132779153e-05
MAN1C1,2.7510727366332864e-05
TPSB2,2.7498191737123872e-05
CLEC4E,2.7497997204023137e-05
TMTC4,2.74814522380128e-05
EP400NL,2.7481239055620395e-05
TGIF2,2.7465941834885908e-05
SULT1A3,2.7456745191631766e-05
KIF27,2.744907446369123e-05
ASGR1,2.7437536498349888e-05
LZTS1,2.7436429331421254e-05
ADAT2,2.7413402991924777e-05
RAB43,2.7398379307906723e-05
KCNK13,2.7378419892662037e-05
SLC16A4,2.7378323641462077e-05
THEM4,2.737162007690237e-05
SRCIN1,2.735600657062083e-05
HESX1,2.7339440998177998e-05
STAP2,2.7332440843715724e-05
ITLN2,2.7310986768851815e-05
CHI3L1,2.7308974053799902e-05
ZNF385A,2.7285671092767935e-05
HIVEP3,2.728016067215603e-05
SYTL1,2.7260386104091526e-05
COPZ2,2.7234555718543547e-05
STXBP4,2.7206434843801707e-05
BLMH,2.7173915031782365e-05
ARNTL2,2.715641128393441e-05
PUS7,2.7153280172727157e-05
ARHGAP4,2.7085454792149062e-05
IGFBP7,2.7085344770502355e-05
FOXRED2,2.7082506791606493e-05
SEMA3C,2.7074014973463037e-05
XPOT,2.7048823542496966e-05
PLEKHG5,2.7047725175846635e-05
ALG11,2.6999861033146228e-05
CEP120,2.6986724855722322e-05
SCAND1,2.6978982639956246e-05
SLC12A6,2.6974194800488934e-05
MAN2A2,2.6965660507562615e-05
CRYZ,2.6960943509251016e-05
FBXL17,2.6943095709248164e-05
EXD1,2.6913314147865505e-05
ATP6AP1L,2.6890017632782477e-05
SMOC1,2.6889380344175865e-05
NDE1,2.683377258862367e-05
LRRC27,2.6824163673848437e-05
PRCD,2.6812171981169455e-05
NTNG1,2.6793231787615484e-05
PNMAL2,2.6791465060779652e-05
CPZ,2.6774569026083693e-05
NFKBID,2.6764428449995947e-05
CD58,2.676347123603929e-05
ABLIM1,2.674729796879527e-05
CABP4,2.672985022030402e-05
USP25,2.672567238012442e-05
NPAS1,2.6724007122222585e-05
DAND5,2.6718087414019298e-05
FMO5,2.665351019492291e-05
UMOD,2.6650395917191346e-05
AKAP2,2.664222716797911e-05
TSPAN32,2.663680972061436e-05
CGNL1,2.6628328951331492e-05
KIAA1715,2.6619772592410373e-05
GOLGA7,2.6616715732917016e-05
LRBA,2.659550331364645e-05
NEU3,2.6586061620187505e-05
CHRNA5,2.6581713019100355e-05
PASK,2.6537972782622528e-05
UAP1,2.652961337210258e-05
SULT4A1,2.650146515959932e-05
THBS4,2.6497588319083006e-05
UVRAG,2.649056469227339e-05
SORBS2,2.6465721174464844e-05
FAM60A,2.6457551656901906e-05
ABO,2.6456311193844072e-05
AKR7A2,2.6437151958202346e-05
CASS4,2.6424973903657308e-05
TNFRSF10C,2.6424428412801982e-05
FAM20C,2.6418997692229833e-05
HOPX,2.6418851399334894e-05
CEP97,2.6417416447994875e-05
ZSCAN20,2.64165208417635e-05
SPAG16,2.6412934055554708e-05
CBR4,2.64097673640042e-05
SHROOM3,2.6383176741192385e-05
DNAH6,2.6377851782368737e-05
SAMD4A,2.6377205646518486e-05
C9orf117,2.6333914293179726e-05
PDK1,2.6319444706035814e-05
MYPN,2.63008970512309e-05
C11orf30,2.6283715666609496e-05
TUBGCP4,2.6282167308823066e-05
FRAT2,2.6272990571068986e-05
USP28,2.6268275779752638e-05
SIRPG,2.626706816263666e-05
GJB4,2.6251346500601503e-05
SLITRK5,2.6248839258635085e-05
NOSIP,2.6238544835270235e-05
FARP2,2.621426177625839e-05
DEAF1,2.6192754363033898e-05
ZCCHC11,2.6164258082502034e-05
AHSA2,2.615670942026334e-05
ATG4D,2.6142181064698877e-05
ARHGEF5,2.6127351977775104e-05
CUBN,2.6120575539014973e-05
KCTD1,2.6120259694849196e-05
ADARB1,2.6115537008885103e-05
NAALADL1,2.608681969102247e-05
SIM2,2.6081984471373718e-05
MTMR8,2.6081803399215193e-05
ASTL,2.6076541028858127e-05
RASSF8,2.6074444160215634e-05
CNFN,2.605348679023943e-05
TTC12,2.6048392493801236e-05
FOXP4,2.6032620292698662e-05
TENC1,2.6025037848768264e-05
CHRM5,2.6023720281109033e-05
NDUFAF4,2.601009559763584e-05
EPB41L5,2.6008114917271417e-05
ANKRD32,2.5970906682979988e-05
SLC6A11,2.5960410990848937e-05
STON1,2.5952832249223918e-05
PAIP2B,2.5926852752495447e-05
RECK,2.592340461552229e-05
PPP1R3E,2.5922901499160976e-05
STAB1,2.5905951813361594e-05
RCE1,2.5900463468579015e-05
P2RY11,2.5891492391594796e-05
POU4F3,2.5890708650162962e-05
FGF12,2.587909291333325e-05
FAM134B,2.587036875083317e-05
PPM1L,2.5866694569414054e-05
FMNL1,2.5862330379818535e-05
ATP8B1,2.584900373695801e-05
HOXB8,2.584783761825089e-05
SYT10,2.580743793716185e-05
TRAP1,2.5802442329099256e-05
BEND7,2.5801076382396138e-05
NLRP9,2.578800653880597e-05
CKMT1B,2.5778385078611284e-05
ADAL,2.5771954471158764e-05
GJB3,2.5769445617416868e-05
CLIC5,2.576139611306051e-05
RAB11FIP4,2.575554074074553e-05
DYNLRB2,2.574766621771251e-05
FRMD7,2.5729919242253677e-05
SH3GLB2,2.57264913577818e-05
TGFBRAP1,2.572212521110145e-05
FREM1,2.5721224054415713e-05
TUBGCP6,2.5696974243266535e-05
IL34,2.5656688243648155e-05
GNB1L,2.5655468911984217e-05
LRRC26,2.5650504794325054e-05
NANS,2.5637553015229864e-05
RAB15,2.5616993184098945e-05
CLDN15,2.561014158966252e-05
CLDN9,2.561014158966252e-05
PEBP4,2.5602513820018295e-05
PDDC1,2.559946008200702e-05
WEE2,2.5575839966182744e-05
SOX8,2.5528771045827487e-05
IER2,2.552329245206739e-05
SLC17A8,2.5514164859341046e-05
ASH1L,2.550153191567353e-05
EML1,2.5483856582693675e-05
VPREB3,2.5428153245861423e-05
KHDRBS3,2.5413142900131844e-05
PNPLA1,2.5410621730129113e-05
CYP4F22,2.5410621730129113e-05
ALAD,2.5386825086061757e-05
XKR6,2.536321899884707e-05
IQCA1,2.5353201055528687e-05
MYO3B,2.533331615898823e-05
FBLIM1,2.5320196943710277e-05
EHD3,2.530842796431517e-05
SPSB2,2.5302369389278808e-05
CASP8AP2,2.5267105879792056e-05
JPH4,2.526671991772452e-05
RAB11FIP1,2.5245177865439055e-05
CRTAM,2.52180726807064e-05
RIBC2,2.521381124982256e-05
FAM189A2,2.520680220516818e-05
XPO5,2.520457117615864e-05
GABRR1,2.518332297901031e-05
GABRR2,2.518332297901031e-05
PLXDC1,2.5164761274541627e-05
ARSK,2.5164339398466537e-05
NTSR2,2.515895279985334e-05
NPL,2.5144675639396544e-05
RHOV,2.5125568709071634e-05
KIF2A,2.5124951018507307e-05
ARHGAP8,2.5122086674128416e-05
CECR2,2.5114507777498702e-05
ZNF462,2.5114484533152845e-05
BCL2L10,2.5100826035260514e-05
POLR2J3,2.5098986635543315e-05
POLR2J2,2.5098986635543315e-05
IL15RA,2.509718837303106e-05
C14orf39,2.5083507052041142e-05
CCS,2.5063555608351597e-05
CLEC6A,2.4994263474706782e-05
SLC39A3,2.4984798162946784e-05
SARS2,2.498093030074228e-05
RBPMS,2.4973663053588088e-05
LGALS9C,2.497296796855143e-05
MIXL1,2.4972130332451456e-05
XPR1,2.496320402483815e-05
ADAM23,2.4938404101964775e-05
ZFP37,2.4936076686198546e-05
KIAA0319,2.4909609693089667e-05
GPR171,2.4908401070557827e-05
LY6H,2.4894052891989378e-05
UBASH3B,2.488516621000106e-05
NOV,2.488324931579859e-05
ARID3A,2.4826321852285714e-05
IMPA2,2.4821942015469083e-05
CLNS1A,2.4819800703348098e-05
DUSP5,2.481807718069673e-05
DHODH,2.4812300204120872e-05
KIFC3,2.4809389101589313e-05
HAL,2.4800241904961075e-05
SH3BGR,2.478940892650242e-05
KCNJ13,2.47688930155994e-05
DYRK1B,2.4766803038768613e-05
STAC,2.4759314851530747e-05
GDF15,2.474753801879293e-05
S100A7A,2.4725316332578714e-05
MAN1A2,2.471942823587885e-05
IRX5,2.4713942459492432e-05
GTF3C4,2.471375324123963e-05
GCDH,2.469398085537399e-05
PACSIN3,2.4690957679419818e-05
MAP3K10,2.4677291091730982e-05
GPR55,2.4669892838743856e-05
HTRA4,2.466714100490824e-05
DIO1,2.4662601792233252e-05
ZHX2,2.4639634405818825e-05
SLC35C1,2.4638949625034573e-05
PNRC1,2.4627317092742007e-05
KCNK4,2.4617292340236066e-05
MT1X,2.4616994426520214e-05
MT1H,2.4616994426520214e-05
MYRIP,2.4611580859767185e-05
MT1E,2.460551537385201e-05
SLC38A4,2.4536911796781744e-05
SPDEF,2.4533780420435053e-05
SEMA4B,2.4513754698044246e-05
SIX5,2.4512120981904763e-05
KCNK15,2.45078815368762e-05
TMEM159,2.4485571835624056e-05
LILRB5,2.4483617361621883e-05
GPR6,2.4431485017901374e-05
ALG10B,2.4427850609413575e-05
ALG10,2.4427850609413575e-05
RAB39B,2.4416629801370287e-05
MAGED4,2.4378627238417045e-05
MAGED4B,2.4378627238417045e-05
IMPA1,2.4374094153360612e-05
MICALL1,2.4359581497885883e-05
SUSD1,2.4355663628034547e-05
RPS6KL1,2.4351538039390745e-05
MPP2,2.4344439078103783e-05
PUS1,2.434315102040339e-05
RASD1,2.4341086751444193e-05
RAB3IL1,2.4321390019091882e-05
CA8,2.4318129533987364e-05
WDR16,2.430469190155628e-05
ASGR2,2.4283375100937586e-05
CFD,2.4272225974344713e-05
LACTB2,2.4257747680612073e-05
MEGF8,2.4256475551421256e-05
IGFBP6,2.4237115695551967e-05
UTS2,2.4226683325940487e-05
HES7,2.4221984997577057e-05
PYCR2,2.4217919659148655e-05
GLIS2,2.419764350138608e-05
TRAF3IP3,2.4189273461807257e-05
ATP13A2,2.416363905470127e-05
LRRC52,2.414891026009512e-05
DUOXA2,2.4118917348486136e-05
LRRC49,2.41120877655641e-05
KLK13,2.410408449085712e-05
BASP1,2.4090672558923377e-05
PAM,2.408625171846146e-05
DKKL1,2.4079858903608678e-05
CLSTN3,2.4076160817599927e-05
TPTE2,2.4061410368076118e-05
ZNF366,2.4056710685112523e-05
SNX13,2.4042023028942317e-05
SYT12,2.4039714023625912e-05
HIGD1B,2.4035816373249908e-05
SSH2,2.4022041036211655e-05
MYOF,2.4021213943139483e-05
EVI2B,2.3978427530683988e-05
ABTB1,2.396799778428305e-05
TIMM17B,2.3963189500876983e-05
RC3H2,2.3952454824522263e-05
HTRA1,2.394094985489018e-05
SLC27A5,2.3940088966360925e-05
TEKT3,2.393762517512087e-05
SLC6A13,2.3933613445618643e-05
PANX2,2.3900245053518417e-05
EMX2,2.3899584040144442e-05
TNFAIP8,2.3897797304304557e-05
UAP1L1,2.3893899624451265e-05
SLC41A2,2.386918876258852e-05
MTX1,2.3859048897416494e-05
CLASP2,2.3850362564056997e-05
CXXC1,2.3806078290138744e-05
DCUN1D2,2.3799900044150128e-05
IMMP2L,2.3796402151439415e-05
SLCO5A1,2.3764403065524555e-05
CRELD2,2.3758088456370682e-05
SLITRK2,2.3740660354457757e-05
IVD,2.3737535909706497e-05
STAP1,2.373347902968471e-05
IGSF6,2.3728201709352228e-05
CDCA7L,2.371254940805696e-05
CTTNBP2NL,2.3707096836279736e-05
ZBP1,2.369886033333575e-05
CXADR,2.3698508111834863e-05
ALOX5AP,2.369442474089688e-05
EXTL3,2.3693295084086582e-05
PHLDB3,2.367226929846523e-05
CDH13,2.3659064869127815e-05
DUSP16,2.364159652400176e-05
NUDT18,2.3588190150531797e-05
TSHZ2,2.357860553931106e-05
NAT9,2.3568383781305823e-05
TMEM119,2.356759722983615e-05
SYNPO2,2.3550634353278138e-05
GABRQ,2.3531690268698132e-05
BCL6B,2.352760543850659e-05
ORAI3,2.348007410996165e-05
PANK3,2.3463902595401647e-05
LTBP1,2.3458846221867743e-05
PCYT1B,2.3448865422030903e-05
SOBP,2.3444710362188107e-05
ARSB,2.341856223994297e-05
VRK2,2.3408339043437287e-05
SNF8,2.3384321017648135e-05
TTYH2,2.33809727377367e-05
TPPP,2.336865738295051e-05
CAMK1D,2.3366818008573614e-05
DZIP3,2.3363062730956253e-05
SLITRK1,2.3359844889831855e-05
FGD1,2.3356991665626322e-05
PMF1,2.3347071221966752e-05
SH2D1B,2.33469488401051e-05
TP53I3,2.3323569302841272e-05
ZBTB47,2.3322842561582056e-05
RHBDF2,2.3318178505563862e-05
ZNF444,2.3310422512548164e-05
TMLHE,2.3303758902723355e-05
SOHLH2,2.3268240745010713e-05
ATP10D,2.3262622657802107e-05
GJD3,2.3235275584062603e-05
DMPK,2.3224334150113022e-05
PRG4,2.315762295782125e-05
FAM46D,2.315244713461762e-05
OLFM4,2.3116945332899986e-05
LAIR1,2.310176204386437e-05
TRAIP,2.3094961315100696e-05
HIST1H1D,2.3093450548220074e-05
BTN3A1,2.306534197298517e-05
CASKIN1,2.3057516945947694e-05
WDR63,2.3050665784119352e-05
CAP2,2.304097163452703e-05
GSC,2.304034094830925e-05
TRIM22,2.3033139102324258e-05
MREG,2.301667714708452e-05
SLC35D1,2.3009979063513984e-05
TBC1D8B,2.3005558672940572e-05
ISPD,2.300281399867493e-05
MAP1A,2.2991080982775177e-05
LYZ,2.29724506899385e-05
SCGB3A1,2.296314177477165e-05
DLX6,2.2962297686621926e-05
PHLDB2,2.2951604365674918e-05
TPK1,2.293618891484866e-05
TLX2,2.2922085481635264e-05
FAM160A1,2.2916742015259612e-05
SERPINB5,2.2893676464223808e-05
TNS3,2.2863208427881024e-05
CPEB2,2.2861078288357757e-05
EPS8L3,2.284864853981609e-05
APOBEC3D,2.2804077669531126e-05
SLC5A7,2.2802842623966237e-05
LRP4,2.2798681267480327e-05
FPR3,2.2793011845581475e-05
TMC3,2.2775132520095667e-05
GOLIM4,2.2771135739724707e-05
KIAA0196,2.2752855563107995e-05
NPR3,2.2751318282321935e-05
HES4,2.2684083340515402e-05
FEZ1,2.2683699021823633e-05
BIN3,2.268131204771371e-05
FEM1C,2.2678369909054842e-05
ACMSD,2.2676611954069522e-05
CNTD2,2.267216464936213e-05
AUTS2,2.2670737618889703e-05
TTC7B,2.2664225515652114e-05
IDUA,2.2634090466063386e-05
SOHLH1,2.262444521998708e-05
ZNF239,2.261795232494761e-05
PLCH1,2.2612825322881505e-05
CFHR5,2.2601338260127254e-05
ADCK5,2.258760679278049e-05
HNF4G,2.257433454061075e-05
LTBP3,2.2571790525261857e-05
FRMPD2,2.2554894647620405e-05
MEIG1,2.25517903468926e-05
ARFRP1,2.2543148779251544e-05
GSPT2,2.252704024857915e-05
IGSF5,2.2489670989577527e-05
PDP1,2.2430223154846415e-05
C14orf2,2.241547306889822e-05
DRP2,2.2404101003660735e-05
ULBP1,2.2394727382266635e-05
CISD1,2.2388451571876673e-05
NUDT6,2.23877897107287e-05
TACC1,2.2368766783289448e-05
TMEM35,2.236057107587778e-05
CHCHD6,2.234539365412288e-05
AMICA1,2.234303803399859e-05
SDF2L1,2.2338049592665405e-05
CEP170,2.2291537463690328e-05
SGTB,2.228940106645645e-05
NARS2,2.228231261627668e-05
SLC25A19,2.2278112813905508e-05
NLRC5,2.225319399852907e-05
WSB1,2.2231970262729476e-05
SLC19A1,2.22255050284593e-05
LDOC1L,2.2211754290681274e-05
FBXW9,2.2201546240846083e-05
ADAT3,2.219993932584524e-05
GRAP,2.2192533354038804e-05
TSC22D4,2.2190518742799105e-05
RFXAP,2.21886573083737e-05
CLCNKB,2.2185036803419614e-05
FKBPL,2.2180050370753586e-05
NETO1,2.2177063131013985e-05
INMT,2.2148476395936966e-05
CDK2AP1,2.214474790115565e-05
RUSC1,2.2142597160018116e-05
TWF2,2.2135233531515466e-05
RDH13,2.21349978608238e-05
STK38,2.212584899594514e-05
ULBP2,2.211961991651711e-05
TRAM2,2.211824576057757e-05
SYT13,2.211625109893624e-05
PARVG,2.211019744375794e-05
NME5,2.2109872595452456e-05
MFI2,2.2079140958906853e-05
PLEKHA6,2.2074100827336568e-05
ABLIM2,2.2070051193723828e-05
BACE2,2.2060850768635285e-05
WDR6,2.2035912743236733e-05
TRMT2A,2.2033973355534936e-05
HRC,2.203154343036956e-05
FDXACB1,2.2024776102533742e-05
CKMT2,2.2016226029042644e-05
WDR83,2.1993700823058607e-05
KIF13B,2.1989040518301905e-05
ARHGAP21,2.1971430939901348e-05
CA7,2.1955646198599603e-05
GMPPB,2.1954023837001095e-05
SEMA3G,2.1953170477134696e-05
CLIP3,2.1922847875280986e-05
TBC1D10A,2.1919855203446462e-05
SPSB4,2.190837327662999e-05
CYP39A1,2.1884026806446344e-05
CORO1C,2.1857010885154405e-05
SEMA6B,2.1855628660932797e-05
CHRFAM7A,2.1845167385215553e-05
MCF2L2,2.1807286373384773e-05
CD300LB,2.1777561893972494e-05
WDR81,2.1754745580159893e-05
TNNI3K,2.173687022082933e-05
PARP10,2.173279373378111e-05
GPR1,2.172473390164911e-05
ESAM,2.168822318022945e-05
SVIP,2.167229606528516e-05
ISOC1,2.1642635812198244e-05
PYCRL,2.163189091082077e-05
GSG2,2.1597220671857666e-05
SLC6A12,2.159703509243075e-05
APOA1BP,2.1586901172142453e-05
NUDT17,2.158143742447821e-05
QRSL1,2.157013092587845e-05
ARHGAP23,2.156931483610321e-05
HEPHL1,2.15557555449157e-05
INTU,2.154529594486342e-05
LMF1,2.153742125397513e-05
NACA2,2.1529346475021145e-05
CYP4X1,2.152582523913173e-05
SYNPO2L,2.152498166650617e-05
RTTN,2.1487114009886475e-05
LPXN,2.147912608527519e-05
MTMR9,2.1475250080028927e-05
SKA2,2.146164512118947e-05
TIAF1,2.1452676998573372e-05
BRWD3,2.144711759950128e-05
DLEC1,2.144492291534948e-05
ESRP2,2.142786303142038e-05
HOXD9,2.1395219518994573e-05
INTS8,2.1391266130312112e-05
ST6GAL2,2.137746829574416e-05
PNLDC1,2.137455949557011e-05
FOXI2,2.1357877332803732e-05
CRYBB2,2.1335225629589812e-05
DPP8,2.1302522151213123e-05
AS3MT,2.1296458311440476e-05
TDRD6,2.1285334868688646e-05
CDK5RAP3,2.127405186514519e-05
PDPR,2.127100114589347e-05
PRAM1,2.125686095591228e-05
DCDC2,2.124142572945688e-05
CDK10,2.122091580887161e-05
RTN1,2.121521480306825e-05
EPM2AIP1,2.1194069139085317e-05
MLXIP,2.115809817274432e-05
RASAL1,2.1146075921981034e-05
DZIP1,2.1145074720800543e-05
RAB3C,2.113704788561899e-05
KLF9,2.1134116061198315e-05
SUV39H2,2.1133125440962775e-05
TXNDC5,2.1087889868228525e-05
LYPD3,2.1085882360824978e-05
FSTL1,2.1073444671551286e-05
KHDRBS2,2.10349924473467e-05
BRDT,2.101567775439802e-05
MMP19,2.1002602247777398e-05
NXF3,2.1000032004076973e-05
RASSF7,2.0993307617287885e-05
MDGA2,2.0989345458604656e-05
RNF145,2.0971874404266783e-05
CADM2,2.0969039163289502e-05
MYO9A,2.0959480745781956e-05
S1PR5,2.0949128253365914e-05
REXO2,2.0934600214121995e-05
KIRREL2,2.0925882694451715e-05
TTC21A,2.092327226097828e-05
NPPC,2.09214677576626e-05
ZNF710,2.0919230388449113e-05
ENDOG,2.090943072258212e-05
KIAA1524,2.0889091737218383e-05
CARD17,2.0876232656091564e-05
NLRP4,2.0873875290644823e-05
TUBG2,2.0864593939522753e-05
RLTPR,2.086315648792539e-05
GATS,2.0827535487128166e-05
SMYD2,2.07767403406171e-05
SPAG1,2.0761897166867988e-05
PPP1R9A,2.0760113052289357e-05
PTPRO,2.074604847291048e-05
MXD1,2.0731634679366038e-05
ASB9,2.0702560652327172e-05
ARL3,2.0696432086715514e-05
CPN2,2.069473004600994e-05
ZNF516,2.0693611941576374e-05
IL32,2.069009457869014e-05
RAB31,2.068733612783358e-05
KIAA1598,2.0682422954158645e-05
RNASE2,2.066269382819403e-05
CSNK1A1L,2.065663656474439e-05
MT1G,2.065128596007043e-05
B3GALT4,2.0629488931878e-05
OBSL1,2.060718042896284e-05
TCEAL1,2.0596477766676486e-05
HES6,2.059366007854812e-05
ANTXR1,2.057867108839783e-05
FKTN,2.055547010363299e-05
LIPH,2.0550572523423928e-05
CLEC9A,2.051628670822513e-05
IGSF8,2.0509613119138352e-05
C21orf91,2.050206361396339e-05
SPCS2,2.050023257716972e-05
ABCC9,2.049644820707232e-05
ZMYND8,2.0485720459197517e-05
DIAPH2,2.0478285946276846e-05
RCAN3,2.047433340841741e-05
CCDC13,2.047375029964902e-05
DOK3,2.04294710853906e-05
PLEKHO1,2.0413184095426792e-05
SPATA2L,2.0389535434959605e-05
ENKUR,2.0386782629659207e-05
MYLIP,2.0384495261953786e-05
ZNF639,2.0369919470547742e-05
CAPG,2.0337638717851638e-05
R3HCC1,2.0303598265778496e-05
PDXDC1,2.0301778782604507e-05
TCTEX1D1,2.0278320909666307e-05
LEPREL2,2.0277948996688994e-05
MS4A1,2.0268582010028963e-05
TOM1L1,2.0244974283861438e-05
PTPRN2,2.02363893544568e-05
SYNC,2.0226288881179034e-05
DENND1C,2.0221217970277636e-05
BTD,2.020585402662144e-05
ZBTB7B,2.018072000841954e-05
GCAT,2.016175941230913e-05
SFMBT2,2.0122267759633935e-05
RNF125,2.0115575787452842e-05
P2RY6,2.0113203757747927e-05
ADARB2,2.0098880506302056e-05
SLC7A2,2.0095320089891384e-05
POP7,2.0092396733444996e-05
POP1,2.0092396733444996e-05
EXOC6B,2.008771904707268e-05
ARL16,2.0079793460903896e-05
RASL11A,2.0079793460903896e-05
HIC1,2.007668172620961e-05
RPH3AL,2.0070516058025956e-05
SLC2A3,2.0070058661990768e-05
JPH3,2.005776011203039e-05
CDC42BPA,2.0035996362158747e-05
IYD,2.0035158157087345e-05
PNMAL1,2.0022506782124484e-05
NUPR1,2.00223625205423e-05
TEX2,2.0021104408640164e-05
FCRL5,2.0012167868253238e-05
IL18RAP,1.999284680842383e-05
TTC25,1.999123277589045e-05
CTU2,1.9990123804866512e-05
LILRA5,1.99791656887161e-05
RAP1GAP2,1.992363553011617e-05
CTNNBIP1,1.9911477852573716e-05
CCDC15,1.990294846150343e-05
SPIRE2,1.9898127728666766e-05
HPGD,1.9896666493943407e-05
CRABP1,1.9884933842661905e-05
SLC25A37,1.9884127725417277e-05
MYOZ3,1.9880809001621495e-05
KLF13,1.987262810681282e-05
TM6SF1,1.987223867243035e-05
SULF2,1.9867617221410593e-05
CTHRC1,1.9866013176737034e-05
ACRBP,1.985200033824061e-05
SHKBP1,1.9849321656377368e-05
RAP2B,1.9847818076528518e-05
DCLK3,1.9844347580172867e-05
PPP1R13L,1.98438992116844e-05
FRMD4B,1.983927766776216e-05
GLDN,1.98301566641728e-05
CCNI,1.9829125021328162e-05
PFN4,1.9827574974595566e-05
PAQR5,1.9827342255525267e-05
RAD54L2,1.98175892815688e-05
FAM69C,1.981178001810148e-05
TMC4,1.9806241963167547e-05
TMEM129,1.9798841718763685e-05
GIMAP8,1.9791842617420358e-05
GLRX2,1.9754910214344388e-05
MTSS1,1.9746405989811153e-05
GIMAP7,1.974366068836363e-05
CTDSPL,1.9740518775984858e-05
RNF126,1.9718984325078785e-05
MADCAM1,1.970497052776181e-05
DENND1B,1.9680302714760744e-05
TCN2,1.96582925837875e-05
PILRA,1.9648413383395232e-05
NRAP,1.9621913947226298e-05
PAPLN,1.96173802542707e-05
NACC1,1.961686703801737e-05
CDCP1,1.9613554570492352e-05
ZFYVE28,1.9610234856538328e-05
LSR,1.9607335588535253e-05
BMP2K,1.9592989717439478e-05
SLC35A3,1.9592063317494224e-05
GSDMB,1.9584456699496533e-05
FMN2,1.956246960522662e-05
KCNK7,1.9561103846369127e-05
SLC46A1,1.955472410360169e-05
GJB6,1.9541901106638215e-05
ASB15,1.95418818340123e-05
PDXP,1.9537335217820915e-05
SIGIRR,1.9536463248624598e-05
ITM2B,1.9531067491907808e-05
SERPINB9,1.9529990382556888e-05
XPO4,1.9525601629835008e-05
GALNS,1.9490544551648025e-05
MAN1A1,1.9479257863213595e-05
RGAG1,1.945090271375322e-05
AIP,1.9445498224465496e-05
ABHD12,1.9444674391134793e-05
IP6K3,1.942554740618301e-05
CD300A,1.9401395529770523e-05
RASAL3,1.9400780830486227e-05
DLG5,1.9399348343341177e-05
MPND,1.9397662210203882e-05
NAGLU,1.9388775251772976e-05
PPM1F,1.9385466391952204e-05
MCC,1.9381495318820783e-05
P2RY14,1.9377879767022366e-05
MORN3,1.9376604209614885e-05
KANK2,1.9373300346297355e-05
LPO,1.9364981716881154e-05
RPGRIP1,1.9359393719578877e-05
POMZP3,1.9345025594468255e-05
DAPK3,1.934028677578611e-05
FXYD7,1.9334997938557035e-05
GPR126,1.9334641254042784e-05
ANKHD1-EIF4EBP3,1.931772273515632e-05
TAPT1,1.9314762184580645e-05
HOXA2,1.9313030668280327e-05
PITX3,1.930417974506915e-05
CHST10,1.930112320263427e-05
MRVI1,1.9293843732844357e-05
HAPLN4,1.9287906247336292e-05
C1orf27,1.9266681110535127e-05
FAM63A,1.9250376549896306e-05
MICB,1.922942401050617e-05
NRK,1.9225942269282274e-05
PROSC,1.9198792610834155e-05
SCO2,1.9197421107031775e-05
NLRP12,1.9191807000841518e-05
GCHFR,1.9186936489078043e-05
FCRL3,1.9172445939618574e-05
APLP1,1.916337282407613e-05
NXNL2,1.9161674736827383e-05
THEMIS,1.915598844173211e-05
TMED3,1.9146968211532188e-05
TARS2,1.913889551386785e-05
THAP7,1.9112798143828877e-05
PDK4,1.9057828832593382e-05
CNGA3,1.9046926688507323e-05
TSPAN12,1.9038404921955442e-05
SYAP1,1.903136656115645e-05
SALL2,1.9029300043628927e-05
FUK,1.9026366614913168e-05
GTF3C6,1.9026264869268215e-05
HGFAC,1.9004893689384997e-05
ANKRD42,1.899802883502797e-05
C9orf41,1.8950239557751663e-05
DUSP10,1.8945402215694838e-05
SCUBE3,1.8924686374993846e-05
LAPTM4B,1.8896607865986252e-05
LYST,1.8892897873071796e-05
GPM6B,1.8889389926104312e-05
GPRIN1,1.8875758776689448e-05
AMMECR1,1.8854009536133062e-05
COL21A1,1.8845256550769808e-05
ACY1,1.884382416952055e-05
PDXK,1.8824121978090753e-05
NAAA,1.8815992791545156e-05
SP110,1.8798871929440476e-05
LYNX1,1.877735649546691e-05
UHMK1,1.8776693356163182e-05
SLC16A1,1.8774998685302777e-05
SOX7,1.8757039489424985e-05
CRYBB1,1.8707820142138524e-05
RSC1A1,1.8702855172774203e-05
NDP,1.8698890902080525e-05
NAT8,1.8695645457006856e-05
CELSR2,1.8686821350806775e-05
TPD52L1,1.868147480270057e-05
ZRANB3,1.8676665145414047e-05
NAF1,1.8675913068241427e-05
EHBP1,1.8674566676592703e-05
TPD52,1.866640312587946e-05
TSNARE1,1.8649360776925513e-05
GGH,1.8645020349022853e-05
MGP,1.863347312442874e-05
ESPNL,1.8625867266934407e-05
RINL,1.8624970137087763e-05
FNDC5,1.8622749335409714e-05
FAM167A,1.8614823745823247e-05
COL19A1,1.8599291084916695e-05
DPM3,1.8598206965997414e-05
LHFPL4,1.8594469227540353e-05
TBX1,1.858621598238405e-05
DENND2D,1.8543692073525927e-05
MAP4K2,1.854176595650257e-05
PEG3,1.85380469143832e-05
NINL,1.8533419239972084e-05
CTU1,1.8533006089926774e-05
FAM102B,1.853095780341069e-05
SAMD12,1.8529327787047083e-05
CPXM1,1.8527760220694942e-05
SLC4A5,1.8490833381805237e-05
DAPK2,1.8484237845079706e-05
BLVRB,1.847227166102996e-05
MANEA,1.845639461829508e-05
CLCN3,1.8429746465080546e-05
ARHGAP32,1.8427186000070413e-05
FAHD2B,1.8415377873516605e-05
SURF2,1.8384843821971907e-05
TXLNB,1.83800109188131e-05
FLAD1,1.8364551291395603e-05
REEP5,1.836165167351973e-05
TMEM189,1.835846441203739e-05
ARHGAP31,1.835671196342126e-05
CCDC135,1.8342279772478688e-05
CITED4,1.833415851266399e-05
GDF1,1.8326722073501608e-05
MICAL3,1.8325107904469663e-05
FAM161A,1.8309809953292858e-05
MEOX2,1.8302811333301275e-05
NEBL,1.8298445449114095e-05
LMCD1,1.8294601945432604e-05
HOXC10,1.8259718585684092e-05
KATNB1,1.8233415931475767e-05
DNAH9,1.8226949141600657e-05
COBLL1,1.8214250974789605e-05
GPR89B,1.8199479246598776e-05
PRDM6,1.8196731848034814e-05
FUZ,1.8188628911047893e-05
MYEOV2,1.8180420336076572e-05
RSU1,1.816599170228419e-05
SEMA4C,1.8157933609764394e-05
MARCH3,1.8136159295657998e-05
PCDH10,1.8134743163299088e-05
PKHD1,1.8132986010352138e-05
WARS,1.8132025740457016e-05
ANKS3,1.8129364024358812e-05
SCRT1,1.8104525046322888e-05
ZNF598,1.8103436582495073e-05
DFNA5,1.8100285370229884e-05
ARID3B,1.8097679559628983e-05
EXD3,1.8090974177069448e-05
KCNG1,1.8087310047597606e-05
TANC1,1.807615022433884e-05
SPSB3,1.8059273385837275e-05
CD93,1.80559148743554e-05
LRRN4CL,1.805253361014759e-05
COL22A1,1.8048965353231188e-05
CLEC5A,1.8023358221184893e-05
HSPB6,1.8015767074608764e-05
COBL,1.8001992193565358e-05
HAUS1,1.799099572996496e-05
KCNK10,1.799016760778617e-05
CA3,1.7987876934510714e-05
ABHD11,1.79853725335942e-05
PARP4,1.7965345165731783e-05
ERO1LB,1.796197961179537e-05
GRID2IP,1.7953265408413823e-05
NAP1L2,1.7920611346764968e-05
OLFM3,1.7918722178447828e-05
MKNK2,1.7905482228352646e-05
PPP1R3F,1.788271505416657e-05
PTH2R,1.7868825695804074e-05
ERP27,1.786825520121314e-05
CCDC66,1.7861370439468417e-05
SYNJ2BP,1.7838775877514882e-05
KLHL17,1.7825076526054654e-05
RBPMS2,1.7797502526197147e-05
PPP1R1A,1.7780752630901377e-05
DNAH12,1.776079032960526e-05
ADORA3,1.7749408668798047e-05
SENP7,1.7739668143992506e-05
ZNF827,1.7731445501888598e-05
INS-IGF2,1.772982766245744e-05
SLC43A1,1.7712864336522764e-05
ZDHHC14,1.771284788312665e-05
UCP2,1.769864064669387e-05
PRR5L,1.7672980406110503e-05
SPEF2,1.765615401449249e-05
LRRC4,1.7652847433061823e-05
ACSM1,1.76517483392548e-05
VCPIP1,1.764116281906106e-05
SERPINA6,1.762577310524681e-05
MOCOS,1.7597820457464315e-05
TRIM67,1.759715716909796e-05
DUS1L,1.7563583999714183e-05
ENPEP,1.756027202494463e-05
ADRA2B,1.7521851968589702e-05
C1orf162,1.750972888866804e-05
RASIP1,1.748489338771701e-05
SEPSECS,1.748072226570972e-05
SORCS2,1.746077562671014e-05
SLC12A9,1.74372148035392e-05
C19orf12,1.7432289520347666e-05
CLCN5,1.7421637606495872e-05
CD200R1,1.7416037233263202e-05
KCTD6,1.7405254507768413e-05
QRFPR,1.7396907398782856e-05
HAS2,1.738623852520642e-05
POF1B,1.7381000825754933e-05
FLYWCH1,1.738071813714617e-05
ADAM28,1.7375439048416603e-05
OCM,1.7356958886866032e-05
RFPL4A,1.7343077080174562e-05
PLXDC2,1.7319424887028096e-05
GPR18,1.7287407563267426e-05
MEF2B,1.7286200329745814e-05
GDPD4,1.727934136741376e-05
ZXDA,1.727426048365675e-05
ALDH8A1,1.727115238554532e-05
SGK494,1.7264393224021943e-05
FRYL,1.725432033914306e-05
TRIM54,1.7233692648415714e-05
CD101,1.721830585578855e-05
SLC25A35,1.7210032569052347e-05
ITFG1,1.720575092128471e-05
SBF1,1.7195729466414313e-05
SEZ6L,1.718220907329498e-05
TFCP2L1,1.7153189051390075e-05
SLC22A4,1.715075903309593e-05
RCN3,1.7141139975008778e-05
TAS2R4,1.7140193635811966e-05
C10orf12,1.7135344250126182e-05
CROCC,1.7132301429692795e-05
USP12,1.7129509548713815e-05
RND2,1.7113161385157866e-05
ECE2,1.7093441091676195e-05
FCGBP,1.7073747712623754e-05
ADAM9,1.7072354657219105e-05
S100A16,1.7072066678231128e-05
KLHL11,1.7061888964988323e-05
MAP1S,1.705056379949586e-05
PITPNM3,1.7016621366164374e-05
GPR153,1.7005132486277067e-05
EFCAB2,1.700373815408066e-05
SLC15A2,1.6996595383275818e-05
RUNDC3A,1.699519836387692e-05
SIPA1,1.698754508885528e-05
PXDN,1.6984251063486114e-05
GPR157,1.6977359133218244e-05
ASB2,1.697575595734766e-05
KIAA1731,1.6973847526342813e-05
ALPP,1.69657862049652e-05
NKX2-8,1.6943104924416852e-05
IL16,1.6917097643110622e-05
NENF,1.6892298352569616e-05
FBN3,1.6887165459814228e-05
ACYP2,1.6874754067878192e-05
CAMK1,1.6864353950887215e-05
TMEM44,1.6853297405671006e-05
ALKBH2,1.6849472003885217e-05
CLIC6,1.684818635930914e-05
ZNF644,1.6846685295686003e-05
TSPAN15,1.683483216400321e-05
KPNA5,1.6828466018450448e-05
TCTE1,1.6828045764663827e-05
ABHD8,1.6798982790014762e-05
ABHD2,1.6798982790014762e-05
XKR9,1.6796717257763064e-05
CRB2,1.6766081751940533e-05
FLRT1,1.6762042804476584e-05
APBB2,1.675712993798483e-05
C5orf42,1.6750941607809607e-05
KLHL34,1.6742340896802265e-05
HRH4,1.6717753731345305e-05
S100P,1.6715839520271967e-05
FAM188A,1.670664724297868e-05
QSOX2,1.6706152034290257e-05
DTD1,1.6700077406274454e-05
SPACA4,1.669258619754483e-05
SLC25A24,1.6683527224888428e-05
TRPM2,1.6682799909854002e-05
VTCN1,1.6674097601965708e-05
RHOBTB1,1.666321658812378e-05
DTX3L,1.6651528788525408e-05
NUDT14,1.6649028195838042e-05
TMX4,1.6643762265828457e-05
AGMAT,1.6641881677541026e-05
LRGUK,1.663216821973534e-05
TTF2,1.662924272007607e-05
DISP2,1.6600352024959676e-05
ZDHHC13,1.659456014454006e-05
CALCOCO1,1.6588423982821106e-05
ACTR3B,1.6585808237084303e-05
NKAIN1,1.6584816432734196e-05
TMEM182,1.656516725103044e-05
ROGDI,1.6564160829353283e-05
TMSB10,1.6561903371795303e-05
PCP4,1.655840183055364e-05
KCNK6,1.6547520087878616e-05
GSG1L,1.6539280266839767e-05
SEMA4G,1.6534084296202476e-05
TACSTD2,1.652904025874663e-05
SLC16A7,1.6524212518152832e-05
GBP5,1.6516909789660643e-05
HIPK1,1.651417958508157e-05
TCEAL6,1.6510896820339528e-05
TYRO3,1.650915719897066e-05
ABI3,1.650867748206539e-05
THOC6,1.6507394879687762e-05
IQSEC3,1.6505949221775812e-05
CLEC4A,1.6504893757971183e-05
PDRG1,1.650146784991601e-05
YIF1A,1.6489824875155212e-05
LYPD1,1.6488293404702852e-05
CD37,1.6478250710100345e-05
FAM127A,1.6476430553427684e-05
SLC26A8,1.647175455333513e-05
RPS19BP1,1.6471003728807202e-05
CCDC18,1.6465309459606716e-05
ZMIZ1,1.6426636661828297e-05
FRY,1.6421203980793127e-05
THEM5,1.6412617578315e-05
CDK18,1.6395143370333314e-05
NUAK1,1.6391701769909375e-05
CALU,1.6376061285317906e-05
NUP210L,1.637121955888217e-05
PTGFRN,1.634369906646785e-05
NLRP2,1.632079256360685e-05
BOLA3,1.630463463386732e-05
ADD2,1.6289663848318367e-05
CHRM4,1.628544314097298e-05
CCDC61,1.6284538968328496e-05
TMEM144,1.6281517493063143e-05
MFSD6,1.6245342885385522e-05
MYBL1,1.6228999054623492e-05
SMOX,1.622737317681067e-05
CRISP3,1.6226247600228813e-05
OTUD3,1.6220931766216545e-05
PLS1,1.6210953578069706e-05
CARS2,1.6188580002876956e-05
TPCN1,1.6183222398256418e-05
ARHGAP29,1.6182366954538125e-05
COL25A1,1.6172575326016056e-05
NXPH1,1.6163420462103503e-05
UBL4B,1.616128141665619e-05
CAPN14,1.6158437761207895e-05
APBA3,1.6153054047357335e-05
LIPT2,1.6147684550633995e-05
HPN,1.6143337341382324e-05
CC2D1A,1.613981886621258e-05
NIPSNAP3B,1.6137416463752246e-05
ZNHIT2,1.613621216843244e-05
MMACHC,1.6123217971679624e-05
CCDC64,1.6118788837668767e-05
GOLM1,1.610613132613268e-05
RIMBP3,1.61048479824187e-05
CAGE1,1.6103572681202456e-05
CLCNKA,1.610179513085293e-05
YIPF2,1.6093571661482637e-05
KIAA1328,1.609097313106807e-05
SPATA17,1.6090568655951144e-05
MTX3,1.6088922373706408e-05
CPVL,1.6084220965232006e-05
BLVRA,1.607744717300878e-05
ERI1,1.6069089311453176e-05
DOPEY2,1.6062857263564944e-05
SLC35F2,1.6062857263564944e-05
ARFGEF2,1.6057660412600277e-05
MYLK4,1.6040189399721732e-05
MT1F,1.6028477365731718e-05
LCA5L,1.6027765315660445e-05
MARCKSL1,1.6025716446806612e-05
SLC25A43,1.6020217950762502e-05
FHOD1,1.6017949169390782e-05
ENPP4,1.601719643960071e-05
UBASH3A,1.60093511342397e-05
FAM107B,1.6005758018119678e-05
SH2D3A,1.600481627814716e-05
PDK2,1.600473192298648e-05
CCDC8,1.6000375622951935e-05
RAB3D,1.5999033872044906e-05
BLOC1S1,1.5997637737475787e-05
ARMCX3,1.598810621021645e-05
PUS7L,1.5986260800403418e-05
GPR84,1.5984329824487144e-05
CLIP2,1.598097948048059e-05
SIGLEC15,1.597437509034386e-05
ARAP2,1.5952676082255957e-05
TMEM38B,1.5946767625807343e-05
ZNF541,1.5924497029025984e-05
ANKRD55,1.591875433578919e-05
PLEKHJ1,1.5912905495989082e-05
SIRPB1,1.5904672704573797e-05
MSLN,1.5903039527721906e-05
PRG2,1.5883160362106244e-05
CCDC12,1.5876797777272014e-05
ISM2,1.5861290308934948e-05
PLGLB2,1.5847819771142945e-05
CCDC85B,1.5841396456155333e-05
ETV3,1.5818843111472527e-05
FERMT1,1.581632391489507e-05
PELI1,1.580188038875664e-05
NPC2,1.579254061686372e-05
SLC25A13,1.5788797896354546e-05
SLC4A3,1.5786993445990816e-05
GLYATL1,1.5786133808102898e-05
DUOXA1,1.5779935055833644e-05
ATPIF1,1.5760877714467572e-05
EMB,1.574075431102198e-05
NPNT,1.573413932731486e-05
ZAK,1.5729081413153157e-05
HRH1,1.57220148223858e-05
TM4SF1,1.569043868032802e-05
LRIG2,1.5686775833243317e-05
INTS7,1.5668874508394878e-05
IQCG,1.5668497391847287e-05
ULBP3,1.5664109531899854e-05
STMN2,1.5646389223323377e-05
JMJD4,1.5640711523568796e-05
PCTP,1.5639619144804528e-05
PIM2,1.563864243152818e-05
SIGLEC7,1.5637952685230817e-05
TPSD1,1.5631811718213946e-05
CCDC85A,1.5613287220641345e-05
AZIN1,1.560749763231861e-05
MYO1E,1.5602834571743786e-05
ZDHHC17,1.559783202697075e-05
KIAA1161,1.5580016651627756e-05
PTPRCAP,1.557478589089955e-05
ANKRD2,1.5573847612754488e-05
HAVCR1,1.555971596325222e-05
CPNE4,1.5555903322162808e-05
RAB34,1.5555750156686117e-05
DOCK6,1.5550535711997442e-05
CUZD1,1.5531862519365033e-05
SPOCK1,1.5500165287565008e-05
SCUBE2,1.5493683857014096e-05
GPR158,1.545389374668544e-05
OPCML,1.545299548864834e-05
VAX1,1.5446332341585236e-05
CPEB4,1.5445690022531198e-05
PODXL2,1.5440312581200643e-05
FBXL19,1.5439991579452664e-05
BTBD19,1.54250170375871e-05
CCDC73,1.5407655355018656e-05
GPR22,1.5406203635794318e-05
CRYGS,1.540600703836375e-05
ZC3H13,1.5401457632634685e-05
CCDC125,1.539369572640338e-05
CCDC74B,1.5393496488860525e-05
DMXL1,1.5387346108696164e-05
SLN,1.5367269440018122e-05
KIF19,1.5364113623033542e-05
SAMD11,1.535889349923993e-05
FOXF1,1.5354023613659336e-05
TRIM2,1.5339373401127692e-05
TP53INP1,1.531582205111878e-05
FCRL1,1.5314914139824377e-05
MAP3K9,1.5311471187414786e-05
DNAJB2,1.5302143737332353e-05
EXPH5,1.5287942573407246e-05
FOXE3,1.5276391751841992e-05
CDC42EP3,1.52615093275054e-05
CDC42EP2,1.52615093275054e-05
SASH1,1.5254654102043674e-05
PRND,1.5252650379842857e-05
RNF166,1.5248930150831302e-05
C10orf2,1.5231679080106116e-05
AFAP1L2,1.522746734498808e-05
RTN2,1.5221619651977293e-05
TMCC3,1.5221089237852658e-05
FOXA3,1.5213125016239858e-05
DCDC2B,1.5212567567721589e-05
HEXIM2,1.5205391118467247e-05
TOR1AIP2,1.5202212613845749e-05
EYS,1.5200243103993443e-05
COL13A1,1.518132946196519e-05
NAALAD2,1.5180367938379312e-05
ZBTB41,1.5169835287448888e-05
TAGAP,1.5169444983602002e-05
MRC2,1.5155790253454224e-05
SPNS2,1.5151480319346675e-05
RAP1GAP,1.5143308674166372e-05
SLC22A18AS,1.5141985998070676e-05
CCDC102A,1.5139736831350266e-05
UCP3,1.5122889050051255e-05
FADS6,1.5122406175784596e-05
CXXC4,1.5103006525520317e-05
HIVEP2,1.5101500271032228e-05
ANGPTL2,1.5088823978494714e-05
SLC25A18,1.5087836237804456e-05
RASL11B,1.5043515552301232e-05
C10orf32,1.5035671958286032e-05
ALKBH6,1.5035491379899644e-05
ZBTB20,1.5002739447421503e-05
TRIM23,1.4989804801823513e-05
JAKMIP1,1.497712714096119e-05
GPR156,1.497712714096119e-05
CHRNE,1.4967110805124244e-05
STMN4,1.4961104312352057e-05
PTGR2,1.494555896610483e-05
SDR39U1,1.4934214860858151e-05
CRYBB3,1.4928240696718748e-05
HSH2D,1.489722225744787e-05
YIF1B,1.4880791587412297e-05
PATL2,1.487111093264423e-05
ANTXR2,1.4863709514043062e-05
HELZ,1.4862272461277443e-05
FYCO1,1.4859540072120034e-05
CD200,1.4845816799558682e-05
FOXD1,1.4840099014356403e-05
RCN1,1.4829449559488197e-05
GTPBP3,1.4825443764530074e-05
CKAP4,1.482539127663134e-05
MXD4,1.4754067411179066e-05
VNN1,1.4734244494045321e-05
DNAH14,1.4733479185953915e-05
FOLR1,1.4728215043462023e-05
TRIM3,1.4725630526511518e-05
CCDC69,1.4725114465611228e-05
STK31,1.4722293333549911e-05
WDR66,1.4712094716289535e-05
LYPD6,1.4708570583776801e-05
ZCCHC5,1.4686957313072904e-05
XIRP1,1.4682773359352788e-05
SLC29A4,1.4675267385631571e-05
PLLP,1.4666574918655073e-05
JPH1,1.4665479492785969e-05
VWC2,1.4661332091494595e-05
SP6,1.4655775216359628e-05
DPYSL4,1.4654544001223624e-05
FAM13A,1.4652939978275373e-05
FNDC4,1.4618439163898294e-05
MAN2C1,1.4608385735132378e-05
MVP,1.4606689227421831e-05
CAMKK1,1.4595861651300569e-05
ALKBH7,1.4588245225968351e-05
RAI2,1.4567820755795665e-05
WDR78,1.4564433696949191e-05
TTC37,1.4543266067404084e-05
NCKAP5L,1.4541944814081501e-05
ZACN,1.4534749747518174e-05
YPEL3,1.4531651146258417e-05
ZNRF2,1.4515894468576993e-05
PIGZ,1.450707145477107e-05
SGSM1,1.4500365738941242e-05
NHS,1.4489548237884669e-05
DNAH10,1.4477883494498303e-05
ATG16L2,1.4475558601205638e-05
GIMAP5,1.447019521352801e-05
ZNF280B,1.4466621230243398e-05
RGL3,1.4458247735282723e-05
UNC93B1,1.4450295732600574e-05
OSGIN2,1.4438304879281153e-05
CA13,1.4433208998571464e-05
MCOLN3,1.440830553114999e-05
CD248,1.439552629143652e-05
CORO2B,1.4382008802902684e-05
CDC42BPG,1.4350524554329863e-05
HPDL,1.4347502074477103e-05
PTP4A3,1.4343874177157277e-05
TOR2A,1.4342590683557126e-05
TRIM16,1.4330240968822792e-05
SH2D4A,1.4323795934955594e-05
KCNK1,1.4320183411748647e-05
STOM,1.430676390434803e-05
SYBU,1.430004801067014e-05
RHBDF1,1.4280255589568048e-05
FGF14,1.427806170210255e-05
CENPV,1.4267230010529878e-05
FAM181B,1.4265571977620974e-05
SLC12A4,1.4251548892456038e-05
FAM102A,1.4214571707480058e-05
HIPK4,1.4208878262822064e-05
KIAA0319L,1.4187595315924166e-05
OSR2,1.4185991576408456e-05
HLX,1.4181689375514053e-05
PHACTR1,1.4171891060608276e-05
DHTKD1,1.417057499930054e-05
RHD,1.416704911760258e-05
LBX2,1.4166469176486619e-05
CDKL1,1.4160157467280494e-05
TUBE1,1.4149437155384457e-05
DIRAS2,1.414894237706848e-05
ALG8,1.413782547190373e-05
PRRG4,1.4131448320750646e-05
KBTBD7,1.4129299811254017e-05
THOP1,1.4128335793901326e-05
DNMBP,1.4110498748855755e-05
TSPAN5,1.4104118159142743e-05
RIMKLA,1.410085697940161e-05
ELOVL5,1.4092208295026934e-05
C1orf112,1.4079098971920139e-05
MKRN3,1.407449714190257e-05
TEX264,1.4070932233632661e-05
TTC14,1.4066113262079635e-05
LRMP,1.4058845078589965e-05
CAPN8,1.405840954193903e-05
PPIP5K2,1.4052668775325114e-05
SYT16,1.4047156009409687e-05
AFAP1,1.4012659344565193e-05
RRBP1,1.3999108953752703e-05
CLSTN2,1.3992260081826165e-05
CBLN2,1.3991660162662746e-05
TFAP4,1.3985787558910315e-05
NAP1L5,1.3968016794360508e-05
TOP1MT,1.3967676693109425e-05
STEAP2,1.3936870731726886e-05
JMJD1C,1.3914285674320667e-05
MEGF10,1.3904766222299548e-05
TREML2,1.3884571171285967e-05
CXXC5,1.3882683601113753e-05
ENPP2,1.3871135270375084e-05
RASSF2,1.3870278602591127e-05
IGSF1,1.3840573925465268e-05
GLIS3,1.3839891000701738e-05
OVOL2,1.3820848007568137e-05
GIMAP4,1.3819883491564598e-05
KIAA1462,1.3810662941544313e-05
ANKRD10,1.3798657988840636e-05
GMFG,1.3788536291040794e-05
RNASE6,1.3785832286402646e-05
SLC12A8,1.3765353632382844e-05
PGBD5,1.3764662470051573e-05
ARFGEF1,1.3760392298967525e-05
NUDT4,1.3757553551652887e-05
ST6GALNAC5,1.373701485907357e-05
OR2W3,1.3707678016155475e-05
FAM129A,1.3707554964558802e-05
FAM184B,1.3680257433842838e-05
PPP1R14D,1.3673895718969392e-05
CCNI2,1.3667704112601896e-05
DARS2,1.3664861197677055e-05
CD96,1.3660300452511403e-05
PRDM12,1.3648294783879016e-05
HECW1,1.3648276967903413e-05
SAMD5,1.3646733443560622e-05
DOC2B,1.3628879518897605e-05
RASSF10,1.362559798287949e-05
FOLR2,1.3620844487194761e-05
ZSCAN16,1.3619748833050342e-05
ACOT9,1.360069238437591e-05
KIF1B,1.3596755546867973e-05
FAM83F,1.357523781242548e-05
SLC16A10,1.3573245543414564e-05
SLCO1C1,1.3573245543414564e-05
GPR39,1.356521704345895e-05
CLEC12A,1.3561496416649663e-05
C1QL1,1.3560815949083545e-05
ACYP1,1.3553764590853069e-05
SLC47A2,1.3552858835448617e-05
PTRH2,1.354138980250956e-05
C1orf111,1.3526323898343702e-05
HIPK3,1.351502742103842e-05
TNFAIP8L2,1.3509008280777692e-05
TNFAIP8L1,1.3509008280777692e-05
CCPG1,1.3496338356330902e-05
ERICH1,1.3495018526325885e-05
SLC38A5,1.3488223697884688e-05
LRRIQ1,1.3486234360322287e-05
HYAL3,1.3457855017729835e-05
TRIB2,1.3454671780062136e-05
CAPN10,1.3453296663650288e-05
HOXB9,1.3448168612869224e-05
THTPA,1.344361742937408e-05
TMC8,1.3437839453935074e-05
TMUB1,1.3432820543703953e-05
CYB5RL,1.341897902667218e-05
PI15,1.340166395898165e-05
ECM1,1.3397772657349113e-05
ASCL2,1.3380966402634131e-05
HAUS7,1.337979317512139e-05
SLC6A17,1.3374561215341666e-05
CAMK1G,1.337341495709916e-05
SLC13A4,1.3372832929621419e-05
SPATA5,1.3360653558712031e-05
POLRMT,1.3360097007781256e-05
ATG2B,1.33572226282289e-05
NXPH3,1.3344892268367984e-05
CYB561,1.3340690014009683e-05
CASC1,1.3336904343099654e-05
C11orf74,1.3328964802489813e-05
DENND3,1.3320016169525188e-05
TTPA,1.3319507052452154e-05
AIFM3,1.3314153172299422e-05
C1QTNF9,1.3310920002337802e-05
ZDHHC8,1.3310915887776063e-05
AGR3,1.3301503261371395e-05
NOP16,1.3298139876755713e-05
GNPTG,1.3295132603931944e-05
LIMS3,1.3292364177532693e-05
AHNAK2,1.327138340878146e-05
FBXL2,1.326121239133785e-05
DRAP1,1.3255299303041987e-05
CLIC2,1.3252177870077328e-05
SH2D3C,1.3247976496521185e-05
CCHCR1,1.3235040491143307e-05
COL23A1,1.3229018532527102e-05
MAPK15,1.3225452969667913e-05
PVRIG,1.3224726153508864e-05
LGI3,1.3215062718849004e-05
LGI4,1.3215062718849004e-05
PRDM8,1.3207539807932199e-05
DNAJC15,1.3185491531653273e-05
SERTAD4,1.3184797340269142e-05
ACOT7,1.3168695228171117e-05
WBSCR27,1.3158570354226259e-05
GPR116,1.3157061886648915e-05
ZNF597,1.3147166576365845e-05
MSR1,1.3143351578202082e-05
NLN,1.3135094837180503e-05
ZSCAN18,1.3126782841805263e-05
ARSD,1.3122651396918965e-05
BHLHA15,1.3120698811693903e-05
LRRC48,1.3115628092906584e-05
ATCAY,1.3115216485622879e-05
ICAM4,1.3109916483700823e-05
ANKRD34B,1.3091470708681755e-05
SLC6A8,1.3077925820312934e-05
LRP5L,1.3077534563731154e-05
SMTNL1,1.3076274566316479e-05
FMNL2,1.3064938551103622e-05
ABCC1,1.3061648472794115e-05
PLEKHA2,1.3061000708782196e-05
BOLA1,1.304890607754116e-05
KIF6,1.3041557830683744e-05
PALM3,1.3040940845527394e-05
PDZD2,1.3013714021524448e-05
KIAA1147,1.3007578595990734e-05
IRX2,1.2989588839301163e-05
RCAN2,1.2986251831498621e-05
GPM6A,1.2983189898556487e-05
GGTLC1,1.2982472666245515e-05
SLC22A17,1.2974888826566372e-05
MDGA1,1.2956068773377053e-05
ARFIP2,1.294762940552664e-05
C2CD2L,1.2941940847918054e-05
LRRC56,1.2932176935841029e-05
RNF150,1.2929018514691632e-05
CELF2,1.2924779499568377e-05
EXOC3L2,1.2911756769331186e-05
C6orf15,1.290862947548044e-05
MPPED2,1.2900955114497686e-05
ITGBL1,1.290076304153182e-05
HSPB9,1.2898397085621345e-05
DIXDC1,1.2889800426436479e-05
PTGER2,1.2887083171977932e-05
GPR183,1.2878032394671102e-05
EFHC2,1.2875933548416979e-05
SLC9A6,1.2863957103625687e-05
NIPSNAP1,1.2862598485600459e-05
BATF2,1.2854602540154126e-05
ZNF276,1.2854307600183314e-05
ENPP6,1.2840637535866715e-05
TMEM106B,1.2818989868561347e-05
PADI3,1.2813635906330493e-05
SHISA7,1.2806373547206619e-05
ZNF281,1.2802163225902279e-05
FMO1,1.279661739281741e-05
FMO3,1.279661739281741e-05
FMO2,1.279661739281741e-05
FMO4,1.279661739281741e-05
MEOX1,1.2777822061186946e-05
PHKG1,1.277257287545453e-05
SLC28A1,1.2768159668562318e-05
TCERG1L,1.2760334345280782e-05
KIAA1429,1.2759477214524564e-05
NCAM2,1.2748207621500534e-05
ZNF141,1.273615183770301e-05
TMEM9,1.2732914295346446e-05
RIBC1,1.271575658054889e-05
ZNF496,1.2706036447907094e-05
GJC3,1.2704312747524298e-05
ZNF609,1.2689601773767957e-05
PTGIR,1.2685363961232714e-05
ERAP1,1.2679436983464879e-05
KIAA0195,1.2675021243684188e-05
SULT1C2,1.2671932079822094e-05
SPATA4,1.2669831368906582e-05
FAM126A,1.2651704381712456e-05
PEX11G,1.262791191533347e-05
LMOD3,1.2626026892832363e-05
IGSF9B,1.2622611742016054e-05
HYAL1,1.2622340076934212e-05
PRDM11,1.2622174167155401e-05
TRMU,1.2600075099197692e-05
FAM109B,1.2590805622738701e-05
CCRN4L,1.258160436741742e-05
FAM73B,1.2565906324085525e-05
CRYBA4,1.2541750239730792e-05
TBKBP1,1.2535702535586002e-05
ACAD11,1.2517592051280333e-05
FDX1L,1.2516696817559025e-05
ARHGAP6,1.2509030900559767e-05
TOMM20L,1.2503023988175762e-05
POTEE,1.2500150130094575e-05
NUDT13,1.2498957893791311e-05
HYI,1.2496504038199789e-05
PLEKHG7,1.2489284082372433e-05
EML5,1.2484976479487236e-05
LONP1,1.2475586074182498e-05
MKL2,1.2466683601272066e-05
PIH1D2,1.2460940780705853e-05
TRIM36,1.2441303708388255e-05
GRAMD1B,1.2438366782093599e-05
ASAP3,1.2435570249092359e-05
DCUN1D5,1.2432268307969523e-05
LIMA1,1.2424996690873932e-05
ZNF420,1.2422428870802506e-05
ANKDD1A,1.2419904854839673e-05
CREBL2,1.241855564745656e-05
ETV7,1.241855564745656e-05
RTN4RL1,1.2414586033245836e-05
SAMSN1,1.2393301389373776e-05
IL1RL1,1.2383561347898372e-05
DDAH1,1.2383472188455392e-05
RGAG4,1.2380653189423863e-05
C4orf29,1.237615541409105e-05
TMEM161A,1.2368058879577047e-05
CASD1,1.2367093473645692e-05
P4HTM,1.2362911284982538e-05
ZNF511,1.2347945971946731e-05
PHOSPHO2,1.2339827025134175e-05
ZC3H6,1.233676916423351e-05
KIAA1841,1.233136819712146e-05
CD84,1.2302269574745546e-05
GLIS1,1.2291004044506036e-05
ARHGEF16,1.228549130843115e-05
NEURL2,1.2275047128560303e-05
TBX6,1.2269925523522387e-05
SLC29A2,1.2265944968771652e-05
COCH,1.2216225151976317e-05
ACSM5,1.221519789566317e-05
ANKRD46,1.2201539892877665e-05
DACT1,1.2201080221616341e-05
AGBL2,1.2198614637140748e-05
OSBPL5,1.217978941952807e-05
BAIAP3,1.2174344311784757e-05
TMEM219,1.2173429935310921e-05
SLC44A1,1.2171524327735895e-05
CCDC138,1.2166067375246507e-05
SNAPC2,1.2160992377908978e-05
WDYHV1,1.2143055327480465e-05
EXTL2,1.2141064087930175e-05
TRIM55,1.2138277059354357e-05
MICAL2,1.2136050031789327e-05
CTCFL,1.212985528771911e-05
EMILIN1,1.2123322627613155e-05
LY9,1.211768368934372e-05
EPPK1,1.2115135939893695e-05
ZNF280A,1.2109440249293947e-05
SPOCK2,1.2097984816688315e-05
LY6E,1.2093107930610588e-05
PRKRIR,1.208999118200226e-05
NPAS3,1.208555004588018e-05
FRK,1.2080210162630262e-05
WDR27,1.2070538529012231e-05
C11orf49,1.2066687306826164e-05
NICN1,1.2066687306826164e-05
SAC3D1,1.2065799394849246e-05
HOXC8,1.2056125098230402e-05
SLC28A3,1.2054534747827999e-05
SH3BGRL,1.2052757178198405e-05
ARMC9,1.2050461552450934e-05
LIMS2,1.2049693029034766e-05
MCF2L,1.204492835174584e-05
PAQR8,1.2044130361651375e-05
DACH2,1.203257614955073e-05
SLC35B1,1.2014056125686064e-05
NRGN,1.2013319521513331e-05
ELMOD2,1.2011371380813681e-05
ZDHHC21,1.1995782228491041e-05
PPTC7,1.1979198838487201e-05
FCAMR,1.1966062852297521e-05
FRRS1,1.196516206362834e-05
ARL4C,1.1929896099102148e-05
RTN4RL2,1.1921282815999557e-05
AJAP1,1.1905893801630263e-05
USP37,1.190584755008418e-05
ANKRD29,1.1905528090525916e-05
HNMT,1.1903897983906902e-05
EGFL7,1.1889342881511113e-05
ABCA6,1.1883737761575084e-05
FCRL2,1.1877811475734547e-05
C15orf27,1.185576114239092e-05
SLC13A3,1.1853303213413995e-05
GPR56,1.1850605739471083e-05
RCOR3,1.1848286434124426e-05
LRRIQ3,1.1847568414221084e-05
ARRDC1,1.182902485066526e-05
RILP,1.1827352257204546e-05
IMPG1,1.182147966835291e-05
RFESD,1.1814503384286234e-05
TBXAS1,1.1792023713825425e-05
NAGPA,1.1789027875679265e-05
SPIRE1,1.1772155517505458e-05
KIAA0513,1.1764958539850747e-05
TTC7A,1.1760971137728191e-05
EEPD1,1.175563956313727e-05
ATHL1,1.1755435919850552e-05
FGD4,1.175513283908353e-05
VNN3,1.1745755341734676e-05
EPX,1.1741794815032922e-05
VWCE,1.1740511709756099e-05
ARHGAP20,1.173438241884119e-05
IRX4,1.1687540340884014e-05
CD180,1.1677200880011393e-05
DIRC1,1.165553979515747e-05
C21orf2,1.1649098276044869e-05
SRRM3,1.1644810050799076e-05
RBM20,1.1634292775634053e-05
FGFBP3,1.1622782494895477e-05
JRK,1.1620899068593389e-05
CAMK2N2,1.1616640867673569e-05
TMED6,1.161586639352148e-05
CERKL,1.160958776458398e-05
NLRP7,1.1609568322623178e-05
TRIL,1.159023703401331e-05
SLAMF7,1.1581157165172915e-05
CCDC86,1.1568686142741037e-05
ZSCAN1,1.1567566069639979e-05
PRR19,1.1539634754304105e-05
RILPL2,1.1536834136663024e-05
NYNRIN,1.1502797704988488e-05
ANKRD50,1.1495201102926007e-05
CORO1B,1.1486836161264472e-05
TTBK1,1.1477356275825323e-05
RAPH1,1.1476617694041425e-05
IPCEF1,1.147140617125283e-05
SSX2IP,1.1470097793976373e-05
STYK1,1.1460731162240042e-05
CNPY3,1.1459688448380265e-05
C6orf1,1.143781472958255e-05
ZNF703,1.1423391114616506e-05
PCP2,1.1419862236631127e-05
CLEC4D,1.1407223839267892e-05
ARSG,1.1406217203583004e-05
HEATR6,1.1404581160264006e-05
SHPK,1.1404287520044499e-05
NUBPL,1.1395414363810987e-05
KCNK17,1.1383557825855861e-05
PABPC3,1.1367760077201002e-05
MID2,1.1367700661590413e-05
NET1,1.1360758000274967e-05
CCDC67,1.135866335628394e-05
ARHGEF3,1.1357153383126795e-05
ZNF488,1.1342779469419034e-05
BZW2,1.1339092647234956e-05
TAPBPL,1.1334954423318058e-05
ANKRD23,1.1327960459430716e-05
GPR125,1.1305011793905172e-05
PAX1,1.1291399659153954e-05
CA5B,1.128781832326445e-05
UBXN10,1.1287404643890739e-05
CYYR1,1.127784083778007e-05
SLC12A7,1.1277121847840403e-05
SLC22A3,1.1270946548288606e-05
MFHAS1,1.1270847801652612e-05
BEX5,1.1269150675772655e-05
SRPK1,1.1265032630722155e-05
TSPAN13,1.1262502554415924e-05
BTN2A2,1.1261581148299865e-05
TRIM47,1.1253456014154613e-05
KIFC2,1.1253009700055831e-05
BEND6,1.1251179784800673e-05
DDT,1.1242298362881314e-05
STARD13,1.123937919499547e-05
NPDC1,1.1235939079158462e-05
NNAT,1.1232753169720253e-05
DHX40,1.1223946641787776e-05
GK5,1.121256775804282e-05
TCEAL7,1.1211324954905564e-05
SSSCA1,1.1205971429199892e-05
TXNDC16,1.1205125455488107e-05
NRSN1,1.1203374946230865e-05
IGSF11,1.1196375051076991e-05
KLHL30,1.1195555451789551e-05
PSORS1C1,1.1195310278379548e-05
ELMOD1,1.1171077645575384e-05
POC1A,1.1151015173258206e-05
PPM1K,1.1135596579130715e-05
TTBK2,1.1135498985240799e-05
HERC1,1.1125466051100794e-05
TMEM120A,1.1122129603783873e-05
STARD8,1.1115359442629054e-05
PPAPDC3,1.1100650477546302e-05
AMDHD1,1.1099885769433043e-05
MPP4,1.1097451189210036e-05
CDR1,1.1093963852138318e-05
TSPAN3,1.1084618818644433e-05
RHOBTB2,1.1081236341475466e-05
GIMAP6,1.1070945800939426e-05
SYTL2,1.1064638759455048e-05
ZNF483,1.1060910558947137e-05
CLIP4,1.1056618387541363e-05
SLC22A2,1.1056049754434793e-05
VN1R1,1.105159504100307e-05
ANKMY2,1.1049926293102704e-05
ADAM8,1.1034750353155144e-05
MAGEH1,1.1027414336489168e-05
ZNF385B,1.1020532541389983e-05
ORAOV1,1.1018373330561986e-05
FBXO16,1.09882918794175e-05
DENND4C,1.0985791804711267e-05
DDAH2,1.0984361685250201e-05
PPIL6,1.0979080600437966e-05
ATP2C2,1.0973537697728156e-05
GSDMC,1.0968564694070134e-05
CCNJ,1.0968208242346919e-05
MAST1,1.0967486568338023e-05
MAN2B1,1.0960926827027925e-05
ATP8B4,1.0952405132372216e-05
ATP8A2,1.0952405132372216e-05
ATP10B,1.0952405132372216e-05
ATP8B2,1.0952405132372216e-05
ATP11A,1.0952405132372216e-05
AP1AR,1.0948562781855198e-05
LRCH3,1.0935581696229597e-05
CECR5,1.0935449568448894e-05
GPR152,1.0917198599926129e-05
HEPACAM2,1.0907229011871738e-05
CCDC137,1.0902251644921833e-05
FGD6,1.090201990900848e-05
AFAP1L1,1.0898893419422663e-05
SDR42E1,1.0897396331965586e-05
MICALL2,1.0883408911763676e-05
AMN,1.0844842779621464e-05
FCGR1B,1.0832528343201672e-05
FAM174B,1.0821050318377054e-05
ARHGEF17,1.0807036779681324e-05
FAM65B,1.080077889863836e-05
KIAA1377,1.0780348483160477e-05
MAP3K6,1.0776621975653764e-05
ZNF628,1.077622225030297e-05
ODF4,1.0765736056818316e-05
SPAG8,1.076405721631751e-05
FBXO39,1.076405721631751e-05
TUBD1,1.0753960677718382e-05
MYO1D,1.0753051201368937e-05
PDLIM1,1.0750180932653902e-05
PATL1,1.0749034647111269e-05
CADM4,1.074312257328952e-05
GCM1,1.074080843326574e-05
ST8SIA4,1.0730589388903e-05
CSMD1,1.0720712564668504e-05
CEACAM6,1.0707974305797985e-05
NEXN,1.0707777040154345e-05
PMM1,1.069837585775035e-05
NKD2,1.0692312707241622e-05
LRRC23,1.0677472301288023e-05
TLR10,1.0676982286609348e-05
DHRS7B,1.0674324646844453e-05
ARL11,1.0671949989945674e-05
TIGD3,1.0671703485425391e-05
GPR35,1.066250362464706e-05
BCAS4,1.0652281934265e-05
MPPED1,1.064884491400838e-05
TTLL4,1.0648709399106229e-05
SERPINB8,1.0647141130508579e-05
HAUS8,1.0637919474824041e-05
LY6K,1.0637418688286772e-05
C17orf59,1.063413702289454e-05
TXNDC2,1.0628276385554623e-05
PKD1L1,1.0622578575657772e-05
PAPD5,1.061291061218656e-05
QSER1,1.0608813046038963e-05
CCDC28B,1.0607703610691465e-05
NDUFA4L2,1.0598097282908638e-05
SLC4A11,1.0590569410096729e-05
RFX7,1.0586686540729108e-05
SLC43A2,1.0580133423528773e-05
HIVEP1,1.0579389829801594e-05
ZBTB7C,1.0573992865741947e-05
MSMP,1.0571309843458764e-05
ZFP36L2,1.0568598084649527e-05
GRAMD3,1.056510891345595e-05
PALM,1.056014188695783e-05
ELAVL2,1.0549318331962893e-05
PUSL1,1.054112642852831e-05
RIPPLY1,1.053754597926887e-05
KRT3,1.052321391129825e-05
PSMG3,1.0512087782021142e-05
C11orf70,1.0503824409362372e-05
GZMM,1.0481418201335432e-05
KCTD12,1.0469901098851614e-05
UNC119B,1.0455972596690301e-05
MPP3,1.0455724612598738e-05
TRIM56,1.0450970040231075e-05
C15orf59,1.0432887539601488e-05
RCAN1,1.0428789076298176e-05
RP2,1.0420081800365218e-05
PRR11,1.0413368926645332e-05
LEKR1,1.039398465650728e-05
TMEM160,1.0390647010870027e-05
CCDC85C,1.0383989457557924e-05
AP3B2,1.0370348083120303e-05
QSOX1,1.0370040888022249e-05
BNIPL,1.0370040888022249e-05
GPR87,1.036760731734126e-05
ESYT3,1.0366764897184115e-05
KRTCAP2,1.0364705231416185e-05
SLC27A6,1.0363080324787073e-05
RHBDL2,1.036164088721848e-05
SYT6,1.0358199276068348e-05
LRCH1,1.0353597100374958e-05
ZNF575,1.0352212225707011e-05
SYNGR1,1.0352147401711691e-05
MS4A7,1.0340296996744632e-05
RAET1L,1.0337810750390952e-05
RAET1G,1.0337810750390952e-05
ODF2L,1.0337173433308587e-05
FAM107A,1.0335214795586262e-05
SLCO2A1,1.033213902795645e-05
CCDC130,1.0326204343818682e-05
MAGEL2,1.0319163059505342e-05
HOXA4,1.0309120300807463e-05
TACR2,1.0308452811141444e-05
DENND2A,1.0307985266740895e-05
DENND2C,1.0307985266740895e-05
REEP2,1.0307396247814357e-05
DMXL2,1.0306730161757695e-05
CLYBL,1.030415073022881e-05
E4F1,1.0296769701940813e-05
PILRB,1.0296638339913581e-05
AKAP8L,1.0285708853196097e-05
C16orf59,1.0272574124595705e-05
C14orf80,1.0272574124595705e-05
DENND5B,1.02560136056096e-05
RASGEF1A,1.0244440312459088e-05
LRRC66,1.0243388198500118e-05
ZNF677,1.0243388198500118e-05
TPST2,1.0227625672651181e-05
LYSMD3,1.0220815087703556e-05
CD97,1.0209941909004689e-05
SPRN,1.02087900669644e-05
KLHDC1,1.0206119845960579e-05
ACRV1,1.0193979065758895e-05
TMIGD2,1.0184354582561581e-05
TACC2,1.0171840546568764e-05
GPR111,1.0168887602495897e-05
PMEPA1,1.0164327146556254e-05
FCAR,1.0148275214671155e-05
FGF11,1.0143922454137626e-05
CCDC17,1.0132980669928307e-05
TSPAN31,1.0129812252127162e-05
BARX1,1.0114912953289122e-05
PDZK1IP1,1.0102116545824687e-05
MICAL1,1.009682921959808e-05
GPATCH2,1.0092951287456368e-05
KLHDC3,1.008509421486483e-05
TMC6,1.0079054409737923e-05
SMAGP,1.0068985755429094e-05
NR6A1,1.0052097381618707e-05
C11orf85,1.0040729657548026e-05
TREML4,1.0039320202535271e-05
RNF141,1.0035162701515068e-05
PHF3,1.0023530906304263e-05
ZNF750,1.0020952181647445e-05
OSBPL1A,1.00181381610804e-05
ATL3,1.0007256613822095e-05
FBXL13,1.0007192553264113e-05
BAIAP2L1,1.0006083229432353e-05
THRSP,9.991500572297549e-06
CCDC57,9.991500572297549e-06
USP49,9.991298355093655e-06
CNTNAP3,9.989921755158258e-06
FMNL3,9.984122257331979e-06
C1orf177,9.978885645063092e-06
AKR7A3,9.976202925537147e-06
GJC2,9.974548070671271e-06
DNAH7,9.973545814146658e-06
PARP8,9.972710626464713e-06
NECAB3,9.955260498484307e-06
IL18BP,9.951920308644112e-06
CLEC14A,9.951123254868895e-06
ZNF524,9.948117144473826e-06
ARL4A,9.946412617801237e-06
PDLIM2,9.943383460983437e-06
HRSP12,9.937468910236059e-06
NLRX1,9.921041906138236e-06
DDIT4L,9.911207253643833e-06
UEVLD,9.902334653788272e-06
ANXA10,9.901946441916955e-06
FAM91A1,9.89670719041383e-06
SCAI,9.890671639232015e-06
OCIAD2,9.877538342181514e-06
ARID5B,9.87056294153485e-06
IRGM,9.869703006327605e-06
HMGN5,9.868780916264094e-06
MAP9,9.849932155151795e-06
SNAI3,9.837687462977664e-06
TRIM29,9.828377369535683e-06
TMTC2,9.821669849859635e-06
KIAA1217,9.821669849859635e-06
PDCD5,9.81930038944886e-06
LRRC19,9.80619206368196e-06
LIMCH1,9.796259695415535e-06
C8orf59,9.796259695415535e-06
SLC14A2,9.791736784983862e-06
EFS,9.789476212170133e-06
ART5,9.785307434946406e-06
TBC1D16,9.776667950454808e-06
FRMD5,9.764104581108152e-06
CLK1,9.76113374856017e-06
ABCC6,9.754687294334335e-06
FBLN7,9.747047146413469e-06
SIGLEC10,9.719035956616956e-06
STK32B,9.71804392925908e-06
ACTBL2,9.694142278513604e-06
UFSP1,9.69119755705252e-06
MURC,9.68954608443338e-06
PPP1R14B,9.685346313617472e-06
OGFOD2,9.684987322005298e-06
FAM83G,9.68330771848457e-06
CYB5R1,9.67609188410552e-06
CYB5R2,9.67609188410552e-06
CRAMP1L,9.675052130719348e-06
TRERF1,9.667161342629958e-06
CHAD,9.661475010190347e-06
LRRC32,9.660046837829065e-06
HYAL4,9.648228449619488e-06
TNFAIP2,9.64814925408295e-06
ARL13A,9.642123533574105e-06
ZFP36L1,9.642011818435297e-06
IRX3,9.634906078613512e-06
AZGP1,9.624996351334427e-06
TAS2R5,9.620241033388879e-06
TAS2R20,9.620241033388879e-06
TAS2R3,9.620241033388879e-06
TAS2R14,9.620241033388879e-06
TAS2R10,9.620241033388879e-06
TAS2R31,9.620241033388879e-06
TAS2R19,9.620241033388879e-06
BTN3A3,9.619058995770948e-06
BTN3A2,9.619058995770948e-06
SNCB,9.616192474442111e-06
FBXW10,9.607135306490223e-06
ZNF653,9.595837266310225e-06
MMP28,9.592561068272303e-06
CADPS2,9.587123946858854e-06
MDM1,9.580744825781123e-06
SLC35E3,9.580744825781123e-06
PRR7,9.569982306232628e-06
RGL4,9.563197333853039e-06
PLSCR3,9.56297731239842e-06
APBB3,9.561390863793853e-06
VSNL1,9.555614077239283e-06
CCDC82,9.535545771760575e-06
DOCK5,9.517266057365013e-06
TMBIM4,9.512344948801697e-06
GPR88,9.504131986889145e-06
USP43,9.502174394187096e-06
EMCN,9.498619434025613e-06
TBC1D24,9.49092183000068e-06
TMEM63A,9.486062224241026e-06
TIFA,9.476180479374572e-06
CDCA4,9.473437366929473e-06
KLRF1,9.472314071404087e-06
SNURF,9.459965404915195e-06
LPHN1,9.451599321120472e-06
FAM81B,9.438690154613016e-06
ANKRD34A,9.435390401372355e-06
CCDC146,9.43160651741747e-06
DNAJB14,9.427274265559495e-06
BCAS3,9.427262946396105e-06
HTATIP2,9.42589415388969e-06
MARCH1,9.42488082043977e-06
PLVAP,9.413042108791715e-06
DTX3,9.412229639438071e-06
NUDCD1,9.409722959259364e-06
PQLC3,9.398288956493753e-06
SYCP2L,9.391855653112387e-06
ARMC2,9.373463265036656e-06
FBXL18,9.371529842521818e-06
SLC17A5,9.370461724819382e-06
COL28A1,9.36974562893874e-06
PON2,9.368515884987589e-06
SAMD10,9.368259917586102e-06
TTC39A,9.36737362517157e-06
TC2N,9.362566747869627e-06
ADAP1,9.3470804971875e-06
SUV420H2,9.346004481596626e-06
EVX1,9.333207444401246e-06
C2orf88,9.331358463999409e-06
PRIMA1,9.329803666683505e-06
TOX,9.323924354679271e-06
FADS3,9.322830432774171e-06
TSPAN2,9.302837568810708e-06
DDHD2,9.297837119725914e-06
MARVELD3,9.295101971783703e-06
PRAP1,9.285406614089087e-06
SLC22A23,9.277380608304083e-06
DNAJC18,9.276513971963084e-06
PDP2,9.275827863859603e-06
SYT8,9.265599961500924e-06
UBR3,9.265349390637152e-06
PRPH,9.255905902888545e-06
ST6GALNAC6,9.241575066209043e-06
ZBTB32,9.23998923706368e-06
CNNM4,9.235164500254143e-06
PSD,9.23307245367091e-06
CLDN20,9.231085623109977e-06
ZNF853,9.217237382301836e-06
CNN3,9.216880721021114e-06
LRRC17,9.21118252979658e-06
IL31RA,9.20493055933459e-06
RGN,9.201097097410956e-06
MORN2,9.185840333911962e-06
KIF9,9.185433028971014e-06
TRIM46,9.182097665553868e-06
GSDMA,9.173551416244408e-06
CYS1,9.170422642532973e-06
MACROD2,9.16957259559618e-06
TMEM27,9.169091627980009e-06
STAMBPL1,9.165778577441374e-06
ABHD3,9.164677322822926e-06
C17orf64,9.162464951769602e-06
TNFRSF6B,9.15472562320839e-06
FLVCR1,9.142556517286645e-06
LYSMD2,9.141561267939927e-06
PSTK,9.135135830998967e-06
GPR133,9.133598654253578e-06
LETM2,9.132849696784008e-06
HMCN1,9.13183083599074e-06
RNF32,9.122970040951565e-06
TRIM69,9.102391663090588e-06
SCML4,9.094410077977226e-06
ARL10,9.08543946105502e-06
ANKRD37,9.08543946105502e-06
GPR82,9.077463230733628e-06
MAK,9.07309294276801e-06
WDR76,9.064238635694464e-06
TCEAL3,9.063756174123642e-06
DDX26B,9.056812281047814e-06
PSCA,9.054113287449402e-06
STARD10,9.053648181041536e-06
MSRB3,9.033627886074923e-06
FBXL5,9.020209442927326e-06
SASH3,9.008825329087915e-06
SRMS,9.006494254529904e-06
CDK15,9.004507966079216e-06
SLC25A45,9.002337536505686e-06
FXYD3,8.99968730455397e-06
PLIN4,8.99441098782784e-06
SLC25A22,8.970874668077989e-06
CEP250,8.95259630853576e-06
ARID5A,8.947518273845157e-06
DCBLD2,8.945932683561732e-06
ATXN1L,8.942723847839434e-06
RBM7,8.937072359510693e-06
DALRD3,8.919594609972263e-06
PGP,8.915507245230186e-06
ZC3H12A,8.904036110126387e-06
C10orf35,8.903289687169014e-06
AMIGO1,8.901132318268331e-06
ACP6,8.889903834548196e-06
HECW2,8.888867142050776e-06
CSRNP1,8.876679313555836e-06
KIAA0907,8.871083983454916e-06
GOLGA7B,8.870270476832773e-06
ARMC1,8.868940350613398e-06
MATN2,8.859464082929401e-06
NCDN,8.839521565211211e-06
CLDN18,8.817677490694966e-06
SERTAD2,8.817677490694966e-06
PRAF2,8.81261771382317e-06
RPUSD1,8.810493402601591e-06
RHBDD3,8.808927481251012e-06
PHF21B,8.807903942007954e-06
CCNL2,8.807760078017431e-06
CORO2A,8.800528086605439e-06
SLC16A8,8.800419486224449e-06
FAM63B,8.79264927172302e-06
VCX,8.79213462841556e-06
LTF,8.789224015629695e-06
FAM171B,8.769485441307996e-06
SPATA18,8.764593848839589e-06
CCDC24,8.756433272043943e-06
ANO7,8.749802747314687e-06
TTC28,8.742802383071464e-06
LRRC39,8.742770180614758e-06
LRRCC1,8.730641009862102e-06
ARHGAP24,8.724271282000458e-06
NETO2,8.719251690840625e-06
TSC22D1,8.712973764348466e-06
TNIP3,8.706046114271087e-06
ANKS1B,8.705056229862733e-06
IQSEC2,8.705056229862733e-06
CNKSR3,8.695798708617544e-06
ZNF467,8.693315666702733e-06
GPR20,8.692840647363477e-06
TMEM181,8.682818688531917e-06
LARGE,8.671821642821057e-06
GYLTL1B,8.671821642821057e-06
DEPDC7,8.66557766337101e-06
HAUS5,8.661027232109223e-06
DUSP27,8.650686679306048e-06
PQLC2,8.649393160264473e-06
CALHM2,8.649393160264473e-06
CALHM3,8.649393160264473e-06
HSDL2,8.631898766635096e-06
KLF10,8.624564591249311e-06
RAET1E,8.621344111685867e-06
CLGN,8.611452908446049e-06
SPIC,8.59679621732133e-06
FXYD5,8.590932944669327e-06
MZF1,8.587687512367016e-06
NCOA7,8.574803817338357e-06
FAM109A,8.562728899736808e-06
SLC16A12,8.538775442485914e-06
CCDC88A,8.529973914624158e-06
FAM81A,8.525653452264562e-06
EGFLAM,8.520997727282724e-06
GKAP1,8.519166367106387e-06
PMFBP1,8.516431708504002e-06
RHBDL1,8.51101263431104e-06
PNMA5,8.507935648159936e-06
SLMO2,8.504058991141357e-06
LRRK1,8.499493567607133e-06
LRRC25,8.499391464740966e-06
PDZD8,8.492259763163852e-06
EHBP1L1,8.473697536618503e-06
MAN2B2,8.469737865446655e-06
LARP6,8.466462945358053e-06
KCTD16,8.45728353771462e-06
CHORDC1,8.455736627177617e-06
NARF,8.45090320734503e-06
HSD17B11,8.4495147059019e-06
TFAP2E,8.449337848839513e-06
PARP15,8.44435098288534e-06
OBP2B,8.433385625649757e-06
GOLPH3L,8.430251524838349e-06
RBM11,8.426019372529089e-06
AASS,8.421731537212862e-06
PAN2,8.412389233785555e-06
CDH22,8.40534277797191e-06
PRDM5,8.400324919964367e-06
SERINC5,8.400266833085918e-06
RNF122,8.397289778405946e-06
HNF1B,8.393593789081455e-06
ZNF518B,8.366696912350348e-06
FBF1,8.356138462255944e-06
SPDYA,8.355406946589715e-06
GARNL3,8.344039821504331e-06
RASSF3,8.343806319339564e-06
BHLHE22,8.343367425094555e-06
FAM19A3,8.342450741015525e-06
GPR75,8.338793560389058e-06
INA,8.33692689057946e-06
ZNF232,8.335824105242632e-06
S100Z,8.329545567550427e-06
ASCC3,8.326364367053036e-06
CCDC64B,8.322924952200741e-06
RAX,8.31892382671862e-06
VAX2,8.31892382671862e-06
ZNF469,8.318190111222453e-06
GJC1,8.30967417022792e-06
SLC38A3,8.30788244550942e-06
RAPGEFL1,8.301668070591034e-06
FAM188B,8.289370233657061e-06
GIMAP1,8.278633327821853e-06
ZNF292,8.269071541662236e-06
FRMD3,8.264961742299239e-06
KANK4,8.264484194952075e-06
FRMD4A,8.26414761080564e-06
MBOAT4,8.247298723768226e-06
NCEH1,8.246548973836239e-06
SLC5A3,8.24547609032853e-06
SLC24A1,8.236307830314894e-06
NXPH2,8.233102678247654e-06
RP9,8.23306973376711e-06
NHLRC2,8.2325726521326e-06
NOVA2,8.230369457336734e-06
TMEM164,8.228421073335372e-06
ALKBH3,8.22373348224501e-06
STAU2,8.223360354955388e-06
TMEM63C,8.214866401770104e-06
MCCD1,8.212987085453626e-06
TRMT12,8.201080755029235e-06
MCOLN2,8.173404970801759e-06
VPS13A,8.16157302508395e-06
C11orf21,8.154269841656214e-06
NEK1,8.152974094776062e-06
KCNT2,8.146588521278287e-06
WDR64,8.141148076625825e-06
PTGFR,8.138713546416336e-06
FAM161B,8.133237634539726e-06
MYO19,8.132940920693849e-06
TUSC5,8.131472975114908e-06
PRKCDBP,8.128541824779976e-06
PELI2,8.12339785490577e-06
PELI3,8.12339785490577e-06
TMEM150B,8.110724070082182e-06
SLC22A14,8.103728504259557e-06
GDF10,8.103345211825975e-06
ONECUT2,8.085521329762811e-06
GPR34,8.065604543933702e-06
TP53AIP1,8.06297651125931e-06
CCL14,8.052794668041549e-06
KIAA1751,8.04900212215893e-06
IGDCC3,8.04732207660998e-06
ZNF215,8.045635679826674e-06
ACSF2,8.044393863699674e-06
FAM21A,8.040195520160964e-06
WASH2P,8.040195520160964e-06
RAB30,8.035220584991786e-06
ZNF365,8.025106758322818e-06
CELF4,8.018070649885661e-06
STRBP,8.017733962836071e-06
LTBP2,8.011106039356544e-06
CCDC102B,8.009722640469464e-06
MT1A,8.00608750088996e-06
MMP21,8.000448942151532e-06
KIF24,7.989834027933116e-06
SDPR,7.985180332469125e-06
NAP1L3,7.97279789969897e-06
KDELC1,7.957186655701527e-06
SATL1,7.945887880928427e-06
EBF4,7.93717770976017e-06
IGSF21,7.928974521587556e-06
C2orf16,7.92239444008061e-06
ZNF512,7.92239444008061e-06
C17orf75,7.908915261184248e-06
CDK20,7.90436975763392e-06
MEGF11,7.903217765481381e-06
ZNF608,7.877608288744349e-06
GAB3,7.876173506782862e-06
NSUN7,7.86249004717079e-06
SLC5A10,7.858954894596266e-06
SNX25,7.854124280714148e-06
FBXO10,7.847319755463938e-06
PLEKHG4,7.842889481432062e-06
NPAT,7.837615163051754e-06
TULP4,7.83369519439158e-06
GPR137C,7.825852680549534e-06
C19orf33,7.823248282646109e-06
RIMBP3C,7.822142221581822e-06
C16orf74,7.821506172813767e-06
DSCAML1,7.818996691534805e-06
STARD4,7.816629037953978e-06
IRAK1BP1,7.806716053176503e-06
FUCA1,7.801486275270581e-06
AQP6,7.777139554743074e-06
MFAP3L,7.772624882583757e-06
MANBA,7.772469079755346e-06
MAZ,7.762099695266265e-06
RUNDC3B,7.75738823363755e-06
MAP6,7.754310355307455e-06
RELT,7.751404844903922e-06
EFR3B,7.751192301040962e-06
EFR3A,7.751192301040962e-06
MIPOL1,7.749593430044833e-06
CD164,7.749322207626384e-06
SAA2,7.746709236503677e-06
FAM65C,7.740794213989234e-06
RASL10B,7.735788582144979e-06
TMEM120B,7.73374011858324e-06
ZFP3,7.733314891432655e-06
SGK223,7.72382145791326e-06
IFI30,7.714512434840535e-06
SCAMP5,7.713124122953454e-06
GJB5,7.705440295047592e-06
SMPDL3A,7.703934929814369e-06
ATRNL1,7.678330110750458e-06
FAM43B,7.672844042214048e-06
LONRF2,7.668419939712119e-06
FKBP11,7.66453957352622e-06
ELTD1,7.662925761294574e-06
RASSF4,7.66028623846087e-06
HEG1,7.639035069523958e-06
ASB14,7.634994984612707e-06
RASGEF1B,7.616995263265355e-06
ZNF177,7.6166592060750944e-06
SLC9A2,7.6014862279794065e-06
RIPK4,7.5787218244296765e-06
TMEM97,7.575664242454689e-06
MARK1,7.572628101222052e-06
SAMD1,7.570206885471081e-06
NRBP2,7.568709120282016e-06
CYB5D2,7.565923128460218e-06
LTBP4,7.544206942248124e-06
C6orf203,7.537182631389105e-06
SDCBP2,7.534097552111826e-06
REEP3,7.512592582927804e-06
ASB13,7.508956431339169e-06
ARHGEF15,7.489741354366109e-06
SLC20A1,7.48891202871859e-06
TTC29,7.486502345531014e-06
FAM168A,7.485593494873787e-06
ZBTB39,7.4815538814454745e-06
VAMP5,7.474932858324118e-06
SPEF1,7.4608183484911875e-06
RBM24,7.44815382584784e-06
AIFM2,7.446297587692877e-06
SLC25A41,7.443194839727477e-06
KCNA6,7.425482510171311e-06
SCNM1,7.417730309262065e-06
C16orf87,7.414612520749031e-06
TMEM169,7.411847384171319e-06
SLC10A4,7.411847384171319e-06
PXK,7.411847384171319e-06
FAM83C,7.4082378947779685e-06
PLEKHN1,7.4082378947779685e-06
NKPD1,7.407261564508753e-06
XKRX,7.404561622350177e-06
XKR3,7.404561622350177e-06
REP15,7.39255661025786e-06
XRRA1,7.3904597120448396e-06
RIMS3,7.385697329012061e-06
TLCD1,7.381787074043652e-06
TBX15,7.3780838014017915e-06
ADAP2,7.371489208513708e-06
STC1,7.368381311759637e-06
PLEKHG4B,7.354905565964154e-06
ERMN,7.348461400654768e-06
CRIP2,7.343795208595673e-06
LNP1,7.342023039581758e-06
RNF169,7.339794820111417e-06
DEFB132,7.3333595396264984e-06
HELB,7.322316862619146e-06
DNHD1,7.314167061405549e-06
EVI5L,7.3139025425615e-06
CERCAM,7.301522256276495e-06
C6orf48,7.301401543842267e-06
EXTL1,7.295928715814567e-06
CLIC3,7.295694077204085e-06
CCDC106,7.29383633603312e-06
RBM38,7.283443098841309e-06
GRAMD1A,7.281818303218554e-06
GRAMD2,7.281818303218554e-06
ZNF358,7.281424170606009e-06
FOXN2,7.281280104056939e-06
TMEM200A,7.2802868487081315e-06
SYTL5,7.276661360475817e-06
NTN5,7.269534086448463e-06
TNFSF8,7.269268696329503e-06
RAB17,7.264506860915338e-06
NDUFAF2,7.256476524660924e-06
SLC7A4,7.245544956167765e-06
CDH8,7.243937733194649e-06
BAZ2B,7.229491051614322e-06
LRWD1,7.225861452209836e-06
MPP7,7.222362916466158e-06
PPM1E,7.220109635464959e-06
STEAP4,7.217075733717149e-06
ARHGAP30,7.202721254062118e-06
CNTN3,7.200861781799412e-06
LRP11,7.200802625021168e-06
DENND4A,7.200140218497128e-06
ANGPTL1,7.1920745053643236e-06
FUT11,7.18997716546374e-06
TMTC3,7.18767613103015e-06
ZNF350,7.17508372104357e-06
SPIB,7.166932702415128e-06
FAM19A4,7.137361240222575e-06
ARHGAP9,7.133657338020917e-06
FAM199X,7.130230035006444e-06
PARP11,7.12277448649137e-06
STC2,7.121655909823035e-06
ZNF205,7.113099479301138e-06
DHRS7,7.10629786776612e-06
C17orf62,7.10629786776612e-06
C5orf30,7.08620353308198e-06
SLC2A13,7.084781856647537e-06
PRRT1,7.081542572657261e-06
NMT2,7.077828583349331e-06
FAM172A,7.0715017910920185e-06
RFPL4B,7.06978604182765e-06
FAM90A1,7.06978604182765e-06
SLC9A7,7.053247006502809e-06
GBGT1,7.0470057968192374e-06
ZNF692,7.0418116120557215e-06
TPBG,7.039028680138864e-06
MBNL2,7.034985808002174e-06
TRIM14,7.031952459303794e-06
CARD6,7.026317551260316e-06
KIAA1522,7.013528501592995e-06
FAR2,7.004546911118468e-06
FAR1,7.004546911118468e-06
GPRASP2,7.003908863393887e-06
TMEM194A,6.9929095152433825e-06
MEX3C,6.9899099043630994e-06
HPCAL1,6.987616575565796e-06
BCL2L15,6.972466643699573e-06
CDH18,6.972112062846074e-06
PLAC8L1,6.9678474848819285e-06
TMEM108,6.965707111942308e-06
TNFAIP8L3,6.964069688413979e-06
C2CD3,6.963480037369503e-06
SDK2,6.955421467312707e-06
FAM46C,6.951154756119824e-06
MOAP1,6.949682602106864e-06
KANK3,6.942171345721342e-06
SLC27A4,6.930280221475766e-06
FBXO15,6.906406872075549e-06
SOX15,6.906406872075549e-06
OR3A2,6.901318373392498e-06
SH3PXD2B,6.896046538923644e-06
LRRC45,6.888593985337249e-06
ABCB9,6.884919825397208e-06
MTBP,6.8804713043968245e-06
GPATCH4,6.879945922873717e-06
GEM,6.87791961486137e-06
MPHOSPH6,6.8737053826027344e-06
STARD5,6.87044575025959e-06
C2orf74,6.8607563755280415e-06
UACA,6.860606384913071e-06
FAM46A,6.853588816440166e-06
GJA4,6.852009165049877e-06
ERRFI1,6.848803945923952e-06
ZNF711,6.8481866534851395e-06
PSRC1,6.84763734184866e-06
ERI2,6.840841952199529e-06
MS4A14,6.839459163190646e-06
LUZP2,6.835937503467797e-06
SCYL2,6.835421962649759e-06
PPIC,6.832983548709472e-06
LAX1,6.831875073433407e-06
CCDC84,6.831424908187995e-06
LZTS2,6.830972122832826e-06
DDRGK1,6.824746484124365e-06
MYADML2,6.824156630125996e-06
SH3D19,6.823977722125955e-06
MYO1B,6.819345926539035e-06
TCP10L,6.81761654154672e-06
EFHD2,6.816106772719814e-06
C11orf65,6.813966301888928e-06
PCDHB1,6.807438190441219e-06
TMEM218,6.807438190441219e-06
EID2B,6.803826359933736e-06
PJA1,6.7994680992825756e-06
DPCD,6.7978828864665505e-06
OR51E2,6.790686531928574e-06
SCIN,6.788436999904547e-06
TMEM229B,6.778823772977724e-06
FSD2,6.778100513557739e-06
PPP1R1C,6.777057242092709e-06
SYT14,6.765337706191134e-06
PAPL,6.754567803613455e-06
LRG1,6.752158537657347e-06
DPY19L3,6.748803221103257e-06
DPY19L4,6.748803221103257e-06
TRIM59,6.740242262185617e-06
BCAR3,6.738874216109732e-06
CLCN4,6.729090745149082e-06
HAGH,6.7284124041806886e-06
VSIG2,6.723060075138375e-06
CDC42EP1,6.7125507566233735e-06
VWA5A,6.704238632487912e-06
DAAM2,6.693464804516241e-06
CABLES2,6.68818851718254e-06
RADIL,6.6878281866983085e-06
FAM89B,6.683757838005805e-06
SLC45A4,6.680690069145928e-06
SPATA9,6.678467180651899e-06
TIGD1,6.677630674844079e-06
RHPN2,6.675597419724282e-06
VWA5B2,6.673695508266417e-06
CRTAC1,6.668066072016001e-06
DOCK10,6.662874254657465e-06
RPUSD3,6.662777810867451e-06
ARL6IP4,6.661731709284419e-06
TXNDC17,6.657737143434975e-06
PALMD,6.648060274397069e-06
RFTN1,6.645537204329903e-06
TCTEX1D4,6.639850769849407e-06
FAM120C,6.638394544876146e-06
MAP7,6.632119510845686e-06
LRP2BP,6.63009389486011e-06
TCTA,6.62766043224688e-06
NAT6,6.6206738226953566e-06
RANBP17,6.620236938425331e-06
RUNDC1,6.617754752985847e-06
CCDC80,6.617754752985847e-06
C7orf31,6.611866948857319e-06
SLC16A5,6.609946274703217e-06
ARHGAP22,6.606073712637999e-06
RP1L1,6.590237649525895e-06
PCYOX1L,6.589620175765461e-06
AGBL4,6.571650996844002e-06
VEZF1,6.566723918497891e-06
LRRC46,6.561587535706752e-06
PRR4,6.5479877282340566e-06
USP53,6.5451606911192794e-06
PLP2,6.528005694142463e-06
EVI2A,6.526848033119375e-06
TM9SF2,6.524902359972495e-06
FRMPD1,6.520613639534769e-06
AMDHD2,6.515727395991733e-06
PHACTR3,6.5092250477271754e-06
MTMR12,6.503732840636062e-06
SYT17,6.499562707288818e-06
KIF21B,6.495072527320085e-06
TTLL6,6.48889263264449e-06
VWA3A,6.488108502128226e-06
FAM110C,6.480100511122086e-06
KIAA1045,6.476461727336894e-06
ALX3,6.474746142442971e-06
TACO1,6.456681198130913e-06
SCHIP1,6.444785590741213e-06
USP26,6.435317356718861e-06
CDX1,6.435239226433544e-06
NIPAL2,6.428838885936358e-06
ZC3H3,6.425618266898098e-06
TDRD10,6.41722228296356e-06
TMEM125,6.398413603364741e-06
ICK,6.3950036561655936e-06
RASSF9,6.394891046480804e-06
DPY19L2,6.3944433572516405e-06
ZNF503,6.391352062052496e-06
CPSF4L,6.38636307494273e-06
SLC5A9,6.385929602798432e-06
ZNF536,6.3826340413458484e-06
WISP2,6.381768491567428e-06
MOSPD2,6.379054311653599e-06
TTLL10,6.3662863054153165e-06
TTLL9,6.3662863054153165e-06
ATP13A3,6.360628589944921e-06
ZNF518A,6.359610334815405e-06
FARP1,6.354969221303481e-06
VWA1,6.340761610042655e-06
FAM155A,6.3291589993277335e-06
MFRP,6.317636208524185e-06
HEMK1,6.300779642521235e-06
ELP2,6.296058606800724e-06
TCP11L2,6.288594596130113e-06
TBC1D9,6.286773747048994e-06
RALGAPA1,6.282763305246613e-06
KCP,6.278762177155185e-06
KLHL6,6.276679040031515e-06
RBMS1,6.2735326203834665e-06
TPST1,6.250635939155678e-06
TMEM206,6.247350519334663e-06
TMEM86A,6.24493009232075e-06
GTF2H2C,6.243687544399702e-06
LRP3,6.240851922618018e-06
FAM26F,6.236748030079023e-06
ZNF512B,6.236748030079023e-06
PWWP2B,6.236748030079023e-06
ARHGAP12,6.230489561146767e-06
TFPI2,6.225598962489151e-06
SPPL2B,6.2222983904250394e-06
CRYM,6.218284787940182e-06
CABP7,6.218058689450161e-06
CLVS1,6.2095667714373075e-06
FSCN2,6.2089515867215074e-06
GPR160,6.204781393496576e-06
MTSS1L,6.202456731624841e-06
THAP3,6.1914199221068386e-06
STOML3,6.186096182207176e-06
C3orf14,6.183808756136761e-06
ZMAT3,6.173472330042916e-06
CCNYL1,6.162078410105077e-06
GTF2A1L,6.155997261570012e-06
VEPH1,6.152813494028517e-06
HRASLS5,6.149710662099289e-06
LACTB,6.143686466209882e-06
CCDC134,6.136849121246439e-06
SPEG,6.136332709087731e-06
HMHA1,6.135092719917506e-06
ZNF804A,6.134978041531949e-06
C6orf52,6.130244249959538e-06
CAMK2N1,6.129932846934088e-06
IER3,6.115371285198006e-06
RASD2,6.11225610075279e-06
ZGLP1,6.104921195510432e-06
CYHR1,6.085670670448921e-06
SLC2A10,6.085598132572675e-06
FBXO24,6.070267897501204e-06
ANKRD17,6.055491072497812e-06
KLHDC10,6.05121606046689e-06
NOMO3,6.028218595251993e-06
LAMP3,6.019984062155706e-06
SIAE,6.019159799461491e-06
ATAD3A,6.017886525994415e-06
EMP3,6.000687950033055e-06
ATPAF2,5.990985787227139e-06
ITGB1BP1,5.984677769357654e-06
DOCK11,5.977139770263289e-06
FAM154B,5.968277359722956e-06
DGCR6L,5.959380751133457e-06
PADI2,5.955861563701426e-06
DNLZ,5.954756004115175e-06
GSTCD,5.951005301355626e-06
PTX4,5.9466879733551944e-06
RIMS4,5.945455795561659e-06
OR2H2,5.941134475788553e-06
MYCT1,5.939663775440873e-06
LIMD2,5.930175170518544e-06
C6orf226,5.909655019505648e-06
SIGLEC6,5.90752240589296e-06
RMND1,5.90736423530616e-06
GATC,5.906899334265926e-06
STK17A,5.905300210476063e-06
KLF11,5.905300210476063e-06
TMED1,5.897277444485687e-06
TTC36,5.8958086410233805e-06
TRIM6,5.886939906854451e-06
RNF144A,5.883601304420211e-06
PRSS16,5.872520317242995e-06
TMEM116,5.871374867526677e-06
ENOSF1,5.864730526033513e-06
STK32C,5.847663972115457e-06
FAM180A,5.847652453807288e-06
NTM,5.8475443331207896e-06
LRRC14,5.846860443738998e-06
STOML1,5.844443697241102e-06
SHF,5.833715866594907e-06
NOMO2,5.832810580785432e-06
ALPK1,5.80310875274013e-06
CIRBP,5.7785447718170324e-06
SNRK,5.770823190270474e-06
FATE1,5.754533454974871e-06
EPSTI1,5.752074967486129e-06
ADAM19,5.747539550767613e-06
KBTBD3,5.746743613427786e-06
TRIM31,5.738190027963003e-06
CMKLR1,5.736642903085409e-06
HHLA2,5.734573035177354e-06
SYNGR2,5.72156164070685e-06
IER5,5.717205500186524e-06
MIIP,5.714797387548763e-06
GAS2L3,5.7115651904429955e-06
AKR1B15,5.710480006958061e-06
CDK17,5.708658638424016e-06
C7orf50,5.7014901941005015e-06
SPG11,5.696834705620797e-06
ERMP1,5.673314681858502e-06
SNX24,5.669065736923727e-06
ZDHHC12,5.6659605272187235e-06
LRRC16B,5.665413993205845e-06
PCDH8,5.653043397336817e-06
PCDH18,5.653043397336817e-06
CUTA,5.645386986883072e-06
ARPP21,5.643124588542734e-06
COLEC12,5.639876997821606e-06
SLC45A1,5.633170536458738e-06
TMEM37,5.624541898750356e-06
PLEKHG6,5.6179279651073484e-06
TMEM8B,5.6179279651073484e-06
STK10,5.6179279651073484e-06
ENGASE,5.607926942830204e-06
RNASEH2C,5.606159931171367e-06
NFKBIL1,5.605303339221295e-06
FAHD2A,5.594690453878817e-06
PHLDA1,5.582947960982713e-06
ASMTL,5.577123998845341e-06
CCDC68,5.571474061801646e-06
COQ3,5.556193178291042e-06
COQ4,5.556193178291042e-06
HEBP2,5.543979811775207e-06
CCDC50,5.543331991334653e-06
C8orf46,5.529176832161958e-06
AOAH,5.528176392927702e-06
GPR162,5.526159579696186e-06
IQCJ,5.522873722577023e-06
RAB36,5.5220112323339155e-06
ISM1,5.521135278193874e-06
FBXO41,5.506882449539882e-06
FBXO36,5.506882449539882e-06
TATDN1,5.505814905301051e-06
C1QTNF2,5.5008829326799e-06
CCDC11,5.499423107224842e-06
FAM83B,5.4921147433539235e-06
ZBED3,5.4921147433539235e-06
CHD6,5.491835654863365e-06
ZNF513,5.490254150557262e-06
CCDC159,5.488978231938014e-06
OTUB2,5.465502024924387e-06
TRIM6-TRIM34,5.460462999320002e-06
TRIM34,5.460462999320002e-06
RSAD1,5.450173204119948e-06
SCAPER,5.448349812647248e-06
MSRB2,5.443045818794667e-06
PPM1H,5.438014349948381e-06
KRT72,5.43655044359163e-06
NKAIN4,5.435549259764205e-06
C14orf37,5.429186016284393e-06
RARRES3,5.428760804559387e-06
ATL2,5.427549474564546e-06
NUDT16L1,5.427231171477506e-06
C17orf47,5.419521701026786e-06
LRFN3,5.404147253799657e-06
LENG1,5.402720000366672e-06
ZNF582,5.400975981607229e-06
FANK1,5.389563013571008e-06
FHAD1,5.3857326418446715e-06
BEND3,5.382656001295568e-06
PYROXD2,5.368207892593578e-06
STK33,5.366809858950496e-06
SLC26A1,5.357204096819318e-06
ARL6IP1,5.348925170815337e-06
MBLAC2,5.348925170815337e-06
OTUD6B,5.343824043752788e-06
CIDEB,5.341417711999078e-06
TNFSF15,5.335998408938653e-06
GPR21,5.335500912880464e-06
DNAJC5B,5.329743720752807e-06
C20orf194,5.328263422521359e-06
NRARP,5.324212907118906e-06
LYPD6B,5.3179183196907245e-06
C14orf159,5.313166151412427e-06
ZHX3,5.310156326364651e-06
KATNAL2,5.3055800994480495e-06
FBXO25,5.2691795657317735e-06
MIER3,5.269133952104378e-06
DNAJC1,5.2606035760272934e-06
TSTA3,5.259847310930517e-06
TMEM175,5.250744812666004e-06
ISOC2,5.249836748346401e-06
MINA,5.244202778729952e-06
PPP1R16A,5.240685235564154e-06
CLK4,5.240068041130337e-06
C12orf54,5.240068041130337e-06
SIDT1,5.225865341040462e-06
PDIA5,5.219631078088249e-06
TMEM163,5.206983256020068e-06
TCEAL5,5.205117764543041e-06
SNX21,5.203105733109328e-06
LGSN,5.189918895863797e-06
ZNF114,5.1627443035240195e-06
ZNF773,5.1551405966168054e-06
ZNF772,5.1551405966168054e-06
KLHL15,5.1544931448439845e-06
PAMR1,5.149186361067753e-06
CD300E,5.131985763776549e-06
ASTN1,5.1251538339221235e-06
KLF8,5.1234302756554525e-06
ZNF41,5.121203523711108e-06
ZNF81,5.121203523711108e-06
L3MBTL4,5.109766459260033e-06
FOXI1,5.106238973649405e-06
SLC4A8,5.106238973649405e-06
SLC4A10,5.1037764232482635e-06
C7orf61,5.100421049721927e-06
ZC3H12C,5.097604331642465e-06
SFMBT1,5.097470859995423e-06
LMF2,5.094511823261415e-06
SRPK3,5.0913645627238295e-06
NR2C2AP,5.09006674184828e-06
DPEP2,5.087640182177903e-06
ZFYVE19,5.080226384691983e-06
SSNA1,5.037972619905197e-06
CHN2,5.036996510030842e-06
FHOD3,5.03457952289036e-06
GPRC5A,5.034233838597887e-06
GPRC5C,5.034233838597887e-06
ZMAT4,5.033151585158243e-06
GMCL1,5.033151585158243e-06
LRRC55,5.03203905256401e-06
C6orf163,5.0124227012653565e-06
ZNF771,5.0018883629722696e-06
GYPE,5.001615264857749e-06
MPP1,5.001615264857749e-06
SLC11A1,4.9948234376709714e-06
LRRN3,4.976767423921113e-06
MARCH8,4.963590451463704e-06
RGPD1,4.9584670012987825e-06
RGPD8,4.9584670012987825e-06
RGPD6,4.9584670012987825e-06
RGPD5,4.9584670012987825e-06
NXPH4,4.954827739187835e-06
NBEAL1,4.951615788067618e-06
ZBTB44,4.951615788067618e-06
CLECL1,4.949525067661266e-06
CLCN7,4.947219185752249e-06
KATNAL1,4.9408173251958885e-06
C8orf4,4.939128951651184e-06
ARGLU1,4.916300106550923e-06
DNAJC28,4.903337923540451e-06
OR1F1,4.9031590226709955e-06
MESP1,4.897315187173148e-06
NIPAL1,4.870498656041462e-06
BOLA2,4.868878992534611e-06
MORN1,4.849791285215608e-06
SUSD2,4.844532417421125e-06
NLRC3,4.821261222479936e-06
PTPRU,4.819410107417832e-06
NMRAL1,4.814662949673142e-06
LRRC43,4.8105994472672986e-06
PSMG4,4.805077623035353e-06
RNF19A,4.780896160468268e-06
TMEM134,4.778942720358696e-06
FAM118A,4.7698063748691414e-06
PROM2,4.7698063748691414e-06
ZYG11A,4.7660906972211345e-06
SLC26A11,4.764873146877874e-06
MAGEE1,4.757944274604668e-06
SLC22A15,4.7336654783133315e-06
C2CD4C,4.724975511587962e-06
TEKT4,4.723650705599639e-06
GHDC,4.7178065385648056e-06
DIP2C,4.716350185753553e-06
ACOXL,4.705765991239548e-06
TMEM87B,4.705765991239548e-06
TMEM81,4.703792178233125e-06
FILIP1,4.7007088287873535e-06
PBXIP1,4.698778491724833e-06
CXorf40A,4.687028996052671e-06
MXI1,4.667106397990529e-06
ITIH1,4.6625419428575765e-06
RASA4,4.654520104844554e-06
ZNF224,4.6540286586965595e-06
ADAM33,4.648432264515413e-06
NUP62CL,4.637750817177415e-06
ZNF251,4.636043545456802e-06
MID1IP1,4.636043545456802e-06
PRUNE2,4.628777723806955e-06
C19orf66,4.623032034102089e-06
HSD17B14,4.62101291060734e-06
PRELID2,4.620287653362775e-06
RREB1,4.6127260146610665e-06
APOL4,4.6119257702724455e-06
APOL6,4.6119257702724455e-06
ABTB2,4.609229076100074e-06
PRR15,4.5884207999186984e-06
MTL5,4.583409929914535e-06
LRRN4,4.56262069195255e-06
ERF,4.5601658570644636e-06
ZNF296,4.55484070728474e-06
FAM189B,4.549182943934894e-06
CASZ1,4.54818029275829e-06
KLHL29,4.547623301374473e-06
THEG,4.527883342545557e-06
TANC2,4.508859030788464e-06
ADAD2,4.503129292169671e-06
TSTD2,4.4849851131361935e-06
NAT14,4.4849851131361935e-06
TSEN54,4.471554453628575e-06
LRRC18,4.45675465730362e-06
RCCD1,4.45675465730362e-06
SNX22,4.45675465730362e-06
KIAA1875,4.4555614696038795e-06
CYB5D1,4.4514006674994016e-06
CCDC116,4.442303361424319e-06
BICC1,4.442303361424319e-06
RNLS,4.438073441790476e-06
KIF13A,4.43604233350939e-06
KIAA1671,4.434760947716473e-06
SLC19A2,4.431668860814742e-06
SLC19A3,4.431668860814742e-06
SP140,4.4299663366546224e-06
KIAA1467,4.428994727818202e-06
NTN3,4.4201726238410545e-06
SERTAD1,4.4015026672516685e-06
TMEM45A,4.397153866798342e-06
ANKLE1,4.393702310204173e-06
ABHD14A,4.393702310204173e-06
FBXO6,4.365040670440441e-06
CLEC2B,4.365032456643547e-06
HRH3,4.347683443913442e-06
MYADM,4.346015931323516e-06
GTDC1,4.3432811671637615e-06
PNKD,4.3432811671637615e-06
SLC27A3,4.3381094825007594e-06
SH3BGRL3,4.329991468210275e-06
ODF3L2,4.329991468210275e-06
MOXD1,4.325274391955197e-06
MEGF6,4.310294073587627e-06
C1QTNF1,4.298537606373517e-06
ARSI,4.2966630279350334e-06
ARSJ,4.2966630279350334e-06
DHX34,4.288885908057176e-06
ZSWIM6,4.2626120732898315e-06
SPATC1,4.262133078850107e-06
SIGLEC11,4.25888141746297e-06
SIT1,4.25888141746297e-06
KDELC2,4.257791446675269e-06
SYPL2,4.251509905100434e-06
ALS2CR12,4.246715740028316e-06
SBK1,4.241222803569103e-06
GMIP,4.241222803569103e-06
ARAP3,4.232155646134431e-06
ARHGAP27,4.232155646134431e-06
TMPRSS13,4.2252662170991755e-06
FNDC3A,4.222969726869056e-06
PLEKHM3,4.218980947392105e-06
TMEM117,4.207097744563805e-06
STEAP1,4.2056487911969145e-06
CCDC141,4.199982446413884e-06
DCDC1,4.1993187750046195e-06
ILDR2,4.1963494237983575e-06
ILDR1,4.1963494237983575e-06
FAM133A,4.187368306504957e-06
AATK,4.17562977894322e-06
DCD,4.174771209985702e-06
TMEM2,4.173072717897385e-06
ZG16,4.1676131887602135e-06
TTC38,4.1676131887602135e-06
IKZF2,4.163485605911939e-06
RNF39,4.159886297808337e-06
RNFT1,4.157059385807876e-06
CLEC3A,4.156106516473252e-06
SLC2A8,4.153530937279322e-06
DCAF4L1,4.1375283054709065e-06
CD109,4.1367904372762055e-06
MR1,4.133818087383437e-06
LIME1,4.132359054955905e-06
C4orf19,4.122529898193263e-06
SLITRK4,4.11885131631321e-06
SLITRK6,4.11885131631321e-06
MTUS1,4.116876200642327e-06
TMEM59L,4.108859055464781e-06
GPR64,4.108418571406243e-06
OLFML3,4.107507874462493e-06
SESTD1,4.09761413651685e-06
NSUN5,4.0922631082622314e-06
ZNF426,4.083698595565095e-06
TMCC2,4.079435771562129e-06
ARHGAP15,4.074295532061144e-06
KLF12,4.070771763882852e-06
CPM,4.048746102336769e-06
BAI2,4.03742738753854e-06
RGS22,4.031756098194174e-06
C1orf116,4.030648095904383e-06
VCX3A,4.028199152462736e-06
EMP1,4.025106765399394e-06
CES3,4.0184621820166315e-06
DBNDD2,4.0140827548218466e-06
MEX3B,4.010267667603926e-06
RAI1,4.009185868995435e-06
MT1M,4.007038915781204e-06
ZHX1,4.00073163252713e-06
KIAA1109,3.985618348551311e-06
PEAR1,3.983541935936497e-06
TM7SF3,3.983500335911618e-06
SLC35D3,3.9672518452572336e-06
FBXO30,3.962719338130942e-06
TM2D2,3.959733303525665e-06
LEPROT,3.959663389002437e-06
CAPN5,3.950998819527953e-06
CAPN6,3.950998819527953e-06
CAPN13,3.950998819527953e-06
CAPN11,3.950998819527953e-06
C9orf3,3.947347237678953e-06
RELL2,3.945899176569215e-06
ZNF34,3.935072846243239e-06
C19orf60,3.932323472647333e-06
KRT24,3.9259203533884065e-06
CD302,3.922636067660625e-06
ARSH,3.921734984325238e-06
ICA1L,3.905796548897737e-06
ICA1,3.905796548897737e-06
C4orf33,3.897929514862039e-06
TTC39C,3.896996520586452e-06
HHLA3,3.896879435182655e-06
DNAJC4,3.889911390895599e-06
STMN3,3.888164627556879e-06
GPR25,3.8874800687695495e-06
CNRIP1,3.885199285266673e-06
TNS4,3.8838801314883105e-06
ERAP2,3.876093971613852e-06
ZNF14,3.876025325613523e-06
MDH1B,3.875348843247233e-06
IGFN1,3.8648774182773746e-06
HEBP1,3.862933751047103e-06
ECEL1,3.8628027512300355e-06
TCEAL4,3.858638409580601e-06
EPB41L4B,3.856793670661258e-06
MMRN1,3.852277162343666e-06
PCMTD1,3.851167376169081e-06
FBXO44,3.84399602517557e-06
TSPAN9,3.841962885358338e-06
WDR93,3.840854218774164e-06
MRM1,3.828984137023861e-06
LYSMD1,3.820571743015916e-06
FAM132A,3.818401371264848e-06
AIM1,3.8178845072025935e-06
BBX,3.817367633533764e-06
MIA,3.8123608857336843e-06
LMLN,3.8123608857336843e-06
RHBG,3.8048064643559763e-06
TSTD1,3.8042294607587578e-06
CARHSP1,3.797758583802777e-06
ZNF775,3.797656031005433e-06
FAM184A,3.7951794969009367e-06
ANKRD35,3.78565158621414e-06
APCDD1,3.7836667779531547e-06
CORIN,3.7825764611274955e-06
ANO3,3.7809215044742145e-06
OR2C1,3.7809215044742145e-06
OR13A1,3.7809215044742145e-06
OR13J1,3.7809215044742145e-06
ARMCX1,3.7761997010477053e-06
LEAP2,3.7755742052418396e-06
SATB1,3.774326329207197e-06
TFEC,3.774084546143111e-06
PITPNC1,3.7685079504212725e-06
RBM47,3.7678194244041913e-06
TOM1L2,3.767546354002483e-06
CDHR1,3.7675302830050858e-06
CYP2A7,3.765609495609065e-06
SLCO4A1,3.7587973899018814e-06
SCARF2,3.758020156608547e-06
GBP3,3.7569078280556403e-06
ANKFN1,3.7557815879641517e-06
FUT10,3.7530882956915708e-06
RAB33A,3.7490095526216933e-06
C10orf90,3.7458218332898937e-06
CMBL,3.7444712828768647e-06
CYP4F11,3.7428871425666616e-06
CYP4F12,3.7428871425666616e-06
BOK,3.73687110101409e-06
FKBP7,3.7352666633560994e-06
METTL12,3.734810745404258e-06
PSG9,3.731846056514439e-06
PON3,3.728461942622757e-06
PTMS,3.7244192269655997e-06
NRN1,3.7229070872915135e-06
BHLHB9,3.706666467846534e-06
MMP23B,3.705808660521988e-06
BIVM,3.702161786560782e-06
KIF26B,3.697827479954595e-06
SORCS1,3.6932069761460394e-06
LRCH2,3.6899049553216975e-06
ZNF208,3.679370380966723e-06
SHROOM4,3.6735097234352236e-06
GPSM3,3.664041931904595e-06
TREX1,3.6554240862579953e-06
JTB,3.6512201507271447e-06
TMC7,3.642683563346317e-06
F8A1,3.622127165099752e-06
IL1RAPL2,3.6220376510910528e-06
ZNF395,3.6206244302841783e-06
SERHL2,3.6175139377404323e-06
GPRIN3,3.6132340587170016e-06
AMZ2,3.608604346094092e-06
RP1,3.598302276473413e-06
TMPRSS9,3.596102098885813e-06
TP53INP2,3.5877192689186314e-06
C12orf74,3.5843900714226733e-06
GRINA,3.5830046206044085e-06
NBPF3,3.5817420825595545e-06
CSRP2,3.5798182518425062e-06
PLEKHH2,3.5798182518425062e-06
PGBD4,3.5786227289625003e-06
ARRDC4,3.575170302770256e-06
ARRDC5,3.575170302770256e-06
KLHDC9,3.557019054804519e-06
TMEFF2,3.5543675901906254e-06
ZBTB46,3.554128335925644e-06
ALPK3,3.5530983360433014e-06
RAP2C,3.5498628124616426e-06
TMEM171,3.53999887134192e-06
LMTK2,3.530846988035907e-06
GIPC3,3.530846988035907e-06
ABCG4,3.5289422236838853e-06
SERP2,3.5243271920281755e-06
FAM127C,3.5241732956325573e-06
C6orf211,3.524000877534565e-06
DIRAS3,3.518047662178757e-06
TSPAN1,3.5093038886712356e-06
RARRES1,3.506599543042729e-06
L3MBTL3,3.502986203455693e-06
CR1L,3.50272316169957e-06
RBMS2,3.50272316169957e-06
AGBL3,3.50272316169957e-06
GLIPR2,3.5019779384423607e-06
ZNF532,3.493778647173737e-06
EMP2,3.490498698320281e-06
REM2,3.485990064055717e-06
SYT15,3.4783235176687824e-06
SCGN,3.4783235176687824e-06
CALN1,3.463490642104903e-06
MYOM1,3.462741491988126e-06
METRNL,3.460500880529694e-06
GPR128,3.459738526213051e-06
C20orf27,3.454357428484866e-06
PLCL2,3.454357428484866e-06
PPP1R3G,3.454357428484866e-06
ECM2,3.447072018846153e-06
MAP7D3,3.439689057695504e-06
KLHDC7A,3.438501760806802e-06
HUS1B,3.433475505546549e-06
C10orf54,3.4321835957197966e-06
RAB6C,3.4306016364114736e-06
ANKAR,3.4306016364114736e-06
KLHL31,3.415667287744909e-06
VAT1L,3.3976246532076377e-06
NLRP14,3.392776106572425e-06
ESM1,3.3924002525472866e-06
TMEM88,3.3902604352846557e-06
CCDC88C,3.3902604352846557e-06
C1orf192,3.389046726943051e-06
HAPLN2,3.384009284865806e-06
ZFP2,3.380668655095866e-06
PITPNM2,3.3797278254924243e-06
RALGPS2,3.36897223893525e-06
GXYLT2,3.3645471045034234e-06
TCP11,3.362948186618841e-06
SCUBE1,3.362948186618841e-06
PRTFDC1,3.361058849859408e-06
TSPAN10,3.3607385128235606e-06
IGSF3,3.3607385128235606e-06
DNASE1,3.3551820777924825e-06
C1RL,3.351577599951414e-06
FAM57A,3.349007345750763e-06
PJA2,3.3418254704195644e-06
ABCA5,3.3405296128143513e-06
FER1L5,3.337133167263949e-06
PAQR4,3.333943672740822e-06
SCPEP1,3.330064738004122e-06
SFT2D2,3.330064738004122e-06
SH3TC1,3.3269465943717192e-06
SLC16A14,3.3268281852094023e-06
TRIM62,3.3244892198174165e-06
IL1RL2,3.3107726723531794e-06
HIC2,3.306037575274342e-06
OLFML2B,3.304638784151407e-06
ARHGEF19,3.303204369231586e-06
SPNS3,3.298061243408779e-06
SAMD14,3.2953327827185547e-06
TBC1D2,3.2952479788534175e-06
TRO,3.29088722965237e-06
PLEKHA4,3.2868179650372376e-06
PHYHIP,3.284475341539293e-06
ASTN2,3.2810484300425936e-06
TECPR1,3.27890355434891e-06
PLEKHB1,3.2749557801722845e-06
DNASE1L2,3.2738894109529007e-06
TMEM98,3.2579436463389507e-06
NT5DC3,3.2518685087553703e-06
SLC25A30,3.24322234195592e-06
C2orf40,3.2418426272713667e-06
ARL4D,3.2416451200933784e-06
C12orf45,3.24074813351541e-06
TNFSF18,3.2364678195542675e-06
GDPD2,3.2339290001915678e-06
SERPINI1,3.227673649550945e-06
RABEP2,3.2204758273195965e-06
PLEKHG1,3.2057461425522434e-06
ZC3H12D,3.2031955387023997e-06
GREB1L,3.1963787242735145e-06
NAV2,3.193847189725026e-06
NAV3,3.193847189725026e-06
SLC9A9,3.187985434326122e-06
ZDHHC2,3.175199626788437e-06
KLHDC4,3.1693572680364386e-06
SERGEF,3.167044796766577e-06
ZNF169,3.1660276448805464e-06
PDCD2L,3.1641007224879276e-06
SSFA2,3.163578846755798e-06
POPDC2,3.1612060199811486e-06
TMEM233,3.1584508835267056e-06
GPR4,3.153462878159336e-06
ZNF320,3.1527444761333267e-06
SLC15A3,3.1479942472480504e-06
PHLDB1,3.1457506516755476e-06
ANKH,3.1434019060510754e-06
DNAJC12,3.142907256231827e-06
ANO4,3.142357210776775e-06
EPS8L1,3.137203567041448e-06
SLC2A11,3.1300125169983577e-06
KLRG2,3.1262295944362917e-06
GLOD5,3.1259581397946093e-06
PTPRH,3.1249641474375037e-06
BEND4,3.124403995209928e-06
TMEM64,3.124059121382897e-06
AVIL,3.123867267857374e-06
JSRP1,3.1205259240885883e-06
EGFL8,3.1200330674241615e-06
RNASE4,3.1151755723387176e-06
PDZRN3,3.1059978659699105e-06
C10orf107,3.1049328850197074e-06
KAAG1,3.0885053519708617e-06
IMPG2,3.0862980085380497e-06
C2orf71,3.0862980085380497e-06
TRIM7,3.0855828036260706e-06
SPDYE1,3.084998380777553e-06
SPDYE2,3.084998380777553e-06
SPDYE6,3.084998380777553e-06
SPDYE5,3.084998380777553e-06
DCUN1D3,3.082518570278881e-06
CHI3L2,3.074084279599736e-06
GPR37L1,3.074084279599736e-06
RNF183,3.0703674455045536e-06
TMEM102,3.051835468696025e-06
DMRTA1,3.04891803364607e-06
ARL5B,3.0423007950741168e-06
FAM174A,3.0415942220638983e-06
CCDC136,3.0401454412235336e-06
ECHDC2,3.039959834823391e-06
GFOD1,3.0343718666203342e-06
SLC25A39,3.028874010644885e-06
BCAM,3.0279249474007256e-06
ASB16,3.027272133946417e-06
HSF2BP,3.0252536144142666e-06
PLBD1,3.025086177708263e-06
GPR135,3.0204155209932472e-06
C6orf174,3.0137333576561374e-06
PKIG,3.013663410193989e-06
OR51E1,3.0097650274543585e-06
PDGFRL,3.00577259395664e-06
C1QTNF7,3.0045671025786064e-06
NEK5,3.0045671025786064e-06
AVEN,3.0045079835504508e-06
ZADH2,3.002400170938658e-06
HHIPL2,3.002126032714398e-06
COQ10A,3.002086381612734e-06
ANXA3,2.998409104871847e-06
SP5,2.9930998909498945e-06
TMEM54,2.9876565162091964e-06
GLT1D1,2.9833799025753105e-06
ZNF414,2.9828353558932645e-06
ZNF22,2.9809209206717854e-06
TMPPE,2.980534961677484e-06
ZNF154,2.9801709433127263e-06
MCTP1,2.9778700241643824e-06
XKR5,2.9723571738158406e-06
AKNA,2.966692135519186e-06
ASPRV1,2.966196980216441e-06
LST1,2.963904427082085e-06
PALM2,2.9616472471681955e-06
MXD3,2.9487133996670218e-06
HEATR4,2.9473667093587606e-06
EMR2,2.9429774133165364e-06
ABHD1,2.93902430931418e-06
TESK2,2.9256677873057136e-06
ZKSCAN1,2.924261663385664e-06
ZNF19,2.924261663385664e-06
TMEM106A,2.905432060468348e-06
C20orf196,2.9053881925258665e-06
SLC6A6,2.896923038472895e-06
TMEM63B,2.8917227956653393e-06
FOXF2,2.8813170819053176e-06
FOXQ1,2.8813170819053176e-06
ZNF300,2.880610117556963e-06
TMEM205,2.8777385564106726e-06
MMRN2,2.8633593150498715e-06
MFSD7,2.8495834754531996e-06
OSBPL6,2.8450688806515596e-06
NEK4,2.843196965586679e-06
TRIM37,2.837691158651108e-06
ABI3BP,2.8323480508210167e-06
PPM1J,2.8294796137068874e-06
TRPT1,2.8283016483749715e-06
PCBP3,2.8159628795951206e-06
SNCG,2.8119941205775183e-06
LYSMD4,2.810323651623915e-06
PTAR1,2.810017887296016e-06
FHL5,2.804783668804492e-06
DTWD2,2.798778978663229e-06
C17orf104,2.7978793088075653e-06
DPEP1,2.791834451502903e-06
TMEM200B,2.7872217424470628e-06
SULT1C4,2.785100325537405e-06
WBP2NL,2.7736027401495303e-06
KIAA0247,2.7727689118280547e-06
C8orf34,2.757684741479618e-06
FAM111A,2.7512861063417134e-06
ANKRD12,2.750889448469042e-06
CISD3,2.749028288624118e-06
MUM1L1,2.7333121635443024e-06
SLFN12,2.72257394204738e-06
NCKAP5,2.7223483379992012e-06
MICALCL,2.7172931716314285e-06
CWH43,2.7154250871384424e-06
SIGLEC14,2.7128971699827874e-06
TMED7-TICAM2,2.706494048848624e-06
IRF2BP1,2.7034369242702284e-06
FOXL1,2.702665955792569e-06
MAL2,2.702287542557083e-06
PLCXD1,2.7013787442964883e-06
PHYHIPL,2.7004776677221593e-06
STAC2,2.690846145230602e-06
INCA1,2.674966272887637e-06
CXCL17,2.6744154479871216e-06
TMEM208,2.673768858916659e-06
TOX2,2.6717551752751113e-06
ACCS,2.6717551752751113e-06
IQCH,2.6711892479001597e-06
C6orf165,2.670938322247259e-06
RNF128,2.6576198856412503e-06
RALGPS1,2.6543298645855675e-06
CRYL1,2.646170201144737e-06
MTUS2,2.643949574617499e-06
CDNF,2.6434932945625885e-06
GGTLC2,2.6433935704051055e-06
MALL,2.641018822262609e-06
CEMP1,2.628017040614031e-06
DCBLD1,2.628017040614031e-06
FGGY,2.61163256768259e-06
CNIH4,2.59296657792402e-06
DGCR6,2.5853819254814982e-06
BTG3,2.5845622870766907e-06
MPHOSPH9,2.5775956841919844e-06
C19orf10,2.5761377835256607e-06
MFSD2B,2.5672663131448986e-06
ZFAND2B,2.5593054376307832e-06
VPS13D,2.557017122122523e-06
SNX10,2.5498186236818294e-06
ZNF831,2.5495879373401645e-06
LRRC70,2.5468724451118948e-06
CCDC153,2.546792766288195e-06
DPEP3,2.5400436741046247e-06
C19orf43,2.536702144545666e-06
SLC25A29,2.5357102418862077e-06
COMTD1,2.533272762501503e-06
RHBDD2,2.5325725419277572e-06
FAM135A,2.528095454750303e-06
MID1,2.517762867346179e-06
SLC35E4,2.49966582028756e-06
CD320,2.49966582028756e-06
FBXL4,2.4984404895742543e-06
DHRS12,2.497674478056473e-06
DCAKD,2.490184018438668e-06
DPY19L1,2.4886468083539037e-06
FIGN,2.4581158857144763e-06
FBXL15,2.4551809915277384e-06
C2CD4A,2.450147390612988e-06
SLC25A10,2.4343489921523397e-06
GPR63,2.4304324755304965e-06
CLEC12B,2.429241245370256e-06
NKAIN2,2.412164222153908e-06
C11orf87,2.4011613372128046e-06
C11orf48,2.380842035442276e-06
DNAJC17,2.3698834177120547e-06
GPR155,2.366145460091387e-06
AARSD1,2.359256914790923e-06
FSD1L,2.346030172757482e-06
TRIM38,2.332749879948544e-06
BNC2,2.3282756413852135e-06
FUCA2,2.3174453833171283e-06
SLC25A40,2.312307291433752e-06
DNASE2B,2.310809754969251e-06
LONRF1,2.30878194724847e-06
UBL3,2.295809323340598e-06
FOLR3,2.293312194665781e-06
FLVCR2,2.293312194665781e-06
LOC81691,2.2682691407741502e-06
C15orf41,2.2447951805469033e-06
LRRC8E,2.2318864657692627e-06
NBEAL2,2.2093018235069692e-06
GDAP1L1,2.203716680066379e-06
KLRC3,2.1993427223722625e-06
ZNF780B,2.18752706562437e-06
NECAB2,2.1824382428372036e-06
GRHL3,2.178904810142215e-06
CELF6,2.1563263344203744e-06
SPATA24,2.1483601131710245e-06
NUCB2,2.1424842505681953e-06
CDH6,2.13059924063722e-06
ZNF223,2.121759218756391e-06
PLCXD2,2.1199218474773687e-06
IFRD1,2.110905915092155e-06
ATAD3B,2.0414637704607846e-06
TREX2,2.0007704228227663e-06
ACBD7,1.980433676492637e-06
PNCK,1.9653997582405074e-06
TIGD5,1.940718945676392e-06
ACRC,1.924731755248073e-06
ITM2C,1.9234817362100867e-06
RAI14,1.884473819887112e-06
ITPRIPL1,1.8310557024568474e-06
C7orf55,1.8083675684356697e-06
ZBTB37,1.7907197296811171e-06
TMEM179,1.7507632653922735e-06
FAM149A,1.7507632653922735e-06
ARHGAP19,1.7500572140965721e-06
ADAM32,1.7438354265137474e-06
CTAGE1,1.741538037094627e-06
OSBP2,1.7300937597085652e-06
SIAH3,1.72940854827549e-06
PPP1R16B,1.4562991090924098e-06
DUS3L,1.4183691795969858e-06
TYW1B,1.4183691795969858e-06
KCTD20,1.4169611307582088e-06
KRT222,1.4041546060973977e-06
DOPEY1,1.3936289623218292e-06
TMEM151A,1.3566581208230994e-06
MIF4GD,1.2224699285579932e-06
NACAD,1.2079375177273342e-06
TRIM65,9.522107757608952e-07
