,pagerank
SRC,0.001973302624306958
TP53,0.0018475955804980542
EGFR,0.0015277259674193874
EP300,0.0013951846487226596
RPS27A,0.001390290527332438
HRAS,0.0013216155202103955
ITGB1,0.0011889145420541578
PIK3R1,0.001128146263484445
HSP90AA1,0.00112075367845445
CDK1,0.0010737657170049179
FN1,0.0010501697060051516
PIK3CA,0.0010388687265188152
DLG4,0.0010221756895238854
FYN,0.001002976372618128
JUN,0.0009909017689052856
KRAS,0.0009878051175021489
PTPN11,0.0009629768893711987
ESR1,0.0009608286246516471
TNF,0.0009298734355753993
GNAQ,0.0009062564891221074
NRAS,0.0008910605669648194
CD4,0.0008817609696392133
SMAD3,0.0008776335756166394
IL6,0.000874078449114656
PRKACB,0.0008606571088228291
CCNB1,0.0008372408582518757
CDH1,0.0008289971017832765
JAK2,0.0008175199176676112
CAV1,0.0008029280972434392
MYC,0.0007978725882603018
EGF,0.0007694420917361806
STAT1,0.0007603490863120195
APP,0.0007600670673291121
PRKCA,0.0007484805784519764
CCNA2,0.0007363162114684158
ITGB3,0.0007351321924987228
ALB,0.0007346799395943718
GNAI1,0.0007121177008142128
LCK,0.0007098487922163593
VEGFA,0.0007075973445900507
FOS,0.000703125372037078
CD44,0.000699936237651308
NOTCH1,0.0006890671249577999
LYN,0.0006831150092336289
MAPK8,0.0006758389085126772
IGF1,0.000673325111932453
ERBB2,0.0006722247318229806
PTPRC,0.0006716656796337436
GNAS,0.0006651688340534637
PTEN,0.0006573924667506255
GNG2,0.000654691948913349
SOS1,0.0006514575673048377
PLK1,0.0006508124647157354
HSPA8,0.000648422457976171
SOX2,0.0006458563803500351
CCND1,0.0006452046163612226
BRCA1,0.0006440773156896827
KIF11,0.0006438051002820173
ITGAM,0.0006388632838791779
KDR,0.0006323226620579483
ITGAV,0.0006275979195804707
CBL,0.000626080048349073
JAK1,0.0006248495179612501
BUB1B,0.0006219135281035745
IL10,0.0006206328858602298
BUB1,0.0006183151642397469
AR,0.0006152094652026232
AURKB,0.0006067601931910664
PPP1CA,0.000604399126227648
RXRA,0.0006004995603472176
SNAP25,0.0005967864083727684
HIF1A,0.0005964706974068433
CCNB2,0.0005942861173052695
SDC1,0.0005931279232852166
PPARG,0.0005918001959440922
CDC20,0.0005908364016182181
HDAC2,0.0005836047405272728
YWHAZ,0.0005826800621421579
TLR4,0.0005800272426424029
FGF2,0.0005750816097445269
IL1B,0.0005736040514136194
CD8A,0.0005694996212766369
AURKA,0.0005604565045154952
RRM2,0.0005594007635387931
SYK,0.0005585068723674608
MAPK11,0.0005570582344958027
TOP2A,0.000555557254706015
CFTR,0.0005553149016996766
CDC6,0.0005525770882000783
POU5F1,0.0005495935533982009
CACNA1C,0.0005468631479192868
MDM2,0.0005446198858816333
CXCR4,0.0005444303775388851
IL2,0.0005441267738033829
KIF2C,0.0005416758435227446
KIT,0.0005415118630161751
HIST2H2BE,0.0005381467085901628
NCAPG,0.000535778277837984
KAT2B,0.000533879563618042
HIST2H2AC,0.000531719883877365
EZH2,0.0005272147045302925
FOXO1,0.000526784675003344
MMP9,0.0005212571399126396
ATM,0.0005193910697918855
MAD2L1,0.0005185004779216394
POMC,0.0005155759024965987
PRKCB,0.0005151362638511505
ASPM,0.0005149885378480679
PCNA,0.0005142224986935924
RUNX2,0.0005135712639905101
STAT5A,0.0005131745801857845
BIRC5,0.0005071095994358393
EZR,0.0005065819277659668
CDC45,0.0005044218484086417
TJP1,0.0005036853448813316
PLCG2,0.0005014997327927525
NDC80,0.0005000832316973419
PPARA,0.0004984316174930785
IKBKB,0.000498301067750556
RB1,0.000495478267738068
TTK,0.0004892710998395533
STX1A,0.00048757339217953455
APOA1,0.00048674016815297293
TGFB1,0.0004856900373720747
GAPDH,0.0004855070615629375
H2AFZ,0.0004836574468983517
CENPA,0.00048345324038722543
CHEK1,0.0004830487990189011
H2AFX,0.00048263546690523716
NCOA1,0.00048240279764192055
FOXO3,0.00048123957806889007
EXO1,0.0004809700293419217
VAMP2,0.0004809248246713709
NCOR1,0.000479155421847899
UBE2C,0.00047887518568021445
HSPG2,0.0004787531119720882
PPARGC1A,0.00047776358151744636
CDCA8,0.0004777028598771507
ITGB2,0.0004731031945683754
CXCL12,0.00047297461302393487
MET,0.0004707523743378099
ARRB1,0.0004676803672526107
MCM2,0.0004664398897098971
PDGFRB,0.00046198780053831784
HGF,0.0004616321007399364
DMD,0.0004598456829227721
BMP2,0.00045836350210443625
RAC2,0.0004580149833714845
BDNF,0.000457544135092066
TTN,0.0004558797330489829
GRIN2B,0.00045429084926810104
FGFR1,0.0004532472655940783
RAC3,0.00045278222259875387
RFC4,0.0004521475710436749
KIF20A,0.00045123450411608537
PTPN6,0.0004509012908445238
EDN1,0.0004492954066503546
KIF23,0.0004489263677390512
THBS1,0.0004482543551043624
DLGAP5,0.00044787453484568094
DVL1,0.0004478422834624924
YES1,0.0004477463490069509
NGF,0.0004472602820371453
RASA1,0.0004470849409012653
NTRK1,0.0004449771571688619
SDC4,0.0004430940817620072
RAD51,0.00044236474632340444
ERBB4,0.0004398752783680137
GNAO1,0.0004398291036613627
MCM4,0.00043973970979042655
LEP,0.00043962044834770504
PRKCZ,0.0004384081406666331
VCL,0.00043783923174596794
NANOG,0.0004371491684028532
GNA11,0.00043656389792692417
FLNA,0.000436475871554634
MMP2,0.000434862084385884
DCN,0.00043477083314062085
NR3C1,0.0004320079583059939
ACAN,0.00043188884665321835
IRS1,0.00043105344380072055
PAK1,0.00042823733431896513
STAT5B,0.00042812785109362677
ITGA1,0.0004272166463922688
GATA4,0.0004257563027154134
TYMS,0.00042550832621874414
NFKBIA,0.00042449627922567157
MUC1,0.0004238335199534032
CAMK2B,0.0004236758870280327
CAV3,0.0004230632306890589
CENPE,0.0004226526618072841
NCOA2,0.00042252105391758456
GNGT1,0.0004220314595023903
ACTA1,0.0004218767029589458
CAMK2A,0.0004216915989479472
APOB,0.000420603796396772
GRIN2A,0.0004195115310238762
CLTC,0.00041940732033848594
PBK,0.00041801505719220707
TLR2,0.0004169064296059073
CYP3A4,0.00041533902875757805
COL1A1,0.00041474131354447217
IGF1R,0.0004142991174990683
TPX2,0.0004132111379902922
PRC1,0.00041252994590672184
LPL,0.0004102781943145646
CENPF,0.0004100452244664787
PECAM1,0.0004085123977347444
EGR1,0.000407028118430877
GRIA1,0.000406736142590803
APOE,0.0004061483454977698
GRIN1,0.00040598603326280294
CDKN1A,0.00040494316707940527
JAK3,0.00040488227799346626
WNT1,0.00040355662348331804
VAV1,0.00040340051662036334
AXIN1,0.00040321576051642697
JUP,0.00040236707825604926
CD80,0.0004022914500232339
ITPR1,0.00040216035585795474
BCAR1,0.00040040938828815023
TRAF2,0.00039970912029563304
CEBPA,0.00039918902765763816
MED1,0.00039915659458148
NUSAP1,0.0003988441773039598
RBBP7,0.00039868824720716236
PIK3R2,0.0003983215874309538
FAU,0.0003978682187761897
CAT,0.00039757492606813574
VWF,0.0003964526545309464
CEP55,0.00039564308096879384
CDK5,0.00039471163646720507
ITGAX,0.000393874376997276
CTLA4,0.0003936262625232537
CD28,0.00039361265070424965
MAPK10,0.0003924692843567694
NEK2,0.0003907414894377944
TYROBP,0.00038917966415746836
GNB5,0.0003876745804131139
RUNX1,0.0003874537562688248
CSF2,0.00038634927024478664
WNT3A,0.0003855329768737953
FGFR2,0.00038541253962311764
PRKCD,0.0003844484469840199
MELK,0.0003843692759791624
CD19,0.0003837909338954039
CDC25C,0.00038369163593952177
C3,0.0003823356271589096
AGRN,0.00038232649738007484
CACNA1D,0.0003822080083221447
IFNG,0.00038153893526131566
LRP5,0.00038033261162399753
SHH,0.00038005013453859104
NCAM1,0.00037943099263021245
CYP1A1,0.0003791774234505475
STXBP1,0.0003787654080715775
DTL,0.00037773051889560303
B2M,0.00037756459117042386
FOXP3,0.0003769455093023208
HJURP,0.00037650903448340053
ITGB4,0.00037641769176675384
BMP4,0.0003762248696097477
MCM10,0.00037541979134057206
CASK,0.00037386285445330133
CD34,0.00037365485828753307
ITGA5,0.0003735184600260906
CCR5,0.0003724916829338367
HCK,0.0003708749728419183
WAS,0.00037067457489732705
CXCL10,0.0003700905513590423
FEN1,0.0003664474463400501
CAMK2D,0.0003646118466848337
LEF1,0.00036428023808332956
KIF15,0.00036304243167500217
CTTN,0.00036244422173420637
YAP1,0.0003623401088616157
CHRM1,0.00036176874476733775
HMMR,0.00036160729467403014
CCL2,0.00036141075757059176
NRXN2,0.0003612229677307736
CDH2,0.00036039251448638423
CD40,0.00036014309914508624
SPI1,0.00036004043256780715
PIK3CD,0.0003598966447606747
SNCA,0.00035963805944497034
GRIA2,0.0003584712805310904
FLT4,0.0003581184827783491
SOX10,0.0003577993442646511
EHHADH,0.00035768666822139886
ZWINT,0.00035644248761239474
CSF1R,0.0003557852018999505
KIF4A,0.00035510554596148586
CCL4,0.0003548366453999417
PIK3R3,0.00035451094839839735
CDKN2A,0.00035393991697618303
ACTN2,0.00035375287157161597
SDC2,0.00035363803824399156
MCM3,0.0003532524504909765
BTRC,0.00035308632639095464
SYT1,0.000352355043451226
PARP1,0.00035225952664027745
IL13,0.00035209311336606344
NOS3,0.000351923541553289
TEK,0.00035047622938909454
NUF2,0.0003503169698605484
PTK2B,0.0003498235849946165
MCM5,0.0003496458587637958
SLC9A3R1,0.0003493400382015924
SCN5A,0.0003491809102501205
PRKCG,0.0003491569449384087
FOXM1,0.0003491209671866629
AKT3,0.0003486317419379822
AGT,0.00034848314998853035
CSK,0.0003470594052194592
OCLN,0.0003470268998262272
ITGA6,0.00034670528231519487
FANCI,0.00034550688217047164
PDGFRA,0.00034543857282323236
NGFR,0.0003452446120591673
GFAP,0.00034500356479440366
RACGAP1,0.00034426321668317675
HIST1H2BJ,0.0003441577328802225
NCAPH,0.0003441132258582437
IGF2,0.0003428637598888121
BCL6,0.000341518683796097
LRP6,0.0003413120899176142
PBX1,0.0003412234305211199
ADCY8,0.00034025249215725124
KCNQ2,0.0003399614785141733
ADCY5,0.0003395659139885412
PDGFB,0.0003394651280693075
CHEK2,0.0003385634765677698
DLG3,0.0003382821613965038
MKI67,0.00033827412758408816
NTRK2,0.00033775005003504
BTK,0.000337334390591704
BGN,0.00033711617466766704
HLA-A,0.00033672854605291963
MAPK13,0.0003366809976071026
PRKAR2B,0.00033628973905351286
ESPL1,0.0003349889576185724
CD86,0.00033408460852512104
GPC3,0.000333693088134171
MAPT,0.0003336552469757306
TGFBR1,0.0003326705140075666
PRKCE,0.0003324899505371084
MEIS1,0.000331823670082047
DNM1,0.0003317998672764839
OIP5,0.00033139200350848383
ITGA3,0.00033128991764603443
KIAA0101,0.0003311132808427734
NRXN1,0.0003308906565836082
SUOX,0.0003307959121201378
MCM7,0.0003307199348779027
HIST1H2AC,0.0003302904480181627
E2F1,0.0003301912049945188
GNB3,0.0003298007962212864
HIST1H2BK,0.0003297259647872344
BLM,0.00032770941189255075
LAMC2,0.000327670729308874
ITGA8,0.00032743789919102945
ANLN,0.0003268075349764741
ITGB5,0.00032679275460460223
MAPK12,0.00032655881634355364
LAMA3,0.000326432909601223
GJA1,0.00032630959934992824
ADRB2,0.0003261429430644377
PTTG1,0.00032601066443173116
FCGR3A,0.00032568068960802933
ENPP1,0.0003255589740045002
RAD51AP1,0.00032551434742644395
BRCA2,0.0003250736550745671
TCEB1,0.00032458837778707105
GLI3,0.000324147589998466
ALDH7A1,0.0003239715591291437
TCF7L2,0.00032334961413898767
LRRK2,0.0003229589603871593
CCL11,0.00032278783759350296
CENPN,0.0003227308751958716
RRAS,0.0003226697924053924
PLCB1,0.00032215856447694995
HPGDS,0.0003217544685980826
CYCS,0.000321565470388173
ASF1B,0.0003210096639738753
HIST1H2BO,0.00032077244157914655
CDC25A,0.0003206699800184355
NPY,0.0003199722292334059
PRKAR2A,0.0003197939619239793
AOX1,0.0003197080615826261
SREBF1,0.00031965705216795105
MCM6,0.0003194457726664844
MUC4,0.00031930760892272833
RAB3A,0.00031862058858363217
LRP1,0.00031855453665352807
NOS1,0.0003184826521802175
XBP1,0.0003179590153100685
ICAM1,0.000317577756039497
TRIP13,0.0003167851722113191
POLE2,0.0003167333642615521
ITGA2,0.0003165089096726737
SRF,0.0003154959773097523
PRKAR1A,0.0003150405936063462
ITGA9,0.00031482277732580944
CD247,0.00031452204471563703
CYP2A6,0.00031442024977815214
HIST1H3J,0.00031429559579765007
ACVR2A,0.0003142887954011749
LAMA1,0.00031402773679689333
GINS2,0.0003137509354518441
SPAG5,0.00031354518231861684
NPFF,0.0003129601392308967
TBL1X,0.0003129142939123448
PLK4,0.000311762513096595
DLG2,0.0003106514650607927
CDT1,0.0003102900886376688
MAP2K6,0.00030936349994208393
PAX6,0.0003091113714967792
ITGA2B,0.0003085015706437822
RYR1,0.00030813571869271115
RUVBL1,0.0003073161613443858
SUZ12,0.00030711664785054526
SDC3,0.0003058952104531375
SOCS3,0.0003055223827863366
SMC2,0.0003051576555222012
ADIPOQ,0.00030514555772272856
ITGA4,0.00030499944526405607
CDCA5,0.00030473532115576587
SMC4,0.00030456811259255357
CYP2E1,0.00030453072788023624
SFN,0.00030427519658024265
ERBB3,0.0003035552861222463
P4HA2,0.0003031526167932979
KITLG,0.000303012548143788
CRP,0.0003028900055923408
TMEM30B,0.0003027486340097603
GNG13,0.0003027115297101141
GOT2,0.00030255254976200896
POLD1,0.0003023381185812597
CCR7,0.0003022409261055031
COL2A1,0.0003019083855564949
P4HA1,0.00030149477091513405
IL2RG,0.00030144754328675574
GAD1,0.0003014080743208848
ADCY4,0.0003013370479241757
PTGS2,0.00030080350811445084
KPNA2,0.0003005929335822888
FGR,0.00030045305222828583
GATA3,0.00030034502547719
GABBR2,0.0002998916151580473
GNAL,0.0002998738506410154
GPC1,0.00029949331672540547
VTN,0.0002993792639176976
CDKN3,0.000299140734245703
NRP1,0.0002986062851852369
IRF4,0.000298537215428415
CDKN1B,0.00029751730567301453
SOX9,0.0002972925680836821
LRP2,0.00029719792201007026
SLC1A7,0.0002970880953491893
GNAZ,0.0002969057665953144
COL3A1,0.00029608812790314675
TCF3,0.0002959731079276312
TGFB3,0.00029596464860378463
ESR2,0.00029594094571200346
ATF2,0.0002957670106980528
CCL5,0.0002957354148127731
ADCY3,0.0002950176774604368
HIST1H2BL,0.0002948829295056476
MAP3K1,0.0002944425391934218
LCP2,0.00029382565422867725
GNA13,0.00029297573876329235
ADCY2,0.0002922083179311955
ANPEP,0.000292127724488694
FURIN,0.00029181254925667786
WNT5A,0.00029130192153608854
P4HA3,0.0002909985237705823
PPL,0.0002901008840200399
NTN1,0.0002896980373840182
NCOA3,0.00028946522034923905
UTRN,0.0002890595598684221
BARD1,0.0002889691634320705
GRIP1,0.000288784918149811
BCL2,0.00028876407492461973
RFC3,0.0002883198877512831
MUC16,0.0002881325324144255
NCK2,0.00028807488284989647
MLLT4,0.0002878965442259788
FGFR3,0.0002877641678759121
ITGB6,0.0002865917251111524
VCAN,0.00028658153820473246
ANK2,0.0002864814661213832
PRNP,0.0002860300734159803
APBA1,0.0002858506685689365
LIF,0.0002857363308806277
FLT1,0.00028466754665906454
ACTN1,0.00028466729065007666
ROCK1,0.0002844970613908743
SAG,0.00028440225386672403
CYP7A1,0.00028437809981971506
CFP,0.0002834601144965245
AP2B1,0.00028321169315273997
IRS2,0.00028313006295062104
GLI2,0.0002831290324047008
GLI1,0.0002830133900940505
SQSTM1,0.0002828928599391143
CKS1B,0.0002821940263526764
HIST1H2BD,0.00028213602611604595
HLA-DRA,0.00028207656159266357
LAMB3,0.00028158851612942044
SPP1,0.0002811317433726484
FCGR1A,0.0002807995911297711
HBEGF,0.0002804761374499183
GNB4,0.000280424437166622
GATA1,0.00028005483019720255
IRAK1,0.0002795194941088155
HIST1H2AJ,0.0002791922799475414
RHOC,0.0002791545948547918
CHML,0.0002790629068743725
PRKG1,0.00027881950468685283
HP,0.00027879569607446985
HIST1H2AD,0.00027774245222533307
HIST1H3B,0.00027755378986411513
MEF2C,0.0002775519477711512
CSF3,0.000276779502741876
GPR139,0.0002767021866435511
RET,0.0002765484667514096
CALR,0.00027648661555022504
FCER1G,0.0002764172202138482
GAB1,0.0002760229364672354
DPP4,0.00027577861628288596
HIST1H4E,0.000275611011745346
FLT3,0.0002753993119415354
CYP24A1,0.00027524796811974773
BCAN,0.0002752295030967362
COL1A2,0.0002750956291450212
CHM,0.0002748712374479347
CAPNS2,0.0002743195478125782
CLU,0.00027407760394605507
CXCR2,0.00027395659064297843
TCF7,0.0002738891939604049
IDH1,0.0002733393093200147
PLCB2,0.0002730031048818989
GABRG2,0.0002728871261583815
B4GALT1,0.00027259370969349506
LGALS3,0.0002722251590615307
HDAC4,0.00027217397692221154
CKS2,0.00027210810342205745
SYP,0.0002717557834935602
CDK6,0.00027155878814277514
AFP,0.0002714860918022688
HLA-E,0.0002714295675553899
TH,0.0002714129835189402
MAP2K2,0.0002711156074294779
NT5E,0.00027106824181608816
CYP3A5,0.00027087994523576164
MYL9,0.0002707562131190928
GNG12,0.0002704763208497844
ENO2,0.00027020688900332196
HIST1H3A,0.0002699087705287959
LAMC1,0.00026953936970464657
KIF14,0.0002693471708437013
KIFC1,0.0002692416166742776
KCNQ1,0.0002692189627221848
TLE1,0.000268992282255088
CASP1,0.000268972322524832
SCN2A,0.0002684670897282931
CCNE1,0.00026842890011384286
IL2RB,0.00026842076810093573
SLC26A4,0.0002682644033002903
GRM1,0.00026788884307766295
TAC1,0.00026778441296531453
HIST1H3D,0.0002677037031046052
ADCY1,0.0002676602611038174
TGFBR2,0.0002674524798277416
EGR2,0.0002665900511956608
EFNB1,0.0002663966289985838
HIST2H3C,0.00026597550725341587
GHRL,0.0002659351230857643
ZAP70,0.00026555513238695676
DNMT3A,0.0002654437880769258
FLNC,0.00026538247237953413
PSMB8,0.00026533194944889206
MUCL1,0.0002653261909276797
TIMELESS,0.00026531109276707387
DISC1,0.00026518376217880195
CD79A,0.0002650497299995461
MUC6,0.0002644752455734187
RAD54L,0.0002644632492398572
CDCA3,0.00026416911022440537
NOS2,0.00026406610154884987
PTPN1,0.0002638880256805401
GZMB,0.0002635941531354416
SYNJ1,0.0002635667902657348
ECT2,0.00026325132631936236
GSTP1,0.00026319223348087925
CACNB2,0.00026299331766809825
RPSA,0.00026295337126904027
CCNA1,0.000262940822314942
EPO,0.0002628047355170436
PAK3,0.0002626001804386618
INPP5D,0.00026239430293984356
SOD1,0.0002623118329024122
NOTCH4,0.0002622201643340401
NOTCH3,0.00026206766967602324
STAT4,0.0002619603230756465
HIST1H4D,0.00026185856791168183
HIST1H4J,0.00026185856791168183
SMARCD3,0.00026185432843720875
KCND2,0.00026165612876057374
CSPG4,0.0002616072814033818
HIST1H3H,0.00026147540426185115
CCR2,0.00026136657100071174
LAMB1,0.00026125254537337207
ACOX3,0.00026112703076519556
HIST1H3G,0.0002610968353412191
IRF7,0.000261019525360156
FASN,0.00026099531300594373
GNG7,0.0002609620021348247
GRIA4,0.0002608197033416832
RRAS2,0.00026081358533007405
CD38,0.0002607601726855872
ADAM10,0.00026070593042937755
KIF22,0.000260499392506522
TPM1,0.00026011202088706167
SORT1,0.00025983393933598064
CDH5,0.0002598144497465336
UNC13B,0.0002595136797312233
MMP1,0.00025926022939214366
CD40LG,0.00025916506343929934
NKX2-5,0.00025911950842003116
HIST1H4H,0.00025886018104235876
HIST2H4A,0.00025886018104235876
HIST1H4I,0.0002588601810423587
BMPR1A,0.0002588190044042156
HIST1H2BH,0.00025871674907555525
BLK,0.00025866911711076173
PKLR,0.0002586655544606206
CEBPB,0.0002585924672941007
ADCY7,0.0002585425834946615
KCNAB1,0.00025841818093321725
PRKG2,0.00025837223474669543
PLEC,0.00025833376687331075
SYN1,0.0002582115585868105
CYP2B6,0.00025789764138814874
LUM,0.0002576090297969036
JUNB,0.0002574870116359473
NOTCH2,0.00025732388689296657
PPP2R1B,0.0002572101371693869
YPEL4,0.00025670603346434896
ENPP3,0.0002565802106265023
GNA15,0.0002564085641468262
SELL,0.00025639600427630857
TCEB2,0.0002563509863355467
SH3KBP1,0.00025605921966335
TNNI3,0.00025527109905582566
ITGAL,0.0002551666810798434
UBE2T,0.0002550967726226788
MAP3K5,0.000255032503256056
WDHD1,0.0002550204989118549
RPL11,0.00025480049367080363
GRM5,0.00025459955247576115
DDX58,0.00025436941672202804
MYH11,0.00025410649641258095
NRXN3,0.00025408012017450116
SERPINC1,0.000254029154795912
MYL2,0.00025381683169334746
UHRF1,0.0002536720849111712
MSH2,0.0002531012363440687
HIST1H4C,0.0002529934191695484
DGAT1,0.0002529926775241228
RPL5,0.00025279324567699276
CASC5,0.0002524759414966363
TPM2,0.00025213869281707097
PRKCQ,0.0002520842903334299
DICER1,0.00025186579289443434
MYL3,0.00025168305960685287
KCNH2,0.0002516381990597833
PARK2,0.0002514549801677141
ELN,0.0002510229622581745
NFATC1,0.0002507041027785359
FZD2,0.0002504424051006151
LIPE,0.00025034862384497975
ANK3,0.0002502640627567227
IL6R,0.0002501777133253064
HIST2H3D,0.0002501740423062546
PLAUR,0.0002491002271860847
BMPR2,0.0002490689706143731
WWTR1,0.0002490048106635279
ACADS,0.0002487603382177232
HOXA5,0.0002486205236144341
PDPK1,0.00024856748129503783
FZD5,0.0002483582953587597
RPL23A,0.0002483091051228307
PGR,0.00024830343701969
CACNG4,0.0002482903000270626
KAT2A,0.0002481015445098589
CDH17,0.00024785190906163006
A2M,0.0002475823794824203
GNG3,0.0002474662938854891
SERPINE1,0.00024732297907818134
MYH6,0.0002473050861585282
WNT11,0.00024719810144659094
LAMA5,0.00024712720945280545
DKK1,0.0002471081729673436
VIP,0.00024705919999853395
FZD1,0.0002469711299919489
AKAP5,0.00024690216886511424
BMPR1B,0.00024686065455035625
ADCY9,0.0002468450504071238
ADAMTS3,0.0002467983365913478
S100B,0.000246729410774513
CACNB3,0.00024652693396998984
MUC15,0.0002463209196784881
MUC7,0.0002463209196784881
DEPDC1,0.0002460949353414282
MPO,0.0002460053477768108
LAMA2,0.00024587647449697574
SLC17A7,0.00024585664840429583
GJB2,0.0002457868335437091
ROCK2,0.00024559417910124536
CTGF,0.00024553846162123197
PIK3CG,0.0002455259990301635
KCNAB2,0.0002454746870483674
CD2,0.0002453079262913777
UGT1A6,0.0002451847418938101
TWIST1,0.00024515634471763135
TNNT2,0.00024511574048594455
GMNN,0.00024487962600345327
WRN,0.00024478814298450153
BPTF,0.0002446729305282361
PSMC5,0.00024434205404331647
NF1,0.00024388443110192194
RYR2,0.00024380603154142795
CENPM,0.0002436843411533886
ITGB8,0.00024352636758205728
RAD51C,0.00024345335229052404
FADD,0.00024339029800189357
TPI1,0.00024335059516726398
HSD17B4,0.00024315226212660707
CYP2C9,0.00024315218031856258
EFNB2,0.00024304486088694597
ITPR3,0.00024276491716939425
COL5A1,0.00024271685233716116
GNRH1,0.00024263891031848839
PRIM1,0.00024193753285678475
IL7R,0.00024177034206159843
MMP3,0.0002415274732037475
BIRC3,0.00024122429061636334
KIF18A,0.0002411103705560585
ACTA2,0.00024103638578805973
FCGR3B,0.00024102669177026578
MSTN,0.0002407658428671837
CXCL11,0.0002407394784135957
TRPV1,0.00024060976239416389
CXCL9,0.0002403064919194974
IL2RA,0.00024025086407123897
KCNA1,0.00024008369928157312
TRPC1,0.0002396349514395431
GRIA3,0.0002396300229366528
CNR1,0.00023950064810412058
LMNB1,0.00023929325808836677
SPA17,0.00023928764134678403
MLLT3,0.0002389709643400984
CXCL1,0.00023895288491350148
SHCBP1,0.00023859369761015345
MYO1C,0.00023847700300732474
IRF3,0.00023843650807883732
TPM4,0.00023836100903231784
STX4,0.00023813167151478818
RPS6KB1,0.0002378393278502949
APC,0.00023783378301702108
HNF4A,0.00023778097881890371
DRD2,0.00023744088172202341
AGXT,0.0002374206018071614
ADCY6,0.0002373482694333352
PDZK1,0.00023722410582671655
LAMA4,0.00023694831793290804
TIAM1,0.00023692395948997935
KIF18B,0.00023690186181371992
MX1,0.00023662659597170014
FANCD2,0.0002364874144394685
EPHB2,0.00023640829493906866
KCNQ3,0.00023637043738212036
ISG15,0.00023626736353935418
FAS,0.00023579518652062963
RAD21,0.00023562705581205737
SGOL1,0.00023540588494496914
TUBB2B,0.00023473819211079414
TIMP1,0.00023439630893070962
WNT2B,0.00023437835953761174
GPHN,0.00023432546539201086
LIG1,0.00023432479534840096
B4GALT2,0.00023424767622606612
LIPC,0.00023422821519461452
LMNA,0.00023412894684056977
HLA-C,0.0002339321958691476
RPS3,0.00023378546691656406
MAP2K4,0.000233740649507751
PLD1,0.00023357996195683047
PPP3CA,0.00023350365361118607
OLIG2,0.0002333966931780188
HDAC5,0.0002332051355846206
HIST1H3C,0.00023302687716360605
COL4A1,0.00023290142505558422
RUVBL2,0.00023276011219205238
C4A,0.0002322262636431356
IL7,0.00023168703394249834
NBN,0.00023134918319554911
HIST1H3F,0.0002311024008383864
ESCO2,0.00023076931413442943
USH1C,0.00023064050902775048
SLC2A4,0.00023060427319702867
FZD4,0.00023059618326597907
CD163,0.00023047488805188684
CCT5,0.0002304384221726316
NUP153,0.000230360257227837
TJP3,0.00023023771143590996
TALDO1,0.00023021781586815302
CCT2,0.00023009063545579285
STUB1,0.00023008200412911813
RPS6,0.00023002955331732016
AADAC,0.0002299333535119802
INCENP,0.0002296510466064478
HIST1H2BM,0.00022960182717733475
RPS18,0.00022956810119511008
ITK,0.00022944389777234878
PLIN1,0.00022943918774360946
VEGFC,0.00022930797868618498
PROM1,0.00022927647378474775
EPOR,0.0002291983098705907
SOCS1,0.0002291276143531443
KCNQ4,0.00022899190749994667
WNT4,0.0002288818574187361
F2R,0.0002288379061820392
LATS1,0.00022874554734411825
ADRBK1,0.00022869974983701224
RUNX3,0.0002286624275961953
FANCM,0.0002286201517558819
HSPA1A,0.00022854774388559028
RHO,0.00022849624248738606
CCNE2,0.00022843339390121823
HLA-B,0.00022838054422557
NEDD4L,0.00022838024169784778
PLA2G4A,0.00022808946810322616
ERCC4,0.00022808753367965426
PNPLA2,0.00022793653550871602
H3F3A,0.0002279207870185236
ALDH3A2,0.00022774470141757267
HLA-DRB1,0.00022773983003347947
HAP1,0.00022758811650058167
RAPGEF3,0.00022745652781188606
BCL9,0.00022703485369948462
WNT2,0.00022694653704167202
DNA2,0.00022693801178022544
TFRC,0.00022675623233073158
MBOAT2,0.00022674107767055307
NES,0.0002266244629149989
STK11,0.00022654085358248644
AKAP9,0.00022650353918814077
LDB3,0.00022605642270887228
HIST1H4B,0.00022567254794851697
ADAMTS14,0.000225445841917736
CCR3,0.00022538316640335803
WNT5B,0.00022479129129783737
HSPD1,0.00022477520819949527
LIN7A,0.00022468649814554303
VCAM1,0.0002243960058250556
MUC5B,0.00022426859525068125
THBS2,0.00022421228279629045
GPC4,0.00022398891204931348
ACVR2B,0.0002239376653281944
EVPL,0.00022384740121892505
KCNMA1,0.00022355093593718218
CXCR3,0.00022353264747008018
WNT9B,0.00022338209511001253
ROBO1,0.00022326943232943455
GPC5,0.00022321663082489155
RSAD2,0.00022319005394383557
FMOD,0.00022317539551485832
H2AFB1,0.0002230944648602287
SHC2,0.0002229107605489381
HIST4H4,0.0002228322638177533
IL15,0.00022280005086328176
SNRPE,0.0002227869601304375
PKP3,0.00022270836740546262
EPRS,0.00022269507134388395
ADAM17,0.0002224612443906582
PRKAR1B,0.00022204289126558557
TROAP,0.00022200875117921783
CSF1,0.00022178425929298367
STAT6,0.00022166928165317297
NPAS2,0.00022164733386416445
CD36,0.00022161493661164422
SLC1A2,0.00022141985858667007
LDHA,0.00022130868223653875
P4HB,0.0002212977248250604
SH3GL2,0.00022122978476559458
CACNA1H,0.00022121227876593144
GIMAP8,0.0002208795713653656
KRT5,0.00022076964062851644
H2AFJ,0.00022074958177346028
SMO,0.0002206491747462406
CHD9,0.00022040809584977783
KLF4,0.00022036481782853305
PARD6A,0.00022024962933791715
DCC,0.00022020076904800132
HIST1H3E,0.00022012316914928263
ENG,0.00022005331250929131
LRP8,0.00022003779376348872
KNTC1,0.0002199797193894694
WNT10A,0.0002198633337097733
FGF1,0.00021982318751149148
CNTNAP2,0.00021981646785641334
TUBA4A,0.00021981582591928063
MYH3,0.00021969237770478727
DGAT2,0.0002192781923254437
RPS4X,0.00021899022953977194
MUC20,0.00021894444327142626
CCL3,0.00021883270237108108
CYP26A1,0.00021867751654060976
WNT6,0.00021861393324454944
IQGAP1,0.00021861222737667844
EPHA2,0.00021856678902595087
ETS1,0.00021852316747895815
MGLL,0.00021848017428164598
GFRA1,0.00021842816476946034
COMT,0.00021842368401127308
ALDH1A1,0.00021837764952539377
HIST1H2BN,0.0002183734147774577
IL6ST,0.00021834138383044745
RNF2,0.00021824804920562128
RFC2,0.00021809743649250295
DNMT1,0.0002180605711889995
FCGR2B,0.00021805405104364275
ACSL1,0.00021801279104331057
FUT4,0.00021795719522163423
IFNB1,0.00021775674741824887
LCAT,0.00021768540516984924
COL5A2,0.00021723928210430832
MYB,0.00021721592904024706
PPP2R5A,0.00021712677559807363
RORA,0.00021698797246443935
ADCYAP1,0.0002169546844352466
MAOA,0.00021692933024373165
NRIP1,0.00021671892992356265
FGA,0.00021647722868565935
NCAN,0.0002164687926704818
CD79B,0.0002163541005194649
CLTB,0.00021630311896378472
NRG1,0.00021624062939633592
NTS,0.0002161665353613495
NR1H3,0.0002160941749336788
IL1A,0.00021605284080817143
RMI1,0.00021568626534916108
TFDP1,0.000215340058804324
C1QB,0.00021530561784177102
FZD7,0.00021527787919835224
CD3E,0.00021519281826185311
GRIN2D,0.00021509422941088144
NFASC,0.00021480862095710256
CALCA,0.00021450914208751907
COL4A2,0.00021445387824297571
CD2AP,0.0002144322522583899
FGG,0.00021441746669292647
NLGN1,0.00021440522892945323
CD274,0.00021437679167490712
RPS2,0.00021428319260112497
FOXA1,0.0002141976271238463
HSPA2,0.00021419460687264097
TNNT3,0.00021412875832209203
THSD7A,0.00021397891651332707
RARA,0.0002138048506675626
ANK1,0.0002135687878451097
PROC,0.00021356842357536383
B3GNT3,0.0002134036964622313
GAB2,0.00021327003104924943
TRDN,0.0002132399033967218
LPAR1,0.00021322462836317977
RPS14,0.00021298333878733448
STK39,0.0002129781346822354
CEBPD,0.00021292737680879008
MYO6,0.00021271933647013048
HIST1H2AE,0.00021269646573449363
TGM1,0.00021258409362152225
ADH1B,0.00021246528343485063
FADS2,0.0002124179713813155
ALDOA,0.0002124111985277626
MME,0.00021239506509616
FBXO5,0.0002120570253113115
ST3GAL3,0.00021203197081341127
FJX1,0.00021195302067690937
PLP1,0.0002116264902497682
RPS5,0.0002114398856607409
IFIT1,0.00021131724014291747
HLA-F,0.00021129014018639617
PPFIA3,0.0002112651514243573
GNA14,0.00021109138172921568
AQP4,0.000211037744235113
APOC2,0.00021078869055654083
LAMC3,0.00021062136986082087
RPS11,0.00021061276119864217
PAK4,0.00021058450786055503
WT1,0.00021034047531368977
PPAP2B,0.00021022702442185663
MRE11A,0.00021018797270431656
TK1,0.00021016693425117178
HES1,0.0002101638626864875
KIF17,0.0002101492204371178
SCN4B,0.0002101409630126381
GNG11,0.0002099718917735955
TRADD,0.0002098682857667767
B4GALT3,0.00020968506886006978
SEMA5A,0.00020966614801620547
CTSG,0.0002096130012258748
GMPS,0.00020944359333320735
KCNA2,0.0002093108597958137
TXN,0.00020916963845222538
MRPL13,0.0002089738517113078
PRF1,0.00020892460224891164
IL18,0.00020868634378616374
PDE1A,0.00020865000704543536
F3,0.00020860667823634118
NHP2,0.00020852975221010702
APRT,0.00020847366576625594
TERT,0.00020833180190498433
AGXT2,0.00020827086195705633
KLRK1,0.0002082694260919154
TCF7L1,0.00020826267784610918
MUC13,0.00020793447683002604
MUC21,0.00020793447683002604
MUC12,0.00020793447683002604
FGFR4,0.00020789052805388959
WNT7B,0.00020786504053242779
NME1,0.00020774712193173894
PHGDH,0.00020772633703089693
GIMAP7,0.00020766731232163343
BRAF,0.00020762659368365978
SAA1,0.00020753182782133438
ANGPT1,0.0002071605151818667
KCNA4,0.00020687681637351094
MND1,0.00020671613886111555
CACNA1A,0.00020663917023823345
PSMD3,0.00020653334403218632
WNT8B,0.00020652679177719793
CD3G,0.0002065130382321204
DCAF13,0.0002065102971931769
CYP2C8,0.00020648491780260935
IL4I1,0.0002063301542396109
HSD17B6,0.00020631306609883215
PSMD12,0.0002062313093452156
CX3CR1,0.00020609726880271975
CYP4A11,0.00020595202407519295
MAP3K14,0.0002059013555740061
LPCAT4,0.00020588059354349278
AKR1C3,0.00020572232539717734
JAM3,0.00020569382592018295
TEAD4,0.00020561313681717778
PARD3,0.00020552423376996403
CCL19,0.000205349631899711
NEDD4,0.0002053030993250551
CLSPN,0.00020519338727427726
MYH10,0.00020512469469468255
CCND2,0.00020485612097150246
CKAP2,0.00020469738641003184
CDH23,0.00020462846365902794
GATA6,0.00020458661329074255
LPAR3,0.0002045722853137251
DNAI1,0.00020449282007218493
CD69,0.00020439801471937747
TCF4,0.00020429055563323927
AQP2,0.00020422041781240562
KCND3,0.00020417910632093803
RPS25,0.00020412954876952472
INSR,0.00020412782053341272
PDGFA,0.00020404405596693005
EFNB3,0.0002040004719523165
AGPAT2,0.0002036430007632975
WNT3,0.00020360455046227526
ACOT4,0.00020358820463761668
ACSS2,0.00020351853196939293
ZEB1,0.00020341961451671002
RPS16,0.00020328508215695278
ITGA7,0.00020319583887256753
CCR1,0.0002031037180028449
VANGL2,0.00020302942293944754
LPIN1,0.00020283285332152185
CNN1,0.00020272503356308607
P2RY12,0.00020269457220078925
DCK,0.00020259609007815192
CYP19A1,0.00020250532851989918
H6PD,0.00020245645040941848
GTSE1,0.0002023562060687222
RPS3A,0.00020228724753914808
PRKDC,0.00020221017592736702
ADAMTS5,0.00020188934473620032
HLA-G,0.00020184117013792246
CSPG5,0.00020177077552109468
OAS2,0.0002014915457738147
DNMT3B,0.00020138860242135568
IFIH1,0.00020138126350554696
ELMO1,0.0002013310746281755
STXBP2,0.0002012856459311522
VAV2,0.0002012635243244109
ARHGAP11A,0.00020124872831869882
KCNB1,0.00020124203278149754
PRRG1,0.00020121256523899866
KCNC1,0.0002011937278798652
SEMA3A,0.00020087907320266973
TRPV4,0.00020081187850151634
FLG,0.00020080672502048022
LDB2,0.00020080569029223253
OGN,0.0002005998152284734
IL3RA,0.00020059218043571686
RPS8,0.0002005410561349352
STX1B,0.0002004277210995485
RPS9,0.0002003519802988856
CD3D,0.00020011513868752536
TLE4,0.00020005528675153352
RHOB,0.0002000467282602074
ITSN1,0.0001997208386270127
PYGM,0.00019949496384322212
SELP,0.00019943055682380447
NRP2,0.0001994079591703242
FCGR2A,0.00019931247831219776
KCNH1,0.0001992851041246205
RPS19,0.000199118420551261
NCAPG2,0.0001991130511049581
FZD6,0.0001990997846142767
GNAT1,0.00019908094425440432
ADAMTS1,0.00019890265342915685
HK2,0.00019887018734371603
HPRT1,0.00019872712948790222
ARHGEF6,0.00019871127250792997
IVL,0.0001986088792553143
PCK1,0.0001984189054455098
TUBA1C,0.00019828832821129036
ANXA2,0.00019828190031933319
RPL35,0.00019807886886440094
TUBA1A,0.00019800768285228965
IFT88,0.00019768947027808676
TACC3,0.00019765074662651632
ENTPD3,0.00019758163057320292
FOXO4,0.00019752002045187524
RGS7,0.00019751805459127843
GDNF,0.000197509356254574
SNRPN,0.000197474016288366
ACTN3,0.00019746985458304994
SGCE,0.0001972783557990866
LEPR,0.00019723776317129337
CACNA2D2,0.0001972176812528881
MYL7,0.0001971743287716973
GSTM2,0.00019704771403178595
BMP7,0.0001969855789353768
FGF10,0.00019687997865841728
ADAMTS2,0.00019679931086943975
SPHK1,0.00019669178070879436
LAT,0.00019668890562903675
NEB,0.00019654455689779447
GTPBP4,0.00019644208863641913
DNAJC6,0.00019643034226891578
COL11A1,0.00019636947410666284
TMC1,0.00019620094933820866
GRIN2C,0.00019610636125907456
VAV3,0.00019608780156875002
LDHB,0.00019608494185789253
PLN,0.00019592158548071545
NLGN2,0.00019581931752607915
RHOQ,0.00019579876731476642
BCL2L11,0.00019547427164586604
ELTD1,0.00019545549438902227
MYBL2,0.00019542701178022612
CTBP2,0.00019539952456560747
ITPR2,0.00019539436310764995
PLCE1,0.00019530440181239427
PAX8,0.000195252275256745
BSG,0.00019525090153409212
TEAD1,0.0001952126595253684
RAD50,0.00019487823600510267
RPS15A,0.00019485404103028296
GGT5,0.0001948295777695712
ALDH2,0.0001947391202243456
TNNC2,0.00019468194443612028
CXCL2,0.00019467179168304198
EFNA1,0.00019463911005385815
PIK3C2A,0.00019454926976862595
PCDH15,0.00019446068983920543
AMPH,0.00019444048928122116
RBL1,0.00019441922754040984
IRF9,0.00019441400242171144
RPS7,0.00019427197221670448
APOA5,0.000193982104310421
IL4R,0.00019392648187005896
S1PR1,0.00019378960127476114
BAX,0.00019371702109555379
KCNAB3,0.0001936465111903617
GABBR1,0.00019363512626587042
SPARC,0.0001936143760253681
RPLP0,0.00019357749757098477
ADH4,0.00019340231680220043
CES1,0.00019339787646238378
OAS1,0.00019333039875951084
IRF1,0.00019324052694873377
SLC27A2,0.00019314788903849312
VLDLR,0.00019313927837592907
CCT3,0.00019306874441025253
PEG10,0.0001928742332308629
POLR2L,0.00019265347790558976
PLCB4,0.0001926175432108575
ALK,0.00019256335758418175
GSTA1,0.00019255413755577905
EPT1,0.000192534267101034
TRPC6,0.00019249103117217843
SCN3B,0.000192406009976399
MMP14,0.00019228216869048156
SQLE,0.00019210720708883963
CBX2,0.00019207467483460603
RBBP8,0.00019201600950236573
ALDOC,0.00019200237502729154
LMO2,0.00019194794594288103
WNT7A,0.0001918365917094881
PSME2,0.0001918219075890722
TCAP,0.00019181063844864814
TNNI2,0.00019166808191451373
TMIE,0.00019158507711985453
PPAP2C,0.00019158424116029967
SLC36A2,0.00019152505821416543
ITGB7,0.00019151970682257453
EEF1G,0.00019144834627475042
COL11A2,0.00019140078748277223
RPL23,0.00019136899235740166
DDB2,0.00019125168522589027
TGFB1I1,0.00019122568231388128
KCNJ2,0.00019099256379110225
EFNA5,0.00019098740737971714
RPL30,0.0001909615104166601
TGFA,0.00019083931353466394
ADH1A,0.0001908139110913222
ETV6,0.00019079447309057517
VIM,0.00019065798787986786
GCK,0.0001906557032147073
AGPAT4,0.00019053338146540934
HIST2H2AA3,0.00019040059586668002
ITGA10,0.00019035004842084442
TAL1,0.00019026554824634292
MYH2,0.00019025239285380962
IKZF1,0.00019013913047390683
FPR1,0.00018992302383480839
ZDHHC14,0.00018990549980254362
DOCK4,0.00018982611105274868
ZYX,0.00018955758797860483
HIST3H2A,0.00018953422813448474
PTPRZ1,0.00018938729089349615
RPS28,0.00018930337996931517
MYL6B,0.00018901755149104227
PSMA7,0.0001889931224612214
RPS20,0.00018898439588991596
ALOX5,0.0001888295045077149
UBE2S,0.00018881083125871228
MYLPF,0.00018867486061983546
RPS23,0.00018865198418469408
MYLK,0.0001886316787652469
RPL4,0.00018857767591846328
EPHA4,0.00018853176307124278
FASLG,0.00018849181871273665
MBP,0.0001884547590049713
UGT2B7,0.00018837494274592906
ADAMTS9,0.00018835555211136967
FDFT1,0.00018823767815149406
NCAPD2,0.000188199411158506
ITIH4,0.00018813034231625054
CSF2RA,0.00018811870075255692
MAP2K3,0.00018797005129153653
PTK6,0.00018781596373593782
SCN11A,0.00018781455195980465
UNC13A,0.00018780795040558828
EPCAM,0.00018763486323130756
RPL3,0.00018760867584113444
ASCL1,0.0001875600016454241
LILRB2,0.00018745758375275466
CACNA1B,0.00018741186430956672
GATA2,0.00018735614482804047
PTPRD,0.0001873313441941942
RPL8,0.0001873090973219687
CKAP5,0.00018728033395606786
SYT2,0.0001872272200315683
RPS15,0.00018714278027427196
ADH1C,0.0001870597570238884
AKR1B1,0.00018692542294921428
PTPRS,0.0001868637317703158
MITF,0.00018680344576816233
NME1-NME2,0.0001867381579363749
FAM64A,0.00018669427264536586
EEF2,0.00018645908329486917
PLXNA4,0.0001863159485680783
ATRX,0.0001862622042121284
FBN1,0.00018623006882504474
CXCR5,0.00018615031934018252
KCNH3,0.00018612543729176919
TXNRD1,0.00018598667903934913
WIF1,0.0001859570211297691
RAB27A,0.00018595573794045185
MYH8,0.00018590303165296452
FABP4,0.00018589568582960935
SNRPG,0.0001858643768282604
PSMD11,0.00018579594171048668
THBD,0.000185711815597298
RBBP5,0.0001854626578738516
NOD2,0.00018536958147303707
WNT9A,0.00018530945174213666
KIF20B,0.00018503795683411962
OAS3,0.0001850355659445163
RPL21,0.00018503443512364105
C1QA,0.00018502743357361014
NTRK3,0.00018502523046417358
B3GAT1,0.00018491577974503797
FZD8,0.00018484243291122938
SKP2,0.00018483808298512736
HELLS,0.00018478937542890924
MYO5A,0.00018476843833233032
PLXND1,0.00018476263314583114
GABRA1,0.0001847224652945648
RPS24,0.00018460390141240076
CDC7,0.00018454729935003252
CXCR1,0.00018454020342751167
CSTA,0.0001844440693736484
OASL,0.00018441690713567264
TLE3,0.0001843676675326064
HIST1H2AH,0.00018434170677965336
SYN2,0.00018428274113249708
RPL9,0.00018427788041088834
ALDH1A2,0.0001841782545418537
CAMP,0.00018416419920357026
PAK7,0.00018412378675035747
PICK1,0.00018385225902093055
AP2S1,0.000183669455496072
SKA3,0.00018366753924841978
HMGCR,0.0001835757068356138
PLA2G7,0.00018357251186669978
PIP5K1B,0.00018356599364726436
GPI,0.00018345084642439405
BAAT,0.00018339579296470764
EPHB1,0.00018333650044334722
PABPC1,0.0001832849531656319
RPL34,0.00018323023830160652
FTCD,0.00018318109802996414
NUP210,0.00018312955189795347
SPRR1B,0.00018312053783308058
RPL13A,0.00018301529391069325
UGT2B11,0.00018291848738110055
PPP1R9B,0.00018286528644320498
PRKAA1,0.00018282657552157785
TRPC3,0.00018279393100148757
ZNF367,0.00018259061452381806
TRH,0.00018257878788374482
SNAI2,0.000182568143799003
DSG1,0.00018254266438024938
ITGAE,0.00018240186216719748
SMAD5,0.00018197411737545495
GIMAP4,0.00018177901335915896
KL,0.0001817388847143625
DYSF,0.00018165897565049357
IGSF9,0.00018164994627021386
LPAR2,0.00018156507103677327
MC4R,0.00018127427567402843
KSR1,0.00018123949607135774
MRC1,0.00018122676590706806
ABCG2,0.00018122449349228058
NEFL,0.00018108672561341463
RPL12,0.0001810335378252529
ST3GAL2,0.00018099781441172663
CETP,0.00018099233730273006
RIMS1,0.0001809742815148395
DHH,0.00018095647554753822
MMP7,0.00018093929678244093
PLCD1,0.00018090846666228376
HSD3B2,0.00018082871284880316
CHL1,0.00018080857891865056
DNAH1,0.00018077777555512492
ESYT3,0.00018071295843536078
FIGF,0.00018047179969160696
CASP14,0.0001800998071717568
LGR5,0.00018005301045065472
PAX5,0.00018004242593591164
GSR,0.00017999495300832706
CHRNA1,0.00017991524408700078
RAPSN,0.0001799121887055457
GPT,0.00017984032039381024
PDE4D,0.0001798294225888678
SPON1,0.0001796532380553184
DYNC2H1,0.00017963100799961164
SKA1,0.00017948273334872318
PPAPDC1A,0.0001794721815753224
CD209,0.00017944934685237303
MT1E,0.0001794344427985442
KRT7,0.00017934902614499424
IFIT3,0.0001793317924549055
ITGA11,0.00017926487160446075
CH25H,0.00017923900842336626
ATP1B2,0.0001792097719570496
NRCAM,0.00017901311599807516
CD9,0.0001790031032851568
MMP13,0.00017888393291179817
PYY,0.00017881540598389643
SMAD9,0.0001787747339844826
GPC6,0.00017858608805867212
ARHGEF12,0.0001784973809907595
GGT1,0.00017846406127105597
SCNN1G,0.00017832217142435365
UGT2B15,0.00017826797572414096
ST3GAL1,0.00017805359107089824
PIK3R6,0.00017803538234929047
SPTBN1,0.00017795966766692955
SNAI1,0.0001779392767833664
FZD9,0.0001779036274098406
GNG4,0.00017784849059527034
LIN7B,0.00017783141942596486
NLGN4X,0.00017758775424299688
PPP1R15A,0.00017756824310846453
HSPB1,0.00017746109625750903
GYS2,0.00017745340588794163
RAPGEF4,0.00017745220586630443
SNRPB,0.000177421486269781
SCGB1A1,0.00017727645962611454
TRAF1,0.00017727107319520622
FBL,0.00017717354305802076
ENTPD8,0.00017716510424873125
SPINK5,0.00017704291703610344
GSTM1,0.00017700411034461097
MRAS,0.00017692620281141316
NFKB2,0.00017691127339704906
CDCA2,0.00017685761003874434
HMOX1,0.00017672492360725064
PLXNA1,0.0001766959263991653
ST3GAL4,0.0001766849946896754
DNAH5,0.00017662170043761876
RPS27,0.00017655806438397629
CCDC114,0.0001764907081727517
NLRP3,0.0001764320643650121
RPS29,0.00017639093772596807
ISL1,0.00017636108453315455
TUBB2A,0.00017627840626215118
CUX1,0.00017619997967196702
POR,0.00017613868898769768
BUB3,0.00017607043134738144
NR0B2,0.00017602823010487263
ATP1A2,0.00017599907596883288
HSD17B7,0.0001759444799048875
CD14,0.00017589303481537773
ALDH1A3,0.0001758809671408792
BYSL,0.00017570740443760078
SLC9A3,0.00017566161562263926
CFH,0.00017560854209214776
APOM,0.0001755526867427627
CACNA2D1,0.00017551785135042894
GUCY2D,0.00017550717051497439
PKMYT1,0.00017542824257736942
PTPN13,0.0001753860626281709
FGF7,0.00017531296293838827
NOG,0.00017528746180139193
AKAP3,0.0001752451374368342
NFATC2,0.00017518907032699978
KLK3,0.00017512899990630184
BST2,0.00017510425620795148
AK3,0.00017510023173008128
TKT,0.00017495324671671936
GP1BA,0.00017488378225077555
MYH14,0.0001748168772561117
ENO1,0.00017475133661803315
REL,0.0001746932822811729
ADAMTS8,0.00017468707059819957
RPL27A,0.00017460681850499824
SHC3,0.00017446572630133386
CACNB4,0.00017443264385427006
SPC25,0.00017421435836899573
TRPV6,0.00017419966725371332
TNFSF11,0.0001741887869707716
CD27,0.00017416989399395754
FZD3,0.00017403381956768556
LATS2,0.0001740271317690625
BRIP1,0.00017395931099031814
ADAMTSL2,0.00017392744132739866
PRDM11,0.00017389556576395237
GPX2,0.00017382828708365828
IFI6,0.00017381681607425166
GPC2,0.00017370735628712537
RIPK2,0.00017363466860792067
SGK1,0.00017357588221423957
CPT1A,0.00017357005552013963
SNRPF,0.00017347538462463396
CEP290,0.00017330701612708053
COL4A6,0.00017322492753737946
HBB,0.00017320068698383102
WNT10B,0.0001731870431684425
ABAT,0.00017313490952810035
STIL,0.00017311796259177948
CHRD,0.00017304851889624807
LRAT,0.00017303016117199813
EPHX2,0.00017299756101721482
SNTG2,0.00017299097101997388
DHRS4,0.00017288218680683307
APOC1,0.00017285754584775247
IHH,0.00017260866491290562
NR0B1,0.0001723744807386714
PLTP,0.00017237122649341137
BAG3,0.0001723289892654511
RPL18A,0.00017228327351445004
SEC16B,0.0001722430984903716
MAOB,0.00017220898604047494
CGA,0.00017215973609317243
CCL22,0.00017212602616335912
PARVA,0.00017209850668450623
SFTPB,0.0001719947579939955
MSN,0.00017189170658681594
PER2,0.00017182043542827508
HPX,0.00017179507411060218
WWP1,0.00017158629260204518
NID1,0.00017155905120229306
TMOD1,0.00017155269481057854
DIO2,0.0001714376978135465
CACNA1G,0.00017141937884707548
ROBO3,0.00017141118018357607
PLA2G6,0.00017135970353801286
GNGT2,0.0001713111527638569
GNAT2,0.00017129758900985334
ADAMTS18,0.0001712880751330336
ADAMTS16,0.0001712880751330336
AGTR1,0.00017118636699803123
NOD1,0.00017116781889657128
FXYD2,0.00017110068905785568
DPYSL2,0.00017105287607832424
TP73,0.000170987988386121
LAMB2,0.00017083358701038343
POLR2K,0.00017074616413416307
LOR,0.00017071328214807974
CBX8,0.0001705681901403677
ADAMTS10,0.0001703970346477772
ADAMTSL4,0.0001703970346477772
MAPRE3,0.0001703933024526541
MBOAT1,0.00017028638736262555
RPL26,0.0001702862443819159
STIP1,0.00017026611616278027
CD1C,0.00017020575584469227
PCYOX1,0.00017010877136542897
CCNT1,0.00017001646949680373
PSMB9,0.00016991573269202722
WNK3,0.00016989860814238457
ATP1A3,0.0001698686361095796
TBX21,0.00016983582263784772
THRB,0.00016978880828646687
WNT16,0.00016975492743930996
RECQL4,0.00016969938100943742
LMO1,0.0001696541293667161
PDE1B,0.0001696495812738156
OSM,0.00016964938577794343
SCD,0.00016962355039807183
SOD2,0.00016943548155626286
CPLX1,0.000169348251872102
ATAD2,0.00016933005172867433
CHTF18,0.000169244524244402
AVPR2,0.00016916182439096416
EEA1,0.00016914888173208463
PLCB3,0.0001691217508095722
FCER1A,0.00016910344443169434
IRF6,0.00016909106399845835
CLDN16,0.00016908227037534725
PLEK,0.00016900602454913305
SMC1B,0.00016887996159982172
CDK5R1,0.00016879994982927846
CD5,0.00016878731131336722
TNFRSF1B,0.0001687629755478242
GHR,0.00016871434593484401
SCN1A,0.00016869306450244373
F10,0.00016845717322817736
SLC6A4,0.0001684224664001623
ARNTL,0.00016838511856487134
PAX3,0.00016837635198887194
IRS4,0.00016830005822753594
MYH1,0.00016826868577184378
SCN1B,0.00016823616774636283
ALDH3A1,0.0001681036868110636
KCNJ11,0.00016805394216510005
BIN1,0.0001680329945481926
DOCK8,0.00016799374129386908
IL1RAP,0.0001679892944753361
GDAP1,0.00016798461083508942
CCK,0.00016790024471914763
TDGF1,0.00016788975283167661
HOMER1,0.00016787212605194775
MYL4,0.0001678201108313916
NT5C2,0.00016776569064514264
KCNN4,0.00016772831203087907
FAM69C,0.00016771905570883407
RASL11A,0.00016767130031985637
AMH,0.00016761757190474058
GNG5,0.0001676067345617548
DSCC1,0.00016753670829878256
KDM6A,0.00016753633549472193
TLR3,0.00016746035377105295
MBOAT7,0.00016738512480702933
ST3GAL6,0.00016729449853477077
FST,0.00016722653035286972
ARL9,0.00016719033765714183
GRAP2,0.00016715926775074408
CHRNA7,0.0001671503727351795
RPL13,0.00016712527429973512
PTCH1,0.00016706379370590673
NRG3,0.00016702701898582142
PDE3A,0.00016695044848211892
SCT,0.00016675753361539093
RPL19,0.0001667336986003365
CCR8,0.00016669194676699207
RPS26,0.0001666610819096541
SHMT1,0.00016665016880480288
F11R,0.00016659795074158658
TNRC6C,0.00016655613836962063
ACTG2,0.00016641058555471916
RPL18,0.00016636103956325503
KERA,0.0001662618911166056
ANGPTL4,0.00016625932272216993
ATRIP,0.00016624505617844672
THSD1,0.0001661427214080611
THSD7B,0.0001661427214080611
ADAMTSL1,0.0001661427214080611
ADAMTS19,0.0001661427214080611
CYP4A22,0.0001661033688496952
RPL32,0.00016609635458856166
CTNND2,0.00016609571739855116
SNTA1,0.00016602813280746493
TIPIN,0.00016600996073379165
FTO,0.0001659586427453672
EPAS1,0.00016581003693987972
PON1,0.00016580680436975316
AKAP2,0.00016572511615777587
GLUL,0.0001657098767644507
RPS17,0.00016568931974301609
AXIN2,0.00016558455530057422
KLRD1,0.0001655129119879844
POLD2,0.00016532662314736935
ACOT2,0.00016529287521317764
TMPRSS2,0.00016509720663521172
TMPRSS6,0.00016497641177551944
POLR2F,0.00016496081302427463
DDO,0.0001649607512152563
SFRP1,0.00016490535386781024
FBLN2,0.00016489233873993257
RELN,0.000164752049474532
CDKN1C,0.0001647422827688711
CBX6,0.00016469336612176522
PGM5,0.00016460983994484514
DLL1,0.00016456530544035246
HIST1H2BC,0.00016454460647612141
RGS9,0.0001644975750667453
MAGEA3,0.00016435661205444792
IL12A,0.0001643437702903838
PLIN2,0.0001643168066935901
MAP2,0.00016426914878524886
PKP1,0.00016413936150233544
IGFBP3,0.0001640043318238938
CCNF,0.00016382741448575032
GGT6,0.0001638136504823259
MRPL24,0.00016374185581102487
ADAMTSL3,0.00016372211231811278
PRDM8,0.00016361534028425622
JAG1,0.00016349751740773544
G6PD,0.00016346478421785723
MFAP2,0.0001634355087267906
IBSP,0.00016341708200061394
B4GALT6,0.00016340479381101185
ARHGDIA,0.00016336006282684644
DSP,0.00016334666771451365
TIMP2,0.00016330314673000678
AKAP1,0.00016314897462731817
SCN2B,0.0001631319119011291
FRS2,0.00016306345759499176
KCNE1,0.00016300759739076073
PSEN2,0.0001630074877057392
SYNJ2,0.00016293346437802947
DSG3,0.00016284845272158943
ACSS1,0.00016279864889167119
AOC3,0.00016275700381613255
GSTA2,0.00016275588996679
HIST1H2AM,0.00016268064783857283
KLK2,0.00016260609603203007
RPE65,0.00016260421082212734
RBL2,0.0001625683369315334
PDE1C,0.00016238444215185008
SREBF2,0.0001623686521289355
PSMB4,0.00016234431638111364
AMOT,0.00016231448975252612
SGCA,0.00016228726857830483
CYP1B1,0.00016226879287238358
SMYD1,0.00016220504715910573
CACNA1F,0.0001621878241233198
HMGCL,0.00016214500633512287
DLGAP1,0.00016213194325297918
SLC18A2,0.00016212774505999542
GBP2,0.0001620512305000119
LRRC2,0.00016204869685406933
PGM1,0.00016203093095486384
MSX1,0.00016200144501219506
TPT1,0.0001619868856489602
SERPINA1,0.0001619643962423159
IMMP2L,0.00016190275977104155
NPPA,0.0001618651199593099
ECT2L,0.00016180218556438548
CCL7,0.00016174384179859768
COL4A3,0.0001617217745677503
GSN,0.00016171276813458561
ELANE,0.00016159677637562814
FREM1,0.0001615790643121446
FANCC,0.0001615346748877747
MRPL2,0.000161512947705937
SALL4,0.0001614987823862976
MRPL11,0.00016139836162114892
KCNQ5,0.00016137296249757485
DUSP1,0.0001613323876429436
PLAT,0.00016129628706143008
CANT1,0.00016126862357973164
ERC1,0.0001612290969664185
BOP1,0.00016115210332399304
MT1X,0.00016114192895336183
PRRT2,0.00016098889393612931
ASH2L,0.00016095201142733823
MSRA,0.0001608883779171593
IDE,0.00016087252760710089
RNF43,0.00016086198636034246
ITPA,0.00016076033529093618
PLXNB1,0.00016075067097375844
KCNK2,0.00016063446217561364
ROBO2,0.00016060914007400766
CD74,0.00016059000278556828
UGT1A9,0.0001604159617185544
RPL7A,0.0001603897163298255
APOD,0.00016027566625057403
MYO7A,0.00016026271677825488
CYBB,0.00016020002667651822
EREG,0.00016018411128780163
SLAMF8,0.00016017740376640113
MPDZ,0.00016014040694414255
THRA,0.0001600859773460478
RPL27,0.00015997895702777706
PRELP,0.00015992241028570776
RPS21,0.00015984033330812203
GPAM,0.0001598221863317051
SERPINH1,0.00015977656339749054
S100A1,0.00015975181802928135
HEY1,0.00015973782834664466
RPL7,0.0001597327967990749
ADAMTS4,0.0001596880180200945
CYLD,0.00015960149154244094
MYBPC1,0.00015955416681791334
UGT2B28,0.00015944506768463164
CYP11A1,0.00015942104484436225
HSD3B1,0.00015937516522118437
GULP1,0.00015935842496951402
GIPC1,0.00015932988907232392
RPL29,0.0001592646419449861
TKTL1,0.00015923361549191205
CENPK,0.00015923178426911023
ADAMTSL5,0.00015919438162679642
FOSB,0.00015918625245389185
BMI1,0.00015909128553615178
EME1,0.00015909051268327224
COL4A4,0.0001590476555546276
LGALS4,0.0001590060083588967
CACNG1,0.0001588710188652867
RAMP2,0.0001588340423918682
TDRD12,0.00015858621478490801
SEMA5B,0.000158478727898126
KCNIP2,0.00015844484294440562
CENPI,0.00015838352235505274
MOCS1,0.00015834700835185911
PDE6B,0.00015834162658800129
ZNRF3,0.00015833371130662252
POLE4,0.0001582255772817517
C3orf58,0.00015816740668530535
S100A10,0.0001581366589957819
RAD9A,0.00015810246799711572
ADH6,0.00015806920865363985
MASP1,0.00015796851026599417
RPL35A,0.00015786199017587795
POLA2,0.00015784803441045442
ATP6V0D2,0.00015784587045879824
CX3CL1,0.0001578363203955158
FGB,0.00015767323218571038
MEST,0.00015762048685849219
ALDH6A1,0.00015760789983962833
ENO3,0.00015758036118074272
PDE11A,0.00015754822008359214
MGST1,0.00015751888561640746
HYDIN,0.00015748877809799267
SCARB1,0.00015747284507052056
FHL2,0.0001574166755440331
ANAPC11,0.00015740485018215627
KLK4,0.00015731396647776757
GPX3,0.00015725017524853855
IFI35,0.00015724093207013774
RPS27L,0.00015717581810001098
ACSL5,0.0001571716083094421
DYNC1I1,0.00015714262591818656
PPP3CC,0.00015702565893841738
THY1,0.00015701556788093077
PSMB3,0.00015691450515828125
TNNT1,0.00015682545249865105
EYA2,0.0001567901698120273
CEL,0.00015676295686884557
FOSL1,0.00015672160692129156
HIST2H2AB,0.0001566392101043031
MAG,0.00015649721577128134
ACE2,0.00015647466453164066
SHMT2,0.0001564133083181993
ANO6,0.00015638204166219485
FKBP4,0.00015636580736317013
HIST1H2AG,0.00015629121434901708
E2F8,0.00015615535676873107
BGLAP,0.0001561430480921154
POSTN,0.00015613012483645388
HOXA7,0.000156098620832729
FANCA,0.00015601498440669562
OXT,0.00015592848318147254
OMD,0.00015591722533249205
IFI27,0.00015586434989928215
CCL20,0.00015580091169397326
PC,0.00015576034496608007
PPFIA2,0.00015568611374076015
NPHS1,0.00015564644494284776
PLA2G16,0.00015559885621551194
SPC24,0.00015559222181208977
JAM2,0.0001555882300694552
BEX5,0.00015558803678606135
C1GALT1,0.00015557447107096954
MAPKAPK2,0.00015557314247523096
L1CAM,0.00015551064200979177
WWC1,0.00015545002159997754
FES,0.0001554465290683054
TUBB3,0.00015534659920898175
GIMAP5,0.00015532340030791395
RPL38,0.00015530962872085198
CLOCK,0.00015518778742509696
TANK,0.0001551394465131272
UCP1,0.0001551301384460386
MAP1B,0.00015506063105788167
RPL22L1,0.00015502546807833224
ADRA1B,0.00015494111948710816
MAML2,0.0001549009974858774
MEIS2,0.0001548949977359044
RND1,0.00015485499175017586
COL6A2,0.00015483590646242452
DLGAP2,0.0001546663188124149
IFNGR1,0.00015446406152082312
RRS1,0.00015444935188118307
HAO1,0.00015441376805279395
SCN9A,0.00015437128818130612
CD22,0.0001543571277193752
CRHR1,0.00015433268306934124
CYP2D6,0.0001542812488481301
NCF2,0.0001542592286234069
ATP6V1B1,0.00015420433727876217
ALAS2,0.00015408270858947667
PRL,0.00015402866833132546
ZWILCH,0.00015399930852698487
DOCK1,0.00015397959040630484
FUT2,0.0001539713591972025
BMP1,0.00015395340022852553
NLGN3,0.00015385442199273696
ADAMTS13,0.00015384167416416746
ASS1,0.00015381655619289307
KIF5A,0.00015365963430990584
GLP1R,0.00015362690798222784
HMGCS2,0.00015354014543185896
SLIT2,0.00015349598167581854
PNPLA3,0.00015341620094533703
RPL17,0.0001534028781580623
SLC34A3,0.00015336178089783676
GPX4,0.00015329843954704208
RPL31,0.00015326484595039598
PLCD3,0.0001531884057143753
UGT2B4,0.00015315427766850472
MARVELD2,0.00015314924882736067
GCNT1,0.00015300318781270956
SLC40A1,0.0001529713494256902
TGFB2,0.00015295948000379394
SH2D4B,0.00015294564215028816
HMGCS1,0.00015292775703052295
CENPW,0.00015290336043477005
GSTM5,0.0001528893679683683
PKN1,0.00015279920027680817
HKDC1,0.000152756854225608
PAX2,0.00015272240648930163
SMURF2,0.00015258372316426258
IFIT2,0.00015253299513363674
PDE9A,0.00015252563330738807
PRSS1,0.00015243684660537222
CHPT1,0.00015243526926693722
PSMB10,0.00015240974556932971
RPL37A,0.00015234952917152027
SLC6A3,0.00015230152175949103
NUDT7,0.00015227177682721363
ACAA1,0.00015225791309213222
TET2,0.00015222910991594465
UGT1A7,0.00015221579474434917
PCCA,0.00015216895456089997
NTNG2,0.00015213988110276765
RORC,0.00015206838259458096
PDCD1LG2,0.00015206319826467212
GPRASP1,0.00015198566935095383
CBX7,0.0001518917183129069
SIRPA,0.0001518845567099464
TP63,0.0001518660977516989
MFSD9,0.00015176306907261548
SHFM1,0.00015174501380226492
ENAM,0.00015170954745187635
CHAF1B,0.00015167330493595253
CCL21,0.00015164202848926385
GTF2A1,0.00015156334070846877
IRF5,0.00015146971573653874
CLTCL1,0.00015138100486808686
BST1,0.00015134032866015543
CYC1,0.00015132566506040232
DYNLL2,0.0001511242820054605
C1S,0.00015101759777300341
EPHA3,0.0001510029897672286
MBD3,0.00015095192381778315
STRA13,0.00015089360828286446
CALD1,0.0001508474082529234
PRTN3,0.00015080314566766738
VHL,0.0001506870253816481
PLOD1,0.0001506625164874448
PIM1,0.0001505958682676312
DLK1,0.0001505635130590797
LEPRE1,0.00015045052696212123
CHMP4C,0.000150363632755533
FOXA2,0.0001503546270900288
MFAP5,0.00015031829295990293
RPS12,0.00015027482570494497
RPL36,0.00015024221426529895
SHANK1,0.000150223037783343
GYPC,0.00015013251703381456
ACSL4,0.00015012335039124954
SPTBN4,0.0001501166317168464
IL27RA,0.00015010299187244753
MYH7,0.0001499495536817239
EYA1,0.00014986248586370328
PBX3,0.00014982730844491878
AKR1C1,0.00014982235899453812
CHGA,0.00014980032442310457
ATP2A1,0.0001497949604796083
MYOM2,0.00014975539159497404
MUSK,0.00014964175981712605
AHR,0.00014958088188767613
FUT6,0.00014954407126657287
MYH4,0.00014950377720504465
KCNK3,0.00014947608166160982
CBX4,0.00014942257755980512
ACOX2,0.00014938546802203655
POLR1E,0.0001493626653953863
ABCA1,0.00014931188882687636
KALRN,0.0001492653065966497
PIPOX,0.0001492605358453247
RPS10,0.00014921718362705228
COL6A1,0.00014905536017011505
SNRPD1,0.00014904792031178468
CENPJ,0.000148972033878731
RPL24,0.00014890968347135467
LDLR,0.00014890622754695432
RAMP1,0.00014887254860123712
LCN2,0.00014876509268086266
TNS1,0.0001486717673021513
POLQ,0.00014864368605301627
RGMA,0.0001484247002964219
CCNB3,0.0001484180239194542
CPB2,0.00014840930716061306
B3GNT4,0.00014836974041776047
AREG,0.00014836446661698472
ADM,0.00014832780246620364
PIWIL2,0.00014830392499225523
PLAGL1,0.000148230847049546
CXCL5,0.0001480873074216422
ANAPC1,0.00014804346769945465
DENND2D,0.00014803919896784086
GABRB3,0.0001480145493654168
HSPA1B,0.0001479754171881147
NUP155,0.00014794508437024071
SEC61G,0.00014794089890669427
FBXL6,0.0001479195779517173
FAM196A,0.00014785484231006764
ANXA1,0.00014783260506795532
EPN1,0.00014778500675864605
GLUD2,0.0001477429373657325
AMBP,0.00014772685328437145
KLHDC1,0.00014769867234989032
LRRC6,0.00014757983783575033
DOPEY2,0.00014753885480801073
COL7A1,0.00014752387637942226
KIF3A,0.00014743707597624886
INHBA,0.00014735870839401456
GIMAP6,0.00014732888142555186
MX2,0.0001473184235625464
E2F5,0.0001473049161798829
DPP6,0.00014719777238614623
COL4A5,0.00014719633394715838
AGTR2,0.00014716028534139016
HK3,0.00014708810605413203
ALOX15B,0.00014706542383890022
PIK3C2G,0.00014701681266882484
DAB2,0.00014698387015037
FGF9,0.00014695905511548252
IGF2R,0.00014676517626241773
RNASEH2A,0.0001467555607082282
MERTK,0.00014673213515873685
LOX,0.00014673017218720213
CCDC155,0.0001466683809821272
STMN1,0.0001466401846077388
IL33,0.00014663740545844853
LSS,0.00014658435440230628
HSPE1,0.00014656425497835588
PSME1,0.0001463995523312931
IL1R1,0.00014638964795269443
SHANK2,0.00014636567058503964
CNTF,0.00014634161583120567
FBP1,0.000146289286754805
CKAP2L,0.00014628588200306034
NR5A1,0.00014626496155437124
CYP17A1,0.0001462603377372176
PSENEN,0.00014625209737470211
PAG1,0.0001461384887325974
PLOD2,0.00014611900431320135
CYP3A7,0.0001460799990434249
TTR,0.00014606850866128444
DHCR7,0.00014605682077392914
BTC,0.0001460089225482884
EDNRB,0.000145974846804343
PNMAL1,0.00014596045414512883
TDRKH,0.00014589704753679037
CTAG1B,0.00014589424893151465
SERPIND1,0.00014586235173372775
CLDN7,0.00014583316631970172
ACSL3,0.00014581565449693298
EPB41,0.00014575320966738134
MRPS12,0.0001457519694657739
SCNN1A,0.00014565193114011196
APBB1,0.00014562946611168748
ALDOB,0.00014557802438964896
CNGB1,0.00014556364458022907
SHC4,0.00014555336671182595
NYNRIN,0.00014551093482647551
GPSM2,0.00014548864572586125
AKAP6,0.0001454526701454937
OTOF,0.0001454169255540922
PLAU,0.00014532194093886238
SLC25A19,0.00014531773764297134
EIF3E,0.00014504518538855618
ACSL6,0.00014504460927044507
CD68,0.0001449678422546588
MYOZ2,0.00014492488091508767
SCN8A,0.0001448838789938833
SVOPL,0.00014483633552775195
BEST1,0.00014480756129185652
GAS2,0.0001447470538321843
CENPH,0.00014470239614141353
TBR1,0.00014464739109195288
PROS1,0.00014464010986499245
USP18,0.000144584320415019
PLXNB3,0.00014454900181501843
TBX5,0.00014453977105206007
ATP8B3,0.00014453415822343903
CHRNB2,0.00014446388993322954
PIWIL4,0.00014445518461618967
MRPS15,0.0001444546500542249
TOMM40,0.00014440459822997442
EPHA7,0.0001443946028214554
QKI,0.00014436520876395575
PTGS1,0.00014427341445353133
KLHL3,0.00014421939760748107
XAF1,0.00014419941067251454
POLR2H,0.0001441370051739332
HYOU1,0.0001440486149885395
GINS1,0.00014402792385212343
REN,0.0001440220342842548
SMAD6,0.0001440114896886533
CACNA1E,0.00014396828579356626
IL12B,0.00014396693702668886
GUCY1A3,0.00014395670495332506
LBP,0.00014394336663341067
PDE4A,0.0001439347671928929
PSMD5,0.00014383887529842735
COL18A1,0.0001438175643086277
CASQ2,0.00014381664004486304
PFKM,0.0001437664857824176
LMO4,0.00014374539966437842
DCX,0.00014369674467982482
RXRG,0.00014361238809724807
SEPT4,0.00014360476861318815
NTF3,0.00014356879246390413
ASPA,0.00014355186359271793
CHMP4A,0.00014353537568887985
VDR,0.00014350824923396567
TRIP10,0.0001434945412304632
CRY2,0.00014345570641987942
COL17A1,0.00014343313173084948
FCN1,0.00014333799541034082
FZD10,0.0001433020818573643
RGS1,0.00014328952338043532
CARNS1,0.0001432777705302915
CNIH2,0.00014316461554800535
FBLN1,0.00014310677947585013
BMP6,0.00014298411044761232
FANCG,0.00014295387683142542
PLXNB2,0.00014292837565023315
CLDN12,0.00014287987853641164
CRB1,0.00014284879209672038
ABCA4,0.00014284258235753422
IL23A,0.00014282951323671024
IQCD,0.0001428286013491828
WDR90,0.00014282529733788594
MLXIPL,0.00014276230595305632
OOEP,0.0001426890378593946
ADSSL1,0.00014259893144861932
RSPO1,0.00014259072248790257
PRX,0.0001425444093289443
RIPK3,0.00014254214356311455
NCF1,0.0001425208409199583
CALML5,0.00014243224730213722
TSKS,0.00014240836590077323
NCR1,0.00014227737976636642
INADL,0.00014226226283582037
MRPL15,0.0001422457015025901
GGT7,0.0001421876196008131
SGCZ,0.0001421855249309118
SLURP1,0.00014218525277453134
FOXL2,0.00014214216016270113
ACAA2,0.00014213970707620735
SLC39A2,0.00014212958506210332
ECH1,0.00014212163006869437
CPE,0.00014204825602997243
GEN1,0.00014203789741294476
PDE5A,0.00014200040254754023
MTHFR,0.00014199896596650102
RPL14,0.0001419576048099138
ADORA2B,0.00014195694580993397
DKK4,0.00014187576005370855
UGT8,0.00014185285145547086
CTNNA2,0.00014181597667208736
RPL28,0.00014175321231796475
SLC9A3R2,0.0001417293365217381
PDE3B,0.00014165359585585198
SPRY2,0.00014163865585178274
SAP30,0.00014163603165675314
HIST1H2BF,0.00014161051637126668
ADAMTS12,0.0001414449526348524
EME2,0.00014140539466016205
EYA4,0.00014135969914744534
TUBA3E,0.0001412905160298312
SERPINA5,0.00014125709307251567
KRT1,0.0001411927119956611
XRCC3,0.00014112656335778633
SLC7A5,0.00014110689953702386
SPON2,0.00014107417357191553
LY96,0.0001410395604048417
TLR9,0.00014103812652197049
PERP,0.00014103290943233058
SCML2,0.00014101487372949925
CTSD,0.000140967462533669
CDSN,0.00014096663073375482
HOXA9,0.00014086213438414057
CASP7,0.00014075789833984504
PMP22,0.00014075374301018634
LYVE1,0.00014072662616451234
GABARAPL1,0.00014070460319632152
NUP93,0.0001406378930593617
EIF2AK2,0.00014062270921727345
CYB5A,0.00014061297528525742
CYP2U1,0.0001406044760684838
UGP2,0.00014058572880799741
SLC1A3,0.00014054317552847137
EDNRA,0.00014053114609311555
F7,0.0001404511557173798
ARHGAP26,0.0001404410255684774
SMPD1,0.0001403987891043429
CTSB,0.00014032043082771965
RGS6,0.00014022415401004196
SFRP4,0.00014016026728282056
SGCG,0.00014010192214954494
GSTA3,0.00013997348333728485
GJA3,0.00013992225107255116
RPF2,0.00013991302801729776
GP6,0.0001399099691541938
COX6C,0.00013990928168496877
NPR1,0.00013990087609419357
PYGO1,0.00013987206342322796
ATP1A1,0.00013980974353955286
PVALB,0.0001396521233105681
PLXNA3,0.00013965044168792878
HPR,0.00013960058636926882
KLRC1,0.00013957790645604013
CSF2RB,0.00013956221172365212
HTR3A,0.00013954212171653362
TYRP1,0.00013952743859806872
IDH2,0.00013949731910900873
TTPA,0.0001394914415347204
DOK1,0.00013948942543430803
XRCC2,0.00013943055516642245
MAF,0.00013940023417799568
TLL2,0.00013939662086078297
IL22RA1,0.0001393050556853324
CALB2,0.00013928435722892997
HCN4,0.00013926587057643588
PRAME,0.00013919174458078357
CNKSR2,0.00013915511058485783
PPFIA1,0.00013913966952985876
DEK,0.0001391247020692015
GRP,0.0001388675419903316
SELE,0.0001388503402992838
DLL4,0.00013874864308219113
ACADL,0.00013870635659409862
NME2,0.00013869478662535125
LPCAT2,0.00013869031485377864
GDF9,0.0001386851080787999
MPP5,0.0001386838465867463
PIGR,0.00013864592794606364
APH1B,0.00013859767591648835
MYO15A,0.0001385931512646794
PLB1,0.0001384906306709138
DTYMK,0.00013845716655791848
CNTN2,0.0001384165573098597
P2RX6,0.0001384005579369401
SPINT2,0.0001384000743870795
BAMBI,0.00013839445368782363
ERCC6L,0.00013829237623973835
CASP10,0.00013824811954779535
SSPN,0.00013814956033653242
DAZL,0.0001380945784101446
TG,0.0001380864010702832
IRF8,0.00013806365613025908
GPR123,0.00013797160173217111
PI3,0.00013793708844237723
PDGFC,0.0001379049346656527
TFF3,0.00013789655844477445
GCLC,0.00013787344697323758
NAMPT,0.0001378263336768009
XKR6,0.00013779755239033838
NSF,0.00013771467102491005
GSTM3,0.00013771221357339975
SCN4A,0.00013762973569962585
MAPK6,0.00013761174207516002
LIN9,0.0001375998979526144
C4BPA,0.00013758476716100085
IKZF3,0.0001375711794315163
SEPT5,0.0001375706145268695
PIK3R5,0.00013756926502933055
GSTA4,0.000137502361382925
GSTM4,0.0001374939215273146
CYTH3,0.00013747445295082228
GPX1,0.00013743059907050015
CRYAB,0.00013741214497867512
THPO,0.00013736784496595766
PSMA8,0.00013728257319953001
STAG1,0.00013725125113311394
PVRL2,0.00013723807493251254
FANCB,0.0001372337109175632
FANCE,0.00013722007580640398
THSD4,0.00013720593987182276
IFT122,0.00013720092747681754
ATP5D,0.00013710379108637874
LMX1B,0.00013710147857896215
CXCL13,0.00013707515990146768
EEF1A2,0.00013706868970009896
AMT,0.0001370558848734419
TMPRSS3,0.0001370516363863337
GINS4,0.00013703283347193853
FGF19,0.00013698769640921793
CYP2S1,0.0001369871106781436
ATF3,0.00013697359885213588
PYGB,0.0001369605799913856
TSHR,0.00013694351035674487
PTRF,0.0001369327248118791
PAM,0.00013681592962957366
CARD11,0.00013672600736190822
PBRM1,0.00013671889818668632
IRAK2,0.00013670782266740465
ST6GALNAC1,0.00013669108875034126
H3F3C,0.00013665670992696178
HIST1H2BE,0.00013655064270501018
LIMK1,0.00013653316197694007
AMPD1,0.000136516615020708
HIST1H2BG,0.00013648375913165948
TKTL2,0.0001363505469443969
DDIT3,0.0001363273348967131
HEY2,0.00013628973261207473
PPFIBP1,0.00013627866018810686
COMP,0.00013625505413146323
PTH1R,0.00013625380290461115
TNFAIP3,0.00013621467532607428
CXCL3,0.00013618471522884584
WDR34,0.0001360683656204774
NASP,0.0001360470442421789
CTH,0.00013603539782031004
MOGAT2,0.00013603198490245942
E2F2,0.00013587758081328962
ALPL,0.00013587550409425883
JUND,0.00013586685476673545
GDF5,0.00013582624958551737
CDK8,0.0001357951512085384
SPOCK3,0.00013579355661443333
UGT2B10,0.00013578963926566312
PRPF40B,0.000135761752185585
DHRS9,0.0001356878807014169
ALDH1B1,0.00013568453349151373
GALNT3,0.0001356437857812401
ATP5H,0.00013554469084692126
DFNB31,0.00013553395991952908
DDX49,0.00013552188017988857
SYNGAP1,0.00013546540809352073
AFF1,0.00013537468712312428
DECR2,0.00013537187358630663
RGS2,0.00013534019932553109
MYL5,0.00013531798451423685
RPLP2,0.00013531755956320478
PDE10A,0.00013531567586354758
MRPL12,0.0001352662960052016
FGF17,0.00013522954878956528
ADAMTS7,0.00013516724003832597
UNC5B,0.00013512522364518735
SAMHD1,0.00013508215339515407
EDN3,0.0001350804743537889
MYOG,0.00013506528292943717
SGCD,0.00013506273147611595
HIST3H2BB,0.00013506053488023754
PRDX1,0.00013503633403715362
GPR83,0.00013502087821144326
HLA-DPA1,0.0001349762538138964
XYLT1,0.00013494531785254838
GCNT4,0.00013491883444502738
SEPT6,0.00013488762172560295
HIST1H1E,0.00013486524062013267
TUBB6,0.00013484183342174852
IL17RD,0.0001348367347746659
P2RY2,0.00013481401285606455
PDE4B,0.00013481278025790302
SPRED1,0.00013480727299250374
ME1,0.00013478530854811537
PIK3C2B,0.0001347698845350954
ATP1B1,0.00013470973675422173
PSME4,0.00013470018287662204
CPLX2,0.0001346857626015435
IGFALS,0.00013467298765901768
MOGAT1,0.0001346641563449947
CA13,0.0001346481563160592
H1F0,0.00013464605936613962
LZTS1,0.0001345290322543872
HLA-DQA1,0.00013452290842711758
RAMP3,0.00013449502526927055
LPCAT1,0.00013448864270183453
ZNF423,0.00013436628762589182
PDE2A,0.00013435023628240815
IFITM1,0.00013433429575209743
SLC39A11,0.00013427707807046999
CALCR,0.00013424752267532331
PRKAA2,0.0001342350809531727
RPL36A,0.00013420943572717238
PIN1,0.0001341957291881737
SOX17,0.00013413473262804894
LPAR6,0.00013411812545713553
GABRA2,0.00013411580972497639
PDPN,0.00013410812810137187
KCND1,0.0001340538849471411
KIF4B,0.00013404266024905092
MRPL4,0.0001340133787732438
RRM2B,0.00013399570182005472
HSD11B1,0.00013399389011842347
LTA,0.00013391864715290571
EID3,0.00013391315033256773
GLRB,0.00013386913474129833
FANCF,0.0001338104451184229
TF,0.00013378674143705931
SV2A,0.00013375753396289584
DBF4,0.0001337479578305033
AMOTL2,0.00013345688178736167
BLNK,0.0001333536049227309
APITD1,0.000133320077482873
SEC24D,0.0001332746355273754
RSPH1,0.00013317548165510547
NPHP3,0.00013316908169329507
MAGEA1,0.0001330784471922399
C2,0.00013306614342578293
CACNG6,0.0001330284209190394
FUT1,0.00013296862511014658
C1R,0.00013296227076284517
HNF1A,0.00013289881756651031
AMACR,0.0001328786097711727
SERPING1,0.00013287514029799286
ACO1,0.0001328137499052206
CLDN5,0.00013280852567387305
TBX18,0.00013279900909704583
LIN28A,0.00013275043235838906
NPR2,0.00013270806488517594
ACAT1,0.00013260832277952415
TFF1,0.0001325816151406013
PARD6B,0.00013253959527017174
MLANA,0.00013252091471476832
TBL3,0.00013240749008599533
ACVR1C,0.0001323261066315586
GPIHBP1,0.00013232179014808641
PRSS3,0.00013226180520267748
BMP5,0.00013224425767410016
MSMB,0.00013220122447713846
PRDM16,0.00013215078072297839
LPCAT3,0.0001321311216986201
TRIB3,0.0001321235440757218
RPL39,0.00013210881214677098
NR2F2,0.00013207070797472705
CA9,0.00013206301270683352
SHISA4,0.00013203211054910784
AGPAT5,0.00013195655991535775
KCNA5,0.0001318140088759357
CAV2,0.00013175264997131487
PKD2,0.0001317323067997499
COL6A3,0.00013171617696616507
TFAP2A,0.00013170277066487784
EPB41L1,0.00013166838557142607
AMOTL1,0.0001316281791290413
ZP2,0.0001316054939337133
PRKAB2,0.00013157868061222232
FUT9,0.0001315450195648311
TRPA1,0.00013154299198445525
CALML3,0.00013154249871066015
TLL1,0.00013141982656244435
RTEL1,0.00013141519929055036
GABRB2,0.00013134583599203777
HSD17B2,0.00013133760603780542
DUOX2,0.00013133035314948272
TNNI1,0.0001313303266776941
VAMP8,0.00013132958571865542
TAT,0.00013122289720431948
SOST,0.0001311866493784492
HSPA1L,0.00013116869895251932
NUP205,0.00013111448287807627
YBX1,0.00013096839225191348
STXBP6,0.0001309566440013644
WDR66,0.00013095096695046315
RASSF5,0.00013094561111659243
INHBB,0.00013094430345257754
FXYD1,0.0001308449772224531
PDZD7,0.00013082445903168965
CMTM8,0.0001308101446560658
NODAL,0.00013071171503671808
PTPRG,0.00013061813045244912
TUBB1,0.00013058111369170717
JAG2,0.00013058055208434042
FCER2,0.00013054643798969924
DPYSL3,0.00013048926610812465
XCR1,0.00013043681387167442
CIB2,0.00013032801313252055
TFR2,0.0001302919181359674
CTSK,0.00013023171745300412
ALDH4A1,0.00013015050947030095
BANF1,0.00013009146569582734
SPN,0.00013007333073861068
PLD4,0.00013005262868229196
HLA-DPB1,0.00013000457876683946
BHMT,0.00012999380898579623
HIST1H2AL,0.00012997521895578807
PDE6A,0.00012991976018373753
POU2F1,0.00012990893161874908
IL23R,0.00012988703499045346
P2RX1,0.00012986082056123255
STXBP5,0.00012984038186633696
LCLAT1,0.00012982268511108508
RNASEL,0.00012978686901689757
IL17D,0.0001297022028407977
MEF2A,0.00012968344578375896
CCDC40,0.00012967365831704692
DOT1L,0.00012966419612750504
PLA2G2A,0.0001296564875121112
LY6H,0.0001296494873006024
CHST11,0.000129638602057021
PLA2G10,0.00012959323297028087
SIRT6,0.00012954951700089068
LDHAL6B,0.00012951937667385113
NR2F6,0.00012949553773570853
REST,0.00012947068496906006
TAGLN,0.00012946711559612225
RCC1,0.00012931503843454677
SYNE2,0.00012928923575962703
ALOX12B,0.00012928238396693113
CSF3R,0.00012923227630608482
PDCD1,0.00012913771052716622
CHRDL2,0.00012912347944373447
F8,0.0001289717887459938
ALOX15,0.00012892893530111477
CPAMD8,0.00012891828196410316
DHFR,0.00012891045172182055
DSC1,0.00012882721295579002
TSLP,0.00012880459685066684
PPP2R2B,0.00012871122641289754
SCN3A,0.00012869741385031726
TLN2,0.0001286869104223847
SCD5,0.0001286514477971571
PIF1,0.00012859904226170907
CEACAM5,0.00012858342764919886
CMPK2,0.00012853273113399148
CA4,0.00012847611822659885
SCNN1B,0.000128445019575078
HOXB7,0.00012841830463849015
GP2,0.00012839206666850846
ST6GAL1,0.00012836713335953885
CD47,0.00012830504757819415
CITED2,0.0001281804652529836
MTMR2,0.00012817214223865265
KCNE3,0.00012816458579391669
PRKD1,0.0001281506310882401
GHRH,0.0001281250754929246
KCNA3,0.00012807834391897463
MYOZ1,0.000128048157156158
ADAMTS17,0.00012804288714233998
ADAMTS6,0.00012804288714233998
ADAMTS20,0.00012804288714233998
ADAMTS15,0.00012804288714233998
DIAPH3,0.00012802934695677648
HLA-DRB5,0.00012800242699737311
DEGS2,0.00012786113554168115
CFB,0.00012785283765814898
RPLP1,0.00012782285418367568
SLC24A5,0.0001278192284956993
DLGAP3,0.0001277981299001619
RICTOR,0.00012777841334777788
AKAP13,0.00012777155275930122
FRAS1,0.00012776167070738712
SYNE1,0.00012774512792192177
COL12A1,0.00012774127037865957
SRGAP3,0.00012773036567352076
NEO1,0.00012770590620191205
MN1,0.0001276455964996913
GLTSCR2,0.0001276403298215438
DAPK1,0.0001276250006202231
PLA2G1B,0.00012760394940544944
XDH,0.0001275590565273977
SLC30A8,0.00012754615251372396
TDRD9,0.0001275364261161294
LAP3,0.0001274964254615993
RGS5,0.00012747722460543551
COLEC11,0.00012747176835021932
NKX2-2,0.00012745231876022233
C5,0.00012744472292039043
SMARCA2,0.00012741685160168575
HIP1R,0.00012740914918277346
CHRNA9,0.00012739143649555848
ARNT2,0.00012738998815778593
PTPN14,0.00012735659763619012
CYBRD1,0.0001272795635976423
SPTB,0.00012727252856614235
SLC35A2,0.00012724219987283498
HTR2A,0.000127208711671311
DKK2,0.00012716172258585078
AQP5,0.00012714817688836273
HLA-DQB2,0.00012710710689202033
HLA-DQB1,0.00012710710689202033
GABRA4,0.0001270628122584125
CCBL1,0.00012698883610249212
STEAP2,0.00012697979057081047
LGR4,0.0001269769633766906
GRM2,0.00012694781289907239
MT1H,0.00012693550762205507
ECHDC1,0.0001269065073357675
CCDC103,0.00012689528212713307
MASP2,0.0001268850232227873
DDC,0.00012682377895406895
CP,0.00012677037015360667
CHMP6,0.00012674973015335488
GBA,0.000126707912634812
MYBPC3,0.0001266914609687668
RGS4,0.00012650264569437803
KLHL13,0.0001264449032952477
CDS1,0.00012644090989679654
CROT,0.0001264359932324314
IL12RB1,0.00012634867880475698
NRG2,0.00012629582824178344
MCF2L2,0.0001262800523201128
ACTC1,0.0001262687447784403
PRPF31,0.00012622143271087005
CFI,0.00012614532065213763
NT5C1B,0.00012609057994575232
DRD1,0.0001260828485095188
CHRNA2,0.00012606674737676208
ACSBG1,0.00012601683344910444
PVRL3,0.0001259703985694017
ADRB1,0.00012591074120945524
GLMN,0.00012585823494442523
SLC2A1,0.0001257974191865492
LDHAL6A,0.0001257967872826515
ANO1,0.00012576559291156773
CD8B,0.0001257651741903903
STX11,0.0001257294819225284
LRIG1,0.00012570956413767185
DNER,0.0001255479398587626
UGCG,0.00012554785287883095
GCH1,0.00012554297559599776
LHCGR,0.0001254999098830671
SLC29A3,0.00012547449049281123
PRLR,0.00012546148761573576
FGF13,0.0001254592354550815
PFKP,0.00012541631811874976
PPP1R12B,0.0001254023156735623
SCG3,0.00012539569419016394
LIX1L,0.00012538946932791692
OTUD7A,0.0001253698844679938
SGCB,0.0001253683433352837
CHRNB4,0.0001253158413092824
ATAD5,0.00012530249891349986
PFKL,0.0001252887211150907
ASXL2,0.0001252837490942555
PKD1L2,0.00012526622799139761
TMTC4,0.00012524585065007012
UST,0.00012521720463176016
ATP12A,0.00012516369542782117
CNTNAP1,0.00012514839200172123
ARHGEF2,0.00012498873038911147
RAB13,0.00012497817845233297
CSAG1,0.00012497282890514214
CHMP2A,0.00012483476038372847
SYNPO,0.00012475132143766816
ZMYND10,0.00012471744253764752
NR4A1,0.00012469924843013354
LRRCC1,0.00012467553689792744
USP1,0.00012465441219439017
FBLN5,0.00012463119784669171
SULT1E1,0.0001246179625146545
NR1D1,0.000124612795709965
GRIN3A,0.00012460654259447465
CBFA2T3,0.0001245775123797095
LYPLA1,0.0001245697402866086
WASF1,0.00012444442789788914
BATF,0.00012438988534515933
DHCR24,0.00012435900957289092
GJB1,0.0001243447341300903
COBLL1,0.00012428452888389347
NAP1L2,0.00012427532390755006
EMCN,0.00012427507156372394
SFRP5,0.00012425520457881763
PPIB,0.00012424532990580232
SNAP91,0.00012417664773365652
TAS1R1,0.0001241470678183343
SLCO1A2,0.00012410462434095482
RHPN1,0.00012409876056304576
GJB4,0.00012408523192100314
CYP26B1,0.00012405512389252659
FCN2,0.00012404549009374313
PRIM2,0.0001240352632040367
KLHL2,0.0001240128800791498
MECOM,0.00012401169651481283
TRPM4,0.00012400263729697898
EIF6,0.00012398860932510763
NPHP1,0.00012396661180785016
CDC14A,0.00012395823045389067
SPRR1A,0.0001239242785322791
F12,0.00012387659868595775
KRT19,0.0001238663633744405
CDC25B,0.0001238591244995814
B3GNT5,0.0001238372019297955
ESRP1,0.0001238361228696352
SLC27A1,0.00012378036273118974
GABRD,0.00012375157894423523
LIFR,0.00012365673034184948
CCDC151,0.0001236418328421491
EEF1D,0.0001236063221457832
TPRN,0.00012353468004179763
DTX1,0.00012347820041759916
KANK1,0.00012347645158208766
LDHC,0.00012342674199104529
HAO2,0.0001233815829930147
LALBA,0.0001233414075958669
ACAT2,0.00012332494118318032
ANKRD29,0.00012332286707814765
AGER,0.00012331287810435674
TMEM160,0.00012322236181031343
WDR31,0.00012313804900930268
CFLAR,0.0001230567013575086
USH2A,0.00012305458214006114
SHISA3,0.00012305154969588836
PTS,0.00012303283647416616
CLCN2,0.00012293957585585028
PDIA4,0.00012290040551328886
ACHE,0.00012289568878837357
CATSPER2,0.00012287759400144476
LRRC27,0.00012286268965443285
IFIT5,0.00012284223536418676
LCN6,0.00012282284600533065
CDK14,0.00012280283774830091
CYP2C18,0.00012279116865162145
NMU,0.00012277823076977366
HTR2C,0.0001227746876360129
WHSC1,0.00012277067537888573
UBE2L6,0.00012271082888502049
S100A4,0.00012269085522179562
SHISA9,0.00012267805420422136
PPP2R2C,0.00012266536618380327
TCF19,0.00012263283372035313
TNFRSF9,0.00012263277081501318
SHISA6,0.00012258512194835363
TLR7,0.00012252548206885582
HBA2,0.00012252279682239395
S100A7,0.00012247595807505222
KCNF1,0.00012242600475202383
MPL,0.00012242547509064354
NR1I2,0.00012240271208440037
CYP7B1,0.00012237257898002534
PAOX,0.00012235909521909487
COL15A1,0.00012234924802420431
STRN,0.00012230643755361728
LGI1,0.0001222679949204262
MRPL36,0.0001222211885520735
ST8SIA1,0.00012215965132604417
NAT8L,0.00012211546448009743
SOCS2,0.0001220977315172877
ZBTB16,0.00012196441483545486
MRGPRE,0.0001219558273980457
ABCG5,0.00012193484302729449
FAM83D,0.00012190648297366042
TRAPPC5,0.00012189017750901253
HLF,0.00012188341607238057
GUCA1A,0.00012186728254181485
SLC15A1,0.00012186589023781635
RIMS4,0.00012180902714510482
CTF1,0.00012178883417467544
PFN1,0.00012177089905591504
GAL,0.00012173311248206788
CYP27C1,0.00012170649137160283
CCDC69,0.00012168989057712753
RPL37,0.00012168155838797913
GABRA5,0.00012147114119503336
GPAT2,0.00012146569682976464
OCA2,0.00012144675169663169
COL9A3,0.0001213952492010713
HAND2,0.00012137945934321806
TYSND1,0.00012136775558092926
ADHFE1,0.00012133194671195648
WNK1,0.00012131753996954094
FUT3,0.00012128836799979647
SORD,0.00012127793854526325
S100A14,0.0001212317215642038
GIMAP1,0.0001211834630739145
MYOCD,0.00012111296607965578
RARB,0.00012108128335816988
MEGF10,0.0001210767768560263
CUX2,0.00012105707564337292
CNTN1,0.00012105219870669465
PACSIN1,0.0001210121982249332
MYCN,0.00012100590530346105
ANGPT2,0.00012100064264142583
RYR3,0.00012096685516291895
LPAR4,0.00012094953214283248
POLR3K,0.00012093489784781105
LIPG,0.00012089034962151992
ANGPTL1,0.00012078668593112903
PPP1R1B,0.00012078180148932194
LANCL3,0.00012074325902470257
COX5B,0.00012073636676369582
MAB21L1,0.00012071985867657179
MCAM,0.00012067482558353713
NUP160,0.00012067103294097255
NUDT12,0.00012066209796172958
CXCR6,0.00012064828080418039
LCN10,0.00012062824454761868
RAB25,0.00012057976543764004
SYN3,0.00012056910663122166
KCNS1,0.0001205224671978004
HMGA2,0.000120519363947194
ACE,0.00012049653335315627
SAMD11,0.00012047533315329236
GATM,0.00012046610607620608
TM4SF1,0.0001204652066475687
PPM1L,0.00012045214826381059
KCNK12,0.00012035946765161812
CBX5,0.00012034638394846946
MRPL27,0.00012033397485269212
ADM2,0.00012024932031379555
DIRC3,0.00012023359128705198
MT2A,0.00012021684506889797
NOP2,0.00012014426193085387
SNTB2,0.00012010803741077086
PES1,0.00012009907476093907
NPHP4,0.00011997817467951697
CCDC102A,0.00011991075870288029
RBP4,0.00011989102315702528
KRT18,0.00011989022135862477
FRMD1,0.00011983347487699123
WNK2,0.00011978475845458395
KCNE2,0.00011971751019817102
ARL13B,0.00011966360937605433
PROX1,0.00011962043002165988
GRIK2,0.00011959288320130766
ADD2,0.00011957070569216899
BBOX1,0.00011957022084331352
MYCT1,0.00011956858653775984
MAPK8IP2,0.00011956529283423543
CIDEA,0.00011956378782037427
DSEL,0.00011953546300069344
UBXN7,0.0001195294114345338
FYB,0.00011952232624126413
TAF1,0.0001195052686233303
VPS13C,0.00011947851005871518
NOC2L,0.00011944906282838578
APOL1,0.00011938404869483478
VAMP1,0.00011934750255750129
RRP9,0.00011934428030526161
RAB8B,0.0001193024160692771
PLK3,0.00011926907510290148
TLE2,0.00011925995027684973
RGS18,0.00011923928640403089
TRIM25,0.00011922056662262867
ZP3,0.00011916919877127735
MYBBP1A,0.00011911876680331234
SLC6A1,0.00011908418806150532
RPSAP58,0.00011907794241098562
COL4A3BP,0.00011905609960719797
GRM3,0.0001190128330190372
STS,0.00011899706803413892
BTG2,0.00011899368913144394
TOR2A,0.0001189637176058117
NUMA1,0.0001188519096442316
SUN2,0.00011876902366060595
TNFRSF10A,0.00011875991142324928
PAXIP1,0.0001187581679884672
SAV1,0.00011872625331480694
CR2,0.00011870932310730245
PANK1,0.00011870509282012997
DYX1C1,0.00011864759586276441
SORBS1,0.00011853333092716065
SPTLC3,0.00011852073496729713
ITPKA,0.00011848352724767001
GREM1,0.00011845846521377532
CAPN3,0.0001184483564419796
PNP,0.0001184370213060786
POLR2I,0.00011843502829522295
AKR1B10,0.0001183694830342546
KCNJ3,0.00011824868518338256
HSPH1,0.00011822193707663563
TBXA2R,0.00011819466989930051
DPYD,0.00011805764337798202
GCLM,0.0001180069313623935
FXYD6,0.00011799573365157398
SLC26A6,0.00011797423332448307
AKR1D1,0.00011795985149623547
CIDEC,0.00011789299744023444
RSPO3,0.00011782837463171202
SIX3,0.00011780601538609157
CHST7,0.00011779898714173809
ESRRB,0.00011775775015939956
OTUB2,0.0001177484637217736
RGS19,0.0001176950569133673
PHC3,0.00011769431105183943
FABP7,0.00011769110944932137
BBS1,0.00011768395867975507
SDS,0.0001176371813906008
LRTOMT,0.00011753470556951564
IL11,0.00011751324168283977
NT5C,0.00011751096403310485
CD33,0.00011749134692330739
MANF,0.00011748548722037925
LPIN3,0.00011744010046830044
DMBT1,0.00011743384062739255
RPGR,0.00011742072545370451
HBA1,0.00011741459782820449
AMPD3,0.00011736289246160502
SLC47A1,0.0001172629585783674
FOXG1,0.00011725652613288868
TLX1,0.00011724769848191155
CCDC65,0.00011716079366915954
SLC35F2,0.00011710810961435606
TDO2,0.00011705135971590905
GGCT,0.00011699893864531919
NFKBIZ,0.00011699139294721409
UQCRQ,0.0001169510289758397
ACSM3,0.00011693955182359753
CHRNA3,0.00011689809364977768
PGK1,0.0001168873720002117
ROR2,0.00011687702004993036
COL16A1,0.00011683139753863918
DAAM1,0.0001167176073423121
PNPLA7,0.0001166705316970238
FAM129A,0.00011664572316330064
CCDC39,0.0001165844469898525
IDO1,0.000116577325090502
ENAH,0.0001165163587227721
NAPB,0.00011648838276066973
TBX3,0.00011647425982678802
ALDH3B2,0.0001164594835124881
HCST,0.00011645156078904006
HSD17B12,0.00011644583239540946
LDOC1L,0.00011641300289031823
EZH1,0.00011631602345551539
GABRB1,0.00011630895558148589
B3GAT2,0.0001162828432968787
EHD2,0.0001162739402501334
USP44,0.0001162505006196386
TIMP3,0.00011624527283842118
HLA-DQA2,0.00011621538206221387
PTCHD3,0.00011619945545488796
SCTR,0.00011616344931632134
FHIT,0.00011613261022635556
PKN3,0.0001161216768945828
SV2C,0.000116098031267522
DAB1,0.00011609058010581097
KCNC4,0.00011601178458230141
CDX2,0.00011598851003834435
IFITM3,0.00011596292133950226
RASL10A,0.00011596270745169995
EIF3H,0.00011594305162995492
ATP6V0B,0.00011593464609039896
CABYR,0.00011592574885654761
GSTK1,0.00011585131822673542
SLC6A2,0.00011584808619180595
GRIK1,0.00011581443491040542
MALT1,0.00011580904643900075
DGKG,0.00011579436738219626
ARC,0.00011575412742624951
PTCH2,0.00011570753772300868
SEC23A,0.00011570382957484564
FOLH1,0.0001156759768567869
NKAIN1,0.00011566043175044845
KCNB2,0.00011560705779180828
SLC3A1,0.00011559865305604513
RASSF6,0.0001155462651188114
KISS1R,0.0001154980607665875
MFSD3,0.00011548982794407977
ZCCHC5,0.00011543482156942181
KRT8,0.00011539571618561922
TNFRSF8,0.00011531304454409917
MB,0.00011531299361563507
ESPN,0.00011529737187003675
INPP4B,0.00011525579675712517
PGF,0.00011519127362120461
KCNMB1,0.00011519106579182638
ASPH,0.00011517720520972691
EPHA1,0.00011516089513238587
CHST9,0.00011514795767492683
HOXD4,0.0001151275434652415
HOXA6,0.0001151275434652415
WLS,0.00011512111055711081
KIF21A,0.00011510462356090446
MYH7B,0.00011503532672395065
LCN12,0.00011499241932052451
CCR9,0.00011497515250616333
GJB3,0.00011495313778109927
EBF1,0.00011493980280012335
EAF1,0.00011491822356522075
FAM63A,0.00011490674237634117
CYTH2,0.00011485194450136408
RGMB,0.0001148114660034367
F13A1,0.00011480178414952834
ADCY10,0.00011478524530936486
SCG5,0.00011478309752006204
OXCT1,0.00011471319911750624
BID,0.0001146248988459391
RAP2A,0.00011460850704403345
PTPN5,0.00011459492869914999
CYP27A1,0.00011452437194053412
FKBP6,0.00011452261088359952
EOMES,0.00011450935829846911
MAMLD1,0.00011447648725225502
WFIKKN2,0.00011447624078427156
KRT16,0.00011444491795523204
NT5M,0.00011443901828946773
RSPH9,0.00011441855534008624
CD46,0.00011439762975778988
AKAP7,0.00011417443560907542
GLS2,0.00011415779588582479
RASSF7,0.00011414447908911153
CATSPER1,0.00011413707113456908
GLDC,0.00011411107332579427
CSMD1,0.00011408552540568671
OPTN,0.00011407825885233731
AGPAT9,0.00011402451327402111
TUBG1,0.000113910971108838
GCNT3,0.00011386639267073453
HOMER3,0.00011382841438950303
FKBP5,0.00011378321824318103
DSC3,0.00011375805220428568
DBI,0.00011374250899893948
CYR61,0.00011374222245270994
KRT6B,0.00011372674372548424
MAML3,0.00011370786260829819
XRN1,0.00011366253676373187
SPTBN2,0.0001136377860232686
RSPH4A,0.00011362818258592604
IL24,0.0001135650240259221
PRICKLE1,0.00011356123492826622
STK32A,0.00011354981932700909
PGAM2,0.0001135436828448364
TREM2,0.00011351919964555024
IL19,0.00011342450669796607
GTF2I,0.00011341862567343714
DEFB1,0.00011341056635031005
GLIPR1,0.00011340234936729575
N4BP2,0.00011338599601231336
GPR143,0.0001133561133943785
LPIN2,0.00011333082571188244
ACSBG2,0.00011329481947524922
ITIH2,0.00011329050222009016
FUT8,0.00011324949136201447
LHX2,0.00011322499488415535
KCNS2,0.00011322335738560753
RPL39L,0.00011317895009094005
SLC26A3,0.0001131610113285996
MFSD10,0.00011311768319680781
AHNAK,0.00011311655879452815
GAS1,0.00011307499451251402
SPHK2,0.0001130365881113802
PMAIP1,0.00011300845251098654
GCNT2,0.0001129973437036942
IQGAP2,0.00011295502510912508
SYNPO2,0.00011289729293547747
HIST1H2AK,0.00011287166916615287
ID1,0.00011286316761388374
DGKI,0.00011282399064082389
NDUFA13,0.0001128130436985204
HAVCR2,0.00011277267855580285
PPIF,0.0001127675705627047
CRAT,0.00011275663035153741
IFI44L,0.00011271452749596538
SOSTDC1,0.00011267305322329336
OLFM2,0.00011266746142019075
NEGR1,0.00011266343539822735
CLDN3,0.00011266185779652295
MYOC,0.00011266010178503912
GPR124,0.00011263352773935024
SIX2,0.00011251844707871412
KCNIP1,0.00011250643533497235
PYGL,0.00011249770038668122
SERPINE2,0.00011247365431027867
NR5A2,0.00011245551156997737
HABP4,0.0001124150188527849
TNFSF12,0.00011239405532955414
POF1B,0.00011238939208250027
CLEC14A,0.00011224045315494489
ARHGEF4,0.00011217818871071449
EHD1,0.00011217777303254769
SLC36A1,0.00011213882190189874
ARHGAP25,0.00011212667361058179
SLC19A1,0.00011206429835602393
ATP5I,0.00011201944484264484
PAH,0.00011201816963046763
DNAH8,0.00011199389337483838
ST8SIA2,0.00011196710030786856
SLC16A12,0.00011194593242261565
ACYP2,0.00011192392538568002
EML4,0.00011185994193010039
KNDC1,0.00011180228996714807
PI16,0.00011178884432290394
ARHGAP11B,0.00011178521945515774
TLE6,0.00011177456264350106
PAX9,0.00011175942007578083
COL27A1,0.00011173692138698368
DNM3,0.00011172886170223201
NDN,0.00011162910723323873
PTPN22,0.00011162469895300782
MYO3A,0.00011160922237849657
KCNE4,0.0001115990243242133
CHRNA4,0.0001115455957731696
PER1,0.00011151912536600436
GALNT13,0.00011144604598196192
RNF145,0.00011136106532944696
ARL10,0.00011135215873256842
ELAVL2,0.00011134741883393318
EFCAB1,0.00011133637479222433
EPB41L2,0.00011132538264249445
TMOD4,0.00011128937944901629
KCNJ4,0.0001112782641779821
CDKL5,0.0001112690965162783
CTTNBP2,0.00011122050803243252
NDRG1,0.00011121196412880375
MAPK8IP1,0.00011115540655664478
ARHGAP23,0.0001111463353843114
CCL17,0.00011112793664831558
SGOL2,0.00011110404547547052
NR2F1,0.00011106315255371229
ZAK,0.00011103610233443991
TDRD1,0.00011098007228991891
KLF5,0.00011095016319776461
PLXNA2,0.00011092036230533092
PACSIN2,0.00011085637539183472
RSPO2,0.00011085371487614579
HSD17B8,0.00011084062919346525
AQP1,0.00011079371484305273
PRDM5,0.00011070023479351771
SLC2A9,0.00011060342588126046
IFITM2,0.00011058741189052472
ISG20,0.00011057581224913045
KIAA1549,0.0001105617286033215
FOXD3,0.00011055718165167183
PEMT,0.00011035856735393085
PENK,0.00011032071242780033
RDH12,0.00011031140175773841
CBX1,0.00011029549954887301
MAP3K8,0.00011028839734949276
QDPR,0.00011019992410070013
IGFBP1,0.00011019497189625336
EXOC6,0.00011014702781889863
CHST3,0.0001101375537174809
ZNF628,0.00011013545399647582
TPD52,0.00011010756148856787
PAFAH1B3,0.0001100888140593137
FRMD6,0.0001099907295672468
ISLR2,0.00010998346291342059
DNAH6,0.00010997232424845102
ANXA13,0.00010995611699933378
TRPC4,0.00010993330931161885
NELL2,0.00010992142222076068
ARHGAP5,0.00010986855255009834
NAB2,0.0001098657488978262
GPX7,0.00010982883979686283
LEFTY2,0.00010982116810936202
C1QC,0.0001097696892703272
SGK223,0.00010976700524151277
ITGAD,0.00010970888925054757
FFAR2,0.00010970697388181202
HSPA4L,0.00010953510955755396
GCSH,0.00010951107093373221
HADH,0.00010950403271636603
PLEKHG7,0.00010944006564771624
CACNA2D3,0.00010942036159950268
APOC4,0.0001094051781836518
GRB7,0.00010939915531100317
HPSE2,0.00010933988679758197
NMNAT2,0.0001093296895586125
SFRP2,0.00010932210633908959
SH3TC2,0.00010931415490616631
RAD54B,0.00010929940851008184
WDR35,0.00010927539812822375
NLRP5,0.00010926445399965371
MCM8,0.00010926066829807036
VANGL1,0.00010924252214631084
TFAP2B,0.00010923444351749826
LSM4,0.00010921011737269482
ACVRL1,0.00010920914301306388
CGN,0.0001091980599842414
SIRT7,0.00010912824997782842
MAP1LC3C,0.00010912382936781368
NTF4,0.00010911824126241808
IFI44,0.00010911099435151313
GLCE,0.00010909823453942268
PIKFYVE,0.00010909181628893653
ZMYM2,0.00010901665294777674
KRT14,0.00010897309154351138
CRLF1,0.0001089528660846455
GPS1,0.00010892982477554762
BSCL2,0.00010892102482297746
LHFPL5,0.00010891994839635265
ACACB,0.00010891727100484476
CRB3,0.00010890832478885332
FAM150B,0.00010887172884510047
AK1,0.00010885542933848965
KCNK5,0.00010882446956811673
AXL,0.00010881194794357342
MS4A2,0.00010880094929210821
SEPP1,0.00010877772848024084
SLC39A4,0.00010875799427660026
ATP6V0C,0.0001087301914420637
TRPV5,0.00010872049707892245
KCNH8,0.00010869710510227742
SERPINF2,0.00010865604121796132
PCGF2,0.00010860947512662746
HOOK3,0.00010859694960075181
DHRS3,0.00010859306703816016
CSE1L,0.0001085912954378334
CACNB1,0.00010858254929664624
PDGFD,0.00010851794533229242
SEC61A2,0.00010851580054635115
ARHGAP20,0.00010850613436691073
CACNA2D4,0.00010849810946669042
UTP18,0.00010848973175874081
SESN1,0.00010846864640188431
SPOPL,0.00010846727608541389
ZFYVE16,0.0001084563734216778
CDA,0.00010844143513775068
TUBB,0.00010834786004404307
NECAB3,0.00010827820542959515
NCALD,0.00010827036778320861
RAB6B,0.00010824788913111764
CHST1,0.00010821329618212749
PGK2,0.00010819723457788359
RGS12,0.00010818640833768773
PLA2G5,0.00010806151000653346
GRK5,0.00010805767754355732
CLCN1,0.0001079661010535816
TTC21B,0.000107871198413167
FAT1,0.00010786739147744642
CNGA1,0.00010786619636628138
EPHX1,0.00010782564456372717
PHYH,0.00010782421562545707
TAF4B,0.00010777062302640649
EGR3,0.00010772042264443008
RGS20,0.00010770644175032075
USP14,0.00010768299403399874
ETS2,0.0001076788077895734
KLHL30,0.00010762086549331144
CHRNB1,0.00010761657697323001
ASB12,0.00010761349241506914
ODC1,0.00010761255953198003
NUDT19,0.00010761001701350869
PROCR,0.00010758757113531581
RGS11,0.00010758272625969205
NME4,0.00010757787464728174
NR3C2,0.00010757268143751986
EIF3C,0.00010756903728223099
CMTM7,0.00010753252466608074
FANCL,0.0001075303876692341
DSN1,0.00010749792512623356
RPGRIP1L,0.00010747858370302312
KLHL21,0.00010745784777858858
FUT5,0.00010736492993915943
TCTEX1D2,0.0001073518319865381
PPAPDC1B,0.00010734128407049383
HSD17B1,0.00010727615165411808
CNTFR,0.00010726388227005467
C1QL2,0.00010721719738593916
C1QL4,0.00010721719738593916
NPAS4,0.00010720802193875255
SGMS1,0.00010720576035468655
PARD3B,0.00010717051573973002
GUK1,0.0001071677053350049
PIP5KL1,0.00010715998144201409
BHLHE40,0.00010715746480698712
GRID1,0.0001070898560752901
YEATS4,0.00010707402214838017
GLS,0.0001070602528171122
CYP2A13,0.0001070521527635171
NXN,0.00010696574839129736
TRIM63,0.0001068969800985586
P2RX7,0.00010689069488638583
DCT,0.00010689033307528365
KLKB1,0.00010687008173648687
ALS2CL,0.00010684475096195048
DCDC2,0.00010683495013258485
MPZ,0.00010679060281183002
APBB1IP,0.00010677519255562488
SLC12A1,0.00010669221879466877
PAFAH1B2,0.00010665180601846946
LRRC17,0.0001066386262911778
PREP,0.00010663152888066446
ASPN,0.00010663063405706769
SYCP2,0.00010659799321972592
RRAGD,0.00010659029049915129
PIP,0.00010654278887281696
SEPHS2,0.00010652160996979783
MAFF,0.00010650669354832776
HDC,0.00010648045885152084
CIT,0.0001064761700066629
GSTO2,0.00010646995041654543
KCNE1L,0.00010645114268321554
LONP2,0.0001064344318631873
PEX12,0.00010637274843068981
BIK,0.00010636954354147921
GUSB,0.0001063509925661702
KDELR3,0.00010632634789906567
COL5A3,0.00010627294841630637
PKNOX2,0.00010622737824362224
GPX8,0.0001062198616637735
SPRR3,0.00010621819622779431
ABCG8,0.00010620570264387379
ST6GALNAC3,0.00010619639692087366
POLR3GL,0.00010619144406432244
PIP4K2B,0.00010617787761215929
ATP6AP1,0.00010611921626172313
CD7,0.0001060828358043869
PFKFB3,0.0001060825429103393
HMGA1,0.00010602595834059173
LCP1,0.00010601224681681609
PKP2,0.00010599359553294995
BHLHE22,0.00010597590967631412
SGIP1,0.00010593025121839274
PLD6,0.00010591763380375854
ALDH3B1,0.00010586779725023926
RBM44,0.00010586036547740574
CRTC1,0.00010583457429816202
SLC16A2,0.00010582872828119044
EMG1,0.00010581778926581981
PDE7B,0.00010581287526958004
CLDN1,0.0001057909400517659
E2F3,0.00010575619453943871
ADRA2A,0.00010571165408460797
GUCY1A2,0.0001056937973844217
DZIP1L,0.00010564277878235223
G6PC3,0.0001056045935842091
XYLT2,0.00010557908639104669
NOTUM,0.00010555985477012357
B3GALT1,0.00010555580317232016
TGFBR3,0.00010554537662103981
RGAG4,0.00010550471939439318
KCNJ1,0.00010547958079124699
PPFIA4,0.00010546376009780436
INTS2,0.00010540780881884376
RDX,0.00010540643518923483
TNC,0.00010540078060335402
SDCBP,0.00010538143383494342
GPD1,0.0001053388073886617
MIP,0.00010526590873332023
GRIP2,0.00010525617031863647
FTSJ3,0.00010525371686195267
FNBP1,0.0001052245338997057
LOXL4,0.00010520130176508266
MAD2L2,0.00010519464487772264
B3GAT3,0.00010509282248267042
TUBA8,0.00010508047006929273
EPHA6,0.00010506501741262406
SLC45A2,0.00010504909575746778
FABP5,0.00010504148046958969
GYG2,0.00010500468188779995
COL14A1,0.00010498546514789669
LPPR3,0.00010497808350183917
NKX3-2,0.00010495151192667541
DGKB,0.00010494731264304055
UBE2V2,0.00010493047234132568
RELB,0.0001049177368245414
LMO3,0.00010489701979961747
CMYA5,0.00010486275941110305
HOXD10,0.00010485312617734081
DUOX1,0.00010474884668964002
EIF3G,0.00010470657393178958
BAD,0.00010470648393981949
TRPM6,0.00010468160264089885
BCHE,0.00010464023332958553
AP1S1,0.00010463497351466127
PPAP2A,0.0001046192195488396
ADA,0.00010461823970279927
ABCB1,0.00010456669563219348
SAA4,0.00010456483219233704
STK3,0.00010452025944469043
ATL1,0.00010446230208319744
DGKQ,0.00010444768062540315
EPHB6,0.00010441486947077094
TCL1A,0.00010440860034011567
EPHA5,0.00010434206642014232
NDUFB7,0.00010433992987812717
TRPS1,0.00010430420107624708
P2RX4,0.00010429635222596155
GALNT6,0.00010423678329664826
GPD2,0.00010417891892367191
SYT3,0.00010416134312689553
NFIL3,0.00010415704822584605
HBG1,0.00010415093593606262
KIR3DL1,0.00010411266835311318
CADM1,0.00010408517095337559
DDX25,0.00010408003945985951
PECR,0.00010406073877133195
BCL11B,0.00010405793558947934
BEGAIN,0.00010405669590464968
SNRPA1,0.00010404889795221133
BOC,0.00010404760026155563
SLIT3,0.00010403407021833981
COX4I2,0.0001040323613136604
KIR2DL1,0.0001040167125952611
IFNAR2,0.00010399038613032532
MRPS6,0.0001039792188737649
AQP9,0.00010394410368418824
HOXB4,0.00010391404694323639
PDE8B,0.00010386222189129364
TMEM141,0.0001038558510677079
SLC30A6,0.00010385060272209464
HSPB2,0.00010380919485511469
PASK,0.00010374274338694504
UQCR11,0.0001037309406887412
NEFM,0.0001036946333256591
USP2,0.00010363173424824307
RPS6KA3,0.00010361531408607856
ZEB2,0.0001035892719662848
PIWIL1,0.00010355712937048715
FAM126A,0.00010354345494190062
PPP1R14A,0.00010354122232867685
CTSS,0.00010353821146834622
SAC3D1,0.00010349945442753643
MAGEA6,0.00010349777449557853
CHST2,0.0001034896422980209
PTPRJ,0.00010348483954220714
GLRX,0.00010345116436013252
NOX4,0.00010338264165408239
MED16,0.00010336001614723658
CMA1,0.00010335250133172645
RAB3IP,0.00010334325681000554
ARHGAP10,0.00010331316945507423
COX6B2,0.00010328986818930074
HAMP,0.00010328723753850148
TXNIP,0.00010328491100763505
PLA2G12A,0.00010325009645043529
SLC22A12,0.00010324066313943865
SIX1,0.00010322652259339235
CHGB,0.00010320984127366031
CREB5,0.00010316998791810351
AGR2,0.00010314522168109884
RAP1GDS1,0.00010303606458476197
CAMK4,0.00010300917943110833
KIAA1919,0.00010300728874636047
RAB9B,0.00010299168059325979
GAPDHS,0.0001029869544806714
FERMT2,0.0001029525835756507
MSH5,0.00010295135708175473
CPXM1,0.00010294832890905417
B3GALT5,0.00010293105070930422
BCL11A,0.00010283011613716765
PCOLCE2,0.00010282823996596046
ZNF366,0.00010279516145573262
PKDREJ,0.00010274933340342751
LIG4,0.00010274828516038924
BACE1,0.00010274299493124335
HSF1,0.00010271159633715587
SERPINI2,0.0001027088415892658
QRFP,0.00010267462952332456
TPH1,0.00010265265389252709
MSH4,0.0001026184528594619
IGF2BP1,0.0001026158129883244
IGF2BP2,0.00010261242960466221
FRMD4B,0.00010258215309824152
MED23,0.0001025692496748296
ERLIN2,0.00010254052109056053
ESRRA,0.0001025278793012589
GLYCTK,0.00010252679835683938
SULT1A1,0.00010250879706747547
ETV5,0.00010250616855098595
GRIK5,0.00010248881581442787
TUBA3D,0.00010244044168333357
OPRD1,0.00010237182850742666
IL10RA,0.00010236518898388431
AFF4,0.000102319871941716
ATP1B3,0.00010230546345218672
TNFRSF11B,0.00010229224151644077
ROR1,0.00010224698117633131
SEMA3E,0.00010218125676454924
ARPC1B,0.00010217318713733013
LMNB2,0.00010215556236440422
TXNRD2,0.00010213802856957454
ALDH1L1,0.00010210599993218423
WWOX,0.00010205422390651881
ADRBK2,0.00010205204386582763
GADD45GIP1,0.00010201604582799429
EIF3L,0.00010195474096675556
CYP51A1,0.00010195188824494996
GBE1,0.00010193823360278649
PHLDA2,0.00010193570582619592
GUCY1B3,0.00010190581787655475
MCM9,0.00010186161653696088
CREB3L2,0.0001018489734364779
DES,0.00010181023790566167
DAB2IP,0.0001017772005275854
FOXP1,0.00010174670507994706
RIMBP2,0.00010174538902657911
CD244,0.00010171598406253205
SBF2,0.00010170144277351377
SH2B1,0.00010168722071327516
C7,0.00010165108970364212
PVRL1,0.00010164555240542217
PPARGC1B,0.00010163340144662931
MEFV,0.00010162977402728026
PLAG1,0.00010162305719358541
OSBPL1A,0.00010161715680848835
GMPR,0.00010161280659288718
ARHGDIB,0.00010160611185729148
RGS14,0.00010157565189452518
KCNK13,0.0001015634955002892
LRRC16A,0.00010150187574958562
GRB10,0.0001014465490399197
AQP3,0.00010143279050338655
SEPT10,0.00010139475488076656
FGF5,0.00010138857778168541
EFNA2,0.00010138066150365358
CSN3,0.00010137114858336996
HCLS1,0.00010128323192577215
CKM,0.0001012650847443545
MAGI1,0.00010121342451484035
MTHFD2,0.00010116541687100484
TNNC1,0.00010114262993762489
GRASP,0.00010112311094657326
DBH,0.00010112017719056172
SRD5A3,0.00010109770317566468
KCNJ10,0.0001010532010630063
HEPH,0.00010104425758247717
C6,0.0001010370799405905
B4GALNT4,0.00010103321714774388
LGR6,0.0001009914515670721
TET1,0.00010096249091687112
AGL,0.00010095318302762608
GAS6,0.00010094843856998863
SLC4A4,0.0001009186273586537
CPEB1,0.0001008720002183784
LMOD1,0.00010076175620691304
DACT2,0.00010074663469954561
BHMT2,0.00010074509937150129
SCGB1D2,0.0001007354712043545
PRODH,0.00010072519664565012
RCVRN,0.0001007228253142191
GRHL2,0.00010069857789672257
KLF6,0.00010061675251361452
COX17,0.00010058728008435913
PNPLA4,0.00010058499667648624
SLC22A1,0.0001005254624765054
GNPDA2,0.00010046336750546835
ORM1,0.0001004572685013768
WBSCR17,0.00010045523144320003
CCL13,0.00010044320034814148
HFE,0.00010044184995388742
EIF2AK3,0.00010043337039361104
RBPMS2,0.00010042566479966579
TRMT112,0.00010041440444865766
MIF,0.00010041287967234793
RGAG1,0.00010038795811682631
KIRREL,0.0001003692674599357
CCNJL,0.00010035676941199997
ACACA,0.00010034719477616863
FOXI2,0.00010034708256704587
ZFPM2,0.00010033403217271636
COL8A2,0.00010033272810636458
DIO3,0.00010032155585479797
MAEL,0.0001003076369329354
GALNT7,0.00010030434342207206
GALNT12,0.00010030434342207206
NQO1,0.00010030358625383701
B3GALT2,0.00010023652572278843
BAG4,0.0001002026224683983
CALCOCO1,0.00010010833876650635
RPS6KA1,0.00010009252909946211
ADORA2A,0.00010007682196998868
TTC23,0.00010004727842838132
CDON,0.00010000684933950326
ABCA3,0.00010000432774304544
NR2E1,9.998870939990811e-05
EDA,9.996238555339644e-05
CLYBL,9.993952606461326e-05
GABRE,9.993045401629941e-05
ASNS,9.99031914460638e-05
NCS1,9.988758297179078e-05
LOC93432,9.988564103688048e-05
CATSPERB,9.983261803252409e-05
PTPLA,9.982780495771636e-05
MGAM,9.980042240819039e-05
ACADM,9.979895677180911e-05
CHST8,9.97968073720408e-05
AFAP1L1,9.977926102014882e-05
CREB3L1,9.975275703852334e-05
SF3B5,9.973340941047116e-05
TWSG1,9.97231678176246e-05
EPHA8,9.96959880265442e-05
PCDH11X,9.969039540907365e-05
PTPRB,9.964417429612966e-05
LGMN,9.964279917939134e-05
FAM131B,9.963816889532089e-05
FBN2,9.962370335295798e-05
NIPSNAP3B,9.96145597374003e-05
F5,9.961110504655962e-05
CXCL6,9.955264418524693e-05
LAG3,9.951582060741058e-05
TTC7B,9.94146459325068e-05
BHLHE41,9.941287584721343e-05
LLGL2,9.939324310763435e-05
NEIL3,9.93876536870062e-05
KBTBD8,9.936679949138672e-05
MYBPC2,9.935948984396505e-05
TSSK4,9.934942913815576e-05
SPG20,9.934497158603839e-05
FCN3,9.933352524831501e-05
SIAH2,9.925255973315658e-05
EGLN3,9.923600432851875e-05
CSGALNACT1,9.922644189095279e-05
CCDC129,9.92236551350935e-05
MED13,9.921981533042912e-05
TAS1R3,9.921931837494033e-05
AP3S1,9.919541646649184e-05
UQCR10,9.919171763507869e-05
LYL1,9.91465190233369e-05
APLF,9.913040776782399e-05
PODXL,9.912849705824762e-05
PAEP,9.911391798705035e-05
PAICS,9.906536471497477e-05
CDO1,9.899248978708085e-05
PYCARD,9.89894234549529e-05
BSN,9.894708824717132e-05
SLC25A4,9.892757716365556e-05
WASF3,9.890813345748979e-05
CYP46A1,9.885381367055202e-05
DOK7,9.883434037897274e-05
ZNF385B,9.883418424143891e-05
DOK2,9.881299698776657e-05
AKR1C2,9.880314755452606e-05
IFT140,9.86975743533212e-05
ADRB3,9.867627018888216e-05
KREMEN1,9.866701684387418e-05
CENPO,9.855356461396217e-05
KCNJ5,9.851482514624347e-05
RSPH3,9.850895099410345e-05
TRIP6,9.848506316928098e-05
P2RY13,9.84189369388751e-05
SERPINB2,9.840351753766467e-05
TEX14,9.836650766076712e-05
PRKAG3,9.834487565859001e-05
SLC16A3,9.832116363010264e-05
TBX4,9.828806752743464e-05
DMGDH,9.827997880611287e-05
AQP7,9.826798671760446e-05
GAL3ST1,9.82408718870807e-05
UCHL5,9.822056390436971e-05
CST3,9.821703456204615e-05
IRX1,9.82045432240373e-05
PREX1,9.817290410002448e-05
HSPB8,9.810504127666958e-05
HOXB1,9.808310163850687e-05
HOXB13,9.808208408299018e-05
CHST4,9.804061727944807e-05
CDKL1,9.79155051038567e-05
ARRDC3,9.790382853890761e-05
TLX3,9.788517921942548e-05
ZBBX,9.788390076488919e-05
IMPDH2,9.787290018212127e-05
NAP1L5,9.786419638175344e-05
LRRTM2,9.785182244824447e-05
SLC38A2,9.782224880194488e-05
DPF3,9.778439269465483e-05
IL17RE,9.776989416071332e-05
ENTPD2,9.775897273768544e-05
SFTPD,9.77455618136229e-05
PNMA2,9.773126124698776e-05
KLRB1,9.771011266495588e-05
PPBP,9.767922268600475e-05
VIPR1,9.765541658714222e-05
RPS6KA2,9.760709056838965e-05
LOXHD1,9.759355677144079e-05
KCNU1,9.758608203975826e-05
SERINC2,9.75757405210249e-05
CNIH3,9.74592749986689e-05
REV3L,9.743581705098694e-05
TPO,9.740472404278587e-05
GAS8,9.738316753042627e-05
RHOU,9.733318105972511e-05
KCNJ8,9.730134145887866e-05
XAB2,9.728835817533464e-05
EVL,9.725872014658749e-05
CHAF1A,9.72356040277642e-05
HLA-DOB,9.723258995428286e-05
TNFRSF4,9.722586925896448e-05
CCL3L3,9.720703388958567e-05
HHIP,9.719642901693879e-05
MRPL21,9.719245563810646e-05
CDK12,9.718709010540945e-05
PLCD4,9.718335086989597e-05
TRAF5,9.712149434796028e-05
ELOVL6,9.712072839484516e-05
VIPR2,9.71110918302122e-05
IL20RA,9.709105373169174e-05
AHCY,9.708275314667423e-05
PTX3,9.706044890084687e-05
CD1E,9.701745943940739e-05
KCNK9,9.699195578486947e-05
MYH13,9.698353782748363e-05
KIF5C,9.696960452796023e-05
VSIG4,9.694539950603852e-05
RD3,9.693977280728338e-05
TCIRG1,9.690249007715379e-05
MICALL1,9.68949148089953e-05
DNAL1,9.687909047144805e-05
TNFRSF21,9.685745833338925e-05
TAB3,9.684337120680506e-05
CISH,9.682549137178576e-05
PARVB,9.682422871213398e-05
UBE2M,9.680600679222902e-05
GPR12,9.679892066748292e-05
DKK3,9.677142775612032e-05
TBCE,9.676424891419654e-05
MRPS34,9.676369762720083e-05
GREM2,9.676220292622376e-05
RGS16,9.676032490530095e-05
CENPT,9.673957816470169e-05
GRIN3B,9.672964150461659e-05
SYCE2,9.671287803110758e-05
SLC30A4,9.670728011172178e-05
ERN1,9.670613661601744e-05
FRMPD1,9.667884022180795e-05
C17orf70,9.66634759553185e-05
PFKFB1,9.663571472993864e-05
HSPA12B,9.663105943169365e-05
SNX13,9.663012437241162e-05
PLXNC1,9.660582176021653e-05
TREM1,9.659490690299468e-05
SULT2B1,9.654808593050072e-05
LHX6,9.654805069726588e-05
MED24,9.651613035922038e-05
TFPI,9.645406232735643e-05
GALC,9.64085437632087e-05
LRRC7,9.640671616680834e-05
MC1R,9.63952016988225e-05
IL18R1,9.639110986953234e-05
MYCBP2,9.63569831385403e-05
HMGB2,9.634007468115868e-05
E2F7,9.633063223745418e-05
KIAA1045,9.631931631623263e-05
NOC4L,9.630173163059939e-05
COL24A1,9.628198438604209e-05
ST5,9.622939116994731e-05
EDAR,9.621926874809085e-05
IQGAP3,9.616175110598522e-05
CPSF1,9.613059708206923e-05
RGL1,9.612215300583719e-05
MEOX2,9.608426793247845e-05
GRM4,9.607851007542226e-05
KCNJ12,9.606893273122303e-05
RIC3,9.604423723090315e-05
RDH5,9.603607101202752e-05
MFSD4,9.602390156214949e-05
FBXW5,9.601024062968723e-05
DYNLT1,9.598757888682601e-05
CYP8B1,9.598001803363627e-05
STON1,9.594414145209857e-05
TP53BP2,9.591678649818458e-05
ZNF462,9.59102415362631e-05
PTBP2,9.588574434953783e-05
TNFSF13B,9.5874730684751e-05
VPS37D,9.581847136836463e-05
HS6ST3,9.578688781593048e-05
LPAR5,9.576727434182731e-05
ARFGAP1,9.575723004917232e-05
EPHB4,9.575349033444156e-05
AIFM3,9.574038962202632e-05
NOS1AP,9.573718493417661e-05
REPS2,9.572508714302875e-05
CLDN23,9.571259794033733e-05
LASP1,9.569024409332411e-05
GABRA3,9.567803317010044e-05
GALE,9.563724439825934e-05
TMCC3,9.563571018738579e-05
NNMT,9.563012813245594e-05
ABCC2,9.561597985939685e-05
CCNB1IP1,9.555655817981417e-05
DSC2,9.553649898356652e-05
GAP43,9.553238784475194e-05
PRICKLE2,9.551534592554982e-05
BBS5,9.551116672563174e-05
MUTYH,9.550819755641319e-05
CPA1,9.550802860561345e-05
SEMA4D,9.549720999899215e-05
GAN,9.549555480153365e-05
NLRC4,9.548572694784672e-05
AP1S2,9.547299668513973e-05
NCF4,9.543613900481058e-05
POLR2J,9.543398886970974e-05
JAZF1,9.542470243800242e-05
SLC39A6,9.530830133590208e-05
TRAT1,9.530320227255911e-05
CEP135,9.529247820686672e-05
LRRC4B,9.529146963124088e-05
FNDC4,9.527016875924112e-05
TCEAL1,9.524593734621627e-05
STX2,9.524362215530486e-05
PPP1R14C,9.523383055601856e-05
SLC12A2,9.522113445935351e-05
TNFRSF13C,9.519531440846756e-05
FKBP2,9.513847855209599e-05
COX4I1,9.510225893810646e-05
NMB,9.50713213903979e-05
PEG3,9.505494567214231e-05
MAP4K4,9.50311353816169e-05
TNFRSF14,9.498926092390189e-05
FLI1,9.4971164383551e-05
FOXJ1,9.496266421410036e-05
SNRNP25,9.49532291613207e-05
ARID2,9.494490035839238e-05
PCOLCE,9.49279741432978e-05
MT1G,9.490658857600362e-05
HOXC4,9.489182649296636e-05
PPP4R4,9.487638877092605e-05
BPI,9.48710608476496e-05
SYT4,9.486448843816648e-05
MAP1LC3A,9.484316050921214e-05
GUCY2C,9.48154663727261e-05
CCL24,9.478948757794125e-05
FRZB,9.47731872355682e-05
KCNN3,9.473898335845943e-05
FMN1,9.47349797969341e-05
HIF3A,9.473177815166842e-05
TACR1,9.472117378134527e-05
SLC16A9,9.470723349590555e-05
SLC19A3,9.470105282590515e-05
SLC19A2,9.470105282590515e-05
PYCR1,9.46785637899815e-05
TRPM8,9.467034963985429e-05
FABP6,9.464486615299992e-05
LETM2,9.460369053444531e-05
BAI3,9.459456209479173e-05
MORN5,9.457851115912389e-05
CITED1,9.457420469247257e-05
NDUFS7,9.456875755168525e-05
NUDT2,9.452902700865229e-05
KCNC2,9.45223210928012e-05
IRAK3,9.451797953220742e-05
KCNMB2,9.449325486069982e-05
INSC,9.448297719940532e-05
ALG3,9.445514410331049e-05
STAC3,9.445310329263265e-05
ERC2,9.444982543482477e-05
TGM2,9.442080395365248e-05
MAPRE2,9.440474283150238e-05
SMOC2,9.438888249672505e-05
NCR3,9.438105697119469e-05
PAPPA,9.435576108737766e-05
FLNB,9.434225318499287e-05
CHCHD7,9.432630859619124e-05
SAGE1,9.430558157131232e-05
C1orf101,9.426702067280908e-05
PDLIM4,9.419818658179156e-05
HEATR1,9.418962345414916e-05
C19orf40,9.417884336037797e-05
HAAO,9.417695055500933e-05
HPD,9.41699726130908e-05
LNPEP,9.41572001958568e-05
UQCRB,9.415494014700635e-05
KIAA0319,9.414935219116342e-05
SYT5,9.414904886584713e-05
TNFRSF18,9.412832596726306e-05
SP100,9.41121070560299e-05
ALOX12,9.407542765786028e-05
MEOX1,9.403202360483553e-05
AOC2,9.399275743697632e-05
CPT1B,9.396239561293693e-05
CATSPER3,9.390530498818173e-05
LRPAP1,9.388411666951464e-05
SLC29A4,9.385212426313386e-05
RDH10,9.382890628103523e-05
TNFSF4,9.380307070190776e-05
CELSR1,9.377470744073514e-05
CRHR2,9.377418524370427e-05
B4GALT5,9.374330921361905e-05
RABEP1,9.374113380348901e-05
EVC2,9.371089871813002e-05
BDP1,9.368936163438264e-05
ATP6V0A4,9.366039421485749e-05
FBP2,9.363620248582529e-05
NDUFB10,9.362677606590344e-05
WDR19,9.358998135247725e-05
LPPR4,9.352033064231291e-05
SLC34A2,9.345991956017285e-05
TYMP,9.34595319983555e-05
NELL1,9.34451321103767e-05
HS6ST2,9.342073535840952e-05
SF3A2,9.340710433236498e-05
SYCE1,9.340239751485763e-05
AKAP12,9.33979262164163e-05
AQP11,9.337421516195225e-05
KCNH6,9.337118219295088e-05
KLF15,9.328040254667994e-05
PRDM1,9.321751441917044e-05
CDHR5,9.316868140470805e-05
RDH16,9.31541078365249e-05
ANKDD1A,9.30954785468463e-05
EYA3,9.306861622717298e-05
MATN3,9.304982349026702e-05
MAP6,9.300986732988267e-05
DHX58,9.299350628224545e-05
SLC26A5,9.298002215540726e-05
NBEA,9.29763682476858e-05
EFEMP2,9.296804720420167e-05
MTG1,9.295284352682176e-05
SETBP1,9.292537422026276e-05
CADM3,9.292000864337174e-05
F2RL2,9.290081891075862e-05
LRRN1,9.288434938649375e-05
RNF212,9.286809575400528e-05
ADAM23,9.28020307287578e-05
FAM20A,9.278828313990252e-05
ARHGEF9,9.274888644119081e-05
C1QL3,9.274827906203447e-05
YIPF6,9.273564128599341e-05
SLC45A3,9.271584072461506e-05
ABCA12,9.269438324181582e-05
SDR39U1,9.26834105731442e-05
P2RX5,9.266812520652753e-05
BAI1,9.264117909124922e-05
KCTD9,9.262967646139905e-05
IL12RB2,9.260455275906238e-05
B4GALNT1,9.258630267967402e-05
SOCS5,9.256668135140838e-05
MPPED2,9.255773286190863e-05
HDAC11,9.254690365870583e-05
AIF1,9.250841676494305e-05
KRT17,9.249474648780648e-05
RAG1,9.248333392137341e-05
PLD3,9.24810855122921e-05
NMI,9.246977543930454e-05
GNPNAT1,9.246100257312446e-05
FREM2,9.246012929291857e-05
HMGCLL1,9.243355539253193e-05
HSD17B3,9.240400014409713e-05
ARMC3,9.240276571838017e-05
A2ML1,9.231963275103686e-05
TMF1,9.231273072076331e-05
HS3ST4,9.231160591053009e-05
GPR161,9.229199382733002e-05
CYP21A2,9.227180095514598e-05
STRC,9.225277579004758e-05
POU3F2,9.223413809081173e-05
SOD3,9.223361515909955e-05
NDUFB9,9.22299238885708e-05
CDH7,9.219363516656137e-05
CXCL14,9.218656165782981e-05
OSMR,9.2184315507072e-05
RASGRF2,9.215039863414242e-05
WTIP,9.213885880729442e-05
DDX60,9.21350564907969e-05
PRSS8,9.209851294701632e-05
PLEKHM3,9.207174443580634e-05
KBTBD12,9.202309352003289e-05
HBD,9.201947322642185e-05
NAALADL2,9.201095011254277e-05
NANOS1,9.198443391426242e-05
FGL2,9.197289739115979e-05
IL21R,9.195763289445725e-05
MFGE8,9.193350731980393e-05
NAT9,9.189647357312046e-05
TTLL12,9.181365326656542e-05
GDA,9.179607261136535e-05
DHX33,9.177391138959105e-05
CAPN9,9.176863631683664e-05
DLEC1,9.176460621490545e-05
NTHL1,9.173567917903635e-05
SV2B,9.17030564124555e-05
SEMA3D,9.16997555795278e-05
PTPN21,9.169807751563753e-05
SLC30A1,9.16893899282894e-05
CLVS1,9.167582817683068e-05
SESN2,9.167335409870204e-05
NOX1,9.165075559036045e-05
LCA5,9.162734843149733e-05
FFAR3,9.161994886155021e-05
NAP1L3,9.16152136213114e-05
AGPAT6,9.159801639387421e-05
C8B,9.159619828458757e-05
STX19,9.154554087144524e-05
LINGO1,9.154002850759869e-05
CDCA7,9.144598138340336e-05
ATP2B4,9.139676021015633e-05
FAM110A,9.137762778595499e-05
TUBAL3,9.136649348977898e-05
GOLT1A,9.129723105634419e-05
KMO,9.129312062201708e-05
TEC,9.12812868833198e-05
CENPP,9.126980170100991e-05
CENPL,9.126980170100991e-05
CD1D,9.12452873267312e-05
KIAA0922,9.123395410023195e-05
SH2B3,9.122931154889288e-05
SLC22A18,9.12037273491978e-05
SLC5A1,9.11492312279781e-05
MVD,9.114207579588544e-05
C1orf27,9.113868122858216e-05
INTS7,9.113240832878239e-05
FBXO32,9.110917875285555e-05
ANO5,9.107070748185182e-05
IL1R2,9.105508684305693e-05
NALCN,9.098642389817791e-05
IRX6,9.096295958634115e-05
ULBP1,9.094970873300105e-05
BAG1,9.094913405889929e-05
APOBEC3B,9.091206795966185e-05
SLC46A1,9.089174035051704e-05
TMEM35,9.088757892574453e-05
DAPK2,9.086757665969731e-05
FOXP2,9.083302506664967e-05
TCN2,9.081424878447524e-05
BBS10,9.0809086711373e-05
PTPRF,9.077092551535935e-05
AP1M2,9.077025928183435e-05
EFEMP1,9.074672703618817e-05
CNTN6,9.073956795853831e-05
AK5,9.073602448573476e-05
STRADB,9.073568971691191e-05
DNAJB4,9.073209497804936e-05
NGEF,9.072248588414388e-05
ZNF154,9.065135383056798e-05
SMPX,9.064037881562102e-05
CATSPERG,9.061774484585324e-05
FAM83H,9.061363138672529e-05
TNFRSF10B,9.06113251191553e-05
UPB1,9.05781771030591e-05
RAB27B,9.053620538646191e-05
B3GNT7,9.048308101721451e-05
LY75,9.046014966749496e-05
BAIAP2,9.045117851235662e-05
RUNX1T1,9.039349947323648e-05
TCF15,9.033029435772844e-05
ZNF608,9.030742261475173e-05
NGFRAP1,9.029485786177539e-05
ARMC4,9.024817723753687e-05
UCHL1,9.024740796026581e-05
PTGIS,9.019954845514917e-05
HSPA13,9.01525458621777e-05
EXOSC4,9.014566419804267e-05
RALGPS2,9.014410820504525e-05
IFT74,9.013505735918448e-05
SMPD2,9.012925461231102e-05
FBXO2,9.009191145212237e-05
SEMA6A,9.008244701871489e-05
SELENBP1,9.003618614159896e-05
MFAP4,9.001065576007039e-05
RGS17,8.99946209984038e-05
IGJ,8.99591981213909e-05
SCGB2A2,8.995643805141817e-05
MOV10L1,8.994755176582492e-05
TMTC1,8.994675691202837e-05
VGF,8.994066386744769e-05
ELOVL2,8.991670483085351e-05
DLC1,8.989932394232902e-05
HIST2H2BF,8.98400676988232e-05
DGKZ,8.983879013041565e-05
STX10,8.981796570685426e-05
FDPS,8.979182904700205e-05
GAS2L2,8.97838908419195e-05
COL10A1,8.97835542276676e-05
KLK5,8.977533061245576e-05
APBA2,8.976458548569488e-05
BZRAP1,8.97637153325761e-05
NNAT,8.975380699688078e-05
GABRG1,8.975136493727577e-05
COX7A1,8.970562156246909e-05
PRPH2,8.961076888558655e-05
SOX18,8.95751055403202e-05
CCDC124,8.95700697754767e-05
SGK2,8.954308719588217e-05
ABCD2,8.95326562345473e-05
CD24,8.952285290614044e-05
SLAMF6,8.951562736383624e-05
KY,8.950198156809107e-05
COL6A6,8.94795337683601e-05
REC8,8.941222677860092e-05
LIPA,8.939928326194579e-05
FAM127A,8.937354734517183e-05
HDAC10,8.934107500829272e-05
ATP6V1C2,8.931094802026784e-05
JOSD2,8.92932585209169e-05
GMDS,8.929010230684562e-05
HCN2,8.928169478435592e-05
ATP6V1G2,8.92392993030074e-05
DOC2A,8.91420086800208e-05
MICA,8.911946318868019e-05
RAB11FIP4,8.91130810101111e-05
SPRY1,8.909128374904286e-05
SEMA3F,8.907187066477037e-05
LGALS12,8.906287463772203e-05
BCKDHB,8.906187472150094e-05
ALCAM,8.905173326104464e-05
RASL11B,8.90363795834658e-05
ETNK1,8.899066428398824e-05
FBLN7,8.894391294252428e-05
RNF128,8.89154436474686e-05
POLD4,8.890530341148928e-05
LBR,8.888661291649082e-05
NRG4,8.886991500161987e-05
PSAT1,8.871942548155655e-05
PRDM12,8.867734220220953e-05
NME3,8.867418304447222e-05
CCR10,8.867354432300684e-05
SCRIB,8.867115682379183e-05
PER3,8.866208642014594e-05
BMPER,8.866152573398317e-05
TCEAL6,8.866009678949627e-05
LMX1A,8.86542859184504e-05
MAGEA12,8.862661282585206e-05
CDH3,8.862472272299217e-05
CHSY3,8.853478933597217e-05
SLC47A2,8.85203050190085e-05
LYSMD3,8.849593832890813e-05
ETFA,8.848758062762868e-05
PSIP1,8.848668035511431e-05
RAB11FIP3,8.848558583510549e-05
CDC42EP4,8.847808130224818e-05
LDHD,8.84723422410708e-05
STAB1,8.844965103115785e-05
SEC16A,8.841239763694858e-05
MAL,8.840754302483087e-05
NTN4,8.837577512047135e-05
SCARF1,8.835629445887202e-05
LIG3,8.834754254963354e-05
IQCA1,8.833720660315434e-05
EXOC2,8.833518357260039e-05
ZFHX3,8.83163877690998e-05
ATXN1,8.83117585952479e-05
ORAI1,8.82939697028977e-05
GINS3,8.829239941100606e-05
CWC25,8.826417164625493e-05
HDAC9,8.819987828773223e-05
EPB42,8.815720464046013e-05
PARP9,8.815604729811809e-05
ME3,8.815182418160636e-05
IFT46,8.814173739814994e-05
KLK1,8.807530697140192e-05
B3GALT6,8.805650715357356e-05
B4GALT7,8.805650715357356e-05
NDUFS8,8.803158039392476e-05
SIGMAR1,8.802435438866091e-05
WIPF1,8.802139953709135e-05
RIMS2,8.800589315452236e-05
SLC12A3,8.798984301637178e-05
MCCC1,8.79842944710916e-05
NPNT,8.794631446505185e-05
RARRES2,8.793329625040166e-05
FEZF2,8.792762676930494e-05
POLK,8.790901745048234e-05
MGST3,8.789448512770547e-05
CDH11,8.788341868970599e-05
KLB,8.78781723337084e-05
CCL16,8.786418728809795e-05
AKAP11,8.785451083372777e-05
DNAJA4,8.781821240241039e-05
ATP6V1C1,8.780866555286699e-05
IFT81,8.780089757271489e-05
S100A6,8.77569509557209e-05
MVK,8.773740503294848e-05
GDPD1,8.773072590187008e-05
UQCRH,8.772694993226186e-05
SNTB1,8.767314923940055e-05
CD59,8.766966118284872e-05
KRT6A,8.763598933145592e-05
SASH1,8.760453403623362e-05
RNASE1,8.759475076394342e-05
MDM4,8.756340664942629e-05
MED13L,8.753985862687525e-05
CPVL,8.752308957785434e-05
MMP11,8.751534008143939e-05
PLK2,8.750302939401453e-05
POU2AF1,8.750161515189673e-05
NRTN,8.749898873255104e-05
RETN,8.743325970391202e-05
PCSK5,8.74260008739734e-05
UNC119,8.741243125131967e-05
DFNB59,8.740410698672055e-05
SLC2A5,8.738429721694259e-05
NEDD9,8.738107005579384e-05
TULP2,8.735910563288876e-05
COX6B1,8.733622225584648e-05
CD226,8.732718242297316e-05
EFNA3,8.72880712698215e-05
FOLR1,8.72179110804067e-05
SOX5,8.721034739457265e-05
MICB,8.718671220241003e-05
SOX7,8.716595773971037e-05
CR1,8.714626601185817e-05
TAGAP,8.713620073598315e-05
DUOXA2,8.713501716733744e-05
TFAP2C,8.713104876969853e-05
FAAH,8.712800664020589e-05
MRPS30,8.712782893876002e-05
HES5,8.711170533789614e-05
FAIM2,8.710509434165809e-05
DBN1,8.707553694869363e-05
GLA,8.703586953122588e-05
KLRG1,8.698315729510772e-05
AMFR,8.694732262040666e-05
EBF2,8.694725599173143e-05
ZIC1,8.693199514733914e-05
SYT11,8.693022167883692e-05
NDST4,8.692239173670123e-05
MPP6,8.690455982585578e-05
SLC22A18AS,8.690124321821162e-05
SLC7A11,8.689964440424769e-05
MARCH10,8.688238133473209e-05
CALCRL,8.686908354620393e-05
ELOVL3,8.684556102006276e-05
ICAM2,8.683008168111193e-05
FRMD5,8.680806843930636e-05
ATP5G1,8.67964796904324e-05
GP5,8.678326575675379e-05
SPATA17,8.677918293276533e-05
EVC,8.677873197277192e-05
HERC5,8.674526483008006e-05
RTN1,8.673309441951946e-05
TMEM176A,8.668832287514162e-05
LIN52,8.666855147452825e-05
LYNX1,8.66614105185697e-05
MCCC2,8.66381710320305e-05
SPRY4,8.66294663047715e-05
CYP26C1,8.659485519000226e-05
TNXB,8.65845848627463e-05
RGR,8.657393245676885e-05
ASTN1,8.653696064067966e-05
KCTD3,8.653243522656444e-05
CST4,8.652277938634474e-05
CA6,8.649760777356959e-05
TMOD2,8.647591748561616e-05
PTPRK,8.647483551769931e-05
CDC14B,8.639551824599061e-05
CREB3L4,8.63449090007398e-05
BVES,8.63427704324138e-05
KLHL8,8.633679919833748e-05
TCHH,8.633363124006067e-05
ROBO4,8.631993359006453e-05
KCNH4,8.625784195581191e-05
HFM1,8.625510079499333e-05
TRPM3,8.624270116887127e-05
GDF11,8.622760735026863e-05
SYT13,8.621602206403037e-05
KCNH7,8.619897733329927e-05
GPLD1,8.617994683550673e-05
PLAC8,8.617479046757983e-05
SH3RF2,8.616931686786241e-05
ACP5,8.61610301311536e-05
SERPINB13,8.615614454610861e-05
DCTPP1,8.614095251221037e-05
ZNF219,8.612987240676852e-05
ARG1,8.612627129102755e-05
KREMEN2,8.611750548146496e-05
S100A2,8.610300213422712e-05
GRAMD2,8.60767539367573e-05
ID4,8.60734752752899e-05
TRPM5,8.606915677186282e-05
AQP8,8.606891005982688e-05
TRIP11,8.604065033966333e-05
CABP1,8.600403005524837e-05
LACRT,8.5967279407599e-05
ANKRD6,8.5963767939005e-05
CYP2J2,8.594900833540019e-05
RTP4,8.594274551632359e-05
IL17B,8.586213429903793e-05
DOCK2,8.584821368910735e-05
PVR,8.584334378560453e-05
SEL1L,8.583994041728701e-05
GFI1,8.583673494797849e-05
COX6A2,8.583396744514041e-05
PISD,8.578694262813956e-05
NLRP1,8.577536814291997e-05
LSM7,8.574032791537895e-05
RASIP1,8.573047405603228e-05
XKR4,8.572293962177122e-05
DONSON,8.569724577025194e-05
PSMC3IP,8.569114470668843e-05
PLA2G4F,8.567362664322822e-05
UTP20,8.56358476548594e-05
TIE1,8.55871561174889e-05
MRPS23,8.554301293311545e-05
BMX,8.547417165100321e-05
COPZ2,8.543861420705714e-05
KRT10,8.542399014497256e-05
CLCN6,8.541551189283112e-05
SDR16C5,8.540781243095116e-05
ARSK,8.539478097827275e-05
TIGD4,8.537472546760748e-05
CEACAM1,8.534735791643973e-05
C2CD2,8.533857504349385e-05
HIST1H1C,8.533347122277017e-05
DNAJC3,8.52872008755375e-05
SRL,8.526479778830516e-05
VSX2,8.525536823261093e-05
LRFN5,8.525218483796206e-05
RANGAP1,8.52330051064128e-05
MAK16,8.52298768768518e-05
AHI1,8.522087753916175e-05
INO80B,8.51135250270883e-05
NDUFS6,8.510978246270249e-05
WIPF3,8.509629204944279e-05
TRPM7,8.508423941521426e-05
MLPH,8.5083828561232e-05
CPS1,8.50383999709765e-05
PLEKHG4B,8.502597660002259e-05
NVL,8.500535054722054e-05
EIF4E1B,8.499709770324325e-05
KCNJ14,8.499013661118996e-05
VOPP1,8.49524933118086e-05
SLC35F1,8.487048327553158e-05
RLBP1,8.486743528244943e-05
HSPBP1,8.48658864593791e-05
LRIG3,8.483276780395376e-05
JPH2,8.48225661722065e-05
GRM6,8.481695686106152e-05
TYRO3,8.47813609658174e-05
LEO1,8.476812615387226e-05
KLHL9,8.476120673376154e-05
MKX,8.473960674584578e-05
CYP4F22,8.473436097638734e-05
SLC30A10,8.467810850534785e-05
SLC39A7,8.46526014623508e-05
SS18L1,8.462826501443221e-05
CSMD3,8.460474348033687e-05
LRRC4C,8.458435021428959e-05
KCNN2,8.458402227982234e-05
RCSD1,8.457600803751333e-05
CYB561,8.457096811183802e-05
TMEM67,8.457045290086782e-05
KISS1,8.450162012456344e-05
ROPN1,8.446677667152465e-05
CLDN11,8.441562026125246e-05
EFNA4,8.439535268787556e-05
KCNK15,8.437489259514842e-05
ANG,8.435140153367634e-05
FGD3,8.434549842588174e-05
RETSAT,8.432642727460294e-05
APC2,8.430258534250596e-05
TM6SF2,8.428484404849767e-05
PMP2,8.427381920883759e-05
TCF21,8.427161387566966e-05
NDUFA2,8.424758546722727e-05
TNFRSF13B,8.422612861998848e-05
GPR3,8.422387462757083e-05
GPR146,8.422387462757083e-05
TSPAN2,8.422190890457723e-05
USHBP1,8.421624825741383e-05
ID3,8.420770076539131e-05
SLC1A1,8.419733391363812e-05
SNRNP70,8.417445038209025e-05
TTYH1,8.416989144127633e-05
IL27,8.416771889265147e-05
PTHLH,8.414292097499575e-05
PAX7,8.413802495351407e-05
SPTA1,8.413573988107296e-05
SLC22A11,8.411790825781516e-05
CELF2,8.40675485826531e-05
COL9A2,8.406158642597692e-05
GADD45A,8.406108856352642e-05
GCC2,8.402344822024082e-05
CCDC36,8.401714003568723e-05
TTYH2,8.401310352789642e-05
RNF150,8.400884079328005e-05
DST,8.399870316382394e-05
KHK,8.397334629593246e-05
RHOJ,8.393018913394611e-05
PNLIPRP3,8.392951184043398e-05
GAS2L3,8.392119944218739e-05
COLQ,8.390207395799454e-05
PTP4A1,8.388613970589833e-05
SRGAP2,8.380807697543158e-05
PTN,8.380261278728078e-05
TNN,8.379033713471741e-05
APOBEC3C,8.378638077084113e-05
ASAP1,8.376474657057016e-05
HOXA1,8.373540202640138e-05
AGPS,8.36904209845433e-05
RHOD,8.368231193197583e-05
MED30,8.361796569018484e-05
LOXL2,8.361513926860836e-05
SMYD3,8.360524226835488e-05
PIGW,8.360499809412424e-05
PTCHD2,8.35903557474487e-05
FOXC2,8.357539065427801e-05
SIK1,8.355557213572388e-05
BEX2,8.353668924119176e-05
PFKFB4,8.353469478878384e-05
CAPN2,8.351602583243814e-05
HSPA12A,8.350388999764897e-05
EYS,8.343358334039511e-05
YOD1,8.342945535954243e-05
ETNK2,8.340623253278156e-05
ATP2A3,8.337201696862811e-05
TTC30B,8.337081474401104e-05
PNMA6A,8.336212101376272e-05
GPR179,8.336041219122907e-05
AMY2B,8.334602472297827e-05
RRAGC,8.333999572889537e-05
JDP2,8.33328233435635e-05
PCM1,8.331935335014905e-05
IL1RN,8.324687185617208e-05
IKBKE,8.323399446152557e-05
USH1G,8.321663631683253e-05
KIF9,8.318519819810826e-05
ATP5J2,8.316342650721898e-05
TOMM7,8.316192703685669e-05
SAMD9L,8.316101518179422e-05
SLC39A12,8.314481019237147e-05
PHPT1,8.313558310413244e-05
CLDN2,8.313025107601414e-05
EPB41L3,8.310702924281329e-05
PTGER1,8.310589752482106e-05
CACHD1,8.309759135794398e-05
SPRR2A,8.308566873679436e-05
GPR98,8.308433724124472e-05
CHST12,8.304876340467098e-05
LEPREL1,8.304311592923515e-05
PTGES,8.303489953267074e-05
CRIP1,8.30194849234383e-05
ID2,8.300592443739478e-05
FBXL17,8.299263430643171e-05
NEUROG2,8.298467594506105e-05
SAMD5,8.297299205659185e-05
SEMA6C,8.296782172421564e-05
KCNK6,8.294726983816753e-05
PHF6,8.294246725500234e-05
GRM7,8.290072549160108e-05
TNFRSF11A,8.285793166255869e-05
GLYATL2,8.285457294239995e-05
MCHR1,8.28153784163751e-05
CD300C,8.278393326846637e-05
CCL18,8.27702932227347e-05
ECSIT,8.276995694159058e-05
IYD,8.276891515695445e-05
DACH2,8.275889847359744e-05
EPS8,8.273600385704842e-05
DNAH11,8.273522067365112e-05
SASS6,8.27055508538604e-05
ADCYAP1R1,8.268981411782191e-05
FRS3,8.268483532804382e-05
GFRA2,8.267111486052991e-05
G6PC2,8.266314059671108e-05
XCL1,8.266110233680873e-05
ADAM22,8.265584575051295e-05
TEF,8.260974232953794e-05
SRXN1,8.259137266105753e-05
SART1,8.258101085552174e-05
UBR5,8.258088395082656e-05
WEE1,8.255121667312565e-05
PCDH19,8.254486577032887e-05
DTX4,8.253642464456346e-05
DIRAS2,8.253161797927601e-05
PFDN6,8.251272286529586e-05
CORO1A,8.249508660498817e-05
UNC45B,8.249021600672377e-05
ANKK1,8.248822372672263e-05
PPP4C,8.247855485918004e-05
ESAM,8.247367631592332e-05
SHBG,8.247248124645175e-05
ENTPD5,8.246679877519111e-05
ALDH16A1,8.24619235173277e-05
PLLP,8.246017069222893e-05
GRN,8.242641268314644e-05
PI15,8.231177140479332e-05
FAM188B,8.231149935872828e-05
SEMA3C,8.229522275607343e-05
FADS1,8.228716141721619e-05
CLIC5,8.226615350585066e-05
GFER,8.22424665603528e-05
MT1F,8.22329465785922e-05
DYDC1,8.220006576905308e-05
GPRIN2,8.216618991171431e-05
NDUFS5,8.216251817100039e-05
ANKRD45,8.215296284099408e-05
ALKBH6,8.208833959577715e-05
DTNA,8.208018819647921e-05
SIRT4,8.204961109378342e-05
INPP1,8.204680631849229e-05
ABCB11,8.204417408828413e-05
STAB2,8.204047427798683e-05
DTX2,8.202634929712175e-05
ADAM12,8.19580463317026e-05
RASD1,8.19052941679014e-05
NDUFA11,8.18981001501311e-05
SGSM3,8.189270894117333e-05
ROPN1L,8.188444228962751e-05
LRRC61,8.186994048277769e-05
LIPI,8.185442075465382e-05
ZBTB41,8.184404817611786e-05
AGR3,8.184214731069391e-05
PDE8A,8.179287493798867e-05
TNFRSF17,8.179188774988795e-05
FAT4,8.17908130299231e-05
DPYSL5,8.178837092401097e-05
SLC4A3,8.17677602401499e-05
VEGFB,8.176641021287662e-05
TCEAL5,8.173403968442648e-05
MGST2,8.172592472620675e-05
CRHBP,8.171047437167335e-05
TBX19,8.167251804219868e-05
ZIC4,8.165694403028514e-05
RBP1,8.16557498601853e-05
STEAP3,8.163816400589867e-05
LOXL1,8.161869351135361e-05
PTGDR,8.159281712607095e-05
SH3YL1,8.159129462889033e-05
CHRNA6,8.158436825090064e-05
ADRA1A,8.158303733240181e-05
SEMA6D,8.158178137728582e-05
HSF4,8.157342738244104e-05
A1BG,8.15632858216895e-05
EDF1,8.154554915880108e-05
MRGPRX2,8.151915833304878e-05
MMP20,8.150381806424648e-05
TCEAL7,8.149770483447763e-05
GLRA3,8.149156546827612e-05
PHB,8.148603478183152e-05
UNC5C,8.141831746204894e-05
KCTD13,8.139184419161353e-05
ADCK5,8.134801381165471e-05
FAM188A,8.129234043140233e-05
TTC7A,8.129150755498485e-05
PTPRE,8.126081438942339e-05
KBTBD11,8.124095464680208e-05
FSCN1,8.119646542408569e-05
TGM3,8.117521537417362e-05
TICAM2,8.112751211117149e-05
LPP,8.111867386072498e-05
PRSS12,8.110920278229483e-05
PACRG,8.109224288775426e-05
CD207,8.10267737591593e-05
YBX2,8.100253005545302e-05
MAPK4,8.097370248428797e-05
LACTB2,8.096322358063079e-05
KLRC2,8.093392753370635e-05
PFDN2,8.084539917100512e-05
PINX1,8.083915845659933e-05
BEST4,8.082586319341173e-05
SLC5A10,8.081963339615807e-05
CDC42EP5,8.078996533723947e-05
PITX1,8.071515755779417e-05
DDX21,8.069996483637304e-05
HIP1,8.069911061867424e-05
KIR2DL3,8.068652133146557e-05
TLR1,8.067261236711733e-05
SRD5A2,8.065712869156607e-05
EPN3,8.065024345544288e-05
PDLIM3,8.062119175364396e-05
GRM8,8.061792482760052e-05
SLC12A5,8.060790767062171e-05
TUBB8,8.060123828420789e-05
APOBEC3A,8.055019047663175e-05
GBP1,8.053583747655265e-05
TSPAN32,8.051772211561543e-05
UPP1,8.04752459797736e-05
KDM5B,8.044304792771326e-05
SEC24A,8.043491015933657e-05
IPMK,8.043403811813947e-05
SLC24A4,8.04214947784023e-05
KCNT1,8.040586385474474e-05
UBE2E3,8.04042207201652e-05
FKBP1B,8.03810981477543e-05
PGAM4,8.037232887366509e-05
IMPDH1,8.03604051799366e-05
LRRTM4,8.035152158695642e-05
PTPRQ,8.034810395901156e-05
CLDN19,8.034569565978792e-05
SRD5A1,8.026614420674758e-05
SLC7A13,8.025521126653391e-05
DUSP6,8.020673048277304e-05
CDKN2D,8.018320028150434e-05
SSBP2,8.017743860395707e-05
HOOK1,8.013967927702833e-05
IL18RAP,8.013016260036665e-05
CCDC85A,8.012384665016198e-05
IL17RB,8.010588706013182e-05
TDRD6,8.009704287643164e-05
NDUFA7,8.00647741331877e-05
PLEKHA7,8.006338237691551e-05
SLC12A4,8.00376183770773e-05
OLFM4,8.00147116342354e-05
SPAG1,7.99980269811546e-05
CHRDL1,7.997120288902223e-05
UBA7,7.995485492701267e-05
FIS1,7.995423717822732e-05
CNDP1,7.994106453863854e-05
GJC2,7.99215521309101e-05
BCL2L10,7.990287191149557e-05
GNPTG,7.98957813204772e-05
RAB3IL1,7.98855056735957e-05
DCLK1,7.987639582572821e-05
CD151,7.985833149788396e-05
MT1A,7.98030267488914e-05
MS4A6A,7.975899289466586e-05
TST,7.974659022690325e-05
PFKFB2,7.973800802848272e-05
CYBA,7.973322442157779e-05
PLEKHG5,7.972566462729454e-05
MMP16,7.965273136436983e-05
NAT1,7.964045681988605e-05
SLC16A4,7.962654076611693e-05
HMCN1,7.961681581712066e-05
DNAH9,7.96116780821999e-05
ATP6V0E2,7.959319034822273e-05
SIK3,7.958914743017565e-05
KIAA0020,7.957287192451584e-05
IGHMBP2,7.95693402956845e-05
SP7,7.956346071989582e-05
NFIX,7.955027515904618e-05
NFIB,7.955027515904618e-05
ZFPM1,7.946157756324551e-05
CACNA1I,7.944750316212979e-05
RASSF10,7.94176750733191e-05
NTN5,7.941730918483029e-05
DMRT1,7.941564520468842e-05
ROS1,7.938600343801072e-05
NDUFV1,7.936918832905162e-05
ESRRG,7.936784237822653e-05
C4orf32,7.936297958136184e-05
CLEC4M,7.935106052275848e-05
SLC5A4,7.928558494529623e-05
KLK6,7.927859872305573e-05
FOXH1,7.92396001955167e-05
SEC31B,7.923865702572978e-05
ZNF593,7.921643977993984e-05
EPHB3,7.921062534699938e-05
PCSK9,7.920383612746801e-05
GPBAR1,7.919483391289898e-05
RND3,7.918974370566524e-05
HOXC6,7.913461246855103e-05
HOXB6,7.913461246855103e-05
HOXC5,7.913461246855103e-05
HOXB5,7.913461246855103e-05
HTR7,7.912224291638028e-05
CRABP2,7.903043920312686e-05
ATP2B2,7.902509704200621e-05
KHDRBS3,7.900832606994509e-05
APOF,7.900443842611043e-05
SCN7A,7.89643146964368e-05
NOVA1,7.894221321756275e-05
OXTR,7.893229148717813e-05
FGF18,7.889453334687332e-05
RBPMS,7.888687225451356e-05
DIO1,7.887296943385615e-05
CLIP3,7.887293920551823e-05
ARTN,7.886595280058947e-05
RASGRF1,7.886206905933902e-05
SLC1A5,7.88481684428721e-05
CAPZA3,7.882996219811344e-05
MFNG,7.882570069161757e-05
RMND1,7.88239817763123e-05
TIMP4,7.879507332228532e-05
CTPS2,7.876377370591038e-05
HSPB11,7.874712033716341e-05
BAK1,7.868338568020632e-05
EPS8L2,7.868324383175861e-05
CKMT1A,7.867274782895483e-05
TSPAN13,7.86628697083056e-05
NCAPD3,7.864600728785116e-05
ADRM1,7.863412605897895e-05
NUTF2,7.862920249515131e-05
KAL1,7.862855887598563e-05
CYP4F3,7.861753548371834e-05
XPNPEP2,7.859768811387565e-05
SULF1,7.857682252437561e-05
KYNU,7.857133001366558e-05
UGDH,7.855674192747676e-05
SLAMF1,7.854932029153705e-05
MSRB3,7.851781482236698e-05
GFRA3,7.851436998076189e-05
EHBP1,7.849929799024025e-05
WNK4,7.847965668905134e-05
PITX2,7.847478555781424e-05
UTP14C,7.844462627505398e-05
SERPINB5,7.843462800981891e-05
METTL1,7.843332131348989e-05
GNRHR,7.839447093719126e-05
GPATCH2,7.838973734310069e-05
CBLC,7.835476776090661e-05
SDSL,7.834863422713289e-05
HSPA6,7.833857083951317e-05
TAF10,7.83360410965626e-05
TUSC3,7.832605949640212e-05
KLF2,7.83098872580512e-05
SEPT12,7.830517291939591e-05
TEAD2,7.829045725944118e-05
CDK19,7.828302785317615e-05
ATP1A4,7.827763538418012e-05
SYNM,7.825981200053087e-05
VPS28,7.824752690029248e-05
TWIST2,7.823689511652482e-05
NMUR1,7.823605846795503e-05
SKA2,7.818311951242398e-05
MNX1,7.818139880526033e-05
GPD1L,7.816976634365716e-05
PRUNE2,7.814184543262928e-05
DAPP1,7.812949077958998e-05
RGS7BP,7.809940575849499e-05
PGAP1,7.808119335651922e-05
FOLR2,7.806672242190277e-05
DHFRL1,7.805742537942355e-05
CHPF,7.80568040051984e-05
LCT,7.805304870332614e-05
LRCH1,7.803593594050238e-05
NDUFB11,7.803325782813615e-05
CBR1,7.803160289385081e-05
TRIO,7.803119986016528e-05
ARHGDIG,7.800607536952186e-05
SDK2,7.799416500780973e-05
INPP5F,7.798548534510909e-05
ATP11B,7.795770971413609e-05
SLC39A14,7.795738223852191e-05
CLDN4,7.79547739741273e-05
SLITRK3,7.795145239260771e-05
ABLIM3,7.794148249049385e-05
ABCC8,7.791950479854523e-05
KLRF1,7.790866304950881e-05
PTK7,7.787679786565871e-05
KCNMB3,7.786030038391032e-05
ABCA2,7.785984426121943e-05
PTGDS,7.785072576334094e-05
TULP1,7.783893213829152e-05
CHN1,7.781499517326972e-05
S100A8,7.780187118447118e-05
ANGPT4,7.779754108520366e-05
SCG2,7.777717376747121e-05
CHST13,7.777287841740571e-05
CCDC101,7.774421022527787e-05
NR4A2,7.770638552115102e-05
ELL3,7.767622321376371e-05
FBLL1,7.762443362405854e-05
TMEM9,7.76216820819368e-05
IL9R,7.759153056653456e-05
CREB3L3,7.75839305131047e-05
FAM135B,7.750319871386313e-05
PAPSS1,7.748080094701873e-05
WDFY4,7.74695097865036e-05
PM20D1,7.745806861463413e-05
SLC5A5,7.74517740742507e-05
KLK7,7.744518110473105e-05
FAT2,7.740813276544745e-05
CIITA,7.73905444440806e-05
PLA2R1,7.734433849329047e-05
ABHD11,7.732963743612627e-05
SHARPIN,7.732686109441234e-05
HS6ST1,7.732552815729086e-05
BAG2,7.731858722382929e-05
COPE,7.729366712893585e-05
ASPHD1,7.726120323565639e-05
NFKBIB,7.720550016262688e-05
GLB1L2,7.719980142533131e-05
MGMT,7.714672367805125e-05
ATP5E,7.711102777683045e-05
ZNF483,7.710236654034164e-05
ITIH3,7.709371810506944e-05
FLRT3,7.708842305944417e-05
MYO7B,7.706992282010846e-05
MAGEC2,7.705307901776447e-05
FGFR1OP,7.704187613631267e-05
PYCRL,7.700136985040923e-05
LNX1,7.691884298518563e-05
SCNN1D,7.690824179266886e-05
RIBC2,7.68446979959858e-05
ELAVL4,7.684342883064997e-05
CALML6,7.683798521250526e-05
DNAH3,7.681843656258068e-05
RILP,7.681540300113557e-05
DEGS1,7.680454899874828e-05
NIPAL4,7.680358843867794e-05
WDR62,7.675966045549727e-05
BCL2A1,7.66704624412221e-05
CFHR1,7.666407681444033e-05
CNTD2,7.661777723017059e-05
RPH3A,7.658957713434535e-05
BBS4,7.658835828430505e-05
C9orf72,7.658586374636065e-05
UCN,7.658548730062983e-05
ANO2,7.656780534521707e-05
AP1G2,7.655029675298107e-05
CUBN,7.649691908592398e-05
UBXN11,7.648398060264556e-05
SLC6A11,7.647717341767118e-05
APLP1,7.647021265209044e-05
CLIC2,7.644643548080274e-05
DUSP13,7.643873212335298e-05
LPHN3,7.643845161255072e-05
PPAT,7.643819788575207e-05
EDA2R,7.639901109204297e-05
G0S2,7.637620131062319e-05
PEX11A,7.636294530582826e-05
CDK11A,7.63582930105016e-05
TNFSF10,7.635810594352417e-05
ABCB6,7.63503064882641e-05
MTCP1,7.634795212110623e-05
TCL1B,7.634795212110623e-05
ARHGAP39,7.632769958784084e-05
FAP,7.629599018658289e-05
CDHR2,7.629390189748406e-05
RBCK1,7.626085073038764e-05
NDST1,7.62596359528987e-05
CD177,7.625460895298943e-05
ANKS6,7.625420194924923e-05
FAM20C,7.622976812151575e-05
TRPV2,7.62263346994515e-05
LGI2,7.622164225475078e-05
SYCP1,7.620606941657524e-05
CFL2,7.61684084803991e-05
MED25,7.615511995828097e-05
THEM5,7.614508446433612e-05
MAPK15,7.613568293887445e-05
CTSH,7.613001182349709e-05
KCNK17,7.612917677521808e-05
REXO2,7.611004199809816e-05
DOCK3,7.609563778680863e-05
IDI1,7.609287495878087e-05
CHRM3,7.608216358719221e-05
LGALS7B,7.607637115676465e-05
LGALS7,7.607637115676465e-05
MORN3,7.60686590617254e-05
TBC1D4,7.602704097895652e-05
FBXO43,7.602299362685866e-05
ZNF215,7.60176054184183e-05
BMP8A,7.601754833604413e-05
CAB39L,7.59629480697691e-05
CA2,7.595882462167594e-05
MYCBPAP,7.59152043758722e-05
CCDC94,7.590899218532766e-05
NKPD1,7.584317176220786e-05
DGKE,7.582319833599321e-05
RIMS3,7.581027243993747e-05
CNTN4,7.572720853588228e-05
SPAG4,7.571854509570301e-05
THNSL2,7.571360916804932e-05
RASGRP2,7.569904025448961e-05
LIMS2,7.568998060777921e-05
BEND7,7.568299803929721e-05
IL22RA2,7.568023314561621e-05
OLR1,7.564890296154217e-05
RSPO4,7.55959478229521e-05
SLC13A2,7.553079756541768e-05
CNGB3,7.551649949735735e-05
DPP10,7.549789530119687e-05
PALMD,7.549458068720744e-05
MED12L,7.545459737818023e-05
BDKRB1,7.545191329575496e-05
MAFB,7.54299169819009e-05
DEPDC1B,7.54238284026799e-05
MAGI2,7.540588706149295e-05
GZMA,7.538321723983538e-05
TSPAN8,7.534992576562991e-05
PPP2R3B,7.534188659882758e-05
SCGB2A1,7.533279820406052e-05
RASSF9,7.524166827101042e-05
ACSS3,7.523995314376856e-05
NAB1,7.52322980226421e-05
DNAH2,7.518173683651975e-05
ATP7B,7.516422810895805e-05
PLA2G4C,7.51601954855018e-05
TMC2,7.51586650999368e-05
MYLK2,7.513877023651935e-05
KATNB1,7.512905777806382e-05
ATP2C2,7.510562825286131e-05
KCNG3,7.510199034366336e-05
RGS13,7.508820544946245e-05
QPRT,7.506858165840202e-05
ATP2B3,7.505626820400154e-05
ETFB,7.502788626412253e-05
FPR2,7.500670982015551e-05
OTOS,7.498179329584533e-05
BDKRB2,7.496698098895561e-05
SLC39A5,7.495170463323506e-05
FTL,7.4934138736947e-05
STEAP1,7.491742238217858e-05
LRP4,7.487239319336434e-05
KLF1,7.48606350249658e-05
CCL8,7.484363783316782e-05
DSG2,7.483453870224768e-05
ASPSCR1,7.482367025293825e-05
TSPAN12,7.482321696445625e-05
GPR55,7.482134056884492e-05
SYNGR4,7.481655707242574e-05
ASMT,7.47911651773951e-05
LY6K,7.478841652199839e-05
RAB31,7.477017906592419e-05
TRAPPC6A,7.473104948980399e-05
HAPLN4,7.47045423630119e-05
GSTZ1,7.47030888687795e-05
PROK1,7.46666189098169e-05
NFKBIE,7.464184371231713e-05
NXT1,7.461169214549799e-05
CCBE1,7.457463384381524e-05
SIM1,7.456814642520308e-05
ELK4,7.45566329016782e-05
BCL3,7.454219591139441e-05
SNCAIP,7.450116210856427e-05
LAPTM5,7.447201883281912e-05
SIGIRR,7.443263267007558e-05
SERPINF1,7.442977284751884e-05
SPINK1,7.442343723913856e-05
RAPGEF2,7.438778042430337e-05
DRP2,7.437766713470228e-05
HSPB7,7.437314305510409e-05
SHROOM2,7.434318438944603e-05
TNFRSF10D,7.430518414107268e-05
P2RY14,7.427218538074225e-05
FMN2,7.425792116177765e-05
ABO,7.418295195815974e-05
SLC22A3,7.415986823621505e-05
CRB2,7.412669307694031e-05
IQUB,7.4117602261693e-05
KIFC3,7.408375763408697e-05
MARCO,7.406125339668004e-05
ICT1,7.405560216852362e-05
CYTL1,7.403710186182149e-05
CPA3,7.399845649955932e-05
MGP,7.398242962976023e-05
SVIL,7.396265255177376e-05
CSRP1,7.392664305462476e-05
WHSC1L1,7.388400641772971e-05
LIN37,7.387564174743746e-05
IFI16,7.385595239473765e-05
SLC46A3,7.383977944837151e-05
SEPT3,7.382340532328858e-05
PPM1F,7.37690250164742e-05
NDP,7.374171214194262e-05
LTC4S,7.373797744941965e-05
CLDN8,7.37199642028983e-05
GJB5,7.371972859134237e-05
TSPAN7,7.36979969328866e-05
SUSD1,7.36631606130907e-05
RAD21L1,7.362708112944418e-05
NDUFC2,7.359345738809551e-05
RRP7A,7.355661489066029e-05
TRIM21,7.353918971459823e-05
FLT3LG,7.35335205103557e-05
MPPED1,7.351877059451838e-05
TSC22D3,7.348387493246597e-05
SLC46A2,7.345999455527852e-05
RRP1,7.343368837727975e-05
GEM,7.339295725086276e-05
ETV4,7.33886918234802e-05
EN1,7.338074333338945e-05
CLDN10,7.335677902517361e-05
RAB3C,7.335231329273813e-05
IL20,7.332754690413061e-05
ZNF711,7.331860929145052e-05
SEMA3G,7.329625016869624e-05
MMP10,7.328981493116561e-05
CPA4,7.323407459893381e-05
SYT7,7.321958326257062e-05
SLC7A4,7.319374132141603e-05
SCUBE3,7.31824827221528e-05
ZNF521,7.31687762022777e-05
CCL25,7.316461010405452e-05
TRIM17,7.314510975338787e-05
CELSR3,7.306739455004624e-05
DDIT4L,7.306396084626521e-05
SORL1,7.305545519390126e-05
PRPS2,7.30532961645496e-05
VPS37B,7.30510019692771e-05
TNNI3K,7.303863904522474e-05
EPC1,7.299537699092746e-05
HMG20B,7.298535969851072e-05
C4BPB,7.29769899598754e-05
CBLN1,7.29769451126997e-05
ZNF677,7.296721235351671e-05
KIAA1671,7.296216097271125e-05
LSM2,7.289383610054836e-05
AACS,7.28806013675104e-05
PRDM6,7.285729480498523e-05
TXK,7.284734747307623e-05
SETD7,7.28227119829312e-05
MTMR8,7.280903613976402e-05
DIAPH2,7.279996064256142e-05
COX8A,7.277250433620421e-05
SPIRE2,7.276856567474547e-05
PALM,7.274905720700987e-05
GPR126,7.274587078185505e-05
DGKA,7.271482760673345e-05
TAF1C,7.270967705090725e-05
SOAT2,7.269354527760019e-05
INSIG1,7.267956601834098e-05
TEX15,7.267740899015398e-05
RB1CC1,7.267448128315043e-05
SLC7A8,7.259073167745504e-05
ASRGL1,7.258985099354075e-05
GTSF1,7.25748622089347e-05
IDO2,7.255580281940592e-05
CLEC7A,7.250959117032686e-05
NAALADL1,7.247721499023551e-05
PPP2R3A,7.247300818039428e-05
CCDC137,7.244763555746297e-05
COL9A1,7.244410853284596e-05
UPP2,7.24319597397217e-05
MOG,7.243147092376855e-05
ARID5B,7.242633007121461e-05
ARHGAP31,7.236157854609281e-05
FAM102A,7.236137355054941e-05
HUNK,7.233906989546009e-05
ABCB8,7.233276456539374e-05
SLC1A4,7.230984328813825e-05
SLC2A10,7.229058413120069e-05
SLC2A3,7.227551679720572e-05
AFMID,7.227207858255941e-05
BCOR,7.2227289004623e-05
MBNL2,7.221386098350439e-05
PTGER4,7.21977741774612e-05
CHRFAM7A,7.215487619040381e-05
SAT1,7.214920765261735e-05
KCNMB4,7.211562689336874e-05
TUB,7.209990078694883e-05
ULBP3,7.207925077365199e-05
NAALAD2,7.207868392006737e-05
KCTD17,7.207385890815398e-05
CLCNKB,7.206504533426443e-05
ABLIM1,7.206064936771903e-05
HEG1,7.20483629575926e-05
GGH,7.204154770087441e-05
TFPT,7.20109611266238e-05
PTPRM,7.199613635229159e-05
NDUFA3,7.194199444899878e-05
NR1D2,7.191679041605145e-05
LMBRD2,7.189123197746399e-05
GPR84,7.188330814530456e-05
CXADR,7.188165551918993e-05
ANXA8,7.180955256420101e-05
TPPP,7.179497738573506e-05
ZFP36,7.175132375243577e-05
CD200R1,7.173998923242273e-05
APLP2,7.173515364912596e-05
KCNJ16,7.172508486605008e-05
SLPI,7.171698086169459e-05
SH2D1B,7.171232945558771e-05
SPDEF,7.170855577769853e-05
EML5,7.165120997960629e-05
GRB14,7.164206620058519e-05
CDC42EP3,7.163300902748234e-05
GPR157,7.16209794562055e-05
IL11RA,7.162003903036821e-05
HCN1,7.16145449863938e-05
CYP4F2,7.159010702680102e-05
MMP28,7.156821084653057e-05
MACROD1,7.155518800794885e-05
TM7SF2,7.153310456735558e-05
PFN2,7.152857758314086e-05
OTOR,7.150791073616867e-05
CD55,7.147657926017938e-05
VDAC3,7.147644356201606e-05
STBD1,7.147520479727386e-05
NOSTRIN,7.147460456210405e-05
DDX43,7.147240863375861e-05
CYSLTR2,7.140132562556678e-05
CABLES1,7.139667914611949e-05
KLC2,7.139155851261803e-05
RECK,7.137464643708874e-05
CYP39A1,7.137163760826461e-05
TAF1D,7.136250007140021e-05
PPAPDC3,7.135362538468075e-05
FBN3,7.133498494336609e-05
CDYL2,7.133308462951389e-05
HBG2,7.133150639830434e-05
ADRA1D,7.132608162773617e-05
TMEM38A,7.131023358363928e-05
STAR,7.128421257281307e-05
TIMM17B,7.123149439469572e-05
DNALI1,7.122195617786669e-05
MAPK8IP3,7.121431293774466e-05
DDX26B,7.121142368126678e-05
NOV,7.120856936247575e-05
BCL2L14,7.118677532754445e-05
TIAM2,7.114050471159042e-05
BACH2,7.111729420955337e-05
FAM110B,7.110624723973463e-05
SELO,7.105452715856749e-05
CA12,7.10484810379423e-05
ADORA1,7.102878717424573e-05
SLC4A1,7.09605479596119e-05
PLOD3,7.095760412270093e-05
TUSC5,7.093274026755521e-05
DYNLRB1,7.0928045665678e-05
TMPRSS4,7.092655670035979e-05
PDLIM7,7.09234294625358e-05
SESN3,7.091370447179702e-05
PCSK1N,7.089254803407836e-05
GPR97,7.084873189991425e-05
MMRN2,7.081919759790897e-05
AMICA1,7.075272009761307e-05
COMTD1,7.0751035434429e-05
PADI2,7.075080387415398e-05
SH2D3C,7.074740161414715e-05
FAM189A2,7.073505796650792e-05
BRSK2,7.070290846801546e-05
CPT1C,7.069318497976891e-05
TRIM9,7.064529760743071e-05
RAB11FIP2,7.063705249151777e-05
ACR,7.062743199290976e-05
CPNE4,7.060644635201452e-05
HS3ST5,7.059208995385895e-05
SGSM1,7.058104919278072e-05
EPHA10,7.057125341661633e-05
PRSS50,7.0562800460199e-05
CGNL1,7.055610085158925e-05
MRPL48,7.055237713048622e-05
KLK8,7.054103804714927e-05
DMRTA1,7.053112206251787e-05
KLHL24,7.052214101172165e-05
CSPP1,7.050894163205467e-05
SHB,7.049995650789075e-05
RNF24,7.049419378993609e-05
CCDC73,7.048481863642305e-05
GNMT,7.047495913260306e-05
MARCH6,7.046814100348225e-05
AMY1A,7.044605870585089e-05
HOXD13,7.043208670917954e-05
PROKR1,7.039508346785058e-05
ARID4A,7.036651455261191e-05
ASCL2,7.036393030754722e-05
TBCB,7.036278901310565e-05
LGI4,7.034369984172049e-05
FATE1,7.034149773725011e-05
PHLDB2,7.034089794084509e-05
SDF2L1,7.029907380515921e-05
PPM1D,7.029092089428708e-05
ATP8A1,7.027542580322662e-05
SLC28A3,7.02393081346549e-05
CD276,7.021850527702096e-05
PEBP4,7.016480778346916e-05
OBSCN,7.012574170471548e-05
SCML4,7.012297788807701e-05
MYSM1,7.011262970951509e-05
THRSP,7.004917097614248e-05
GLDN,7.004244113400482e-05
LONRF1,7.00306397611505e-05
KIR3DL2,7.00037643800351e-05
TMEM108,6.992294724437206e-05
CFD,6.991148604606501e-05
SMPD3,6.989713173965481e-05
SCEL,6.986176603465249e-05
ABHD12,6.985841233057888e-05
CGB7,6.984193871663613e-05
ASPRV1,6.983330027597397e-05
SEC11C,6.98047128825906e-05
EFR3B,6.979922487470931e-05
RGS10,6.979648339316314e-05
JPH4,6.979262920775201e-05
TMEM163,6.97921923109963e-05
NPR3,6.978602116069921e-05
PAPLN,6.977079328314542e-05
FKBP10,6.972129701812333e-05
SLC6A14,6.971339494839925e-05
HAS2,6.97037952856587e-05
SELPLG,6.970015001469485e-05
CHRNE,6.968468901925957e-05
IDI2,6.966588189012837e-05
NKD1,6.966310923134153e-05
ASL,6.9655553813604e-05
MKRN3,6.964400556952534e-05
SLC30A2,6.964284349897196e-05
SLIT1,6.963365545669545e-05
NFAT5,6.962543486789568e-05
PTGER3,6.962293829706491e-05
PODXL2,6.961870589453565e-05
CD82,6.961594425433862e-05
CLRN3,6.960837260414407e-05
MAGOHB,6.960582260273645e-05
SLC17A8,6.960279199992525e-05
P2RX2,6.958409476166038e-05
COL21A1,6.956062865141613e-05
PLAC1,6.956010479833232e-05
PCYT2,6.955419683967758e-05
STAC,6.950875975633053e-05
CSNK1G2,6.949680238869043e-05
ASXL3,6.948486904804288e-05
KLK14,6.945721592227649e-05
KLHL29,6.945428731170984e-05
SLC9A2,6.945159688736597e-05
MBNL1,6.944118419150362e-05
ZNF501,6.943585682349092e-05
DUOXA1,6.943237742303424e-05
ENTPD4,6.939528577596074e-05
KANK3,6.934782179147923e-05
TSPYL2,6.934232644665088e-05
CD300LG,6.930722123811314e-05
SLC12A6,6.92862198508007e-05
DHRS11,6.927921948565819e-05
ATP6V1E2,6.924926266165762e-05
GPR133,6.920880108879708e-05
XG,6.920657351911351e-05
CALB1,6.916931565421148e-05
SEPT8,6.916892164841657e-05
SEPT11,6.916892164841657e-05
ZFP36L2,6.914972346231539e-05
CLPB,6.912898423848117e-05
BATF3,6.90990016454324e-05
ROGDI,6.909744352996916e-05
C3AR1,6.90922119886373e-05
CPA2,6.906879990820532e-05
SLC9A6,6.904330687308502e-05
GSG2,6.901874884483318e-05
RNF183,6.901834601058696e-05
RAET1G,6.901117378971189e-05
CST1,6.900002600901703e-05
MYRIP,6.895337434590321e-05
MOBP,6.894795156098145e-05
PLCH2,6.89282198788037e-05
TIMM10,6.885976402585632e-05
MAGED4B,6.884790956801161e-05
MAGED4,6.884790956801161e-05
LRFN2,6.884743448752713e-05
ARHGEF1,6.882962760545315e-05
SLC5A9,6.882607596208894e-05
MICAL3,6.878289595550477e-05
PLS1,6.878058807740203e-05
ACOT7,6.876679339404707e-05
RHBG,6.876648809360133e-05
ASAH2,6.874788459592156e-05
HBE1,6.874674790796872e-05
LOXL3,6.873219970365043e-05
KCNK7,6.872605349889175e-05
CEACAM16,6.872596997481942e-05
HOXD11,6.871804933876622e-05
IFT27,6.871701993726248e-05
TLR8,6.871351930066984e-05
SULT4A1,6.87024232589678e-05
CD1A,6.869875949509549e-05
CTAG2,6.867196936516056e-05
SIK2,6.866710867397229e-05
SLITRK2,6.863154957304515e-05
CDKN2C,6.859006125101651e-05
GPR137C,6.858915339639294e-05
TRAF4,6.858762088036737e-05
TACC1,6.858486251497159e-05
TMEM144,6.858297715140055e-05
LILRB1,6.85463561544106e-05
RBM11,6.853056322726674e-05
SLC29A1,6.85293194734797e-05
DNAH14,6.851591971130842e-05
PGPEP1,6.851385525012742e-05
TCN1,6.851234342965364e-05
TEX19,6.849129832406264e-05
RAI2,6.848510369365915e-05
CSN1S1,6.847256543966233e-05
FSTL3,6.846798061987806e-05
PLA2G3,6.844339354725458e-05
SKAP2,6.843340305504581e-05
ENY2,6.837479311097366e-05
MAFG,6.836510263657989e-05
ATOX1,6.832862620854842e-05
GPM6B,6.829948738812657e-05
MAGEC1,6.829502738136444e-05
EXOSC5,6.829358231796078e-05
DOK5,6.827438531288807e-05
ASAH1,6.821233870362793e-05
PTPRN,6.820653440573401e-05
PHKB,6.820102941781938e-05
VENTX,6.81969768058888e-05
PTDSS1,6.819483977130015e-05
INTS8,6.818762707435557e-05
MAP9,6.818504130182073e-05
PNRC1,6.818350464827667e-05
KIRREL3,6.818232364877777e-05
AADAT,6.817619404751367e-05
ABCD3,6.81755239770424e-05
CD1B,6.816627535387475e-05
PLXDC2,6.816583190870384e-05
RFWD3,6.816022867527389e-05
SYNGR3,6.81528229282408e-05
HERC6,6.812020388043552e-05
KIAA1524,6.81034142231936e-05
NLK,6.810303144499275e-05
AURKC,6.807006667318404e-05
FEZ1,6.806935745529757e-05
GPR113,6.804166022553918e-05
GPR114,6.804166022553918e-05
DFNA5,6.803189543209073e-05
CLIC4,6.80253703322411e-05
DNAJC18,6.801936727699652e-05
TMEM145,6.801390776123913e-05
CPPED1,6.801021760897055e-05
KCTD15,6.800459152575544e-05
SFTPA2,6.797855984832875e-05
SLC16A7,6.796740058743697e-05
CCR4,6.796073698321064e-05
LSP1,6.79596386605692e-05
CCDC80,6.790939011923029e-05
SH3BP5,6.78941173891194e-05
BANK1,6.787314999326826e-05
TRIM22,6.78679104546422e-05
CPB1,6.785700890045989e-05
OAT,6.784661173611555e-05
FGF20,6.782053153822661e-05
TENC1,6.781281175663208e-05
PTCHD1,6.778985096949087e-05
ING1,6.778850092457848e-05
CYFIP2,6.77235715407777e-05
OXCT2,6.771036895463991e-05
DCHS2,6.767485732194953e-05
PRCD,6.767312454875805e-05
AVPR1A,6.762854677398459e-05
ACOT1,6.760878984582474e-05
TTC26,6.7599619801161e-05
FCHO2,6.758966775487161e-05
MAD1L1,6.754107737132056e-05
AWAT2,6.748658149699805e-05
OVOL2,6.745930847717004e-05
GOLGA7B,6.745779016175215e-05
TOX3,6.743204571306911e-05
SH2B2,6.742734762144433e-05
PDIA6,6.738339836348165e-05
FSIP1,6.73715691702191e-05
NPY5R,6.737140332428435e-05
PCYT1B,6.736826149278303e-05
ARF5,6.736809534382913e-05
UTP23,6.736728274869164e-05
A4GALT,6.736632194408386e-05
DDR1,6.736319884876846e-05
POU3F3,6.735845548373481e-05
DACH1,6.729537654558167e-05
GPCPD1,6.722621162610515e-05
KLK13,6.720251855932399e-05
ACER2,6.719665920632002e-05
CKB,6.719488142009625e-05
SYTL1,6.716962895268371e-05
MAP4K1,6.71690039631471e-05
CAMK1,6.716388380791498e-05
FOSL2,6.713944281322956e-05
FCHO1,6.713778401276383e-05
TNMD,6.713675703865624e-05
NOXA1,6.713084193396181e-05
FAM172A,6.708362200590598e-05
HYAL1,6.705655985778013e-05
ACADSB,6.704306571654903e-05
KCNC3,6.701739077096063e-05
ZFP36L1,6.699955511195582e-05
CNTLN,6.697322531627791e-05
CBLN2,6.694872769313994e-05
SLC8A3,6.694458987648445e-05
INHA,6.692497584406518e-05
TGM5,6.68623522951877e-05
GDPD5,6.685640355234422e-05
VGLL1,6.685349364710927e-05
SOX6,6.685038954665712e-05
ACSM1,6.68438238846342e-05
MTHFD1L,6.681114525281185e-05
PKHD1,6.678362174670784e-05
FLRT2,6.677357567989071e-05
SPARCL1,6.677129139536326e-05
CKMT2,6.673410072963105e-05
RBM20,6.672586292121954e-05
NTSR1,6.67226349354564e-05
S100A3,6.666502765022331e-05
RBP2,6.665562055128572e-05
TMEM98,6.663608372788684e-05
ETV1,6.663553353797842e-05
KIAA1377,6.661194757406262e-05
HS3ST1,6.658052421360753e-05
DLX2,6.65791880482823e-05
SYCP2L,6.654241090234533e-05
SPRED2,6.653205400514083e-05
RAB40A,6.649443081538204e-05
KCNIP3,6.648914081124184e-05
PEX5L,6.644977607421578e-05
AMHR2,6.63982524778711e-05
C10orf11,6.637901984463286e-05
PLS3,6.63734019619108e-05
AQPEP,6.636997368412458e-05
DIXDC1,6.636718145958601e-05
CDH13,6.635564917937452e-05
WDR24,6.633367371244842e-05
SLC6A16,6.632193462163504e-05
CDC34,6.631192506221504e-05
CHI3L1,6.631025320583e-05
MYT1,6.629028059888499e-05
HOXA10,6.627919704808322e-05
TTC30A,6.62723691015419e-05
ENC1,6.627222597116991e-05
KLHL7,6.627222597116991e-05
KLHL25,6.627222597116991e-05
CASKIN1,6.627199169011753e-05
BRMS1,6.626393636068994e-05
LRRN3,6.620523731111028e-05
DGKH,6.618415779255516e-05
APOO,6.618171975955855e-05
AGAP2,6.617443398566557e-05
TMEM231,6.616911269015426e-05
FGFBP1,6.615210853577783e-05
RASGEF1B,6.609451581458127e-05
BAALC,6.609365437632123e-05
SLCO1C1,6.609307992409965e-05
TAF1A,6.601986772516835e-05
GREB1,6.600738616906846e-05
RIMKLA,6.600394002694486e-05
DCBLD2,6.595220715748392e-05
UBL4B,6.594444694947853e-05
NFIC,6.59362516250007e-05
ZFP37,6.593349811782164e-05
TTC28,6.585088695509889e-05
UNC5D,6.584640761240693e-05
FAM13A,6.583577831414567e-05
PAQR4,6.583562416476823e-05
SYTL4,6.579839905791183e-05
CCDC82,6.577948558446804e-05
THEM4,6.577084512710186e-05
TLCD1,6.568540031700164e-05
PCP2,6.566308405232297e-05
RP1L1,6.566027875386228e-05
EGLN1,6.565143352852578e-05
PCSK2,6.564577842360051e-05
CDK5R2,6.563320043562825e-05
CEBPE,6.561198891756816e-05
LHX4,6.560938732790479e-05
DMPK,6.560396425464692e-05
GABRG3,6.557183219458104e-05
COL22A1,6.556551057897703e-05
SLC25A6,6.554827721966261e-05
CC2D2A,6.554680935940872e-05
FOXC1,6.554436569717241e-05
ZFP57,6.552379447651442e-05
WFS1,6.551471802303218e-05
FAM19A3,6.55054912211015e-05
CSTB,6.549125306398353e-05
MRAP,6.5491140984515e-05
ASB15,6.548086665106899e-05
CA3,6.542506330009461e-05
CALHM1,6.542224713439612e-05
PTH2R,6.541812578299356e-05
BCAS1,6.539593110919427e-05
PKD1,6.536815935066456e-05
CHSY1,6.534513181573478e-05
TFEB,6.532764598564771e-05
CLEC9A,6.529669055987201e-05
WDR74,6.527121806229639e-05
ZFC3H1,6.524504567515786e-05
ST14,6.523055893605431e-05
MRGPRF,6.521404795846122e-05
MAS1L,6.521404795846122e-05
MRGPRX3,6.521404795846122e-05
CNNM1,6.52032800355694e-05
RUSC1,6.519790994630764e-05
SPESP1,6.518735507927261e-05
GALNT2,6.518445317428428e-05
GALNT8,6.518445317428428e-05
GALNT4,6.518445317428428e-05
PAPPA2,6.517172941879238e-05
RHOH,6.516377583795527e-05
NFE2,6.516274735347179e-05
FGD4,6.51563963904e-05
SAMD4A,6.515402832574325e-05
APOA1BP,6.514650039715382e-05
LHX1,6.512361118489288e-05
UBE2QL1,6.51078003792808e-05
LIMCH1,6.510693627520913e-05
SPTBN5,6.510351475639424e-05
TAF2,6.505992180919368e-05
ABCG1,6.505478283895122e-05
TSSC4,6.504408385390609e-05
F2RL3,6.502521463511709e-05
FBXO10,6.502379169974805e-05
SGPP2,6.50109498244681e-05
LIMS1,6.495945626541821e-05
PTPRR,6.495938983176871e-05
KLHDC9,6.493961902285179e-05
IL1RAPL1,6.492582166564348e-05
KIF7,6.492093548357353e-05
TXNL4A,6.492020089458975e-05
SLC25A18,6.491758744210625e-05
SH3GL3,6.489013817449585e-05
EFS,6.481533994284289e-05
CCDC136,6.481274204013653e-05
EIF5A2,6.479113896305672e-05
S100A12,6.478478023393182e-05
BDH2,6.47846995377315e-05
PRG4,6.476582752858114e-05
PGM2L1,6.476445498908717e-05
GLP2R,6.473721301136617e-05
CLDN15,6.472824213572676e-05
PDE6G,6.472298614927207e-05
IGFBP6,6.472157092232773e-05
TMED7,6.471075547362192e-05
RPS6KB2,6.46966928750806e-05
NPC1L1,6.465490362742021e-05
HEPACAM2,6.464791928554598e-05
ZCCHC11,6.463809687230525e-05
MFRP,6.459354506216155e-05
TSPAN1,6.457382249040694e-05
HPN,6.453549085146606e-05
NXNL1,6.452459283744211e-05
CCL28,6.452260360757689e-05
TIMM13,6.450940526619123e-05
IL1RL1,6.450538044177889e-05
KCNN1,6.446814677919816e-05
SVOP,6.446044195944071e-05
VAT1L,6.444140961258435e-05
PCK2,6.44311966320837e-05
MT1M,6.443085582253258e-05
HHEX,6.442627143080761e-05
GJA5,6.440386668959525e-05
DARS2,6.435720873915777e-05
FGF16,6.43563189652085e-05
C16orf87,6.434848171842897e-05
KRT77,6.432888150742086e-05
H1FX,6.429707377472346e-05
IL13RA1,6.42523601323991e-05
BTBD11,6.423656375654833e-05
MGA,6.423059672508663e-05
HSF2BP,6.423031336874134e-05
TMEM63C,6.419016679173607e-05
DYDC2,6.418820927849575e-05
FOXE1,6.418352405565314e-05
PRG2,6.417926990495983e-05
GDPD3,6.415584748120522e-05
PDRG1,6.413840974823233e-05
TMEM86B,6.411724365608642e-05
TSPAN33,6.408828246782029e-05
CHAC2,6.408827194798782e-05
CCDC68,6.407975091074359e-05
SPHKAP,6.407731081885674e-05
C1QTNF9,6.40475450053949e-05
RASA3,6.403397841661075e-05
VWA5B2,6.40044900869191e-05
HSD17B10,6.398167981024902e-05
DQX1,6.394720739222567e-05
JMJD7-PLA2G4B,6.392774940127476e-05
DNASE1L2,6.390316601959845e-05
SLITRK5,6.389768934339579e-05
TIGD3,6.386476616053986e-05
RGS9BP,6.38425935781952e-05
MAGED1,6.383851331516177e-05
ZNF280B,6.383554090853872e-05
PTDSS2,6.376875758307638e-05
GDF15,6.375369649997445e-05
DPT,6.372647903279845e-05
HSD17B13,6.37258259495206e-05
MMP19,6.371742417083844e-05
THAP7,6.370431717948999e-05
SRM,6.368338409826706e-05
CCDC96,6.365370217789925e-05
GPR183,6.363311445165478e-05
TMC4,6.359592404934236e-05
PEX7,6.356953386027578e-05
SORBS2,6.356046678823755e-05
VNN1,6.355114320573067e-05
PRKD3,6.351140754365226e-05
RFX6,6.349713874132795e-05
CDK3,6.345446560253306e-05
ATP10A,6.344544736391154e-05
CTHRC1,6.340853758336355e-05
TDRD5,6.339720656756786e-05
WISP1,6.338515311411143e-05
GPR88,6.33480949942531e-05
MIB1,6.334676579519578e-05
FIBCD1,6.334488054417999e-05
HORMAD1,6.331391120747484e-05
ARMCX1,6.329780543756643e-05
CST7,6.32889903128891e-05
RNF168,6.326140331351558e-05
OLIG1,6.324784527933928e-05
SH3PXD2A,6.323755692100491e-05
BCL2L12,6.323504592588278e-05
HSPB3,6.321142140583774e-05
SH2D1A,6.320991692671818e-05
DSE,6.320507170621814e-05
TECTA,6.317108597966034e-05
CMTM3,6.316834336822036e-05
ARHGAP21,6.316165114445717e-05
MAGED2,6.315431106086902e-05
RBM42,6.314864537205576e-05
DOCK7,6.313705451332588e-05
ODAM,6.313674667631168e-05
COL25A1,6.312484662766965e-05
PKIA,6.309043731987059e-05
PDE4DIP,6.308967652294815e-05
MAP3K2,6.306562426091926e-05
UNC93A,6.30581782943099e-05
KIF19,6.304344139099698e-05
PARD6G,6.304246579178399e-05
ACER1,6.303828264356982e-05
ASB4,6.302572453652827e-05
DHRS2,6.299113462510305e-05
FSTL1,6.296717695635111e-05
COX7A2,6.291672057031723e-05
ZC3H13,6.291224290341659e-05
OPRK1,6.290259039264164e-05
BEST3,6.28814625603297e-05
LGALS9,6.282284979398255e-05
ZNF208,6.281835612169755e-05
CYYR1,6.2817637832222e-05
SGPP1,6.281360293395279e-05
CLN8,6.277713189001857e-05
MYADML2,6.277248979173685e-05
ETHE1,6.276408492650873e-05
COX6A1,6.275045294938429e-05
RRAD,6.273133692794815e-05
BMP3,6.271014360255734e-05
TMEM151A,6.269751247812284e-05
LIMS3,6.26852443558888e-05
TAPBP,6.268466641057055e-05
SSTR1,6.26836053557654e-05
ABCC9,6.267922426579088e-05
ZFP2,6.262152928208642e-05
ENTPD6,6.26118011707796e-05
TSSK3,6.260110052383491e-05
IL17RC,6.25952599589908e-05
IL1RAPL2,6.25908471635472e-05
MAP3K13,6.257687142523847e-05
TAL2,6.257274377729653e-05
DPYS,6.250455568165581e-05
ARL6IP1,6.250140646499548e-05
SPNS2,6.246155272076893e-05
MAT1A,6.245501034382342e-05
HAPLN1,6.241182611186969e-05
ENPP6,6.239755487344167e-05
HIST1H1D,6.239071168233042e-05
MYO9A,6.238963447688039e-05
HPGD,6.233949559962734e-05
MSX2,6.23199020102222e-05
SLC8A1,6.231410701548161e-05
MMP12,6.230120617896881e-05
RUNDC3B,6.21785270967066e-05
RPP25,6.216952540846007e-05
IL34,6.215416201876703e-05
SLC38A4,6.213840887747099e-05
CDC20B,6.213731832886677e-05
ASB9,6.2125899885632e-05
NSUN7,6.212349488541386e-05
CYP4F8,6.208287975532491e-05
RHBDL1,6.204549120563996e-05
NECAB2,6.20361887574384e-05
FLAD1,6.203207428689779e-05
PDE7A,6.201794088846077e-05
ZDHHC15,6.201767412674679e-05
RIF1,6.198687597207598e-05
CHST15,6.197835941174422e-05
HES6,6.197005261423434e-05
TOR1AIP2,6.196310507173341e-05
KIDINS220,6.195586450911603e-05
RTN4R,6.192673159769805e-05
KCNK10,6.191381370197048e-05
ZIC2,6.189569321433412e-05
MSI2,6.189448794182846e-05
PNLDC1,6.189007627523644e-05
NSMCE1,6.188039750841201e-05
PRIMA1,6.186804906466665e-05
CD83,6.186798848330425e-05
CHAC1,6.184789725657842e-05
CRABP1,6.181966373668901e-05
FIG4,6.181743002637965e-05
OPLAH,6.180551740452226e-05
ZBTB47,6.177172576257047e-05
SPINK4,6.175956226024963e-05
VGLL3,6.175929511953974e-05
SPAG6,6.174740787122309e-05
SLC4A11,6.17302736293746e-05
DZIP1,6.172723231934649e-05
PROK2,6.1722703887031e-05
HRC,6.168187721657391e-05
GPR34,6.167975773950899e-05
KPNA5,6.167754785671088e-05
BNIP3L,6.16665689723482e-05
IGSF1,6.165686023165893e-05
STAG3,6.165000196039248e-05
PNMAL2,6.163303666307428e-05
MS4A15,6.160054114032459e-05
ABCD1,6.160006844494297e-05
TRAIP,6.159402070378966e-05
GALT,6.156949874897435e-05
EPGN,6.155129962986463e-05
ISL2,6.152769518833958e-05
NETO1,6.152593313987218e-05
LRP12,6.149587744726841e-05
PITPNM3,6.146987010075267e-05
CLEC2B,6.144200491431593e-05
CRISP3,6.142342047094244e-05
GDF3,6.140748465712843e-05
CD99L2,6.140507188324442e-05
CD200,6.14015209935411e-05
LRMP,6.137455272059241e-05
ST6GALNAC4,6.137267212128865e-05
GPR75,6.136295785410727e-05
ADAM11,6.133473962618867e-05
PTPN3,6.133099903129223e-05
KLF9,6.132877352154539e-05
GSDMD,6.131192458075943e-05
ANKRD1,6.130921330002519e-05
FERMT1,6.127687488486772e-05
AGBL2,6.125822229077482e-05
GALNT5,6.125201329970808e-05
GALNTL6,6.125201329970808e-05
GALNT9,6.125201329970808e-05
GALNT10,6.125201329970808e-05
FLVCR1,6.125031257957304e-05
BBC3,6.124648781496738e-05
IGFBP5,6.12341035299325e-05
SOBP,6.12265614545341e-05
MYO18A,6.1210434004966e-05
NEK5,6.117227754237532e-05
C1QTNF7,6.117227754237532e-05
ABI3,6.115577694872911e-05
INSM1,6.115290693115096e-05
RPP21,6.115205923883741e-05
SLC25A37,6.112521534328729e-05
LILRB5,6.11128353819423e-05
SIX4,6.110641271018632e-05
LRRTM1,6.109601477585753e-05
C2CD2L,6.108977751823835e-05
FRMD4A,6.108887599438574e-05
USP13,6.106181479230335e-05
MMP8,6.102588925821097e-05
DPM2,6.1018651052761274e-05
MRPL41,6.0979578625728074e-05
CLIP4,6.0959017061961595e-05
PGD,6.094464546521643e-05
MYO5B,6.094459809386292e-05
PRDX2,6.092363513095795e-05
CHCHD6,6.0915215515030506e-05
PHKA1,6.08497081778997e-05
GPR125,6.0843869759183715e-05
AKAP14,6.084085066581767e-05
PROSC,6.080116017667771e-05
SLC15A2,6.077316603401682e-05
CXXC5,6.0764981934643584e-05
IRX5,6.075123044520051e-05
ECM1,6.0746182896747996e-05
GCKR,6.074497456176798e-05
POC1A,6.07360653995961e-05
UQCRHL,6.0719724284768573e-05
ANXA6,6.070667422054784e-05
NDUFB2,6.06969983981088e-05
TRMT1,6.068804608494253e-05
EHD3,6.0687310373563056e-05
INTS4,6.065524654321864e-05
ARHGAP30,6.061132167935715e-05
MRVI1,6.0604505581850146e-05
SYT6,6.060211563903373e-05
ACSF3,6.059503523549687e-05
PHLDA1,6.0591435116424224e-05
MTRR,6.0579015698880696e-05
NXPH3,6.05431034682401e-05
MRAP2,6.052216871638107e-05
GPT2,6.051099938217864e-05
SYT8,6.04892798678205e-05
CEP152,6.047155498203697e-05
TTBK2,6.045067898031089e-05
PYDC1,6.0411520207847435e-05
CEP97,6.0407900608302086e-05
PDK4,6.039586147046398e-05
STK38L,6.037017893990964e-05
RFX2,6.036877542704964e-05
FRMD3,6.0367308597011483e-05
SULT1C2,6.034782146515579e-05
ATXN1L,6.03230779955788e-05
CLEC5A,6.030951059013378e-05
HIPK2,6.0287707235665275e-05
WDR72,6.0266495340917056e-05
MLLT6,6.0248287343462775e-05
P2RY4,6.023988571106783e-05
CPN2,6.0229550010780005e-05
HLTF,6.01944939070083e-05
PLEKHG1,6.018889993699614e-05
HSPB6,6.0178872872215986e-05
SAR1B,6.0141642892753064e-05
GPR37L1,6.012616698001682e-05
CHI3L2,6.012616698001682e-05
INMT,6.0118076585339385e-05
CELF3,6.011663539537281e-05
NRSN2,6.01030761456278e-05
EXD1,6.008094581457678e-05
GOLGA4,6.002682099972737e-05
PPP1R1A,6.0009754679196794e-05
PLA2G2F,6.000855879311296e-05
RIMKLB,5.999017454147304e-05
CD248,5.998666850552439e-05
PPP1R3C,5.997723051272313e-05
LRRC56,5.9970495810490425e-05
LEFTY1,5.993302792495369e-05
DENND2C,5.990218372022195e-05
DENND2A,5.990218372022195e-05
GSPT2,5.984970142259846e-05
TOM1L1,5.983569811304892e-05
AKAP10,5.982693807392589e-05
SIRPB1,5.9807731973538536e-05
GTF2H3,5.979592678937509e-05
ANGPTL3,5.9790053754461625e-05
IL5RA,5.978931275589958e-05
ITPKB,5.971036855844392e-05
SPRR2E,5.969951161920498e-05
SPRR2D,5.969951161920498e-05
CAPN5,5.968366667867745e-05
CAPN11,5.968366667867745e-05
CAPN6,5.968366667867745e-05
CAPN13,5.968366667867745e-05
BTN1A1,5.967315810833493e-05
RGP1,5.9639636699855697e-05
ABCA5,5.963522480083242e-05
CTSA,5.9629029609251175e-05
ABHD6,5.961294795440491e-05
LUZP2,5.959420071761619e-05
TNFRSF25,5.9578509816252736e-05
ASB14,5.957316027825041e-05
PPP1R3B,5.954995931922398e-05
CASP5,5.9549096229699565e-05
TTC18,5.954779730799887e-05
AQP10,5.9547691437253764e-05
ABCC6,5.954338333642447e-05
SYT16,5.953212437999749e-05
H2AFY2,5.950594997616315e-05
TEX11,5.9500436744998114e-05
AHCYL2,5.947683532137229e-05
MOXD1,5.94654374247665e-05
DHTKD1,5.9464395616657976e-05
DECR1,5.943806185087986e-05
KCNK4,5.942676265660883e-05
SLC39A10,5.941971900517016e-05
CD48,5.9392753960368994e-05
SLC38A3,5.938811700797175e-05
HOXC11,5.9386484047915076e-05
MDK,5.937452655704317e-05
CST2,5.9354403832494715e-05
AGMAT,5.934742192764098e-05
ABCA7,5.934000533292956e-05
B9D2,5.9301849495357786e-05
SPATA6,5.929646834681465e-05
SGMS2,5.92704574389793e-05
S1PR2,5.9239259027452956e-05
GPM6A,5.923754449821812e-05
PDE4C,5.922525814112176e-05
HTR1D,5.922044372498021e-05
CDH4,5.919947512592275e-05
TRHDE,5.918224513380811e-05
MAFK,5.91725752731943e-05
COL23A1,5.916077983012621e-05
ANKRD35,5.915922565042373e-05
SCYL2,5.914909585042183e-05
TMEM206,5.9148258453221244e-05
KCNG1,5.913519000369081e-05
TSHZ2,5.912439850304489e-05
MID2,5.909819974192027e-05
NDRG2,5.9093300817716865e-05
CCNYL1,5.90777329705953e-05
TRAK2,5.9062404213744505e-05
GRIK4,5.905114893281459e-05
CPEB3,5.9017401891275014e-05
KCNJ9,5.894958135503219e-05
TNRC18,5.89458748444527e-05
CCDC8,5.8933057030307044e-05
SPEF1,5.891873594169747e-05
IQSEC3,5.8904872410484244e-05
SPR,5.888910219691055e-05
PACSIN3,5.888297679648469e-05
HOMER2,5.886399030071862e-05
PTGFRN,5.885939678527605e-05
DBF4B,5.885171482630401e-05
EIF4EBP1,5.8831732108769536e-05
PABPC5,5.881611870749933e-05
ULK2,5.8809117936217594e-05
POLB,5.879713605624188e-05
TMEM27,5.8775701126482276e-05
XIRP1,5.87711133729275e-05
PRKX,5.8736091050382655e-05
LARP6,5.8681821996410686e-05
ACADVL,5.8679860626293855e-05
PPTC7,5.8674675854834474e-05
IL15RA,5.864609513048183e-05
FNDC5,5.8645927553136334e-05
MGAT3,5.863509760894638e-05
NIPAL1,5.855666956795216e-05
FAT3,5.8543384882476894e-05
ANTXR2,5.8542656665573706e-05
MAP7D3,5.854264251931295e-05
PRR4,5.8535848980769794e-05
SUCNR1,5.852341039866091e-05
CCNG2,5.851015132756924e-05
CLGN,5.850733636725753e-05
PCBP3,5.8496534220062315e-05
HPSE,5.8470292495220706e-05
IER2,5.8469548502746124e-05
FGFBP2,5.844235401600591e-05
SOCS6,5.842215748508485e-05
AIM2,5.841532591670009e-05
ANGPTL2,5.840743041237171e-05
SCHIP1,5.837567010091758e-05
RTTN,5.837194682524773e-05
STRN3,5.83514066306243e-05
HOXA2,5.834845402086022e-05
ATP8B4,5.8328666701878723e-05
ATP10B,5.8328666701878723e-05
IFI30,5.832630420586617e-05
BFSP2,5.8316293794372675e-05
SLC2A14,5.831569194173477e-05
SMARCA1,5.830337717479927e-05
BTLA,5.8258970926868103e-05
L3MBTL4,5.825727903570472e-05
SLC35B1,5.8251492657126176e-05
PANX2,5.82503920822315e-05
GBP5,5.8248981476314015e-05
GAS7,5.82434618149479e-05
RPS6KA5,5.8224114520651056e-05
IQCE,5.8215711490970135e-05
TNKS,5.817843878666832e-05
RIPK4,5.8178013372640415e-05
SEC23B,5.817429460660484e-05
NEURL1B,5.81735231045102e-05
CALCB,5.815812902860818e-05
ERI2,5.814719311402407e-05
MYO3B,5.8107515302630425e-05
TMEM147,5.810504711971481e-05
CABLES2,5.8079895802225696e-05
EGLN2,5.806835510442303e-05
ZNF703,5.806261752439433e-05
S100P,5.80612649999851e-05
RASGRP1,5.805384438303536e-05
SULT1A2,5.805213320434562e-05
PSMG1,5.803006289928283e-05
LTK,5.80212308650109e-05
LAPTM4B,5.8017625299833394e-05
A4GNT,5.801339110922295e-05
FAH,5.798930565002005e-05
FRMPD4,5.798697634317487e-05
PHKG1,5.796556204870481e-05
NEFH,5.795278576206026e-05
ERG,5.7936172829483156e-05
LY86,5.7901724959071175e-05
ZFYVE9,5.7900548283383265e-05
WDR18,5.787035907807352e-05
MCOLN3,5.7854195638657013e-05
PSTPIP1,5.783983712288952e-05
MDS2,5.782819933872743e-05
LPPR2,5.781848751238672e-05
CCDC64,5.779602079751362e-05
RNF125,5.774519538759709e-05
FAM180A,5.7741260189940036e-05
RPP40,5.773835993847412e-05
ARG2,5.7733130825601835e-05
FAM57B,5.773216025116712e-05
FAM3B,5.772488805116104e-05
DDR2,5.772018976448381e-05
ALMS1,5.7717532262037406e-05
MPST,5.7714699027333884e-05
RSF1,5.769596538845697e-05
PEX16,5.768907355126355e-05
ANKRD27,5.768546488803699e-05
GPRASP2,5.7674134718206456e-05
SLC24A2,5.766745500731624e-05
SOX3,5.766455124561122e-05
MCTP1,5.763971868294715e-05
TLR6,5.7624169523765776e-05
CNTN3,5.7572597654758715e-05
FCGBP,5.757224879294812e-05
EFHC1,5.756991801040288e-05
NCLN,5.753961575704126e-05
ITPKC,5.747840117741268e-05
COLEC10,5.74576071134091e-05
PRR11,5.7454514458474745e-05
GFPT1,5.7430975483599066e-05
KLF13,5.740499743555491e-05
HIST1H1B,5.7397562228833246e-05
ZC3H3,5.7385821004918096e-05
RTKN,5.737450847438112e-05
UBE2E2,5.7370752907649605e-05
MARCH4,5.735061080997032e-05
TAF13,5.734424974399299e-05
ZMAT5,5.733340213446736e-05
TFCP2L1,5.7292599682555966e-05
ACPP,5.727103152347085e-05
CBR3,5.72375438161003e-05
NTNG1,5.7233637056575365e-05
SLC31A2,5.722911641972572e-05
GALM,5.72214580177089e-05
CLIC6,5.7218859793586825e-05
NAV1,5.721433072666656e-05
MFI2,5.721051565451684e-05
ELF3,5.71987084921537e-05
MCC,5.719501550733817e-05
NPAS3,5.7187209970358036e-05
IGLON5,5.7174627097024257e-05
SKAP1,5.7170542779769653e-05
KCNT2,5.714895750882553e-05
RNF213,5.714013134641099e-05
FRMPD2,5.712777176212524e-05
TAGLN2,5.712697668804384e-05
NOXO1,5.712685999638971e-05
PDZK1IP1,5.712495433828703e-05
DIRAS3,5.709241073393222e-05
HYLS1,5.70856779326818e-05
TAOK1,5.708192756560446e-05
SNX16,5.7057934511727746e-05
HLA-DMA,5.705003880112104e-05
FADS3,5.7030821357118584e-05
SLC25A1,5.70181805729908e-05
CYS1,5.7006244328733775e-05
RASGEF1A,5.700233675811906e-05
MSLN,5.699498475152971e-05
THTPA,5.695352760546614e-05
ST8SIA5,5.692551788763861e-05
HRH1,5.688003779048862e-05
SEPT1,5.687884718253362e-05
CKAP4,5.686942311119251e-05
TSPO,5.686127503486396e-05
GALR1,5.685676992221859e-05
ULBP2,5.685222887847745e-05
BCAT1,5.684213965952268e-05
RBP5,5.6779431053767156e-05
FAM184A,5.677149235596732e-05
ZNF853,5.676656035823249e-05
B3GNTL1,5.675988087746282e-05
MRPL38,5.6745984810979476e-05
GZMH,5.674475093680877e-05
ASAP2,5.6739444935021843e-05
CDR1,5.673071860174462e-05
CPZ,5.668831192651543e-05
HTR1B,5.668791550168985e-05
GCNT7,5.66693990275501e-05
JMJD1C,5.665313012388503e-05
UNC13C,5.664451313202405e-05
PGM3,5.664128338043094e-05
KIF1A,5.663671853421103e-05
BFSP1,5.66283325428623e-05
PALM2,5.661285990970202e-05
SAT2,5.661057391449685e-05
SMCR8,5.6609219510223495e-05
FAM81A,5.659840501965666e-05
CHDH,5.6593572980537506e-05
TBC1D7,5.6562530162793425e-05
CCRL2,5.652233668566602e-05
FER,5.6512725448428614e-05
RARRES1,5.650064918832273e-05
RAB11FIP1,5.645656279207053e-05
ORM2,5.645468900612794e-05
AKR7A3,5.644247296937936e-05
EGR4,5.639653185157289e-05
FCRL5,5.63901037425649e-05
FCRL4,5.63901037425649e-05
PLA2G2D,5.638050183843651e-05
MARCKSL1,5.6379087395473694e-05
LRRC1,5.6363278526826225e-05
MYBL1,5.635287813583642e-05
RNASE7,5.632137342294012e-05
PIGT,5.628575971594347e-05
ECEL1,5.6282987705993946e-05
SSBP4,5.627640280060027e-05
BZW2,5.627177299836192e-05
FMNL2,5.625297068190248e-05
SYNGR2,5.62475288348108e-05
STXBP5L,5.623970089739588e-05
STAC2,5.6237012322226976e-05
TMEM200B,5.62237695547101e-05
CPD,5.617768360724741e-05
SERPINB4,5.61516007368757e-05
P2RY1,5.613326527804454e-05
MIA2,5.6128466214193216e-05
DOC2B,5.6119756421924076e-05
BEND4,5.6081985343085994e-05
NUDT8,5.605277553165208e-05
FXYD3,5.604519078509345e-05
PPAN,5.603119701644499e-05
MTMR10,5.602503225895634e-05
SARDH,5.6015641424380554e-05
PIGQ,5.6011054609430946e-05
NPY2R,5.59785407518272e-05
NHLH2,5.595245262317843e-05
LRRN2,5.5939656124150157e-05
ZBTB20,5.592041596696979e-05
IRX4,5.5914273723286964e-05
SMOC1,5.5908200351049594e-05
RPA4,5.588495842136209e-05
CYGB,5.5877799553938215e-05
FOXN4,5.587562101202046e-05
ATP7A,5.583749798842696e-05
ARL16,5.5825939453094183e-05
NNT,5.581461518571579e-05
CHD7,5.577860483695025e-05
KRT2,5.577399571264394e-05
POLR3G,5.577034899028567e-05
NXT2,5.576157134160065e-05
P2RY8,5.576111910156003e-05
TCEAL3,5.575736634455391e-05
SLC30A3,5.574827860921524e-05
C10orf2,5.574391210339367e-05
RBKS,5.5743266832386507e-05
TRIM5,5.573818163734315e-05
SPTLC2,5.571016520736004e-05
HIVEP1,5.56919883488969e-05
AURKAIP1,5.5690998696991713e-05
ROM1,5.568970899386487e-05
HOXC10,5.568838386225133e-05
MMP15,5.5678097968320466e-05
CSTL1,5.567549165634882e-05
CARD9,5.5666683091488524e-05
MYLK4,5.563407484502309e-05
TIGD5,5.5626272951711755e-05
PDX1,5.559277081569524e-05
HRASLS5,5.559040509321238e-05
PCGF5,5.5547852896284734e-05
RASAL1,5.553219432409339e-05
SBK1,5.553173867211726e-05
MRPL54,5.550201095606631e-05
CD93,5.549878528743705e-05
KIF24,5.5487333318174804e-05
AFAP1L2,5.544607149704418e-05
ANKRD9,5.5445318957905954e-05
ADAM8,5.543892687492075e-05
LIPK,5.5437031544238567e-05
KIF3C,5.542744571819211e-05
ENPP2,5.54045770565006e-05
BMP8B,5.537974654946881e-05
NOVA2,5.5363038607470145e-05
HIC1,5.535890021426018e-05
ALOXE3,5.535357060787586e-05
GDAP1L1,5.5349781987848324e-05
HOXA11,5.5348206663361316e-05
WISP2,5.534810159873458e-05
KCTD6,5.533999828263968e-05
OPN1SW,5.5322094873941104e-05
MST1,5.5314591316206685e-05
ZNF467,5.528285709511289e-05
LRRC45,5.525670393414414e-05
MATK,5.5245481660706305e-05
SLC13A5,5.524469872348483e-05
ERRFI1,5.523592132733766e-05
IL16,5.523141210857436e-05
ADRA2B,5.520065166074647e-05
NEU4,5.5194045005292516e-05
RASSF8,5.518935299374213e-05
ST6GALNAC2,5.517204210215859e-05
S1PR3,5.516098516533165e-05
TMEM97,5.5148689208548015e-05
CMTM5,5.5137203052072454e-05
CCDC74B,5.51278566276495e-05
DEFB132,5.512379930995629e-05
CITED4,5.5116971108088534e-05
THEMIS,5.511666063406535e-05
KIFC2,5.511117811898898e-05
B9D1,5.511032993791554e-05
ARL4C,5.508451913567907e-05
TRIM58,5.507865934707497e-05
GDF6,5.505815950705279e-05
FAM135A,5.5050228257779956e-05
SLMO2,5.504807661700518e-05
TIGIT,5.503873916929712e-05
TRIM2,5.503135202870461e-05
FGF14,5.4999512509866584e-05
RHBDF2,5.4979868783376433e-05
WIPI1,5.4978104457351475e-05
CERK,5.496128142442113e-05
GADD45G,5.4957759201317694e-05
CST9,5.495088761587138e-05
GYPE,5.493527974211976e-05
ZHX2,5.491500343369253e-05
LFNG,5.4874684006280297e-05
SOX8,5.4851040964218244e-05
PARP12,5.4822825964345304e-05
GFOD1,5.482031561616155e-05
RIN1,5.4810613747251106e-05
HOXD9,5.4805521463302946e-05
MAP3K15,5.477882338635356e-05
UNC5A,5.4762468842062696e-05
PRR19,5.4754849111064926e-05
MDFIC,5.473986342518409e-05
FRMD7,5.473985245000583e-05
ZNF831,5.4708609712031784e-05
LMOD2,5.47007311070925e-05
PYROXD2,5.468710620954599e-05
TP53INP1,5.468349612507828e-05
MAL2,5.467779274676876e-05
OMG,5.466910989378921e-05
ARL4A,5.4655958209182374e-05
EPB41L5,5.462509406341489e-05
IRX2,5.461838229340643e-05
HLA-DMB,5.460563798759216e-05
NACC1,5.455470138495902e-05
USP53,5.455005760055444e-05
NAT14,5.4543645752042783e-05
KIAA1210,5.452728565008467e-05
CEP170,5.450888368413883e-05
HOXA4,5.4497409889856645e-05
OAZ3,5.448020731864559e-05
JMJD4,5.447568922536299e-05
MYO18B,5.44672009181235e-05
B3GNT1,5.4449060846079436e-05
ANKRA2,5.4428455256621546e-05
PELI1,5.4396728167667994e-05
ABCB4,5.4388985362708727e-05
RPUSD1,5.438152222633806e-05
MYF6,5.437511870715177e-05
NMNAT3,5.4363573758510105e-05
POLN,5.43486974445196e-05
CHKA,5.43449265228837e-05
ZNF300,5.4338782662398806e-05
SOAT1,5.433636736440021e-05
TOX,5.432675344033537e-05
DCDC2B,5.429459244540597e-05
CXCL16,5.429164196224798e-05
CCL23,5.4281347433625216e-05
STARD8,5.4267479530860706e-05
HSH2D,5.4255169792027675e-05
ACOT11,5.42516013632886e-05
COL8A1,5.421461784100267e-05
TAF9B,5.421375330300207e-05
VTCN1,5.419813109637107e-05
CAPSL,5.419601735241346e-05
CENPQ,5.418747042742357e-05
MLC1,5.4177222970275855e-05
C1QTNF2,5.416119327677075e-05
KIF25,5.416076766002376e-05
GATSL3,5.415087831177959e-05
KPTN,5.415087831177959e-05
C12orf66,5.415087831177959e-05
NPM2,5.414056782362029e-05
CHD1,5.4126591803035135e-05
DNAJB5,5.4120112870762755e-05
PCDH8,5.408929257031456e-05
PCDH18,5.408929257031456e-05
C12orf5,5.408640827488988e-05
ASB2,5.408332044941191e-05
MORN4,5.4071712234349126e-05
RND2,5.4061701109143604e-05
CNKSR3,5.404035415439684e-05
ORMDL3,5.4035588671564125e-05
PPEF1,5.40287537177363e-05
MSR1,5.402765269670836e-05
SCGB3A1,5.398170671527333e-05
IRGM,5.3974771452769364e-05
TDRD10,5.397334449912499e-05
HEPACAM,5.397235019957424e-05
ELAC1,5.396882468559466e-05
JAKMIP1,5.395236496421583e-05
GPR156,5.395236496421583e-05
USMG5,5.393029946419926e-05
AASS,5.391997898420682e-05
ZC3H12C,5.388657669316052e-05
HSD3B7,5.386263120341466e-05
DRD4,5.3855299796151796e-05
ELOVL4,5.382458599208436e-05
SLC27A4,5.3821408333732555e-05
FAM65B,5.381230540866962e-05
TMEM63B,5.3803048833495204e-05
TK2,5.380097213411815e-05
ARSA,5.3799476740724945e-05
SEL1L2,5.3796564895515176e-05
SGSM2,5.3795633410088996e-05
SLC41A1,5.3785466226111436e-05
MST4,5.376792837715841e-05
FKBP14,5.376562408479723e-05
PAK6,5.375631575906488e-05
PCSK6,5.3745942839008555e-05
VWCE,5.3735223517770576e-05
CD99,5.372963885428844e-05
BICC1,5.371129525435526e-05
ERMN,5.3705408091337885e-05
CADM2,5.3704289789413284e-05
TIMD4,5.3698048747191884e-05
LTB,5.3679546520390655e-05
OBP2B,5.364394378583574e-05
QRFPR,5.3640159813870574e-05
MYOT,5.3626229111820015e-05
RGN,5.3603635591970475e-05
GPRIN1,5.3556784023292015e-05
UBXN1,5.3546756675887575e-05
COL28A1,5.35197978940723e-05
PTGFR,5.349703585324647e-05
CORO2B,5.348622517886589e-05
SLC27A6,5.348303476423761e-05
AJAP1,5.348256067994873e-05
PLIN4,5.341996346620081e-05
JPH1,5.341127517704045e-05
EMX1,5.338917185874654e-05
EMX2,5.338917185874654e-05
NAV2,5.336222206562479e-05
NAV3,5.336222206562479e-05
PRKCDBP,5.3361615088258734e-05
LIX1,5.3342075873357305e-05
DNAH17,5.333616477691318e-05
SFMBT2,5.3271157772066576e-05
RAB40AL,5.326518997731355e-05
SLC7A3,5.3258207771264166e-05
B4GALNT3,5.322011817949959e-05
SAMD10,5.31932366812647e-05
TBKBP1,5.317229265350056e-05
PEX26,5.316178933561606e-05
SLC25A22,5.315165445410552e-05
MYO1F,5.309946752652523e-05
ELF5,5.3096067779002925e-05
TSC22D1,5.309241426511225e-05
S100A9,5.308939689994557e-05
GK,5.308748426122507e-05
CTNNA3,5.3087476875400295e-05
DYNLT3,5.30739302699745e-05
ARID3A,5.305845205257259e-05
AP3M2,5.303943678051154e-05
CDC42EP1,5.303774247464723e-05
PRDX4,5.303419155949535e-05
INHBC,5.3024049570512746e-05
NUDT5,5.3004728624397954e-05
MRPL53,5.3002003516381907e-05
PAK1IP1,5.300192080383437e-05
GNE,5.2981234116556016e-05
STRA8,5.2970834399698636e-05
GTF2H2,5.2943436648878484e-05
ACSM5,5.292488910981335e-05
ZNF503,5.287121529210893e-05
STON2,5.2857654135930866e-05
SOX21,5.283680643293006e-05
NEK8,5.283367515412731e-05
NPEPL1,5.2801116695632925e-05
ARID5A,5.277960919249578e-05
DLX3,5.2775596773536514e-05
IPCEF1,5.276693984098625e-05
MYO19,5.2762408087046855e-05
LBX2,5.274627476122079e-05
SLC38A7,5.274111343655205e-05
POPDC2,5.2740636584525165e-05
SERPINB6,5.269647333039453e-05
ETV2,5.2684806945586095e-05
ROPN1B,5.268342065886764e-05
RIN3,5.267391574885775e-05
SLC35A3,5.2660815137092144e-05
PLSCR1,5.265175793393766e-05
AMTN,5.2638032939007526e-05
ARMCX2,5.263183348715298e-05
SAMD9,5.261824996734187e-05
ZNF446,5.260318076809774e-05
ARHGEF10,5.2602395260588076e-05
B3GALNT1,5.2592156114146676e-05
ICAM4,5.255083296961607e-05
KIF2A,5.2546465963172155e-05
NR4A3,5.252674405786028e-05
PPP1R12C,5.251334086491986e-05
PRCP,5.248761744773514e-05
BACH1,5.248601973240573e-05
ARSB,5.2482361464224936e-05
RASL10B,5.245556600110612e-05
CRMP1,5.244825605421645e-05
CADPS,5.2417528349288395e-05
SPINT1,5.2414142354564073e-05
KDM4B,5.2402399247220256e-05
TCTN1,5.2399191666355724e-05
ONECUT2,5.237515565787221e-05
RCAN1,5.234825826851259e-05
RCAN2,5.2305368727208565e-05
TBC1D9,5.2257605554216245e-05
DTNB,5.222733952469275e-05
FAM63B,5.2225382761959066e-05
AP3B2,5.220778453231479e-05
TNK2,5.219623279428277e-05
RASEF,5.216069897721784e-05
MYO5C,5.215883585117363e-05
LXN,5.21506101811413e-05
SLC20A1,5.213065687053403e-05
LRCH2,5.210736212448928e-05
ST6GALNAC6,5.208338364816845e-05
DLL3,5.206034558948509e-05
NR1I3,5.205699750063738e-05
SYT9,5.20403616540716e-05
INHBE,5.203407925234577e-05
KANK4,5.2025264109915155e-05
PSPH,5.19879376894745e-05
TBX20,5.1982210529618706e-05
ZNF239,5.1974711702965944e-05
KLHL31,5.196933247774935e-05
FERMT3,5.1964575964133564e-05
CASQ1,5.194270291098355e-05
SULT1C4,5.193143177225318e-05
TUFT1,5.189937905573742e-05
UBL5,5.189426730548983e-05
GALNT14,5.189149547797196e-05
SPRED3,5.1890283441146455e-05
KIAA1467,5.187839584847761e-05
SDR42E1,5.186596711833407e-05
PPM1E,5.184860303373876e-05
GPR182,5.1837040700711897e-05
FUT7,5.182775493103939e-05
SSX2IP,5.182415227615021e-05
BCL6B,5.180548538508123e-05
CSRNP1,5.178391038934035e-05
PDLIM1,5.178297144649983e-05
CDH22,5.178183481949682e-05
KLC3,5.177398120785286e-05
ACTBL2,5.1770789015277146e-05
GPR87,5.175949006287986e-05
CHKB,5.175054539118328e-05
PTPN7,5.174775282425753e-05
RPS6KA6,5.1744865131541856e-05
FOXI1,5.174300295495861e-05
SLC4A8,5.174300295495861e-05
PRPS1,5.173944995949334e-05
PPM1J,5.1730781687453286e-05
BCL7C,5.1725002197353814e-05
ARHGAP6,5.170472028266989e-05
RNPC3,5.1697949625448335e-05
TTC12,5.169410809820034e-05
RELT,5.168219602984931e-05
HDDC3,5.1675717880151634e-05
SPATA4,5.166707838396994e-05
LTF,5.166613609425852e-05
KCNIP4,5.165142064643978e-05
TTLL10,5.164792279947589e-05
MACROD2,5.1642776394306516e-05
MID1,5.162462547979238e-05
PARP14,5.1622605425777425e-05
TNFRSF12A,5.1620140815852106e-05
TNFSF14,5.158563445343075e-05
MMP25,5.153484144532742e-05
BIRC6,5.1509967568538864e-05
AMY2A,5.150061986403613e-05
HLA-DOA,5.149206983802877e-05
RHOT2,5.148039643785397e-05
NEXN,5.1460960521631896e-05
USP6,5.1427960721078884e-05
CORO2A,5.1422725326380795e-05
IL20RB,5.1419727377223235e-05
MATN4,5.141194554913324e-05
NDUFB1,5.139301102872088e-05
HCN3,5.138588342310663e-05
CAMK2N2,5.1363491500428135e-05
TRIM29,5.1362396601124216e-05
PTPLAD1,5.136027076823182e-05
FAM43B,5.1349029214461314e-05
NLRX1,5.133036633050285e-05
CD53,5.1324868010704545e-05
TFPI2,5.132358507375056e-05
HRK,5.131225732610653e-05
NDST3,5.129962846717393e-05
ZNF396,5.1264381119416444e-05
CALCOCO2,5.126185260371045e-05
ART3,5.125017251817635e-05
ZBTB7C,5.121898215485992e-05
PSRC1,5.121259409139328e-05
NADSYN1,5.120817736375958e-05
FMO1,5.119796656571179e-05
FMO2,5.119796656571179e-05
FMO3,5.119796656571179e-05
PCBD1,5.118869097454634e-05
ZDHHC2,5.113785054440608e-05
NCKAP1L,5.113494379976402e-05
GFPT2,5.111181485158071e-05
AP4S1,5.108331791197032e-05
GJA4,5.1075471391411075e-05
PALLD,5.106995103377752e-05
ARSJ,5.1014750426762746e-05
FNIP1,5.100609551884579e-05
GATSL2,5.099379148154629e-05
MAP3K6,5.0963130480137254e-05
SMTN,5.095754306650226e-05
UCK2,5.095351506230721e-05
DMC1,5.094798183750177e-05
HS3ST3B1,5.092972995013795e-05
VSNL1,5.091001967243029e-05
TTC25,5.090330470334774e-05
TP53AIP1,5.0895377169935156e-05
SAMD12,5.086309774945908e-05
SALL1,5.086139910966544e-05
PPP4R2,5.08537497948439e-05
BSND,5.083518957917721e-05
MRPL55,5.083423951237171e-05
TRAPPC9,5.083071547162328e-05
TMEM150B,5.0827462847342064e-05
TMEM17,5.081887790386308e-05
NMUR2,5.081851706979364e-05
TMEM119,5.0812443221325514e-05
CEACAM6,5.077821132318982e-05
TBX15,5.077780421730324e-05
PGAP3,5.077766084686483e-05
TRAK1,5.0767028591500326e-05
LITAF,5.072837619600597e-05
SRR,5.0727412002525775e-05
STARD10,5.072498438959967e-05
C1orf86,5.0724245543278795e-05
LYSMD4,5.071475088333459e-05
CORT,5.070511682236025e-05
ICAM5,5.070411580576085e-05
CLCN4,5.067516530667291e-05
DOCK11,5.061581858974618e-05
SEMA7A,5.059166679652815e-05
EGFL7,5.05704373196941e-05
NOX5,5.0546320347237507e-05
PNPLA1,5.0527939645080575e-05
SPATA18,5.0500862712819715e-05
KIR2DL4,5.048999385819115e-05
ATCAY,5.048237788272246e-05
FCGR1B,5.047423529653055e-05
SIGLEC9,5.0469662442495106e-05
SLC7A10,5.0463154863186654e-05
N6AMT1,5.044869791369053e-05
OTOA,5.0408298276869223e-05
CD72,5.039857987721388e-05
BTD,5.0371394067125966e-05
XPO5,5.036817853327031e-05
SOX11,5.036742353973439e-05
SEPW1,5.0357827016115007e-05
MEGF6,5.0355843450257996e-05
PHF10,5.03257390786991e-05
SLCO4A1,5.032002887502998e-05
FSTL5,5.0314766670559835e-05
DPY19L2,5.029854183141353e-05
KCTD12,5.026503980788764e-05
PITPNM1,5.026170290817705e-05
CNTNAP3,5.0247115007352595e-05
TSTA3,5.0236208981983965e-05
IGFBP4,5.0229298437581054e-05
PATZ1,5.020572500817659e-05
BCORL1,5.018589191956909e-05
PFDN4,5.018229651461205e-05
SPEG,5.0163711597390375e-05
ME2,5.015286824138715e-05
SATB2,5.013296805666473e-05
BIN2,5.0127646972050406e-05
MNDA,5.0065011709664857e-05
EEPD1,5.005873322124025e-05
AFF3,5.005658290617387e-05
NKX6-1,5.001988815795978e-05
MRPL14,4.99867061247726e-05
CCNO,4.998006532647018e-05
MRPL45,4.997488841190679e-05
GPSM1,4.9907419966122955e-05
WDR76,4.989710302232491e-05
GAL3ST2,4.9877422006320626e-05
WWC3,4.9866997549609593e-05
YTHDC2,4.986375091294126e-05
ALKBH7,4.985881846892594e-05
C5AR1,4.985466953765487e-05
ARHGAP24,4.983817066955651e-05
SPNS3,4.982036436270291e-05
GLIPR2,4.974700677688247e-05
CCNG1,4.9741785554272514e-05
MSC,4.9740037545262955e-05
ADAM33,4.973060676324293e-05
SLC35C1,4.97287291731382e-05
PLA2G4D,4.972241256399258e-05
SCARA5,4.9710877279877334e-05
SYT10,4.9670475461434733e-05
ECE2,4.962935511877155e-05
VSIG2,4.9627193222453246e-05
GRAMD3,4.960325510152607e-05
PTGES2,4.95870649267572e-05
GBGT1,4.957171269282327e-05
LRRC46,4.956398266113133e-05
BTG1,4.9536289984501636e-05
ABHD3,4.949522152034696e-05
RGPD3,4.949446586302398e-05
RFXANK,4.949055308753544e-05
ABI3BP,4.94518776178603e-05
FNIP2,4.9447553664702975e-05
INPP5J,4.9438196046886444e-05
DAGLA,4.942946646645284e-05
STEAP4,4.9381207985474147e-05
TNR,4.938068431440687e-05
TPK1,4.938032801069856e-05
PRR7,4.9378323885557514e-05
ROMO1,4.93650879636098e-05
LRGUK,4.9359332598965235e-05
SOCS7,4.9340470833285295e-05
CRTAC1,4.93328345692301e-05
LRRK1,4.933064961655273e-05
SLC39A8,4.93282468004645e-05
SSR4,4.932512762996992e-05
FEM1C,4.929864812011962e-05
RBMS1,4.925333896518083e-05
CARD16,4.924028096416175e-05
PRR5,4.921052417402443e-05
SPATA20,4.920673315843494e-05
RORB,4.9200001156057214e-05
GPNMB,4.913480387455293e-05
KPNA7,4.9111051705764756e-05
DACT3,4.9104322157369076e-05
SCPEP1,4.9094963781481713e-05
EXTL1,4.9093577477989865e-05
ATP10D,4.9085223771000056e-05
SEMA4B,4.907551184771176e-05
BOLA2,4.907191184975728e-05
CRISP1,4.90484505324302e-05
GPR160,4.900491576715676e-05
ZNF24,4.900074936557192e-05
FETUB,4.898481721072197e-05
ANKAR,4.892151379862951e-05
SRGAP1,4.8898603906310774e-05
PNKP,4.889237970082922e-05
CCDC47,4.888180617804929e-05
LGALS9B,4.887580204823268e-05
TLR10,4.8853275225797856e-05
ASPG,4.8848394147171414e-05
TIMM44,4.8825269031381124e-05
RSU1,4.8825216571138296e-05
TAGLN3,4.882500894085435e-05
GPR116,4.8810669571312866e-05
PGA3,4.8810669571312866e-05
FBXL7,4.879915817014426e-05
MGAT5,4.8791892838299815e-05
RAPGEFL1,4.8790040292985025e-05
CNR2,4.8765905864291684e-05
MYO1A,4.876077025261005e-05
NMT2,4.8713844702129084e-05
ZDHHC17,4.8711814316360844e-05
APOBEC4,4.870334082102922e-05
FER1L5,4.86352560984749e-05
SERHL2,4.862711937219544e-05
GPR17,4.862625979477047e-05
TTC39A,4.862625979477047e-05
CCDC61,4.8598601697825256e-05
SLC6A20,4.856853009427918e-05
CNTNAP4,4.8489580220307804e-05
AK7,4.848715269261619e-05
KCTD19,4.846401380528401e-05
REEP1,4.844765705737424e-05
TNIK,4.8437961024893146e-05
NRN1,4.839064694839797e-05
ALKBH2,4.8373733105425364e-05
BEX1,4.836989462191919e-05
TARBP1,4.836798235400214e-05
B3GNT9,4.834161859548417e-05
B3GNT8,4.834161859548417e-05
HIRIP3,4.8340799961847545e-05
CCT6B,4.8335721735108076e-05
MMP23B,4.833207466747776e-05
PRRX1,4.8300792546934305e-05
FGFBP3,4.8296848236081567e-05
AGTRAP,4.82277137958235e-05
PTPLB,4.820893141684368e-05
PTPLAD2,4.820893141684368e-05
MARCKS,4.819998763969072e-05
NPY1R,4.817759414171203e-05
ARL2,4.817177817545726e-05
MYH15,4.816385464991734e-05
ZNF274,4.816265408927348e-05
TCP11L2,4.816242958563503e-05
HOXA13,4.8148177241008356e-05
TTC8,4.81282477575334e-05
LRRC18,4.812575838671046e-05
PLD5,4.810284419277082e-05
TFF2,4.8095644261795334e-05
PLEKHH2,4.806467692831756e-05
CSRP2,4.806467692831756e-05
TNKS2,4.8062336315724606e-05
ADAM19,4.805640463907281e-05
SAA2,4.8053219862746155e-05
DAAM2,4.8038057808231926e-05
FIGN,4.80250742335411e-05
CARTPT,4.802251616193751e-05
NPEPPS,4.801210435786821e-05
SIGLEC1,4.8006727445422836e-05
STRBP,4.8002195012002754e-05
ABCB5,4.7981076469858115e-05
TSEN54,4.79481641729356e-05
SPAG9,4.7941360476205235e-05
MTL5,4.7937862930595746e-05
EGFLAM,4.792351004021601e-05
FAM102B,4.7917314934799995e-05
ELMO3,4.790322739424149e-05
UNC80,4.7893032175307995e-05
PIGL,4.78771932111139e-05
HS3ST6,4.787006161433725e-05
ADAM15,4.785717414511813e-05
ARFGAP3,4.7847887105979296e-05
HHIPL2,4.7825783993690074e-05
ZIC3,4.7820633101111296e-05
SH3D19,4.7791848613762266e-05
FAM181A,4.7790217738354e-05
FAM181B,4.7790217738354e-05
KDM1B,4.778187705910799e-05
DNAH12,4.7769375655064905e-05
TNFAIP6,4.776648639277379e-05
SLC11A1,4.774502324782628e-05
ILDR1,4.7741555777904875e-05
FGF11,4.774135701671563e-05
CARD6,4.773711954562118e-05
CASP4,4.773283448478619e-05
IFITM5,4.7731884230441004e-05
PTP4A2,4.772546211603586e-05
CCDC13,4.7724705192108246e-05
ART5,4.7723186954679457e-05
CCDC62,4.772063181494077e-05
HSD11B2,4.76667656150853e-05
CAPG,4.765324843855571e-05
SERP2,4.762971469164708e-05
GCA,4.7614346514078e-05
RPS6KL1,4.760256202787409e-05
GJD3,4.758751775285309e-05
MPEG1,4.758401021033464e-05
LTBP2,4.7561906776082146e-05
AKR7A2,4.75605031196338e-05
GAB3,4.755242572923086e-05
TM6SF1,4.754262359817576e-05
CLN3,4.7538575570174195e-05
SLC22A5,4.7527703852304213e-05
RELL2,4.750825689608086e-05
ANO4,4.7504762337926114e-05
GAS2L1,4.746920627049036e-05
NCOA7,4.74464089378067e-05
MRPL52,4.744317866739434e-05
CHCHD1,4.744317866739434e-05
MRPL34,4.744317866739434e-05
MRPS26,4.744317866739434e-05
MRPS24,4.744317866739434e-05
MRPL28,4.744317866739434e-05
MRPS21,4.744317866739434e-05
MRPS28,4.744317866739434e-05
SDPR,4.7435361565683374e-05
CELSR2,4.742026096958221e-05
FXYD7,4.741995927513074e-05
HEYL,4.741991861596852e-05
PAPSS2,4.7398735268163685e-05
KLF10,4.739470880602421e-05
HS3ST3A1,4.738871415040849e-05
GDPD2,4.738440116690582e-05
HSD17B11,4.7383703014326485e-05
RGL2,4.737950444563867e-05
AKR1B15,4.736326221707137e-05
PDZD2,4.7363097675249786e-05
CCDC85B,4.7360670885732914e-05
SNRNP35,4.7353084752293175e-05
PRR15,4.735153379642953e-05
SLC14A2,4.7344458165852506e-05
GPAA1,4.73439937539777e-05
DCUN1D1,4.7318523679899077e-05
ZNF488,4.730785074076152e-05
LIMK2,4.7301650433225793e-05
MYBPH,4.729706574811864e-05
SLC25A20,4.7295286955493804e-05
PRSS16,4.7287991775011925e-05
PNMA5,4.728408694896011e-05
GLIS1,4.728350357140384e-05
CMBL,4.727656038507928e-05
UAP1,4.727430386159526e-05
GOLGA7,4.725961296783577e-05
ABCA6,4.725356915861409e-05
PTPN4,4.72304222477942e-05
TCTE3,4.722747742742604e-05
ADAD2,4.722736062696257e-05
CTSZ,4.7215445597110365e-05
ATP4A,4.720514004324242e-05
UNC13D,4.719382073732908e-05
LTBP4,4.718798809119329e-05
ICAM3,4.71819734318806e-05
MTHFD2L,4.717648882604817e-05
ARHGEF15,4.716781681544859e-05
LOC81691,4.715498954433709e-05
MAGI3,4.712790744046212e-05
OBP2A,4.711711536109036e-05
AIM1L,4.7109563294028717e-05
MNS1,4.709863568676717e-05
FAM107A,4.709232908532143e-05
CCDC135,4.709136217089042e-05
VWA2,4.707540060964556e-05
RNF170,4.707194477558673e-05
FAAH2,4.7047141828110195e-05
KCNA6,4.703695259997441e-05
KCTD16,4.703431732483309e-05
ZMAT3,4.7026024448890625e-05
GRAMD1A,4.7024423814393325e-05
ZDHHC13,4.701894614778722e-05
LRP1B,4.7004692738819635e-05
GET4,4.69789566479129e-05
JAKMIP2,4.697693284957671e-05
IL1RL2,4.697477907066628e-05
SLC38A1,4.6968639355405825e-05
PAMR1,4.695626255460984e-05
ADAT2,4.694025871729805e-05
SEZ6L2,4.6931566223972015e-05
DUSP4,4.6912600406182516e-05
HSD11B1L,4.6898718304322154e-05
RBP3,4.687761212658491e-05
MARK1,4.686450202976833e-05
PREX2,4.684303142524703e-05
C1QTNF1,4.68321324466024e-05
DCXR,4.6830908990693985e-05
PRDX5,4.681873193786765e-05
IL17C,4.680980417667394e-05
LRRN4CL,4.680839522623542e-05
DNAJC5B,4.676416530607141e-05
DLX5,4.675377055549591e-05
LPXN,4.674584106981932e-05
MATN2,4.673877889307151e-05
PNPO,4.669571025763765e-05
ZNF770,4.6694804283584886e-05
DGKD,4.669480219326382e-05
PXMP4,4.668687857410348e-05
PELI2,4.668143554518971e-05
PF4V1,4.662054069133679e-05
POU2F3,4.6599035096848576e-05
TMEM74,4.659747273275568e-05
SULT1A3,4.659413366142785e-05
L1TD1,4.659143434996287e-05
HGD,4.6552211292080035e-05
EFCAB7,4.652216484308507e-05
STOML1,4.650236229764617e-05
DNAJC1,4.648194415567212e-05
TRIM72,4.6472825663949664e-05
KLRC4,4.646856392004824e-05
ANKMY2,4.6468454543585195e-05
CHST6,4.64515861901765e-05
KLHDC8B,4.642669755071721e-05
S1PR4,4.6416754061477516e-05
SMARCD2,4.6358572825509105e-05
TPBG,4.6349321767694465e-05
APOBEC3G,4.632021586475009e-05
EDEM3,4.63019294028013e-05
SPRR2F,4.6299469633053175e-05
VWA5A,4.6294890187182405e-05
EXOSC3,4.628601801021206e-05
DPPA4,4.6283296814728676e-05
RPH3AL,4.625919586751468e-05
RNF39,4.625756594410872e-05
CLEC4G,4.62484310750743e-05
PHYHIPL,4.6242412509588806e-05
SLC9A9,4.6232310073297164e-05
RHOXF1,4.622409130262252e-05
RNASE4,4.6205451077642593e-05
TRIM45,4.619580223241524e-05
CPM,4.616016415066323e-05
CALN1,4.6138188785006106e-05
SLC36A4,4.6134352382241614e-05
RNLS,4.611643690811583e-05
MAZ,4.611209157717569e-05
MMRN1,4.610132930716364e-05
TRIM59,4.609732650714047e-05
NCAPH2,4.604259007706878e-05
FUK,4.604095454589442e-05
RAB32,4.603947905658792e-05
STRA6,4.6037772040045866e-05
PMVK,4.600068473302023e-05
TBC1D8B,4.5956767707790194e-05
TFDP3,4.595235330808952e-05
CHCHD10,4.5941291323877666e-05
LGALS8,4.594128924318713e-05
NR2C2,4.5913151348298036e-05
HBQ1,4.589437118290026e-05
IGFN1,4.5872116089989615e-05
SEMA3B,4.587106687228064e-05
PDGFRL,4.586060284939952e-05
SCRG1,4.5836755958471466e-05
CEP350,4.582876487547521e-05
CLPP,4.581259698982266e-05
BTAF1,4.5810884141179415e-05
TMEM37,4.579156886268122e-05
ETV7,4.578910779268382e-05
SERPINA10,4.577282041064906e-05
GPRC5A,4.5770828249656905e-05
PHKG2,4.5742787721402785e-05
NAT2,4.573455082153275e-05
SPATA13,4.572836217394468e-05
CCDC141,4.572605484634516e-05
SLC7A1,4.572135616424855e-05
TGFBI,4.57172987147081e-05
ACSM2A,4.567908238961377e-05
ATHL1,4.5662856466632686e-05
RSPRY1,4.5661518780798094e-05
EFCAB2,4.5652038713431836e-05
CFHR3,4.5648727643588165e-05
HABP2,4.563768090305201e-05
CNRIP1,4.563227770312516e-05
CCL14,4.562688905078131e-05
KIF1C,4.562465827742364e-05
ECM2,4.560334873570732e-05
FAM71D,4.5586195643904655e-05
EPM2A,4.558202938941127e-05
RASGRP3,4.557615487997944e-05
GDF10,4.554670410676866e-05
RBMS2,4.5544078169775445e-05
PGP,4.552967941550872e-05
BICD1,4.55169455940945e-05
TEPP,4.550654127735448e-05
SLFN12,4.549310631453699e-05
EDEM1,4.545606559508438e-05
DCAF16,4.544887865736624e-05
MTBP,4.542369217318161e-05
CDH20,4.540096540098926e-05
GRPR,4.53216197700503e-05
RNF144A,4.531324602992179e-05
NUMBL,4.5296576200818695e-05
ZNF750,4.528454036238338e-05
FHOD3,4.5262224482555965e-05
PYCR2,4.523889536229014e-05
TPSAB1,4.522773589531897e-05
ANXA3,4.519821987761475e-05
FBXL3,4.518410523569749e-05
SRMS,4.5177944573643374e-05
BCAT2,4.517248321530152e-05
ALPK3,4.5165318181222525e-05
POTEF,4.5163629721264846e-05
TCTN2,4.5157542564034466e-05
DAPK3,4.5152776146558784e-05
NAGS,4.51381841879295e-05
TAF1L,4.513715476727052e-05
PPP1R3D,4.5100256676060335e-05
PDZRN3,4.507796094182146e-05
AES,4.506641311263368e-05
CKMT1B,4.505890442072601e-05
WDR4,4.5036974431443535e-05
SIL1,4.502162693487235e-05
CORIN,4.5020451694435035e-05
SRPX2,4.5001068754755116e-05
KEL,4.4980289684246934e-05
RTDR1,4.497128514934232e-05
UROC1,4.496865538001051e-05
MTMR9,4.496733973541609e-05
GREB1L,4.4955486099553465e-05
ZYG11A,4.494731932262744e-05
ZNF217,4.494345887172806e-05
NID2,4.492038509410854e-05
AIFM2,4.4914943429013775e-05
ANKS4B,4.486178704526894e-05
HIGD1B,4.485656375751852e-05
FAM46D,4.4856043826128286e-05
CDKN2B,4.484852906309292e-05
UTS2R,4.481361762936916e-05
CHD1L,4.4806256059473264e-05
SLAMF9,4.479545715974029e-05
CYTH4,4.4788336183662104e-05
PCLO,4.4767392956195266e-05
UBE2W,4.4763954692748316e-05
LUC7L,4.473463479428473e-05
LILRB3,4.472340058636835e-05
GNPTAB,4.4719796258123025e-05
IL13RA2,4.4719664963960756e-05
LYPD3,4.470995568581347e-05
ZNF296,4.4690322260751004e-05
SYT15,4.466875275100018e-05
SCGN,4.466875275100018e-05
NPFFR2,4.466329369929249e-05
KRT79,4.465925211815305e-05
FAM107B,4.465822513156288e-05
CDH10,4.465210797012775e-05
CDH8,4.465210797012775e-05
NAIP,4.463730185510223e-05
TIMM8B,4.461465119863968e-05
PPAN-P2RY11,4.4608849109591535e-05
CDHR1,4.459938315158456e-05
TAX1BP3,4.4576806265871404e-05
PCDH7,4.454719196032731e-05
SLC8A2,4.453702487512756e-05
ACER3,4.453004183448225e-05
RABAC1,4.45218932679511e-05
MXD3,4.451744384016986e-05
WBP2NL,4.451639078129433e-05
RGPD5,4.451142421445031e-05
CCDC14,4.450809776120894e-05
CMTM6,4.449159479892817e-05
ACAD8,4.444655234174149e-05
LEPROT,4.4441389762986016e-05
RADIL,4.444117679155308e-05
UBXN6,4.442522967593155e-05
KLF8,4.440655072012205e-05
ASIP,4.440257582476216e-05
SYAP1,4.439775394243101e-05
MTMR7,4.4387121603277585e-05
NAPSA,4.438232865963263e-05
ANKRD32,4.4382218704923735e-05
RP1,4.436249213594314e-05
ANO3,4.435508787052446e-05
FHL5,4.4340215714628186e-05
HS3ST2,4.4335245304502935e-05
PLXDC1,4.4327708255124285e-05
PNCK,4.4314921265847724e-05
MIB2,4.4287888992868765e-05
CDH15,4.4282757111456334e-05
DCAF10,4.428175902805337e-05
OGDHL,4.4247348179912173e-05
WIPF2,4.420520457535721e-05
CDNF,4.419385003680071e-05
SOHLH1,4.4185078378674696e-05
SOX15,4.4172369291727355e-05
TANC2,4.4138340306118215e-05
PROL1,4.412085059367094e-05
RAPGEF6,4.4116991199820697e-05
ACCS,4.411413056413675e-05
VEPH1,4.40854178927855e-05
PON3,4.407429159872548e-05
PRTFDC1,4.4040745965903745e-05
OLAH,4.403360857337148e-05
LHX8,4.402704525843481e-05
NKAIN2,4.40249392046486e-05
BAI2,4.4014703113768965e-05
MDGA2,4.4011791514246414e-05
EFHC2,4.401016442243859e-05
PEAR1,4.400805529464814e-05
ISX,4.400428719424082e-05
SERPINA4,4.3990671437506456e-05
TRO,4.3976880970813776e-05
SHD,4.397474761525134e-05
SPRY3,4.396777136775927e-05
ENDOD1,4.3966942735040185e-05
PRRT1,4.396260662837067e-05
MESP1,4.3933990008786804e-05
TSC22D4,4.392022444469487e-05
PHYHIP,4.3907790351807626e-05
FAM149A,4.3907297912577865e-05
SYPL2,4.3903858070113535e-05
MLLT11,4.38847056607877e-05
ARAP3,4.387454961899291e-05
NR2E3,4.386774738554897e-05
LEMD1,4.385245860007175e-05
YY2,4.384739790823849e-05
CCDC50,4.3840588936571854e-05
ISM1,4.37965318378041e-05
REM2,4.3781663809388445e-05
LYPD6,4.3779638211698254e-05
KLF11,4.3759540995562e-05
CNKSR1,4.374331077410398e-05
CYP4F12,4.3731329518485874e-05
CLEC3A,4.36876783825506e-05
PLCL2,4.367110539321694e-05
PPP1R3G,4.367110539321694e-05
PLEKHG6,4.367104740425058e-05
AVL9,4.365878756085344e-05
FDXR,4.363365970658052e-05
FILIP1,4.3628402425274205e-05
SAMD14,4.361906792603507e-05
PTPRT,4.361407741793688e-05
GRINA,4.358061457080634e-05
GZMK,4.3569245450091285e-05
PDLIM5,4.3554744925862474e-05
TMEM88,4.355447235405545e-05
FAM83B,4.354056947801531e-05
MALL,4.3527413011707494e-05
ANKRD40,4.351688449903333e-05
ECHDC2,4.350824749042864e-05
ARRDC4,4.3457072648759866e-05
DCD,4.343900887662258e-05
ALX4,4.343759889965803e-05
FABP3,4.3434565234817025e-05
WDFY3,4.3425069997841655e-05
BOK,4.341243349647055e-05
NBPF1,4.339846582721536e-05
SHROOM4,4.338838437640267e-05
HAUS6,4.3379722157076894e-05
KIF26B,4.337902539526049e-05
ABHD2,4.337356290373639e-05
ABHD8,4.337356290373639e-05
C1RL,4.337304539248238e-05
TRAP1,4.336738969906763e-05
MMP27,4.336048563775778e-05
NENF,4.335029181180685e-05
ASB16,4.334253249094402e-05
SHF,4.33392318056995e-05
ADAT3,4.331424189595857e-05
NUDT16L1,4.330241085509831e-05
TRPV3,4.329621828315053e-05
PLEKHA4,4.32844480866006e-05
MIA,4.327815321658519e-05
GRIK3,4.325773890943489e-05
ALDH1L2,4.3246378266980875e-05
LRRC39,4.324211047755463e-05
IFNE,4.322730286128301e-05
RAB43,4.322616362269484e-05
OPN3,4.3223541718278765e-05
APCDD1,4.3206985841842343e-05
ILF2,4.31937659380884e-05
GPR64,4.318438031005423e-05
TNS4,4.313467658083648e-05
MLF1,4.313161173370788e-05
ANGPTL5,4.311509009917332e-05
MARS2,4.30919283391306e-05
OPHN1,4.3091461059960696e-05
APOBEC3H,4.306579990042442e-05
PRND,4.3058276470484764e-05
DNASE1,4.305546001072878e-05
CYP27B1,4.30367643478804e-05
SLA,4.3030583910041364e-05
DPEP1,4.302625214834397e-05
CTSC,4.30151234612085e-05
STT3B,4.300165626894214e-05
LHB,4.2996405694228143e-05
PRKCH,4.297928964038826e-05
ADAM32,4.296579261475437e-05
EPB41L4B,4.296041944744939e-05
TXLNB,4.295869516144652e-05
MYOM1,4.295353647914176e-05
XCL2,4.294028744638976e-05
DNAJC12,4.291997928188809e-05
GLT1D1,4.29018523850147e-05
CECR1,4.289181786501596e-05
TRPM1,4.284749952503584e-05
SUMO4,4.284696509149685e-05
NOL12,4.284185570432025e-05
SNX20,4.284037374656966e-05
SUB1,4.283624490502215e-05
EMP1,4.276871905923825e-05
ESM1,4.275956643398562e-05
WDR63,4.275035083903341e-05
TMEM125,4.273823371193057e-05
CMTM2,4.271868645560127e-05
GLYAT,4.2691914500198877e-05
MXI1,4.268215075630148e-05
PPP1R9A,4.267178787728282e-05
SIGLEC11,4.263379498031017e-05
CD302,4.263237008904746e-05
MMP17,4.262164541244509e-05
SLC25A10,4.261191092682302e-05
ARHGAP19,4.260814348660414e-05
ELMOD2,4.2564631918460234e-05
ZP1,4.252276203081666e-05
MAGOH,4.2502611070454356e-05
FAM73A,4.2439934440282874e-05
SATB1,4.24215841116325e-05
PHLDB1,4.2412128817018806e-05
FNTA,4.2402480586768296e-05
MIA3,4.238560179780677e-05
ZNF518B,4.2383016009219114e-05
CIB3,4.236517862339531e-05
MTUS2,4.236517862339531e-05
RASAL2,4.2346303706765375e-05
PIR,4.2285174810962824e-05
ZNF395,4.2284340323778e-05
AMD1,4.22793610274096e-05
TTC37,4.227816900624269e-05
PARP3,4.226013938418603e-05
PARVG,4.224233714277675e-05
EVX1,4.223116389569755e-05
CCDC102B,4.2230263545317074e-05
DDX11,4.2209205819780254e-05
TXNDC16,4.220084875514111e-05
ITPRIPL1,4.218227122996759e-05
MSI1,4.2153018904480596e-05
GAMT,4.212697295790293e-05
APBA3,4.212180735496569e-05
KCNK1,4.210769768568064e-05
CTSO,4.209403212438929e-05
SPDYC,4.209040043178761e-05
CELF6,4.208224248141019e-05
KTN1,4.2069039772718776e-05
SNCG,4.206243432812656e-05
STARD3,4.205970541098812e-05
LRRC70,4.2046519262887067e-05
MPHOSPH9,4.204244316080815e-05
ITM2C,4.2039699502572505e-05
SPIC,4.203771103855058e-05
IDUA,4.197990985989893e-05
SARM1,4.197499958426462e-05
MS4A4A,4.196218323188293e-05
ISYNA1,4.195244539160947e-05
SYNGR1,4.194401156095921e-05
DYNLRB2,4.192026147692581e-05
C12orf57,4.189419430507724e-05
ZCWPW1,4.184579260293755e-05
S100A13,4.1839921919659846e-05
BMF,4.182497075224995e-05
SMS,4.1817880014437206e-05
PUF60,4.18094097890432e-05
SLCO2B1,4.180929237197448e-05
VASN,4.17912020142389e-05
SLC29A2,4.1789324656401415e-05
SMN1,4.177197992351048e-05
SSTR3,4.1763193964483025e-05
FAM167A,4.171156161592878e-05
GPR18,4.16768249272938e-05
OTUD7B,4.164893066972179e-05
CEP120,4.164241706385525e-05
ZBTB17,4.161377918630507e-05
RAB3B,4.155258290260045e-05
DSG4,4.150631651896608e-05
DALRD3,4.149422410576859e-05
MYLK3,4.148708657316992e-05
SLC22A4,4.1473144402324687e-05
TMEM182,4.1458730887351145e-05
U2AF1L4,4.1449726889785006e-05
NSMCE2,4.1438701072230555e-05
TPCN2,4.1430205454583584e-05
MBTPS2,4.1389083729642665e-05
P2RY11,4.138252695950934e-05
DBP,4.1380240289162496e-05
NKX3-1,4.1349698342440156e-05
ACAP1,4.128749911506427e-05
FGL1,4.128663614226807e-05
DNAJB13,4.126496704012615e-05
GPR6,4.125692898466998e-05
CCKBR,4.123027964286445e-05
CLDN14,4.122701496198067e-05
POLI,4.119756039742264e-05
CROCC,4.119165193102764e-05
FCHSD1,4.1137596709404506e-05
SP6,4.111784403279168e-05
BAIAP2L2,4.109634403526765e-05
BOLA3,4.1091338082203085e-05
ALDH5A1,4.10818957788864e-05
AARS,4.1039096993080625e-05
PANK3,4.1028216370685956e-05
SLC7A7,4.101585720357213e-05
CRYBB2,4.100922299602279e-05
PPIP5K1,4.100755616420223e-05
DHDH,4.098228773721413e-05
TELO2,4.092828369105262e-05
ZNF185,4.0912082271153754e-05
GALK1,4.086817311711262e-05
CRELD2,4.084756701921664e-05
TUBGCP4,4.084152058091204e-05
PDZD3,4.083468348966609e-05
PPP1R16B,4.0797392842002556e-05
RAB23,4.076195853801584e-05
HPCA,4.073695162139519e-05
SARS2,4.070371400615912e-05
DOCK6,4.067511589113663e-05
TMED9,4.067481673328927e-05
UAP1L1,4.064075719177571e-05
CCDC113,4.061777645997086e-05
DSCAM,4.0585357032313895e-05
LSM1,4.052826971704211e-05
TRAM2,4.051626302364949e-05
MASTL,4.051550867724657e-05
NACAD,4.0506838273458584e-05
SLC7A14,4.0502042616099356e-05
EBI3,4.047712774385607e-05
TNFSF9,4.0462744378945446e-05
SELM,4.0423100823595995e-05
ST3GAL5,4.041891704729414e-05
DAK,4.034585013697966e-05
SLC38A5,4.03411663689381e-05
ACMSD,4.033371316081099e-05
LPGAT1,4.031467288836462e-05
CEP192,4.0301193327406715e-05
TNIP2,4.030000636009193e-05
FAM175A,4.028696412808569e-05
SLA2,4.0275994678865014e-05
RENBP,4.024008998748572e-05
CPLX3,4.0235740365656704e-05
SLC4A5,4.0224552221663e-05
PTGR2,4.0222753971343654e-05
COCH,4.014533891183762e-05
RANGRF,4.0140307323016657e-05
NDRG4,4.013623601125594e-05
TMED3,4.012246607739783e-05
PXMP2,4.009814778145234e-05
RBM24,4.007626256707754e-05
UCKL1,4.0057326533935734e-05
DUSP8,4.005344851575647e-05
DUSP9,4.005344851575647e-05
RTN4RL1,4.0040057690677765e-05
FOXRED2,4.0009428608412063e-05
TMEM44,3.999377510093055e-05
PVRL4,3.998979053077552e-05
ITPK1,3.9926483448701194e-05
YEATS2,3.992611451350271e-05
BNIP3,3.992286426144713e-05
SLC35D1,3.991561219436441e-05
ZNF496,3.9880805557580945e-05
DHRS7B,3.98485218587284e-05
SKIL,3.983574626000192e-05
FSD2,3.983170753056343e-05
PKD2L1,3.980096225974056e-05
ERO1L,3.976513672929428e-05
LAMB4,3.973184027258986e-05
CLDN6,3.9713070340631835e-05
SH3BP4,3.9690632380994156e-05
CCDC18,3.9673225290872774e-05
ARX,3.958951164949204e-05
PGBD1,3.957999620192832e-05
PNOC,3.957631441089454e-05
CARD14,3.95743776689011e-05
SUPT3H,3.957351180707985e-05
PHLPP1,3.956212105786186e-05
FBLIM1,3.955474786612358e-05
COASY,3.9517410659560795e-05
EN2,3.95023729276376e-05
EXD3,3.9444254334552405e-05
CLASP2,3.943492208320228e-05
AHRR,3.943128114551376e-05
CDC42EP2,3.9424873252642825e-05
NEIL1,3.941934422889621e-05
PUS7,3.9365820482803e-05
BRWD3,3.933910579687917e-05
CRISP2,3.9331261595846805e-05
HCRTR1,3.928276844039148e-05
PHIP,3.924563448642539e-05
SLC6A17,3.922176001724605e-05
NGB,3.9214454204269195e-05
NKG7,3.920590828112171e-05
DISP1,3.91985901259308e-05
RPS6KA4,3.916435179718159e-05
PRMT6,3.9138711075767004e-05
MICAL2,3.911048790273796e-05
TNFRSF19,3.9108982740306354e-05
GALR2,3.910802780227385e-05
LILRA1,3.900878288733569e-05
DUSP2,3.8955967208854846e-05
KIAA2022,3.8929568377393754e-05
PPCDC,3.888132944103572e-05
ZNF609,3.884268467020671e-05
ATF7IP,3.880000424805637e-05
SPATA5,3.8796731980590296e-05
NUDT22,3.878941877343072e-05
VASH1,3.876766650912158e-05
ZNF397,3.876722679476405e-05
MIOX,3.874524368974987e-05
PHOSPHO1,3.874490110751043e-05
FKBP8,3.8740869571405664e-05
COBL,3.8736720739936005e-05
DLX1,3.873229546770895e-05
BDH1,3.871226187997757e-05
RHOBTB3,3.8688124901801405e-05
KIAA1328,3.867607016190181e-05
LYPLA2,3.86310376441142e-05
ELL2,3.862389309139973e-05
PIGN,3.8597206787827154e-05
TMEM106B,3.850948872514257e-05
PUS1,3.8485362831479964e-05
TMEM173,3.8478360264312096e-05
PPT1,3.8466322359783195e-05
ATOH7,3.845869116134105e-05
SLC18A1,3.8405470120855794e-05
DNHD1,3.8376890546708506e-05
RAB40B,3.83625192798841e-05
NFIA,3.8308692496383926e-05
SLC28A1,3.8286715994570916e-05
OCIAD2,3.819813829682526e-05
WWC2,3.817937466450107e-05
RFNG,3.8174952266025606e-05
TLR5,3.8171259415206734e-05
XYLB,3.813502701461707e-05
PLA1A,3.8122523520676204e-05
FBF1,3.810248562735844e-05
TMEM120A,3.802207037500244e-05
ADI1,3.7948424648566734e-05
ADRA2C,3.791060789373422e-05
PPFIBP2,3.788045808686263e-05
FCGRT,3.78041321121708e-05
CASC1,3.780316636282434e-05
CHST5,3.7758730160266715e-05
NIPA1,3.774314581105932e-05
FCRLA,3.7739603939032924e-05
CAPN8,3.7734691012928676e-05
C8orf59,3.768939487704775e-05
DCAF4,3.767634417646374e-05
UCHL3,3.765931927810293e-05
OSCAR,3.765457484599597e-05
NDUFAF3,3.760310340302362e-05
RNASE2,3.752652301335395e-05
RAP2B,3.7522710731771794e-05
ZNF436,3.7520391487423174e-05
PARP10,3.750854106878042e-05
TCTE1,3.745591954549963e-05
TGIF2,3.7447211525105275e-05
LHX9,3.7424169426492455e-05
PHLDB3,3.737369310796101e-05
FAM92A1,3.73255689121479e-05
DCLK3,3.7322180788016474e-05
TSNARE1,3.7305202166623844e-05
FAM83G,3.726838173874654e-05
CCDC66,3.7255424976555325e-05
SCGB3A2,3.724385844176692e-05
ZNF512,3.723863031581668e-05
C2orf16,3.723863031581668e-05
APOBEC2,3.722399793150448e-05
IMPA2,3.7207931189511084e-05
SIVA1,3.719538275250888e-05
ARAP1,3.7169977134612884e-05
IGSF11,3.712589485622841e-05
MTMR4,3.7096802386177275e-05
RHBDF1,3.708915702318442e-05
RAB12,3.7070807299910436e-05
RASA2,3.704334086341394e-05
TMEM107,3.701481957332364e-05
C19orf70,3.697509208608558e-05
MYO10,3.6966195892987105e-05
TAZ,3.6959444702550916e-05
NKTR,3.694246398942658e-05
ELAVL3,3.6861932654653904e-05
ZNF541,3.6789844515223055e-05
RCN1,3.6788329536591416e-05
IMPAD1,3.67726511300963e-05
CCL26,3.676337547780819e-05
EMB,3.6735704409878077e-05
BACE2,3.6727529535264185e-05
UCN2,3.6724397260365834e-05
RANBP1,3.672005072691301e-05
TMEM189-UBE2V1,3.671245241747986e-05
MTDH,3.6657328574401816e-05
MEP1A,3.662977688817774e-05
EXTL3,3.662930535327763e-05
LZTFL1,3.6620484712056176e-05
KSR2,3.6574265887923365e-05
REEP5,3.652664592497144e-05
PIGP,3.652337517453724e-05
ISM2,3.6497181107322064e-05
CCKAR,3.6493045150869674e-05
ATP6AP1L,3.647978898629826e-05
SELV,3.647885696118479e-05
ACAD11,3.6464293580852617e-05
FOXK1,3.645404695789454e-05
CNNM2,3.643776905633165e-05
C11orf70,3.637267274569291e-05
LYZ,3.633976196422944e-05
SNPH,3.633261850405282e-05
SLCO5A1,3.633106457206926e-05
APOOL,3.632866997587358e-05
RUNDC3A,3.632854569235243e-05
ELFN1,3.630968753617701e-05
CNN2,3.629123957820254e-05
ADIPOR2,3.628108185675259e-05
TMC8,3.625905523734249e-05
SLC1A6,3.6227252818325564e-05
RS1,3.621448184548283e-05
LRIT3,3.61826878978184e-05
SSH3,3.617961861788645e-05
CCL15,3.6178337626878954e-05
MSL1,3.6164566219537783e-05
HMBS,3.6156052292216094e-05
BRSK1,3.61336679178049e-05
SEMA4A,3.613198470269487e-05
C4orf26,3.6110116832401045e-05
IVD,3.6089198777290255e-05
SERPINB3,3.6065814361161196e-05
INSRR,3.597304144997452e-05
THBS3,3.595616726038861e-05
TXLNG,3.595309812343703e-05
VNN2,3.593792955137489e-05
ARVCF,3.5923557980970125e-05
TMEM68,3.592350512217073e-05
KCTD7,3.590601569963693e-05
SLC22A16,3.5881839899455755e-05
POU4F1,3.5877582109586745e-05
IMPA1,3.583996444386968e-05
MAB21L2,3.582525972161988e-05
CRYBB1,3.581658541300229e-05
ORAI2,3.580580735968968e-05
KCNA7,3.5802716415044104e-05
UBD,3.577386157621652e-05
WFIKKN1,3.5761610993572846e-05
PDCD4,3.5722940075400934e-05
ZNHIT1,3.571076421076536e-05
SLC16A10,3.566233473044497e-05
RAET1L,3.563310989783421e-05
ADAL,3.562736712249757e-05
MST1R,3.562409428763583e-05
GPA33,3.561777935994191e-05
CTSF,3.559954875423223e-05
ARHGEF16,3.5592056094940176e-05
RAPGEF5,3.558996753545524e-05
ATP8B1,3.5589544833822475e-05
MYT1L,3.5553926825520014e-05
HMHA1,3.550662028005297e-05
CLEC4C,3.5496022083454836e-05
SLC5A2,3.548543396369003e-05
DOHH,3.54752381444277e-05
EAF2,3.547013958523116e-05
CSAD,3.545439845203302e-05
PDIA2,3.544664894011579e-05
SH3BGR,3.543579241166886e-05
CCS,3.543101401714608e-05
AHSA2,3.543039785664958e-05
OPN4,3.5419029100597435e-05
SPSB1,3.534728425133749e-05
PLEKHA6,3.5345012149335596e-05
TUBG2,3.533168135259341e-05
SRRM4,3.525493051110693e-05
HIVEP3,3.517069272662992e-05
ZCWPW2,3.5133391268677245e-05
TRIM66,3.5133391268677245e-05
GIPR,3.513241763947697e-05
MGAT5B,3.512497104994263e-05
NEK7,3.5094682489060336e-05
CCDC15,3.5079432579285036e-05
PIK3AP1,3.505854033621997e-05
MMP24,3.505760098065138e-05
XPOT,3.504689445946195e-05
KCNJ6,3.501306927863941e-05
FRRS1,3.50107114305845e-05
NFATC4,3.499336715430385e-05
DERL3,3.498696417174236e-05
ARL13A,3.489392245457412e-05
INO80E,3.4879686876942466e-05
DPP7,3.485390463660758e-05
LCA5L,3.484176186955719e-05
LRRC19,3.476666835611579e-05
SLC26A2,3.47468876522914e-05
TRMT61A,3.4746517091371894e-05
POU3F1,3.47314248709132e-05
PDP1,3.4712125000048936e-05
CCDC85C,3.469100070521062e-05
MACF1,3.465478975567647e-05
C11orf31,3.4641748495791344e-05
SRGN,3.463180348922123e-05
NPPC,3.4608349263459074e-05
TCEA2,3.452793978767109e-05
SHPRH,3.4506503224529726e-05
USP6NL,3.45031060452825e-05
GMPPB,3.448400280844721e-05
SMG1,3.44627622681358e-05
TPD52L1,3.4453138950680216e-05
MYOF,3.444268119010184e-05
DOK6,3.4436722474899195e-05
ADAT1,3.44339260936693e-05
SRCIN1,3.440063180499349e-05
DPF1,3.438000286997628e-05
NUFIP2,3.4361238385516525e-05
HOXB2,3.435460052404847e-05
LGALS3BP,3.424687184967583e-05
GCDH,3.4235042260127946e-05
SOX4,3.421671297821648e-05
TUBGCP6,3.4196681892583905e-05
TNFSF13,3.419094774219048e-05
HHAT,3.4165019312134346e-05
GNLY,3.408943588619938e-05
EID1,3.407000433959267e-05
SLC5A12,3.402279382153382e-05
KCNJ13,3.3994950034621664e-05
PGBD5,3.397368384763679e-05
SPCS2,3.396674498903607e-05
DDN,3.394887093921324e-05
SLC22A2,3.393392031536194e-05
SCAND1,3.392929975535498e-05
LRRC66,3.391488223115273e-05
MBIP,3.388711724822764e-05
MPG,3.388549486006746e-05
RNF32,3.387272180723455e-05
C11orf30,3.3834053603821314e-05
S100A16,3.382286741763464e-05
RAB33B,3.381737851607054e-05
MDN1,3.3792701892518314e-05
PFN4,3.377310637139327e-05
TCEA3,3.377209790015923e-05
SLC20A2,3.3769721067752146e-05
RHOF,3.3768981655120214e-05
ATP5EP2,3.374794505467532e-05
BLVRB,3.3743654518681026e-05
CTSE,3.371223683695226e-05
DZIP3,3.370854364919523e-05
RAB39B,3.3648750235073956e-05
RASAL3,3.364475361352893e-05
SLC6A12,3.3620918302882425e-05
C4orf29,3.361611374859916e-05
SLC12A9,3.360295684989615e-05
GAA,3.3602162916520065e-05
TRIB1,3.360199058494296e-05
NHS,3.359886438225148e-05
LAT2,3.3588058358791016e-05
SORBS3,3.357906349278412e-05
SLC12A7,3.3552258013731237e-05
PROZ,3.3538402997052636e-05
TCTEX1D1,3.3530195818919564e-05
ACYP1,3.35237769925477e-05
CST6,3.348733665075716e-05
FA2H,3.336744364320392e-05
TMLHE,3.329694452621894e-05
MOCS2,3.329385237257132e-05
RNF139,3.3234651337346424e-05
ARL3,3.323357626436162e-05
ATP2B1,3.323021832914283e-05
KHDRBS2,3.322630208338721e-05
TMEM86A,3.322482516264521e-05
ALG10,3.3222348724861455e-05
ALG10B,3.3222348724861455e-05
STK36,3.321814240041164e-05
CASC3,3.3207177139814524e-05
SEMA6B,3.320403419157127e-05
LILRB4,3.3199014151714135e-05
BBS12,3.312227527011085e-05
TREML1,3.3117571487773996e-05
PCSK1,3.309831044925473e-05
PIGS,3.309116060156101e-05
CMTM1,3.305419609095656e-05
STXBP4,3.302797237893887e-05
TMC6,3.3025256048802606e-05
VASH2,3.301455015577346e-05
ICOS,3.301042274219889e-05
C6orf211,3.297571089883748e-05
KCNV1,3.2948696276579575e-05
CTNNAL1,3.2933460713402275e-05
UBXN2B,3.291927255777848e-05
MTAP,3.2915656289449495e-05
DENND4C,3.289469540515193e-05
PLEKHJ1,3.289236920147963e-05
CEND1,3.288230997264722e-05
GFI1B,3.288180731794865e-05
TAP2,3.287929527208934e-05
GADD45B,3.281762231498469e-05
HDGF,3.279725476319703e-05
CILP,3.278966956341894e-05
HAL,3.2753823871255116e-05
TAP1,3.2752594713047716e-05
L2HGDH,3.274803596988761e-05
TMPO,3.273070802169354e-05
PHEX,3.2726744801532716e-05
CASD1,3.269394234859177e-05
SDCBP2,3.269051371840032e-05
GJB6,3.268304194656437e-05
SLC6A13,3.264621368180948e-05
LMAN2,3.263824014566301e-05
CHRNA5,3.26149633466006e-05
NME5,3.258436955772552e-05
RAB38,3.257792594317981e-05
CLNS1A,3.256193399560601e-05
MREG,3.252335029597821e-05
EXOC6B,3.252019300227508e-05
TSPAN15,3.2465319554111784e-05
CD70,3.243744717868946e-05
ZSCAN20,3.2376579113335096e-05
KIAA0196,3.2365661740438236e-05
CD300LF,3.236161055218609e-05
SSTR2,3.235738846105696e-05
WFDC5,3.231215821773255e-05
RTN2,3.230075181652265e-05
PAAF1,3.226775648706983e-05
PGLS,3.226433276091581e-05
NEU3,3.22164435790274e-05
PSPN,3.2210083724494695e-05
CLCF1,3.219478898802919e-05
NRM,3.2179045548011595e-05
MCF2,3.215352541577783e-05
C4orf47,3.2144758611136294e-05
ZC3H6,3.212002911268759e-05
GRHL1,3.208817458922644e-05
CRTAM,3.2083121950725794e-05
CRYGS,3.20124283036445e-05
CA8,3.200461960269501e-05
CA14,3.1996150915578316e-05
COTL1,3.19875821715737e-05
GCAT,3.196660866995365e-05
ANKFN1,3.1895213916993086e-05
ZNF34,3.1882266783261515e-05
AP1S3,3.187220593075517e-05
MTX1,3.1867655818254634e-05
TRIM44,3.181942390173756e-05
GTF2IRD1,3.181290844388647e-05
PRRG2,3.180936594196194e-05
SEPSECS,3.177488929266366e-05
ASGR2,3.175947821638833e-05
TMEM55A,3.1753686807521167e-05
ELOVL5,3.171220509558862e-05
TTC21A,3.1709685886453174e-05
SGK3,3.1672632357236674e-05
CAPN14,3.166822406684299e-05
RAB34,3.164831124414257e-05
MAN2A1,3.161096662137534e-05
CLCN3,3.160533462021771e-05
MESP2,3.160076237643524e-05
ASH1L,3.159602549170512e-05
PSTPIP2,3.159493023147125e-05
DCPS,3.1540635859439144e-05
UNC119B,3.153805259014845e-05
PTAFR,3.152991473088336e-05
LRP3,3.1526952251661356e-05
APBB2,3.147973912904869e-05
MBD5,3.1468352876785624e-05
TMEM26,3.1462756499089816e-05
BRF1,3.1461082279435485e-05
XK,3.1456566836453045e-05
INF2,3.145425456009295e-05
PMCH,3.1441722156570165e-05
DLG5,3.1429455276251486e-05
SIM2,3.141568801809554e-05
NEK6,3.1364613586189195e-05
ATP11C,3.1341040980314855e-05
LGI3,3.129136971935652e-05
OCM,3.128120598696684e-05
SNF8,3.125386502399403e-05
CHIT1,3.125040725700564e-05
MAGEA2,3.122569942741183e-05
FAM161B,3.121627106498217e-05
HTR2B,3.118326213953212e-05
CYTIP,3.114912280002601e-05
OBSL1,3.1103261026880466e-05
CRYZ,3.108328355071674e-05
NRSN1,3.107640707896212e-05
LRFN1,3.1013918025054076e-05
PCDH10,3.101058336782712e-05
SYNPO2L,3.1008723381386264e-05
SQRDL,3.09886729241607e-05
OTP,3.092882620059961e-05
FARP2,3.084392162410421e-05
AMMECR1,3.08405855849706e-05
CD300A,3.083525119909048e-05
CASS4,3.079335419656788e-05
MAGEF1,3.0762322258154e-05
DNAH10,3.074974012549884e-05
EFR3A,3.074689475234533e-05
RAB4B,3.074672157573518e-05
TAF7L,3.0707582341612956e-05
SSH2,3.0686634997823824e-05
ZNF444,3.0658850654271696e-05
RHBDD3,3.06520409735914e-05
LENG8,3.063302790805195e-05
DAND5,3.0622081141204154e-05
PCBD2,3.056016074130468e-05
SLC25A42,3.053176087440324e-05
CYP2F1,3.052634134930137e-05
IQCJ,3.0501667279256625e-05
LRRC49,3.0490687942722704e-05
ESRP2,3.0473118053216092e-05
PAWR,3.0417662494911737e-05
CRYBB3,3.0417229029661813e-05
MTTP,3.040812029232738e-05
POU5F1B,3.039769106266556e-05
FGFRL1,3.0383696388027115e-05
ZNF763,3.0383526701126944e-05
ZNF44,3.0383526701126944e-05
ZNF569,3.0383526701126944e-05
HSPB9,3.035121778335534e-05
CHORDC1,3.0322638083936466e-05
PHF19,3.028753758861018e-05
LCORL,3.0284374266540604e-05
HTRA1,3.028144776889316e-05
MATN1,3.027996641755912e-05
ARHGAP29,3.0269806997741602e-05
LRRC16B,3.025608400525129e-05
KIAA1715,3.024962138008271e-05
ATF5,3.0243913196473106e-05
PALM3,3.0233277553219974e-05
P2RY6,3.0222651637589303e-05
KHDC1,3.0222491595665796e-05
NHLRC1,3.0181346194382e-05
IGSF5,3.0134785827423474e-05
MLKL,3.0133689935429386e-05
C8G,3.0129293281011943e-05
QTRT1,3.012692547935584e-05
B4GALNT2,3.0105933405932072e-05
ANTXR1,3.0069266203229452e-05
KIAA0319L,3.004118451047611e-05
PADI4,3.0001187292038706e-05
PNMT,2.9990058732002642e-05
ARHGAP4,2.998752709677001e-05
RNF152,2.9969102385560517e-05
CAPN10,2.9942898816310055e-05
SLC22A17,2.9921704300994197e-05
KIAA1731,2.987930421078465e-05
NAAA,2.9877269451510338e-05
TES,2.9854471889264476e-05
FGF12,2.984664819477789e-05
CCDC108,2.9837965658832986e-05
RAB40C,2.9830431817241822e-05
MBTD1,2.982283104627916e-05
GDPD4,2.9800616907557545e-05
VSX1,2.9794475338181417e-05
SERPINA12,2.9755697585551676e-05
ANKRD55,2.9744873360103704e-05
ARNTL2,2.9741698639227096e-05
EMR1,2.9730477731422338e-05
NMBR,2.9713980096991702e-05
TNFRSF10C,2.970237582574241e-05
LRRTM3,2.9690356947455665e-05
WEE2,2.9677207334198188e-05
AICDA,2.967355209280484e-05
PEX6,2.964821995623274e-05
INSL3,2.9643730936967983e-05
KCNG2,2.963015235360864e-05
KIAA1598,2.961399950650341e-05
THBS4,2.9612041852322928e-05
MID1IP1,2.9585468227450775e-05
CPEB2,2.9584382004874534e-05
REEP2,2.9582392645721355e-05
MAGEA4,2.9565461305827283e-05
OLFML2B,2.952921206265498e-05
LTBP3,2.9518489800635025e-05
NAA10,2.950711545559842e-05
KCNJ15,2.9494034076055395e-05
STK38,2.9493348040046138e-05
ELMOD1,2.949254954507927e-05
FMNL1,2.948901004899542e-05
UBR1,2.948025424677358e-05
TBX2,2.9445188033155673e-05
SLC7A9,2.943991674205942e-05
C6orf25,2.943691234058346e-05
MIPOL1,2.941529157509057e-05
TACR3,2.9316503307401377e-05
NLRP6,2.930972986164579e-05
KRT20,2.9305371289983318e-05
NDOR1,2.9304982411212926e-05
CD300LB,2.928154592208927e-05
PCYOX1L,2.927912199150793e-05
MAGEL2,2.926660373538412e-05
GATS,2.9215012510753993e-05
GRK7,2.9210245450386365e-05
CD101,2.9207608191915423e-05
MYPN,2.9198667861380478e-05
CYB5D2,2.9196527581378107e-05
DYRK2,2.9185009334056415e-05
JPH3,2.9170205713726452e-05
IGFBP2,2.914075241721288e-05
MPP2,2.9138592546095704e-05
SLC5A8,2.9121879836455165e-05
CTRL,2.9120820280389145e-05
LTBP1,2.9119652158227175e-05
EDIL3,2.9118917423490348e-05
SLC2A11,2.9094867816788085e-05
SBSN,2.907947274070426e-05
LILRA4,2.9026957125669217e-05
NAGPA,2.8997231504518924e-05
SLITRK1,2.898555183079973e-05
EML1,2.898505888977148e-05
LMF1,2.8964232593439767e-05
DNAJB14,2.8962172487855174e-05
SLC45A1,2.8961396353248968e-05
ZNF280A,2.894011862091226e-05
NLRP9,2.8907499657182094e-05
ERGIC1,2.8871991079665467e-05
RUNDC1,2.8857059996866302e-05
PDSS1,2.8854256021748847e-05
TET3,2.8849507495435285e-05
MC5R,2.884742854168811e-05
S100A11,2.884623721850818e-05
TNS3,2.8816926969990774e-05
TMBIM4,2.8812245740855654e-05
LTB4R2,2.881136311442689e-05
OVGP1,2.8800327737172737e-05
SYT12,2.8781974023112055e-05
FRAT1,2.8755487802707588e-05
CHRM5,2.875365383813245e-05
SH2D2A,2.870234885437398e-05
KCNS3,2.8671669219683345e-05
MMP21,2.8658395629342267e-05
APLNR,2.8657551886743262e-05
LCOR,2.865469547881876e-05
RXFP1,2.865363706102041e-05
TNKS1BP1,2.864405421464713e-05
DCHS1,2.8622527199585556e-05
EDARADD,2.8622028418106733e-05
TGM4,2.8619306588740416e-05
C11orf21,2.8588626542572613e-05
CD160,2.8588572677035352e-05
SAMD8,2.8581766480234303e-05
PMF1,2.8558117455915318e-05
SLC17A5,2.8517844053382124e-05
LRCH3,2.850936756123352e-05
ZNF420,2.850438505139819e-05
C15orf27,2.8493999009543685e-05
IGF2BP3,2.8483806129103894e-05
PUS7L,2.8451114351986867e-05
GCGR,2.8445352462683825e-05
IGFBP7,2.8434726464313197e-05
PLAC8L1,2.841868000045117e-05
ISPD,2.838382961612431e-05
UBXN8,2.835240977419704e-05
WDR49,2.833077211535629e-05
SSSCA1,2.8330504882197273e-05
F2RL1,2.8292413963788242e-05
ATP13A2,2.8291381570264704e-05
BEND6,2.8271550889346738e-05
LHPP,2.825321004379461e-05
CMTM4,2.825128679255884e-05
MAN2A2,2.8214020756894912e-05
CHD5,2.8209044190664295e-05
SPAG17,2.820249689951625e-05
NDUFAF4,2.8191478382014555e-05
RFX3,2.812476312502096e-05
LILRA2,2.812354300112067e-05
RIN2,2.8096979497701074e-05
ZFP42,2.8049116053476035e-05
CORO1C,2.8025117294495067e-05
FIGNL1,2.801559667253043e-05
CA7,2.8002684243078898e-05
OR2W3,2.7997226232804476e-05
PLEKHA8,2.7994948069711106e-05
ISOC1,2.7985391468501157e-05
CYSLTR1,2.79839716867249e-05
TEX2,2.7978224607578202e-05
FNBP1L,2.7952861391223774e-05
DPM3,2.7914005736863906e-05
HES7,2.7902627867527455e-05
ABCC4,2.78949612297949e-05
TAPT1,2.788411427664294e-05
LZTS2,2.786215278608395e-05
CDK2AP1,2.78369528308751e-05
NXF5,2.781395680261188e-05
FKTN,2.7791569168133992e-05
NUBP2,2.777670632244804e-05
ALOX5AP,2.777319116110906e-05
LRFN4,2.775078920844086e-05
CNTN5,2.7743452979927777e-05
CARS2,2.7736084530369663e-05
BRF2,2.773303850881909e-05
CEP250,2.7712594834518743e-05
FAM83F,2.7684190661007633e-05
ZNF827,2.7665702671728746e-05
SLC4A7,2.764876823322417e-05
POU2F2,2.7647201979560557e-05
NDE1,2.7641859227752856e-05
ZNF165,2.763057032788312e-05
ANKHD1-EIF4EBP3,2.760056432212635e-05
ASGR1,2.759742176889624e-05
CLIC3,2.7576658670908477e-05
TMEM194A,2.7575146763357976e-05
ADARB1,2.7562244067068183e-05
PKD1L1,2.755593287432138e-05
TMEM159,2.7552875808537428e-05
LYPD1,2.7489693173541485e-05
DOK4,2.7478518541377287e-05
HOOK2,2.7470115992775595e-05
LRRC4,2.7441145512386852e-05
CIB1,2.7416924242308625e-05
SLK,2.7387064122843486e-05
ARMCX3,2.7348414297456188e-05
LSR,2.734256885120808e-05
FOXP4,2.7328477089888524e-05
CAMKK1,2.730568858829325e-05
ARFRP1,2.7303412823872295e-05
CERKL,2.7257476109964127e-05
APOBEC3F,2.7219402576308825e-05
LRRC26,2.7202525188701218e-05
EBP,2.7200109555245495e-05
LEPREL2,2.7193574696720973e-05
C14orf2,2.7151179286208792e-05
MAN1C1,2.7132618536934518e-05
TSSK6,2.7095068400836336e-05
CPSF4L,2.7088973872849777e-05
D2HGDH,2.706359925909185e-05
PQBP1,2.7054427828105434e-05
KBTBD3,2.7034438910721945e-05
GUCA1B,2.7025595014522618e-05
TTC14,2.6959914925758274e-05
MAP3K12,2.6959313434226938e-05
FGD1,2.695887761243207e-05
ARHGEF3,2.6949964455925404e-05
ITLN1,2.6949416454063596e-05
AZU1,2.6916259298522633e-05
BRDT,2.689730206168964e-05
WDR6,2.6878960098135637e-05
CCDC138,2.6866439953866886e-05
ARMC5,2.686380374904231e-05
SYNC,2.6857657319813154e-05
MAP3K10,2.685416738298869e-05
PRH2,2.6825158456110614e-05
PRH1,2.6825158456110614e-05
SIX5,2.6791053648225583e-05
LILRA6,2.6774858284097722e-05
B3GALT4,2.676974441049912e-05
HRSP12,2.6768703022490824e-05
CD52,2.6762224333117426e-05
CLCNKA,2.67393830225036e-05
PRKRIR,2.6736865351513058e-05
RIBC1,2.670207666395024e-05
IQCG,2.669735033733426e-05
LY6E,2.667891354770501e-05
WDR81,2.667758878248266e-05
ZNF598,2.6658511977430494e-05
HOXC9,2.6636051180148695e-05
IGSF8,2.656861933696335e-05
LRRIQ3,2.6556882763298225e-05
UGT3A1,2.6551193439082417e-05
UGT3A2,2.6551193439082417e-05
TXNDC2,2.6539486714487288e-05
FAM161A,2.6528264163938812e-05
GPR37,2.651669491876076e-05
PTCRA,2.6508995675764392e-05
SLC25A45,2.6506186508224043e-05
HEXIM1,2.6503637379369746e-05
LRRC32,2.650175136858904e-05
MAF1,2.648522885492611e-05
PDDC1,2.6461968626626705e-05
RAET1E,2.6452210759255947e-05
TCHHL1,2.6447655991314538e-05
ALG11,2.6438468593636885e-05
KRT24,2.6387628051370473e-05
GOLIM4,2.6383860138316503e-05
SLC9A7,2.635676851674945e-05
ORAI3,2.63196374354254e-05
DMXL1,2.6276162582105663e-05
PDXK,2.6243834182242107e-05
ZNF41,2.623685396366388e-05
ZNF81,2.623685396366388e-05
DDIT4,2.621318647393909e-05
PPP1R3E,2.621135409294756e-05
SBF1,2.6196763834462313e-05
LTB4R,2.6195240708225412e-05
HCFC2,2.618424215994874e-05
DUSP5,2.617265629766876e-05
OPRL1,2.6168059230369952e-05
CPNE3,2.6112421129889912e-05
DENND1C,2.6100523065598322e-05
SEMA4C,2.60997647289094e-05
RNASET2,2.6087446818931938e-05
NRGN,2.6085420398436784e-05
BIN3,2.6080378427739717e-05
SPATA2L,2.600018376607757e-05
CHCHD5,2.5992648859473534e-05
CNGA2,2.5987190622262943e-05
MAP3K9,2.5971645479296894e-05
CRYBA4,2.5960254120201548e-05
KIAA1429,2.5957072917639018e-05
DCDC1,2.592997049139495e-05
EXPH5,2.591921214848752e-05
RAB3D,2.5909972315381247e-05
CADM4,2.5865969015742e-05
VAX1,2.5849525749370173e-05
CDK10,2.5837746340088286e-05
COL19A1,2.583506343094351e-05
UMOD,2.5827983288460534e-05
MYO1G,2.5817212297271492e-05
MGAT4A,2.5809575265167028e-05
CAP2,2.5800285533543936e-05
GIGYF1,2.5796688711085688e-05
RCAN3,2.5793977479818026e-05
TBC1D10A,2.579154429491596e-05
HRH2,2.5767110014550576e-05
NRL,2.575402016553877e-05
STAP1,2.574316833718356e-05
PDZD8,2.573363596598125e-05
TGFBRAP1,2.5714237513531468e-05
NARS2,2.5687252283835014e-05
CLDN9,2.5675912013362787e-05
ERP27,2.5652951127025976e-05
HGFAC,2.5594525223337298e-05
TPTE2,2.5589256495524227e-05
RFESD,2.555899077663702e-05
MAP1A,2.5546023741274784e-05
MLXIP,2.5540846610567668e-05
GPR82,2.5540422650641488e-05
NUDT18,2.553947415383281e-05
LACTB,2.5530335445040175e-05
MOSPD2,2.5515414097226573e-05
LYST,2.5511566795929503e-05
NANS,2.5510586929660795e-05
ENTHD1,2.5508740394878762e-05
CYP4X1,2.5474308588447266e-05
CD6,2.544244673210916e-05
GATA5,2.5420931915723918e-05
GSDMC,2.540167511618349e-05
CLEC4E,2.539758382547795e-05
STK31,2.538547263108399e-05
TXNDC5,2.5355272226632208e-05
SEMA4G,2.534640935411591e-05
PHF20L1,2.5342818081375702e-05
RFPL4A,2.5332846461583163e-05
XKR9,2.5325719161543666e-05
CD58,2.5246434040458748e-05
DLX6,2.522482183211743e-05
NUDT17,2.5212338655876127e-05
KANK2,2.514575954393203e-05
PUSL1,2.5134991390967028e-05
PHLPP2,2.511951030070659e-05
TMEM218,2.5116363036478376e-05
PCDHB1,2.5116363036478376e-05
ZNF710,2.508829788615457e-05
ZNF385A,2.507218030478523e-05
TBC1D1,2.5071553681952084e-05
EHBP1L1,2.5067002722425356e-05
DKKL1,2.5049443444346188e-05
ANKRD37,2.504821216208633e-05
CTU2,2.503521657488245e-05
JRK,2.5024840150536048e-05
TMEM38B,2.502085758861346e-05
ITM2B,2.5006433935868636e-05
SOHLH2,2.4995972454995483e-05
TARS2,2.497899684936465e-05
VNN3,2.495576294555389e-05
NUDT1,2.4920227494805897e-05
RIMBP3,2.490843716378424e-05
FAM96B,2.4895153455967834e-05
CDK18,2.4884715809883668e-05
CNTD1,2.4876840841964273e-05
ELF1,2.4875354750650223e-05
PPP1R14D,2.487079083772795e-05
SNAPC4,2.4854013917809165e-05
HTR6,2.4852919711871326e-05
RCOR2,2.4842399678655854e-05
DCUN1D2,2.482657816567919e-05
GPR35,2.4823804318217744e-05
MOB2,2.4821576561544654e-05
FAM118A,2.4819204748529204e-05
PROM2,2.4819204748529204e-05
MCOLN2,2.4817680993786545e-05
LRRC52,2.4752455495336086e-05
IGDCC3,2.4725777210978506e-05
NUDT6,2.4715175532968955e-05
C9orf41,2.471224827591206e-05
DPP8,2.4695887876503906e-05
HIGD1A,2.46555205661609e-05
RPGRIP1,2.460016974198841e-05
NUPR1,2.4590319821414604e-05
RHOV,2.4589104054305507e-05
PLCH1,2.4582665215933742e-05
GTDC1,2.4555838372225952e-05
PNKD,2.4555838372225952e-05
BIRC7,2.4552040448470712e-05
OLFM1,2.4548875957935225e-05
CHST10,2.4513716363089918e-05
SLC26A9,2.4502615180378237e-05
GSDMA,2.4470245615945596e-05
MYOZ3,2.4467618129157486e-05
KIF27,2.4455971812969028e-05
FXYD5,2.445369546494409e-05
NINL,2.4451251271247854e-05
INSM2,2.443092358847445e-05
BLMH,2.441321338587928e-05
WDR83,2.4403928415418163e-05
USP28,2.4363755723395423e-05
NARFL,2.4361871164029152e-05
TMEM189,2.435438649084186e-05
MIXL1,2.429668746389635e-05
GALNS,2.429300434728377e-05
PSCA,2.4267718205004996e-05
WARS,2.4258314161419217e-05
TM4SF4,2.423851517559791e-05
GTF3C6,2.423844810795592e-05
DHODH,2.4231725179625258e-05
VN1R1,2.419779030100364e-05
CABP4,2.4187127824947788e-05
SPIRE1,2.4185526239503843e-05
THOC3,2.417454270516024e-05
UVRAG,2.4068759728477415e-05
RASGRP4,2.406043030785814e-05
MEPE,2.405198749348452e-05
CTTNBP2NL,2.405196981477165e-05
PDK1,2.4015806899417674e-05
LIN28B,2.3997858181566226e-05
KCTD1,2.397658643302159e-05
UBR2,2.3945569236535887e-05
HAUS1,2.3899960641902136e-05
TRMT2A,2.3897750709769283e-05
JMY,2.3879806674460617e-05
FRAT2,2.3842044401565662e-05
SLC27A5,2.3835575282583748e-05
C8orf37,2.3829365032431835e-05
ATG4D,2.3799103057801432e-05
TOB1,2.377876696681026e-05
PRRX2,2.3732301116762095e-05
NPL,2.3721725264505376e-05
ZMYND8,2.3718794602591372e-05
XPO4,2.3717270346305174e-05
ABCC3,2.371577692609237e-05
ANKS3,2.368067707310843e-05
ACTR3C,2.3675652182586598e-05
HOXD1,2.365197423124278e-05
ALPP,2.3630325835823393e-05
ART1,2.362753190963943e-05
EDN2,2.362093877843063e-05
ECE1,2.362093877843063e-05
TMEM180,2.361494385575596e-05
MFSD6L,2.361494385575596e-05
PILRA,2.3596104339945584e-05
LMOD3,2.3593442894599812e-05
MAN1A2,2.359053747135819e-05
KIAA1462,2.358324140003072e-05
PDPR,2.3558083089833205e-05
TSSK1B,2.3548770401470922e-05
IL18BP,2.3536066935087498e-05
PDXDC1,2.3526482190588623e-05
GTF3C4,2.3475811154248857e-05
SPSB2,2.3452008728450968e-05
MBLAC2,2.3449076342631505e-05
SP110,2.3424823971592655e-05
CLPS,2.3399797309947005e-05
CLEC6A,2.339575134910661e-05
IGSF6,2.339387875951954e-05
RXFP3,2.3372882083103085e-05
ACOXL,2.33597010161649e-05
TMEM87B,2.33597010161649e-05
RLN1,2.3356040644787335e-05
LENG9,2.333867003114818e-05
CDK5RAP3,2.333255561094247e-05
ARSG,2.332620259812118e-05
SECTM1,2.330872889444361e-05
ZBP1,2.330028955967166e-05
LYSMD2,2.3299771696946418e-05
SCO2,2.32991285518491e-05
CHIA,2.3296073420096177e-05
MYADM,2.327168449301927e-05
TRIM67,2.3267789438039688e-05
ADORA3,2.32632754199461e-05
LRRC48,2.3257298504362793e-05
CNFN,2.3251286255746363e-05
EVI2B,2.321569990504078e-05
PMFBP1,2.3184714687464202e-05
SIRPG,2.3140646118320995e-05
USP25,2.3129630872779833e-05
PDXP,2.312530996579378e-05
SHPK,2.306121336226262e-05
SLC26A11,2.3007165005759875e-05
CASP8AP2,2.2969391675217124e-05
RNF166,2.2957106592882382e-05
TACSTD2,2.2951330610491496e-05
UCP3,2.2950879122497407e-05
TMC3,2.2937979574311664e-05
MTX3,2.2910131888026263e-05
GLRX2,2.2898702400395995e-05
NANOS3,2.2890647815445855e-05
DUSP16,2.2870059954932982e-05
NOSIP,2.2865959603184558e-05
RCE1,2.286453315074374e-05
FMO5,2.2863037260628517e-05
FAM109B,2.2855144315095468e-05
MAN2C1,2.2848709520624452e-05
TRAF3IP2,2.2825408969145725e-05
PIRT,2.2819945392889163e-05
SYBU,2.2792483976223875e-05
FLRT1,2.2769277460939137e-05
SH3RF1,2.2761361017025564e-05
TRIM54,2.2757337228277098e-05
IL32,2.27256619291731e-05
MOCOS,2.2721406280474193e-05
SPINK2,2.2707232137885653e-05
SOX13,2.2699592220256705e-05
RXFP4,2.26635355844025e-05
SPOCK1,2.264188711467014e-05
XRRA1,2.2633114494614563e-05
DMP1,2.262103431344138e-05
PPOX,2.262081440847494e-05
ZFX,2.2604487190877934e-05
OXR1,2.2597883731779135e-05
HCRTR2,2.2597883731779135e-05
STAP2,2.259243717428507e-05
SLC39A3,2.2571958801158438e-05
DENND1B,2.257147493103299e-05
TMX4,2.2563820514395462e-05
S100G,2.256288239269181e-05
CLIP2,2.256214138628358e-05
EIF4EBP3,2.2554792391335897e-05
TMEM176B,2.25482110179606e-05
ALX3,2.2544670297750447e-05
FAM65C,2.2537043776207466e-05
NEIL2,2.2519048482216826e-05
OSBPL5,2.2512615732400458e-05
PQLC1,2.2493202302465263e-05
DEAF1,2.2432834644768008e-05
SHOX2,2.2385247093596293e-05
UBASH3B,2.235894971604674e-05
CNN3,2.2357491300248205e-05
ST6GAL2,2.232482146472877e-05
STMN2,2.2313741992110513e-05
GPR128,2.2286509319899196e-05
APLN,2.228514282951113e-05
COL13A1,2.2278776515790558e-05
SLCO4C1,2.22784059380605e-05
EMID1,2.2259563022989028e-05
CC2D1A,2.224158096537176e-05
TMEM181,2.2237730862494125e-05
NLRP4,2.22373151811613e-05
MYEOV2,2.2229603457164823e-05
TPST2,2.2194036630270036e-05
COMMD5,2.2188005334068384e-05
PLIN5,2.214708783787728e-05
USE1,2.2130630864735133e-05
C17orf96,2.2125422656823425e-05
ERI1,2.2117671616853374e-05
TMEM64,2.21085136529462e-05
GCHFR,2.2105057090187852e-05
TRAF3IP3,2.198800818161956e-05
NFE2L3,2.1966259197349828e-05
CCNI2,2.1956040098318418e-05
OPCML,2.1943261154581318e-05
CARD10,2.1942460163289124e-05
LAIR1,2.1930820552804013e-05
GSTCD,2.1918134813036937e-05
GPHA2,2.1909579021792816e-05
NLRC5,2.1902745614382476e-05
FAM83C,2.1881599404051644e-05
PLEKHN1,2.1881599404051644e-05
NACA2,2.185443247281728e-05
FAM134B,2.1847826905864212e-05
SHROOM3,2.1825567113081964e-05
GNB1L,2.1818137664048306e-05
ELOVL7,2.1793995034832493e-05
REEP3,2.1790844976600902e-05
RRH,2.1781050767673984e-05
PCP4,2.1759052133206338e-05
ANP32E,2.1718914472779972e-05
MRC2,2.168282036765935e-05
FHOD1,2.1679789069061942e-05
CLCN5,2.1649548943753208e-05
ALDH8A1,2.1649269758632182e-05
RP2,2.1647386925771616e-05
NKX2-8,2.1638617684529022e-05
TIAF1,2.1610189685422115e-05
CD96,2.1607069548398448e-05
PDP2,2.1604944956957398e-05
PDK3,2.1555585085707608e-05
ERCC6,2.155351089408286e-05
EPX,2.1507446902713965e-05
POLR2J2,2.147057110145238e-05
POLR2J3,2.147057110145238e-05
CTU1,2.1461397954688486e-05
FDXACB1,2.1459289773445516e-05
CECR2,2.144256252187016e-05
GRID2IP,2.1441742972461264e-05
RC3H2,2.14382080677941e-05
RAB15,2.1418012520179047e-05
TRMU,2.1377627103863848e-05
FRYL,2.1368742055707625e-05
GSDMB,2.1358441125399004e-05
LMAN1L,2.1354038200305328e-05
KRT36,2.13084012905592e-05
C6orf48,2.1293897822489373e-05
S1PR5,2.1291666937020893e-05
TANC1,2.128007168995873e-05
FPR3,2.126270135423114e-05
BTN3A1,2.125871980413773e-05
RASSF2,2.125747663779404e-05
ERO1LB,2.1207838139379395e-05
MEIG1,2.1183937142898118e-05
GBX2,2.1174172834384938e-05
SLC26A8,2.1161448984388845e-05
PCBP4,2.1138817173308123e-05
MYO1D,2.1131846102615198e-05
C9orf117,2.108867052639442e-05
ABHD1,2.1059090014022365e-05
CGB,2.1055854082980877e-05
PCTP,2.0980951756310268e-05
SH2D3A,2.097483222000585e-05
CTDSPL,2.0952173602139664e-05
ZMYND19,2.091854085806926e-05
DPY19L4,2.0917324630153532e-05
DPY19L3,2.0917324630153532e-05
ENPEP,2.0909604476873435e-05
GPR153,2.0883751171899523e-05
NUP210L,2.087558903252526e-05
RAP1GAP2,2.0871159952343597e-05
AS3MT,2.087072913385039e-05
PXK,2.0805482015180433e-05
TMEM169,2.0805482015180433e-05
SLC10A4,2.0805482015180433e-05
WDR16,2.0798602905063245e-05
ABLIM2,2.0794651575096887e-05
LMCD1,2.0783043465426785e-05
ZC3H12A,2.078034610658808e-05
TTBK1,2.0759550319962752e-05
EIF4E3,2.0747291573045598e-05
BASP1,2.0745025846982637e-05
SCUBE2,2.071875943483532e-05
BAIAP3,2.068660701611745e-05
CAMK2N1,2.0684807401359215e-05
C14orf39,2.0675557608953356e-05
CXorf22,2.0642170204318118e-05
ARMC9,2.0625386246028132e-05
PPP1R3F,2.058918742310623e-05
KIAA1958,2.057801714502408e-05
PGPEP1L,2.0571100525211548e-05
KIAA0907,2.0570621718011994e-05
EP400NL,2.0570301060110213e-05
ZNF518A,2.0562980758447072e-05
SCAF1,2.0556285296844062e-05
C1orf111,2.0529249654683102e-05
KLHL17,2.048993208120213e-05
CD37,2.048593971932282e-05
ITGB1BP2,2.046370283922022e-05
TMEM120B,2.0446911225026597e-05
SLC6A8,2.0429566575890388e-05
SPSB4,2.042364673670536e-05
BLVRA,2.0417061967159995e-05
SEZ6L,2.0409299046374727e-05
CXXC1,2.038311611699531e-05
RBM7,2.0374793516402555e-05
NXPH2,2.0372402923716067e-05
C7orf43,2.0372022613573395e-05
FAM58A,2.0370167498067855e-05
METTL11B,2.0360584162901836e-05
RHOBTB1,2.0355906664478322e-05
DMXL2,2.035367630033857e-05
WSB1,2.0335051276730767e-05
MYLIP,2.032845540062221e-05
FOXF1,2.0326318821294474e-05
VRK2,2.0318273115258844e-05
HES4,2.0316842540989782e-05
ADAM9,2.0279972934012676e-05
MAN1A1,2.0278726611560245e-05
ZNF644,2.0254121996966074e-05
DNAJC15,2.0250710883342278e-05
POU4F3,2.0240985701481618e-05
CNGA3,2.0217875467527977e-05
MTSS1,2.0203728011676408e-05
SP5,2.0201017603803833e-05
TMEM164,2.0191488494120422e-05
GSC,2.0188492394425584e-05
PATL2,2.015073452543017e-05
MPND,2.0145242087722974e-05
TMSB10,2.011535098763274e-05
CA5B,2.0108633643207224e-05
KIF13B,2.009633964539812e-05
KIF6,2.00875487613312e-05
APBB3,2.0037290039490378e-05
PAIP2B,2.0030755980851073e-05
TMEM200A,1.9997773544873703e-05
RHCE,1.999229211157625e-05
CCNI,1.9976328520300793e-05
NPAS1,1.9973096018819465e-05
PIH1D2,1.9968619060738726e-05
C5orf42,1.996034201047418e-05
CFHR5,1.9940669563440606e-05
NBL1,1.9939496553766512e-05
SYTL2,1.9924095880016594e-05
FKBPL,1.9920095512474e-05
PABPC1L,1.9917318891258624e-05
SERTAD4,1.9911527923741106e-05
C9orf142,1.9904645837771837e-05
ZSWIM7,1.9904645837771833e-05
NEBL,1.98905613058567e-05
CBR4,1.9888744394133895e-05
CARD17,1.9879855128749045e-05
TAS2R4,1.9863422908774263e-05
UTS2,1.9850383828057335e-05
HYAL3,1.9847452889447476e-05
CISD1,1.9841760513199557e-05
XPR1,1.9817045928984344e-05
GSG1L,1.9813165801436238e-05
FRY,1.9739813148110984e-05
NUBPL,1.9720060065370993e-05
SLN,1.9696798142527e-05
ST6GALNAC5,1.9696517762877283e-05
TRDMT1,1.969601848141281e-05
SLC16A8,1.9667437839493157e-05
SHKBP1,1.9657788668152447e-05
ANKRD34B,1.9653755418932313e-05
UHMK1,1.9623676061070616e-05
POP7,1.9601464222921494e-05
POP1,1.9601464222921494e-05
DTX3L,1.956072873497759e-05
MADCAM1,1.9553536933696686e-05
BLOC1S1,1.954235554407966e-05
CCNDBP1,1.9503701127798512e-05
MYO1E,1.948917232602786e-05
MEGF11,1.9454327440152616e-05
RPS19BP1,1.9453983206255545e-05
NRAP,1.9436499965546744e-05
CHRM4,1.941996204837791e-05
SPAG16,1.940241790137377e-05
FICD,1.9390493866552873e-05
DENND3,1.9353547860510114e-05
ATE1,1.9346506159562025e-05
NUDT14,1.933734350892742e-05
SLC16A1,1.9326174825406983e-05
YIPF2,1.9320882124517557e-05
LRFN3,1.931010745433181e-05
INTU,1.9294561033265626e-05
ATP8B2,1.9276336579514747e-05
ATP8A2,1.9276336579514747e-05
ATP11A,1.9276336579514747e-05
LGALS9C,1.9269976549186244e-05
C1QL1,1.9235257375554047e-05
LGALS1,1.922137186631625e-05
ARSF,1.918933205080999e-05
FBXO16,1.9128890115350246e-05
MRI1,1.912013361063272e-05
SLCO2A1,1.911975234625094e-05
NLRP12,1.9107586412379517e-05
LIPT2,1.910750019011476e-05
HECTD1,1.9097957945970846e-05
EBF4,1.9078917821483738e-05
SUV39H2,1.9025644869118918e-05
TP53I3,1.9025182099419726e-05
FCRL3,1.90227952295958e-05
MPP3,1.9019999084951816e-05
CLEC4A,1.896731844184298e-05
UEVLD,1.8954377016405154e-05
COMMD6,1.8946831770939913e-05
TPSB2,1.892754206334944e-05
AFAP1,1.8905508276161525e-05
YIF1A,1.8892367203173082e-05
ADARB2,1.8877706248568236e-05
HEPHL1,1.8864747882970557e-05
ACRBP,1.8837518749629792e-05
KRT3,1.8824030374136682e-05
ZNF114,1.8805690181327207e-05
BHLHB9,1.8799451277339662e-05
LILRA5,1.87808667847214e-05
DISP2,1.8777692220901466e-05
SURF2,1.875535603906748e-05
NAT8,1.8721217571009673e-05
DNAJB2,1.8714823249364283e-05
SULF2,1.8699273961227973e-05
CCDC64B,1.8682227694766313e-05
ACOT9,1.865581725529509e-05
AMN,1.8655508894533647e-05
SMOX,1.862437901426099e-05
GDF1,1.8623392937994572e-05
HIPK1,1.8602822001218448e-05
PITX3,1.8597831238515254e-05
TWF2,1.8585167975791943e-05
DUSP10,1.8579069766882568e-05
CDCP1,1.8552661873623615e-05
AUTS2,1.855218454147566e-05
PARP4,1.855129719392391e-05
CAGE1,1.8549882350536624e-05
MARCH9,1.8525945241576434e-05
RUFY4,1.8517625420464735e-05
CLK1,1.8509664708549303e-05
PTPRN2,1.844789009831627e-05
DNAH7,1.8439552135436568e-05
RRBP1,1.843813819719629e-05
C6orf52,1.8426279392638124e-05
ZNF276,1.8423330118739473e-05
ITFG1,1.8412683557387226e-05
SSTR5,1.840255755519911e-05
GRAP,1.837773619457431e-05
PAPD5,1.8375866678792632e-05
NAGLU,1.8366414849997965e-05
SLC25A24,1.8365449697593628e-05
TREML2,1.8363457339914268e-05
SMYD2,1.8361828909155154e-05
SPIN3,1.8346224515855733e-05
GPR171,1.8328437327157575e-05
BOLA1,1.8313377447343206e-05
C11orf74,1.827408917233979e-05
SLC13A4,1.8261159047343035e-05
FADS6,1.824920045463061e-05
TPST1,1.8228018396005116e-05
NAF1,1.8219275877324606e-05
TMED1,1.8162001643265883e-05
STMN4,1.8161338962079207e-05
FAM60A,1.813898020391052e-05
TTLL4,1.812545610482519e-05
RASD2,1.8121540147094368e-05
PLEKHO1,1.811800309200139e-05
HELZ,1.809156830435599e-05
TUBE1,1.808328393854646e-05
MEX3D,1.807249124465581e-05
FAM132A,1.8068046103798795e-05
CTAGE1,1.806708701982351e-05
RINL,1.8057721990688264e-05
GZMM,1.8046564585442945e-05
NXPH1,1.8007745882041266e-05
ZNF652,1.798751773750596e-05
CPEB4,1.798479655590424e-05
EXOC3L2,1.7974287522565453e-05
DUS1L,1.7965868658886356e-05
SYNJ2BP,1.7957135917255797e-05
C19orf33,1.79524702233369e-05
DOK3,1.7945335172452166e-05
ALG8,1.7923965806994866e-05
TBXAS1,1.7915960987568114e-05
SYTL3,1.791285009596822e-05
SENP7,1.7907996726386647e-05
ZNHIT2,1.789696167139745e-05
MAP1S,1.7883626338100737e-05
RASSF3,1.787147735136942e-05
MEGF8,1.7867582420535194e-05
ATG16L2,1.7866707124498646e-05
LRRIQ1,1.786527351751596e-05
PLEKHG3,1.7859652895610846e-05
GPR1,1.7841729276599627e-05
TRPM2,1.7822426600652454e-05
PVRIG,1.781973338214379e-05
SLC43A1,1.781651744577391e-05
HGSNAT,1.7809313030763296e-05
CAMK1G,1.780400741861633e-05
ARHGAP8,1.7796160448912718e-05
POLRMT,1.779330496413844e-05
IMPG1,1.7761923359338207e-05
DYRK1B,1.770809851135738e-05
CD84,1.770628715882676e-05
TSPAN3,1.7678525873427035e-05
ARHGEF5,1.764689040961179e-05
HNMT,1.7629096669227643e-05
CLEC12A,1.7626632855446447e-05
SLC25A40,1.759280807086931e-05
WFDC12,1.758896844779705e-05
LPHN1,1.7588022336681775e-05
RPUSD3,1.757890853027036e-05
SLC25A35,1.757482656467079e-05
SH2D4A,1.7568574968265465e-05
RHBDL2,1.7568565179633202e-05
MAP4K2,1.7543498284581268e-05
ENKUR,1.753990266368332e-05
ZNFX1,1.7528044362494336e-05
SIGLEC15,1.7518358169263248e-05
TBCEL,1.749828237565277e-05
LY9,1.7478447203747952e-05
TSPAN5,1.746871068756303e-05
SNCB,1.7459641866173405e-05
SLAMF7,1.742179869633801e-05
SBNO1,1.7421432852126925e-05
MXD4,1.7411729405045115e-05
TTC29,1.740898796006899e-05
ESPNL,1.738687506784176e-05
CEP72,1.736855269593962e-05
TRIB2,1.7339900750131033e-05
C10orf32,1.732772068869109e-05
GPR63,1.732004213097853e-05
AIP,1.730225878125166e-05
SPSB3,1.727850287077516e-05
TMEM45A,1.7244036547753237e-05
FCRL1,1.7231552624719696e-05
TLX2,1.7208874154955173e-05
NTSR2,1.716285477938606e-05
C1orf162,1.7154809210298435e-05
CLDN25,1.7132486954883078e-05
TMEM219,1.712459990830514e-05
FITM2,1.7103932970225058e-05
HTRA3,1.7101697896816043e-05
NEUROD2,1.7049837980833858e-05
GRAMD1B,1.704675760971332e-05
STOM,1.702719456873234e-05
GPR158,1.702677197420364e-05
HPDL,1.7019307460285517e-05
SLC25A30,1.701778996606561e-05
AZIN1,1.7016536110227346e-05
SIPA1,1.7001511567832673e-05
CDC42BPA,1.6993338087684755e-05
SPACA4,1.697951366847904e-05
DENND5B,1.6971139401999344e-05
ARAP2,1.6960545793001618e-05
OLFM3,1.693631216776272e-05
HLX,1.6933033477568298e-05
KIAA1841,1.6922376378746087e-05
HOPX,1.6913483180416934e-05
SGK494,1.6884614295111865e-05
RFX7,1.6829056037499027e-05
ZNF292,1.6825372783926516e-05
C5orf30,1.6817514343178137e-05
IP6K3,1.680355155077175e-05
SERTAD2,1.6754468386936356e-05
CLDN18,1.6754468386936356e-05
ZDHHC8,1.6751327799096836e-05
LRBA,1.6746096082677224e-05
UCP2,1.6744263106343723e-05
PHACTR1,1.6742905166763422e-05
SLC25A21,1.672250357522521e-05
ACRV1,1.6687677060430207e-05
MEF2B,1.6658119739705126e-05
ARSE,1.6639387630183317e-05
KIF1B,1.6628642581465313e-05
ADAM28,1.662199107977379e-05
PPIL6,1.6596337342695904e-05
FDX1L,1.657463350881745e-05
ATPIF1,1.6546769740416965e-05
POU6F2,1.653824287726682e-05
ZSCAN18,1.6527203591157187e-05
PTGER2,1.6525859042740454e-05
FYCO1,1.6514489054258815e-05
CST9L,1.6497465466026242e-05
NCAM2,1.649099419768478e-05
GMIP,1.6479408549753282e-05
HNF4G,1.647133042931517e-05
FAM91A1,1.644955579599207e-05
SLC5A7,1.6449264194113877e-05
MXD1,1.6421076297015412e-05
PPM1K,1.6411692260068072e-05
SORCS2,1.6406835835278914e-05
FAM127C,1.6400992167204103e-05
SPRN,1.6392712504164347e-05
DRAP1,1.6373070940599268e-05
RAB36,1.6368439539699417e-05
GPR111,1.6362188341589575e-05
NRK,1.6360099425871046e-05
HOXB8,1.6344472998119047e-05
PAX1,1.6312751853384075e-05
NXF3,1.6309099711559223e-05
ZBTB7B,1.6291031464524942e-05
CDCA7L,1.6289488247768597e-05
GABRQ,1.628143362652872e-05
RFX4,1.627561118409268e-05
THOP1,1.6262052618747122e-05
NXNL2,1.622825899840729e-05
APPBP2,1.6212285317689014e-05
WDR64,1.6212215755286904e-05
RSC1A1,1.6201384006452487e-05
FUZ,1.617589208483906e-05
PPP1R13L,1.6133779823228855e-05
HYAL4,1.6129498510944067e-05
STK32B,1.6117574011143042e-05
ANKRD42,1.6115040137709014e-05
MAGEA11,1.610929392276557e-05
NUDT4,1.6101370968322657e-05
NFKBID,1.6067566009414014e-05
IGSF21,1.6059285829356237e-05
TACC2,1.6046313475996732e-05
MAN2B1,1.6042320757905788e-05
UFSP1,1.6033537333763185e-05
KIRREL2,1.6020115677150427e-05
RLTPR,1.5980604913967044e-05
CHN2,1.597044604156116e-05
DACT1,1.5937604772383567e-05
PRAM1,1.593545245015432e-05
ARHGAP32,1.591963232266586e-05
CLSTN3,1.591686910829446e-05
NCKAP5L,1.589056204588154e-05
YIF1B,1.588552098670874e-05
MPP1,1.5882949619755783e-05
MFSD6,1.5861210809648878e-05
FMNL3,1.5838559544505785e-05
CCDC86,1.582136839624107e-05
GLIS2,1.5814250363267158e-05
ANKRD10,1.5813462459365608e-05
PAQR5,1.5810541337262244e-05
KIAA1217,1.5802714042941794e-05
TMTC2,1.5802714042941794e-05
DOCK5,1.5793259306864605e-05
PTPRO,1.5789270424590738e-05
R3HCC1,1.5781393289473623e-05
CCDC60,1.5772537874994745e-05
MOAP1,1.574855130824952e-05
PPIP5K2,1.5714260355081484e-05
HAVCR1,1.5706190711942998e-05
CYB5D1,1.5697144722555733e-05
SIPA1L2,1.568767569174703e-05
TMEM204,1.568767569174703e-05
SGTB,1.5664854327601645e-05
PHOSPHO2,1.566412758678331e-05
C6orf15,1.563082850248796e-05
VPREB3,1.5619279793290632e-05
CALU,1.5605025294315105e-05
ANKRD2,1.5604534391421974e-05
MORN2,1.5572989793038952e-05
NICN1,1.556498875637411e-05
C11orf49,1.556498875637411e-05
FLYWCH1,1.5553032014086764e-05
NLRP2,1.554293525187938e-05
GLYATL1,1.5535354133643084e-05
FOXE3,1.5525585451862985e-05
TRIM36,1.551034822279015e-05
AHNAK2,1.5500875373860957e-05
TTF2,1.5493714887021958e-05
TSTD2,1.5491315629678804e-05
C2CD3,1.5490564444654972e-05
TRIM3,1.545979976600853e-05
RLN2,1.5457652726641425e-05
MSMP,1.5433011352932194e-05
CCNL2,1.543035352323658e-05
CORO1B,1.5393132293814744e-05
RHOBTB2,1.5384441155454446e-05
INS-IGF2,1.5380925987004602e-05
IRX3,1.5355831494495654e-05
RBM46,1.5342780181999056e-05
ACY1,1.5335637788059292e-05
QSER1,1.5333093543613858e-05
KAAG1,1.531246793683932e-05
SVIP,1.5294061793170603e-05
ALAD,1.52460295557564e-05
OGFOD2,1.5213083492735222e-05
ZFYVE28,1.5205459071715539e-05
TOMM20L,1.5202136880626004e-05
EMILIN1,1.5190609987054232e-05
PHF3,1.5160803197884959e-05
TPCN1,1.515315395134577e-05
PLGLB2,1.5109639876763516e-05
TREML4,1.5094620650251672e-05
DNMBP,1.5072635279683087e-05
PTP4A3,1.5066256643153997e-05
NPC2,1.5054872098536448e-05
MVP,1.5052699634912915e-05
CCDC146,1.503435179119399e-05
SH3GLB2,1.5027716892325297e-05
CDCA4,1.501944717766341e-05
WDR78,1.500045726403924e-05
DIRAS1,1.4987316548956666e-05
QRSL1,1.4975466578894112e-05
ANKRD46,1.4974032178113099e-05
PSMG3,1.4942344636167757e-05
TRIM23,1.493984386017919e-05
MARCH3,1.4931316713157715e-05
PATL1,1.4930761109968056e-05
ORAOV1,1.4927648655488832e-05
TBX1,1.4913115064097803e-05
FGD6,1.4911458135685191e-05
ARMC2,1.4897954855161578e-05
PSTK,1.488247325725835e-05
HAUS7,1.4874908500031984e-05
CENPV,1.484931927852491e-05
HEATR6,1.484596741157653e-05
HIVEP2,1.4841180080710886e-05
MICAL1,1.4835055418351202e-05
DPYSL4,1.4801306744182115e-05
PLSCR3,1.479886515322944e-05
LMO7,1.477950045252414e-05
MKL2,1.4778551499912752e-05
RILPL2,1.4751752396368323e-05
RTN4RL2,1.4721023587628314e-05
SLC25A13,1.4713024126599247e-05
PSD,1.4694614109819068e-05
NET1,1.468596645960468e-05
SCNM1,1.4675307171128193e-05
HIPK4,1.4666389478416122e-05
CCDC116,1.4658965131991281e-05
FAM109A,1.46550392334192e-05
CCDC84,1.4587370119319735e-05
NIPAL2,1.4587078892690513e-05
EPS8L3,1.4580792841289526e-05
SIGLEC7,1.4577148238874141e-05
TMEM229B,1.4576210166465903e-05
HTATIP2,1.4568085101504746e-05
PTGIR,1.4560018989082543e-05
ZNF771,1.4551577528812137e-05
ASTL,1.454103712606016e-05
AZGP1,1.4529264796470686e-05
FAM174B,1.452877512011133e-05
NPM3,1.4519061096700752e-05
LHFPL3,1.4518115410251362e-05
C10orf35,1.4516520882388672e-05
OTUD3,1.449457500296853e-05
TIGD1,1.4461421118508027e-05
AGBL4,1.4455578055308923e-05
ANKRD50,1.4450827779476579e-05
CCDC67,1.4405584216811453e-05
TMUB1,1.439818364353364e-05
UNC93B1,1.4372933497002417e-05
SPATA24,1.4372861357709755e-05
PPP1R14B,1.4370023243521072e-05
SLC22A23,1.4363551179992792e-05
TEX264,1.4361864225683738e-05
ARMC1,1.4309590072719137e-05
FANK1,1.4280480023941364e-05
ZNF511,1.4241574842721644e-05
NCEH1,1.4238606708451904e-05
TRIM55,1.4224093838109927e-05
CSNK1A1L,1.422407676529966e-05
SLC7A2,1.4205877648900187e-05
ABTB1,1.4204979445930525e-05
KRTCAP2,1.4201582500321139e-05
VCPIP1,1.4197383545476967e-05
TUBD1,1.4190389923542954e-05
GPR89B,1.4155978173276621e-05
ARRDC1,1.4138504680078404e-05
SERPINA6,1.41273245698175e-05
STYK1,1.412729421655438e-05
ZMAT4,1.4124269572122575e-05
GMCL1,1.4124269572122575e-05
HECW1,1.411164851961527e-05
CCDC125,1.4091187344121447e-05
NOP16,1.4084472677462183e-05
RAP1GAP,1.4080433066661984e-05
MS4A1,1.407021406798487e-05
ARFIP2,1.4065776231312005e-05
SAMSN1,1.4063460131120918e-05
FBXL13,1.4058585440147481e-05
ZNF516,1.4047749654254173e-05
GOLM1,1.4010026890055635e-05
PQLC3,1.4001554157998444e-05
ST8SIA4,1.3969691292552839e-05
SHISA7,1.3962678574775632e-05
BMP2K,1.3954183560472448e-05
ARFGEF2,1.3946992476922828e-05
MARVELD3,1.3944763296160326e-05
KRT72,1.3918934774820849e-05
C2orf71,1.3918867194758878e-05
IMPG2,1.3918867194758878e-05
PDK2,1.3912408123497366e-05
S100Z,1.390965416386974e-05
TSPAN31,1.3898203588792087e-05
MPP4,1.389567960371778e-05
ATG2B,1.387866458190153e-05
GK5,1.3860432540660674e-05
PMM1,1.3856555589745332e-05
FAM171B,1.3848362280960892e-05
ITGBL1,1.3832685179274592e-05
TOP1MT,1.3814128237336921e-05
SERPINB9,1.3797342139532951e-05
GPR22,1.3765488767270155e-05
MMACHC,1.3755935818924158e-05
PRPH,1.3720853219566238e-05
ZSCAN1,1.370847851647926e-05
HAGH,1.3708307714079544e-05
SALL2,1.3706257674466791e-05
SPINK8,1.3698746798649872e-05
GTPBP3,1.3696965099886923e-05
WBSCR27,1.3675401229884336e-05
TRIM16,1.367537886133248e-05
TMED6,1.3671585544966963e-05
ARID3B,1.3665476845203958e-05
LIPH,1.3660315436446402e-05
TRIL,1.365586364842892e-05
COMMD4,1.3635578536108535e-05
STK33,1.3633147467352672e-05
ACTR3B,1.3604808600824694e-05
OSGIN2,1.3576242346446759e-05
HRH4,1.3533633986032034e-05
SCRT1,1.3527562246669276e-05
PIGZ,1.3508606244389523e-05
SMTNL1,1.3489068732700643e-05
LRP11,1.3488204584237049e-05
CTNNBIP1,1.3462681403919176e-05
CYB5RL,1.3451693148171634e-05
OGFR,1.3444189437592691e-05
HECW2,1.3423878834439451e-05
GTF2A1L,1.3421655126019332e-05
EXTL2,1.3415860473177604e-05
SERPINB8,1.3406293588792265e-05
INA,1.3398473539973246e-05
CD180,1.3398361132588978e-05
GJC1,1.3396543610994371e-05
UBASH3A,1.337456697436652e-05
TNFAIP2,1.3361125822909366e-05
RDH13,1.335989836278784e-05
NPDC1,1.3318981001218046e-05
DHX40,1.3312232439533032e-05
STARD13,1.3280505336019218e-05
VWC2,1.3274956655748427e-05
USP12,1.3270283108113241e-05
FAM81B,1.3260895658253881e-05
GMFG,1.3251194691652578e-05
ETV3,1.3242388372695951e-05
FAM46C,1.3236861593891578e-05
PRAF2,1.3225970370274645e-05
KATNAL1,1.319092124583059e-05
LONRF2,1.3181501954540161e-05
ZNF205,1.3167412065905662e-05
C11orf65,1.3133308269476168e-05
STARD5,1.3122730818398749e-05
LRRC23,1.3115742231887731e-05
THAP3,1.3115621430471201e-05
GPR39,1.3111339056935438e-05
HMGN5,1.3100032365706322e-05
PRB3,1.3091625040109348e-05
TMEM63A,1.308288821872199e-05
ZNF524,1.3081550221524888e-05
TCEAL4,1.3075656782491416e-05
NUDT13,1.3065541651835856e-05
AQP6,1.3032516040429104e-05
FCRL2,1.2985064881798566e-05
FAM155A,1.2969201890823169e-05
C16orf59,1.296119359215769e-05
C14orf80,1.296119359215769e-05
TMEM129,1.2950278411583106e-05
GABRR1,1.2916123989819058e-05
GABRR2,1.2916123989819058e-05
CCRN4L,1.2903780813262826e-05
TULP4,1.2897857680538958e-05
PEX11G,1.2892063825674768e-05
DHRS7,1.2865286482149861e-05
C17orf62,1.2865286482149861e-05
TBX6,1.2854312966335147e-05
PTRH2,1.2853103223960076e-05
HAUS8,1.2845821690289022e-05
FCAMR,1.2828552357695293e-05
CLSTN2,1.282067867343792e-05
LRP5L,1.2816603748045533e-05
C17orf59,1.2812988316530403e-05
MICALL2,1.2812426603057903e-05
TRIM56,1.280427809840464e-05
LHFPL4,1.278980884193141e-05
DENND4A,1.2787799877092178e-05
BCAS4,1.273678113023064e-05
TBC1D24,1.2720568244514031e-05
PRR5L,1.2704033156303335e-05
MPHOSPH6,1.2695180353343457e-05
SLC41A2,1.2671730112224967e-05
BTN2A2,1.2633834707544534e-05
CCPG1,1.2620300579317483e-05
ARPP21,1.2619755485168454e-05
ZFP3,1.2614030271600234e-05
DDAH2,1.2611229602836955e-05
TTLL9,1.2595592677111909e-05
C21orf2,1.2582048535780058e-05
C1orf112,1.2581607342683405e-05
KRBA1,1.257504603991207e-05
C1QTNF3,1.257504603991207e-05
POTEE,1.256301715139294e-05
AMDHD1,1.2545157405115468e-05
KBTBD7,1.2535100093872418e-05
FAM89B,1.2525838458029e-05
LONP1,1.2519781700145603e-05
SYT14,1.2507700565604166e-05
NUAK1,1.2502954825393564e-05
HYI,1.2475643819895367e-05
KIAA0513,1.2462452615597991e-05
MCCD1,1.241184097606154e-05
FBXL2,1.2409554155664073e-05
MAST1,1.2393477075795623e-05
TMEM233,1.2391124860298913e-05
HTRA4,1.2363496666142524e-05
ERAP1,1.2341713654301521e-05
CD97,1.2328140875186467e-05
NKD2,1.2327754189412315e-05
HOXC8,1.2320442250528983e-05
ANKRD23,1.231223774054256e-05
SRPK1,1.2259494606787597e-05
SCUBE1,1.225440478636275e-05
TCP11,1.225440478636275e-05
SIAE,1.2226091900075853e-05
TNFAIP8,1.2194745327789035e-05
SERINC5,1.2179529960094619e-05
BCL2L15,1.2174979238946372e-05
ZDHHC21,1.217473325281414e-05
FMO4,1.2145636443347815e-05
CCDC12,1.2137584988524068e-05
NLRP7,1.2133900820745902e-05
C19orf12,1.2115034992626616e-05
ASAP3,1.2108671624023308e-05
GPR56,1.2073333589862103e-05
MAGEH1,1.2072698963766302e-05
GPR20,1.2056099647033212e-05
ZMIZ1,1.2047505235558993e-05
PLEKHA2,1.2034921101179837e-05
LNX2,1.2033545331301102e-05
TAS2R5,1.203309434959571e-05
TAS2R10,1.203309434959571e-05
TAS2R20,1.203309434959571e-05
TAS2R3,1.203309434959571e-05
TAS2R19,1.203309434959571e-05
TAS2R31,1.203309434959571e-05
TAS2R14,1.203309434959571e-05
TPSD1,1.2030366172607056e-05
DDHD2,1.1972331168248825e-05
ARSI,1.1962420304398766e-05
ZNF692,1.1956507666899742e-05
TCERG1L,1.194820478631177e-05
CORO7,1.1936572298473023e-05
ZNF653,1.1931044821009419e-05
ZNF575,1.192612559995541e-05
KATNAL2,1.1908615365838698e-05
CAMK1D,1.189657210597901e-05
CECR5,1.1889546284198716e-05
HAPLN2,1.1885023541734543e-05
ENDOG,1.1859094910361532e-05
FLG2,1.1852775509456665e-05
DCUN1D5,1.1837599828868304e-05
TMEM54,1.1831582888629932e-05
BARX1,1.182946011367194e-05
OR3A2,1.1803722739044292e-05
FAM120C,1.179140601274877e-05
CCHCR1,1.1776306298274274e-05
BCAS3,1.1775217230509478e-05
HERC1,1.1767125860176211e-05
SLC22A14,1.175964257205899e-05
RAD54L2,1.1746310522073357e-05
PPP1R1C,1.17385559375111e-05
APOBEC3D,1.1724137393409844e-05
ZRANB3,1.1699379726207458e-05
C3orf14,1.168033214306318e-05
NDUFA4L2,1.16676582694029e-05
LIMA1,1.1664633253322103e-05
HIPK3,1.1648468965842921e-05
GGTLC1,1.1639207719850164e-05
TBX22,1.1588788134176213e-05
DDAH1,1.1584294753895085e-05
RNASE6,1.157995629279659e-05
MINA,1.1568152860028265e-05
MSRB2,1.156022952527411e-05
C19orf60,1.1543641277592735e-05
KIAA1161,1.1542091941541375e-05
CNPY3,1.1531491486670518e-05
GGN,1.1526022637317239e-05
CRYM,1.1488476257337667e-05
MDGA1,1.1468243322785383e-05
FBXL19,1.1461573281602739e-05
C11orf85,1.144456277632696e-05
KIF13A,1.14366948330411e-05
ABCC1,1.1427687140389213e-05
STC2,1.1410646232436549e-05
ZNF639,1.1398048927660617e-05
SLC2A13,1.139783102282072e-05
ARL11,1.1392978622727446e-05
C16orf74,1.139077054435696e-05
KRT71,1.137318935839268e-05
ARFGEF1,1.1364760093541611e-05
CXorf40A,1.1335305033665126e-05
EPM2AIP1,1.1297255551571177e-05
FCAR,1.1292332187617702e-05
USP37,1.1288379971326265e-05
PADI3,1.128571806590648e-05
EPPK1,1.1283594942875765e-05
RFXAP,1.1270417592370316e-05
MAN2B2,1.1269077391608657e-05
VAMP5,1.1257137380558065e-05
TRIM47,1.1245372454069864e-05
SCAMP5,1.1240281914239634e-05
CHAD,1.1234129179934754e-05
SCIN,1.1220966722571051e-05
ZNF775,1.1218350868893408e-05
FAM21A,1.1195018632862289e-05
WASH2P,1.1195018632862289e-05
TCP10L,1.118585156442112e-05
ZDHHC23,1.1171835953768146e-05
SASH3,1.1128081194743536e-05
CTCFL,1.1101681620794932e-05
RGL3,1.1091017532540315e-05
WDR27,1.1086783085623229e-05
CNNM4,1.1073795212730899e-05
ARHGEF17,1.1066279499969378e-05
SLC25A41,1.103015184756701e-05
NEK1,1.1009968124233959e-05
CD320,1.0994011557300054e-05
SLC35E4,1.0994011557300054e-05
CUZD1,1.0965340815104865e-05
ODF2L,1.0960023130955818e-05
ZBTB39,1.0941443247713775e-05
PIM2,1.0937943251454582e-05
FBXO6,1.0923658101005608e-05
ALKBH3,1.0922534816171047e-05
SLC5A3,1.0908894706375425e-05
MANBA,1.0885264455492917e-05
DSCAML1,1.0858812046312647e-05
C10orf12,1.0858005123471373e-05
CTXN3,1.0848772051027621e-05
SYTL5,1.0825402109940266e-05
GPR162,1.081618199068825e-05
ANXA10,1.0813236650561746e-05
RAB30,1.0795229706464574e-05
C10orf54,1.0792814841462458e-05
RIMBP3C,1.077727993325294e-05
COMMD3,1.0761904295491776e-05
FBXL18,1.073506766009158e-05
MFHAS1,1.0688796124696563e-05
MS4A7,1.0672383945980041e-05
PTPRCAP,1.0666444997001278e-05
PLP2,1.0661952410408799e-05
LARGE,1.0659204613167737e-05
GYLTL1B,1.0659204613167737e-05
TAPBPL,1.0646124250313457e-05
TMPRSS13,1.0645068926181407e-05
TEKT1,1.0643476178911966e-05
BATF2,1.0638062795462998e-05
CNGA4,1.063590419547874e-05
SNAPC2,1.0613708651380732e-05
RCN3,1.0612455526935726e-05
CLEC4D,1.0598844946150232e-05
ZNF365,1.0597277814882771e-05
MFSD2B,1.0587494387718458e-05
RNF126,1.0583907165805481e-05
C17orf75,1.0579417516583947e-05
DGAT2L6,1.0556124115788987e-05
HPCAL1,1.0526205300996559e-05
ZNF469,1.0515673988740624e-05
CCDC134,1.0502095763116997e-05
CCDC88A,1.0472606043853705e-05
NEURL2,1.0454918024137704e-05
FAM160A1,1.0420513803676965e-05
GARNL3,1.0414680730538332e-05
MANEA,1.0409786611765726e-05
FBXW9,1.0397650932027586e-05
CCDC28B,1.0395991500480463e-05
PLVAP,1.0384297293100058e-05
PDLIM2,1.0384012761987621e-05
EID2B,1.0376553081141394e-05
ASCC3,1.0372912488856863e-05
PRRG4,1.0359037482124867e-05
FRK,1.0356470160222057e-05
FAM199X,1.0341124755471837e-05
ZNF804A,1.0309090730065299e-05
KIAA0195,1.030745762394705e-05
TACR2,1.0283851795162915e-05
NUDCD1,1.0282526217293329e-05
MURC,1.027487789871888e-05
TCTA,1.0265717798857608e-05
FAM178B,1.0250443884008926e-05
RAPH1,1.0233471952107957e-05
POMZP3,1.0232881610666356e-05
SUSD2,1.0228151613330839e-05
PARP8,1.0227291688840747e-05
TC2N,1.0212215377862648e-05
LECT1,1.0205358763214335e-05
ZNF232,1.0193093872099081e-05
ZNRF2,1.0174749471750223e-05
PPM1H,1.0164859409224867e-05
RASSF4,1.015377410772017e-05
BCAR3,1.0148609287102938e-05
ACSF2,1.0145508989958068e-05
CXXC4,1.0120228753614495e-05
YPEL3,1.0119744710242906e-05
NTM,1.0113653290464263e-05
DGCR6L,1.0098513947448414e-05
GLIS3,1.0090803115014253e-05
HAUS5,1.0068154029100758e-05
CDC42BPG,1.0067277272339534e-05
TBC1D16,1.0053033108629706e-05
FAR2,1.0046391209170346e-05
FAR1,1.0046391209170346e-05
SFT2D2,1.0042633659117735e-05
PILRB,1.0020297895738471e-05
SIGLEC10,9.993894532903838e-06
ZNF358,9.989164059489202e-06
VCX,9.98607613001056e-06
ZNF320,9.974895233294906e-06
CDK15,9.96317013816372e-06
ABHD14A,9.96018252881224e-06
ANKLE1,9.96018252881224e-06
RNF141,9.95562936599367e-06
FARP1,9.928264454417314e-06
NIPSNAP1,9.921089039118826e-06
SRRM3,9.907691021802515e-06
RAB6C,9.869183676265535e-06
ARSD,9.855021467530712e-06
ZNF597,9.829742481026778e-06
TEKT3,9.821968693842896e-06
PRAP1,9.815892060504895e-06
TTC36,9.806278734347695e-06
TMEM102,9.797222426698018e-06
GJC3,9.79490815568806e-06
LRP2BP,9.782755652244188e-06
ATP13A3,9.77972218753156e-06
FUCA1,9.760428592909797e-06
TSPAN9,9.756463376064556e-06
HESX1,9.734823118828148e-06
ARHGAP22,9.726178209372311e-06
ZAN,9.697537825347648e-06
STAU2,9.691886371317292e-06
IGSF9B,9.679474929969047e-06
PABPC3,9.679071609036929e-06
ZNF536,9.677391337148355e-06
TMIGD2,9.672049728099685e-06
ODF4,9.666600202006756e-06
BTN3A3,9.646389040667019e-06
BTN3A2,9.646389040667019e-06
ATL3,9.633965294239206e-06
TRIM46,9.629115776756467e-06
HSDL2,9.604455153301094e-06
KIAA1751,9.597849695506312e-06
IL31RA,9.594589436166881e-06
CRAMP1L,9.583246836293741e-06
ISOC2,9.574670238996783e-06
FOLR3,9.567894549026216e-06
FLVCR2,9.567894549026216e-06
SPEF2,9.546212517391876e-06
ENPP4,9.527987148797374e-06
DTD1,9.526182691025827e-06
SSNA1,9.525186867617376e-06
NETO2,9.51606335260397e-06
SMAGP,9.514795794974537e-06
TRMT12,9.492289220525735e-06
WDYHV1,9.490445997356326e-06
SHOX,9.472831584324281e-06
S100A7A,9.4721797986608e-06
P4HTM,9.439886015878157e-06
PDCD5,9.419727461106962e-06
ZNF281,9.41214197826716e-06
TFAP4,9.407702609763305e-06
C2orf88,9.402201842184726e-06
TMEM161A,9.394920309428764e-06
CCDC24,9.379250808796298e-06
TFAP2E,9.35548565244361e-06
SPOCK2,9.341208284463567e-06
CCDC57,9.28663870194045e-06
PARP15,9.284756524432036e-06
TMEM2,9.265885074924975e-06
SLC24A3,9.249345875945422e-06
C7orf61,9.248869935784606e-06
NR6A1,9.231082772952716e-06
SCAI,9.22079964456863e-06
SPATA9,9.193396746019975e-06
HHLA2,9.185862080419792e-06
RCOR3,9.174057774500874e-06
SNURF,9.149839718187413e-06
SYT17,9.127344867160146e-06
USP49,9.116135041432889e-06
HMX3,9.115540765896461e-06
LRIG2,9.111286901207742e-06
CCDC106,9.10481847055698e-06
FSD1L,9.100584954862881e-06
TMEM116,9.096134133853422e-06
SLC13A3,9.087721572751528e-06
JSRP1,9.084286779469109e-06
FOXA3,9.074444579346463e-06
BAZ2B,9.073679266580268e-06
SNX22,9.073428264346477e-06
RCCD1,9.073428264346477e-06
FUT11,9.056943496967267e-06
TLX1NB,9.056046250568289e-06
SNX24,9.028034049068341e-06
C8orf46,9.026195266811143e-06
SPAG8,8.995221618495791e-06
FBXO39,8.995221618495791e-06
RP9,8.978220545310294e-06
MCF2L,8.96461930325101e-06
FBXL5,8.964052064372276e-06
PLEKHG4,8.952679735437116e-06
NAT6,8.93806530999551e-06
ARL6IP4,8.932915889741615e-06
IQSEC2,8.923293175074126e-06
ANKS1B,8.923293175074126e-06
DUSP27,8.891941456824092e-06
OLFML3,8.881065575358373e-06
CD300E,8.85813508016698e-06
PMEPA1,8.846248105541865e-06
RIPPLY1,8.816831270689387e-06
MPP7,8.79308408752214e-06
TTLL6,8.782051388355022e-06
BNC2,8.776272652762135e-06
CYB5R2,8.772693752049743e-06
CYB5R1,8.772693752049743e-06
SLC12A8,8.746505878331777e-06
ZNF141,8.723218179863566e-06
TNFAIP8L3,8.707997055592523e-06
SLC44A1,8.69951317734309e-06
FAM168A,8.6978235776042e-06
ILDR2,8.689225655540893e-06
MAK,8.671200079131313e-06
CCDC130,8.629254194365235e-06
TEKT4,8.62755307809524e-06
HIC2,8.606098987554893e-06
FAHD2A,8.604895989581332e-06
DDRGK1,8.604203113098392e-06
SUV420H2,8.571333326233256e-06
MGAT4C,8.559907255173017e-06
TRIM69,8.552953452352712e-06
MTMR12,8.540084323680348e-06
HEXIM2,8.536392153863813e-06
ASMTL,8.526940882840094e-06
TNFRSF6B,8.511833749048583e-06
DNAJC28,8.51032332517074e-06
KRTDAP,8.509305629660258e-06
KDELC1,8.508274472433373e-06
LNP1,8.491097791685576e-06
CELF4,8.49048161490809e-06
THOC6,8.480228508593315e-06
PAPL,8.458158413395009e-06
USP43,8.457358866811934e-06
FKBP11,8.456978576060621e-06
FAM46A,8.436623861228722e-06
GKAP1,8.390261559531444e-06
AVIL,8.3901991893451e-06
CADPS2,8.374599200114078e-06
RARRES3,8.373784872483842e-06
MARCH1,8.366173031067819e-06
TIFA,8.358188774412445e-06
MICALCL,8.343562498463536e-06
RBM38,8.292580670651087e-06
DOCK10,8.292469591218591e-06
ARHGAP12,8.288575682087706e-06
C6orf203,8.262929621303259e-06
AIM1,8.25384470789653e-06
HRH3,8.243053762668132e-06
STARD4,8.217934207041047e-06
OR51E2,8.207005390521005e-06
EPSTI1,8.197040289639532e-06
NHLRC2,8.186133576816049e-06
MYO1B,8.165999011305594e-06
CLDN20,8.140764887711552e-06
LPO,8.085093135210171e-06
FNDC3A,8.082620944489926e-06
AMDHD2,8.071162049531476e-06
GPR152,8.03621739081263e-06
DEPDC7,8.026638090330837e-06
ZNF426,8.020638783770855e-06
VEZF1,8.019943075954368e-06
TNFSF8,8.018742184154544e-06
BAIAP2L1,8.014001237726145e-06
NCDN,7.986993278426415e-06
ZBTB37,7.97016667970406e-06
SNX25,7.966334969386345e-06
C2orf74,7.922902620632183e-06
TRIM31,7.903405972740399e-06
EFHD2,7.895759419001244e-06
C20orf194,7.890100573050143e-06
QSOX2,7.882300857884172e-06
IRAK1BP1,7.842665767880376e-06
DTX3,7.838327218433068e-06
CCDC159,7.837138672735326e-06
SIDT1,7.832345324109332e-06
FAM133A,7.823652181170584e-06
SCAPER,7.795379726320906e-06
FHAD1,7.789668370265645e-06
TCTEX1D4,7.762046461628715e-06
LRRC14,7.762036112201336e-06
SLC43A2,7.761813821586595e-06
MS4A14,7.759796308284404e-06
CA10,7.756065103871441e-06
FAM154B,7.73088740725545e-06
PHACTR3,7.725567728896263e-06
FBXO25,7.722816213023083e-06
DPEP2,7.714503248058025e-06
KCP,7.703011417887529e-06
SLC25A43,7.675715438561078e-06
TMC7,7.658955588554771e-06
ZFYVE19,7.643851496635599e-06
TRERF1,7.639916098735402e-06
PELI3,7.629105422825736e-06
RNASEH2C,7.628430960320664e-06
KIAA1522,7.625294705750706e-06
LGSN,7.616914298186023e-06
UBXN10,7.612292879736283e-06
TXNDC17,7.601351786541324e-06
LYPD6B,7.5952349045428085e-06
PDIA5,7.586771824136339e-06
ZNF177,7.570276401105917e-06
FAM174A,7.5636321900100585e-06
FSCN2,7.559710736047653e-06
VWA1,7.558708120398449e-06
PPIC,7.550691278283496e-06
NRBP2,7.5468075973911e-06
OSR2,7.5431902234567175e-06
IER5,7.53527061405174e-06
RHD,7.519918061041123e-06
LENG1,7.49952735960207e-06
DDT,7.498304085213594e-06
SNAI3,7.490551310179232e-06
CUTA,7.481938649450887e-06
KLHDC10,7.444662043228578e-06
KIF21B,7.440649870613153e-06
GPATCH4,7.436566582003171e-06
ELP2,7.433009361496267e-06
SLITRK6,7.416681274978398e-06
SLITRK4,7.416681274978398e-06
C15orf59,7.40316587115269e-06
STAMBPL1,7.395370621735443e-06
ACP6,7.392421885317372e-06
E4F1,7.389802236458755e-06
NLN,7.386380056122605e-06
RGL4,7.383369936762937e-06
ADAP1,7.3720646989525256e-06
ZBTB44,7.3484331251287325e-06
NBEAL1,7.3484331251287325e-06
ERMP1,7.333505696104273e-06
PJA1,7.329985889272748e-06
ZNF224,7.326176376138029e-06
FAM19A4,7.2935979919852145e-06
NDUFAF2,7.282473381651208e-06
RHPN2,7.27651228307595e-06
UACA,7.263397251612375e-06
C7orf31,7.261803826749485e-06
FBXO24,7.258689525038531e-06
SH3PXD2B,7.242951265503353e-06
MKNK2,7.241342351295168e-06
RALGAPA1,7.237049576138683e-06
CERCAM,7.207787879242161e-06
VPS13A,7.177683146608188e-06
ARHGAP9,7.1629054512009705e-06
MTSS1L,7.152121175965627e-06
PXDN,7.12107739054374e-06
SLC22A15,7.107704026879989e-06
ADAP2,7.101268720378489e-06
PON2,7.087101707891847e-06
HNF1B,7.084848274050553e-06
PSORS1C1,7.082167473077927e-06
CRYL1,7.0771140950984764e-06
FAM184B,7.0634465433999715e-06
LRRC43,7.063057881675829e-06
ZNF582,7.058395350498702e-06
TMEM117,7.051027554314742e-06
EVI2A,7.044245230805003e-06
LRG1,7.029213992609012e-06
BEND3,7.014817689730295e-06
KLHDC3,7.0051807335738536e-06
ZBTB32,7.003023086427246e-06
MAP7,6.983518015357886e-06
GAL3ST3,6.982728961405379e-06
TACO1,6.98261226724268e-06
DIP2C,6.973756610794024e-06
TMEM81,6.958356856376026e-06
ZGLP1,6.949805221487028e-06
CDH18,6.944179280582542e-06
ERICH1,6.937080890362229e-06
ATPAF2,6.912526620861602e-06
CD164,6.8673453629809805e-06
C6orf163,6.8600012387426895e-06
EVI5L,6.857031099755571e-06
FAM110C,6.852009562142857e-06
LRWD1,6.8282914860441196e-06
FOXD1,6.81237234062069e-06
ITGB1BP1,6.7741639049838955e-06
OR1F1,6.755799168033237e-06
SPG11,6.749100519952265e-06
HOXB9,6.745705681281578e-06
CDK17,6.739304879469789e-06
C4orf33,6.738992705535631e-06
CREBL2,6.736777670319844e-06
LEKR1,6.736116437018353e-06
GPRC5C,6.718498127292924e-06
TMEM175,6.701436731612258e-06
MORN1,6.681253743653351e-06
SPPL2B,6.676564215818383e-06
ZACN,6.652407125546637e-06
PARP11,6.626246741244425e-06
STK32C,6.62573145688963e-06
DGCR6,6.617062446242903e-06
NMRAL1,6.6130187396103376e-06
SSFA2,6.603012867115545e-06
SLC24A1,6.595042934348073e-06
CEMP1,6.5930834577856816e-06
DCBLD1,6.5930834577856816e-06
ZXDA,6.582859489908683e-06
C14orf159,6.563010468370054e-06
PGBD4,6.558090909349063e-06
CCDC110,6.556893254924944e-06
XKR3,6.547218751697266e-06
XKRX,6.547218751697266e-06
ENOSF1,6.5455712901541374e-06
MZF1,6.538067840665144e-06
DPY19L1,6.514387944247247e-06
PSMG4,6.509123976355979e-06
COLEC12,6.4989022141727485e-06
AGBL3,6.491748047411464e-06
CR1L,6.491748047411464e-06
LMF2,6.490080704058004e-06
CYHR1,6.485462236024951e-06
C6orf226,6.483420751473044e-06
SPDYA,6.480559102026364e-06
GHDC,6.479100610345263e-06
TM9SF2,6.47795046550785e-06
LAX1,6.466300557047522e-06
CARHSP1,6.458607918282176e-06
ATRNL1,6.446937032110816e-06
ANKRD17,6.446924002252682e-06
SNRK,6.440033969429607e-06
AP1AR,6.433685745300845e-06
MIIP,6.4245093205942e-06
F8A1,6.422744047854201e-06
FAM73B,6.406009765138151e-06
SAMD1,6.403320289768634e-06
RHBDD2,6.364304320186565e-06
C14orf37,6.363884496785745e-06
ATAD3A,6.328112778497988e-06
CMKLR1,6.319473912062357e-06
SLC25A39,6.306540661260693e-06
GXYLT2,6.277869933150469e-06
ENGASE,6.273829121433879e-06
NXPH4,6.25941352176713e-06
CLCN7,6.25618753958416e-06
SH3BGRL,6.211874003476916e-06
REP15,6.198483184423724e-06
NPAT,6.191524502733022e-06
CIRBP,6.172916449026859e-06
NOMO3,6.1636248975010765e-06
C1orf192,6.150456644322793e-06
SERTAD1,6.140547217364564e-06
SMPDL3A,6.134810491185028e-06
BHLHA15,6.129053466389568e-06
CDK20,6.1282910410950365e-06
CABP7,6.12357794917744e-06
C21orf91,6.104892684079769e-06
ANO7,6.103114970048273e-06
ERF,6.096787737425727e-06
AMIGO1,6.0960639325953405e-06
ARL4D,6.093613934086575e-06
FOXL1,6.068193768289173e-06
VWA3A,6.063883517890238e-06
NOMO2,6.048122537414043e-06
C17orf64,6.020231342427417e-06
BBX,6.01961157347879e-06
LRRC25,6.0155487588644804e-06
TMEM59L,6.0146465449048584e-06
REG4,6.004125247345578e-06
TTC39C,6.001595649403035e-06
TRIM6,5.997182777161973e-06
HEMK1,5.9680563714212455e-06
HTR1E,5.964589370098237e-06
KLHL34,5.964575415550212e-06
PAN2,5.964456866536224e-06
LAMP3,5.95767547307991e-06
CALY,5.952120398135473e-06
THEG,5.95029744133796e-06
IER3,5.927565036965566e-06
C7orf50,5.926226815712041e-06
TRIM14,5.910440605641974e-06
RNF169,5.903027104745216e-06
AKAP8L,5.901844148975457e-06
FAM111A,5.89781923830231e-06
ERAP2,5.8925221350831366e-06
ANKRD34A,5.87881407609578e-06
SLC35E3,5.878515016057502e-06
MDM1,5.878515016057502e-06
SPATC1,5.875238959502759e-06
LEAP2,5.850406925216532e-06
ITLN2,5.832862232256584e-06
C8orf4,5.822593828760389e-06
HELB,5.818875498169498e-06
RNF19A,5.812185028095743e-06
MEX3B,5.773019558794633e-06
SCARF2,5.771544172727537e-06
RFPL4B,5.769785393335536e-06
FAM90A1,5.769785393335536e-06
NBPF3,5.762202931156294e-06
ZSWIM6,5.731618084592851e-06
ERN2,5.696682970102898e-06
SERPINI1,5.695665828307739e-06
NFKBIL1,5.665773194754145e-06
SPIB,5.659487387676604e-06
TBC1D12,5.640241473441856e-06
GBP3,5.629308124084758e-06
ZNF773,5.6222791608980465e-06
ZNF772,5.6222791608980465e-06
NUP62CL,5.591456961490779e-06
BTBD19,5.576421354684041e-06
COQ4,5.574587355344303e-06
COQ3,5.574587355344303e-06
PAQR8,5.567297088794049e-06
MARCH8,5.56724391504756e-06
NKAIN4,5.552979862774454e-06
LRRN4,5.548647576009589e-06
LIMD2,5.542235749204283e-06
KIAA1875,5.529380792292295e-06
MEX3C,5.528893886061927e-06
ABTB2,5.525417419994602e-06
FOXQ1,5.523135393743718e-06
FOXF2,5.523135393743718e-06
MBOAT4,5.516104152392628e-06
CRYBA2,5.510166477378554e-06
MOSPD3,5.510166477378554e-06
FOXN2,5.4877450152844255e-06
KLHL6,5.481158236924315e-06
TNFAIP8L2,5.472866161260296e-06
TNFAIP8L1,5.472866161260296e-06
TTC9B,5.472866161260296e-06
ZNF350,5.472291938309968e-06
TRIM6-TRIM34,5.46489199701821e-06
TRIM34,5.46489199701821e-06
ARGLU1,5.461666850590063e-06
RGPD1,5.4590940920863306e-06
RGPD6,5.4590940920863306e-06
RGPD8,5.4590940920863306e-06
GCM1,5.43382407827478e-06
TMTC3,5.408697082147898e-06
NARF,5.402463519560838e-06
KLHDC4,5.39847385116946e-06
XKR5,5.39717299809096e-06
ABCB9,5.387005015737989e-06
TNFSF15,5.364330578218078e-06
KDELC2,5.354277520386346e-06
HEBP2,5.341986860049373e-06
ATL2,5.328904186661278e-06
OR13A1,5.302757748160483e-06
OR2C1,5.302757748160483e-06
OR13J1,5.302757748160483e-06
C6orf1,5.300193618768252e-06
FBXW10,5.293926161013954e-06
PHF21B,5.288265461515849e-06
OTUD6B,5.282057526826313e-06
MDH1B,5.263975032099276e-06
ALPK1,5.24583683731118e-06
RNF122,5.245768599309657e-06
ZSCAN16,5.212980187752316e-06
DNLZ,5.207917275810171e-06
TREX1,5.206901445064476e-06
SLC35D3,5.2064732041924415e-06
ZC3H12D,5.201925744712954e-06
ASTN2,5.197158963035038e-06
LRRC55,5.1914022322854e-06
DPCD,5.171741137792074e-06
GATC,5.1698131397240645e-06
RBM47,5.168294614699762e-06
ABCG4,5.145332259968845e-06
KLHL11,5.136211402527259e-06
ZNF22,5.126767588588134e-06
STOML3,5.122700697185488e-06
FBXO15,5.120039169363378e-06
SATL1,5.119865192782096e-06
STC1,5.110473860882193e-06
RREB1,5.10115362653592e-06
PPP1R16A,5.098947118901584e-06
WDR93,5.0881672712327005e-06
GTF2H2C,5.075917234396066e-06
R3HDML,5.073140651085674e-06
TOX2,5.061800441772767e-06
GPR21,5.058340491457749e-06
CLECL1,5.057019521463317e-06
SLC16A14,5.055161433979955e-06
CXCL17,5.04082672908524e-06
MAGEE1,5.033852498271739e-06
TP53INP2,5.0285074663056594e-06
FGGY,5.0217525085371095e-06
GPR155,5.015868968142562e-06
SFMBT1,5.0113978372216944e-06
C12orf74,5.005069641235594e-06
NLRC3,5.00030128979201e-06
TNFSF18,4.9691151571284045e-06
TM7SF3,4.933451916410885e-06
C6orf174,4.928944008866894e-06
TTC38,4.920374176830005e-06
ZG16,4.920374176830005e-06
NTN3,4.918067224731058e-06
C6orf165,4.910864659308338e-06
C10orf90,4.896631174431052e-06
METTL12,4.889263310543731e-06
RANBP17,4.876151074455044e-06
C17orf104,4.866620387827284e-06
TMEM179,4.854967790213885e-06
STMN3,4.852341340477712e-06
FAM189B,4.844946618139684e-06
ZDHHC12,4.843181200503435e-06
CCNJ,4.837816472112034e-06
ARHGAP27,4.822219496628931e-06
TNIP3,4.817002333738555e-06
C1orf177,4.80012847770777e-06
SLC16A5,4.7904702394022325e-06
CALHM3,4.785838327297867e-06
PQLC2,4.785838327297867e-06
CALHM2,4.785838327297867e-06
OSBPL6,4.782673322808335e-06
SLC4A10,4.780996468022199e-06
PTX4,4.776242781960146e-06
VAX2,4.7591261610600566e-06
RAX,4.7591261610600566e-06
ZADH2,4.747813193369299e-06
ZNF169,4.741382960426643e-06
HTR4,4.738496697422061e-06
GOLPH3L,4.737424942549415e-06
ICA1,4.731823764802306e-06
ICA1L,4.731823764802306e-06
KRT74,4.723795648607294e-06
HIST1H1T,4.71443504877201e-06
RFTN1,4.712633300202438e-06
STK17A,4.707210873198019e-06
DIRC1,4.705912830000019e-06
SLC26A1,4.687230398655322e-06
FUT10,4.681009189124908e-06
CYP4F11,4.678999396121892e-06
C2CD4C,4.674105987552402e-06
KIAA1147,4.66959637697704e-06
VPS13D,4.658223556450589e-06
EMP3,4.635910982710817e-06
C20orf27,4.618775270852964e-06
STK10,4.618717281886596e-06
TMEM8B,4.618717281886596e-06
MFAP3L,4.605760309434623e-06
ASB5,4.559928823874242e-06
ASB13,4.559928823874242e-06
VCX3A,4.5273704637321975e-06
CCDC11,4.510497151670321e-06
CCDC88C,4.502142231691468e-06
CRIP2,4.499650487128097e-06
C10orf107,4.4910678089970876e-06
ZBED3,4.48823935565133e-06
ARHGEF19,4.4835854541764765e-06
CD109,4.418226197702819e-06
ARRDC5,4.404742526395889e-06
TOM1L2,4.379332100960919e-06
TATDN1,4.377862997312239e-06
CCDC153,4.3737740031317875e-06
OR2H2,4.365156499853541e-06
RAB17,4.361988883353524e-06
EMR2,4.334049412970286e-06
HEATR4,4.3300373956840455e-06
ZNF14,4.324773031725874e-06
GPRIN3,4.312263035801605e-06
EMP2,4.303302808153449e-06
AATK,4.29190886508257e-06
MAFA,4.285187573459301e-06
USP26,4.280105887539873e-06
ANKH,4.270890329407707e-06
SP140,4.249129758105119e-06
SESTD1,4.245695265230546e-06
SNX21,4.241131825374974e-06
CYP2A7,4.237729826441843e-06
SIGLEC6,4.233648980038389e-06
LMLN,4.225823094221216e-06
SERGEF,4.219515736570705e-06
DHX34,4.188321067854389e-06
ITIH1,4.177545983395083e-06
C4orf19,4.172216920044145e-06
GPR25,4.17092037257314e-06
MRM1,4.170354782434042e-06
CIDEB,4.152136612190826e-06
NRARP,4.137578714081617e-06
ZDHHC19,4.1333489210903435e-06
UBR3,4.132025178486868e-06
TMEM106A,4.128365664750274e-06
DNASE2B,4.113429290967814e-06
SORCS1,4.0989482806658234e-06
C1orf116,4.083522705181884e-06
PITPNC1,4.080614790377161e-06
PBXIP1,4.0693057837168445e-06
AOAH,4.062759976809334e-06
SLC45A4,4.062735608326399e-06
ZNF251,4.044053931170708e-06
C8orf34,4.042958818994882e-06
SLC27A3,4.0318272698642826e-06
GIPC3,4.024401496170879e-06
LMTK2,4.024401496170879e-06
FBXO41,4.020459275650991e-06
FBXO36,4.020459275650991e-06
SLC2A8,4.01373103962375e-06
ZNF532,4.007657454250732e-06
TMCC2,4.001946798562817e-06
CDX1,4.000469234314288e-06
PCMTD1,3.996323489936832e-06
PRELID2,3.995719054184926e-06
GGTLC2,3.9935055245865865e-06
TSPAN10,3.989153438246263e-06
IGSF3,3.989153438246263e-06
RAI1,3.987068231222567e-06
SH3TC1,3.97124325607676e-06
RGS22,3.9685761831140065e-06
TMEM171,3.950245882139658e-06
FBXO30,3.911677141713684e-06
PSG9,3.9098348746081005e-06
NCKAP5,3.900137966683733e-06
MIER3,3.889641161082534e-06
NR2C2AP,3.884349641808571e-06
APOL6,3.867936419810685e-06
APOL4,3.867936419810685e-06
ARSH,3.8557572913061785e-06
KLF12,3.8556042763722945e-06
GPSM3,3.820763914242309e-06
TSTD1,3.820466563217988e-06
DBNDD2,3.81750950571095e-06
TMEM212,3.8109144152318313e-06
KIAA0247,3.8080062513307936e-06
ODF3L2,3.798881319872525e-06
SH3BGRL3,3.798881319872525e-06
TM2D2,3.776464573924624e-06
MTUS1,3.769592389240714e-06
PTMS,3.7645869573391972e-06
IKZF2,3.74345170362673e-06
TESK2,3.736306149809818e-06
NLRP14,3.7330273867099806e-06
BIVM,3.7186128293940987e-06
C12orf54,3.7163907092480695e-06
CLK4,3.7163907092480695e-06
RAP2C,3.7148791875599347e-06
CCDC17,3.7137082594699065e-06
ARL5B,3.713280026400149e-06
ICK,3.7096754865269435e-06
MFSD7,3.70763633958869e-06
PLBD1,3.7064609205461102e-06
ZHX1,3.70081525947794e-06
TMEM134,3.6829101707114164e-06
RASA4,3.6745614978491623e-06
GLOD5,3.6509620553764057e-06
ZNF19,3.6491813724999205e-06
ZKSCAN1,3.6491813724999205e-06
TEX9,3.648172240897232e-06
C9orf3,3.6430008709929993e-06
RALGPS1,3.638437724188355e-06
PJA2,3.6222653728484697e-06
PTPRH,3.618754252344433e-06
BNIPL,3.6106217664792976e-06
QSOX1,3.6106217664792976e-06
DSCR8,3.6106217664792976e-06
ZHX3,3.605202461372556e-06
HEBP1,3.5972867051011758e-06
PTPRU,3.5958916412899244e-06
NEK4,3.5905481612289355e-06
C17orf47,3.5830430355530377e-06
SIT1,3.5814648579461864e-06
ALS2CR12,3.5701018179904e-06
KIAA1109,3.546297999365412e-06
AMZ2,3.5374668943509295e-06
JTB,3.5334671966234537e-06
RAB33A,3.531230981584761e-06
HHLA3,3.520727751588289e-06
TRPT1,3.5131098703807158e-06
SRPK3,3.504509615379648e-06
CWH43,3.485318556232213e-06
ZNF414,3.4827000158147473e-06
METRNL,3.465689572215963e-06
PITPNM2,3.4402848280336437e-06
TMEFF2,3.4355423134537145e-06
ZBTB46,3.425792379057858e-06
ZNF780B,3.4236109837311638e-06
HSD17B14,3.413315836605381e-06
TBC1D2,3.4099375453675664e-06
DPEP3,3.408445817089258e-06
SIGLEC14,3.3910244637464056e-06
IQCH,3.3725765214497838e-06
SLC6A6,3.367511581143628e-06
ZNF513,3.36377970618619e-06
PLCXD1,3.3610443669038217e-06
BCAM,3.3547858743962825e-06
ARHGAP15,3.3536249028673794e-06
TMEM205,3.350486992437778e-06
FKBP7,3.3495568469099044e-06
CES3,3.348859826256653e-06
DCAKD,3.337053310061675e-06
C2orf40,3.3353219638184005e-06
AARSD1,3.32362318361462e-06
FAM57A,3.281668069721468e-06
RSAD1,3.2774480066252857e-06
DNAJC4,3.2763771976711273e-06
MR1,3.2605119928803652e-06
LIME1,3.2550610772246176e-06
CASZ1,3.2281985416263846e-06
ZDHHC22,3.209708454191148e-06
FAHD2B,3.2067120753333964e-06
TECPR1,3.189709140259708e-06
PKIG,3.1875764963934613e-06
MUM1L1,3.1863366778254034e-06
GPR4,3.1429742259582588e-06
FAM26F,3.119798005219825e-06
PWWP2B,3.119798005219825e-06
ZNF512B,3.119798005219825e-06
TMED7-TICAM2,3.1164411027668106e-06
INCA1,3.1123456490658256e-06
KLHL15,3.096213829237078e-06
PLEKHB1,3.095783104168571e-06
TFEC,3.092591833532881e-06
KLHDC7A,3.0588722770294596e-06
C20orf196,3.0511580216491184e-06
TRIM37,3.0476661553637627e-06
SPDYE1,3.038070309423628e-06
SPDYE5,3.038070309423628e-06
SPDYE6,3.038070309423628e-06
SPDYE2,3.038070309423628e-06
TRIM7,3.0310146591908075e-06
LST1,3.018403688915625e-06
C11orf87,2.9938003920235668e-06
KLRG2,2.9912515739342355e-06
AVEN,2.9862590748372303e-06
ATAD3B,2.975690601059653e-06
CD5L,2.9621738921466273e-06
ACBD7,2.9497439687477807e-06
DHRS12,2.9458873202161147e-06
GPR135,2.943998375534022e-06
TRIM62,2.9388974522283423e-06
CHD6,2.924550447392458e-06
WDR38,2.924550447392458e-06
FBXO44,2.917780401106949e-06
DTWD2,2.9127734529079407e-06
PDCD2L,2.9113547703058283e-06
RABEP2,2.910904953114093e-06
TMPPE,2.90593006147495e-06
OR51E1,2.9042476423605217e-06
COQ10A,2.878032478119224e-06
GRHL3,2.8564626208751384e-06
C19orf66,2.837832142648592e-06
C19orf43,2.837594485208458e-06
L3MBTL3,2.828369208575202e-06
SNX10,2.827970084710394e-06
DCUN1D3,2.824377047779273e-06
LRRC8E,2.810271272835436e-06
RNFT1,2.807941705295274e-06
FUCA2,2.8068364132023674e-06
EGFL8,2.8065118768151502e-06
KLRC3,2.796564511656729e-06
ACRC,2.789124404161281e-06
NSUN5,2.778666207280463e-06
TRIM38,2.7731099101654814e-06
C15orf41,2.767963805210154e-06
PRMT8,2.7577213385873233e-06
AKNA,2.750377553214039e-06
ZFAND2B,2.738251761125332e-06
BTG3,2.713334565867141e-06
DCAF4L1,2.7060254730381055e-06
DNAJC17,2.7058684718802297e-06
TMPRSS9,2.6998706408739076e-06
C2CD4A,2.699535264454711e-06
CNIH4,2.6812080621565517e-06
SLC15A3,2.6783582963447047e-06
EPS8L1,2.6635519046330854e-06
PTAR1,2.6040482417247e-06
ANKRD12,2.5528636260180695e-06
TMEM208,2.551714244981317e-06
SLC25A29,2.538670115468732e-06
UBL3,2.532437151584027e-06
PLCXD2,2.5259585709054336e-06
RAI14,2.523277425731049e-06
C12orf45,2.5042024581501653e-06
HUS1B,2.4983531064496335e-06
NT5DC3,2.4760524707201627e-06
CISD3,2.4539990999224074e-06
C19orf10,2.44525190969961e-06
NBEAL2,2.4181082011238826e-06
VIL1,2.4139189382066313e-06
FBXL15,2.4008672914174236e-06
LYSMD1,2.3934373373756875e-06
IFRD1,2.361587820606312e-06
FBXL4,2.2790285792797777e-06
TREX2,2.239498680134633e-06
CLEC12B,2.2298650788875815e-06
NUCB2,2.074767341492685e-06
C11orf48,2.0334672870068696e-06
DOPEY1,2.016319779926383e-06
C7orf55,1.9979054711312545e-06
CDH6,1.968927808031349e-06
IRF2BP1,1.9548818694217486e-06
SIAH3,1.9533710803090234e-06
DUS3L,1.9498791940779337e-06
TYW1B,1.9498791940779337e-06
ZNF223,1.9334674507018596e-06
OSBP2,1.7735249394485687e-06
KRT222,1.500693878065691e-06
KCTD20,1.4419508627139285e-06
TRIM65,1.3538463842544764e-06
MIF4GD,1.2387531173805236e-06
