reactome_id,pathway_name,pagerank_sum,n_genes,lumb_pathway_score
R-HSA-1059683,Interleukin-6 signaling,0.0049713762915618,7,0.0007101966130802572
R-HSA-109581,Apoptosis,0.0079900773687017,13,0.0006146213360539768
R-HSA-109582,Hemostasis,0.0572338479944645,104,0.0005503254614852356
R-HSA-109606,Intrinsic Pathway for Apoptosis,0.004731916686566,8,0.00059148958582075
R-HSA-109704,PI3K Cascade,0.0056608724934434,9,0.0006289858326048222
R-HSA-110056,MAPK3 (ERK1) activation,0.0043531904911194,5,0.0008706380982238801
R-HSA-110312,Translesion synthesis by REV1,0.0026449804848207,4,0.000661245121205175
R-HSA-110313,Translesion synthesis by Y family DNA polymerases bypasses lesions on DNA template,0.0032640519676634,6,0.0005440086612772333
R-HSA-110314,Recognition of DNA damage by PCNA-containing replication complex,0.0036417824865589998,7,0.0005202546409369999
R-HSA-110320,Translesion Synthesis by POLH,0.0026449804848207,4,0.000661245121205175
R-HSA-110362,POLB-Dependent Long Patch Base Excision Repair,0.0007187069729802,2,0.0003593534864901
R-HSA-110373,Resolution of AP sites via the multiple-nucleotide patch replacement pathway,0.0025924684133112,7,0.00037035263047302856
R-HSA-111446,Activation of BIM and translocation to mitochondria ,0.0006758389085126,1,0.0006758389085126
R-HSA-111447,Activation of BAD and translocation to mitochondria ,0.0015243510755847999,4,0.00038108776889619997
R-HSA-111448,Activation of NOXA and translocation to mitochondria,0.0021777867854925,2,0.00108889339274625
R-HSA-111453,BH3-only proteins associate with and inactivate anti-apoptotic BCL-2 members,0.0002887640749246,1,0.0002887640749246
R-HSA-111465,Apoptotic cleavage of cellular proteins,0.0008881337918653,2,0.00044406689593265
R-HSA-111471,Apoptotic factor-mediated response,0.0003539399169761,1,0.0003539399169761
R-HSA-111885,Opioid Signalling,0.0130835489282753,30,0.0004361182976091767
R-HSA-111931,PKA-mediated phosphorylation of CREB,0.0034001628528678,9,0.00037779587254086665
R-HSA-111932,CaMK IV-mediated phosphorylation of CREB,0.0015105722662429,4,0.000377643066560725
R-HSA-111933,Calmodulin induced events,0.006392821089485,16,0.0003995513180928125
R-HSA-111996,Ca-dependent events,0.006392821089485,16,0.0003995513180928125
R-HSA-111997,CaM pathway,0.006392821089485,16,0.0003995513180928125
R-HSA-112040,G-protein mediated events,0.009471951948324,22,0.00043054327037836366
R-HSA-112043,PLC beta mediated events,0.0084599603968688,20,0.00042299801984344005
R-HSA-112310,Neurotransmitter release cycle,0.004521657815998,11,0.00041105980145436367
R-HSA-112314,Neurotransmitter receptors and postsynaptic signal transmission,0.021431096410837,43,0.0004983975909496976
R-HSA-112315,Transmission across Chemical Synapses,0.0252930407038128,52,0.0004864046289194769
R-HSA-112316,Neuronal System,0.0263251158066412,55,0.0004786384692116582
R-HSA-112399,IRS-mediated signalling,0.0095128112654254,13,0.0007317547127250307
R-HSA-112409,RAF-independent MAPK1/3 activation,0.0043531904911194,5,0.0008706380982238801
R-HSA-112411,MAPK1 (ERK2) activation,0.0032794247741145,4,0.000819856193528625
R-HSA-112412,SOS-mediated signalling,0.0042829922157827,5,0.00085659844315654
R-HSA-113501,Inhibition of replication initiation of damaged DNA by RB1/E2F1,0.0008256694727325001,2,0.00041283473636625004
R-HSA-113507,E2F-enabled inhibition of pre-replication complex formation,0.0019110065752567002,2,0.0009555032876283501
R-HSA-113510,E2F mediated regulation of DNA replication,0.0027366760479892002,4,0.0006841690119973001
R-HSA-114452,Activation of BH3-only proteins,0.0043779767695899,7,0.0006254252527985571
R-HSA-114508,Effects of PIP2 hydrolysis,0.001119098753379,3,0.000373032917793
R-HSA-114516,Disinhibition of SNARE formation,0.0016127737872414,3,0.0005375912624138
R-HSA-114604,GPVI-mediated activation cascade,0.0097980630937074,16,0.0006123789433567125
R-HSA-114608,Platelet degranulation ,0.0110884379824469,21,0.0005280208563069952
R-HSA-1168372,Downstream signaling events of B Cell Receptor (BCR),0.0063817916692277,8,0.0007977239586534625
R-HSA-1169091,Activation of NF-kappaB in B cells,0.0031813104645504998,5,0.0006362620929100999
R-HSA-1169092,Activation of RAS in B cells,0.0032004812046772,3,0.0010668270682257332
R-HSA-1169408,ISG15 antiviral mechanism,0.0030760820651878,4,0.00076902051629695
R-HSA-1169410,Antimicrobial mechanism of IFN-stimulated genes,0.008845732065195601,13,0.0006804409280919693
R-HSA-1170546,Prolactin receptor signaling,0.0030748855647088997,5,0.0006149771129417799
R-HSA-1181150,Signaling by NODAL,0.0019649744983431,4,0.000491243624585775
R-HSA-1221632,Meiotic synapsis,0.0006440773156896,1,0.0006440773156896
R-HSA-1222556,ROS and RNS production in phagocytes,0.0011284211771048001,3,0.0003761403923682667
R-HSA-1226099,Signaling by FGFR in disease,0.009422110862414,13,0.0007247777586472308
R-HSA-1227986,Signaling by ERBB2,0.0174808973870833,20,0.0008740448693541651
R-HSA-1227990,Signaling by ERBB2 in Cancer,0.0108525307959081,12,0.0009043775663256751
R-HSA-1234158,Regulation of gene expression by Hypoxia-inducible Factor,0.0026992526907194,3,0.0008997508969064667
R-HSA-1234174,Cellular response to hypoxia,0.0040895432180518,4,0.00102238580451295
R-HSA-1234176,Oxygen-dependent proline hydroxylation of Hypoxia-inducible Factor Alpha,0.0019867612247392,2,0.0009933806123696
R-HSA-1236382,Constitutive Signaling by Ligand-Responsive EGFR Cancer Variants,0.0114532460752764,11,0.001041204188661491
R-HSA-1236394,Signaling by ERBB4,0.0169849464856566,20,0.00084924732428283
R-HSA-1236973,Cross-presentation of particulate exogenous antigens (phagosomes),0.000954390674185,2,0.0004771953370925
R-HSA-1236974,ER-Phagosome pathway,0.0039371527951462,7,0.0005624503993066
R-HSA-1236975,Antigen processing-Cross presentation,0.0048915434693312,9,0.0005435048299256888
R-HSA-1236977,Endosomal/Vacuolar pathway,0.0007142931372233,2,0.00035714656861165
R-HSA-1250196,SHC1 events in ERBB2 signaling,0.0090301811034235,12,0.0007525150919519584
R-HSA-1250342,PI3K events in ERBB4 signaling,0.0026068902683712,3,0.0008689634227904
R-HSA-1250347,SHC1 events in ERBB4 signaling,0.00429181405035,5,0.00085836281007
R-HSA-1251932,PLCG1 events in ERBB2 signaling,0.0029693927909783,3,0.0009897975969927668
R-HSA-1251985,Nuclear signaling by ERBB4,0.005952803161537601,9,0.0006614225735041778
R-HSA-1253288,Downregulation of ERBB4 signaling,0.0038034684300073,3,0.0012678228100024334
R-HSA-1257604,PIP3 activates AKT signaling,0.0317264268798286,53,0.0005986118279212943
R-HSA-1266695,Interleukin-7 signaling,0.0050461461143748,10,0.00050461461143748
R-HSA-1266738,Developmental Biology,0.0840140321064966,160,0.0005250877006656038
R-HSA-1280215,Cytokine Signaling in Immune system,0.0662049932903391,117,0.0005658546435071718
R-HSA-1280218,Adaptive Immune System,0.0499496564187313,90,0.0005549961824303478
R-HSA-1295596,Spry regulation of FGF signaling,0.0049526500893594,4,0.00123816252233985
R-HSA-1296041,Activation of G protein gated Potassium channels,0.002396801929918,6,0.0003994669883196666
R-HSA-1296059,G protein gated Potassium channels,0.002396801929918,6,0.0003994669883196666
R-HSA-1296065,Inwardly rectifying K+ channels,0.002396801929918,6,0.0003994669883196666
R-HSA-1296071,Potassium Channels,0.0027367634084321,7,0.0003909662012045857
R-HSA-1296072,Voltage gated Potassium channels,0.0003399614785141,1,0.0003399614785141
R-HSA-1306955,GRB7 events in ERBB2 signaling,0.0009757800179451,2,0.00048789000897255
R-HSA-1358803,Downregulation of ERBB2:ERBB3 signaling,0.0027147022872154,4,0.00067867557180385
R-HSA-1362277,Transcription of E2F targets under negative control by DREAM complex,0.0030710906148727,6,0.0005118484358121166
R-HSA-1362300,Transcription of E2F targets under negative control by p107 (RBL1) and p130 (RBL2) in complex with HDAC1,0.0021402731334678,3,0.0007134243778226
R-HSA-1368108,"BMAL1:CLOCK,NPAS2 activates circadian expression",0.0027159259178933,6,0.00045265431964888335
R-HSA-1369062,ABC transporters in lipid homeostasis,0.0004867401681529,1,0.0004867401681529
R-HSA-139853,Elevation of cytosolic Ca2+ levels,0.0004021603558579,1,0.0004021603558579
R-HSA-139910,Activation of BMF and translocation to mitochondria,0.0006758389085126,1,0.0006758389085126
R-HSA-139915,Activation of PUMA and translocation to mitochondria,0.0021777867854925,2,0.00108889339274625
R-HSA-140534,Caspase activation via Death Receptors in the presence of ligand,0.0009797363629380001,2,0.0004898681814690001
R-HSA-140837,Intrinsic Pathway of Fibrin Clot Formation,0.0003964526545309,1,0.0003964526545309
R-HSA-140877,Formation of Fibrin Clot (Clotting Cascade),0.0003964526545309,1,0.0003964526545309
R-HSA-141405,Inhibition of the proteolytic activity of APC/C required for the onset of anaphase by mitotic spindle checkpoint components,0.0022101255933235,4,0.000552531398330875
R-HSA-141424,Amplification of signal from the kinetochores,0.007979351223652,16,0.00049870945147825
R-HSA-141430,Inactivation of APC/C via direct inhibition of the APC/C complex,0.0022101255933235,4,0.000552531398330875
R-HSA-141444,Amplification  of signal from unattached  kinetochores via a MAD2  inhibitory signal,0.007979351223652,16,0.00049870945147825
R-HSA-1428517,Aerobic respiration and respiratory electron transport,0.0016928430770944,2,0.0008464215385472
R-HSA-1430728,Metabolism,0.0455408310636052,93,0.0004896863555226365
R-HSA-1433557,Signaling by SCF-KIT,0.0191486165541832,26,0.0007364852520839692
R-HSA-1433559,Regulation of KIT signaling,0.008138433043491801,11,0.0007398575494083455
R-HSA-1433617,Regulation of signaling by NODAL,0.0003142887954011,1,0.0003142887954011
R-HSA-1442490,Collagen degradation,0.0022606696005589002,6,0.0003767782667598167
R-HSA-1445148,Translocation of SLC2A4 (GLUT4) to the plasma membrane,0.0013678800833935999,3,0.00045596002779786665
R-HSA-1461957,Beta defensins,0.0004169064296059,1,0.0004169064296059
R-HSA-1461973,Defensins,0.0012986673992451,2,0.00064933369962255
R-HSA-1462054,Alpha-defensins,0.0008817609696392,1,0.0008817609696392
R-HSA-1474151,"Tetrahydrobiopterin (BH4) synthesis, recycling, salvage and regulation",0.0014726772200076,2,0.0007363386100038
R-HSA-1474165,Reproduction,0.0041660141677212995,9,0.0004628904630801444
R-HSA-1474228,Degradation of the extracellular matrix,0.0060102919748911,13,0.0004623301519147
R-HSA-1474244,Extracellular matrix organization,0.0268168366567863,62,0.00043252962349655323
R-HSA-1474290,Collagen formation,0.0038068674913871,11,0.0003460788628533727
R-HSA-1483249,Inositol phosphate metabolism,0.0014810507640202,3,0.0004936835880067333
R-HSA-1483255,PI Metabolism,0.003937136637343601,6,0.0006561894395572667
R-HSA-1483257,Phospholipid metabolism,0.003937136637343601,6,0.0006561894395572667
R-HSA-1489509,DAG and IP3 signaling,0.00712747139588,18,0.0003959706331044444
R-HSA-1500620,Meiosis,0.0022586161987718,5,0.00045172323975436
R-HSA-1500931,Cell-Cell communication,0.0193257507774251,33,0.0005856288114371242
R-HSA-1502540,Signaling by Activin,0.0011919223710177,2,0.00059596118550885
R-HSA-1538133,G0 and Early G1,0.004881172543346,8,0.00061014656791825
R-HSA-156580,Phase II - Conjugation of compounds,0.000321754468598,1,0.000321754468598
R-HSA-156590,Glutathione conjugation,0.000321754468598,1,0.000321754468598
R-HSA-1566948,Elastic fibre formation,0.0071235900699350005,14,0.0005088278621382143
R-HSA-1566977,Fibronectin matrix formation,0.0036253405350891,6,0.00060422342251485
R-HSA-156711,Polo-like kinase mediated events,0.0049410518966062,8,0.000617631487075775
R-HSA-156827,L13a-mediated translational silencing of Ceruloplasmin expression,0.0017881587461084998,2,0.0008940793730542499
R-HSA-156842,Eukaryotic Translation Elongation,0.0017881587461084998,2,0.0008940793730542499
R-HSA-156902,Peptide chain elongation,0.0017881587461084998,2,0.0008940793730542499
R-HSA-157118,Signaling by NOTCH,0.0174043266814931,24,0.0007251802783955458
R-HSA-157579,Telomere Maintenance,0.0032948173071147,8,0.0004118521633893375
R-HSA-157858,Gap junction trafficking and regulation,0.0035545047561529003,5,0.0007109009512305801
R-HSA-15869,Metabolism of nucleotides,0.0009849090897574,2,0.0004924545448787
R-HSA-1592230,Mitochondrial biogenesis,0.0048522289827958,11,0.00044111172570870905
R-HSA-1592389,Activation of Matrix Metalloproteinases,0.0012479317735549999,3,0.0004159772578516666
R-HSA-159418,Recycling of bile acids and salts,0.0022401033515009,4,0.000560025837875225
R-HSA-159782,Removal of aminoterminal propeptides from gamma-carboxylated proteins,0.0002918125492566,1,0.0002918125492566
R-HSA-159854,"Gamma-carboxylation, transport, and amino-terminal cleavage of proteins",0.0002918125492566,1,0.0002918125492566
R-HSA-1606322,ZBP1(DAI) mediated induction of type I IFNs,0.0009227973469761,2,0.00046139867348805
R-HSA-1614517,Sulfide oxidation to sulfate,0.0003307959121201,1,0.0003307959121201
R-HSA-1614558,Degradation of cysteine and homocysteine,0.0006333484618821,2,0.00031667423094105
R-HSA-1614635,Sulfur amino acid metabolism,0.0006333484618821,2,0.00031667423094105
R-HSA-162582,Signal Transduction,0.1338213981903654,273,0.0004901882717595802
R-HSA-162587,HIV Life Cycle,0.0038472335530408,6,0.0006412055921734667
R-HSA-162588,Budding and maturation of HIV virion,0.0013902905273324,1,0.0013902905273324
R-HSA-162594,Early Phase of HIV Life Cycle,0.0021651304764518,4,0.00054128261911295
R-HSA-162599,Late Phase of HIV Life Cycle,0.001682103076589,2,0.0008410515382945
R-HSA-162658,Golgi Cisternae Pericentriolar Stack Reorganization,0.0031561051572776,4,0.0007890262893194
R-HSA-162906,HIV Infection,0.0077064478497511,14,0.0005504605606965071
R-HSA-162909,Host Interactions of HIV factors,0.0061312657936819,10,0.00061312657936819
R-HSA-1630316,Glycosaminoglycan metabolism,0.0057419221929471,14,0.0004101372994962214
R-HSA-1632852,Macroautophagy,0.0062074752595612,6,0.0010345792099268668
R-HSA-163358,PKA-mediated phosphorylation of key metabolic factors,0.0008606571088228,1,0.0008606571088228
R-HSA-163359,Glucagon signaling in metabolic regulation,0.0053525359617658,13,0.00041173353552044614
R-HSA-163560,Triglyceride catabolism,0.0022679843322938,3,0.0007559947774312667
R-HSA-163615,PKA activation,0.0034001628528678,9,0.00037779587254086665
R-HSA-163680,AMPK inhibits chREBP transcriptional activation activity,0.0003051455577227,1,0.0003051455577227
R-HSA-163685,Integration of energy metabolism,0.0128682463355901,28,0.000459580226271075
R-HSA-1638074,Keratan sulfate/keratin metabolism,0.0004318888466532,1,0.0004318888466532
R-HSA-1638091,Heparan sulfate/heparin (HS-GAG) metabolism,0.0031900212679557,8,0.0003987526584944625
R-HSA-163841,"Gamma carboxylation, hypusinylation, hydroxylation, and arylsulfatase activation",0.0002918125492566,1,0.0002918125492566
R-HSA-1640170,Cell Cycle,0.048350228718323,94,0.0005143641353013085
R-HSA-1643685,Disease,0.1077792029128747,212,0.0005083924665701637
R-HSA-1643713,Signaling by EGFR in Cancer,0.0114532460752764,11,0.001041204188661491
R-HSA-164378,PKA activation in glucagon signalling,0.0040653316869212,10,0.00040653316869212
R-HSA-164938,Nef-mediates down modulation of cell surface receptors by recruiting them to clathrin adapters,0.002699515549783,5,0.0005399031099566
R-HSA-164939,Nef mediated downregulation of CD28 cell surface expression,0.0003936126507042,1,0.0003936126507042
R-HSA-164940,Nef mediated downregulation of MHC class I complex cell surface expression,0.0007142931372233,2,0.00035714656861165
R-HSA-164944,Nef and signal transduction,0.0023982221823919,4,0.000599555545597975
R-HSA-164952,The role of Nef in HIV-1 replication and disease pathogenesis,0.0043878889399586,8,0.000548486117494825
R-HSA-1650814,Collagen biosynthesis and modifying enzymes,0.0019083837384827,6,0.00031806395641378334
R-HSA-1655829,Regulation of cholesterol biosynthesis by SREBP (SREBF),0.0030355829700612,7,0.00043365471000874283
R-HSA-166016,Toll Like Receptor 4 (TLR4) Cascade,0.0141350236176904,23,0.0006145662442474087
R-HSA-1660499,Synthesis of PIPs at the plasma membrane,0.003937136637343601,6,0.0006561894395572667
R-HSA-166058,MyD88:MAL(TIRAP) cascade initiated on plasma membrane,0.0112267806498028,18,0.0006237100361001556
R-HSA-166166,MyD88-independent TLR4 cascade ,0.0111410741797829,16,0.0006963171362364312
R-HSA-166520,Signaling by NTRKs,0.018704037702097002,28,0.0006680013465034644
R-HSA-166658,Complement cascade,0.0013683958305642,4,0.00034209895764105
R-HSA-166663,Initial triggering of complement,0.0006852256327512,2,0.0003426128163756
R-HSA-166786,Creation of C4 and C2 activators,0.0003028900055923,1,0.0003028900055923
R-HSA-167021,PLC-gamma1 signalling,0.0008922374392059,2,0.00044611871960295
R-HSA-167044,Signalling to RAS,0.0079377768839412,10,0.00079377768839412
R-HSA-167060,NGF processing,0.0007390728312937,2,0.00036953641564685
R-HSA-167590,Nef Mediated CD4 Down-regulation,0.0015916097618555,2,0.00079580488092775
R-HSA-168138,Toll Like Receptor 9 (TLR9) Cascade,0.0104725398296052,16,0.000654533739350325
R-HSA-168142,Toll Like Receptor 10 (TLR10) Cascade,0.0098925125869628,15,0.0006595008391308534
R-HSA-168164,Toll Like Receptor 3 (TLR3) Cascade,0.0095980700477694,14,0.0006855764319835285
R-HSA-168176,Toll Like Receptor 5 (TLR5) Cascade,0.0098925125869628,15,0.0006595008391308534
R-HSA-168179,Toll Like Receptor TLR1:TLR2 Cascade,0.0112267806498028,18,0.0006237100361001556
R-HSA-168181,Toll Like Receptor 7/8 (TLR7/8) Cascade,0.0104725398296052,16,0.000654533739350325
R-HSA-168188,Toll Like Receptor TLR6:TLR2 Cascade,0.0112267806498028,18,0.0006237100361001556
R-HSA-168249,Innate Immune System,0.0472214491041507,82,0.0005758713305384232
R-HSA-168255,Influenza Infection,0.0044668622424957,7,0.0006381231774993857
R-HSA-168256,Immune System,0.0938940838070059,183,0.0005130824251748956
R-HSA-168273,Influenza Viral RNA Transcription and Replication,0.0032611719512031,4,0.000815292987800775
R-HSA-168275,Entry of Influenza Virion into Host Cell via Endocytosis,0.0004194073203384,1,0.0004194073203384
R-HSA-168276,NS1 Mediated Effects on Host Pathways,0.0003005929335822,1,0.0003005929335822
R-HSA-168277,Influenza Virus Induced Apoptosis,0.000485690037372,1,0.000485690037372
R-HSA-168638,NOD1/2 Signaling Pathway,0.0034182531434713,6,0.0005697088572452167
R-HSA-168643,"Nucleotide-binding domain, leucine rich repeat containing receptor (NLR) signaling pathways",0.004467084285725,8,0.000558385535715625
R-HSA-168799,Neurotoxicity of clostridium toxins,0.0019176396686746999,4,0.00047940991716867497
R-HSA-168898,Toll-like Receptor Cascades,0.0145556274140871,24,0.0006064844755869625
R-HSA-168927,"TICAM1, RIP1-mediated IKK complex recruitment",0.0018885915950828999,2,0.0009442957975414499
R-HSA-168928,DDX58/IFIH1-mediated induction of interferon-alpha/beta,0.0062832449283036,8,0.00078540561603795
R-HSA-169893,Prolonged ERK activation events,0.0008922374392059,2,0.00044611871960295
R-HSA-169911,Regulation of Apoptosis,0.0013902905273324,1,0.0013902905273324
R-HSA-170660,Adenylate cyclase activating pathway,0.0018682553001023,6,0.00031137588335038337
R-HSA-170670,Adenylate cyclase inhibitory pathway,0.0025803730009165,7,0.00036862471441664283
R-HSA-170834,Signaling by TGF-beta Receptor Complex,0.0126202374722548,20,0.00063101187361274
R-HSA-170968,Frs2-mediated activation,0.0008922374392059,2,0.00044611871960295
R-HSA-170984,ARMS-mediated activation,0.0008922374392059,2,0.00044611871960295
R-HSA-171007,p38MAPK events,0.0063940818774305,7,0.0009134402682043571
R-HSA-171286,Synthesis and processing of ENV and VPU,0.0002918125492566,1,0.0002918125492566
R-HSA-171319,Telomere Extension By Telomerase,0.0010436323728127,2,0.00052181618640635
R-HSA-173107,Binding and entry of HIV virion,0.0017986830301118,3,0.0005995610100372667
R-HSA-173623,Classical antibody-mediated complement activation,0.0003028900055923,1,0.0003028900055923
R-HSA-173736,Alternative complement activation,0.0003823356271589,1,0.0003823356271589
R-HSA-174048,APC/C:Cdc20 mediated degradation of Cyclin B,0.0043710086898875004,5,0.0008742017379775001
R-HSA-174084,Autodegradation of Cdh1 by Cdh1:APC/C,0.0018691657130125998,2,0.0009345828565062999
R-HSA-174113,SCF-beta-TrCP mediated degradation of Emi1,0.0023342132553415,3,0.0007780710851138334
R-HSA-174143,APC/C-mediated degradation of cell cycle proteins,0.0096310848178014,15,0.00064207232118676
R-HSA-174154,APC/C:Cdc20 mediated degradation of Securin,0.0027860127790625,4,0.000696503194765625
R-HSA-174178,APC/C:Cdh1 mediated degradation of Cdc20 and other APC/C:Cdh1 targeted proteins in late mitosis/early G1,0.0050995202092226,8,0.000637440026152825
R-HSA-174184,Cdc20:Phospho-APC/C mediated degradation of Cyclin A,0.0054104980491292,7,0.0007729282927327429
R-HSA-174411,Polymerase switching on the C-strand of the telomere,0.0015570280760694999,4,0.00038925701901737497
R-HSA-174414,Processive synthesis on the C-strand of the telomere,0.0015107174755072,4,0.0003776793688768
R-HSA-174417,Telomere C-strand (Lagging Strand) Synthesis,0.002251184934302,6,0.00037519748905033334
R-HSA-174437,Removal of the Flap Intermediate from the C-strand,0.0011830080636147,3,0.0003943360212049
R-HSA-174490,Membrane binding and targetting of GAG proteins,0.0013902905273324,1,0.0013902905273324
R-HSA-174495,"Synthesis And Processing Of GAG, GAGPOL Polyproteins",0.0013902905273324,1,0.0013902905273324
R-HSA-174577,Activation of C3 and C5,0.0003823356271589,1,0.0003823356271589
R-HSA-174824,"Plasma lipoprotein assembly, remodeling, and clearance",0.0054206179497063,9,0.0006022908833007
R-HSA-175474,Assembly Of The HIV Virion,0.001682103076589,2,0.0008410515382945
R-HSA-176187,Activation of ATR in response to replication stress,0.0056195402180198,14,0.00040139572985855714
R-HSA-176407,Conversion from APC/C:Cdc20 to APC/C:Cdh1 in late anaphase,0.0010697115872984001,2,0.0005348557936492001
R-HSA-176408,Regulation of APC/C activators between G1/S and early anaphase,0.0072516376984876,10,0.0007251637698487601
R-HSA-176409,APC/C:Cdc20 mediated degradation of mitotic proteins,0.0069644910612504,10,0.00069644910612504
R-HSA-176412,Phosphorylation of the APC/C,0.0030406942256526,4,0.00076017355641315
R-HSA-176417,Phosphorylation of Emi1,0.0031526554415906,4,0.00078816386039765
R-HSA-176814,Activation of APC/C and APC/C:Cdc20 mediated degradation of mitotic proteins,0.0076153035259661,11,0.0006923003205423728
R-HSA-176974,Unwinding of DNA,0.0030774164001595,8,0.0003846770500199375
R-HSA-177504,Retrograde neurotrophin signalling,0.0016434446268207,4,0.000410861156705175
R-HSA-177929,Signaling by EGFR,0.0136158313157194,13,0.0010473716396707231
R-HSA-1793185,Chondroitin sulfate/dermatan sulfate metabolism,0.0010584685460129,3,0.00035282284867096665
R-HSA-179409,APC-Cdc20 mediated degradation of Nek2A,0.0039911576100936,6,0.0006651929350156
R-HSA-179419,APC:Cdc20 mediated degradation of cell cycle proteins prior to satisfation of the cell cycle checkpoint,0.0058012395385669,8,0.0007251549423208625
R-HSA-179812,GRB2 events in EGFR signaling,0.0061491068311374,6,0.0010248511385229
R-HSA-1799339,SRP-dependent cotranslational protein targeting to membrane,0.0017881587461084998,2,0.0008940793730542499
R-HSA-180024,DARPP-32 events,0.0028308921661013,6,0.0004718153610168833
R-HSA-180292,GAB1 signalosome,0.007747521968056,7,0.0011067888525794285
R-HSA-180336,SHC1 events in EGFR signaling,0.0061491068311374,6,0.0010248511385229
R-HSA-180534,Vpu mediated degradation of CD4,0.0026251378233624998,3,0.0008750459411208333
R-HSA-180585,Vif-mediated degradation of APOBEC3G,0.0013902905273324,1,0.0013902905273324
R-HSA-180786,Extension of Telomeres,0.0032948173071147,8,0.0004118521633893375
R-HSA-1810476,RIP-mediated NFkB activation via ZBP1,0.0009227973469761,2,0.00046139867348805
R-HSA-181429,Serotonin Neurotransmitter Release Cycle,0.0026150256653298,6,0.00043583761088829997
R-HSA-181430,Norepinephrine Neurotransmitter Release Cycle,0.0026150256653298,6,0.00043583761088829997
R-HSA-181438,Toll Like Receptor 2 (TLR2) Cascade,0.0112267806498028,18,0.0006237100361001556
R-HSA-182971,EGFR downregulation,0.0043135386348368,4,0.0010783846587092
R-HSA-1834949,Cytosolic sensors of pathogen-associated DNA ,0.0037082725230311,4,0.000927068130757775
R-HSA-1839117,Signaling by cytosolic FGFR1 fusion mutants,0.0038686665075945,5,0.0007737333015189
R-HSA-1839120,Signaling by FGFR1 amplification mutants,0.000453247265594,1,0.000453247265594
R-HSA-1839122,Signaling by activated point mutants of FGFR1,0.0010283288753385,2,0.00051416443766925
R-HSA-1839124,FGFR1 mutant receptor activation,0.004896995382933,7,0.0006995707689904286
R-HSA-1839126,FGFR2 mutant receptor activation,0.0009604941493676,2,0.0004802470746838
R-HSA-1839130,Signaling by activated point mutants of FGFR3,0.0008628457776204,2,0.0004314228888102
R-HSA-1852241,Organelle biogenesis and maintenance,0.0087363545845585,17,0.0005139032108563824
R-HSA-1855204,Synthesis of IP3 and IP4 in the cytosol,0.0014810507640202,3,0.0004936835880067333
R-HSA-186712,Regulation of beta-cell development,0.0038026591257362,6,0.0006337765209560334
R-HSA-186763,Downstream signal transduction,0.0133376670941553,18,0.00074098150523085
R-HSA-186797,Signaling by PDGF,0.014675730511975701,22,0.0006670786596352592
R-HSA-187015,Activation of TRKA receptors,0.0012299874892409,3,0.0004099958297469667
R-HSA-187024,NGF-independant TRKA activation,0.0007827272072038,2,0.0003913636036019
R-HSA-187037,Signaling by NTRK1 (TRKA),0.0155344369064911,23,0.0006754103002822217
R-HSA-187042,TRKA activation by NGF,0.0008922374392059,2,0.00044611871960295
R-HSA-187577,SCF(Skp2)-mediated degradation of p27/p21,0.0034742718279144,5,0.00069485436558288
R-HSA-187687,Signalling to ERKs,0.0079377768839412,10,0.00079377768839412
R-HSA-187706,Signalling to p38 via RIT and RIN,0.0008922374392059,2,0.00044611871960295
R-HSA-189445,Metabolism of porphyrins,0.0007346799395943,1,0.0007346799395943
R-HSA-189451,Heme biosynthesis,0.0007346799395943,1,0.0007346799395943
R-HSA-189483,Heme degradation,0.0007346799395943,1,0.0007346799395943
R-HSA-190236,Signaling by FGFR,0.0126731094341821,14,0.0009052221024415786
R-HSA-190239,FGFR3 ligand binding and activation,0.0008628457776204,2,0.0004314228888102
R-HSA-190241,FGFR2 ligand binding and activation,0.0009604941493676,2,0.0004802470746838
R-HSA-190242,FGFR1 ligand binding and activation,0.0010283288753385,2,0.00051416443766925
R-HSA-190322,FGFR4 ligand binding and activation,0.0005750816097445,1,0.0005750816097445
R-HSA-190370,FGFR1b ligand binding and activation,0.0010283288753385,2,0.00051416443766925
R-HSA-190371,FGFR3b ligand binding and activation,0.0002877641678759,1,0.0002877641678759
R-HSA-190372,FGFR3c ligand binding and activation,0.0008628457776204,2,0.0004314228888102
R-HSA-190373,FGFR1c ligand binding and activation,0.0010283288753385,2,0.00051416443766925
R-HSA-190374,FGFR1c and Klotho ligand binding and activation,0.000453247265594,1,0.000453247265594
R-HSA-190375,FGFR2c ligand binding and activation,0.0009604941493676,2,0.0004802470746838
R-HSA-190377,FGFR2b ligand binding and activation,0.0009604941493676,2,0.0004802470746838
R-HSA-190704,Oligomerization of connexins into connexons,0.0003263095993499,1,0.0003263095993499
R-HSA-190827,Transport of connexins along the secretory pathway,0.0003263095993499,1,0.0003263095993499
R-HSA-190828,Gap junction trafficking,0.0010775167869647,3,0.00035917226232156665
R-HSA-190840,Microtubule-dependent trafficking of connexons from Golgi to the plasma membrane,0.0003263095993499,1,0.0003263095993499
R-HSA-190861,Gap junction assembly,0.0003263095993499,1,0.0003263095993499
R-HSA-190872,Transport of connexons to the plasma membrane,0.0003263095993499,1,0.0003263095993499
R-HSA-190873,Gap junction degradation,0.0010775167869647,3,0.00035917226232156665
R-HSA-1912399,Pre-NOTCH Processing in the Endoplasmic Reticulum,0.0006890671249577,1,0.0006890671249577
R-HSA-1912408,Pre-NOTCH Transcription and Translation,0.006819478264326,8,0.00085243478304075
R-HSA-1912420,Pre-NOTCH Processing in Golgi,0.0009808796742143,2,0.00049043983710715
R-HSA-1912422,Pre-NOTCH Expression and Processing,0.0071112908135826,9,0.0007901434237314
R-HSA-191273,Cholesterol biosynthesis,0.0003196570521679,1,0.0003196570521679
R-HSA-191650,Regulation of gap junction activity,0.0028032975685381,3,0.0009344325228460333
R-HSA-192105,Synthesis of bile acids and bile salts,0.0015054234119066,3,0.0005018078039688667
R-HSA-192814,vRNA Synthesis,0.0003522595266402,1,0.0003522595266402
R-HSA-192823,Viral mRNA Translation,0.0017881587461084998,2,0.0008940793730542499
R-HSA-192905,vRNP Assembly,0.0011207536784544,1,0.0011207536784544
R-HSA-193048,Androgen biosynthesis,0.0005155759024965,1,0.0005155759024965
R-HSA-193368,Synthesis of bile acids and bile salts via 7alpha-hydroxycholesterol,0.0015054234119066,3,0.0005018078039688667
R-HSA-193639,p75NTR signals via NF-kB,0.0027603481563456,4,0.0006900870390864
R-HSA-193648,NRAGE signals death through JNK,0.002470933013238,5,0.0004941866026476
R-HSA-193670,p75NTR negatively regulates cell cycle via SC1,0.0010308650225643,2,0.00051543251128215
R-HSA-193681,Ceramide signalling,0.0004472602820371,1,0.0004472602820371
R-HSA-193697,p75NTR regulates axonogenesis,0.0004472602820371,1,0.0004472602820371
R-HSA-193704,p75 NTR receptor-mediated signalling,0.0053676256280737,9,0.0005964028475637444
R-HSA-193807,Synthesis of bile acids and bile salts via 27-hydroxycholesterol,0.0015054234119066,3,0.0005018078039688667
R-HSA-194002,Glucocorticoid biosynthesis,0.0005155759024965,1,0.0005155759024965
R-HSA-194068,Bile acid and bile salt metabolism,0.0022401033515009,4,0.000560025837875225
R-HSA-194138,Signaling by VEGF,0.0220146953942253,34,0.0006474910410066264
R-HSA-194306,Neurophilin interactions with VEGF and VEGFR,0.0009309289472431,2,0.00046546447362155
R-HSA-194313,VEGF ligand-receptor interactions,0.0016980384894262,3,0.0005660128298087333
R-HSA-194315,Signaling by Rho GTPases,0.0316956417099887,59,0.000537214266270995
R-HSA-195253,Degradation of beta-catenin by the destruction complex,0.0028342224664619,5,0.00056684449329238
R-HSA-195258,RHO GTPase Effectors,0.021537534948287602,40,0.00053843837370719
R-HSA-195399,VEGF binds to VEGFR leading to receptor dimerization,0.0016980384894262,3,0.0005660128298087333
R-HSA-195721,Signaling by WNT,0.0175267648482611,34,0.0005154930837723853
R-HSA-196025,Formation of annular gap junctions,0.0010775167869647,3,0.00035917226232156665
R-HSA-196071,Metabolism of steroid hormones,0.0005155759024965,1,0.0005155759024965
R-HSA-196299,Beta-catenin phosphorylation cascade,0.0004032157605164,1,0.0004032157605164
R-HSA-1963640,GRB2 events in ERBB2 signaling,0.0072612068413283,8,0.0009076508551660375
R-HSA-1963642,PI3K events in ERBB2 signaling,0.0058798383454717,7,0.0008399769064959572
R-HSA-196741,"Cobalamin (Cbl, vitamin B12) transport and metabolism",0.00029719792201,1,0.00029719792201
R-HSA-196791,Vitamin D (calciferol) metabolism,0.00029719792201,1,0.00029719792201
R-HSA-196843,Vitamin B2 (riboflavin) metabolism,0.0003255589740045,1,0.0003255589740045
R-HSA-196849,Metabolism of water-soluble vitamins and cofactors,0.0009424649575971,3,0.0003141549858657
R-HSA-196854,Metabolism of vitamins and cofactors,0.0076474884865757,18,0.00042486047147642777
R-HSA-1971475,Glycosaminoglycan-protein linkage region biosynthesis,0.0042484898139686,11,0.0003862263467244182
R-HSA-1980143,Signaling by NOTCH1,0.0072461199738377,10,0.00072461199738377
R-HSA-1980145,Signaling by NOTCH2,0.002785475176055,2,0.0013927375880275
R-HSA-198203,PI3K/AKT activation,0.0038886274604407003,6,0.0006481045767401168
R-HSA-198323,AKT phosphorylates targets in the cytosol,0.0015957121005719002,4,0.00039892802514297505
R-HSA-198693,AKT phosphorylates targets in the nucleus,0.00135665599501,3,0.0004522186650033333
R-HSA-198725,Nuclear Events (kinase and transcription factor activation),0.0040683709981611,7,0.0005811958568801571
R-HSA-198745,Signalling to STAT3,0.0008922374392059,2,0.00044611871960295
R-HSA-198753,ERK/MAPK targets,0.0005570582344958,1,0.0005570582344958
R-HSA-198933,Immunoregulatory interactions between a Lymphoid and a non-Lymphoid cell,0.0071104324403974,17,0.00041826073178808233
R-HSA-1989781,PPARA activates gene expression,0.0074833527800341,15,0.0004988901853356067
R-HSA-199220,Vitamin B5 (pantothenate) metabolism,0.0003255589740045,1,0.0003255589740045
R-HSA-199418,Negative regulation of the PI3K/AKT network,0.0221313147261991,38,0.0005824030191105027
R-HSA-199977,ER to Golgi Anterograde Transport,0.0006932176087120999,2,0.00034660880435604996
R-HSA-199991,Membrane Trafficking,0.0195303906974924,35,0.0005580111627854971
R-HSA-199992,trans-Golgi Network Vesicle Budding,0.0027765020375675,5,0.0005553004075135
R-HSA-200425,Carnitine shuttle,0.0006004995603472,1,0.0006004995603472
R-HSA-201451,Signaling by BMP,0.0007726522975055,2,0.00038632614875275
R-HSA-201556,Signaling by ALK,0.0095000564325832,12,0.0007916713693819333
R-HSA-201681,TCF dependent signaling in response to WNT,0.0099132314795051,18,0.0005507350821947278
R-HSA-201688,WNT mediated activation of DVL,0.0004478422834624,1,0.0004478422834624
R-HSA-201722,Formation of the beta-catenin:TCF transactivating complex,0.0031880032505494,5,0.00063760065010988
R-HSA-202040,G-protein activation,0.0039553066043055,8,0.0004944133255381875
R-HSA-202131,Metabolism of nitric oxide: NOS3 activation and regulation,0.002275605317251,3,0.0007585351057503334
R-HSA-2022090,Assembly of collagen fibrils and other multimeric structures,0.0029112215799083,8,0.0003639026974885375
R-HSA-2022377,Metabolism of Angiotensinogen to Angiotensins,0.0006406108744771,2,0.00032030543723855
R-HSA-2022854,Keratan sulfate biosynthesis,0.0004318888466532,1,0.0004318888466532
R-HSA-2022857,Keratan sulfate degradation,0.0004318888466532,1,0.0004318888466532
R-HSA-2022870,CS-GAG biosynthesis,0.0010584685460129,3,0.00035282284867096665
R-HSA-2022923,DS-GAG biosynthesis,0.0010584685460129,3,0.00035282284867096665
R-HSA-2022928,HS-GAG biosynthesis,0.0031900212679557,8,0.0003987526584944625
R-HSA-2023837,Signaling by FGFR2 amplification mutants,0.0003854125396231,1,0.0003854125396231
R-HSA-202403,TCR signaling,0.0104079974325458,17,0.0006122351430909294
R-HSA-2024096,HS-GAG degradation,0.0031900212679557,8,0.0003987526584944625
R-HSA-2024101,CS/DS degradation,0.0010584685460129,3,0.00035282284867096665
R-HSA-202424,Downstream TCR signaling,0.0077950350514552,11,0.0007086395501322909
R-HSA-202427,Phosphorylation of CD3 and TCR zeta chains,0.0029248568914242,5,0.00058497137828484
R-HSA-202430,Translocation of ZAP-70 to Immunological synapse,0.0019061318065711,3,0.0006353772688570333
R-HSA-202433,Generation of second messenger molecules,0.0035003691028086,7,0.0005000527289726572
R-HSA-202733,Cell surface interactions at the vascular wall,0.0246904476776486,37,0.0006673093966932055
R-HSA-2028269,Signaling by Hippo,0.0008660254537429,2,0.00043301272687145
R-HSA-2029480,Fcgamma receptor (FCGR) dependent phagocytosis,0.012823513545415,21,0.000610643502162619
R-HSA-2029481,FCGR activation,0.0059771779869266005,9,0.0006641308874362889
R-HSA-2029482,Regulation of actin dynamics for phagocytic cup formation,0.0038591101015736,8,0.0004823887626967
R-HSA-2029485,Role of phospholipids in phagocytosis,0.0053846446702968,10,0.00053846446702968
R-HSA-2032785,YAP1- and WWTR1 (TAZ)-stimulated gene expression,0.0018355472391855,4,0.000458886809796375
R-HSA-2033514,FGFR3 mutant receptor activation,0.0008628457776204,2,0.0004314228888102
R-HSA-2033515,t(4;14) translocations of FGFR3,0.0002877641678759,1,0.0002877641678759
R-HSA-2033519,Activated point mutants of FGFR2,0.0009604941493676,2,0.0004802470746838
R-HSA-203615,eNOS activation,0.002275605317251,3,0.0007585351057503334
R-HSA-203641,NOSTRIN mediated eNOS trafficking,0.0011548516387966,2,0.0005774258193983
R-HSA-203754,NOSIP mediated eNOS trafficking,0.0003519235415532,1,0.0003519235415532
R-HSA-204005,COPII-mediated vesicle transport,0.0004067361425908,1,0.0004067361425908
R-HSA-204998,"Cell death signalling via NRAGE, NRIF and NADE",0.0038612235405704,6,0.0006435372567617333
R-HSA-205017,NFG and proNGF binds to p75NTR,0.0004472602820371,1,0.0004472602820371
R-HSA-205025,NADE modulates death signalling,0.0004472602820371,1,0.0004472602820371
R-HSA-205043,NRIF signals cell death from the nucleus,0.0025133897178821,3,0.0008377965726273667
R-HSA-209543,p75NTR recruits signalling complexes,0.00233585187712,3,0.0007786172923733332
R-HSA-209560,NF-kB is activated and signals survival,0.0027603481563456,4,0.0006900870390864
R-HSA-209563,Axonal growth stimulation,0.0004472602820371,1,0.0004472602820371
R-HSA-209776,Metabolism of amine-derived hormones,0.0008029280972434,1,0.0008029280972434
R-HSA-209952,Peptide hormone biosynthesis,0.0005155759024965,1,0.0005155759024965
R-HSA-209968,Thyroxine biosynthesis,0.0008029280972434,1,0.0008029280972434
R-HSA-210500,Glutamate Neurotransmitter Release Cycle,0.0029121137606789,7,0.0004160162515255572
R-HSA-210744,Regulation of gene expression in late stage (branching morphogenesis) pancreatic bud precursor cells,0.0026181313372983,3,0.0008727104457661
R-HSA-210745,Regulation of gene expression in beta cells,0.0011845277884379,3,0.00039484259614596664
R-HSA-210990,PECAM1 interactions,0.0080021098374112,10,0.00080021098374112
R-HSA-210991,Basigin interactions,0.0026698378392586,4,0.00066745945981465
R-HSA-210993,Tie2 Signaling,0.0077307284681762,9,0.0008589698297973556
R-HSA-211000,Gene Silencing by RNA,0.0011207536784544,1,0.0011207536784544
R-HSA-211163,AKT-mediated inactivation of FOXO1A,0.0008754164169412,2,0.0004377082084706
R-HSA-211733,Regulation of activated PAK-2p34 by proteasome mediated degradation,0.0013902905273324,1,0.0013902905273324
R-HSA-211859,Biological oxidations,0.0037562212128674,9,0.00041735791254082224
R-HSA-211897,Cytochrome P450 - arranged by substrate type,0.0034344667442693998,8,0.00042930834303367497
R-HSA-211945,Phase I - Functionalization of compounds,0.0034344667442693998,8,0.00042930834303367497
R-HSA-211976,Endogenous sterols,0.0020209993144031,4,0.000505249828600775
R-HSA-211981,Xenobiotics,0.0014134674298663,4,0.000353366857466575
R-HSA-211999,CYP2E1 reactions,0.0006189509776583,2,0.00030947548882915
R-HSA-212165,Epigenetic regulation of gene expression,0.0098061699564143,20,0.000490308497820715
R-HSA-2122947,NOTCH1 Intracellular Domain Regulates Transcription,0.0067784396065851005,9,0.0007531599562872334
R-HSA-2122948,Activated NOTCH1 Transmits Signal to the Nucleus,0.0025470380195427,3,0.0008490126731809
R-HSA-212300,PRC2 methylates histones and DNA,0.0012330195995878001,3,0.00041100653319593337
R-HSA-212436,Generic Transcription Pathway,0.0642684265420973,121,0.0005311440210090686
R-HSA-212676,Dopamine Neurotransmitter Release Cycle,0.003274739188352,8,0.000409342398544
R-HSA-212718,EGFR interacts with phospholipase C-gamma,0.0022971680591554,2,0.0011485840295777
R-HSA-2129379,Molecules associated with elastic fibres,0.0064582590606524,12,0.0005381882550543666
R-HSA-2132295,MHC class II antigen presentation,0.0043219128594012,10,0.00043219128594012
R-HSA-2142670,Synthesis of epoxy (EET) and dihydroxyeicosatrienoic acids (DHET),0.0003791774234505,1,0.0003791774234505
R-HSA-2142753,Arachidonate metabolism,0.0010017354001629,3,0.0003339118000543
R-HSA-2142770,Synthesis of 15-eicosatetraenoic acid derivatives,0.0003008035081144,1,0.0003008035081144
R-HSA-2142816,Synthesis of (16-20)-hydroxyeicosatetraenoic acids (HETE),0.0003791774234505,1,0.0003791774234505
R-HSA-2142845,Hyaluronan metabolism,0.0010615435323253,2,0.00053077176616265
R-HSA-2151201,Transcriptional activation of mitochondrial biogenesis,0.0039686119319565,9,0.00044095688132850003
R-HSA-2151209,Activation of PPARGC1A (PGC-1alpha) by phosphorylation,0.0013613806323567,3,0.00045379354411889997
R-HSA-216083,Integrin cell surface interactions,0.013848293367167,30,0.00046160977890556665
R-HSA-2160916,Hyaluronan degradation,0.0010615435323253,2,0.00053077176616265
R-HSA-2162123,Synthesis of Prostaglandins (PG) and Thromboxanes (TX),0.0006225579767124,2,0.0003112789883562
R-HSA-2168880,Scavenging of heme from plasma,0.0015399746444006998,3,0.0005133248814668999
R-HSA-2172127,DAP12 interactions,0.0105880114195587,15,0.00070586742797058
R-HSA-2173782,Binding and Uptake of Ligands by Scavenger Receptors,0.004198309906197,8,0.000524788738274625
R-HSA-2173788,Downregulation of TGF-beta receptor signaling,0.0036906837805561,5,0.00073813675611122
R-HSA-2173789,TGF-beta receptor signaling activates SMADs,0.0083970080598053,14,0.0005997862899860929
R-HSA-2173791,TGF-beta receptor signaling in EMT (epithelial to mesenchymal transition),0.0026470592193785,4,0.000661764804844625
R-HSA-2173793,Transcriptional activity of SMAD2/SMAD3:SMAD4 heterotrimer,0.0063445579239885,8,0.0007930697404985625
R-HSA-2173795,Downregulation of SMAD2/3:SMAD4 transcriptional activity,0.0038596881377489997,5,0.0007719376275498
R-HSA-2173796,SMAD2/SMAD3:SMAD4 heterotrimer regulates transcription,0.0047527938891885,5,0.0009505587778377
R-HSA-2179392,EGFR Transactivation by Gastrin,0.0061281453178532,6,0.0010213575529755333
R-HSA-2187338,Visual phototransduction,0.0070877308493483,17,0.00041692534407931177
R-HSA-2197563,NOTCH2 intracellular domain regulates transcription,0.0013951846487226,1,0.0013951846487226
R-HSA-2214320,Anchoring fibril formation,0.0010688449524544,3,0.00035628165081813334
R-HSA-2219528,PI3K/AKT Signaling in Cancer,0.0243864193379052,43,0.0005671260311140744
R-HSA-2219530,Constitutive Signaling by Aberrant PI3K in Cancer,0.021125290517510602,36,0.0005868136254864056
R-HSA-2243919,Crosslinking of collagen fibrils,0.0004147413135444,1,0.0004147413135444
R-HSA-2262752,Cellular responses to stress,0.0332435729334532,58,0.0005731650505767794
R-HSA-2299718,Condensation of Prophase Chromosomes,0.0036670230758251003,6,0.0006111705126375167
R-HSA-2404192,Signaling by Type 1 Insulin-like Growth Factor 1 Receptor (IGF1R),0.0109432992547456,16,0.0006839562034216
R-HSA-2408522,Selenoamino acid metabolism,0.0017881587461084998,2,0.0008940793730542499
R-HSA-2408557,Selenocysteine synthesis,0.0017881587461084998,2,0.0008940793730542499
R-HSA-2424491,DAP12 signaling,0.0105880114195587,15,0.00070586742797058
R-HSA-2426168,Activation of gene expression by SREBF (SREBP),0.0030355829700612,7,0.00043365471000874283
R-HSA-2428924,IGF1R signaling cascade,0.0109432992547456,16,0.0006839562034216
R-HSA-2428928,IRS-related events triggered by IGF1R,0.0109432992547456,16,0.0006839562034216
R-HSA-2428933,SHC-related events triggered by IGF1R,0.0052824267613022,7,0.0007546323944717428
R-HSA-2454202,Fc epsilon receptor (FCERI) signaling,0.016751283661749602,25,0.0006700513464699841
R-HSA-2465910,MASTL Facilitates Mitotic Progression,0.0019110065752567002,2,0.0009555032876283501
R-HSA-2467813,Separation of Sister Chromatids,0.0108142518798705,21,0.0005149643752319286
R-HSA-2468052,Establishment of Sister Chromatid Cohesion,0.0003047353211557,1,0.0003047353211557
R-HSA-2485179,Activation of the phototransduction cascade,0.0004220314595023,1,0.0004220314595023
R-HSA-2500257,Resolution of Sister Chromatid Cohesion,0.0107893792373696,20,0.00053946896186848
R-HSA-2514853,Condensation of Prometaphase Chromosomes,0.0039949099643727,7,0.0005707014234818143
R-HSA-2514856,The phototransduction cascade,0.0015581866183673,3,0.0005193955394557667
R-HSA-2514859,"Inactivation, recovery and regulation of the phototransduction cascade",0.0015581866183673,3,0.0005193955394557667
R-HSA-2555396,Mitotic Metaphase and Anaphase,0.013319544572432401,24,0.00055498102385135
R-HSA-2559580,Oxidative Stress Induced Senescence,0.0093284137835197,14,0.0006663152702514071
R-HSA-2559582,Senescence-Associated Secretory Phenotype (SASP),0.0062299879042663,9,0.0006922208782518111
R-HSA-2559583,Cellular Senescence,0.0131350134400651,21,0.0006254768304792905
R-HSA-2559584,Formation of Senescence-Associated Heterochromatin Foci (SAHF),0.002343073848236,2,0.001171536924118
R-HSA-2559585,Oncogene Induced Senescence,0.0049621153834206,6,0.0008270192305701
R-HSA-2559586,DNA Damage/Telomere Stress Induced Senescence,0.0043012416022486,6,0.0007168736003747666
R-HSA-2562578,TRIF-mediated programmed cell death,0.0005800272426424,1,0.0005800272426424
R-HSA-2564830,Cytosolic iron-sulfur cluster assembly,0.0003023381185812,1,0.0003023381185812
R-HSA-2565942,Regulation of PLK1 Activity at G2/M Transition,0.0076194859355584,11,0.0006926805395962182
R-HSA-2586552,Signaling by Leptin,0.0038979955132527,7,0.0005568565018932429
R-HSA-2644602,Signaling by NOTCH1 PEST Domain Mutants in Cancer,0.0061819689091783,8,0.0007727461136472875
R-HSA-2644603,Signaling by NOTCH1 in Cancer,0.0061819689091783,8,0.0007727461136472875
R-HSA-2644605,FBXW7 Mutants and NOTCH1 in Cancer,0.0006890671249577,1,0.0006890671249577
R-HSA-2644606,Constitutive Signaling by NOTCH1 PEST Domain Mutants,0.0061819689091783,8,0.0007727461136472875
R-HSA-2644607,Loss of Function of FBXW7 in Cancer and NOTCH1 Signaling,0.0006890671249577,1,0.0006890671249577
R-HSA-264642,Acetylcholine Neurotransmitter Release Cycle,0.0026150256653298,6,0.00043583761088829997
R-HSA-264876,Insulin processing,0.0009684982168508,2,0.0004842491084254
R-HSA-2660825,Signaling by NOTCH1 t(7;9)(NOTCH1:M1580_K2555) Translocation Mutant,0.0006890671249577,1,0.0006890671249577
R-HSA-2660826,Constitutive Signaling by NOTCH1 t(7;9)(NOTCH1:M1580_K2555) Translocation Mutant,0.0006890671249577,1,0.0006890671249577
R-HSA-2672351,Stimuli-sensing channels,0.0016984262460250999,2,0.0008492131230125499
R-HSA-2682334,EPH-Ephrin signaling,0.0095133943661337,15,0.00063422629107558
R-HSA-2691230,Signaling by NOTCH1 HD Domain Mutants in Cancer,0.0020793576522901,2,0.00103967882614505
R-HSA-2691232,Constitutive Signaling by NOTCH1 HD Domain Mutants,0.0020793576522901,2,0.00103967882614505
R-HSA-2730905,Role of LAT2/NTAL/LAB on calcium mobilization,0.005461392398958,7,0.0007801989141368572
R-HSA-2871796,FCERI mediated MAPK activation,0.0097773017645484,15,0.00065182011763656
R-HSA-2871809,FCERI mediated Ca+2 mobilization,0.003831300098997,8,0.000478912512374625
R-HSA-2871837,FCERI mediated NF-kB activation,0.003349289209933,5,0.0006698578419866
R-HSA-2892245,"POU5F1 (OCT4), SOX2, NANOG repress genes related to differentiation",0.001632599102151,3,0.000544199700717
R-HSA-2892247,"POU5F1 (OCT4), SOX2, NANOG activate genes related to proliferation",0.0022076807118955,4,0.000551920177973875
R-HSA-2894858,Signaling by NOTCH1 HD+PEST Domain Mutants in Cancer,0.0061819689091783,8,0.0007727461136472875
R-HSA-2894862,Constitutive Signaling by NOTCH1 HD+PEST Domain Mutants,0.0061819689091783,8,0.0007727461136472875
R-HSA-2979096,NOTCH2 Activation and Transmission of Signal to the Nucleus,0.0013902905273324,1,0.0013902905273324
R-HSA-2980736,Peptide hormone metabolism,0.0049283601683868,12,0.00041069668069889997
R-HSA-2980766,Nuclear Envelope Breakdown,0.0044197219995806,6,0.0007366203332634333
R-HSA-2980767,"Activation of NIMA Kinases NEK9, NEK6, NEK7",0.0031561051572776,4,0.0007890262893194
R-HSA-2990846,SUMOylation,0.0150838777193438,25,0.000603355108773752
R-HSA-2995383,Initiation of Nuclear Envelope (NE) Reformation,0.0025052926925619003,3,0.0008350975641873001
R-HSA-2995410,Nuclear Envelope (NE) Reassembly,0.0025052926925619003,3,0.0008350975641873001
R-HSA-3000157,Laminin interactions,0.0050615353971059,11,0.00046013958155508185
R-HSA-3000170,Syndecan interactions,0.0103055723927326,20,0.0005152786196366301
R-HSA-3000171,Non-integrin membrane-ECM interactions,0.0142778294937507,31,0.0004605751449597
R-HSA-3000178,ECM proteoglycans,0.012101511858956901,27,0.00044820414292432966
R-HSA-3000471,Scavenging by Class B Receptors,0.0009073439645496,2,0.0004536719822748
R-HSA-3000480,Scavenging by Class A Receptors,0.0020243217514948,5,0.00040486435029896
R-HSA-3000484,Scavenging by Class F Receptors,0.0015413574748511,2,0.00077067873742555
R-HSA-3000497,Scavenging by Class H Receptors,0.0004206037963967,1,0.0004206037963967
R-HSA-3108214,SUMOylation of DNA damage response and repair proteins,0.0016779861711983999,4,0.00041949654279959997
R-HSA-3108232,SUMO E3 ligases SUMOylate target proteins,0.0150838777193438,25,0.000603355108773752
R-HSA-3134973,LRR FLII-interacting protein 1 (LRRFIP1) activates type I IFN production,0.0013951846487226,1,0.0013951846487226
R-HSA-3134975,Regulation of innate immune responses to cytosolic DNA,0.0013902905273324,1,0.0013902905273324
R-HSA-3214815,HDACs deacetylate histones,0.0017743627034944001,4,0.00044359067587360003
R-HSA-3214841,PKMTs methylate histone lysines,0.0012330195995878001,3,0.00041100653319593337
R-HSA-3214847,HATs acetylate histones,0.0038357594831494,7,0.0005479656404499143
R-HSA-3214858,RMTs methylate histone arginines,0.0018614127812359,3,0.0006204709270786333
R-HSA-3229121,Glycogen storage diseases,0.0013902905273324,1,0.0013902905273324
R-HSA-3232118,SUMOylation of transcription factors,0.0027461553833557,3,0.0009153851277852334
R-HSA-3232142,SUMOylation of ubiquitinylation proteins,0.0005446198858816,1,0.0005446198858816
R-HSA-3238698,WNT ligand biogenesis and trafficking,0.001080391521893,3,0.00036013050729766667
R-HSA-3247509,Chromatin modifying enzymes,0.0075084898258462,14,0.0005363207018461571
R-HSA-3299685,Detoxification of Reactive Oxygen Species,0.0003975749260681,1,0.0003975749260681
R-HSA-3301854,Nuclear Pore Complex (NPC) Disassembly,0.0025052926925619003,3,0.0008350975641873001
R-HSA-3304347,Loss of Function of SMAD4 in Cancer,0.0008776335756166,1,0.0008776335756166
R-HSA-3304349,Loss of Function of SMAD2/3 in Cancer,0.0016959941269961,3,0.0005653313756653666
R-HSA-3304351,Signaling by TGF-beta Receptor Complex in Cancer,0.0016959941269961,3,0.0005653313756653666
R-HSA-3304356,SMAD2/3 Phosphorylation Motif Mutants in Cancer,0.0016959941269961,3,0.0005653313756653666
R-HSA-3311021,SMAD4 MH2 Domain Mutants in Cancer,0.0008776335756166,1,0.0008776335756166
R-HSA-3315487,SMAD2/3 MH2 Domain Mutants in Cancer,0.0008776335756166,1,0.0008776335756166
R-HSA-3322077,Glycogen synthesis,0.0013902905273324,1,0.0013902905273324
R-HSA-3371378,Regulation by c-FLIP,0.0003997091202956,1,0.0003997091202956
R-HSA-3371453,Regulation of HSF1-mediated heat shock response,0.0011678135277678999,2,0.0005839067638839499
R-HSA-3371497,HSP90 chaperone cycle for steroid hormone receptors (SHR) in the presence of ligand,0.002816393559939,4,0.00070409838998475
R-HSA-3371511,HSF1 activation,0.0011207536784544,1,0.0011207536784544
R-HSA-3371556,Cellular response to heat stress,0.0048937311876056,7,0.0006991044553722285
R-HSA-3371568,Attenuation phase,0.0031643607851531003,3,0.0010547869283843668
R-HSA-3371571,HSF1-dependent transactivation,0.0043743401178138,6,0.0007290566863023001
R-HSA-349425,Autodegradation of the E3 ubiquitin ligase COP1,0.0037572771776221998,3,0.0012524257258740665
R-HSA-350054,Notch-HLH transcription pathway,0.0025986211448630002,5,0.0005197242289726
R-HSA-351906,Apoptotic cleavage of cell adhesion  proteins,0.0005036853448813,1,0.0005036853448813
R-HSA-354192,Integrin signaling,0.006420991981165,9,0.0007134435534627778
R-HSA-354194,GRB2:SOS provides linkage to MAPK signaling for Integrins ,0.0051150163152901005,6,0.0008525027192150167
R-HSA-3560782,Diseases associated with glycosaminoglycan metabolism,0.0046803786606218,12,0.0003900315550518167
R-HSA-3560783,"Defective B4GALT7 causes EDS, progeroid type",0.0042484898139686,11,0.0003862263467244182
R-HSA-3560801,Defective B3GAT3 causes JDSSDHD,0.0042484898139686,11,0.0003862263467244182
R-HSA-3595172,Defective CHST3 causes SEDCJD,0.0010584685460129,3,0.00035282284867096665
R-HSA-3595174,"Defective CHST14 causes EDS, musculocontractural type",0.0010584685460129,3,0.00035282284867096665
R-HSA-3595177,Defective CHSY1 causes TPBS,0.0010584685460129,3,0.00035282284867096665
R-HSA-3642278,Loss of Function of TGFBR2 in Cancer,0.0008183605513795,2,0.00040918027568975
R-HSA-3642279,TGFBR2 MSI Frameshift Mutants in Cancer,0.000485690037372,1,0.000485690037372
R-HSA-3645790,TGFBR2 Kinase Domain Mutants in Cancer,0.0008183605513795,2,0.00040918027568975
R-HSA-3656225,Defective CHST6 causes MCDC1,0.0004318888466532,1,0.0004318888466532
R-HSA-3656237,Defective EXT2 causes exostoses 2,0.0031900212679557,8,0.0003987526584944625
R-HSA-3656243,Defective ST3GAL3 causes MCT12 and EIEE15,0.0004318888466532,1,0.0004318888466532
R-HSA-3656244,Defective B4GALT1 causes B4GALT1-CDG (CDG-2d),0.0004318888466532,1,0.0004318888466532
R-HSA-3656253,"Defective EXT1 causes exostoses 1, TRPS2 and CHDS",0.0031900212679557,8,0.0003987526584944625
R-HSA-3656532,TGFBR1 KD Mutants in Cancer,0.0016959941269961,3,0.0005653313756653666
R-HSA-3656534,Loss of Function of TGFBR1 in Cancer,0.0016959941269961,3,0.0005653313756653666
R-HSA-3656535,TGFBR1 LBD Mutants in Cancer,0.0008183605513795,2,0.00040918027568975
R-HSA-3700989,Transcriptional Regulation by TP53,0.022833478861834,40,0.00057083697154585
R-HSA-372708,p130Cas linkage to MAPK signaling for integrins,0.0048639681362734,6,0.0008106613560455667
R-HSA-372790,Signaling by GPCR,0.0384752848157724,75,0.000513003797543632
R-HSA-373076,Class A/1 (Rhodopsin-like receptors),0.0071736000162568,18,0.0003985333342364889
R-HSA-373080,Class B/2 (Secretin family receptors),0.0042225208052449,10,0.00042225208052449
R-HSA-373752,Netrin-1 signaling,0.004735535851446,5,0.0009471071702892
R-HSA-373753,Nephrin family interactions,0.0045840035589269,7,0.0006548576512752715
R-HSA-373755,Semaphorin interactions,0.0073879087378472,12,0.0006156590614872667
R-HSA-373760,L1CAM interactions,0.0142641900495688,25,0.000570567601982752
R-HSA-375165,NCAM signaling for neurite out-growth,0.0098563202676279,14,0.0007040228762591358
R-HSA-375276,Peptide ligand-binding receptors,0.0064856883284250995,16,0.0004053555205265687
R-HSA-375280,Amine ligand-binding receptors,0.0006879116878317,2,0.00034395584391585
R-HSA-376172,DSCAM interactions,0.000289698037384,1,0.000289698037384
R-HSA-376176,Signaling by ROBO receptors,0.0089633654339448,14,0.0006402403881389143
R-HSA-3769402,Deactivation of the beta-catenin transactivating complex,0.0039568357165212,7,0.0005652622452173142
R-HSA-3772470,Negative regulation of TCF-dependent signaling by WNT ligand antagonists,0.0013984795999512,4,0.0003496198999878
R-HSA-3781865,Diseases of glycosylation,0.0068489738019743,17,0.0004028808118808412
R-HSA-3785653,Myoclonic epilepsy of Lafora,0.0013902905273324,1,0.0013902905273324
R-HSA-380108,Chemokine receptors bind chemokines,0.0033969988063376,9,0.00037744431181528887
R-HSA-380259,Loss of Nlp from mitotic centrosomes,0.0038841256017627,6,0.00064735426696045
R-HSA-380270,Recruitment of mitotic centrosome proteins and complexes,0.0038841256017627,6,0.00064735426696045
R-HSA-380284,Loss of proteins required for interphase microtubule organization from the centrosome,0.0038841256017627,6,0.00064735426696045
R-HSA-380287,Centrosome maturation,0.0038841256017627,6,0.00064735426696045
R-HSA-380320,Recruitment of NuMA to mitotic centrosomes,0.0038841256017627,6,0.00064735426696045
R-HSA-380994,ATF4 activates genes in response to endoplasmic reticulum  stress,0.0003614107575705,1,0.0003614107575705
R-HSA-381033,ATF6 (ATF6-alpha) activates chaperones,0.00031795901531,1,0.00031795901531
R-HSA-381038,XBP1(S) activates chaperone genes,0.00031795901531,1,0.00031795901531
R-HSA-381042,PERK regulates gene expression,0.0003614107575705,1,0.0003614107575705
R-HSA-381070,IRE1alpha activates chaperones,0.00031795901531,1,0.00031795901531
R-HSA-381119,Unfolded Protein Response (UPR),0.0006793697728805,2,0.00033968488644025
R-HSA-381183,ATF6 (ATF6-alpha) activates chaperone genes,0.00031795901531,1,0.00031795901531
R-HSA-381340,Transcriptional regulation of white adipocyte differentiation,0.00871243192734,18,0.00048402399596333333
R-HSA-381426,Regulation of Insulin-like Growth Factor (IGF) transport and uptake by Insulin-like Growth Factor Binding Proteins (IGFBPs),0.008276404104135,16,0.0005172752565084375
R-HSA-381676,Glucagon-like Peptide-1 (GLP1) regulates insulin secretion,0.0056758393142235,13,0.00043660302417103847
R-HSA-381753,Olfactory Signaling Pathway,0.0008976030578115,3,0.0002992010192705
R-HSA-381771,"Synthesis, secretion, and inactivation of Glucagon-like Peptide-1 (GLP-1)",0.0017045937599146,5,0.00034091875198292
R-HSA-382551,Transport of small molecules,0.0134801746472356,30,0.0004493391549078533
R-HSA-382556,ABC-family proteins mediated transport,0.0024323455971849,3,0.0008107818657282999
R-HSA-383280,Nuclear Receptor transcription pathway,0.0048730303840855,9,0.0005414478204539444
R-HSA-3858494,Beta-catenin independent WNT signaling,0.0108341545767923,22,0.0004924615716723773
R-HSA-388396,GPCR downstream signalling,0.0363306445641769,69,0.0005265310806402449
R-HSA-388841,Regulation of T cell activation by CD28 family,0.024688904682216302,39,0.0006330488380055462
R-HSA-389356,Co-stimulation by CD28,0.0108006178826276,17,0.0006353304636839764
R-HSA-389357,CD28 dependent PI3K/Akt signaling,0.0064711897866178,11,0.0005882899806016182
R-HSA-389359,CD28 dependent Vav1 pathway,0.0036744517250261,7,0.0005249216750037286
R-HSA-389397,Orexin and neuropeptides FF and QRFP bind to their respective receptors,0.0003129601392308,1,0.0003129601392308
R-HSA-389513,Co-inhibition by CTLA4,0.0072586000997623005,10,0.0007258600099762301
R-HSA-389661,Glyoxylate metabolism and glycine degradation,0.000302552549762,1,0.000302552549762
R-HSA-3899300,SUMOylation of transcription cofactors,0.0027778720817994,4,0.00069446802044985
R-HSA-389948,Co-inhibition by PD-1,0.014598135591804999,23,0.0006347015474697826
R-HSA-390247,Beta-oxidation of very long chain fatty acids,0.0003576866682213,1,0.0003576866682213
R-HSA-390466,Chaperonin-mediated protein folding,0.005287326282307,8,0.000660915785288375
R-HSA-390471,Association of TriC/CCT with target proteins during biosynthesis,0.001847595580498,1,0.001847595580498
R-HSA-390522,Striated Muscle Contraction,0.0016913549905021,4,0.000422838747625525
R-HSA-390648,Muscarinic acetylcholine receptors,0.0003617687447673,1,0.0003617687447673
R-HSA-390696,Adrenoceptors,0.0003261429430644,1,0.0003261429430644
R-HSA-3906995,Diseases associated with O-glycosylation of proteins,0.0021685951413524997,5,0.0004337190282704999
R-HSA-390918,Peroxisomal lipid metabolism,0.0003576866682213,1,0.0003576866682213
R-HSA-391160,Signal regulatory protein family interactions,0.0041261840536745,5,0.0008252368107349
R-HSA-391251,Protein folding,0.005287326282307,8,0.000660915785288375
R-HSA-392154,Nitric oxide stimulates guanylate cyclase,0.0010725665495913,3,0.0003575221831971
R-HSA-392170,ADP signalling through P2Y purinoceptor 12,0.0028090280155742002,6,0.00046817133592903337
R-HSA-392451,G beta:gamma signalling through PI3Kgamma,0.0024455420566979,6,0.00040759034278298336
R-HSA-392499,Metabolism of proteins,0.049565716555746,97,0.0005109867686159381
R-HSA-392517,Rap1 signalling,0.0014433371709649,2,0.00072166858548245
R-HSA-392518,Signal amplification,0.0064181267656933,10,0.00064181267656933
R-HSA-392851,Prostacyclin signalling through prostacyclin receptor,0.0027620791488134,6,0.00046034652480223334
R-HSA-3928662,EPHB-mediated forward signaling,0.0075179930713707,10,0.0007517993071370699
R-HSA-3928663,EPHA-mediated growth cone collapse,0.0041071403551655,4,0.001026785088791375
R-HSA-3928664,Ephrin signaling,0.0036925912140937,4,0.000923147803523425
R-HSA-3928665,EPH-ephrin mediated repulsion of cells,0.0058144667670787,8,0.0007268083458848375
R-HSA-397014,Muscle contraction,0.0078289421721469,19,0.00041204958800773153
R-HSA-397795,G-protein beta:gamma signalling,0.0035332723460854,9,0.0003925858162317111
R-HSA-399710,Activation of AMPA receptors,0.0007652074231217999,2,0.00038260371156089996
R-HSA-399719,Trafficking of AMPA receptors,0.0054435410365791,11,0.0004948673669617364
R-HSA-399721,"Glutamate binding, activation of AMPA receptors and synaptic plasticity",0.0054435410365791,11,0.0004948673669617364
R-HSA-399954,Sema3A PAK dependent Axon repulsion,0.0028505736705766002,4,0.0007126434176441501
R-HSA-399955,SEMA3A-Plexin repulsion signaling by inhibiting Integrin adhesion,0.0016242524502086,3,0.0005414174834028667
R-HSA-399956,CRMPs in Sema3A signaling,0.0016962942942705,3,0.0005654314314235
R-HSA-399997,Acetylcholine regulates insulin secretion,0.0024134595299778,4,0.00060336488249445
R-HSA-400042,"Adrenaline,noradrenaline inhibits insulin secretion",0.0040776650858040005,9,0.00045307389842266674
R-HSA-400206,Regulation of lipid metabolism by PPARalpha,0.0074833527800341,15,0.0004988901853356067
R-HSA-400451,Free fatty acids regulate insulin secretion,0.0016649789515258999,3,0.0005549929838419666
R-HSA-400508,"Incretin synthesis, secretion, and inactivation",0.00213035006263,6,0.0003550583437716667
R-HSA-400511,"Synthesis, secretion, and inactivation of Glucose-dependent Insulinotropic Polypeptide (GIP)",0.0007348676742120999,2,0.00036743383710604997
R-HSA-400685,Sema4D in semaphorin signaling,0.001465646898566,3,0.0004885489661886666
R-HSA-4086398,Ca2+ pathway,0.0063979674074162,14,0.0004569976719583
R-HSA-4086400,PCP/CE pathway,0.005475969669364,10,0.0005475969669364
R-HSA-4090294,SUMOylation of intracellular receptors,0.0036987774219443,6,0.0006164629036573833
R-HSA-416476,G alpha (q) signalling events,0.0164988897619082,27,0.0006110699911817852
R-HSA-416482,G alpha (12/13) signalling events,0.00378207852804,9,0.00042023094756000003
R-HSA-416550,Sema4D mediated inhibition of cell attachment and migration,0.0007934221667431,2,0.00039671108337155
R-HSA-416572,Sema4D induced cell migration and growth-cone collapse,0.0006722247318229,1,0.0006722247318229
R-HSA-416700,Other semaphorin interactions,0.0026769765322374,4,0.00066924413305935
R-HSA-416993,Trafficking of GluR2-containing AMPA receptors,0.002666766128513,6,0.0004444610214188333
R-HSA-418217,G beta:gamma signalling through PLC beta,0.0024190688792369,6,0.00040317814653948337
R-HSA-418346,Platelet homeostasis,0.0063780931249799,14,0.00045557808035570716
R-HSA-418360,Platelet calcium homeostasis,0.0004021603558579,1,0.0004021603558579
R-HSA-418457,cGMP effects,0.0004021603558579,1,0.0004021603558579
R-HSA-418555,G alpha (s) signalling events,0.0130665700142963,24,0.0005444404172623459
R-HSA-418592,ADP signalling through P2Y purinoceptor 1,0.0054130333261159,8,0.0006766291657644875
R-HSA-418594,G alpha (i) signalling events,0.0208424760532724,45,0.00046316613451716443
R-HSA-418597,G alpha (z) signalling events,0.0076691962504467,18,0.00042606645835815
R-HSA-418885,DCC mediated attractive signaling,0.0032659770343090003,3,0.0010886590114363335
R-HSA-418886,Netrin mediated repulsion signals,0.0032259775510620004,3,0.0010753258503540001
R-HSA-418890,Role of second messengers in netrin-1 signaling,0.000289698037384,1,0.000289698037384
R-HSA-418990,Adherens junctions interactions,0.0105892251351482,17,0.0006228955961851883
R-HSA-419037,NCAM1 interactions,0.0025748552331268998,7,0.0003678364618752714
R-HSA-420092,Glucagon-type ligand receptors,0.0027620791488134,6,0.00046034652480223334
R-HSA-420499,Class C/3 (Metabotropic glutamate/pheromone receptors),0.000299891615158,1,0.000299891615158
R-HSA-421270,Cell-cell junction organization,0.0105892251351482,17,0.0006228955961851883
R-HSA-422085,"Synthesis, secretion, and deacylation of Ghrelin",0.0011129455602801,2,0.00055647278014005
R-HSA-422356,Regulation of insulin secretion,0.0116745377345518,24,0.00048643907227299165
R-HSA-422475,Axon guidance,0.0389589501189523,67,0.0005814768674470492
R-HSA-425407,SLC-mediated transmembrane transport,0.0006845418516179,2,0.00034227092580895
R-HSA-427389,ERCC6 (CSB) and EHMT2 (G9a) positively regulate rRNA expression,0.0009822929877343,2,0.00049114649386715
R-HSA-427413,NoRC negatively regulates rRNA expression,0.0005836047405272,1,0.0005836047405272
R-HSA-428540,Activation of RAC1,0.0013677697844735,3,0.00045592326149116667
R-HSA-428542,Regulation of commissural axon pathfinding by SLIT and ROBO,0.0022630006616909002,2,0.0011315003308454501
R-HSA-428930,Thromboxane signalling through TP receptor,0.0037327064405722,8,0.000466588305071525
R-HSA-430116,GP1b-IX-V activation signalling,0.0049317987895633,6,0.0008219664649272168
R-HSA-432040,Vasopressin regulates renal water homeostasis via Aquaporins,0.0061622420016812,15,0.00041081613344541335
R-HSA-432142,Platelet sensitization by LDL,0.0025434474265752,5,0.00050868948531504
R-HSA-432720,Lysosome Vesicle Biogenesis,0.0027765020375675,5,0.0005553004075135
R-HSA-432722,Golgi Associated Vesicle Biogenesis,0.0020164349702384,4,0.0005041087425596
R-HSA-434316,Fatty Acids bound to GPR40 (FFAR1) regulate insulin secretion,0.0016649789515258999,3,0.0005549929838419666
R-HSA-437239,Recycling pathway of L1,0.0035861972856490003,5,0.0007172394571298001
R-HSA-438064,Post NMDA receptor activation events,0.0133661232933878,23,0.000581135795364687
R-HSA-438066,"Unblocking of NMDA receptors, glutamate binding and activation",0.0052798373568898,12,0.0004399864464074833
R-HSA-4411364,Binding of TCF/LEF:CTNNB1 to target gene promoters,0.0014855024404825,3,0.0004951674801608333
R-HSA-4419969,Depolymerization of the Nuclear Lamina,0.0031746234175597,4,0.000793655854389925
R-HSA-4420097,VEGFA-VEGFR2 Pathway,0.0213579706262618,32,0.0006674365820706812
R-HSA-4420332,Defective B3GALT6 causes EDSP2 and SEMDJL1,0.0042484898139686,11,0.0003862263467244182
R-HSA-442720,CREB1 phosphorylation through the activation of Adenylate Cyclase,0.0021720338955637,5,0.00043440677911273996
R-HSA-442729,CREB1 phosphorylation through the activation of CaMKII/CaMKK/CaMKIV cascasde,0.0007242688206101999,2,0.00036213441030509997
R-HSA-442742,CREB1 phosphorylation through NMDA receptor-mediated activation of RAS signaling,0.0072955996074214,12,0.0006079666339517834
R-HSA-442755,Activation of NMDA receptors and postsynaptic events,0.01402583681641,25,0.0005610334726564
R-HSA-442982,Ras activation upon Ca2+ influx through NMDA receptor,0.0072955996074214,12,0.0006079666339517834
R-HSA-444473,Formyl peptide receptors bind formyl peptides and many other ligands,0.0007600670673291,1,0.0007600670673291
R-HSA-445095,Interaction between L1 and Ankyrins,0.0009756238548855,3,0.0003252079516285
R-HSA-445144,Signal transduction by L1,0.0066357353072763,11,0.0006032486642978455
R-HSA-445355,Smooth Muscle Contraction,0.0020431491977506,5,0.00040862983955012
R-HSA-445717,Aquaporin-mediated transport,0.0061622420016812,15,0.00041081613344541335
R-HSA-445989,TAK1-dependent IKK and NF-kappa-B activation  ,0.0053204596424312,6,0.0008867432737385333
R-HSA-446107,Type I hemidesmosome assembly,0.0013772266129918,4,0.00034430665324795
R-HSA-446203,Asparagine N-linked glycosylation,0.0020835081360445,3,0.0006945027120148333
R-HSA-446343,Localization of the PINCH-ILK-PARVIN complex to focal adhesions,0.0011889145420541,1,0.0011889145420541
R-HSA-446353,Cell-extracellular matrix interactions,0.0016253904136087,2,0.00081269520680435
R-HSA-446652,Interleukin-1 family signaling,0.0098759572978885,14,0.00070542552127775
R-HSA-446728,Cell junction organization,0.013591842161748701,23,0.0005909496592064652
R-HSA-447038,NrCAM interactions,0.0013604578509203,2,0.00068022892546015
R-HSA-447041,CHL1 interactions,0.0028796688412802,5,0.00057593376825604
R-HSA-447115,Interleukin-12 family signaling,0.0032048903430623,5,0.0006409780686124601
R-HSA-448424,Interleukin-17 signaling,0.0061662020004211,10,0.00061662020004211
R-HSA-448706,Interleukin-1 processing,0.0005736040514136,1,0.0005736040514136
R-HSA-449147,Signaling by Interleukins,0.0526146815835833,93,0.0005657492643396054
R-HSA-449836,Other interleukin signaling,0.004020808238009,7,0.0005744011768584286
R-HSA-450282,MAPK targets/ Nuclear events mediated by MAP kinases,0.0036151605790053,6,0.00060252676316755
R-HSA-450294,MAP kinase activation,0.0061662020004211,10,0.00061662020004211
R-HSA-450302,activated TAK1 mediates p38 MAPK activation,0.0022567122617702,3,0.0007522374205900666
R-HSA-450321,JNK (c-Jun kinases) phosphorylation and  activation mediated by activated human TAK1,0.0024585987202017,3,0.0008195329067339001
R-HSA-450341,Activation of the AP-1 family of transcription factors,0.0036151605790053,6,0.00060252676316755
R-HSA-450408,AUF1 (hnRNP D0) binds and destabilizes mRNA,0.0020387129853085,2,0.00101935649265425
R-HSA-450520,HuR (ELAVL1) binds and stabilizes mRNA,0.0011329290254359,2,0.00056646451271795
R-HSA-450531,Regulation of mRNA stability by proteins that bind AU-rich elements,0.0043113803073823,6,0.0007185633845637167
R-HSA-450604,KSRP (KHSRP) binds and destabilizes mRNA,0.0011397382966379,2,0.00056986914831895
R-HSA-451306,Ionotropic activity of kainate receptors,0.0013604578509203,2,0.00068022892546015
R-HSA-451308,Activation of Ca-permeable Kainate Receptor,0.0013604578509203,2,0.00068022892546015
R-HSA-451326,Activation of kainate receptors upon glutamate binding,0.0037795267301572,8,0.00047244084126965
R-HSA-451927,Interleukin-2 family signaling,0.0107811090968688,19,0.0005674267945720421
R-HSA-452723,Transcriptional regulation of pluripotent stem cells,0.0025489041424166,5,0.00050978082848332
R-HSA-453274,Mitotic G2-G2/M phases,0.0149485720230798,23,0.0006499379140469479
R-HSA-453276,Regulation of mitotic cell cycle,0.0096310848178014,15,0.00064207232118676
R-HSA-453279,Mitotic G1 phase and G1/S transition,0.0178793742946086,31,0.0005767540095035033
R-HSA-4551638,SUMOylation of chromatin organization proteins,0.0008907213883777,2,0.00044536069418885
R-HSA-456926,Thrombin signalling through proteinase activated receptors (PARs),0.0061736894321317,10,0.00061736894321317
R-HSA-4608870,Asymmetric localization of PCP proteins,0.0016815924488684,2,0.0008407962244342
R-HSA-4615885,SUMOylation of DNA replication proteins,0.0032218089104188,6,0.0005369681517364667
R-HSA-4641257,Degradation of AXIN,0.0017935062878488,2,0.0008967531439244
R-HSA-4641258,Degradation of DVL,0.0018381328107948,2,0.0009190664053974
R-HSA-4641262,Disassembly of the destruction complex and recruitment of AXIN to the membrane,0.0031647204431207,7,0.0004521029204458143
R-HSA-4641263,Regulation of FZD by ubiquitination,0.0024974682057476,4,0.0006243670514369
R-HSA-4641265,Repression of WNT target genes,0.0006876298522222001,2,0.00034381492611110004
R-HSA-4755510,SUMOylation of immune response proteins,0.0004244962792256,1,0.0004244962792256
R-HSA-4791275,Signaling by WNT in cancer,0.0018337430530705,5,0.0003667486106141
R-HSA-4839726,Chromatin organization,0.0075084898258462,14,0.0005363207018461571
R-HSA-4839735,Signaling by AXIN mutants,0.0004032157605164,1,0.0004032157605164
R-HSA-4839743,Signaling by CTNNB1 phospho-site mutants,0.0004032157605164,1,0.0004032157605164
R-HSA-4839744,Signaling by APC mutants,0.0004032157605164,1,0.0004032157605164
R-HSA-4839748,Signaling by AMER1 mutants,0.0004032157605164,1,0.0004032157605164
R-HSA-499943,Interconversion of nucleotide di- and triphosphates,0.0009849090897574,2,0.0004924545448787
R-HSA-500657,Presynaptic function of Kainate receptors,0.0024190688792369,6,0.00040317814653948337
R-HSA-500792,GPCR ligand binding,0.0116960124366597,29,0.0004033107736779207
R-HSA-5083625,Defective GALNT3 causes HFTC,0.0010312736612904999,3,0.0003437578870968333
R-HSA-5083630,Defective LFNG causes SCDO3,0.0006890671249577,1,0.0006890671249577
R-HSA-5083632,Defective C1GALT1C1 causes TNPS,0.0010312736612904999,3,0.0003437578870968333
R-HSA-5083635,Defective B3GALTL causes PpS,0.0004482543551043,1,0.0004482543551043
R-HSA-5083636,Defective GALNT12 causes CRCS1,0.0010312736612904999,3,0.0003437578870968333
R-HSA-5099900,WNT5A-dependent internalization of FZD4,0.0023234830291158,5,0.00046469660582316
R-HSA-512988,"Interleukin-3, Interleukin-5 and GM-CSF signaling",0.0154312283808613,25,0.000617249135234452
R-HSA-5140745,"WNT5A-dependent internalization of FZD2, FZD5 and ROR2",0.0007107092418744,2,0.0003553546209372
R-HSA-5173105,O-linked glycosylation,0.0014795280163948,4,0.0003698820040987
R-HSA-5173214,O-glycosylation of TSR domain-containing proteins,0.0004482543551043,1,0.0004482543551043
R-HSA-5205647,Mitophagy,0.0033635931516393,2,0.00168179657581965
R-HSA-5205685,PINK1-PRKN Mediated Mitophagy,0.0013902905273324,1,0.0013902905273324
R-HSA-5210891,Uptake and function of anthrax toxins,0.0006011760491986,2,0.0003005880245993
R-HSA-5213460,RIPK1-mediated regulated necrosis,0.0029107533260824,3,0.0009702511086941333
R-HSA-5218859,Regulated Necrosis,0.005331952957994,5,0.0010663905915988
R-HSA-5218900,CASP8 activity is inhibited,0.0003997091202956,1,0.0003997091202956
R-HSA-5218920,VEGFR2 mediated vascular permeability,0.0038582419883841,7,0.0005511774269120142
R-HSA-5218921,VEGFR2 mediated cell proliferation,0.0094494225623447,12,0.0007874518801953916
R-HSA-5250913,Positive epigenetic regulation of rRNA expression,0.0029113572000749,4,0.000727839300018725
R-HSA-5250924,B-WICH complex positively regulates rRNA expression,0.0019290642123406,2,0.0009645321061703
R-HSA-5250941,Negative epigenetic regulation of rRNA expression,0.0005836047405272,1,0.0005836047405272
R-HSA-5250955,Toxicity of botulinum toxin type D (botD),0.0004809248246713,1,0.0004809248246713
R-HSA-5250958,Toxicity of botulinum toxin type B (botB),0.0008332798681225,2,0.00041663993406125
R-HSA-5250968,Toxicity of botulinum toxin type A (botA),0.0005967864083727,1,0.0005967864083727
R-HSA-5250971,Toxicity of botulinum toxin type C (botC),0.0010843598005522,2,0.0005421799002761
R-HSA-5250981,Toxicity of botulinum toxin type F (botF),0.0004809248246713,1,0.0004809248246713
R-HSA-5250982,Toxicity of tetanus toxin (tetX),0.0004809248246713,1,0.0004809248246713
R-HSA-5250989,Toxicity of botulinum toxin type G (botG),0.0008332798681225,2,0.00041663993406125
R-HSA-5250992,Toxicity of botulinum toxin type E (botE),0.0005967864083727,1,0.0005967864083727
R-HSA-525793,Myogenesis,0.0018493461731952,5,0.00036986923463903996
R-HSA-5260271,Diseases of Immune System,0.0022570654098161,5,0.00045141308196321997
R-HSA-532668,N-glycan trimming in the ER and Calnexin/Calreticulin cycle,0.0013902905273324,1,0.0013902905273324
R-HSA-5336415,Uptake and function of diphtheria toxin,0.0011207536784544,1,0.0011207536784544
R-HSA-5339562,Uptake and actions of bacterial toxins,0.0036395693963277,7,0.0005199384851896714
R-HSA-5339700,Signaling by TCF7L2 mutants,0.0003233496141389,1,0.0003233496141389
R-HSA-5339716,Signaling by GSK3beta mutants,0.0004032157605164,1,0.0004032157605164
R-HSA-5339717,Signaling by LRP5 mutants ,0.0003803326116239,1,0.0003803326116239
R-HSA-5340588,Signaling by RNF43 mutants,0.0011071776784151999,3,0.0003690592261384
R-HSA-5357769,Caspase activation via extrinsic apoptotic signalling pathway,0.0009797363629380001,2,0.0004898681814690001
R-HSA-5357786,TNFR1-induced proapoptotic signaling,0.0003997091202956,1,0.0003997091202956
R-HSA-5357801,Programmed Cell Death,0.0096844350985697,15,0.0006456290065713133
R-HSA-5357905,Regulation of TNFR1 signaling,0.0022883007153785,3,0.0007627669051261666
R-HSA-5357956,TNFR1-induced NF-kappa-B signaling pathway,0.0022883007153785,3,0.0007627669051261666
R-HSA-5358346,Hedgehog ligand biogenesis,0.0017703406618709,2,0.00088517033093545
R-HSA-5358351,Signaling by Hedgehog,0.006980586632434,15,0.00046537244216226663
R-HSA-5358508,Mismatch Repair,0.0012975306466166,3,0.00043251021553886664
R-HSA-5358565,Mismatch repair (MMR) directed by MSH2:MSH6 (MutSalpha),0.0012975306466166,3,0.00043251021553886664
R-HSA-5358606,Mismatch repair (MMR) directed by MSH2:MSH3 (MutSbeta),0.0012975306466166,3,0.00043251021553886664
R-HSA-5358747,CTNNB1 S33 mutants aren't phosphorylated,0.0004032157605164,1,0.0004032157605164
R-HSA-5358749,CTNNB1 S37 mutants aren't phosphorylated,0.0004032157605164,1,0.0004032157605164
R-HSA-5358751,CTNNB1 S45 mutants aren't phosphorylated,0.0004032157605164,1,0.0004032157605164
R-HSA-5358752,CTNNB1 T41 mutants aren't phosphorylated,0.0004032157605164,1,0.0004032157605164
R-HSA-5362517,Signaling by Retinoic Acid,0.0006004995603472,1,0.0006004995603472
R-HSA-5362768,Hh mutants are degraded by ERAD,0.0017703406618709,2,0.00088517033093545
R-HSA-5362798,Release of Hh-Np from the secreting cell,0.0003800501345385,1,0.0003800501345385
R-HSA-5368598,Negative regulation of TCF-dependent signaling by DVL-interacting proteins,0.0004478422834624,1,0.0004478422834624
R-HSA-5387390,Hh mutants abrogate ligand secretion,0.0017703406618709,2,0.00088517033093545
R-HSA-5423646,Aflatoxin activation and detoxification,0.0004153390287575,1,0.0004153390287575
R-HSA-5467337,APC truncation mutants have impaired AXIN binding,0.0004032157605164,1,0.0004032157605164
R-HSA-5467340,AXIN missense mutants destabilize the destruction complex,0.0004032157605164,1,0.0004032157605164
R-HSA-5467348,Truncations of AMER1 destabilize the destruction complex,0.0004032157605164,1,0.0004032157605164
R-HSA-549127,SLC-mediated transport of organic cations,0.0003874537562688,1,0.0003874537562688
R-HSA-556833,Metabolism of lipids,0.0169360419153437,32,0.0005292513098544906
R-HSA-5576891,Cardiac conduction,0.0040944379838942,10,0.00040944379838942
R-HSA-5576892,Phase 0 - rapid depolarisation,0.0021060233908299997,5,0.0004212046781659999
R-HSA-5576893,Phase 2 - plateau phase,0.0005468631479192,1,0.0005468631479192
R-HSA-5578768,Physiological factors,0.0009596358663334001,2,0.00047981793316670006
R-HSA-5578775,Ion homeostasis,0.0022387580593915,6,0.0003731263432319167
R-HSA-5579031,Defective ACTH causes obesity and POMCD,0.0005155759024965,1,0.0005155759024965
R-HSA-5601884,PIWI-interacting RNA (piRNA) biogenesis,0.0011207536784544,1,0.0011207536784544
R-HSA-5602358,Diseases associated with the TLR signaling cascade,0.0022570654098161,5,0.00045141308196321997
R-HSA-5602498,MyD88 deficiency (TLR2/4),0.00133426806284,3,0.00044475602094666664
R-HSA-5602636,IKBKB deficiency causes SCID,0.0004983010677505,1,0.0004983010677505
R-HSA-5603027,IKBKG deficiency causes anhidrotic ectodermal dysplasia with immunodeficiency (EDA-ID) (via TLR),0.0004983010677505,1,0.0004983010677505
R-HSA-5603029,IkBA variant leads to EDA-ID,0.0009227973469761,2,0.00046139867348805
R-HSA-5603041,IRAK4 deficiency (TLR2/4),0.00133426806284,3,0.00044475602094666664
R-HSA-5607761,Dectin-1 mediated noncanonical NF-kB signaling,0.0017433768537233,2,0.00087168842686165
R-HSA-5607763,CLEC7A (Dectin-1) induces NFAT activation,0.0004021603558579,1,0.0004021603558579
R-HSA-5607764,CLEC7A (Dectin-1) signaling,0.0070596962844219,10,0.00070596962844219
R-HSA-5610780,Degradation of GLI1 by the proteasome,0.0026040339625461,3,0.0008680113208487001
R-HSA-5610783,Degradation of GLI2 by the proteasome,0.0026040339625461,3,0.0008680113208487001
R-HSA-5610785,GLI3 is processed to GLI3R by the proteasome,0.0029281815525445,4,0.000732045388136125
R-HSA-5610787,Hedgehog 'off' state,0.0061328561306429,13,0.0004717581638956077
R-HSA-5617472,Activation of anterior HOX genes in hindbrain development during early embryogenesis,0.0059703846918596,11,0.0005427622447145091
R-HSA-5617833,Cilium Assembly,0.0038841256017627,6,0.00064735426696045
R-HSA-5619084,ABC transporter disorders,0.0024323455971849,3,0.0008107818657282999
R-HSA-5619115,Disorders of transmembrane transporters,0.0024323455971849,3,0.0008107818657282999
R-HSA-5619507,Activation of HOX genes during differentiation,0.0059703846918596,11,0.0005427622447145091
R-HSA-5620912,Anchoring of the basal body to the plasma membrane,0.0038841256017627,6,0.00064735426696045
R-HSA-5620971,Pyroptosis,0.0024211996319116,2,0.0012105998159558
R-HSA-5621480,Dectin-2 family,0.0037773716483022997,7,0.0005396245211860428
R-HSA-5621481,C-type lectin receptors (CLRs),0.0156616216241056,21,0.0007457915059097905
R-HSA-5621575,CD209 (DC-SIGN) signaling,0.0075706516783932,8,0.00094633145979915
R-HSA-5625740,RHO GTPases activate PKNs,0.0027366147481008,6,0.0004561024580168
R-HSA-5625886,Activated PKN1 stimulates transcription of AR (androgen receptor) regulated genes KLK2 and KLK3,0.0010377305191201,2,0.00051886525956005
R-HSA-5625900,RHO GTPases activate CIT,0.0017322229411035,3,0.0005774076470345
R-HSA-5627083,RHO GTPases regulate CFTR trafficking,0.0005553149016996,1,0.0005553149016996
R-HSA-5627117,RHO GTPases Activate ROCKs,0.0004282373343189,1,0.0004282373343189
R-HSA-5627123,RHO GTPases activate PAKs,0.0012271574276077,3,0.00040905247586923337
R-HSA-5628897,TP53 Regulates Metabolic Genes,0.0037405750479088,5,0.00074811500958176
R-HSA-5632681,Ligand-receptor interactions,0.0003800501345385,1,0.0003800501345385
R-HSA-5632684,Hedgehog 'on' state,0.0025621686191219,4,0.000640542154780475
R-HSA-5633007,Regulation of TP53 Activity,0.015337395148687,25,0.00061349580594748
R-HSA-5633008,TP53 Regulates Transcription of Cell Death Genes,0.0032156149335215998,4,0.0008039037333803999
R-HSA-5635838,Activation of SMO,0.0008477305017911001,2,0.00042386525089555004
R-HSA-5635851,GLI proteins bind promoters of Hh responsive genes to promote transcription,0.0003241475899984,1,0.0003241475899984
R-HSA-5637810,Constitutive Signaling by EGFRvIII,0.010062955547944001,10,0.0010062955547944
R-HSA-5637812,Signaling by EGFRvIII in Cancer,0.010062955547944001,10,0.0010062955547944
R-HSA-5637815,Signaling by Ligand-Responsive EGFR Variants in Cancer,0.0114532460752764,11,0.001041204188661491
R-HSA-5638302,Signaling by Overexpressed Wild-Type EGFR in Cancer,0.0022971680591554,2,0.0011485840295777
R-HSA-5638303,Inhibition of Signaling by Overexpressed EGFR,0.0022971680591554,2,0.0011485840295777
R-HSA-5651801,PCNA-Dependent Long Patch Base Excision Repair,0.002240208886671,6,0.0003733681477785
R-HSA-5653656,Vesicle-mediated transport,0.0233080968072927,42,0.0005549546858879214
R-HSA-5654219,Phospholipase C-mediated cascade: FGFR1,0.0010283288753385,2,0.00051416443766925
R-HSA-5654221,Phospholipase C-mediated cascade; FGFR2,0.0009604941493676,2,0.0004802470746838
R-HSA-5654227,Phospholipase C-mediated cascade; FGFR3,0.0008628457776204,2,0.0004314228888102
R-HSA-5654228,Phospholipase C-mediated cascade; FGFR4,0.0005750816097445,1,0.0005750816097445
R-HSA-5654687,Downstream signaling of activated FGFR1,0.0080102595266948,9,0.0008900288362994221
R-HSA-5654688,SHC-mediated cascade:FGFR1,0.0048802676473205,6,0.0008133779412200833
R-HSA-5654689,PI-3K cascade:FGFR1,0.0041583207547128,5,0.0008316641509425601
R-HSA-5654693,FRS-mediated FGFR1 signaling,0.0058432445366916,7,0.0008347492195273714
R-HSA-5654695,PI-3K cascade:FGFR2,0.0040904860287419,5,0.0008180972057483801
R-HSA-5654696,Downstream signaling of activated FGFR2,0.0079424248007239,9,0.0008824916445248778
R-HSA-5654699,SHC-mediated cascade:FGFR2,0.0048124329213496,6,0.0008020721535582667
R-HSA-5654700,FRS-mediated FGFR2 signaling,0.0057754098107207,7,0.0008250585443886714
R-HSA-5654704,SHC-mediated cascade:FGFR3,0.0047147845496024,6,0.0007857974249337332
R-HSA-5654706,FRS-mediated FGFR3 signaling,0.0056777614389735,7,0.0008111087769962143
R-HSA-5654708,Downstream signaling of activated FGFR3,0.007844776428976701,9,0.0008716418254418556
R-HSA-5654710,PI-3K cascade:FGFR3,0.0039928376569947,5,0.00079856753139894
R-HSA-5654712,FRS-mediated FGFR4 signaling,0.0053899972710976,6,0.0008983328785162666
R-HSA-5654716,Downstream signaling of activated FGFR4,0.0075570122611008,8,0.0009446265326376
R-HSA-5654719,SHC-mediated cascade:FGFR4,0.0044270203817265,5,0.0008854040763452999
R-HSA-5654720,PI-3K cascade:FGFR4,0.0037050734891188003,4,0.0009262683722797001
R-HSA-5654726,Negative regulation of FGFR1 signaling,0.0059809789646979,6,0.00099682982744965
R-HSA-5654727,Negative regulation of FGFR2 signaling,0.005913144238727,6,0.0009855240397878334
R-HSA-5654732,Negative regulation of FGFR3 signaling,0.0058154958669798,6,0.0009692493111633
R-HSA-5654733,Negative regulation of FGFR4 signaling,0.0055277316991039,5,0.00110554633982078
R-HSA-5654736,Signaling by FGFR1,0.0119999327266831,12,0.0009999943938902584
R-HSA-5654738,Signaling by FGFR2,0.0119320980007122,12,0.00099434150005935
R-HSA-5654741,Signaling by FGFR3,0.011834449628965,12,0.0009862041357470834
R-HSA-5654743,Signaling by FGFR4,0.0115466854610891,11,0.0010496986782808273
R-HSA-5655253,Signaling by FGFR2 in disease,0.0069794479113528,8,0.0008724309889191
R-HSA-5655291,Signaling by FGFR4 in disease,0.0060189537619852,6,0.0010031589603308668
R-HSA-5655302,Signaling by FGFR1 in disease,0.008748934154915,11,0.0007953576504468183
R-HSA-5655332,Signaling by FGFR3 in disease,0.0068817995396056,8,0.0008602249424507
R-HSA-5655862,Translesion synthesis by POLK,0.0026449804848207,4,0.000661245121205175
R-HSA-5656121,Translesion synthesis by POLI,0.0026449804848207,4,0.000661245121205175
R-HSA-5656169,Termination of translesion DNA synthesis,0.0032640519676634,6,0.0005440086612772333
R-HSA-5658034,HHAT G278V doesn't palmitoylate Hh-Np,0.0003800501345385,1,0.0003800501345385
R-HSA-5658442,Regulation of RAS by GAPs,0.0050378566729108,5,0.00100757133458216
R-HSA-5658623,FGFRL1 modulation of FGFR1 signaling,0.0005750816097445,1,0.0005750816097445
R-HSA-5660668,CLEC7A/inflammasome pathway,0.0005736040514136,1,0.0005736040514136
R-HSA-5663084,Diseases of carbohydrate metabolism,0.0013902905273324,1,0.0013902905273324
R-HSA-5663202,Diseases of signal transduction by growth factor receptors and second messengers,0.0566128136337583,94,0.0006022639748272159
R-HSA-5663205,Infectious disease,0.0650905604269619,124,0.0005249238744109831
R-HSA-5663213,RHO GTPases Activate WASPs and WAVEs,0.0007080089654889999,2,0.00035400448274449997
R-HSA-5663220,RHO GTPases Activate Formins,0.011904906650785101,20,0.000595245332539255
R-HSA-5668541,TNFR2 non-canonical NF-kB pathway,0.0025032290731639,4,0.000625807268290975
R-HSA-5668599,RHO GTPases Activate NADPH Oxidases,0.0031015466478207998,6,0.0005169244413034666
R-HSA-5668914,Diseases of metabolism,0.0087548402318032,19,0.00046078106483174734
R-HSA-5673000,RAF activation,0.0072012830793124,8,0.00090016038491405
R-HSA-5673001,RAF/MAP kinase cascade,0.0319737074543098,53,0.0006032774991379208
R-HSA-5674135,MAP2K and MAPK activation,0.0089166189568804,11,0.0008106017233527637
R-HSA-5674400,Constitutive Signaling by AKT1 E17K in Cancer,0.002603736353644,6,0.0004339560589406667
R-HSA-5674404,PTEN Loss of Function in Cancer,0.0006573924667506,1,0.0006573924667506
R-HSA-5675221,Negative regulation of MAPK pathway,0.0049173305483531,5,0.00098346610967062
R-HSA-5675482,Regulation of necroptotic cell death,0.0029107533260824,3,0.0009702511086941333
R-HSA-5676590,NIK-->noncanonical NF-kB signaling,0.0017433768537233,2,0.00087168842686165
R-HSA-5676594,TNF receptor superfamily (TNFSF) members mediating non-canonical NF-kB pathway,0.0007598522194406,2,0.0003799261097203
R-HSA-5678895,Defective CFTR causes cystic fibrosis,0.001945605429032,2,0.000972802714516
R-HSA-5682113,Defective ABCA1 causes TGD,0.0004867401681529,1,0.0004867401681529
R-HSA-5682910,LGI-ADAM interactions,0.0015097490817033,2,0.00075487454085165
R-HSA-5683057,MAPK family signaling cascades,0.0392596867835289,63,0.0006231696314845858
R-HSA-5684264,MAP3K8 (TPL2)-dependent MAPK1/3 activation,0.0022416779214738,3,0.0007472259738246001
R-HSA-5684996,MAPK1/MAPK3 signaling,0.0348845285098004,56,0.0006229380091035786
R-HSA-5685938,HDR through Single Strand Annealing (SSA),0.003443949195266,8,0.00043049364940825
R-HSA-5685939,HDR through MMEJ (alt-NHEJ),0.0010437806280547,3,0.00034792687601823335
R-HSA-5685942,HDR through Homologous Recombination (HRR),0.0071011705056544,15,0.00047341136704362664
R-HSA-5686938,Regulation of TLR by endogenous ligand,0.001417537468645,3,0.0004725124895483333
R-HSA-5687128,MAPK6/MAPK4 signaling,0.0068392145180658,9,0.0007599127242295333
R-HSA-5688426,Deubiquitination,0.0178741935234277,27,0.0006620071675343593
R-HSA-5689603,UCH proteinases,0.0028049364034882,5,0.00056098728069764
R-HSA-5689877,Josephin domain DUBs,0.0013902905273324,1,0.0013902905273324
R-HSA-5689880,Ub-specific processing proteases,0.012491798452937,20,0.00062458992264685
R-HSA-5689896,Ovarian tumor domain proteases,0.0059298729162375,5,0.0011859745832475
R-HSA-5689901,Metalloprotease DUBs,0.0042524012187946,5,0.00085048024375892
R-HSA-5690714,CD22 mediated BCR regulation,0.0011340163000781,2,0.00056700815003905
R-HSA-5693532,DNA Double-Strand Break Repair,0.0117187845892635,22,0.0005326720267847045
R-HSA-5693537,Resolution of D-Loop Structures,0.0033540697389721,8,0.0004192587173715125
R-HSA-5693538,Homology Directed Repair,0.008556193690103,18,0.00047534409389461105
R-HSA-5693548,Sensing of DNA Double Strand Breaks,0.000819984003374,2,0.000409992001687
R-HSA-5693554,Resolution of D-loop Structures through Synthesis-Dependent Strand Annealing (SDSA),0.0033540697389721,8,0.0004192587173715125
R-HSA-5693565,Recruitment and ATM-mediated phosphorylation of repair and signaling proteins at DNA double strand breaks,0.0057047260418241,7,0.0008149608631177285
R-HSA-5693567,HDR through Homologous Recombination (HRR) or Single Strand Annealing (SSA),0.0078374867171228,16,0.000489842919820175
R-HSA-5693568,Resolution of D-loop Structures through Holliday Junction Intermediates,0.0033540697389721,8,0.0004192587173715125
R-HSA-5693571,Nonhomologous End-Joining (NHEJ),0.0014524375489134,3,0.0004841458496378
R-HSA-5693579,Homologous DNA Pairing and Strand Exchange,0.0045775859967858,11,0.0004161441815259818
R-HSA-5693606,DNA Double Strand Break Response,0.0060053189754063,8,0.0007506648719257875
R-HSA-5693607,Processing of DNA double-strand break ends,0.0056112399867623,10,0.00056112399867623
R-HSA-5693616,Presynaptic phase of homologous DNA pairing and strand exchange,0.0042520716493594,10,0.00042520716493594
R-HSA-5694530,Cargo concentration in the ER,0.0004067361425908,1,0.0004067361425908
R-HSA-5696394,DNA Damage Recognition in GG-NER,0.0020498662153168997,3,0.0006832887384389665
R-HSA-5696395,Formation of Incision Complex in GG-NER,0.0017425500539725999,2,0.0008712750269862999
R-HSA-5696397,Gap-filling DNA repair synthesis and ligation in GG-NER,0.0032640519676634,6,0.0005440086612772333
R-HSA-5696398,Nucleotide Excision Repair,0.0039236276556478995,8,0.0004904534569559874
R-HSA-5696399,Global Genome Nucleotide Excision Repair (GG-NER),0.0039236276556478995,8,0.0004904534569559874
R-HSA-5696400,Dual Incision in GG-NER,0.0036163114943036,7,0.0005166159277576572
R-HSA-597592,Post-translational protein modification,0.0394385881858435,74,0.0005329538944032905
R-HSA-606279,Deposition of new CENPA-containing nucleosomes at the centromere,0.0022200895621262,6,0.00037001492702103334
R-HSA-611105,Respiratory electron transport,0.000302552549762,1,0.000302552549762
R-HSA-622312,Inflammasomes,0.0010488311422537,2,0.00052441557112685
R-HSA-6781823,Formation of TC-NER Pre-Incision Complex,0.0013902905273324,1,0.0013902905273324
R-HSA-6781827,Transcription-Coupled Nucleotide Excision Repair (TC-NER),0.0032640519676634,6,0.0005440086612772333
R-HSA-6782135,Dual incision in TC-NER,0.0032640519676634,6,0.0005440086612772333
R-HSA-6782210,Gap-filling DNA repair synthesis and ligation in TC-NER,0.0032640519676634,6,0.0005440086612772333
R-HSA-6783310,Fanconi Anemia Pathway,0.0017357974095028,2,0.0008678987047514
R-HSA-6783589,Interleukin-6 family signaling,0.0049713762915618,7,0.0007101966130802572
R-HSA-6783783,Interleukin-10 signaling,0.0061888365493723,14,0.00044205975352659287
R-HSA-6785631,ERBB2 Regulates Cell Motility,0.0037128233554685,5,0.0007425646710937001
R-HSA-6785807,Interleukin-4 and Interleukin-13 signaling,0.0265278527502223,45,0.0005895078388938288
R-HSA-6788467,IL-6-type cytokine receptor ligand interactions,0.0014423694356288,2,0.0007211847178144
R-HSA-6791226,Major pathway of rRNA processing in the nucleolus and cytosol,0.0017881587461084998,2,0.0008940793730542499
R-HSA-6791312,TP53 Regulates Transcription of Cell Cycle Genes,0.0086854005294212,12,0.0007237833774517668
R-HSA-6794361,Neurexins and neuroligins,0.0055214187205744,13,0.0004247245169672615
R-HSA-6794362,Protein-protein interactions at synapses,0.0059281548631652,14,0.00042343963308322854
R-HSA-6796648,TP53 Regulates Transcription of DNA Repair Genes,0.0058294137988088995,8,0.0007286767248511124
R-HSA-6798163,Choline catabolism,0.0003239715591291,1,0.0003239715591291
R-HSA-6798695,Neutrophil degranulation,0.0122421519930168,24,0.0005100896663757
R-HSA-6802946,Signaling by moderate kinase activity BRAF mutants,0.0109441182072087,15,0.00072960788048058
R-HSA-6802948,Signaling by high-kinase activity BRAF mutants,0.0089166189568804,11,0.0008106017233527637
R-HSA-6802949,Signaling by RAS mutants,0.0109441182072087,15,0.00072960788048058
R-HSA-6802952,Signaling by BRAF and RAF1 fusions,0.0109441182072087,15,0.00072960788048058
R-HSA-6802953,RAS signaling downstream of NF1 loss-of-function variants,0.0032004812046772,3,0.0010668270682257332
R-HSA-6802955,Paradoxical activation of RAF signaling by kinase inactive BRAF,0.0109441182072087,15,0.00072960788048058
R-HSA-6802957,Oncogenic MAPK signaling,0.0109441182072087,15,0.00072960788048058
R-HSA-6803157,Antimicrobial peptides,0.0012986673992451,2,0.00064933369962255
R-HSA-6803204,TP53 Regulates Transcription of Genes Involved in Cytochrome C Release,0.0023669866502898,2,0.0011834933251449
R-HSA-6803205,TP53 regulates transcription of several additional cell death genes whose specific roles in p53-dependent apoptosis remain uncertain,0.0026962238637298,3,0.0008987412879099334
R-HSA-6803207,TP53 Regulates Transcription of Caspase Activators and Caspases,0.0023669866502898,2,0.0011834933251449
R-HSA-6803211,TP53 Regulates Transcription of Death Receptors and Ligands,0.001847595580498,1,0.001847595580498
R-HSA-6804114,TP53 Regulates Transcription of Genes Involved in G2 Cell Cycle Arrest,0.0069164326402059,8,0.0008645540800257375
R-HSA-6804115,TP53 regulates transcription of additional cell cycle genes whose exact role in the p53 pathway remain uncertain,0.0022312872164375,2,0.00111564360821875
R-HSA-6804116,TP53 Regulates Transcription of Genes Involved in G1 Cell Cycle Arrest,0.0036165634697133,5,0.00072331269394266
R-HSA-6804754,Regulation of TP53 Expression,0.001847595580498,1,0.001847595580498
R-HSA-6804756,Regulation of TP53 Activity through Phosphorylation,0.0108742166363692,18,0.0006041231464649555
R-HSA-6804757,Regulation of TP53 Degradation,0.0071531141274588,9,0.0007947904586065334
R-HSA-6804758,Regulation of TP53 Activity through Acetylation,0.0048830684588348,6,0.0008138447431391333
R-HSA-6804759,Regulation of TP53 Activity through Association with Co-factors,0.0021962273224359,2,0.00109811366121795
R-HSA-6804760,Regulation of TP53 Activity through Methylation,0.0060356451887941,6,0.0010059408647990168
R-HSA-6805567,Keratinization,0.0009842805115326,3,0.00032809350384420004
R-HSA-6806003,Regulation of TP53 Expression and Degradation,0.0071531141274588,9,0.0007947904586065334
R-HSA-6806667,Metabolism of fat-soluble vitamins,0.005529544230981,14,0.00039496744507007143
R-HSA-6806834,Signaling by MET,0.0167717406045108,22,0.0007623518456595818
R-HSA-6806942,MET Receptor Activation,0.0009323844750777,2,0.00046619223753885
R-HSA-6807004,Negative regulation of MET activity,0.0029487550507591,4,0.000737188762689775
R-HSA-6807062,Zymostenol biosynthesis via lathosterol (Kandutsch-Russell pathway),0.0003196570521679,1,0.0003196570521679
R-HSA-6807070,PTEN Regulation,0.0083460317506119,12,0.0006955026458843249
R-HSA-6807878,COPI-mediated anterograde transport,0.0002864814661213,1,0.0002864814661213
R-HSA-6809371,Formation of the cornified envelope,0.0009842805115326,3,0.00032809350384420004
R-HSA-6811434,COPI-dependent Golgi-to-ER retrograde traffic,0.0035707056717864,8,0.0004463382089733
R-HSA-6811442,Intra-Golgi and retrograde Golgi-to-ER traffic,0.0035707056717864,8,0.0004463382089733
R-HSA-6811555,PI5P Regulates TP53 Acetylation,0.0035521437291626,3,0.0011840479097208667
R-HSA-6811558,"PI5P, PP2A and IER3 Regulate PI3K/AKT Signaling",0.021125290517510602,36,0.0005868136254864056
R-HSA-6814122,Cooperation of PDCL (PhLP1) and TRiC/CCT in G-protein beta folding,0.003439730701809,7,0.0004913901002584286
R-HSA-68689,CDC6 association with the ORC:origin complex,0.0005525770882,1,0.0005525770882
R-HSA-68867,Assembly of the pre-replicative complex,0.0049912765061493,10,0.00049912765061493
R-HSA-68875,Mitotic Prophase,0.0055249260354333,9,0.0006138806706037
R-HSA-68877,Mitotic Prometaphase,0.014438543929222501,28,0.0005156622831865179
R-HSA-68881,Mitotic Metaphase/Anaphase Transition,0.0006508124647157,1,0.0006508124647157
R-HSA-68882,Mitotic Anaphase,0.013319544572432401,24,0.00055498102385135
R-HSA-68884,Mitotic Telophase/Cytokinesis,0.0015509733365706999,3,0.0005169911121902333
R-HSA-68886,M Phase,0.0196279652461813,37,0.0005304855471940892
R-HSA-68911,G2 Phase,0.0010665074164629,2,0.00053325370823145
R-HSA-68949,Orc1 removal from chromatin,0.0052487175319375,10,0.00052487175319375
R-HSA-68952,DNA replication initiation,0.0003167333642615,1,0.0003167333642615
R-HSA-68962,Activation of the pre-replicative complex,0.0043186857971473,11,0.0003926077997406636
R-HSA-69002,DNA Replication Pre-Initiation,0.0061878515101599,13,0.0004759885777046077
R-HSA-69017,CDK-mediated phosphorylation and removal of Cdc6,0.003158059012681,4,0.00078951475317025
R-HSA-69052,Switching of origins to a post-replicative state,0.0057275927176177,11,0.0005206902470561545
R-HSA-69091,Polymerase switching,0.0015570280760694999,4,0.00038925701901737497
R-HSA-69109,Leading Strand Synthesis,0.0015570280760694999,4,0.00038925701901737497
R-HSA-69166,Removal of the Flap Intermediate,0.0011830080636147,3,0.0003943360212049
R-HSA-69183,Processive synthesis on the lagging strand,0.0011830080636147,3,0.0003943360212049
R-HSA-69186,Lagging Strand Synthesis,0.0019234755224095,5,0.0003846951044819
R-HSA-69190,DNA strand elongation,0.005000891922569,13,0.0003846839940437692
R-HSA-69200,Phosphorylation of proteins involved in G1/S transition by active Cyclin E:Cdk2 complexes,0.000495478267738,1,0.000495478267738
R-HSA-69202,Cyclin E associated events during G1/S transition ,0.0057671156108635,10,0.0005767115610863501
R-HSA-69205,G1/S-Specific Transcription,0.0042703775356965,8,0.0005337971919620625
R-HSA-69206,G1/S Transition,0.0134959395717184,26,0.0005190745989122462
R-HSA-69231,Cyclin D associated events in G1,0.0073915025573627,10,0.00073915025573627
R-HSA-69236,G1 Phase,0.0073915025573627,10,0.00073915025573627
R-HSA-69239,Synthesis of DNA,0.0087859743881491,19,0.00046241970463942634
R-HSA-69242,S Phase,0.0127312185813675,28,0.00045468637790598216
R-HSA-69273,Cyclin A/B1/B2 associated events during G2/M transition,0.0053224129863739,9,0.0005913792207082112
R-HSA-69275,G2/M Transition,0.0146183808180853,22,0.0006644718553675136
R-HSA-69278,"Cell Cycle, Mitotic",0.0414740312600312,78,0.0005317183494875794
R-HSA-69306,DNA Replication,0.0091613941794896,20,0.00045806970897448
R-HSA-69416,Dimerization of procaspase-8,0.0003997091202956,1,0.0003997091202956
R-HSA-69473,G2/M DNA damage checkpoint,0.0095887619864141,16,0.0005992976241508812
R-HSA-69478,G2/M DNA replication checkpoint,0.0032416089040303003,4,0.0008104022260075751
R-HSA-69481,G2/M Checkpoints,0.0155856709553183,28,0.0005566311055470822
R-HSA-69541,Stabilization of p53,0.0049944004570476,6,0.0008324000761746
R-HSA-69560,Transcriptional activation of p53 responsive genes  ,0.0022525387475774,2,0.0011262693737887
R-HSA-69563,p53-Dependent G1 DNA Damage Response,0.0064331771412684,9,0.0007147974601409333
R-HSA-69580,p53-Dependent G1/S DNA damage checkpoint,0.0064331771412684,9,0.0007147974601409333
R-HSA-69601,Ubiquitin-Mediated Degradation of Phosphorylated Cdc25A,0.0034427173438241,6,0.0005737862239706833
R-HSA-69613,p53-Independent G1/S DNA Damage Checkpoint,0.0034427173438241,6,0.0005737862239706833
R-HSA-69615,G1/S DNA Damage Checkpoints,0.0081470404811924,13,0.0006266954216301846
R-HSA-69618,Mitotic Spindle Checkpoint,0.0084582264093322,17,0.0004975427299607176
R-HSA-69620,Cell Cycle Checkpoints,0.0265550622011473,51,0.0005206874941401431
R-HSA-69656,Cyclin A:Cdk2-associated events at S phase entry,0.0057671156108635,10,0.0005767115610863501
R-HSA-69895,Transcriptional  activation of  cell cycle inhibitor p21 ,0.0022525387475774,2,0.0011262693737887
R-HSA-70171,Glycolysis,0.0013461641703856999,2,0.0006730820851928499
R-HSA-70263,Gluconeogenesis,0.0004855070615629,1,0.0004855070615629
R-HSA-70268,Pyruvate metabolism,0.0013902905273324,1,0.0013902905273324
R-HSA-70326,Glucose metabolism,0.0013461641703856999,2,0.0006730820851928499
R-HSA-70635,Urea cycle,0.001847595580498,1,0.001847595580498
R-HSA-71064,Lysine catabolism,0.0003239715591291,1,0.0003239715591291
R-HSA-71291,Metabolism of amino acids and derivatives,0.0053960024448611,7,0.0007708574921230142
R-HSA-71387,Metabolism of carbohydrates and carbohydrate derivatives,0.0084783768906652,17,0.0004987280523920706
R-HSA-72163,mRNA Splicing - Major Pathway,0.0006484224579761,1,0.0006484224579761
R-HSA-72172,mRNA Splicing,0.0006484224579761,1,0.0006484224579761
R-HSA-72187,mRNA 3'-end processing,0.00199468965356,2,0.00099734482678
R-HSA-72203,Processing of Capped Intron-Containing Pre-mRNA,0.0026431121115361,3,0.0008810373705120334
R-HSA-72312,rRNA processing,0.0017881587461084998,2,0.0008940793730542499
R-HSA-72613,Eukaryotic Translation Initiation,0.0017881587461084998,2,0.0008940793730542499
R-HSA-72649,Translation initiation complex formation,0.0017881587461084998,2,0.0008940793730542499
R-HSA-72662,"Activation of the mRNA upon binding of the cap-binding complex and eIFs, and subsequent binding to 43S",0.0017881587461084998,2,0.0008940793730542499
R-HSA-72689,Formation of a pool of free 40S subunits,0.0017881587461084998,2,0.0008940793730542499
R-HSA-72695,"Formation of the ternary complex, and subsequently, the 43S complex",0.0017881587461084998,2,0.0008940793730542499
R-HSA-72702,Ribosomal scanning and start codon recognition,0.0017881587461084998,2,0.0008940793730542499
R-HSA-72706,GTP hydrolysis and joining of the 60S ribosomal subunit,0.0017881587461084998,2,0.0008940793730542499
R-HSA-72737,Cap-dependent Translation Initiation,0.0017881587461084998,2,0.0008940793730542499
R-HSA-72764,Eukaryotic Translation Termination,0.0017881587461084998,2,0.0008940793730542499
R-HSA-72766,Translation,0.0017881587461084998,2,0.0008940793730542499
R-HSA-73762,RNA Polymerase I Transcription Initiation,0.0015161725513523,3,0.0005053908504507667
R-HSA-73854,RNA Polymerase I Promoter Clearance,0.0015161725513523,3,0.0005053908504507667
R-HSA-73857,RNA Polymerase II Transcription,0.0642684265420973,121,0.0005311440210090686
R-HSA-73864,RNA Polymerase I Transcription,0.0015161725513523,3,0.0005053908504507667
R-HSA-73884,Base Excision Repair,0.0025924684133112,7,0.00037035263047302856
R-HSA-73886,Chromosome Maintenance,0.0052075907078966,13,0.00040058390060743074
R-HSA-73887,Death Receptor Signaling,0.0057673347483693,10,0.00057673347483693
R-HSA-73893,DNA Damage Bypass,0.0036417824865589998,7,0.0005202546409369999
R-HSA-73894,DNA Repair,0.0127493381516738,25,0.000509973526066952
R-HSA-73933,Resolution of Abasic Sites (AP sites),0.0025924684133112,7,0.00037035263047302856
R-HSA-74160,Gene expression (Transcription),0.0676981820721551,128,0.0005288920474387117
R-HSA-74713,IRS activation,0.0004310534438007,1,0.0004310534438007
R-HSA-74749,Signal attenuation,0.0010825110111055,2,0.00054125550555275
R-HSA-74751,Insulin receptor signalling cascade,0.0095128112654254,13,0.0007317547127250307
R-HSA-74752,Signaling by Insulin receptor,0.0095128112654254,13,0.0007317547127250307
R-HSA-75035,Chk1/Chk2(Cds1) mediated inactivation of Cyclin B:Cdk1 complex,0.0047395819569735,8,0.0005924477446216875
R-HSA-75153,Apoptotic execution phase,0.0008881337918653,2,0.00044406689593265
R-HSA-75815,Ubiquitin-dependent degradation of Cyclin D,0.0020354951436936,2,0.0010177475718468
R-HSA-75892,Platelet Adhesion to exposed collagen,0.0044299254480459,7,0.0006328464925779857
R-HSA-75893,TNF signaling,0.0022883007153785,3,0.0007627669051261666
R-HSA-76002,"Platelet activation, signaling and aggregation",0.032485787172675,58,0.0005600997788392241
R-HSA-76005,Response to elevated platelet cytosolic Ca2+,0.0127012117696883,24,0.0005292171570703458
R-HSA-76009,Platelet Aggregation (Plug Formation),0.0068357332947094,10,0.00068357332947094
R-HSA-774815,Nucleosome assembly,0.0022200895621262,6,0.00037001492702103334
R-HSA-844455,The NLRP1 inflammasome,0.0002887640749246,1,0.0002887640749246
R-HSA-844456,The NLRP3 inflammasome,0.0007600670673291,1,0.0007600670673291
R-HSA-877300,Interferon gamma signaling,0.0083078611388213,17,0.0004886977140483118
R-HSA-877312,Regulation of IFNG signaling,0.004303658020204,7,0.0006148082886005714
R-HSA-879415,Advanced glycosylation endproduct receptor signaling,0.0007600670673291,1,0.0007600670673291
R-HSA-881907,Gastrin-CREB signalling pathway via PKC and MAPK,0.0061281453178532,6,0.0010213575529755333
R-HSA-8847993,ERBB2 Activates PTK6 Signaling,0.0037128233554685,5,0.0007425646710937001
R-HSA-8848021,Signaling by PTK6,0.0123768513859367,18,0.0006876028547742612
R-HSA-8849469,PTK6 Regulates RTKs and Their Effectors AKT1 and DOK1,0.0020163705756814,2,0.0010081852878407
R-HSA-8849470,PTK6 Regulates Cell Cycle,0.0009427219220342,2,0.0004713609610171
R-HSA-8849471,"PTK6 Regulates RHO GTPases, RAS GTPase and MAP kinases",0.0040479755338665,5,0.0008095951067733
R-HSA-8849473,PTK6 Expression,0.0010284786557127,2,0.00051423932785635
R-HSA-8849474,PTK6 Activates STAT3,0.0003055223827863,1,0.0003055223827863
R-HSA-8849932,Synaptic adhesion-like molecules,0.0030469824070658,6,0.0005078304011776333
R-HSA-8851680,Butyrophilin (BTN) family interactions,0.00029010088402,1,0.00029010088402
R-HSA-8851708,Signaling by FGFR2 IIIa TM,0.0009604941493676,2,0.0004802470746838
R-HSA-8851805,MET activates RAS signaling,0.0047843232470597,6,0.0007973872078432834
R-HSA-8851907,MET activates PI3K/AKT signaling,0.0030993994650809,4,0.000774849866270225
R-HSA-8852135,Protein ubiquitination,0.002720116757759,4,0.00068002918943975
R-HSA-8852276,The role of GTSE1 in G2/M progression after G2 checkpoint,0.0079196881106418,8,0.000989961013830225
R-HSA-8853333,Signaling by FGFR2 fusions,0.0003854125396231,1,0.0003854125396231
R-HSA-8853334,Signaling by FGFR3 fusions in cancer,0.0002877641678759,1,0.0002877641678759
R-HSA-8853336,Signaling by plasma membrane FGFR1 fusions,0.000453247265594,1,0.000453247265594
R-HSA-8853659,RET signaling,0.0084766189388505,10,0.0008476618938850501
R-HSA-8853884,Transcriptional Regulation by VENTX,0.0052431088027522,8,0.000655388600344025
R-HSA-8854050,FBXL7 down-regulates AURKA during mitotic entry and in early mitosis,0.0019507470318478,2,0.0009753735159239
R-HSA-8854518,AURKA Activation by TPX2,0.0052194005389423,9,0.0005799333932158112
R-HSA-8854521,Interaction between PHLDA1 and AURKA,0.0005604565045154,1,0.0005604565045154
R-HSA-8854691,Interleukin-20 family signaling,0.0045118801205846,7,0.0006445543029406571
R-HSA-8856688,Golgi-to-ER retrograde transport,0.0035707056717864,8,0.0004463382089733
R-HSA-8856825,Cargo recognition for clathrin-mediated endocytosis,0.0088062286448962,14,0.0006290163317783
R-HSA-8856828,Clathrin-mediated endocytosis,0.0101488951918829,17,0.0005969938348166411
R-HSA-8857538,PTK6 promotes HIF1A stabilization,0.0024471556252132,3,0.0008157185417377333
R-HSA-8862803,Deregulated CDK5 triggers multiple neurodegenerative pathways in Alzheimer's disease models,0.0033312816667281997,6,0.0005552136111213667
R-HSA-8863678,Neurodegenerative Diseases,0.0033312816667281997,6,0.0005552136111213667
R-HSA-8863795,Downregulation of ERBB2 signaling,0.0065724993031932005,8,0.0008215624128991501
R-HSA-8864260,Transcriptional regulation by the AP-2 (TFAP2) family of transcription factors,0.0074140372810599,9,0.0008237819201177667
R-HSA-8865999,MET activates PTPN11,0.0018953613644488,3,0.0006317871214829334
R-HSA-8866376,Reelin signalling pathway,0.0010029763726181,1,0.0010029763726181
R-HSA-8866423,VLDL assembly,0.0004206037963967,1,0.0004206037963967
R-HSA-8866427,VLDLR internalisation and degradation,0.0018096978476708,2,0.0009048489238354
R-HSA-8866652,Synthesis of active ubiquitin: roles of E1 and E2 enzymes,0.0018691657130125998,2,0.0009345828565062999
R-HSA-8866654,E3 ubiquitin ligases ubiquitinate target proteins,0.0022412415720788,3,0.0007470805240262666
R-HSA-8866907,Activation of the TFAP2 (AP-2) family of transcription factors,0.0013951846487226,1,0.0013951846487226
R-HSA-8866910,TFAP2 (AP-2) family regulates transcription of growth factors and their receptors,0.0044098885314999,5,0.00088197770629998
R-HSA-8866911,TFAP2 (AP-2) family regulates transcription of cell cycle factors,0.0012028157553397,2,0.00060140787766985
R-HSA-8868773,rRNA processing in the nucleus and cytosol,0.0017881587461084998,2,0.0008940793730542499
R-HSA-8873719,RAB geranylgeranylation,0.0003186205885836,1,0.0003186205885836
R-HSA-8874081,MET activates PTK2 signaling,0.006584524835419,12,0.0005487104029515833
R-HSA-8875360,InlB-mediated entry of Listeria monocytogenes into host cell,0.0024871229500192,3,0.0008290409833397334
R-HSA-8875513,MET interacts with TNS proteins,0.0021212990171318,3,0.0007070996723772667
R-HSA-8875555,MET activates RAP1 and RAC1,0.0009323844750777,2,0.00046619223753885
R-HSA-8875656,MET receptor recycling,0.0009323844750777,2,0.00046619223753885
R-HSA-8875791,MET activates STAT3,0.0009323844750777,2,0.00046619223753885
R-HSA-8875878,MET promotes cell motility,0.0077734393774731006,13,0.0005979568751902385
R-HSA-8876198,RAB GEFs exchange GTP for GDP on RABs,0.0006672523305215,2,0.00033362616526075
R-HSA-8876384,Listeria monocytogenes entry into host cells,0.0044604255743261,4,0.001115106393581525
R-HSA-8876493,InlA-mediated entry of Listeria monocytogenes into host cells,0.0033635931516393,2,0.00168179657581965
R-HSA-8876725,Protein methylation,0.0006484224579761,1,0.0006484224579761
R-HSA-8877330,RUNX1 and FOXP3 control the development of regulatory T lymphocytes (Tregs),0.0020836912371589,5,0.00041673824743178003
R-HSA-8878159,Transcriptional regulation by RUNX3,0.0151506917151703,20,0.0007575345857585151
R-HSA-8878166,Transcriptional regulation by RUNX2,0.0139941911478866,22,0.0006360995976312091
R-HSA-8878171,Transcriptional regulation by RUNX1,0.0146482936183751,24,0.0006103455674322959
R-HSA-888568,GABA synthesis,0.0003014080743208,1,0.0003014080743208
R-HSA-888590,"GABA synthesis, release, reuptake and degradation",0.0035648561976267,8,0.0004456070247033375
R-HSA-8931987,RUNX1 regulates estrogen receptor mediated transcription,0.0017514981414368,3,0.0005838327138122666
R-HSA-8934593,Regulation of RUNX1 Expression and Activity,0.003968937886308,4,0.000992234471577
R-HSA-8934903,Receptor Mediated Mitophagy,0.0019733026243069,1,0.0019733026243069
R-HSA-8935964,RUNX1 regulates expression of components of tight junctions,0.0008911391011501,2,0.00044556955057505
R-HSA-8936459,RUNX1 regulates genes involved in megakaryocyte differentiation and platelet function,0.0030732738943574003,5,0.0006146547788714801
R-HSA-8939211,ESR-mediated signaling,0.029532616079867402,47,0.0006283535336142
R-HSA-8939236,RUNX1 regulates transcription of genes involved in differentiation of HSCs,0.0030964429584353,6,0.0005160738264058833
R-HSA-8939242,RUNX1 regulates transcription of genes involved in differentiation of keratinocytes,0.0006929761390551,2,0.00034648806952755
R-HSA-8939243,RUNX1 interacts with co-factors whose precise effect on RUNX1 targets is not known,0.0017826384049914,2,0.0008913192024957
R-HSA-8939245,RUNX1 regulates transcription of genes involved in BCR signaling,0.0003874537562688,1,0.0003874537562688
R-HSA-8939246,RUNX1 regulates transcription of genes involved in differentiation of myeloid cells,0.0018025105543551,4,0.000450627638588775
R-HSA-8939247,RUNX1 regulates transcription of genes involved in interleukin signaling,0.0003874537562688,1,0.0003874537562688
R-HSA-8939256,RUNX1 regulates transcription of genes involved in WNT signaling,0.0021284436507391,4,0.000532110912684775
R-HSA-8939902,Regulation of RUNX2 expression and activity,0.0049931745442142,7,0.0007133106491734572
R-HSA-8940973,RUNX2 regulates osteoblast differentiation,0.005146536982649301,8,0.0006433171228311626
R-HSA-8941284,RUNX2 regulates chondrocyte maturation,0.0005135712639905,1,0.0005135712639905
R-HSA-8941326,RUNX2 regulates bone development,0.005146536982649301,8,0.0006433171228311626
R-HSA-8941332,RUNX2 regulates genes involved in cell migration,0.0012357214659544,3,0.00041190715531813334
R-HSA-8941333,RUNX2 regulates genes involved in differentiation of myeloid cells,0.0009010250202593001,2,0.00045051251012965003
R-HSA-8941855,RUNX3 regulates CDKN1A transcription,0.003615862360566,4,0.0009039655901415
R-HSA-8941856,RUNX3 regulates NOTCH signaling,0.0026181313372983,3,0.0008727104457661
R-HSA-8941858,Regulation of RUNX3 expression and activity,0.0061430276405916,6,0.0010238379400986
R-HSA-8943723,Regulation of PTEN mRNA translation,0.0006573924667506,1,0.0006573924667506
R-HSA-8943724,Regulation of PTEN gene transcription,0.005949717014591,9,0.0006610796682878889
R-HSA-8948216,Collagen chain trimerization,0.0010127378270039,3,0.00033757927566796666
R-HSA-8948747,Regulation of PTEN localization,0.002047682994083,2,0.0010238414970415
R-HSA-8948751,Regulation of PTEN stability and activity,0.0023963147360209,3,0.0007987715786736334
R-HSA-8949275,RUNX3 Regulates Immune Response and Cell Migration,0.000304999445264,1,0.000304999445264
R-HSA-8950505,Gene and protein expression by JAK-STAT signaling after Interleukin-12 stimulation,0.0010021718211214998,2,0.0005010859105607499
R-HSA-8951430,RUNX3 regulates WNT signaling,0.0021307070568437,4,0.000532676764210925
R-HSA-8951664,Neddylation,0.0049779187822239,9,0.0005531020869137666
R-HSA-8951671,RUNX3 regulates YAP1-mediated transcription,0.0003623401088616,1,0.0003623401088616
R-HSA-8951936,RUNX3 regulates p14-ARF,0.0039013381762267,5,0.00078026763524534
R-HSA-8952158,RUNX3 regulates BCL2L11 (BIM) transcription,0.0013588731536854,2,0.0006794365768427
R-HSA-8953750,Transcriptional Regulation by E2F6,0.0036921024291529,8,0.0004615128036441125
R-HSA-8953854,Metabolism of RNA,0.005313647652386,8,0.00066420595654825
R-HSA-8953897,Cellular responses to stimuli,0.0525632970430177,95,0.0005532978636107127
R-HSA-8957275,Post-translational protein phosphorylation,0.006825353147928,13,0.0005250271652252308
R-HSA-8957322,Metabolism of steroids,0.004583036734162,10,0.0004583036734162
R-HSA-8963693,Aspartate and asparagine metabolism,0.000302552549762,1,0.000302552549762
R-HSA-8963888,Chylomicron assembly,0.0013134923100473,3,0.00043783077001576664
R-HSA-8963889,Assembly of active LPL and LIPC lipase complexes,0.0007020907435711,2,0.00035104537178555
R-HSA-8963896,HDL assembly,0.0013473972769757,2,0.00067369863848785
R-HSA-8963898,Plasma lipoprotein assembly,0.0021741494188701,4,0.000543537354717525
R-HSA-8963899,Plasma lipoprotein remodeling,0.0027502629932127,6,0.00045837716553545
R-HSA-8963901,Chylomicron remodeling,0.0017237705043618,4,0.00043094262609045
R-HSA-8964011,HDL clearance,0.0004867401681529,1,0.0004867401681529
R-HSA-8964026,Chylomicron clearance,0.0008267521418944,2,0.0004133760709472
R-HSA-8964038,LDL clearance,0.0008400111167351,2,0.00042000555836755
R-HSA-8964041,LDL remodeling,0.0004206037963967,1,0.0004206037963967
R-HSA-8964043,Plasma lipoprotein clearance,0.0031231901577181,5,0.00062463803154362
R-HSA-8964046,VLDL clearance,0.0004206037963967,1,0.0004206037963967
R-HSA-8964058,HDL remodeling,0.0016275684532449,3,0.0005425228177483
R-HSA-8964315,G beta:gamma signalling through BTK,0.0024342447053517,6,0.00040570745089195
R-HSA-8964539,Glutamate and glutamine metabolism,0.000302552549762,1,0.000302552549762
R-HSA-8964616,G beta:gamma signalling through CDC42,0.0025251476490789,6,0.00042085794151315
R-HSA-8978868,Fatty acid metabolism,0.0019599216287314,5,0.00039198432574628005
R-HSA-8978934,Metabolism of cofactors,0.0014726772200076,2,0.0007363386100038
R-HSA-8979227,Triglyceride metabolism,0.0022679843322938,3,0.0007559947774312667
R-HSA-8980692,RHOA GTPase cycle,0.0038062342946945,7,0.0005437477563849286
R-HSA-8982491,Glycogen metabolism,0.0013902905273324,1,0.0013902905273324
R-HSA-8983432,Interleukin-15 signaling,0.0029239393378254,6,0.0004873232229709
R-HSA-8983711,OAS antiviral response,0.0004364758715546,1,0.0004364758715546
R-HSA-8984722,Interleukin-35 Signalling,0.0022027185219408,3,0.0007342395073135999
R-HSA-8985801,Regulation of cortical dendrite branching,0.0002880748828498,1,0.0002880748828498
R-HSA-8985947,Interleukin-9 signaling,0.0030328308568326,6,0.0005054718094721
R-HSA-8986944,Transcriptional Regulation by MECP2,0.0075494412697571,16,0.00047184007935981875
R-HSA-9005891,Loss of function of MECP2 in Rett syndrome,0.0007920697157601,2,0.00039603485788005
R-HSA-9005895,Pervasive developmental disorders,0.0007920697157601,2,0.00039603485788005
R-HSA-9006115,Signaling by NTRK2 (TRKB),0.0116025063191436,13,0.0008925004860879693
R-HSA-9006335,Signaling by Erythropoietin,0.0097256880143393,13,0.0007481298472568692
R-HSA-9006925,Intracellular signaling by second messengers,0.0388538982757086,71,0.0005472380038832197
R-HSA-9006927,Signaling by Non-Receptor Tyrosine Kinases,0.0123768513859367,18,0.0006876028547742612
R-HSA-9006931,Signaling by Nuclear Receptors,0.0316509907536403,52,0.0006086728991084674
R-HSA-9006934,Signaling by Receptor Tyrosine Kinases,0.06143938612833,108,0.0005688832048919444
R-HSA-9006936,Signaling by TGFB family members,0.0153321244150322,26,0.0005896970928858539
R-HSA-9007101,Rab regulation of trafficking,0.0006672523305215,2,0.00033362616526075
R-HSA-9007892,Interleukin-38 signaling,0.0006758389085126,1,0.0006758389085126
R-HSA-9008059,Interleukin-37 signaling,0.0022915117558322,3,0.0007638372519440667
R-HSA-9009391,Extra-nuclear estrogen signaling,0.0216210074659369,32,0.0006756564833105282
R-HSA-901032,ER Quality Control Compartment (ERQC),0.0013902905273324,1,0.0013902905273324
R-HSA-901042,Calnexin/calreticulin cycle,0.0013902905273324,1,0.0013902905273324
R-HSA-9010553,Regulation of expression of SLITs and ROBOs,0.0017881587461084998,2,0.0008940793730542499
R-HSA-9010642,ROBO receptors bind AKAP5,0.0019289316491985999,3,0.0006429772163995333
R-HSA-9012546,Interleukin-18 signaling,0.000352093113366,1,0.000352093113366
R-HSA-9012852,Signaling by NOTCH3,0.0078550369754648,9,0.0008727818861627556
R-HSA-9012999,RHO GTPase cycle,0.0151325657223493,25,0.000605302628893972
R-HSA-9013026,RHOB GTPase cycle,0.0034028337780742,6,0.0005671389630123667
R-HSA-9013106,RHOC GTPase cycle,0.0030045121906433,5,0.00060090243812866
R-HSA-9013148,CDC42 GTPase cycle,0.0041679138910772,8,0.00052098923638465
R-HSA-9013149,RAC1 GTPase cycle,0.0074026991137175,12,0.0006168915928097917
R-HSA-9013404,RAC2 GTPase cycle,0.006545606216123601,10,0.0006545606216123601
R-HSA-9013405,RHOD GTPase cycle,0.0026736591648418,4,0.00066841479121045
R-HSA-9013406,RHOQ GTPase cycle,0.0025151570108678002,5,0.00050303140217356
R-HSA-9013407,RHOH GTPase cycle,0.002690440707254,5,0.0005380881414508
R-HSA-9013408,RHOG GTPase cycle,0.0035233894194022,4,0.00088084735485055
R-HSA-9013409,RHOJ GTPase cycle,0.0038569845349808,7,0.0005509977907115429
R-HSA-9013418,RHOBTB2 GTPase cycle,0.0011207536784544,1,0.0011207536784544
R-HSA-9013420,RHOU GTPase cycle,0.004985313597723901,7,0.0007121876568177001
R-HSA-9013423,RAC3 GTPase cycle,0.0047435932638135005,7,0.0006776561805447858
R-HSA-9013424,RHOV GTPase cycle,0.0022638658009915,4,0.000565966450247875
R-HSA-9013507,NOTCH3 Activation and Transmission of Signal to the Nucleus,0.0036874585864878,3,0.0012291528621626
R-HSA-9013508,NOTCH3 Intracellular Domain Regulates Transcription,0.004167578388977,6,0.0006945963981628333
R-HSA-9013694,Signaling by NOTCH4,0.0058268539851677,7,0.0008324077121668143
R-HSA-9013695,NOTCH4 Intracellular Domain Regulates Transcription,0.0038538833956932,5,0.00077077667913864
R-HSA-9013700,NOTCH4 Activation and Transmission of Signal to the Nucleus,0.0005826800621421,1,0.0005826800621421
R-HSA-9013973,TICAM1-dependent activation of IRF3/IRF7,0.0013902905273324,1,0.0013902905273324
R-HSA-9014325,"TICAM1,TRAF6-dependent induction of TAK1 complex",0.0013902905273324,1,0.0013902905273324
R-HSA-9018519,Estrogen-dependent gene expression,0.0116302849803593,20,0.000581514249017965
R-HSA-9018677,Biosynthesis of DHA-derived SPMs,0.0013998506882026,4,0.00034996267205065
R-HSA-9018678,Biosynthesis of specialized proresolving mediators (SPMs),0.0013998506882026,4,0.00034996267205065
R-HSA-9018679,Biosynthesis of EPA-derived SPMs,0.0003008035081144,1,0.0003008035081144
R-HSA-9018681,Biosynthesis of protectins,0.0003791774234505,1,0.0003791774234505
R-HSA-9018682,Biosynthesis of maresins,0.0007198697566376999,2,0.00035993487831884996
R-HSA-9018683,Biosynthesis of DPA-derived SPMs,0.0003008035081144,1,0.0003008035081144
R-HSA-9020558,Interleukin-2 signaling,0.0044347877939022,9,0.0004927541993224667
R-HSA-9020591,Interleukin-12 signaling,0.0024445412567503,4,0.000611135314187575
R-HSA-9020702,Interleukin-1 signaling,0.0065565135201777,9,0.0007285015022419667
R-HSA-9020933,Interleukin-23 signaling,0.0008175199176676,1,0.0008175199176676
R-HSA-9020956,Interleukin-27 signaling,0.0022027185219408,3,0.0007342395073135999
R-HSA-9020958,Interleukin-21 signaling,0.0030328308568326,6,0.0005054718094721
R-HSA-9022537,Loss of MECP2 binding ability to the NCoR/SMRT complex,0.0007920697157601,2,0.00039603485788005
R-HSA-9022692,Regulation of MECP2 expression and activity,0.003192413982139,7,0.00045605914030557145
R-HSA-9022699,MECP2 regulates neuronal receptors and channels,0.0022866307756879,5,0.00045732615513758006
R-HSA-9022702,MECP2 regulates transcription of neuronal ligands,0.000457544135092,1,0.000457544135092
R-HSA-9022707,MECP2 regulates transcription factors,0.000591800195944,1,0.000591800195944
R-HSA-9022927,MECP2 regulates transcription of genes involved in GABA signaling,0.0003014080743208,1,0.0003014080743208
R-HSA-9024446,NR1H2 and NR1H3-mediated signaling,0.0039959621201374,7,0.0005708517314481999
R-HSA-9024909,BDNF activates NTRK2 (TRKB) signaling,0.000795294185127,2,0.0003976470925635
R-HSA-9025046,NTF3 activates NTRK2 (TRKB) signaling,0.000337750050035,1,0.000337750050035
R-HSA-9025094,Biosynthesis of DPAn-3 SPMs,0.0003008035081144,1,0.0003008035081144
R-HSA-9026357,NTF4 activates NTRK2 (TRKB) signaling,0.000337750050035,1,0.000337750050035
R-HSA-9026519,Activated NTRK2 signals through RAS,0.004647232957109,6,0.0007745388261848333
R-HSA-9026527,Activated NTRK2 signals through PLCG1,0.000795294185127,2,0.0003976470925635
R-HSA-9027276,Erythropoietin activates Phosphoinositide-3-kinase (PI3K),0.004027546561665,5,0.000805509312333
R-HSA-9027277,Erythropoietin activates Phospholipase C gamma (PLCG),0.0020021346596939,3,0.0006673782198979666
R-HSA-9027283,Erythropoietin activates STAT5,0.0024419373581805,4,0.000610484339545125
R-HSA-9027284,Erythropoietin activates RAS,0.0057559742155035,7,0.0008222820307862143
R-HSA-9027307,Biosynthesis of maresin-like SPMs,0.0007198697566376999,2,0.00035993487831884996
R-HSA-9027604,Biosynthesis of electrophilic ω-3 PUFA oxo-derivatives,0.0003008035081144,1,0.0003008035081144
R-HSA-9028335,Activated NTRK2 signals through PI3K,0.0029623091751302,4,0.00074057729378255
R-HSA-9028731,Activated NTRK2 signals through FRS2 and FRS3,0.0056102098464801,7,0.0008014585494971572
R-HSA-9029558,NR1H2 & NR1H3 regulate gene expression linked to lipogenesis,0.0009201566125150999,2,0.00046007830625754997
R-HSA-9029569,NR1H3 & NR1H2 regulate gene expression linked to cholesterol transport and efflux,0.0036763050679695,6,0.0006127175113282501
R-HSA-9031525,NR1H2 & NR1H3 regulate gene expression to limit cholesterol uptake ,0.0006004995603472,1,0.0006004995603472
R-HSA-9031528,NR1H2 & NR1H3 regulate gene expression linked to triglyceride lipolysis in adipose,0.0006004995603472,1,0.0006004995603472
R-HSA-9031628,NGF-stimulated transcription,0.0035113127636653,6,0.0005852187939442167
R-HSA-9032500,Activated NTRK2 signals through FYN,0.0042258640313201,5,0.0008451728062640201
R-HSA-9032759,NTRK2 activates RAC1,0.0017982705577451,3,0.0005994235192483666
R-HSA-9032845,Activated NTRK2 signals through CDK5,0.0011900058215942,3,0.0003966686071980667
R-HSA-9033241,Peroxisomal protein import,0.0021455521216218,3,0.0007151840405406001
R-HSA-9034015,Signaling by NTRK3 (TRKC),0.0084233098300928,8,0.0010529137287616
R-HSA-9034864,Activated NTRK3 signals through RAS,0.003851938771982,4,0.0009629846929955
R-HSA-9035034,RHOF GTPase cycle,0.0023293959481587,3,0.0007764653160529
R-HSA-9036866,Expression and Processing of Neurotrophins,0.0007390728312937,2,0.00036953641564685
R-HSA-909733,Interferon alpha/beta signaling,0.0055371835745196,9,0.0006152426193910667
R-HSA-912446,Meiotic recombination,0.0022586161987718,5,0.00045172323975436
R-HSA-912526,Interleukin receptor SHC signaling,0.0074612783296992,13,0.0005739444868999385
R-HSA-912631,Regulation of signaling by CBL,0.0087627348389626,13,0.0006740565260740462
R-HSA-912694,Regulation of IFNA/IFNB signaling,0.0031045991672751,5,0.00062091983345502
R-HSA-913531,Interferon Signaling,0.0161754227181745,29,0.000557773197178431
R-HSA-913709,O-linked glycosylation of mucins,0.0010312736612904999,3,0.0003437578870968333
R-HSA-917729,Endosomal Sorting Complex Required For Transport (ESCRT),0.0013902905273324,1,0.0013902905273324
R-HSA-917937,Iron uptake and transport,0.0013902905273324,1,0.0013902905273324
R-HSA-918233,TRAF3-dependent IRF activation pathway,0.0013951846487226,1,0.0013951846487226
R-HSA-927802,Nonsense-Mediated Decay (NMD),0.0017881587461084998,2,0.0008940793730542499
R-HSA-933541,TRAF6 mediated IRF7 activation,0.0017948937690182,2,0.0008974468845091
R-HSA-933542,TRAF6 mediated NF-kB activation,0.0023770160737942,5,0.00047540321475884
R-HSA-933543,NF-kB activation through FADD/RIP-1 pathway mediated by caspase-8 and -10,0.0004983010677505,1,0.0004983010677505
R-HSA-936440,Negative regulators of DDX58/IFIH1 signaling,0.0013902905273324,1,0.0013902905273324
R-HSA-936837,Ion transport by P-type ATPases,0.0012099793326607,3,0.0004033264442202333
R-HSA-936964,"Activation of IRF3, IRF7 mediated by TBK1, IKKε (IKBKE)",0.0029332946593459,3,0.0009777648864486334
R-HSA-937039,IRAK1 recruits IKK complex,0.0018885915950828999,2,0.0009442957975414499
R-HSA-937041,IKK complex recruitment mediated by RIP1,0.0024686188377253,3,0.0008228729459084333
R-HSA-937042,IRAK2 mediated activation of TAK1 complex,0.0013902905273324,1,0.0013902905273324
R-HSA-937061,TRIF (TICAM1)-mediated TLR4 signaling ,0.0111410741797829,16,0.0006963171362364312
R-HSA-937072,TRAF6-mediated induction of TAK1 complex within TLR4 complex,0.0019703177699748,2,0.0009851588849874
R-HSA-948021,Transport to the Golgi and subsequent modification,0.0006932176087120999,2,0.00034660880435604996
R-HSA-9603381,Activated NTRK3 signals through PI3K,0.0045713710581108,4,0.0011428427645277
R-HSA-9604323,Negative regulation of NOTCH4 signaling,0.0019729705894744997,2,0.0009864852947372499
R-HSA-9607240,FLT3 Signaling,0.0140562586992598,19,0.0007398030894347263
R-HSA-9609507,Protein localization,0.0041601474792176,7,0.0005943067827453714
R-HSA-9609523,Insertion of tail-anchored proteins into the endoplasmic reticulum membrane,0.0020145953575958,4,0.00050364883939895
R-HSA-9609646,HCMV Infection,0.0047417298248213,7,0.0006773899749744714
R-HSA-9609690,HCMV Early Events,0.0047417298248213,7,0.0006773899749744714
R-HSA-9609736,Assembly and cell surface presentation of NMDA receptors,0.0051743434567902,12,0.00043119528806585
R-HSA-9612973,Autophagy,0.0065524788243556,7,0.0009360684034793714
R-HSA-9613354,Lipophagy,0.0006484224579761,1,0.0006484224579761
R-HSA-9613829,Chaperone Mediated Autophagy,0.0040597851302569,5,0.0008119570260513799
R-HSA-9614085,FOXO-mediated transcription,0.0099433726857977,19,0.0005233354045156685
R-HSA-9614399,Regulation of localization of FOXO transcription factors,0.0022436112537323,5,0.00044872225074646
R-HSA-9614657,FOXO-mediated transcription of cell death genes,0.0027447275855907,4,0.000686181896397675
R-HSA-9615017,"FOXO-mediated transcription of oxidative stress, metabolic and neuronal genes",0.0049318142190051,10,0.0004931814219005101
R-HSA-9615710,Late endosomal microautophagy,0.0025940278870081,3,0.0008646759623360333
R-HSA-9616222,Transcriptional regulation of granulopoiesis,0.0050396546239815,9,0.0005599616248868333
R-HSA-9617324,Negative regulation of NMDA receptor-mediated neuronal transmission,0.004514629933768,10,0.00045146299337679995
R-HSA-9617629,Regulation of FOXO transcriptional activity by acetylation,0.0029370884654127,4,0.000734272116353175
R-HSA-9617828,FOXO-mediated transcription of cell cycle genes,0.0033910463986845,6,0.00056517439978075
R-HSA-9619665,EGR2 and SOX10-mediated initiation of Schwann cell myelination,0.0015928037535218001,4,0.00039820093838045003
R-HSA-9620244,Long-term potentiation,0.0076930152595647,14,0.0005495010899689071
R-HSA-9623433,NR1H2 & NR1H3 regulate gene expression to control bile acid homeostasis,0.0015620577798368999,3,0.0005206859266122999
R-HSA-9630747,Diseases of Cellular Senescence,0.0003539399169761,1,0.0003539399169761
R-HSA-9630750,Evasion of Oncogene Induced Senescence Due to p16INK4A Defects,0.0003539399169761,1,0.0003539399169761
R-HSA-9630791,Evasion of Oncogene Induced Senescence Due to Defective p16INK4A binding to CDK4,0.0003539399169761,1,0.0003539399169761
R-HSA-9630794,Evasion of Oncogene Induced Senescence Due to Defective p16INK4A binding to CDK4 and CDK6,0.0003539399169761,1,0.0003539399169761
R-HSA-9632693,Evasion of Oxidative Stress Induced Senescence Due to p16INK4A Defects,0.0003539399169761,1,0.0003539399169761
R-HSA-9632697,Evasion of Oxidative Stress Induced Senescence Due to Defective p16INK4A binding to CDK4,0.0003539399169761,1,0.0003539399169761
R-HSA-9632700,Evasion of Oxidative Stress Induced Senescence Due to Defective p16INK4A binding to CDK4 and CDK6,0.0003539399169761,1,0.0003539399169761
R-HSA-9632974,NR1H2 & NR1H3 regulate gene expression linked to gluconeogenesis ,0.0006004995603472,1,0.0006004995603472
R-HSA-9633012,Response of EIF2AK4 (GCN2) to amino acid deficiency,0.0020839257568064998,3,0.0006946419189354999
R-HSA-9634285,Constitutive Signaling by Overexpressed ERBB2,0.0056449171822593,6,0.0009408195303765499
R-HSA-9634597,GPER1 signaling,0.011757170801482801,21,0.0005598652762610857
R-HSA-9634600,"Regulation of glycolysis by fructose 2,6-bisphosphate metabolism",0.0008606571088228,1,0.0008606571088228
R-HSA-9634635,Estrogen-stimulated signaling through PRKCZ,0.0036388893453438,4,0.00090972233633595
R-HSA-9634638,Estrogen-dependent nuclear events downstream of ESR-membrane signaling,0.0053771467254676,9,0.0005974607472741778
R-HSA-9634815,Transcriptional Regulation by NPAS4,0.0028475049650934,6,0.0004745841608489
R-HSA-9635486,Infection with Mycobacterium tuberculosis,0.0021847615481087,3,0.0007282538493695666
R-HSA-9636383,Prevention of phagosomal-lysosomal fusion,0.0013902905273324,1,0.0013902905273324
R-HSA-9637628,Modulation by Mtb of host immune system,0.0021847615481087,3,0.0007282538493695666
R-HSA-9637687,Suppression of phagosomal maturation,0.0013902905273324,1,0.0013902905273324
R-HSA-9637690,Response of Mtb to phagocytosis,0.0013902905273324,1,0.0013902905273324
R-HSA-9638630,Attachment of bacteria to epithelial cells,0.0020183010817119,4,0.000504575270427975
R-HSA-9640148,Infection with Enterobacteria,0.0034085916090443,5,0.00068171832180886
R-HSA-9645135,STAT5 Activation,0.0019042793206504,3,0.0006347597735501333
R-HSA-9645460,Alpha-protein kinase 1 signaling pathway,0.0013902905273324,1,0.0013902905273324
R-HSA-9645722,Defective Intrinsic Pathway for Apoptosis Due to p14ARF Loss of Function,0.0003539399169761,1,0.0003539399169761
R-HSA-9645723,Diseases of programmed cell death,0.0071655458840857,12,0.0005971288236738084
R-HSA-9646303,Evasion of Oncogene Induced Senescence Due to p14ARF Defects,0.0003539399169761,1,0.0003539399169761
R-HSA-9646304,Evasion of Oxidative Stress Induced Senescence Due to p14ARF Defects,0.0003539399169761,1,0.0003539399169761
R-HSA-9646399,Aggrephagy,0.0030663591074864,3,0.0010221197024954667
R-HSA-9648002,RAS processing,0.0045907717320096,4,0.0011476929330024
R-HSA-9648025,EML4 and NUDC in mitotic spindle formation,0.007979351223652,16,0.00049870945147825
R-HSA-964975,Vitamin B6 activation to pyridoxal phosphate,0.0003197080615826,1,0.0003197080615826
R-HSA-9649913,RAS GTPase cycle mutants,0.0032004812046772,3,0.0010668270682257332
R-HSA-9649948,Signaling downstream of RAS mutants,0.0109441182072087,15,0.00072960788048058
R-HSA-9651496,Defects of contact activation system (CAS) and kallikrein/kinin system (KKS),0.0003964526545309,1,0.0003964526545309
R-HSA-9652282,Drug-mediated inhibition of ERBB2 signaling,0.0017929784102773002,2,0.0008964892051386501
R-HSA-9656223,Signaling by RAF1 mutants,0.0109441182072087,15,0.00072960788048058
R-HSA-9658195,Leishmania infection,0.0210719285393264,41,0.0005139494765689365
R-HSA-9659379,Sensory processing of sound,0.0031465580043484,7,0.0004495082863354857
R-HSA-9659787,Aberrant regulation of mitotic G1/S transition in cancer due to RB1 defects,0.0021733345618461,5,0.00043466691236922
R-HSA-9660821,ADORA2B mediated anti-inflammatory cytokines production,0.0080453439182053,18,0.00044696355101140554
R-HSA-9660826,Purinergic signaling in leishmaniasis infection,0.0017160067459016,3,0.0005720022486338667
R-HSA-9661069,"Defective binding of RB1 mutants to E2F1,(E2F2, E2F3)",0.0021733345618461,5,0.00043466691236922
R-HSA-9661070,Defective translocation of RB1 mutants to the nucleus,0.000495478267738,1,0.000495478267738
R-HSA-9662001,Defective factor VIII causes hemophilia A,0.0003964526545309,1,0.0003964526545309
R-HSA-9662360,Sensory processing of sound by inner hair cells of the cochlea,0.0031465580043484,7,0.0004495082863354857
R-HSA-9662361,Sensory processing of sound by outer hair cells of the cochlea,0.0008804447822192,2,0.0004402223911096
R-HSA-9662834,CD163 mediating an anti-inflammatory response,0.0017865238842314,3,0.0005955079614104666
R-HSA-9662851,Anti-inflammatory response favouring Leishmania parasite infection,0.0158386274288993,31,0.0005109234654483645
R-HSA-9663199,Defective DNA double strand break response due to BRCA1 loss of function,0.0009330464791215999,2,0.00046652323956079995
R-HSA-9663891,Selective autophagy,0.0062074752595612,6,0.0010345792099268668
R-HSA-9664323,FCGR3A-mediated IL10 synthesis,0.0109016338143052,21,0.000519125419728819
R-HSA-9664407,Parasite infection,0.0070885874690359,12,0.0005907156224196584
R-HSA-9664417,Leishmania phagocytosis,0.0070885874690359,12,0.0005907156224196584
R-HSA-9664420,Killing mechanisms,0.0024058848824162,4,0.00060147122060405
R-HSA-9664422,FCGR3A-mediated phagocytosis,0.0070885874690359,12,0.0005907156224196584
R-HSA-9664424,Cell recruitment (pro-inflammatory response),0.0017160067459016,3,0.0005720022486338667
R-HSA-9664433,Leishmania parasite growth and survival,0.0158386274288993,31,0.0005109234654483645
R-HSA-9664565,Signaling by ERBB2 KD Mutants,0.0108525307959081,12,0.0009043775663256751
R-HSA-9664873,Pexophagy,0.0019096815971241998,2,0.0009548407985620999
R-HSA-9665230,Drug resistance in ERBB2 KD mutants,0.0017929784102773002,2,0.0008964892051386501
R-HSA-9665233,Resistance of ERBB2 KD mutants to trastuzumab,0.0017929784102773002,2,0.0008964892051386501
R-HSA-9665244,Resistance of ERBB2 KD mutants to sapitinib,0.0017929784102773002,2,0.0008964892051386501
R-HSA-9665245,Resistance of ERBB2 KD mutants to tesevatinib,0.0017929784102773002,2,0.0008964892051386501
R-HSA-9665246,Resistance of ERBB2 KD mutants to neratinib,0.0017929784102773002,2,0.0008964892051386501
R-HSA-9665247,Resistance of ERBB2 KD mutants to osimertinib,0.0017929784102773002,2,0.0008964892051386501
R-HSA-9665249,Resistance of ERBB2 KD mutants to afatinib,0.0017929784102773002,2,0.0008964892051386501
R-HSA-9665250,Resistance of ERBB2 KD mutants to AEE788,0.0017929784102773002,2,0.0008964892051386501
R-HSA-9665251,Resistance of ERBB2 KD mutants to lapatinib,0.0017929784102773002,2,0.0008964892051386501
R-HSA-9665348,Signaling by ERBB2 ECD mutants,0.0101091002314179,10,0.00101091002314179
R-HSA-9665686,Signaling by ERBB2 TMD/JMD mutants,0.0086855158059049,10,0.0008685515805904899
R-HSA-9665737,Drug resistance in ERBB2 TMD/JMD mutants,0.0017929784102773002,2,0.0008964892051386501
R-HSA-9669914,Dasatinib-resistant KIT mutants,0.0005415118630161,1,0.0005415118630161
R-HSA-9669917,Imatinib-resistant KIT mutants,0.0005415118630161,1,0.0005415118630161
R-HSA-9669921,KIT mutants bind TKIs,0.0005415118630161,1,0.0005415118630161
R-HSA-9669924,Masitinib-resistant KIT mutants,0.0005415118630161,1,0.0005415118630161
R-HSA-9669926,Nilotinib-resistant KIT mutants,0.0005415118630161,1,0.0005415118630161
R-HSA-9669929,Regorafenib-resistant KIT mutants,0.0005415118630161,1,0.0005415118630161
R-HSA-9669933,Signaling by kinase domain mutants of KIT,0.0005415118630161,1,0.0005415118630161
R-HSA-9669934,Sunitinib-resistant KIT mutants,0.0005415118630161,1,0.0005415118630161
R-HSA-9669935,Signaling by juxtamembrane domain KIT mutants,0.0005415118630161,1,0.0005415118630161
R-HSA-9669936,Sorafenib-resistant KIT mutants,0.0005415118630161,1,0.0005415118630161
R-HSA-9669937,Drug resistance of KIT mutants,0.0005415118630161,1,0.0005415118630161
R-HSA-9669938,Signaling by KIT in disease,0.0146494587434712,18,0.0008138588190817333
R-HSA-9670439,"Signaling by phosphorylated juxtamembrane, extracellular and kinase domain KIT mutants",0.0146494587434712,18,0.0008138588190817333
R-HSA-9671555,Signaling by PDGFR in disease,0.0081553856706092,10,0.0008155385670609199
R-HSA-9671793,Diseases of hemostasis,0.0008111939680753,2,0.00040559698403765
R-HSA-9672391,Defective F8 cleavage by thrombin,0.0003964526545309,1,0.0003964526545309
R-HSA-9672393,Defective F8 binding to von Willebrand factor,0.0003964526545309,1,0.0003964526545309
R-HSA-9673324,WNT5:FZD7-mediated leishmania damping,0.0024058848824162,4,0.00060147122060405
R-HSA-9673767,"Signaling by PDGFRA transmembrane, juxtamembrane and kinase domain mutants",0.0075230630085513,9,0.0008358958898390333
R-HSA-9673768,Signaling by membrane-tethered fusions of PDGFRA or PDGFRB,0.0006323226620579,1,0.0006323226620579
R-HSA-9673770,Signaling by PDGFRA extracellular domain mutants,0.0075230630085513,9,0.0008358958898390333
R-HSA-9674396,Imatinib-resistant PDGFR mutants,0.0003454385728232,1,0.0003454385728232
R-HSA-9674401,Sunitinib-resistant PDGFR mutants,0.0003454385728232,1,0.0003454385728232
R-HSA-9674403,Regorafenib-resistant PDGFR mutants,0.0003454385728232,1,0.0003454385728232
R-HSA-9674404,Sorafenib-resistant PDGFR mutants,0.0003454385728232,1,0.0003454385728232
R-HSA-9674415,Drug resistance of PDGFR mutants,0.0003454385728232,1,0.0003454385728232
R-HSA-9674428,PDGFR mutants bind TKIs,0.0003454385728232,1,0.0003454385728232
R-HSA-9674555,Signaling by CSF3 (G-CSF),0.0084031127246549,12,0.0007002593937212416
R-HSA-9675108,Nervous system development,0.0405517538724741,71,0.000571151462992593
R-HSA-9675126,Diseases of mitotic cell cycle,0.0026522097475263,6,0.00044203495792105
R-HSA-9675132,Diseases of cellular response to stress,0.0003539399169761,1,0.0003539399169761
R-HSA-9675135,Diseases of DNA repair,0.0040945371977669,10,0.00040945371977668996
R-HSA-9675136,Diseases of DNA Double-Strand Break Repair,0.0040945371977669,10,0.00040945371977668996
R-HSA-9675151,Disorders of Developmental Biology,0.0007920697157601,2,0.00039603485788005
R-HSA-9678108,SARS-CoV-1 Infection,0.007358881563228,11,0.0006689892330207273
R-HSA-9679191,Potential therapeutics for SARS,0.0093278292989584,16,0.0005829893311849
R-HSA-9679506,SARS-CoV Infections,0.0251576930026037,46,0.0005469063696218196
R-HSA-9679514,SARS-CoV-1 Genome Replication and Transcription,0.000495478267738,1,0.000495478267738
R-HSA-9680187,Signaling by extracellular domain mutants of KIT,0.0005415118630161,1,0.0005415118630161
R-HSA-9680350,Signaling by CSF1 (M-CSF) in myeloid cells,0.0132411711336352,16,0.0008275731958522
R-HSA-9682385,FLT3 signaling in disease,0.0103445468253964,12,0.0008620455687830333
R-HSA-9682706,Replication of the SARS-CoV-1 genome,0.000495478267738,1,0.000495478267738
R-HSA-9683683,Maturation of protein E,0.0013902905273324,1,0.0013902905273324
R-HSA-9683701,Translation of Structural Proteins,0.0013902905273324,1,0.0013902905273324
R-HSA-9686114,Non-canonical inflammasome activation,0.0005736040514136,1,0.0005736040514136
R-HSA-9687136,Aberrant regulation of mitotic exit in cancer due to RB1 defects,0.0009743534534182,2,0.0004871767267091
R-HSA-9687139,Aberrant regulation of mitotic cell cycle due to RB1 defects,0.0026522097475263,6,0.00044203495792105
R-HSA-9690406,Transcriptional regulation of testis differentiation,0.000723048870799,2,0.0003615244353995
R-HSA-9692914,SARS-CoV-1-host interactions,0.00686340329549,10,0.000686340329549
R-HSA-9692916,SARS-CoV-1 activates/modulates innate immune responses,0.002502833496409,4,0.00062570837410225
R-HSA-9693928,Defective RIPK1-mediated regulated necrosis,0.0003997091202956,1,0.0003997091202956
R-HSA-9694493,Maturation of protein E,0.0013902905273324,1,0.0013902905273324
R-HSA-9694516,SARS-CoV-2 Infection,0.0147825111894839,29,0.0005097417651546173
R-HSA-9694614,Attachment and Entry,0.0037804401023974997,10,0.00037804401023975
R-HSA-9694635,Translation of Structural Proteins,0.0013902905273324,1,0.0013902905273324
R-HSA-9694682,SARS-CoV-2 Genome Replication and Transcription,0.000495478267738,1,0.000495478267738
R-HSA-9694686,Replication of the SARS-CoV-2 genome,0.000495478267738,1,0.000495478267738
R-HSA-9696264,RND3 GTPase cycle,0.0023293959481587,3,0.0007764653160529
R-HSA-9696270,RND2 GTPase cycle,0.0023293959481587,3,0.0007764653160529
R-HSA-9696273,RND1 GTPase cycle,0.0023293959481587,3,0.0007764653160529
R-HSA-9697154,Disorders of Nervous System Development,0.0007920697157601,2,0.00039603485788005
R-HSA-9699150,Defective DNA double strand break response due to BARD1 loss of function,0.0009330464791215999,2,0.00046652323956079995
R-HSA-9700206,Signaling by ALK in cancer,0.0153984718629469,22,0.0006999305392248591
R-HSA-9700645,ALK mutants bind TKIs,0.0017846176199497999,3,0.0005948725399832666
R-HSA-9701190,Defective homologous recombination repair (HRR) due to BRCA2 loss of function,0.0040945371977669,10,0.00040945371977668996
R-HSA-9701192,Defective homologous recombination repair (HRR) due to BRCA1 loss of function,0.0033540697389721,8,0.0004192587173715125
R-HSA-9701193,Defective homologous recombination repair (HRR) due to PALB2 loss of function,0.0033540697389721,8,0.0004192587173715125
R-HSA-9701898,STAT3 nuclear events downstream of ALK signaling,0.0028767076299433003,4,0.0007191769074858251
R-HSA-9702518,STAT5 activation downstream of FLT3 ITD mutants,0.0023092224877298,4,0.00057730562193245
R-HSA-9703465,Signaling by FLT3 fusion proteins,0.0073651993603439,9,0.0008183554844826556
R-HSA-9703648,Signaling by FLT3 ITD and TKD mutants,0.008328176249715,10,0.0008328176249715
R-HSA-9704331,Defective HDR through Homologous Recombination Repair (HRR) due to PALB2 loss of BRCA1 binding function,0.0033540697389721,8,0.0004192587173715125
R-HSA-9704646,Defective HDR through Homologous Recombination Repair (HRR) due to PALB2 loss of BRCA2/RAD51/RAD51C binding function,0.0033540697389721,8,0.0004192587173715125
R-HSA-9705462,Inactivation of CSF3 (G-CSF) signaling,0.0064523307177817,10,0.0006452330717781699
R-HSA-9705671,SARS-CoV-2 activates/modulates innate and adaptive immune responses,0.0072402145584375,11,0.0006582013234943182
R-HSA-9705677,SARS-CoV-2 targets PDZ proteins in cell-cell junction,0.0008299949442312,2,0.0004149974721156
R-HSA-9705683,SARS-CoV-2-host interactions,0.0105065928193484,18,0.0005836996010749111
R-HSA-9706369,Negative regulation of FLT3,0.0023634299809008,3,0.0007878099936336
R-HSA-9706374,FLT3 signaling through SRC family kinases,0.0026422070100437,4,0.000660551752510925
R-HSA-9706377,FLT3 signaling by CBL mutants,0.0020163705756814,2,0.0010081852878407
R-HSA-9706574,RHOBTB GTPase Cycle,0.0011207536784544,1,0.0011207536784544
R-HSA-9707564,Cytoprotection by HMOX1,0.0039297612793354,8,0.000491220159916925
R-HSA-9707616,Heme signaling,0.0068511677878711,13,0.0005270129067593154
R-HSA-9708530,Regulation of BACH1 activity,0.0013902905273324,1,0.0013902905273324
R-HSA-9709275,Impaired BRCA2 translocation to the nucleus,0.0003250736550745,1,0.0003250736550745
R-HSA-9709570,Impaired BRCA2 binding to RAD51,0.0037690228503404997,9,0.00041878031670449997
R-HSA-9709603,Impaired BRCA2 binding to PALB2,0.0033540697389721,8,0.0004192587173715125
R-HSA-9709957,Sensory Perception,0.0114616927077294,28,0.00040934616813319285
R-HSA-9710421,Defective pyroptosis,0.0012330195995878001,3,0.00041100653319593337
R-HSA-9711097,Cellular response to starvation,0.0020839257568064998,3,0.0006946419189354999
R-HSA-9711123,Cellular response to chemical stress,0.0125084949339656,22,0.0005685679515438908
R-HSA-9716542,"Signaling by Rho GTPases, Miro GTPases and RHOBTB3",0.0316956417099887,59,0.000537214266270995
R-HSA-9717189,Sensory perception of taste,0.0006325123259313,2,0.00031625616296565
R-HSA-9717207,"Sensory perception of sweet, bitter, and umami (glutamate) taste",0.0006325123259313,2,0.00031625616296565
R-HSA-9723905,Loss of function of TP53 in cancer due to loss of tetramerization ability,0.001847595580498,1,0.001847595580498
R-HSA-9723907,Loss of Function of TP53 in Cancer,0.001847595580498,1,0.001847595580498
R-HSA-9725370,Signaling by ALK fusions and activated point mutants,0.0153984718629469,22,0.0006999305392248591
R-HSA-9725371,Nuclear events stimulated by ALK signaling in cancer,0.002944453179635,6,0.0004907421966058334
R-HSA-9725554,Differentiation of Keratinocytes in Interfollicular Epidermis in Mammalian Skin,0.0030438197167336,5,0.00060876394334672
R-HSA-9730414,MITF-M-regulated melanocyte development,0.0130750260528177,27,0.00048426022417843333
R-HSA-9732724,IFNG signaling activates MAPKs,0.0018239083708900998,3,0.0006079694569633666
R-HSA-9733458,Induction of Cell-Cell Fusion,0.0002918125492566,1,0.0002918125492566
R-HSA-9733709,Cardiogenesis,0.0011055325181084001,3,0.00036851083936946673
R-HSA-9734009,Defective Intrinsic Pathway for Apoptosis,0.0055328171642023,8,0.0006916021455252875
R-HSA-9734091,Drug-mediated inhibition of MET activation,0.0009323844750777,2,0.00046619223753885
R-HSA-9734767,Developmental Cell Lineages,0.0142785697536791,26,0.0005491757597568884
R-HSA-9734779,Developmental Cell Lineages of the Integumentary System,0.0081702256867253,12,0.0006808521405604417
R-HSA-9735869,SARS-CoV-1 modulates host translation machinery,0.0017881587461084998,2,0.0008940793730542499
R-HSA-9735871,SARS-CoV-1 targets host intracellular signalling and regulatory pathways,0.0039627015803049,5,0.0007925403160609801
R-HSA-9748784,Drug ADME,0.0018579502128523,4,0.000464487553213075
R-HSA-9748787,Azathioprine ADME,0.0004034005166203,1,0.0004034005166203
R-HSA-9749641,Aspirin ADME,0.0014545496962319999,3,0.00048484989874399994
R-HSA-975110,TRAF6 mediated IRF7 activation in TLR7/8 or 9 signaling,0.0013902905273324,1,0.0013902905273324
R-HSA-975138,TRAF6 mediated induction of NFkB and MAP kinases upon TLR7/8 or 9 activation,0.0104725398296052,16,0.000654533739350325
R-HSA-975144,IRAK1 recruits IKK complex upon TLR7/8 or 9 stimulation,0.0018885915950828999,2,0.0009442957975414499
R-HSA-975155,MyD88 dependent cascade initiated on endosome,0.0104725398296052,16,0.000654533739350325
R-HSA-975163,IRAK2 mediated activation of TAK1 complex upon TLR7/8 or 9 stimulation,0.0019703177699748,2,0.0009851588849874
R-HSA-9753281,Paracetamol ADME,0.0003045307278802,1,0.0003045307278802
R-HSA-9753510,Signaling by RAS GAP mutants,0.0032004812046772,3,0.0010668270682257332
R-HSA-9753512,Signaling by RAS GTPase mutants,0.0032004812046772,3,0.0010668270682257332
R-HSA-9754119,Drug-mediated inhibition of CDK4/CDK6 activity,0.0006452046163612,1,0.0006452046163612
R-HSA-9754189,Germ layer formation at gastrulation,0.0032507377854606,6,0.0005417896309101
R-HSA-9754678,SARS-CoV-2 modulates host translation machinery,0.0017881587461084998,2,0.0008940793730542499
R-HSA-9754706,Atorvastatin ADME,0.0004153390287575,1,0.0004153390287575
R-HSA-9755511,KEAP1-NFE2L2 pathway,0.0081811587285621,13,0.0006293199021970847
R-HSA-9755779,SARS-CoV-2 targets host intracellular signalling and regulatory pathways,0.0020385150979036,4,0.0005096287744759
R-HSA-975634,Retinoid metabolism and transport,0.005529544230981,14,0.00039496744507007143
R-HSA-9757110,Prednisone ADME,0.0011500189683517998,2,0.0005750094841758999
R-HSA-9758274,Regulation of NF-kappa B signaling,0.0041358962958765,4,0.001033974073969125
R-HSA-975871,MyD88 cascade initiated on plasma membrane,0.0098925125869628,15,0.0006595008391308534
R-HSA-9758890,Transport of RCbl within the body,0.00029719792201,1,0.00029719792201
R-HSA-9758919,Epithelial-Mesenchymal Transition (EMT) during gastrulation,0.000453247265594,1,0.000453247265594
R-HSA-9758920,Formation of lateral plate mesoderm,0.0011820313068636001,3,0.00039401043562120006
R-HSA-9758941,Gastrulation,0.009627768884261,18,0.0005348760491256111
R-HSA-9759194,Nuclear events mediated by NFE2L2,0.0063990580568712,9,0.0007110064507634666
R-HSA-9759475,Regulation of CDH11 Expression and Function,0.000402367078256,1,0.000402367078256
R-HSA-9759476,Regulation of Homotypic Cell-Cell Adhesion,0.0102288326206619,16,0.0006393020387913688
R-HSA-975956,Nonsense Mediated Decay (NMD) independent of the Exon Junction Complex (EJC),0.0017881587461084998,2,0.0008940793730542499
R-HSA-975957,Nonsense Mediated Decay (NMD) enhanced by the Exon Junction Complex (EJC),0.0017881587461084998,2,0.0008940793730542499
R-HSA-9761174,Formation of intermediate mesoderm,0.0009513064793542,2,0.0004756532396771
R-HSA-9762114,GSK3B and BTRC:CUL1-mediated-degradation of NFE2L2,0.0017433768537233,2,0.00087168842686165
R-HSA-9762292,Regulation of CDH11 function,0.000402367078256,1,0.000402367078256
R-HSA-9763198,Impaired BRCA2 binding to SEM1 (DSS1),0.0003250736550745,1,0.0003250736550745
R-HSA-9764260,Regulation of Expression and Function of Type II Classical Cadherins,0.0007601664225205999,2,0.00038008321126029997
R-HSA-9764265,Regulation of CDH1 Expression and Function,0.0098710332763973,15,0.0006580688850931533
R-HSA-9764274,Regulation of Expression and Function of Type I Classical Cadherins,0.0098710332763973,15,0.0006580688850931533
R-HSA-9764302,Regulation of CDH19 Expression and Function,0.0007601664225205999,2,0.00038008321126029997
R-HSA-9764560,Regulation of CDH1 Gene Transcription,0.0026080757157806002,6,0.00043467928596343337
R-HSA-9764561,Regulation of CDH1 Function,0.0061732724230998005,7,0.0008818960604428287
R-HSA-9764562,Regulation of CDH1 mRNA translation by microRNAs,0.0007978725882603,1,0.0007978725882603
R-HSA-9764725,Negative Regulation of CDH1 Gene Transcription,0.0021125974480426003,5,0.00042251948960852007
R-HSA-9764790,Positive Regulation of CDH1 Gene Transcription,0.000495478267738,1,0.000495478267738
R-HSA-9766229,Degradation of CDH1,0.005313556488395,5,0.001062711297679
R-HSA-9768727,Regulation of CDH1 posttranslational processing and trafficking to plasma membrane,0.0006941796275126,2,0.0003470898137563
R-HSA-9768759,Regulation of NPAS4 gene expression,0.0007475039356156,2,0.0003737519678078
R-HSA-9768777,Regulation of NPAS4 gene transcription,0.0007475039356156,2,0.0003737519678078
R-HSA-9768919,NPAS4 regulates expression of target genes,0.0021000010294778,4,0.00052500025736945
R-HSA-9770562,mRNA Polyadenylation,0.00199468965356,2,0.00099734482678
R-HSA-977068,Termination of O-glycan biosynthesis,0.0010312736612904999,3,0.0003437578870968333
R-HSA-977225,Amyloid fiber formation,0.004551014420156,8,0.0005688768025195
R-HSA-9772572,Early SARS-CoV-2 Infection Events,0.0042759183701355,11,0.00038871985183049995
R-HSA-9772573,Late SARS-CoV-2 Infection Events,0.001682103076589,2,0.0008410515382945
R-HSA-9772755,Formation of WDR5-containing histone-modifying complexes,0.000533879563618,1,0.000533879563618
R-HSA-977443,GABA receptor activation,0.0049771749308345,13,0.0003828596100641923
R-HSA-977444,GABA B receptor activation,0.0049771749308345,13,0.0003828596100641923
R-HSA-977606,Regulation of Complement cascade,0.0010655058249719,3,0.00035516860832396666
R-HSA-9793380,Formation of paraxial mesoderm,0.004197416687459,7,0.0005996309553512857
R-HSA-9793528,Ciprofloxacin ADME,0.0007346799395943,1,0.0007346799395943
R-HSA-9796292,Formation of axial mesoderm,0.0019843040571,4,0.000496076014275
R-HSA-9816359,Maternal to zygotic transition (MZT),0.0036051203380822,3,0.0012017067793607334
R-HSA-9818026,NFE2L2 regulating inflammation associated genes,0.0017565954062931,2,0.00087829770314655
R-HSA-9818027,NFE2L2 regulating anti-oxidant/detoxification enzymes,0.0013951846487226,1,0.0013951846487226
R-HSA-9818028,NFE2L2 regulates pentose phosphate pathway genes,0.0013951846487226,1,0.0013951846487226
R-HSA-9818030,NFE2L2 regulating tumorigenic genes,0.003142457940341,4,0.00078561448508525
R-HSA-9818032,NFE2L2 regulating MDR associated enzymes,0.0013951846487226,1,0.0013951846487226
R-HSA-9818035,NFE2L2 regulating ER-stress associated genes,0.0013951846487226,1,0.0013951846487226
R-HSA-9818564,Epigenetic regulation of gene expression by MLL3 and MLL4 complexes,0.0074556660526813,15,0.0004970444035120867
R-HSA-9818749,Regulation of NFE2L2 gene expression,0.0028821243619406,3,0.0009607081206468667
R-HSA-9819196,Zygotic genome activation (ZGA),0.0036051203380822,3,0.0012017067793607334
R-HSA-9820448,Developmental Cell Lineages of the Exocrine Pancreas,0.0072401262675514996,16,0.0004525078917219687
R-HSA-9820952,Respiratory Syncytial Virus Infection Pathway,0.0126038491256346,20,0.00063019245628173
R-HSA-9820960,Respiratory syncytial virus (RSV) attachment and entry,0.006003886144773,12,0.00050032384539775
R-HSA-9820962,Assembly and release of respiratory syncytial virus (RSV) virions,0.0011207536784544,1,0.0011207536784544
R-HSA-9820965,"Respiratory syncytial virus (RSV) genome replication, transcription and translation",0.0026653878119147,4,0.000666346952978675
R-HSA-9823587,Defects of platelet adhesion to exposed collagen,0.0008111939680753,2,0.00040559698403765
R-HSA-9823730,Formation of definitive endoderm,0.0021711698700097,4,0.000542792467502425
R-HSA-9823739,Formation of the anterior neural plate,0.0019417104736477,4,0.000485427618411925
R-HSA-9824272,Somitogenesis,0.001053347363041,2,0.0005266736815205
R-HSA-9824439,Bacterial Infection Pathways,0.010912767073142,17,0.0006419274748907059
R-HSA-9824443,Parasitic Infection Pathways,0.0210719285393264,41,0.0005139494765689365
R-HSA-9824446,Viral Infection Pathways,0.043140537675658,81,0.0005325992305636791
R-HSA-9824585,Regulation of MITF-M-dependent genes involved in pigmentation,0.0010206167977763001,3,0.0003402055992587667
R-HSA-9824594,Regulation of MITF-M-dependent genes involved in apoptosis,0.0002887640749246,1,0.0002887640749246
R-HSA-9824878,"Regulation of TBK1, IKKε (IKBKE)-mediated activation of IRF3, IRF7 ",0.0019703177699748,2,0.0009851588849874
R-HSA-9825892,Regulation of MITF-M-dependent genes involved in cell cycle and proliferation,0.0040505232499442,8,0.000506315406243025
R-HSA-9825895,"Regulation of MITF-M-dependent genes involved in DNA replication, damage repair and senescence",0.0014601630641631,3,0.0004867210213877
R-HSA-982772,Growth hormone receptor signaling,0.004389763561924,8,0.0005487204452405
R-HSA-9827857,Specification of primordial germ cells,0.0019073979689495,4,0.000476849492237375
R-HSA-9828211,"Regulation of TBK1, IKKε-mediated activation of IRF3, IRF7 upon TLR3 ligation",0.0013902905273324,1,0.0013902905273324
R-HSA-9828642,Respiratory syncytial virus genome transcription,0.0006484224579761,1,0.0006484224579761
R-HSA-9828806,Maturation of hRSV A proteins,0.0008962116754842001,2,0.00044810583774210005
R-HSA-9830364,Formation of the nephric duct,0.0012516515048313,3,0.0004172171682771
R-HSA-9830369,Kidney development,0.0027680039460764,5,0.0005536007892152801
R-HSA-9830674,Formation of the ureteric bud,0.0018925773108548001,3,0.0006308591036182667
R-HSA-983168,Antigen processing: Ubiquitination & Proteasome degradation,0.003118610823808,5,0.0006237221647616
R-HSA-983169,Class I MHC mediated antigen processing & presentation,0.0066198637658068,13,0.0005092202896774462
R-HSA-983170,"Antigen Presentation: Folding, assembly and peptide loading of class I MHC",0.0007142931372233,2,0.00035714656861165
R-HSA-983189,Kinesins,0.0035707056717864,8,0.0004463382089733
R-HSA-983231,Factors involved in megakaryocyte development and platelet production,0.0097720202785454,18,0.0005428900154747444
R-HSA-9832991,Formation of the posterior neural plate,0.0010313893572237,2,0.00051569467861185
R-HSA-9833109,Evasion by RSV of host interferon responses,0.0034103246940161997,3,0.0011367748980054
R-HSA-9833110,RSV-host interactions,0.0079964362288016,14,0.0005711740163429714
R-HSA-9833482,PKR-mediated signaling,0.0054974354689284,7,0.0007853479241326285
R-HSA-9833576,CDH11 homotypic and heterotypic interactions,0.000402367078256,1,0.000402367078256
R-HSA-9834752,Respiratory syncytial virus genome replication,0.0011207536784544,1,0.0011207536784544
R-HSA-9834899,Specification of the neural plate border,0.0019572077802316,4,0.0004893019450579
R-HSA-983695,Antigen activates B Cell Receptor (BCR) leading to generation of second messengers,0.0068631859503714004,12,0.00057193216253095
R-HSA-983705,Signaling by the B Cell Receptor (BCR),0.0132449776195991,20,0.0006622488809799549
R-HSA-983712,Ion channel transport,0.0029084055786858,5,0.00058168111573716
R-HSA-9837999,Mitochondrial protein degradation,0.0007600670673291,1,0.0007600670673291
R-HSA-9839373,Signaling by TGFBR3,0.0053447022163917,9,0.0005938558018213
R-HSA-9839389,TGFBR3 regulates TGF-beta signaling,0.0012860409186321,3,0.00042868030621070005
R-HSA-9839394,TGFBR3 expression,0.003169290892614,4,0.0007923227231535
R-HSA-9839397,TGFBR3 regulates FGF2 signaling,0.0005750816097445,1,0.0005750816097445
R-HSA-9839406,TGFBR3 regulates activin signaling,0.0003142887954011,1,0.0003142887954011
R-HSA-9839923,Dengue Virus Infection,0.014065106859585,28,0.0005023252449851786
R-HSA-9841251,Mitochondrial unfolded protein response (UPRmt),0.0018396431287885,3,0.0006132143762628333
R-HSA-9841922,MLL4 and MLL3 complexes regulate expression of PPARG target genes in adipogenesis and hepatic steatosis,0.0074556660526813,15,0.0004970444035120867
R-HSA-9842640,Signaling by LTK in cancer,0.0025653365774341,3,0.0008551121924780334
R-HSA-9842663,Signaling by LTK,0.0036478475885396,5,0.0007295695177079199
R-HSA-9842860,Regulation of endogenous retroelements,0.0009822929877343,2,0.00049114649386715
R-HSA-9843743,Transcriptional regulation of brown and beige adipocyte differentiation,0.0036331907406778,7,0.0005190272486682571
R-HSA-9843745,Adipogenesis,0.0096947249150743,20,0.00048473624575371495
R-HSA-9843940,Regulation of endogenous retroelements by KRAB-ZFP proteins,0.0009822929877343,2,0.00049114649386715
R-HSA-9844594,Transcriptional regulation of brown and beige adipocyte differentiation by EBF2,0.0036331907406778,7,0.0005190272486682571
R-HSA-9845323,Regulation of endogenous retroelements by Piwi-interacting RNAs (piRNAs),0.0009822929877343,2,0.00049114649386715
R-HSA-9845619,Enhanced cleavage of VWF variant by ADAMTS13,0.0008111939680753,2,0.00040559698403765
R-HSA-9845620,Enhanced binding of GP1BA variant to VWF multimer:collagen ,0.0008111939680753,2,0.00040559698403765
R-HSA-9845621,Defective VWF cleavage by ADAMTS13 variant,0.0008111939680753,2,0.00040559698403765
R-HSA-9845622,Defective VWF binding to collagen type I ,0.0008111939680753,2,0.00040559698403765
R-HSA-9846298,Defective binding of VWF variant to GPIb:IX:V,0.0008111939680753,2,0.00040559698403765
R-HSA-9851695,Epigenetic regulation of adipogenesis genes by MLL3 and MLL4 complexes,0.0074556660526813,15,0.0004970444035120867
R-HSA-9854907,Regulation of MITF-M dependent genes involved in metabolism,0.0004777635815174,1,0.0004777635815174
R-HSA-9855142,Cellular responses to mechanical stimuli,0.0193197241095645,37,0.0005221547056639054
R-HSA-9856530,High laminar flow shear stress activates signaling by PIEZO1 and PECAM1:CDH5:KDR in endothelial cells,0.0124938420359286,26,0.00048053238599725384
R-HSA-9856532,Mechanical load activates signaling by PIEZO1 and integrins in osteocytes,0.0037302258254811003,6,0.0006217043042468501
R-HSA-9856649,Transcriptional and post-translational regulation of MITF-M expression and activity,0.0061866536807644,12,0.0005155544733970334
R-HSA-9856651,MITF-M-dependent gene expression,0.0082563083347512,18,0.0004586837963750666
R-HSA-9856872,Malate-aspartate shuttle,0.000302552549762,1,0.000302552549762
R-HSA-9860276,SLC15A4:TASL-dependent IRF5 activation,0.0004983010677505,1,0.0004983010677505
R-HSA-9860927,"Turbulent (oscillatory, disturbed) flow shear stress activates signaling by PIEZO1 and integrins in endothelial cells",0.0078014789811089,12,0.0006501232484257417
R-HSA-9860931,Response of endothelial cells to shear stress,0.0185146613982426,35,0.0005289903256640743
R-HSA-9861718,Regulation of pyruvate metabolism,0.0013902905273324,1,0.0013902905273324
R-HSA-9909396,Circadian clock,0.0084259412492651,15,0.0005617294166176733
R-HSA-9909505,Modulation of host responses by IFN-stimulated genes,0.0004983010677505,1,0.0004983010677505
R-HSA-9909615,Regulation of PD-L1(CD274) Post-translational modification,0.0034041724774834,5,0.00068083449549668
R-HSA-9909648,Regulation of PD-L1(CD274) expression,0.0109310661997989,17,0.0006430038941058177
R-HSA-9909649,Regulation of PD-L1(CD274) transcription,0.0075268937223155,12,0.0006272411435262916
R-HSA-9913351,Formation of the dystrophin-glycoprotein complex (DGC),0.0029999929308087998,8,0.00037499911635109997
R-HSA-991365,Activation of GABAB receptors,0.0049771749308345,13,0.0003828596100641923
R-HSA-9917777,Epigenetic regulation by WDR5-containing histone modifying complexes,0.0079895456162993,16,0.0004993466010187063
R-HSA-9918432,Maturation of DENV proteins,0.0030732695405463,6,0.00051221159009105
R-HSA-9918476,Assembly and Release of Dengue Virus Virions,0.0009749275584902,2,0.0004874637792451
R-HSA-9918481,Dengue Virus-Host Interactions,0.009375503665217,20,0.00046877518326085
R-HSA-9918485,Dengue Virus Attachment and Entry,0.0046099800806967,10,0.00046099800806967
R-HSA-9918487,Dengue Virus Genome Translation and Replication,0.0037216919985224002,7,0.0005316702855032
R-HSA-9920588,Dengue virus activates/modulates innate and adaptive immune responses,0.0019068731105249001,3,0.0006356243701749667
R-HSA-9920951,Dengue virus modulates apoptosis,0.0004244962792256,1,0.0004244962792256
R-HSA-9924644,Developmental Lineages of the Mammary Gland,0.007431467886097,10,0.0007431467886097
R-HSA-9925561,Developmental Lineage of Pancreatic Acinar Cells,0.000723048870799,2,0.0003615244353995
R-HSA-9925563,Developmental Lineage of Pancreatic Ductal Cells,0.0049711220539936,12,0.00041426017116613336
R-HSA-9926550,"Regulation of MITF-M-dependent genes involved in extracellular matrix, focal adhesion and epithelial-to-mesenchymal transition",0.0013227578045089,3,0.0004409192681696333
R-HSA-9927353,Co-inhibition by BTLA,0.0014138781802156,2,0.0007069390901078
R-HSA-9927354,Co-stimulation by ICOS,0.003279744170593,5,0.0006559488341186
R-HSA-9927418,Developmental Lineage of Mammary Gland Luminal Epithelial Cells,0.0056033968932006,8,0.000700424611650075
R-HSA-9927426,Developmental Lineage of Mammary Gland Alveolar Cells,0.0022728792899362003,4,0.0005682198224840501
R-HSA-9927432,Developmental Lineage of Mammary Gland Myoepithelial Cells,0.0052049488529988,6,0.0008674914754998
R-HSA-9929356,GSK3B-mediated proteasomal degradation of PD-L1(CD274),0.002134118343161,3,0.0007113727810536667
R-HSA-9929491,SPOP-mediated proteasomal degradation of PD-L1(CD274),0.0020354951436936,2,0.0010177475718468
R-HSA-9931269,AMPK-induced ERAD and lysosome mediated degradation of PD-L1(CD274),0.0013902905273324,1,0.0013902905273324
R-HSA-9931295,PD-L1(CD274) glycosylation and translocation to plasma membrane,0.0020151400452936,2,0.0010075700226468
R-HSA-9931509,"Expression of BMAL (ARNTL), CLOCK, and NPAS2",0.0053637965806791,10,0.00053637965806791
R-HSA-9931529,Phosphorylation and nuclear translocation of BMAL1 (ARNTL) and CLOCK,0.0003947116364672,1,0.0003947116364672
R-HSA-9931530,Phosphorylation and nuclear translocation of the CRY:PER:kinase complex,0.0009991107626948,2,0.0004995553813474
R-HSA-9931953,Biofilm formation,0.0020183010817119,4,0.000504575270427975
R-HSA-9932298,Degradation of CRY and PER proteins,0.0017433768537233,2,0.00087168842686165
R-HSA-9933387,"RORA,B,C and NR1D1 (REV-ERBA) regulate gene expression",0.005387686622149,10,0.0005387686622149
R-HSA-9937080,Developmental Lineage of Multipotent Pancreatic Progenitor Cells,0.0029920530843569,6,0.0004986755140594833
R-HSA-9938206,Developmental Lineage of Mammary Stem Cells,0.0032081258193205,5,0.0006416251638641
R-HSA-9942503,Differentiation of naive CD+ T cells to T helper 1 cells (Th1 cells),0.0015293417778421,3,0.0005097805926140333
R-HSA-9945266,Differentiation of T cells,0.0015293417778421,3,0.0005097805926140333
R-HSA-9948299,Ribosome-associated quality control,0.0017881587461084998,2,0.0008940793730542499
R-HSA-9953170,GBP-mediated host defense,0.0005960877458368,2,0.0002980438729184
R-HSA-9954709,Ribosome Quality Control (RQC) complex extracts and degrades nascent peptide,0.0013902905273324,1,0.0013902905273324
R-HSA-9954714,PELO:HBS1L and ABCE1 dissociate a ribosome on a non-stop mRNA,0.0017881587461084998,2,0.0008940793730542499
R-HSA-9954716,ZNF598 and the Ribosome-associated Quality Trigger (RQT) complex dissociate a ribosome stalled on a no-go mRNA,0.0017881587461084998,2,0.0008940793730542499
R-HSA-9956593,Enterobacterial factors antagonize host defense ,0.0013902905273324,1,0.0013902905273324
R-HSA-9958863,SLC-mediated transport of amino acids,0.0002970880953491,1,0.0002970880953491
R-HSA-9960519,CASP4-mediated substrate cleavage,0.0005736040514136,1,0.0005736040514136
R-HSA-9960525,CASP5-mediated substrate cleavage,0.0005736040514136,1,0.0005736040514136
R-HSA-9968551,Regulation of GBP-mediated host defense,0.0003042751965802,1,0.0003042751965802
R-HSA-997272,Inhibition  of voltage gated Ca2+ channels via Gbeta/gamma subunits,0.002396801929918,6,0.0003994669883196666
