reactome_id,pathway_name,pagerank_sum,n_genes,tnbc_pathway_score
R-HSA-1059683,Interleukin-6 signaling,0.0043626790539714995,6,0.0007271131756619166
R-HSA-109581,Apoptosis,0.007954255830376001,13,0.0006118658331058462
R-HSA-109582,Hemostasis,0.0560746760020788,105,0.0005340445333531314
R-HSA-109606,Intrinsic Pathway for Apoptosis,0.0047165755432552,8,0.0005895719429069
R-HSA-109704,PI3K Cascade,0.0054643538131238,9,0.0006071504236804222
R-HSA-110056,MAPK3 (ERK1) activation,0.0041365719915734,5,0.0008273143983146801
R-HSA-110312,Translesion synthesis by REV1,0.0027589224054248,4,0.0006897306013562
R-HSA-110313,Translesion synthesis by Y family DNA polymerases bypasses lesions on DNA template,0.0034177541826661,6,0.0005696256971110166
R-HSA-110314,Recognition of DNA damage by PCNA-containing replication complex,0.0038016382972598,7,0.0005430911853228286
R-HSA-110320,Translesion Synthesis by POLH,0.0027589224054248,4,0.0006897306013562
R-HSA-110362,POLB-Dependent Long Patch Base Excision Repair,0.0007356077389128999,2,0.00036780386945644997
R-HSA-110373,Resolution of AP sites via the multiple-nucleotide patch replacement pathway,0.0027642919044671,7,0.0003948988434953
R-HSA-111367,SLBP independent Processing of Histone Pre-mRNAs,0.0002974535065089,1,0.0002974535065089
R-HSA-111446,Activation of BIM and translocation to mitochondria ,0.0006805384037901,1,0.0006805384037901
R-HSA-111447,Activation of BAD and translocation to mitochondria ,0.001487557984579,4,0.00037188949614475
R-HSA-111448,Activation of NOXA and translocation to mitochondria,0.0021978842557346,2,0.0010989421278673
R-HSA-111453,BH3-only proteins associate with and inactivate anti-apoptotic BCL-2 members,0.0002986950360974,1,0.0002986950360974
R-HSA-111465,Apoptotic cleavage of cellular proteins,0.0008219769249333,2,0.00041098846246665
R-HSA-111471,Apoptotic factor-mediated response,0.0003505948991515,1,0.0003505948991515
R-HSA-111885,Opioid Signalling,0.0120842732383212,28,0.0004315811870829
R-HSA-111931,PKA-mediated phosphorylation of CREB,0.0029684283085177,8,0.0003710535385647125
R-HSA-111932,CaMK IV-mediated phosphorylation of CREB,0.0014960429260309,4,0.000374010731507725
R-HSA-111933,Calmodulin induced events,0.0058224574442206,15,0.00038816382961470665
R-HSA-111996,Ca-dependent events,0.0058224574442206,15,0.00038816382961470665
R-HSA-111997,CaM pathway,0.0058224574442206,15,0.00038816382961470665
R-HSA-112040,G-protein mediated events,0.0088944474088762,21,0.00042354511470839046
R-HSA-112043,PLC beta mediated events,0.0078528641127665,19,0.00041330863751402636
R-HSA-112310,Neurotransmitter release cycle,0.0046205518133773,11,0.0004200501648524818
R-HSA-112314,Neurotransmitter receptors and postsynaptic signal transmission,0.0207250345924338,41,0.0005054886485959464
R-HSA-112315,Transmission across Chemical Synapses,0.024655286683964498,50,0.0004931057336792899
R-HSA-112316,Neuronal System,0.0263652045638712,55,0.00047936735570674907
R-HSA-112399,IRS-mediated signalling,0.0092891299163592,13,0.0007145484551045538
R-HSA-112409,RAF-independent MAPK1/3 activation,0.0041365719915734,5,0.0008273143983146801
R-HSA-112411,MAPK1 (ERK2) activation,0.0030367409348064,4,0.0007591852337016
R-HSA-112412,SOS-mediated signalling,0.0042771133797547,5,0.00085542267595094
R-HSA-113501,Inhibition of replication initiation of damaged DNA by RB1/E2F1,0.0008710461105499,2,0.00043552305527495
R-HSA-113507,E2F-enabled inhibition of pre-replication complex formation,0.0019030194298936,2,0.0009515097149468
R-HSA-113510,E2F mediated regulation of DNA replication,0.0027740655404435,4,0.000693516385110875
R-HSA-114452,Activation of BH3-only proteins,0.0043659806441037,7,0.0006237115205862429
R-HSA-114508,Effects of PIP2 hydrolysis,0.0010796290578407,3,0.0003598763526135667
R-HSA-114516,Disinhibition of SNARE formation,0.0014953768836594998,3,0.0004984589612198332
R-HSA-114604,GPVI-mediated activation cascade,0.0097651247811799,17,0.0005744191047752882
R-HSA-114608,Platelet degranulation ,0.0111132660925327,22,0.0005051484587514864
R-HSA-1168372,Downstream signaling events of B Cell Receptor (BCR),0.0063221612984059,8,0.0007902701623007374
R-HSA-1169091,Activation of NF-kappaB in B cells,0.003148644361262,5,0.0006297288722524
R-HSA-1169092,Activation of RAS in B cells,0.0031735169371439,3,0.0010578389790479668
R-HSA-1169408,ISG15 antiviral mechanism,0.0029674622948765,4,0.000741865573719125
R-HSA-1169410,Antimicrobial mechanism of IFN-stimulated genes,0.0083821869426553,12,0.0006985155785546084
R-HSA-1170546,Prolactin receptor signaling,0.0028801184177495,5,0.0005760236835499
R-HSA-1181150,Signaling by NODAL,0.001824687625065,4,0.00045617190626625
R-HSA-1221632,Meiotic synapsis,0.0006539522760516,1,0.0006539522760516
R-HSA-1222556,ROS and RNS production in phagocytes,0.0011158889009551,3,0.0003719629669850333
R-HSA-1226099,Signaling by FGFR in disease,0.0091368175917009,13,0.0007028321224385308
R-HSA-1227986,Signaling by ERBB2,0.0173074595384076,21,0.0008241647399241715
R-HSA-1227990,Signaling by ERBB2 in Cancer,0.0109275181673907,13,0.0008405783205685153
R-HSA-1234158,Regulation of gene expression by Hypoxia-inducible Factor,0.0026571392520784,3,0.0008857130840261334
R-HSA-1234174,Cellular response to hypoxia,0.0040462092691903005,4,0.0010115523172975751
R-HSA-1234176,Oxygen-dependent proline hydroxylation of Hypoxia-inducible Factor Alpha,0.0019743407418206,2,0.0009871703709103
R-HSA-1236382,Constitutive Signaling by Ligand-Responsive EGFR Cancer Variants,0.0115918273432925,12,0.0009659856119410416
R-HSA-1236394,Signaling by ERBB4,0.016865656205934998,21,0.0008031264859969046
R-HSA-1236973,Cross-presentation of particulate exogenous antigens (phagosomes),0.0009370196058418,2,0.0004685098029209
R-HSA-1236974,ER-Phagosome pathway,0.0041796786353321,8,0.0005224598294165125
R-HSA-1236975,Antigen processing-Cross presentation,0.0051166982411739,10,0.00051166982411739
R-HSA-1236977,Endosomal/Vacuolar pathway,0.0007240909570663001,2,0.00036204547853315003
R-HSA-1250196,SHC1 events in ERBB2 signaling,0.0087081337738518,12,0.00072567781448765
R-HSA-1250342,PI3K events in ERBB4 signaling,0.0025267023181257,3,0.0008422341060419
R-HSA-1250347,SHC1 events in ERBB4 signaling,0.0042519090488052,5,0.00085038180976104
R-HSA-1251932,PLCG1 events in ERBB2 signaling,0.0028216807921306,3,0.0009405602640435332
R-HSA-1251985,Nuclear signaling by ERBB4,0.0057405830041486,9,0.0006378425560165112
R-HSA-1253288,Downregulation of ERBB4 signaling,0.0037467961408228,3,0.0012489320469409335
R-HSA-1257604,PIP3 activates AKT signaling,0.0307774893083964,52,0.0005918747943922385
R-HSA-1266695,Interleukin-7 signaling,0.0048225574842761,10,0.00048225574842761
R-HSA-1266738,Developmental Biology,0.0787627676611352,149,0.0005286091789337933
R-HSA-1280215,Cytokine Signaling in Immune system,0.0637517245111755,115,0.0005543628218363087
R-HSA-1280218,Adaptive Immune System,0.0482193744141715,88,0.0005479474365246761
R-HSA-1295596,Spry regulation of FGF signaling,0.0048238403745641,4,0.001205960093641025
R-HSA-1296041,Activation of G protein gated Potassium channels,0.0021078098392177,5,0.00042156196784354
R-HSA-1296059,G protein gated Potassium channels,0.0021078098392177,5,0.00042156196784354
R-HSA-1296065,Inwardly rectifying K+ channels,0.0021078098392177,5,0.00042156196784354
R-HSA-1296071,Potassium Channels,0.0024426965739219,6,0.00040711609565365
R-HSA-1296072,Voltage gated Potassium channels,0.0003348867347042,1,0.0003348867347042
R-HSA-1306955,GRB7 events in ERBB2 signaling,0.0009153781173418,2,0.0004576890586709
R-HSA-1358803,Downregulation of ERBB2:ERBB3 signaling,0.0026338500363186,4,0.00065846250907965
R-HSA-1362277,Transcription of E2F targets under negative control by DREAM complex,0.0031656379528806,6,0.0005276063254801
R-HSA-1362300,Transcription of E2F targets under negative control by p107 (RBL1) and p130 (RBL2) in complex with HDAC1,0.0022264854483834,3,0.0007421618161278001
R-HSA-1368108,"BMAL1:CLOCK,NPAS2 activates circadian expression",0.0025437652717772,6,0.00042396087862953336
R-HSA-1369062,ABC transporters in lipid homeostasis,0.0004775690098329,1,0.0004775690098329
R-HSA-139853,Elevation of cytosolic Ca2+ levels,0.0004060588249835,1,0.0004060588249835
R-HSA-139910,Activation of BMF and translocation to mitochondria,0.0006805384037901,1,0.0006805384037901
R-HSA-139915,Activation of PUMA and translocation to mitochondria,0.0021978842557346,2,0.0010989421278673
R-HSA-140534,Caspase activation via Death Receptors in the presence of ligand,0.0010266333450756,2,0.0005133166725378
R-HSA-140837,Intrinsic Pathway of Fibrin Clot Formation,0.0003876891456191,1,0.0003876891456191
R-HSA-140877,Formation of Fibrin Clot (Clotting Cascade),0.0003876891456191,1,0.0003876891456191
R-HSA-141405,Inhibition of the proteolytic activity of APC/C required for the onset of anaphase by mitotic spindle checkpoint components,0.0022091696267329,4,0.000552292406683225
R-HSA-141424,Amplification of signal from the kinetochores,0.0079502306406191,16,0.0004968894150386938
R-HSA-141430,Inactivation of APC/C via direct inhibition of the APC/C complex,0.0022091696267329,4,0.000552292406683225
R-HSA-141444,Amplification  of signal from unattached  kinetochores via a MAD2  inhibitory signal,0.0079502306406191,16,0.0004968894150386938
R-HSA-1428517,Aerobic respiration and respiratory electron transport,0.0017026125977353,2,0.00085130629886765
R-HSA-1430728,Metabolism,0.045026095146622,94,0.0004790010121981064
R-HSA-1433557,Signaling by SCF-KIT,0.018590227816388,26,0.0007150087621687692
R-HSA-1433559,Regulation of KIT signaling,0.0079343376055865,11,0.0007213034186896818
R-HSA-1433617,Regulation of signaling by NODAL,0.0002994938834624,1,0.0002994938834624
R-HSA-1442490,Collagen degradation,0.0016096810823691,4,0.000402420270592275
R-HSA-1445148,Translocation of SLC2A4 (GLUT4) to the plasma membrane,0.0013239636199795,3,0.00044132120665983334
R-HSA-1461957,Beta defensins,0.0003767702016207,1,0.0003767702016207
R-HSA-1461973,Defensins,0.0012412928563265001,2,0.0006206464281632501
R-HSA-1462054,Alpha-defensins,0.0008645226547058,1,0.0008645226547058
R-HSA-1474151,"Tetrahydrobiopterin (BH4) synthesis, recycling, salvage and regulation",0.0015153912960804,2,0.0007576956480402
R-HSA-1474165,Reproduction,0.0042067421373644,9,0.00046741579304048885
R-HSA-1474228,Degradation of the extracellular matrix,0.0047707331288533,10,0.00047707331288532995
R-HSA-1474244,Extracellular matrix organization,0.0232171879112349,53,0.000438060149268583
R-HSA-1474290,Collagen formation,0.0018291101313196,5,0.00036582202626392
R-HSA-1483249,Inositol phosphate metabolism,0.0014354165242124,3,0.00047847217473746665
R-HSA-1483255,PI Metabolism,0.0038339252516939,6,0.0006389875419489833
R-HSA-1483257,Phospholipid metabolism,0.0038339252516939,6,0.0006389875419489833
R-HSA-1489509,DAG and IP3 signaling,0.0065418303688555,17,0.00038481355110914705
R-HSA-1500620,Meiosis,0.0023343394634724,5,0.00046686789269448
R-HSA-1500931,Cell-Cell communication,0.018562968474876,32,0.000580092764839875
R-HSA-1502540,Signaling by Activin,0.0010511119997804,2,0.0005255559998902
R-HSA-1538133,G0 and Early G1,0.0050320120326818,8,0.000629001504085225
R-HSA-156580,Phase II - Conjugation of compounds,0.0003347707355924,1,0.0003347707355924
R-HSA-156590,Glutathione conjugation,0.0003347707355924,1,0.0003347707355924
R-HSA-1566948,Elastic fibre formation,0.006657149304603,13,0.0005120884080463846
R-HSA-1566977,Fibronectin matrix formation,0.0028699600285473003,4,0.0007174900071368251
R-HSA-156711,Polo-like kinase mediated events,0.004865708841872,8,0.000608213605234
R-HSA-156827,L13a-mediated translational silencing of Ceruloplasmin expression,0.0017739457547168,2,0.0008869728773584
R-HSA-156842,Eukaryotic Translation Elongation,0.0017739457547168,2,0.0008869728773584
R-HSA-156902,Peptide chain elongation,0.0017739457547168,2,0.0008869728773584
R-HSA-157118,Signaling by NOTCH,0.0169255640272455,24,0.0007052318344685626
R-HSA-157579,Telomere Maintenance,0.0035814251750311,8,0.0004476781468788875
R-HSA-157858,Gap junction trafficking and regulation,0.0034838849962537,5,0.00069677699925074
R-HSA-15869,Metabolism of nucleotides,0.0010039533155569,2,0.00050197665777845
R-HSA-1592230,Mitochondrial biogenesis,0.0043296850083512,10,0.00043296850083511995
R-HSA-1592389,Activation of Matrix Metalloproteinases,0.0012190935192944,3,0.0004063645064314667
R-HSA-159418,Recycling of bile acids and salts,0.0021858854564089,4,0.000546471364102225
R-HSA-159782,Removal of aminoterminal propeptides from gamma-carboxylated proteins,0.0002923504649765,1,0.0002923504649765
R-HSA-159854,"Gamma-carboxylation, transport, and amino-terminal cleavage of proteins",0.0002923504649765,1,0.0002923504649765
R-HSA-1606322,ZBP1(DAI) mediated induction of type I IFNs,0.0009134619431103,2,0.00045673097155515
R-HSA-1614517,Sulfide oxidation to sulfate,0.0003490392578088,1,0.0003490392578088
R-HSA-1614558,Degradation of cysteine and homocysteine,0.0006625818384322,2,0.0003312909192161
R-HSA-1614635,Sulfur amino acid metabolism,0.0006625818384322,2,0.0003312909192161
R-HSA-162582,Signal Transduction,0.1289672426159043,267,0.0004830233805839113
R-HSA-162587,HIV Life Cycle,0.0038046735919923,6,0.00063411226533205
R-HSA-162588,Budding and maturation of HIV virion,0.0013890700171119,1,0.0013890700171119
R-HSA-162594,Early Phase of HIV Life Cycle,0.0021232531099039,4,0.000530813277475975
R-HSA-162599,Late Phase of HIV Life Cycle,0.0016814204820884001,2,0.0008407102410442001
R-HSA-162658,Golgi Cisternae Pericentriolar Stack Reorganization,0.003184089157923,4,0.00079602228948075
R-HSA-162791,Attachment of GPI anchor to uPAR,0.0002999236572726,1,0.0002999236572726
R-HSA-162906,HIV Infection,0.0075742635662698,14,0.0005410188261621285
R-HSA-162909,Host Interactions of HIV factors,0.0060231826460952,10,0.00060231826460952
R-HSA-1630316,Glycosaminoglycan metabolism,0.0047490371194305004,12,0.00039575309328587505
R-HSA-163125,Post-translational modification: synthesis of GPI-anchored proteins,0.0002999236572726,1,0.0002999236572726
R-HSA-1632852,Macroautophagy,0.0065203624979414,7,0.0009314803568487714
R-HSA-163358,PKA-mediated phosphorylation of key metabolic factors,0.0008464089065392,1,0.0008464089065392
R-HSA-163359,Glucagon signaling in metabolic regulation,0.0045854016464569,11,0.0004168546951324455
R-HSA-163560,Triglyceride catabolism,0.00214599529533,3,0.00071533176511
R-HSA-163615,PKA activation,0.0029684283085177,8,0.0003710535385647125
R-HSA-163680,AMPK inhibits chREBP transcriptional activation activity,0.000303815159111,1,0.000303815159111
R-HSA-163685,Integration of energy metabolism,0.0122780913362608,27,0.00045474412356521485
R-HSA-163765,ChREBP activates metabolic gene expression,0.0002984522135264,1,0.0002984522135264
R-HSA-1638074,Keratan sulfate/keratin metabolism,0.0006978764152724001,2,0.00034893820763620003
R-HSA-1638091,Heparan sulfate/heparin (HS-GAG) metabolism,0.0023241082075128,6,0.0003873513679188
R-HSA-163841,"Gamma carboxylation, hypusinylation, hydroxylation, and arylsulfatase activation",0.0002923504649765,1,0.0002923504649765
R-HSA-1640170,Cell Cycle,0.0490961042611675,95,0.0005168010974859737
R-HSA-1643685,Disease,0.1038973587743323,208,0.0004995065325689052
R-HSA-1643713,Signaling by EGFR in Cancer,0.0115918273432925,12,0.0009659856119410416
R-HSA-164378,PKA activation in glucagon signalling,0.003627802518121,9,0.0004030891686801111
R-HSA-164938,Nef-mediates down modulation of cell surface receptors by recruiting them to clathrin adapters,0.0026765462201966,5,0.00053530924403932
R-HSA-164939,Nef mediated downregulation of CD28 cell surface expression,0.000386208046483,1,0.000386208046483
R-HSA-164940,Nef mediated downregulation of MHC class I complex cell surface expression,0.0007240909570663001,2,0.00036204547853315003
R-HSA-164944,Nef and signal transduction,0.0023108253768817,4,0.000577706344220425
R-HSA-164952,The role of Nef in HIV-1 replication and disease pathogenesis,0.0042856470351368,8,0.0005357058793921
R-HSA-1650814,Collagen biosynthesis and modifying enzymes,0.0003905875630747,1,0.0003905875630747
R-HSA-1655829,Regulation of cholesterol biosynthesis by SREBP (SREBF),0.0028422174853036,7,0.0004060310693290857
R-HSA-166016,Toll Like Receptor 4 (TLR4) Cascade,0.0135083549985332,22,0.0006140161362969636
R-HSA-1660499,Synthesis of PIPs at the plasma membrane,0.0038339252516939,6,0.0006389875419489833
R-HSA-166058,MyD88:MAL(TIRAP) cascade initiated on plasma membrane,0.0107753322631384,17,0.0006338430743022588
R-HSA-166166,MyD88-independent TLR4 cascade ,0.0106536135920084,15,0.0007102409061338933
R-HSA-166520,Signaling by NTRKs,0.0182030553126886,28,0.0006501091183103071
R-HSA-166658,Complement cascade,0.0010990630567921,3,0.00036635435226403337
R-HSA-166663,Initial triggering of complement,0.0003832425311886,1,0.0003832425311886
R-HSA-167021,PLC-gamma1 signalling,0.0008681735401474,2,0.0004340867700737
R-HSA-167044,Signalling to RAS,0.0077932222192686,10,0.00077932222192686
R-HSA-167060,NGF processing,0.0007168639657572,2,0.0003584319828786
R-HSA-167590,Nef Mediated CD4 Down-regulation,0.0015662472166473001,2,0.0007831236083236501
R-HSA-168138,Toll Like Receptor 9 (TLR9) Cascade,0.0100809852360968,15,0.0006720656824064534
R-HSA-168142,Toll Like Receptor 10 (TLR10) Cascade,0.0094930768226412,14,0.0006780769159029428
R-HSA-168164,Toll Like Receptor 3 (TLR3) Cascade,0.0091792782209432,13,0.0007060983246879385
R-HSA-168176,Toll Like Receptor 5 (TLR5) Cascade,0.0094930768226412,14,0.0006780769159029428
R-HSA-168179,Toll Like Receptor TLR1:TLR2 Cascade,0.0107753322631384,17,0.0006338430743022588
R-HSA-168181,Toll Like Receptor 7/8 (TLR7/8) Cascade,0.0100809852360968,15,0.0006720656824064534
R-HSA-168188,Toll Like Receptor TLR6:TLR2 Cascade,0.0107753322631384,17,0.0006338430743022588
R-HSA-168249,Innate Immune System,0.0465189716109997,82,0.0005673045318414598
R-HSA-168255,Influenza Infection,0.0047398629690407,8,0.0005924828711300875
R-HSA-168256,Immune System,0.0911448619084573,181,0.0005035627729749022
R-HSA-168268,Virus Assembly and Release,0.0002970739396562,1,0.0002970739396562
R-HSA-168273,Influenza Viral RNA Transcription and Replication,0.003283349029192,4,0.000820837257298
R-HSA-168275,Entry of Influenza Virion into Host Cell via Endocytosis,0.0003890102992043,1,0.0003890102992043
R-HSA-168276,NS1 Mediated Effects on Host Pathways,0.0003021578800945,1,0.0003021578800945
R-HSA-168277,Influenza Virus Induced Apoptosis,0.0004682718208937,1,0.0004682718208937
R-HSA-168316,Assembly of Viral Components at the Budding Site,0.0002970739396562,1,0.0002970739396562
R-HSA-168638,NOD1/2 Signaling Pathway,0.0033394572012973,6,0.0005565762002162167
R-HSA-168643,"Nucleotide-binding domain, leucine rich repeat containing receptor (NLR) signaling pathways",0.0043757477617376,8,0.0005469684702172
R-HSA-168799,Neurotoxicity of clostridium toxins,0.0019380838806952,4,0.0004845209701738
R-HSA-168898,Toll-like Receptor Cascades,0.0139390811947563,23,0.0006060470084676652
R-HSA-168927,"TICAM1, RIP1-mediated IKK complex recruitment",0.0018762582981124,2,0.0009381291490562
R-HSA-168928,DDX58/IFIH1-mediated induction of interferon-alpha/beta,0.0062915867348161,8,0.0007864483418520125
R-HSA-169893,Prolonged ERK activation events,0.0008681735401474,2,0.0004340867700737
R-HSA-169911,Regulation of Apoptosis,0.0013890700171119,1,0.0013890700171119
R-HSA-170660,Adenylate cyclase activating pathway,0.0015124115225154,5,0.00030248230450308
R-HSA-170670,Adenylate cyclase inhibitory pathway,0.0022481410763234,6,0.0003746901793872333
R-HSA-170834,Signaling by TGF-beta Receptor Complex,0.0117660719104891,19,0.0006192669426573211
R-HSA-170968,Frs2-mediated activation,0.0008681735401474,2,0.0004340867700737
R-HSA-170984,ARMS-mediated activation,0.0008681735401474,2,0.0004340867700737
R-HSA-171007,p38MAPK events,0.0062737895130296996,7,0.0008962556447185286
R-HSA-171286,Synthesis and processing of ENV and VPU,0.0002923504649765,1,0.0002923504649765
R-HSA-171319,Telomere Extension By Telomerase,0.0011483827716871,2,0.00057419138584355
R-HSA-173107,Binding and entry of HIV virion,0.0017351139797306,3,0.0005783713265768666
R-HSA-173736,Alternative complement activation,0.0003832425311886,1,0.0003832425311886
R-HSA-174048,APC/C:Cdc20 mediated degradation of Cyclin B,0.0043569580514854,5,0.00087139161029708
R-HSA-174084,Autodegradation of Cdh1 by Cdh1:APC/C,0.0018597975364983,2,0.00092989876824915
R-HSA-174113,SCF-beta-TrCP mediated degradation of Emi1,0.0023316766960519,3,0.0007772255653506334
R-HSA-174143,APC/C-mediated degradation of cell cycle proteins,0.0096618279426222,15,0.00064412186284148
R-HSA-174154,APC/C:Cdc20 mediated degradation of Securin,0.0027789523606464002,4,0.0006947380901616001
R-HSA-174178,APC/C:Cdh1 mediated degradation of Cdc20 and other APC/C:Cdh1 targeted proteins in late mitosis/early G1,0.0051356317352982,8,0.000641953966912275
R-HSA-174184,Cdc20:Phospho-APC/C mediated degradation of Cyclin A,0.005464613723646,7,0.000780659103378
R-HSA-174411,Polymerase switching on the C-strand of the telomere,0.0016972697397903001,4,0.00042431743494757504
R-HSA-174414,Processive synthesis on the C-strand of the telomere,0.0016245871705443,4,0.000406146792636075
R-HSA-174417,Telomere C-strand (Lagging Strand) Synthesis,0.002433042403344,6,0.000405507067224
R-HSA-174437,Removal of the Flap Intermediate from the C-strand,0.0012769536371639001,3,0.00042565121238796673
R-HSA-174490,Membrane binding and targetting of GAG proteins,0.0013890700171119,1,0.0013890700171119
R-HSA-174495,"Synthesis And Processing Of GAG, GAGPOL Polyproteins",0.0013890700171119,1,0.0013890700171119
R-HSA-174577,Activation of C3 and C5,0.0003832425311886,1,0.0003832425311886
R-HSA-174824,"Plasma lipoprotein assembly, remodeling, and clearance",0.0054032208858038,9,0.0006003578762004223
R-HSA-175474,Assembly Of The HIV Virion,0.0016814204820884001,2,0.0008407102410442001
R-HSA-176187,Activation of ATR in response to replication stress,0.0059730560019832,14,0.0004266468572845143
R-HSA-176407,Conversion from APC/C:Cdc20 to APC/C:Cdh1 in late anaphase,0.0010648686044799,2,0.00053243430223995
R-HSA-176408,Regulation of APC/C activators between G1/S and early anaphase,0.0072856383324766,10,0.00072856383324766
R-HSA-176409,APC/C:Cdc20 mediated degradation of mitotic proteins,0.0069566829741239,10,0.00069566829741239
R-HSA-176412,Phosphorylation of the APC/C,0.0030431175911374998,4,0.0007607793977843749
R-HSA-176417,Phosphorylation of Emi1,0.0031665311568446,4,0.00079163278921115
R-HSA-176814,Activation of APC/C and APC/C:Cdc20 mediated degradation of mitotic proteins,0.0076260536159814,11,0.0006932776014528546
R-HSA-176974,Unwinding of DNA,0.0033205432731804,8,0.00041506790914755
R-HSA-177504,Retrograde neurotrophin signalling,0.0015924394923438,4,0.00039810987308595
R-HSA-177929,Signaling by EGFR,0.0135607887256253,14,0.0009686277661160929
R-HSA-1793185,Chondroitin sulfate/dermatan sulfate metabolism,0.0007033109885002001,2,0.00035165549425010003
R-HSA-179409,APC-Cdc20 mediated degradation of Nek2A,0.0039621067821415,6,0.0006603511303569167
R-HSA-179419,APC:Cdc20 mediated degradation of cell cycle proteins prior to satisfation of the cell cycle checkpoint,0.0058284808619427,8,0.0007285601077428375
R-HSA-179812,GRB2 events in EGFR signaling,0.0060173702397474,6,0.0010028950399579
R-HSA-1799339,SRP-dependent cotranslational protein targeting to membrane,0.0017739457547168,2,0.0008869728773584
R-HSA-180024,DARPP-32 events,0.0027193558370944,6,0.0004532259728490667
R-HSA-180292,GAB1 signalosome,0.0077291923835765,8,0.0009661490479470625
R-HSA-180336,SHC1 events in EGFR signaling,0.0060173702397474,6,0.0010028950399579
R-HSA-180534,Vpu mediated degradation of CD4,0.0026020582656642002,3,0.0008673527552214001
R-HSA-180585,Vif-mediated degradation of APOBEC3G,0.0013890700171119,1,0.0013890700171119
R-HSA-180786,Extension of Telomeres,0.0035814251750311,8,0.0004476781468788875
R-HSA-1810476,RIP-mediated NFkB activation via ZBP1,0.0009134619431103,2,0.00045673097155515
R-HSA-181429,Serotonin Neurotransmitter Release Cycle,0.0026398197651979,6,0.0004399699608663167
R-HSA-181430,Norepinephrine Neurotransmitter Release Cycle,0.0026398197651979,6,0.0004399699608663167
R-HSA-181438,Toll Like Receptor 2 (TLR2) Cascade,0.0107753322631384,17,0.0006338430743022588
R-HSA-182971,EGFR downregulation,0.0041994143753253995,4,0.0010498535938313499
R-HSA-1834949,Cytosolic sensors of pathogen-associated DNA ,0.0036395330114196,4,0.0009098832528549
R-HSA-1839117,Signaling by cytosolic FGFR1 fusion mutants,0.0036794557972483,5,0.00073589115944966
R-HSA-1839120,Signaling by FGFR1 amplification mutants,0.0004377409888516,1,0.0004377409888516
R-HSA-1839122,Signaling by activated point mutants of FGFR1,0.0009762565816716,2,0.0004881282908358
R-HSA-1839124,FGFR1 mutant receptor activation,0.0046557123789199,7,0.0006651017684171286
R-HSA-1839126,FGFR2 mutant receptor activation,0.0008887118759254,2,0.0004443559379627
R-HSA-1839130,Signaling by activated point mutants of FGFR3,0.00053851559282,1,0.00053851559282
R-HSA-1852241,Organelle biogenesis and maintenance,0.0082733180193103,16,0.0005170823762068937
R-HSA-1855204,Synthesis of IP3 and IP4 in the cytosol,0.0014354165242124,3,0.00047847217473746665
R-HSA-186712,Regulation of beta-cell development,0.0036630614605357,6,0.0006105102434226167
R-HSA-186763,Downstream signal transduction,0.012635103413986,17,0.0007432413772932941
R-HSA-186797,Signaling by PDGF,0.0133689660889459,19,0.0007036297941550474
R-HSA-187015,Activation of TRKA receptors,0.0012001345936166002,3,0.0004000448645388667
R-HSA-187024,NGF-independant TRKA activation,0.0007756210928359,2,0.00038781054641795
R-HSA-187037,Signaling by NTRK1 (TRKA),0.0148809350637959,22,0.00067640613926345
R-HSA-187042,TRKA activation by NGF,0.0008681735401474,2,0.0004340867700737
R-HSA-187577,SCF(Skp2)-mediated degradation of p27/p21,0.0038132834381863004,6,0.0006355472396977167
R-HSA-187687,Signalling to ERKs,0.0077932222192686,10,0.00077932222192686
R-HSA-187706,Signalling to p38 via RIT and RIN,0.0008681735401474,2,0.0004340867700737
R-HSA-189445,Metabolism of porphyrins,0.0007609154968916,1,0.0007609154968916
R-HSA-189451,Heme biosynthesis,0.0007609154968916,1,0.0007609154968916
R-HSA-189483,Heme degradation,0.0007609154968916,1,0.0007609154968916
R-HSA-190236,Signaling by FGFR,0.0123807715415726,14,0.0008843408243980428
R-HSA-190239,FGFR3 ligand binding and activation,0.00053851559282,1,0.00053851559282
R-HSA-190241,FGFR2 ligand binding and activation,0.0008887118759254,2,0.0004443559379627
R-HSA-190242,FGFR1 ligand binding and activation,0.0009762565816716,2,0.0004881282908358
R-HSA-190322,FGFR4 ligand binding and activation,0.00053851559282,1,0.00053851559282
R-HSA-190370,FGFR1b ligand binding and activation,0.0009762565816716,2,0.0004881282908358
R-HSA-190372,FGFR3c ligand binding and activation,0.00053851559282,1,0.00053851559282
R-HSA-190373,FGFR1c ligand binding and activation,0.0009762565816716,2,0.0004881282908358
R-HSA-190374,FGFR1c and Klotho ligand binding and activation,0.0004377409888516,1,0.0004377409888516
R-HSA-190375,FGFR2c ligand binding and activation,0.0008887118759254,2,0.0004443559379627
R-HSA-190377,FGFR2b ligand binding and activation,0.0008887118759254,2,0.0004443559379627
R-HSA-190704,Oligomerization of connexins into connexons,0.0003673050741887,1,0.0003673050741887
R-HSA-190827,Transport of connexins along the secretory pathway,0.0003673050741887,1,0.0003673050741887
R-HSA-190828,Gap junction trafficking,0.0010915710263851,3,0.0003638570087950333
R-HSA-190840,Microtubule-dependent trafficking of connexons from Golgi to the plasma membrane,0.0003673050741887,1,0.0003673050741887
R-HSA-190861,Gap junction assembly,0.0003673050741887,1,0.0003673050741887
R-HSA-190872,Transport of connexons to the plasma membrane,0.0003673050741887,1,0.0003673050741887
R-HSA-190873,Gap junction degradation,0.0010915710263851,3,0.0003638570087950333
R-HSA-1912399,Pre-NOTCH Processing in the Endoplasmic Reticulum,0.0006582112261715,1,0.0006582112261715
R-HSA-1912408,Pre-NOTCH Transcription and Translation,0.0066557098800493,8,0.0008319637350061625
R-HSA-1912420,Pre-NOTCH Processing in Golgi,0.0009505616911479999,2,0.00047528084557399994
R-HSA-1912422,Pre-NOTCH Expression and Processing,0.0069480603450258,9,0.0007720067050028667
R-HSA-191650,Regulation of gap junction activity,0.0027596190440573,3,0.0009198730146857667
R-HSA-191859,snRNP Assembly,0.0002974535065089,1,0.0002974535065089
R-HSA-192105,Synthesis of bile acids and bile salts,0.0020276730782856,5,0.00040553461565712
R-HSA-192814,vRNA Synthesis,0.0003474686087396,1,0.0003474686087396
R-HSA-192823,Viral mRNA Translation,0.0017739457547168,2,0.0008869728773584
R-HSA-192905,vRNP Assembly,0.0011619346657356,1,0.0011619346657356
R-HSA-193048,Androgen biosynthesis,0.0004772707675001,1,0.0004772707675001
R-HSA-193368,Synthesis of bile acids and bile salts via 7alpha-hydroxycholesterol,0.0020276730782856,5,0.00040553461565712
R-HSA-193639,p75NTR signals via NF-kB,0.0033211839812159003,6,0.0005535306635359834
R-HSA-193648,NRAGE signals death through JNK,0.0024346812758703,5,0.00048693625517406
R-HSA-193670,p75NTR negatively regulates cell cycle via SC1,0.0010878508138411,2,0.00054392540692055
R-HSA-193681,Ceramide signalling,0.0004245135007807,1,0.0004245135007807
R-HSA-193697,p75NTR regulates axonogenesis,0.0004245135007807,1,0.0004245135007807
R-HSA-193704,p75 NTR receptor-mediated signalling,0.0059946890693659,11,0.0005449717335787182
R-HSA-193807,Synthesis of bile acids and bile salts via 27-hydroxycholesterol,0.0017180002040054002,4,0.00042950005100135004
R-HSA-194002,Glucocorticoid biosynthesis,0.0004772707675001,1,0.0004772707675001
R-HSA-194068,Bile acid and bile salt metabolism,0.0027885885751772,6,0.00046476476252953333
R-HSA-194138,Signaling by VEGF,0.0211518108802127,33,0.0006409639660670516
R-HSA-194306,Neurophilin interactions with VEGF and VEGFR,0.0009244453430684999,2,0.00046222267153424995
R-HSA-194313,VEGF ligand-receptor interactions,0.0017045933484434,3,0.0005681977828144667
R-HSA-194315,Signaling by Rho GTPases,0.0313237450171212,60,0.00052206241695202
R-HSA-194441,Metabolism of non-coding RNA,0.0002974535065089,1,0.0002974535065089
R-HSA-195253,Degradation of beta-catenin by the destruction complex,0.0027939368048365,5,0.0005587873609672999
R-HSA-195258,RHO GTPase Effectors,0.0210821369017701,40,0.0005270534225442525
R-HSA-195399,VEGF binds to VEGFR leading to receptor dimerization,0.0017045933484434,3,0.0005681977828144667
R-HSA-195721,Signaling by WNT,0.0162715617587895,32,0.0005084863049621719
R-HSA-196025,Formation of annular gap junctions,0.0010915710263851,3,0.0003638570087950333
R-HSA-196071,Metabolism of steroid hormones,0.0004772707675001,1,0.0004772707675001
R-HSA-196299,Beta-catenin phosphorylation cascade,0.000372513863308,1,0.000372513863308
R-HSA-1963640,GRB2 events in ERBB2 signaling,0.0070735898409358,8,0.000884198730116975
R-HSA-1963642,PI3K events in ERBB2 signaling,0.0059408073984197,8,0.0007426009248024625
R-HSA-196741,"Cobalamin (Cbl, vitamin B12) transport and metabolism",0.0003346628203372,1,0.0003346628203372
R-HSA-196791,Vitamin D (calciferol) metabolism,0.0003346628203372,1,0.0003346628203372
R-HSA-196843,Vitamin B2 (riboflavin) metabolism,0.0003354295409296,1,0.0003354295409296
R-HSA-196849,Metabolism of water-soluble vitamins and cofactors,0.0013268496010774,4,0.00033171240026935
R-HSA-196854,Metabolism of vitamins and cofactors,0.0075106324870639,18,0.0004172573603924389
R-HSA-1971475,Glycosaminoglycan-protein linkage region biosynthesis,0.003027419196013,8,0.000378427399501625
R-HSA-1980143,Signaling by NOTCH1,0.0071228588237357005,10,0.00071228588237357
R-HSA-1980145,Signaling by NOTCH2,0.0027260710683093,2,0.00136303553415465
R-HSA-198203,PI3K/AKT activation,0.0038135147044444,6,0.0006355857840740667
R-HSA-198323,AKT phosphorylates targets in the cytosol,0.001589812338335,4,0.00039745308458375
R-HSA-198693,AKT phosphorylates targets in the nucleus,0.0013285647320392,3,0.00044285491067973335
R-HSA-198725,Nuclear Events (kinase and transcription factor activation),0.0036153117236893,6,0.0006025519539482166
R-HSA-198745,Signalling to STAT3,0.0008681735401474,2,0.0004340867700737
R-HSA-198753,ERK/MAPK targets,0.0005291670491246,1,0.0005291670491246
R-HSA-198933,Immunoregulatory interactions between a Lymphoid and a non-Lymphoid cell,0.0063912740152111,15,0.0004260849343474067
R-HSA-1989781,PPARA activates gene expression,0.0068808358372483,14,0.0004914882740891643
R-HSA-199220,Vitamin B5 (pantothenate) metabolism,0.000633881754456,2,0.000316940877228
R-HSA-199418,Negative regulation of the PI3K/AKT network,0.0214559012857072,38,0.0005646289812028211
R-HSA-199977,ER to Golgi Anterograde Transport,0.0006996437560339,2,0.00034982187801695
R-HSA-199991,Membrane Trafficking,0.0195597640459742,36,0.0005433267790548389
R-HSA-199992,trans-Golgi Network Vesicle Budding,0.0030035051487773,6,0.0005005841914628833
R-HSA-200425,Carnitine shuttle,0.0005812390705556,1,0.0005812390705556
R-HSA-201451,Signaling by BMP,0.0007425215420834999,2,0.00037126077104174997
R-HSA-201556,Signaling by ALK,0.0093230666076932,12,0.0007769222173077666
R-HSA-201681,TCF dependent signaling in response to WNT,0.0089689550427192,16,0.00056055969016995
R-HSA-201688,WNT mediated activation of DVL,0.000414251017409,1,0.000414251017409
R-HSA-201722,Formation of the beta-catenin:TCF transactivating complex,0.0031746994455251,5,0.00063493988910502
R-HSA-202040,G-protein activation,0.0035514951150556,7,0.0005073564450079429
R-HSA-202131,Metabolism of nitric oxide: NOS3 activation and regulation,0.0022673010833008,3,0.0007557670277669334
R-HSA-2022090,Assembly of collagen fibrils and other multimeric structures,0.0018291101313196,5,0.00036582202626392
R-HSA-2022377,Metabolism of Angiotensinogen to Angiotensins,0.0003401091261599,1,0.0003401091261599
R-HSA-2022854,Keratan sulfate biosynthesis,0.0006978764152724001,2,0.00034893820763620003
R-HSA-2022857,Keratan sulfate degradation,0.0004082473097402,1,0.0004082473097402
R-HSA-2022870,CS-GAG biosynthesis,0.0007033109885002001,2,0.00035165549425010003
R-HSA-2022923,DS-GAG biosynthesis,0.0007033109885002001,2,0.00035165549425010003
R-HSA-2022928,HS-GAG biosynthesis,0.0023241082075128,6,0.0003873513679188
R-HSA-2023837,Signaling by FGFR2 amplification mutants,0.0003501962831054,1,0.0003501962831054
R-HSA-202403,TCR signaling,0.0101869190380365,17,0.0005992305316492059
R-HSA-2024096,HS-GAG degradation,0.0023241082075128,6,0.0003873513679188
R-HSA-2024101,CS/DS degradation,0.0007033109885002001,2,0.00035165549425010003
R-HSA-202424,Downstream TCR signaling,0.0076868883519613,11,0.0006988080319964818
R-HSA-202427,Phosphorylation of CD3 and TCR zeta chains,0.0028179950522327,5,0.00056359901044654
R-HSA-202430,Translocation of ZAP-70 to Immunological synapse,0.0018684434881532,3,0.0006228144960510666
R-HSA-202433,Generation of second messenger molecules,0.0034189226101489,7,0.0004884175157355571
R-HSA-202733,Cell surface interactions at the vascular wall,0.0235581394819694,36,0.0006543927633880389
R-HSA-2028269,Signaling by Hippo,0.0007981577988724,2,0.0003990788994362
R-HSA-2029480,Fcgamma receptor (FCGR) dependent phagocytosis,0.0125504661878276,21,0.0005976412470394095
R-HSA-2029481,FCGR activation,0.0058501794425014,9,0.0006500199380557111
R-HSA-2029482,Regulation of actin dynamics for phagocytic cup formation,0.0038697406153976,8,0.0004837175769247
R-HSA-2029485,Role of phospholipids in phagocytosis,0.0052262794674868,10,0.00052262794674868
R-HSA-2032785,YAP1- and WWTR1 (TAZ)-stimulated gene expression,0.0017266231552989998,4,0.00043165578882474996
R-HSA-2033514,FGFR3 mutant receptor activation,0.00053851559282,1,0.00053851559282
R-HSA-2033519,Activated point mutants of FGFR2,0.0008887118759254,2,0.0004443559379627
R-HSA-203615,eNOS activation,0.0022673010833008,3,0.0007557670277669334
R-HSA-203641,NOSTRIN mediated eNOS trafficking,0.0011053664175652,2,0.0005526832087826
R-HSA-203754,NOSIP mediated eNOS trafficking,0.0003534566303448,1,0.0003534566303448
R-HSA-204005,COPII-mediated vesicle transport,0.0004117518917594,1,0.0004117518917594
R-HSA-2046104,alpha-linolenic (omega3) and linoleic (omega6) acid metabolism,0.0003096728742802,1,0.0003096728742802
R-HSA-2046106,alpha-linolenic acid (ALA) metabolism,0.0003096728742802,1,0.0003096728742802
R-HSA-204998,"Cell death signalling via NRAGE, NRIF and NADE",0.004124370307755,7,0.0005891957582507143
R-HSA-205017,NFG and proNGF binds to p75NTR,0.0004245135007807,1,0.0004245135007807
R-HSA-205025,NADE modulates death signalling,0.0004245135007807,1,0.0004245135007807
R-HSA-205043,NRIF signals cell death from the nucleus,0.0027947409364555004,4,0.0006986852341138751
R-HSA-209543,p75NTR recruits signalling complexes,0.0028949103191061,5,0.00057898206382122
R-HSA-209560,NF-kB is activated and signals survival,0.0033211839812159003,6,0.0005535306635359834
R-HSA-209563,Axonal growth stimulation,0.0004245135007807,1,0.0004245135007807
R-HSA-209776,Metabolism of amine-derived hormones,0.0007519097872204,1,0.0007519097872204
R-HSA-209952,Peptide hormone biosynthesis,0.0004772707675001,1,0.0004772707675001
R-HSA-209968,Thyroxine biosynthesis,0.0007519097872204,1,0.0007519097872204
R-HSA-210500,Glutamate Neurotransmitter Release Cycle,0.0029654870227320998,7,0.00042364100324744283
R-HSA-210744,Regulation of gene expression in late stage (branching morphogenesis) pancreatic bud precursor cells,0.0024967802077917,3,0.0008322600692639001
R-HSA-210745,Regulation of gene expression in beta cells,0.0011662812527440001,3,0.0003887604175813334
R-HSA-210990,PECAM1 interactions,0.007725393397225,10,0.0007725393397225
R-HSA-210991,Basigin interactions,0.0025411493155144,4,0.0006352873288786
R-HSA-210993,Tie2 Signaling,0.0075510078497819,9,0.0008390008721979889
R-HSA-211000,Gene Silencing by RNA,0.0011619346657356,1,0.0011619346657356
R-HSA-211163,AKT-mediated inactivation of FOXO1A,0.0008473395717311001,2,0.00042366978586555004
R-HSA-211733,Regulation of activated PAK-2p34 by proteasome mediated degradation,0.0013890700171119,1,0.0013890700171119
R-HSA-211859,Biological oxidations,0.0044087284348005,11,0.00040079349407277275
R-HSA-211897,Cytochrome P450 - arranged by substrate type,0.0040739576992081,10,0.00040739576992081
R-HSA-211945,Phase I - Functionalization of compounds,0.0040739576992081,10,0.00040739576992081
R-HSA-211976,Endogenous sterols,0.0021952709715055,5,0.00043905419430110003
R-HSA-211981,Xenobiotics,0.0018786867277026,5,0.00037573734554052004
R-HSA-211999,CYP2E1 reactions,0.0007580995618512,2,0.0003790497809256
R-HSA-212165,Epigenetic regulation of gene expression,0.0093754808412866,19,0.0004934463600677158
R-HSA-2122947,NOTCH1 Intracellular Domain Regulates Transcription,0.0066570556554331,9,0.0007396728506036778
R-HSA-2122948,Activated NOTCH1 Transmits Signal to the Nucleus,0.002513084411586,3,0.000837694803862
R-HSA-212300,PRC2 methylates histones and DNA,0.001274605641247,3,0.00042486854708233333
R-HSA-212436,Generic Transcription Pathway,0.0618207698889171,116,0.0005329376714561819
R-HSA-212676,Dopamine Neurotransmitter Release Cycle,0.0033301194870445,8,0.0004162649358805625
R-HSA-212718,EGFR interacts with phospholipase C-gamma,0.002192594136512,2,0.001096297068256
R-HSA-2129379,Molecules associated with elastic fibres,0.005994807598395,11,0.000544982508945
R-HSA-2132295,MHC class II antigen presentation,0.0042108558355786,10,0.00042108558355786
R-HSA-2142670,Synthesis of epoxy (EET) and dihydroxyeicosatrienoic acids (DHET),0.0003988869263802,1,0.0003988869263802
R-HSA-2142753,Arachidonate metabolism,0.001047815001445,3,0.00034927166714833333
R-HSA-2142770,Synthesis of 15-eicosatetraenoic acid derivatives,0.0003141573394724,1,0.0003141573394724
R-HSA-2142816,Synthesis of (16-20)-hydroxyeicosatetraenoic acids (HETE),0.0003988869263802,1,0.0003988869263802
R-HSA-2142845,Hyaluronan metabolism,0.0010237415081451,2,0.00051187075407255
R-HSA-2151201,Transcriptional activation of mitochondrial biogenesis,0.0034663186509291,8,0.0004332898313661375
R-HSA-2151209,Activation of PPARGC1A (PGC-1alpha) by phosphorylation,0.0013377487638293,3,0.0004459162546097667
R-HSA-216083,Integrin cell surface interactions,0.0125342067834181,27,0.00046422988086733706
R-HSA-2160916,Hyaluronan degradation,0.0010237415081451,2,0.00051187075407255
R-HSA-2162123,Synthesis of Prostaglandins (PG) and Thromboxanes (TX),0.0006489280750648,2,0.0003244640375324
R-HSA-2168880,Scavenging of heme from plasma,0.0015571672605075,3,0.0005190557535025
R-HSA-2172127,DAP12 interactions,0.0103984634257039,15,0.0006932308950469266
R-HSA-2173782,Binding and Uptake of Ligands by Scavenger Receptors,0.0042622853563419,8,0.0005327856695427375
R-HSA-2173788,Downregulation of TGF-beta receptor signaling,0.0034462621215329,5,0.00068925242430658
R-HSA-2173789,TGF-beta receptor signaling activates SMADs,0.0077697566681801,13,0.0005976735898600077
R-HSA-2173791,TGF-beta receptor signaling in EMT (epithelial to mesenchymal transition),0.0025304828007035,4,0.000632620700175875
R-HSA-2173793,Transcriptional activity of SMAD2/SMAD3:SMAD4 heterotrimer,0.0060458384436564,8,0.00075572980545705
R-HSA-2173795,Downregulation of SMAD2/3:SMAD4 transcriptional activity,0.0036445156123778,5,0.00072890312247556
R-HSA-2173796,SMAD2/SMAD3:SMAD4 heterotrimer regulates transcription,0.0045420109647085,5,0.0009084021929416999
R-HSA-2179392,EGFR Transactivation by Gastrin,0.0059580217985104,6,0.0009930036330850667
R-HSA-2187338,Visual phototransduction,0.0061750723458675,15,0.0004116714897245
R-HSA-2197563,NOTCH2 intracellular domain regulates transcription,0.0013370010511974,1,0.0013370010511974
R-HSA-2214320,Anchoring fibril formation,0.0007007591478595,2,0.00035037957392975
R-HSA-2219528,PI3K/AKT Signaling in Cancer,0.0234219550469114,42,0.0005576655963550333
R-HSA-2219530,Constitutive Signaling by Aberrant PI3K in Cancer,0.0201585364564404,35,0.0005759581844697257
R-HSA-2243919,Crosslinking of collagen fibrils,0.0003905875630747,1,0.0003905875630747
R-HSA-2262752,Cellular responses to stress,0.0330951788747311,59,0.0005609352351649339
R-HSA-2299718,Condensation of Prophase Chromosomes,0.0037118485389568997,6,0.0006186414231594833
R-HSA-2404192,Signaling by Type 1 Insulin-like Growth Factor 1 Receptor (IGF1R),0.0107324643291317,16,0.0006707790205707312
R-HSA-2408522,Selenoamino acid metabolism,0.0017739457547168,2,0.0008869728773584
R-HSA-2408557,Selenocysteine synthesis,0.0017739457547168,2,0.0008869728773584
R-HSA-2424491,DAP12 signaling,0.0103984634257039,15,0.0006932308950469266
R-HSA-2426168,Activation of gene expression by SREBF (SREBP),0.0028422174853036,7,0.0004060310693290857
R-HSA-2428924,IGF1R signaling cascade,0.0107324643291317,16,0.0006707790205707312
R-HSA-2428928,IRS-related events triggered by IGF1R,0.0107324643291317,16,0.0006707790205707312
R-HSA-2428933,SHC-related events triggered by IGF1R,0.0052681105160079,7,0.0007525872165725572
R-HSA-2454202,Fc epsilon receptor (FCERI) signaling,0.0167917820895015,26,0.0006458377726731347
R-HSA-2465910,MASTL Facilitates Mitotic Progression,0.0019030194298936,2,0.0009515097149468
R-HSA-2467813,Separation of Sister Chromatids,0.0107775173430931,21,0.0005132151115758619
R-HSA-2468052,Establishment of Sister Chromatid Cohesion,0.0003057490886436,1,0.0003057490886436
R-HSA-2485179,Activation of the phototransduction cascade,0.0004042015880592,1,0.0004042015880592
R-HSA-2500257,Resolution of Sister Chromatid Cohesion,0.0107706982453282,20,0.00053853491226641
R-HSA-2514853,Condensation of Prometaphase Chromosomes,0.0040259709106933,7,0.0005751387015276142
R-HSA-2514856,The phototransduction cascade,0.0014721528631542,3,0.0004907176210514
R-HSA-2514859,"Inactivation, recovery and regulation of the phototransduction cascade",0.0014721528631542,3,0.0004907176210514
R-HSA-2555396,Mitotic Metaphase and Anaphase,0.0132922358591586,24,0.000553843160798275
R-HSA-2559580,Oxidative Stress Induced Senescence,0.008974610762,13,0.000690354674
R-HSA-2559582,Senescence-Associated Secretory Phenotype (SASP),0.006116574578538,9,0.0006796193976153334
R-HSA-2559583,Cellular Senescence,0.0127819447781304,20,0.00063909723890652
R-HSA-2559584,Formation of Senescence-Associated Heterochromatin Foci (SAHF),0.0023487076291201,2,0.00117435381456005
R-HSA-2559585,Oncogene Induced Senescence,0.0049902720444017,6,0.0008317120074002833
R-HSA-2559586,DNA Damage/Telomere Stress Induced Senescence,0.0043656392459707,6,0.0007276065409951167
R-HSA-2562578,TRIF-mediated programmed cell death,0.0005879084134556,1,0.0005879084134556
R-HSA-2564830,Cytosolic iron-sulfur cluster assembly,0.0003274173514774,1,0.0003274173514774
R-HSA-2565942,Regulation of PLK1 Activity at G2/M Transition,0.0076600550206088,11,0.0006963686382371637
R-HSA-2586552,Signaling by Leptin,0.0034542046096947,6,0.00057570076828245
R-HSA-2644602,Signaling by NOTCH1 PEST Domain Mutants in Cancer,0.0060717849307244005,8,0.0007589731163405501
R-HSA-2644603,Signaling by NOTCH1 in Cancer,0.0060717849307244005,8,0.0007589731163405501
R-HSA-2644605,FBXW7 Mutants and NOTCH1 in Cancer,0.0006582112261715,1,0.0006582112261715
R-HSA-2644606,Constitutive Signaling by NOTCH1 PEST Domain Mutants,0.0060717849307244005,8,0.0007589731163405501
R-HSA-2644607,Loss of Function of FBXW7 in Cancer and NOTCH1 Signaling,0.0006582112261715,1,0.0006582112261715
R-HSA-264642,Acetylcholine Neurotransmitter Release Cycle,0.0026398197651979,6,0.0004399699608663167
R-HSA-264876,Insulin processing,0.0009371864328823,2,0.00046859321644115
R-HSA-2660825,Signaling by NOTCH1 t(7;9)(NOTCH1:M1580_K2555) Translocation Mutant,0.0006582112261715,1,0.0006582112261715
R-HSA-2660826,Constitutive Signaling by NOTCH1 t(7;9)(NOTCH1:M1580_K2555) Translocation Mutant,0.0006582112261715,1,0.0006582112261715
R-HSA-2672351,Stimuli-sensing channels,0.0013890700171119,1,0.0013890700171119
R-HSA-2682334,EPH-Ephrin signaling,0.0090368463102658,14,0.0006454890221618428
R-HSA-2691230,Signaling by NOTCH1 HD Domain Mutants in Cancer,0.0020472812432834,2,0.0010236406216417
R-HSA-2691232,Constitutive Signaling by NOTCH1 HD Domain Mutants,0.0020472812432834,2,0.0010236406216417
R-HSA-2730905,Role of LAT2/NTAL/LAB on calcium mobilization,0.0056801327778615,8,0.0007100165972326875
R-HSA-2871796,FCERI mediated MAPK activation,0.0099789205093515,16,0.0006236825318344688
R-HSA-2871809,FCERI mediated Ca+2 mobilization,0.0041107399569695,9,0.0004567488841077222
R-HSA-2871837,FCERI mediated NF-kB activation,0.0036634936907926,6,0.0006105822817987666
R-HSA-2892245,"POU5F1 (OCT4), SOX2, NANOG repress genes related to differentiation",0.0016016790492875,3,0.0005338930164291666
R-HSA-2892247,"POU5F1 (OCT4), SOX2, NANOG activate genes related to proliferation",0.0021401946421075,4,0.000535048660526875
R-HSA-2894858,Signaling by NOTCH1 HD+PEST Domain Mutants in Cancer,0.0060717849307244005,8,0.0007589731163405501
R-HSA-2894862,Constitutive Signaling by NOTCH1 HD+PEST Domain Mutants,0.0060717849307244005,8,0.0007589731163405501
R-HSA-2978092,Abnormal conversion of 2-oxoglutarate to 2-hydroxyglutarate,0.00030013492753,1,0.00030013492753
R-HSA-2979096,NOTCH2 Activation and Transmission of Signal to the Nucleus,0.0013890700171119,1,0.0013890700171119
R-HSA-2980736,Peptide hormone metabolism,0.0044962751846109004,11,0.00040875228951008183
R-HSA-2980766,Nuclear Envelope Breakdown,0.0043564182034519,6,0.0007260697005753167
R-HSA-2980767,"Activation of NIMA Kinases NEK9, NEK6, NEK7",0.003184089157923,4,0.00079602228948075
R-HSA-2990846,SUMOylation,0.0149864413507611,25,0.000599457654030444
R-HSA-2995383,Initiation of Nuclear Envelope (NE) Reformation,0.0025147185160655002,3,0.0008382395053551667
R-HSA-2995410,Nuclear Envelope (NE) Reassembly,0.0025147185160655002,3,0.0008382395053551667
R-HSA-3000157,Laminin interactions,0.0045517244814437,10,0.00045517244814437003
R-HSA-3000170,Syndecan interactions,0.0094911076291316,19,0.0004995319804806105
R-HSA-3000171,Non-integrin membrane-ECM interactions,0.0123681276909087,27,0.0004580788033669889
R-HSA-3000178,ECM proteoglycans,0.0104665380254083,23,0.0004550668706699261
R-HSA-3000471,Scavenging by Class B Receptors,0.000908295206056,2,0.000454147603028
R-HSA-3000480,Scavenging by Class A Receptors,0.0020207524399317,5,0.00040415048798633996
R-HSA-3000484,Scavenging by Class F Receptors,0.0018897348016149,3,0.0006299116005383
R-HSA-3000497,Scavenging by Class H Receptors,0.0004307261962231,1,0.0004307261962231
R-HSA-3108214,SUMOylation of DNA damage response and repair proteins,0.0016996493173231,4,0.000424912329330775
R-HSA-3108232,SUMO E3 ligases SUMOylate target proteins,0.0149864413507611,25,0.000599457654030444
R-HSA-3134973,LRR FLII-interacting protein 1 (LRRFIP1) activates type I IFN production,0.0013370010511974,1,0.0013370010511974
R-HSA-3134975,Regulation of innate immune responses to cytosolic DNA,0.0013890700171119,1,0.0013890700171119
R-HSA-3214815,HDACs deacetylate histones,0.0018435704421076,4,0.0004608926105269
R-HSA-3214841,PKMTs methylate histone lysines,0.001274605641247,3,0.00042486854708233333
R-HSA-3214847,HATs acetylate histones,0.0034937466706263,6,0.00058229111177105
R-HSA-3214858,RMTs methylate histone arginines,0.0018531932854771,3,0.0006177310951590334
R-HSA-3229121,Glycogen storage diseases,0.0013890700171119,1,0.0013890700171119
R-HSA-3232118,SUMOylation of transcription factors,0.0027301559167399,3,0.0009100519722466333
R-HSA-3232142,SUMOylation of ubiquitinylation proteins,0.000541788130436,1,0.000541788130436
R-HSA-3238698,WNT ligand biogenesis and trafficking,0.0007113046250179,2,0.00035565231250895
R-HSA-3247509,Chromatin modifying enzymes,0.0071762948852835,13,0.0005520226834833462
R-HSA-3299685,Detoxification of Reactive Oxygen Species,0.0004226883150398,1,0.0004226883150398
R-HSA-3301854,Nuclear Pore Complex (NPC) Disassembly,0.0025147185160655002,3,0.0008382395053551667
R-HSA-3304347,Loss of Function of SMAD4 in Cancer,0.000751618116318,1,0.000751618116318
R-HSA-3304349,Loss of Function of SMAD2/3 in Cancer,0.0015095155028506,3,0.0005031718342835334
R-HSA-3304351,Signaling by TGF-beta Receptor Complex in Cancer,0.0015095155028506,3,0.0005031718342835334
R-HSA-3304356,SMAD2/3 Phosphorylation Motif Mutants in Cancer,0.0015095155028506,3,0.0005031718342835334
R-HSA-3311021,SMAD4 MH2 Domain Mutants in Cancer,0.000751618116318,1,0.000751618116318
R-HSA-3315487,SMAD2/3 MH2 Domain Mutants in Cancer,0.000751618116318,1,0.000751618116318
R-HSA-3322077,Glycogen synthesis,0.0013890700171119,1,0.0013890700171119
R-HSA-3371378,Regulation by c-FLIP,0.00043872493162,1,0.00043872493162
R-HSA-3371453,Regulation of HSF1-mediated heat shock response,0.0011727639519967,2,0.00058638197599835
R-HSA-3371497,HSP90 chaperone cycle for steroid hormone receptors (SHR) in the presence of ligand,0.0028341467491693,4,0.000708536687292325
R-HSA-3371511,HSF1 activation,0.0011619346657356,1,0.0011619346657356
R-HSA-3371556,Cellular response to heat stress,0.0048655847148661,7,0.0006950835306951572
R-HSA-3371568,Attenuation phase,0.0031399333811474002,3,0.0010466444603824667
R-HSA-3371571,HSF1-dependent transactivation,0.0043338184270838,6,0.0007223030711806334
R-HSA-349425,Autodegradation of the E3 ubiquitin ligase COP1,0.0037586091920466,3,0.0012528697306822
R-HSA-350054,Notch-HLH transcription pathway,0.0025737425473104,5,0.00051474850946208
R-HSA-351906,Apoptotic cleavage of cell adhesion  proteins,0.0004617207917275,1,0.0004617207917275
R-HSA-354192,Integrin signaling,0.0062579365163921,9,0.0006953262795991222
R-HSA-354194,GRB2:SOS provides linkage to MAPK signaling for Integrins ,0.0049552693252318996,6,0.0008258782208719833
R-HSA-3560782,Diseases associated with glycosaminoglycan metabolism,0.0034356665057532,9,0.0003817407228614667
R-HSA-3560783,"Defective B4GALT7 causes EDS, progeroid type",0.003027419196013,8,0.000378427399501625
R-HSA-3560801,Defective B3GAT3 causes JDSSDHD,0.003027419196013,8,0.000378427399501625
R-HSA-3595172,Defective CHST3 causes SEDCJD,0.0007033109885002001,2,0.00035165549425010003
R-HSA-3595174,"Defective CHST14 causes EDS, musculocontractural type",0.0007033109885002001,2,0.00035165549425010003
R-HSA-3595177,Defective CHSY1 causes TPBS,0.0007033109885002001,2,0.00035165549425010003
R-HSA-3642278,Loss of Function of TGFBR2 in Cancer,0.0007578973865326,2,0.0003789486932663
R-HSA-3642279,TGFBR2 MSI Frameshift Mutants in Cancer,0.0004682718208937,1,0.0004682718208937
R-HSA-3645790,TGFBR2 Kinase Domain Mutants in Cancer,0.0007578973865326,2,0.0003789486932663
R-HSA-3656225,Defective CHST6 causes MCDC1,0.0004082473097402,1,0.0004082473097402
R-HSA-3656237,Defective EXT2 causes exostoses 2,0.0023241082075128,6,0.0003873513679188
R-HSA-3656243,Defective ST3GAL3 causes MCT12 and EIEE15,0.0004082473097402,1,0.0004082473097402
R-HSA-3656244,Defective B4GALT1 causes B4GALT1-CDG (CDG-2d),0.0004082473097402,1,0.0004082473097402
R-HSA-3656253,"Defective EXT1 causes exostoses 1, TRPS2 and CHDS",0.0023241082075128,6,0.0003873513679188
R-HSA-3656532,TGFBR1 KD Mutants in Cancer,0.0015095155028506,3,0.0005031718342835334
R-HSA-3656534,Loss of Function of TGFBR1 in Cancer,0.0015095155028506,3,0.0005031718342835334
R-HSA-3656535,TGFBR1 LBD Mutants in Cancer,0.0007578973865326,2,0.0003789486932663
R-HSA-3700989,Transcriptional Regulation by TP53,0.0224043938748872,38,0.0005895893124970316
R-HSA-372708,p130Cas linkage to MAPK signaling for integrins,0.0047146523386137,6,0.00078577538976895
R-HSA-372790,Signaling by GPCR,0.0364014488098417,72,0.000505575677914468
R-HSA-373076,Class A/1 (Rhodopsin-like receptors),0.0065843985768497,17,0.00038731756334409997
R-HSA-373080,Class B/2 (Secretin family receptors),0.0034787474941177002,8,0.00043484343676471253
R-HSA-373752,Netrin-1 signaling,0.0045243568314731,5,0.00090487136629462
R-HSA-373753,Nephrin family interactions,0.0044989563160512,7,0.0006427080451501714
R-HSA-373755,Semaphorin interactions,0.007260526431536,12,0.0006050438692946667
R-HSA-373760,L1CAM interactions,0.0140298736999756,25,0.000561194947999024
R-HSA-375165,NCAM signaling for neurite out-growth,0.0087511375526196,11,0.0007955579593290546
R-HSA-375276,Peptide ligand-binding receptors,0.0059548937694023,15,0.00039699291796015335
R-HSA-375280,Amine ligand-binding receptors,0.0006295048074474001,2,0.00031475240372370004
R-HSA-376172,DSCAM interactions,0.0003147424264133,1,0.0003147424264133
R-HSA-376176,Signaling by ROBO receptors,0.008171561356601,12,0.0006809634463834166
R-HSA-3769402,Deactivation of the beta-catenin transactivating complex,0.0036275409010823,6,0.0006045901501803833
R-HSA-3772470,Negative regulation of TCF-dependent signaling by WNT ligand antagonists,0.0009422356418934,3,0.0003140785472978
R-HSA-3781865,Diseases of glycosylation,0.0055825513622588,14,0.0003987536687327714
R-HSA-3785653,Myoclonic epilepsy of Lafora,0.0013890700171119,1,0.0013890700171119
R-HSA-380108,Chemokine receptors bind chemokines,0.0029173902297838,8,0.000364673778722975
R-HSA-380259,Loss of Nlp from mitotic centrosomes,0.0039436330109591,6,0.0006572721684931834
R-HSA-380270,Recruitment of mitotic centrosome proteins and complexes,0.0039436330109591,6,0.0006572721684931834
R-HSA-380284,Loss of proteins required for interphase microtubule organization from the centrosome,0.0039436330109591,6,0.0006572721684931834
R-HSA-380287,Centrosome maturation,0.0039436330109591,6,0.0006572721684931834
R-HSA-380320,Recruitment of NuMA to mitotic centrosomes,0.0039436330109591,6,0.0006572721684931834
R-HSA-380994,ATF4 activates genes in response to endoplasmic reticulum  stress,0.0003080582494188,1,0.0003080582494188
R-HSA-381033,ATF6 (ATF6-alpha) activates chaperones,0.0006340571144183,2,0.00031702855720915
R-HSA-381038,XBP1(S) activates chaperone genes,0.0003369831747621,1,0.0003369831747621
R-HSA-381042,PERK regulates gene expression,0.0003080582494188,1,0.0003080582494188
R-HSA-381070,IRE1alpha activates chaperones,0.0003369831747621,1,0.0003369831747621
R-HSA-381119,Unfolded Protein Response (UPR),0.0009421153638371,3,0.0003140384546123667
R-HSA-381183,ATF6 (ATF6-alpha) activates chaperone genes,0.0006340571144183,2,0.00031702855720915
R-HSA-381340,Transcriptional regulation of white adipocyte differentiation,0.0077654839500484,16,0.000485342746878025
R-HSA-381426,Regulation of Insulin-like Growth Factor (IGF) transport and uptake by Insulin-like Growth Factor Binding Proteins (IGFBPs),0.0077899753094005,15,0.0005193316872933667
R-HSA-381676,Glucagon-like Peptide-1 (GLP1) regulates insulin secretion,0.0052033872767067,12,0.00043361560639222505
R-HSA-381753,Olfactory Signaling Pathway,0.0003058537423017,1,0.0003058537423017
R-HSA-381771,"Synthesis, secretion, and inactivation of Glucagon-like Peptide-1 (GLP-1)",0.0014385923770017,4,0.000359648094250425
R-HSA-382551,Transport of small molecules,0.0123802757990116,27,0.0004585287332967259
R-HSA-382556,ABC-family proteins mediated transport,0.0024320206971281,3,0.0008106735657093666
R-HSA-383280,Nuclear Receptor transcription pathway,0.0043628680992058,8,0.000545358512400725
R-HSA-3858494,Beta-catenin independent WNT signaling,0.0101595067980124,21,0.00048378603800059046
R-HSA-388396,GPCR downstream signalling,0.0347211759872621,67,0.0005182265072725687
R-HSA-388841,Regulation of T cell activation by CD28 family,0.0239548961316568,39,0.0006142281059399179
R-HSA-389356,Co-stimulation by CD28,0.0105257809110013,17,0.0006191635830000765
R-HSA-389357,CD28 dependent PI3K/Akt signaling,0.0062354625098890995,11,0.0005668602281717364
R-HSA-389359,CD28 dependent Vav1 pathway,0.0035531202919655,7,0.0005075886131379286
R-HSA-389513,Co-inhibition by CTLA4,0.0070599764787222,10,0.0007059976478722199
R-HSA-389542,NADPH regeneration,0.00030013492753,1,0.00030013492753
R-HSA-389599,Alpha-oxidation of phytanate,0.0002943542683364,1,0.0002943542683364
R-HSA-389661,Glyoxylate metabolism and glycine degradation,0.000634998007494,2,0.000317499003747
R-HSA-389887,Beta-oxidation of pristanoyl-CoA,0.0003096728742802,1,0.0003096728742802
R-HSA-3899300,SUMOylation of transcription cofactors,0.0026551143465663,4,0.000663778586641575
R-HSA-389948,Co-inhibition by PD-1,0.014130839782597,23,0.0006143843383737826
R-HSA-390247,Beta-oxidation of very long chain fatty acids,0.0006666489568084,2,0.0003333244784042
R-HSA-390466,Chaperonin-mediated protein folding,0.0049119972347079,7,0.0007017138906725572
R-HSA-390471,Association of TriC/CCT with target proteins during biosynthesis,0.0018377728871524,1,0.0018377728871524
R-HSA-390522,Striated Muscle Contraction,0.0015980323108198999,4,0.00039950807770497497
R-HSA-390648,Muscarinic acetylcholine receptors,0.0003110349679448,1,0.0003110349679448
R-HSA-390696,Adrenoceptors,0.0003184698395026,1,0.0003184698395026
R-HSA-3906995,Diseases associated with O-glycosylation of proteins,0.0021468848565056,5,0.00042937697130111997
R-HSA-390918,Peroxisomal lipid metabolism,0.0009610032251447999,3,0.0003203344083816
R-HSA-391160,Signal regulatory protein family interactions,0.0039925802132506,5,0.0007985160426501201
R-HSA-391251,Protein folding,0.0049119972347079,7,0.0007017138906725572
R-HSA-392154,Nitric oxide stimulates guanylate cyclase,0.001386611110219,4,0.00034665277755475
R-HSA-392170,ADP signalling through P2Y purinoceptor 12,0.0024907993069625,5,0.0004981598613924999
R-HSA-392451,G beta:gamma signalling through PI3Kgamma,0.0020844716550194,5,0.00041689433100387997
R-HSA-392499,Metabolism of proteins,0.0495936221226157,99,0.0005009456780062192
R-HSA-392517,Rap1 signalling,0.001715636033895,3,0.0005718786779650001
R-HSA-392518,Signal amplification,0.0060253756657892,9,0.0006694861850876889
R-HSA-392851,Prostacyclin signalling through prostacyclin receptor,0.0024144439627578,5,0.00048288879255156
R-HSA-3928662,EPHB-mediated forward signaling,0.0073858373037515,10,0.00073858373037515
R-HSA-3928663,EPHA-mediated growth cone collapse,0.0039933445463158,4,0.00099833613657895
R-HSA-3928664,Ephrin signaling,0.0032888175607904,3,0.0010962725202634668
R-HSA-3928665,EPH-ephrin mediated repulsion of cells,0.0056443535528301,8,0.0007055441941037625
R-HSA-397014,Muscle contraction,0.0072972186018662,18,0.00040540103343701114
R-HSA-397795,G-protein beta:gamma signalling,0.0031202416243518,8,0.000390030203043975
R-HSA-399710,Activation of AMPA receptors,0.0008207898043021,2,0.00041039490215105
R-HSA-399719,Trafficking of AMPA receptors,0.0050991327804038,10,0.00050991327804038
R-HSA-399721,"Glutamate binding, activation of AMPA receptors and synaptic plasticity",0.0050991327804038,10,0.00050991327804038
R-HSA-399954,Sema3A PAK dependent Axon repulsion,0.002816701997251,4,0.00070417549931275
R-HSA-399955,SEMA3A-Plexin repulsion signaling by inhibiting Integrin adhesion,0.00154362927703,3,0.0005145430923433333
R-HSA-399956,CRMPs in Sema3A signaling,0.0016515761439853001,3,0.0005505253813284334
R-HSA-399997,Acetylcholine regulates insulin secretion,0.0022990300818979998,4,0.0005747575204744999
R-HSA-400042,"Adrenaline,noradrenaline inhibits insulin secretion",0.0037107311938313,8,0.0004638413992289125
R-HSA-400206,Regulation of lipid metabolism by PPARalpha,0.0068808358372483,14,0.0004914882740891643
R-HSA-400451,Free fatty acids regulate insulin secretion,0.0016243478435624,3,0.0005414492811874667
R-HSA-400508,"Incretin synthesis, secretion, and inactivation",0.0017888261344502,5,0.00035776522689004
R-HSA-400511,"Synthesis, secretion, and inactivation of Glucose-dependent Insulinotropic Polypeptide (GIP)",0.0006691754384613999,2,0.00033458771923069997
R-HSA-400685,Sema4D in semaphorin signaling,0.0013941505451153,3,0.00046471684837176666
R-HSA-4086398,Ca2+ pathway,0.0059019802270801,13,0.0004539984790061615
R-HSA-4086400,PCP/CE pathway,0.0049322088092679,9,0.0005480232010297666
R-HSA-4090294,SUMOylation of intracellular receptors,0.0035404363147747,6,0.0005900727191291167
R-HSA-416476,G alpha (q) signalling events,0.0160326422309311,27,0.0005938015641085593
R-HSA-416482,G alpha (12/13) signalling events,0.0034022759498749,8,0.0004252844937343625
R-HSA-416550,Sema4D mediated inhibition of cell attachment and migration,0.0007650638894967,2,0.00038253194474835
R-HSA-416572,Sema4D induced cell migration and growth-cone collapse,0.0006290866556186,1,0.0006290866556186
R-HSA-416700,Other semaphorin interactions,0.0026398651819497,4,0.000659966295487425
R-HSA-416993,Trafficking of GluR2-containing AMPA receptors,0.0023161666879615997,5,0.00046323333759231995
R-HSA-418217,G beta:gamma signalling through PLC beta,0.0020602630023159,5,0.00041205260046318004
R-HSA-418346,Platelet homeostasis,0.0062368458349779,14,0.0004454889882127071
R-HSA-418360,Platelet calcium homeostasis,0.0004060588249835,1,0.0004060588249835
R-HSA-418457,cGMP effects,0.0007163737898887,2,0.00035818689494435
R-HSA-418555,G alpha (s) signalling events,0.0120822058532714,22,0.0005491911751487
R-HSA-418592,ADP signalling through P2Y purinoceptor 1,0.0050048175256966,7,0.0007149739322423714
R-HSA-418594,G alpha (i) signalling events,0.0194045889177815,42,0.00046201402185194046
R-HSA-418597,G alpha (z) signalling events,0.0068177730225651,16,0.00042611081391031875
R-HSA-418885,DCC mediated attractive signaling,0.0031905600924535997,3,0.0010635200308178666
R-HSA-418886,Netrin mediated repulsion signals,0.003131762562164,3,0.0010439208540546667
R-HSA-418890,Role of second messengers in netrin-1 signaling,0.0003147424264133,1,0.0003147424264133
R-HSA-418990,Adherens junctions interactions,0.0104759699986703,17,0.000616233529333547
R-HSA-419037,NCAM1 interactions,0.0016128027944923,4,0.000403200698623075
R-HSA-420092,Glucagon-type ligand receptors,0.0024144439627578,5,0.00048288879255156
R-HSA-420499,Class C/3 (Metabotropic glutamate/pheromone receptors),0.0006426558499649,2,0.00032132792498245
R-HSA-421270,Cell-cell junction organization,0.0104759699986703,17,0.000616233529333547
R-HSA-422085,"Synthesis, secretion, and deacylation of Ghrelin",0.0014230972328908,3,0.00047436574429693336
R-HSA-422356,Regulation of insulin secretion,0.0110902801440711,23,0.0004821860932204826
R-HSA-422475,Axon guidance,0.0369697440870565,63,0.0005868213347151825
R-HSA-425407,SLC-mediated transmembrane transport,0.0006813248323518,2,0.0003406624161759
R-HSA-427389,ERCC6 (CSB) and EHMT2 (G9a) positively regulate rRNA expression,0.0010929443644519,2,0.00054647218222595
R-HSA-427413,NoRC negatively regulates rRNA expression,0.0006633373130604,1,0.0006633373130604
R-HSA-428157,Sphingolipid metabolism,0.0002943542683364,1,0.0002943542683364
R-HSA-428540,Activation of RAC1,0.0010642590608416001,2,0.0005321295304208001
R-HSA-428542,Regulation of commissural axon pathfinding by SLIT and ROBO,0.0022453356045544,2,0.0011226678022772
R-HSA-428930,Thromboxane signalling through TP receptor,0.0033590529338401,7,0.00047986470483429996
R-HSA-430116,GP1b-IX-V activation signalling,0.0047613594913864,6,0.0007935599152310667
R-HSA-432040,Vasopressin regulates renal water homeostasis via Aquaporins,0.0053828722712755,13,0.00041406709779042306
R-HSA-432142,Platelet sensitization by LDL,0.0024357907620011,5,0.00048715815240022
R-HSA-432720,Lysosome Vesicle Biogenesis,0.002697909229427,5,0.0005395818458854
R-HSA-432722,Golgi Associated Vesicle Biogenesis,0.0022659096244344,5,0.00045318192488688
R-HSA-434316,Fatty Acids bound to GPR40 (FFAR1) regulate insulin secretion,0.0016243478435624,3,0.0005414492811874667
R-HSA-437239,Recycling pathway of L1,0.0034586888965577,5,0.00069173777931154
R-HSA-438064,Post NMDA receptor activation events,0.0136384972700827,24,0.0005682707195867792
R-HSA-438066,"Unblocking of NMDA receptors, glutamate binding and activation",0.0054556750279577,12,0.00045463958566314164
R-HSA-4411364,Binding of TCF/LEF:CTNNB1 to target gene promoters,0.0014558586456748,3,0.00048528621522493334
R-HSA-4419969,Depolymerization of the Nuclear Lamina,0.0030753484754225,4,0.000768837118855625
R-HSA-4420097,VEGFA-VEGFR2 Pathway,0.0205134444532779,31,0.0006617240146218678
R-HSA-4420332,Defective B3GALT6 causes EDSP2 and SEMDJL1,0.003027419196013,8,0.000378427399501625
R-HSA-442720,CREB1 phosphorylation through the activation of Adenylate Cyclase,0.0023494213011757002,6,0.0003915702168626167
R-HSA-442729,CREB1 phosphorylation through the activation of CaMKII/CaMKK/CaMKIV cascasde,0.0007430238673133,2,0.00037151193365665
R-HSA-442742,CREB1 phosphorylation through NMDA receptor-mediated activation of RAS signaling,0.0073900193823353,12,0.0006158349485279416
R-HSA-442755,Activation of NMDA receptors and postsynaptic events,0.0143287969919293,26,0.0005511075766126654
R-HSA-442982,Ras activation upon Ca2+ influx through NMDA receptor,0.0073900193823353,12,0.0006158349485279416
R-HSA-444473,Formyl peptide receptors bind formyl peptides and many other ligands,0.0007375955243429,1,0.0007375955243429
R-HSA-445095,Interaction between L1 and Ankyrins,0.0009852229529066,3,0.00032840765096886666
R-HSA-445144,Signal transduction by L1,0.0064158589206595,11,0.0005832599018781363
R-HSA-445355,Smooth Muscle Contraction,0.0020631005024117,5,0.00041262010048234
R-HSA-445717,Aquaporin-mediated transport,0.0053828722712755,13,0.00041406709779042306
R-HSA-445989,TAK1-dependent IKK and NF-kappa-B activation  ,0.0056101448087777,7,0.0008014492583968143
R-HSA-446107,Type I hemidesmosome assembly,0.0009289705917983,3,0.0003096568639327667
R-HSA-446203,Asparagine N-linked glycosylation,0.0026754168183342002,5,0.00053508336366684
R-HSA-446343,Localization of the PINCH-ILK-PARVIN complex to focal adhesions,0.001136726839655,1,0.001136726839655
R-HSA-446353,Cell-extracellular matrix interactions,0.0018334292559942,3,0.0006111430853314
R-HSA-446388,Regulation of cytoskeletal remodeling and cell spreading by IPP complex components,0.0002911202348483,1,0.0002911202348483
R-HSA-446652,Interleukin-1 family signaling,0.0098889165902896,15,0.0006592611060193067
R-HSA-446728,Cell junction organization,0.0132383698464628,23,0.0005755812976722957
R-HSA-447038,NrCAM interactions,0.0014140118852508,2,0.0007070059426254
R-HSA-447041,CHL1 interactions,0.00288834988669,5,0.0005776699773380001
R-HSA-447115,Interleukin-12 family signaling,0.0030040393216774998,5,0.0006008078643355
R-HSA-448424,Interleukin-17 signaling,0.0057389112157181,9,0.0006376568017464556
R-HSA-448706,Interleukin-1 processing,0.0005543117321675,1,0.0005543117321675
R-HSA-449147,Signaling by Interleukins,0.050487346644533,91,0.0005548060070827802
R-HSA-449836,Other interleukin signaling,0.0038989633666105,7,0.0005569947666586428
R-HSA-450282,MAPK targets/ Nuclear events mediated by MAP kinases,0.003220667818319,5,0.0006441335636638001
R-HSA-450294,MAP kinase activation,0.0057389112157181,9,0.0006376568017464556
R-HSA-450302,activated TAK1 mediates p38 MAPK activation,0.0022117565716767,3,0.0007372521905589
R-HSA-450321,JNK (c-Jun kinases) phosphorylation and  activation mediated by activated human TAK1,0.0027618136158523003,4,0.0006904534039630751
R-HSA-450341,Activation of the AP-1 family of transcription factors,0.003220667818319,5,0.0006441335636638001
R-HSA-450408,AUF1 (hnRNP D0) binds and destabilizes mRNA,0.0020300676813263,2,0.00101503384066315
R-HSA-450520,HuR (ELAVL1) binds and stabilizes mRNA,0.0010349383715414,2,0.0005174691857707
R-HSA-450531,Regulation of mRNA stability by proteins that bind AU-rich elements,0.0041530852644429,6,0.00069218087740715
R-HSA-450604,KSRP (KHSRP) binds and destabilizes mRNA,0.0010880792115752001,2,0.0005440396057876001
R-HSA-451306,Ionotropic activity of kainate receptors,0.0014140118852508,2,0.0007070059426254
R-HSA-451308,Activation of Ca-permeable Kainate Receptor,0.0014140118852508,2,0.0007070059426254
R-HSA-451326,Activation of kainate receptors upon glutamate binding,0.0034742748875667,7,0.0004963249839381
R-HSA-451927,Interleukin-2 family signaling,0.010321540757285,19,0.0005432389872255263
R-HSA-452723,Transcriptional regulation of pluripotent stem cells,0.0024862507271047,5,0.00049725014542094
R-HSA-453274,Mitotic G2-G2/M phases,0.01496938673731,23,0.000650842901622174
R-HSA-453276,Regulation of mitotic cell cycle,0.0096618279426222,15,0.00064412186284148
R-HSA-453279,Mitotic G1 phase and G1/S transition,0.0184954191513953,32,0.0005779818484811032
R-HSA-4551638,SUMOylation of chromatin organization proteins,0.0009812868298411,2,0.00049064341492055
R-HSA-456926,Thrombin signalling through proteinase activated receptors (PARs),0.0057554492802838,9,0.0006394943644759777
R-HSA-4608870,Asymmetric localization of PCP proteins,0.0013890700171119,1,0.0013890700171119
R-HSA-4615885,SUMOylation of DNA replication proteins,0.0033041198625577,6,0.0005506866437596167
R-HSA-4641257,Degradation of AXIN,0.0017615838804199001,2,0.0008807919402099501
R-HSA-4641258,Degradation of DVL,0.0018033210345209001,2,0.0009016605172604501
R-HSA-4641262,Disassembly of the destruction complex and recruitment of AXIN to the membrane,0.0028506020266819,7,0.00040722886095455714
R-HSA-4641263,Regulation of FZD by ubiquitination,0.0023313056590053,4,0.000582826414751325
R-HSA-4641265,Repression of WNT target genes,0.0006838873305700999,2,0.00034194366528504997
R-HSA-4755510,SUMOylation of immune response proteins,0.0004262736621098,1,0.0004262736621098
R-HSA-4791275,Signaling by WNT in cancer,0.0016437706856593,5,0.00032875413713186
R-HSA-4839726,Chromatin organization,0.0071762948852835,13,0.0005520226834833462
R-HSA-4839735,Signaling by AXIN mutants,0.000372513863308,1,0.000372513863308
R-HSA-4839743,Signaling by CTNNB1 phospho-site mutants,0.000372513863308,1,0.000372513863308
R-HSA-4839744,Signaling by APC mutants,0.000372513863308,1,0.000372513863308
R-HSA-4839748,Signaling by AMER1 mutants,0.000372513863308,1,0.000372513863308
R-HSA-499943,Interconversion of nucleotide di- and triphosphates,0.0010039533155569,2,0.00050197665777845
R-HSA-500657,Presynaptic function of Kainate receptors,0.0020602630023159,5,0.00041205260046318004
R-HSA-500792,GPCR ligand binding,0.0107058019209323,27,0.00039651118225675184
R-HSA-5083625,Defective GALNT3 causes HFTC,0.0010471614203507,3,0.00034905380678356665
R-HSA-5083630,Defective LFNG causes SCDO3,0.0006582112261715,1,0.0006582112261715
R-HSA-5083632,Defective C1GALT1C1 causes TNPS,0.0010471614203507,3,0.00034905380678356665
R-HSA-5083635,Defective B3GALTL causes PpS,0.0004415122099834,1,0.0004415122099834
R-HSA-5083636,Defective GALNT12 causes CRCS1,0.0010471614203507,3,0.00034905380678356665
R-HSA-5099900,WNT5A-dependent internalization of FZD4,0.0018843871828638,4,0.00047109679571595
R-HSA-512988,"Interleukin-3, Interleukin-5 and GM-CSF signaling",0.014844630693702,25,0.0005937852277480799
R-HSA-5140745,"WNT5A-dependent internalization of FZD2, FZD5 and ROR2",0.0003890102992043,1,0.0003890102992043
R-HSA-5173105,O-linked glycosylation,0.0014886736303341,4,0.000372168407583525
R-HSA-5173214,O-glycosylation of TSR domain-containing proteins,0.0004415122099834,1,0.0004415122099834
R-HSA-5205647,Mitophagy,0.0036202822100258,3,0.0012067607366752667
R-HSA-5205685,PINK1-PRKN Mediated Mitophagy,0.0016896890318847,2,0.00084484451594235
R-HSA-5210891,Uptake and function of anthrax toxins,0.0002923504649765,1,0.0002923504649765
R-HSA-5213460,RIPK1-mediated regulated necrosis,0.0029897296144675,3,0.0009965765381558334
R-HSA-5218859,Regulated Necrosis,0.0053818142337874,5,0.00107636284675748
R-HSA-5218900,CASP8 activity is inhibited,0.00043872493162,1,0.00043872493162
R-HSA-5218920,VEGFR2 mediated vascular permeability,0.003771595645183,7,0.0005387993778832857
R-HSA-5218921,VEGFR2 mediated cell proliferation,0.009217212047914999,12,0.0007681010039929165
R-HSA-5250913,Positive epigenetic regulation of rRNA expression,0.0029315133460721,4,0.000732878336518025
R-HSA-5250924,B-WICH complex positively regulates rRNA expression,0.0018385689816202001,2,0.0009192844908101001
R-HSA-5250941,Negative epigenetic regulation of rRNA expression,0.0006633373130604,1,0.0006633373130604
R-HSA-5250955,Toxicity of botulinum toxin type D (botD),0.0004645025733628,1,0.0004645025733628
R-HSA-5250958,Toxicity of botulinum toxin type B (botB),0.0008202350697052,2,0.0004101175348526
R-HSA-5250968,Toxicity of botulinum toxin type A (botA),0.0006451649514705,1,0.0006451649514705
R-HSA-5250971,Toxicity of botulinum toxin type C (botC),0.00111784881099,2,0.000558924405495
R-HSA-5250981,Toxicity of botulinum toxin type F (botF),0.0004645025733628,1,0.0004645025733628
R-HSA-5250982,Toxicity of tetanus toxin (tetX),0.0004645025733628,1,0.0004645025733628
R-HSA-5250989,Toxicity of botulinum toxin type G (botG),0.0008202350697052,2,0.0004101175348526
R-HSA-5250992,Toxicity of botulinum toxin type E (botE),0.0006451649514705,1,0.0006451649514705
R-HSA-525793,Myogenesis,0.0015053913520847,4,0.000376347838021175
R-HSA-5260271,Diseases of Immune System,0.0021957173836075,5,0.0004391434767215
R-HSA-532668,N-glycan trimming in the ER and Calnexin/Calreticulin cycle,0.0016861439567681,2,0.00084307197838405
R-HSA-5336415,Uptake and function of diphtheria toxin,0.0011619346657356,1,0.0011619346657356
R-HSA-5339562,Uptake and actions of bacterial toxins,0.0033923690114073,6,0.00056539483523455
R-HSA-5339700,Signaling by TCF7L2 mutants,0.0003290211804579,1,0.0003290211804579
R-HSA-5339716,Signaling by GSK3beta mutants,0.000372513863308,1,0.000372513863308
R-HSA-5339717,Signaling by LRP5 mutants ,0.000298062255244,1,0.000298062255244
R-HSA-5340588,Signaling by RNF43 mutants,0.0009422356418934,3,0.0003140785472978
R-HSA-5357769,Caspase activation via extrinsic apoptotic signalling pathway,0.0010266333450756,2,0.0005133166725378
R-HSA-5357786,TNFR1-induced proapoptotic signaling,0.00043872493162,1,0.00043872493162
R-HSA-5357801,Programmed Cell Death,0.0096705022282791,15,0.00064470014855194
R-HSA-5357905,Regulation of TNFR1 signaling,0.0023149832297324003,3,0.0007716610765774668
R-HSA-5357956,TNFR1-induced NF-kappa-B signaling pathway,0.0023149832297324003,3,0.0007716610765774668
R-HSA-5358346,Hedgehog ligand biogenesis,0.0017420689234539,2,0.00087103446172695
R-HSA-5358351,Signaling by Hedgehog,0.0068185166176159,15,0.0004545677745077267
R-HSA-5358508,Mismatch Repair,0.0013766473105197,3,0.0004588824368399
R-HSA-5358565,Mismatch repair (MMR) directed by MSH2:MSH6 (MutSalpha),0.0013766473105197,3,0.0004588824368399
R-HSA-5358606,Mismatch repair (MMR) directed by MSH2:MSH3 (MutSbeta),0.0013766473105197,3,0.0004588824368399
R-HSA-5358747,CTNNB1 S33 mutants aren't phosphorylated,0.000372513863308,1,0.000372513863308
R-HSA-5358749,CTNNB1 S37 mutants aren't phosphorylated,0.000372513863308,1,0.000372513863308
R-HSA-5358751,CTNNB1 S45 mutants aren't phosphorylated,0.000372513863308,1,0.000372513863308
R-HSA-5358752,CTNNB1 T41 mutants aren't phosphorylated,0.000372513863308,1,0.000372513863308
R-HSA-5362517,Signaling by Retinoic Acid,0.0005812390705556,1,0.0005812390705556
R-HSA-5362768,Hh mutants are degraded by ERAD,0.0017420689234539,2,0.00087103446172695
R-HSA-5362798,Release of Hh-Np from the secreting cell,0.000352998906342,1,0.000352998906342
R-HSA-5368598,Negative regulation of TCF-dependent signaling by DVL-interacting proteins,0.000414251017409,1,0.000414251017409
R-HSA-5387390,Hh mutants abrogate ligand secretion,0.0017420689234539,2,0.00087103446172695
R-HSA-5423646,Aflatoxin activation and detoxification,0.0007217002394712001,2,0.00036085011973560003
R-HSA-5467337,APC truncation mutants have impaired AXIN binding,0.000372513863308,1,0.000372513863308
R-HSA-5467340,AXIN missense mutants destabilize the destruction complex,0.000372513863308,1,0.000372513863308
R-HSA-5467348,Truncations of AMER1 destabilize the destruction complex,0.000372513863308,1,0.000372513863308
R-HSA-549127,SLC-mediated transport of organic cations,0.0003556575748176,1,0.0003556575748176
R-HSA-556833,Metabolism of lipids,0.017149240933604402,34,0.0005043894392236589
R-HSA-5576891,Cardiac conduction,0.0036360857886346,9,0.0004040095320705111
R-HSA-5576892,Phase 0 - rapid depolarisation,0.0020614445857943,5,0.00041228891715886006
R-HSA-5576893,Phase 2 - plateau phase,0.00050511518593,1,0.00050511518593
R-HSA-5578768,Physiological factors,0.0008518016878713,2,0.00042590084393565
R-HSA-5578775,Ion homeostasis,0.0019167245609054001,5,0.00038334491218108
R-HSA-5579031,Defective ACTH causes obesity and POMCD,0.0004772707675001,1,0.0004772707675001
R-HSA-5601884,PIWI-interacting RNA (piRNA) biogenesis,0.0011619346657356,1,0.0011619346657356
R-HSA-5602358,Diseases associated with the TLR signaling cascade,0.0021957173836075,5,0.0004391434767215
R-HSA-5602498,MyD88 deficiency (TLR2/4),0.0012822554404972,3,0.00042741848016573334
R-HSA-5602636,IKBKB deficiency causes SCID,0.0004871882810005,1,0.0004871882810005
R-HSA-5603027,IKBKG deficiency causes anhidrotic ectodermal dysplasia with immunodeficiency (EDA-ID) (via TLR),0.0004871882810005,1,0.0004871882810005
R-HSA-5603029,IkBA variant leads to EDA-ID,0.0009134619431103,2,0.00045673097155515
R-HSA-5603041,IRAK4 deficiency (TLR2/4),0.0012822554404972,3,0.00042741848016573334
R-HSA-5607761,Dectin-1 mediated noncanonical NF-kB signaling,0.0017375356109584,2,0.0008687678054792
R-HSA-5607763,CLEC7A (Dectin-1) induces NFAT activation,0.0004060588249835,1,0.0004060588249835
R-HSA-5607764,CLEC7A (Dectin-1) signaling,0.0069361463750251,10,0.00069361463750251
R-HSA-5610780,Degradation of GLI1 by the proteasome,0.002871829744051,4,0.00071795743601275
R-HSA-5610783,Degradation of GLI2 by the proteasome,0.0025839445174976002,3,0.0008613148391658667
R-HSA-5610785,GLI3 is processed to GLI3R by the proteasome,0.0029304357048361,4,0.000732608926209025
R-HSA-5610787,Hedgehog 'off' state,0.0059997145429713005,13,0.00046151650330548467
R-HSA-5617472,Activation of anterior HOX genes in hindbrain development during early embryogenesis,0.0056037370229539,10,0.00056037370229539
R-HSA-5617833,Cilium Assembly,0.0039436330109591,6,0.0006572721684931834
R-HSA-5619084,ABC transporter disorders,0.0024320206971281,3,0.0008106735657093666
R-HSA-5619115,Disorders of transmembrane transporters,0.0024320206971281,3,0.0008106735657093666
R-HSA-5619507,Activation of HOX genes during differentiation,0.0056037370229539,10,0.00056037370229539
R-HSA-5620912,Anchoring of the basal body to the plasma membrane,0.0039436330109591,6,0.0006572721684931834
R-HSA-5620971,Pyroptosis,0.0023920846193199,2,0.00119604230965995
R-HSA-5621480,Dectin-2 family,0.0040388109974323,8,0.0005048513746790375
R-HSA-5621481,C-type lectin receptors (CLRs),0.0157109552096295,22,0.0007141343277104318
R-HSA-5621575,CD209 (DC-SIGN) signaling,0.0073952788429983,8,0.0009244098553747876
R-HSA-5625740,RHO GTPases activate PKNs,0.0026516037446292,6,0.0004419339574382
R-HSA-5625886,Activated PKN1 stimulates transcription of AR (androgen receptor) regulated genes KLK2 and KLK3,0.0010016095360775,2,0.00050080476803875
R-HSA-5625900,RHO GTPases activate CIT,0.0017526464793917998,3,0.0005842154931306
R-HSA-5627083,RHO GTPases regulate CFTR trafficking,0.0005653816701833,1,0.0005653816701833
R-HSA-5627117,RHO GTPases Activate ROCKs,0.0004129998947501,1,0.0004129998947501
R-HSA-5627123,RHO GTPases activate PAKs,0.0011909781893297,3,0.0003969927297765667
R-HSA-5628897,TP53 Regulates Metabolic Genes,0.0037010792575957,5,0.0007402158515191399
R-HSA-5632681,Ligand-receptor interactions,0.000352998906342,1,0.000352998906342
R-HSA-5632684,Hedgehog 'on' state,0.0028422485056484002,5,0.0005684497011296801
R-HSA-5633007,Regulation of TP53 Activity,0.0152446654305368,24,0.0006351943929390334
R-HSA-5633008,TP53 Regulates Transcription of Cell Death Genes,0.0032087086894497,4,0.000802177172362425
R-HSA-5635838,Activation of SMO,0.0008188020746446,2,0.0004094010373223
R-HSA-5635851,GLI proteins bind promoters of Hh responsive genes to promote transcription,0.0006343764138919,2,0.00031718820694595
R-HSA-5637810,Constitutive Signaling by EGFRvIII,0.0102027573261806,11,0.0009275233932891455
R-HSA-5637812,Signaling by EGFRvIII in Cancer,0.0102027573261806,11,0.0009275233932891455
R-HSA-5637815,Signaling by Ligand-Responsive EGFR Variants in Cancer,0.0115918273432925,12,0.0009659856119410416
R-HSA-5638302,Signaling by Overexpressed Wild-Type EGFR in Cancer,0.002192594136512,2,0.001096297068256
R-HSA-5638303,Inhibition of Signaling by Overexpressed EGFR,0.002192594136512,2,0.001096297068256
R-HSA-5651801,PCNA-Dependent Long Patch Base Excision Repair,0.0024168232957275,6,0.00040280388262125
R-HSA-5653656,Vesicle-mediated transport,0.023391323206093,43,0.000543984260606814
R-HSA-5654219,Phospholipase C-mediated cascade: FGFR1,0.0009762565816716,2,0.0004881282908358
R-HSA-5654221,Phospholipase C-mediated cascade; FGFR2,0.0008887118759254,2,0.0004443559379627
R-HSA-5654227,Phospholipase C-mediated cascade; FGFR3,0.00053851559282,1,0.00053851559282
R-HSA-5654228,Phospholipase C-mediated cascade; FGFR4,0.00053851559282,1,0.00053851559282
R-HSA-5654687,Downstream signaling of activated FGFR1,0.0080931618415127,10,0.00080931618415127
R-HSA-5654688,SHC-mediated cascade:FGFR1,0.004801032684907,6,0.0008001721141511667
R-HSA-5654689,PI-3K cascade:FGFR1,0.0042683857382773,6,0.0007113976230462166
R-HSA-5654693,FRS-mediated FGFR1 signaling,0.0056874596425165996,7,0.0008124942346452285
R-HSA-5654695,PI-3K cascade:FGFR2,0.0041808410325311,6,0.0006968068387551833
R-HSA-5654696,Downstream signaling of activated FGFR2,0.0080056171357665,10,0.00080056171357665
R-HSA-5654699,SHC-mediated cascade:FGFR2,0.0047134879791608,6,0.0007855813298601333
R-HSA-5654700,FRS-mediated FGFR2 signaling,0.0055999149367704,7,0.0007999878481100572
R-HSA-5654704,SHC-mediated cascade:FGFR3,0.0043632916960554,5,0.00087265833921108
R-HSA-5654706,FRS-mediated FGFR3 signaling,0.005249718653665,6,0.0008749531089441667
R-HSA-5654708,Downstream signaling of activated FGFR3,0.007655420852661099,9,0.0008506023169623444
R-HSA-5654710,PI-3K cascade:FGFR3,0.0038306447494256997,5,0.00076612894988514
R-HSA-5654712,FRS-mediated FGFR4 signaling,0.005249718653665,6,0.0008749531089441667
R-HSA-5654716,Downstream signaling of activated FGFR4,0.007655420852661099,9,0.0008506023169623444
R-HSA-5654719,SHC-mediated cascade:FGFR4,0.0043632916960554,5,0.00087265833921108
R-HSA-5654720,PI-3K cascade:FGFR4,0.0038306447494256997,5,0.00076612894988514
R-HSA-5654726,Negative regulation of FGFR1 signaling,0.0058000969562357,6,0.0009666828260392834
R-HSA-5654727,Negative regulation of FGFR2 signaling,0.0057125522504895,6,0.00095209204174825
R-HSA-5654732,Negative regulation of FGFR3 signaling,0.0053623559673841,5,0.00107247119347682
R-HSA-5654733,Negative regulation of FGFR4 signaling,0.0053623559673841,5,0.00107247119347682
R-HSA-5654736,Signaling by FGFR1,0.012030575258467199,13,0.0009254288660359383
R-HSA-5654738,Signaling by FGFR2,0.011943030552721,13,0.0009186946579016153
R-HSA-5654741,Signaling by FGFR3,0.0115928342696156,12,0.0009660695224679667
R-HSA-5654743,Signaling by FGFR4,0.0115928342696156,12,0.0009660695224679667
R-HSA-5655253,Signaling by FGFR2 in disease,0.0071191901781569,9,0.0007910211309063222
R-HSA-5655291,Signaling by FGFR4 in disease,0.0062304783022315,7,0.0008900683288902143
R-HSA-5655302,Signaling by FGFR1 in disease,0.0087866213085955,12,0.0007322184423829583
R-HSA-5655332,Signaling by FGFR3 in disease,0.0067689938950515,8,0.0008461242368814375
R-HSA-5655862,Translesion synthesis by POLK,0.0027589224054248,4,0.0006897306013562
R-HSA-5656121,Translesion synthesis by POLI,0.0027589224054248,4,0.0006897306013562
R-HSA-5656169,Termination of translesion DNA synthesis,0.0034177541826661,6,0.0005696256971110166
R-HSA-5658034,HHAT G278V doesn't palmitoylate Hh-Np,0.000352998906342,1,0.000352998906342
R-HSA-5658442,Regulation of RAS by GAPs,0.0049907596157339,5,0.00099815192314678
R-HSA-5658623,FGFRL1 modulation of FGFR1 signaling,0.00053851559282,1,0.00053851559282
R-HSA-5660668,CLEC7A/inflammasome pathway,0.0005543117321675,1,0.0005543117321675
R-HSA-5663084,Diseases of carbohydrate metabolism,0.0013890700171119,1,0.0013890700171119
R-HSA-5663202,Diseases of signal transduction by growth factor receptors and second messengers,0.0548979742339689,94,0.0005840210024890309
R-HSA-5663205,Infectious disease,0.0619980649041856,120,0.0005166505408682133
R-HSA-5663213,RHO GTPases Activate WASPs and WAVEs,0.0007033977672094,2,0.0003516988836047
R-HSA-5663220,RHO GTPases Activate Formins,0.0117402097402337,20,0.000587010487011685
R-HSA-5668541,TNFR2 non-canonical NF-kB pathway,0.0024902217602233,4,0.000622555440055825
R-HSA-5668599,RHO GTPases Activate NADPH Oxidases,0.0028909192055431,6,0.00048181986759051666
R-HSA-5668914,Diseases of metabolism,0.0077490270744008,17,0.0004558251220235765
R-HSA-5673000,RAF activation,0.0070715225002859995,8,0.0008839403125357499
R-HSA-5673001,RAF/MAP kinase cascade,0.0309155494846769,52,0.000594529797782248
R-HSA-5674135,MAP2K and MAPK activation,0.0086904244311905,11,0.0007900385846536819
R-HSA-5674400,Constitutive Signaling by AKT1 E17K in Cancer,0.0025889751685093,6,0.0004314958614182167
R-HSA-5674404,PTEN Loss of Function in Cancer,0.0006744434219617,1,0.0006744434219617
R-HSA-5675221,Negative regulation of MAPK pathway,0.0048967862625533005,5,0.00097935725251066
R-HSA-5675482,Regulation of necroptotic cell death,0.0029897296144675,3,0.0009965765381558334
R-HSA-5676590,NIK-->noncanonical NF-kB signaling,0.0017375356109584,2,0.0008687678054792
R-HSA-5676594,TNF receptor superfamily (TNFSF) members mediating non-canonical NF-kB pathway,0.0007526861492648999,2,0.00037634307463244997
R-HSA-5678895,Defective CFTR causes cystic fibrosis,0.0019544516872952,2,0.0009772258436476
R-HSA-5682113,Defective ABCA1 causes TGD,0.0004775690098329,1,0.0004775690098329
R-HSA-5682910,LGI-ADAM interactions,0.0015199767755893,2,0.00075998838779465
R-HSA-5683057,MAPK family signaling cascades,0.0376964195302319,61,0.0006179740906595394
R-HSA-5684264,MAP3K8 (TPL2)-dependent MAPK1/3 activation,0.0022247238919589,3,0.0007415746306529666
R-HSA-5684996,MAPK1/MAPK3 signaling,0.0337105476369792,55,0.0006129190479450764
R-HSA-5685938,HDR through Single Strand Annealing (SSA),0.0035872944010625,8,0.0004484118001328125
R-HSA-5685939,HDR through MMEJ (alt-NHEJ),0.0010737581635897999,3,0.0003579193878632666
R-HSA-5685942,HDR through Homologous Recombination (HRR),0.0073614876556181,15,0.0004907658437078733
R-HSA-5686938,Regulation of TLR by endogenous ligand,0.0013954048112993999,3,0.00046513493709979996
R-HSA-5687128,MAPK6/MAPK4 signaling,0.006474772967131601,8,0.0008093466208914501
R-HSA-5688426,Deubiquitination,0.0176637016719904,27,0.0006542111730366815
R-HSA-5689603,UCH proteinases,0.0028236244782356,5,0.00056472489564712
R-HSA-5689877,Josephin domain DUBs,0.0013890700171119,1,0.0013890700171119
R-HSA-5689880,Ub-specific processing proteases,0.0123902776096431,20,0.000619513880482155
R-HSA-5689896,Ovarian tumor domain proteases,0.0059190999840696,5,0.00118381999681392
R-HSA-5689901,Metalloprotease DUBs,0.0041764086007219006,5,0.0008352817201443801
R-HSA-5690714,CD22 mediated BCR regulation,0.0011130752021718,2,0.0005565376010859
R-HSA-5693532,DNA Double-Strand Break Repair,0.0120327493419582,22,0.000546943151907191
R-HSA-5693537,Resolution of D-Loop Structures,0.0034474959718252,8,0.00043093699647815
R-HSA-5693538,Homology Directed Repair,0.0088636384175652,18,0.0004924243565314
R-HSA-5693548,Sensing of DNA Double Strand Breaks,0.0008339241678767999,2,0.00041696208393839996
R-HSA-5693554,Resolution of D-loop Structures through Synthesis-Dependent Strand Annealing (SDSA),0.0034474959718252,8,0.00043093699647815
R-HSA-5693565,Recruitment and ATM-mediated phosphorylation of repair and signaling proteins at DNA double strand breaks,0.0057365589511825,7,0.0008195084215975
R-HSA-5693567,HDR through Homologous Recombination (HRR) or Single Strand Annealing (SSA),0.0081280306786523,16,0.0005080019174157688
R-HSA-5693568,Resolution of D-loop Structures through Holliday Junction Intermediates,0.0034474959718252,8,0.00043093699647815
R-HSA-5693571,Nonhomologous End-Joining (NHEJ),0.0014805358897721,3,0.0004935119632573666
R-HSA-5693579,Homologous DNA Pairing and Strand Exchange,0.0047521887057517,11,0.0004320171550683364
R-HSA-5693606,DNA Double Strand Break Response,0.006038716831277,8,0.000754839603909625
R-HSA-5693607,Processing of DNA double-strand break ends,0.0057763080007542,10,0.00057763080007542
R-HSA-5693616,Presynaptic phase of homologous DNA pairing and strand exchange,0.0044216823268662,10,0.00044216823268661997
R-HSA-5694530,Cargo concentration in the ER,0.0004117518917594,1,0.0004117518917594
R-HSA-5696394,DNA Damage Recognition in GG-NER,0.0021183783745044,3,0.0007061261248348
R-HSA-5696395,Formation of Incision Complex in GG-NER,0.0017365386258515001,2,0.0008682693129257501
R-HSA-5696397,Gap-filling DNA repair synthesis and ligation in GG-NER,0.0034177541826661,6,0.0005696256971110166
R-HSA-5696398,Nucleotide Excision Repair,0.0041470625400586,8,0.000518382817507325
R-HSA-5696399,Global Genome Nucleotide Excision Repair (GG-NER),0.0041470625400586,8,0.000518382817507325
R-HSA-5696400,Dual Incision in GG-NER,0.0037652227914057,7,0.0005378889702008143
R-HSA-597592,Post-translational protein modification,0.0400515533606942,77,0.0005201500436453792
R-HSA-606279,Deposition of new CENPA-containing nucleosomes at the centromere,0.0023195910825246,6,0.0003865985137541
R-HSA-611105,Respiratory electron transport,0.0003135425806234,1,0.0003135425806234
R-HSA-622312,Inflammasomes,0.0010362905604403001,2,0.0005181452802201501
R-HSA-6781823,Formation of TC-NER Pre-Incision Complex,0.0013890700171119,1,0.0013890700171119
R-HSA-6781827,Transcription-Coupled Nucleotide Excision Repair (TC-NER),0.0034177541826661,6,0.0005696256971110166
R-HSA-6782135,Dual incision in TC-NER,0.0034177541826661,6,0.0005696256971110166
R-HSA-6782210,Gap-filling DNA repair synthesis and ligation in TC-NER,0.0034177541826661,6,0.0005696256971110166
R-HSA-6783310,Fanconi Anemia Pathway,0.0017425953320337,2,0.00087129766601685
R-HSA-6783589,Interleukin-6 family signaling,0.0043626790539714995,6,0.0007271131756619166
R-HSA-6783783,Interleukin-10 signaling,0.00557248567202,13,0.00042865274400153845
R-HSA-6785631,ERBB2 Regulates Cell Motility,0.0035351051994236002,5,0.00070702103988472
R-HSA-6785807,Interleukin-4 and Interleukin-13 signaling,0.0254042373428627,44,0.0005773690305196068
R-HSA-6788467,IL-6-type cytokine receptor ligand interactions,0.0013415738392711,2,0.00067078691963555
R-HSA-6791226,Major pathway of rRNA processing in the nucleolus and cytosol,0.0017739457547168,2,0.0008869728773584
R-HSA-6791312,TP53 Regulates Transcription of Cell Cycle Genes,0.0087265483121509,12,0.0007272123593459083
R-HSA-6794361,Neurexins and neuroligins,0.006332589458921,15,0.00042217263059473334
R-HSA-6794362,Protein-protein interactions at synapses,0.0067443413506804,16,0.000421521334417525
R-HSA-6796648,TP53 Regulates Transcription of DNA Repair Genes,0.0054855309429291,7,0.0007836472775613
R-HSA-6798163,Choline catabolism,0.000329580623872,1,0.000329580623872
R-HSA-6798695,Neutrophil degranulation,0.0126851038561676,26,0.0004878886098526
R-HSA-6802946,Signaling by moderate kinase activity BRAF mutants,0.0106578368161915,15,0.0007105224544127666
R-HSA-6802948,Signaling by high-kinase activity BRAF mutants,0.0086904244311905,11,0.0007900385846536819
R-HSA-6802949,Signaling by RAS mutants,0.0106578368161915,15,0.0007105224544127666
R-HSA-6802952,Signaling by BRAF and RAF1 fusions,0.0106578368161915,15,0.0007105224544127666
R-HSA-6802953,RAS signaling downstream of NF1 loss-of-function variants,0.0031735169371439,3,0.0010578389790479668
R-HSA-6802955,Paradoxical activation of RAF signaling by kinase inactive BRAF,0.0106578368161915,15,0.0007105224544127666
R-HSA-6802957,Oncogenic MAPK signaling,0.0106578368161915,15,0.0007105224544127666
R-HSA-6803157,Antimicrobial peptides,0.0012412928563265001,2,0.0006206464281632501
R-HSA-6803204,TP53 Regulates Transcription of Genes Involved in Cytochrome C Release,0.0023695391749347,2,0.00118476958746735
R-HSA-6803205,TP53 regulates transcription of several additional cell death genes whose specific roles in p53-dependent apoptosis remain uncertain,0.0026769424016674,3,0.0008923141338891334
R-HSA-6803207,TP53 Regulates Transcription of Caspase Activators and Caspases,0.0023695391749347,2,0.00118476958746735
R-HSA-6803211,TP53 Regulates Transcription of Death Receptors and Ligands,0.0018377728871524,1,0.0018377728871524
R-HSA-6804114,TP53 Regulates Transcription of Genes Involved in G2 Cell Cycle Arrest,0.0068812716145004,8,0.00086015895181255
R-HSA-6804115,TP53 regulates transcription of additional cell cycle genes whose exact role in the p53 pathway remain uncertain,0.0022153061543373,2,0.00110765307716865
R-HSA-6804116,TP53 Regulates Transcription of Genes Involved in G1 Cell Cycle Arrest,0.0036830495848029,5,0.00073660991696058
R-HSA-6804754,Regulation of TP53 Expression,0.0018377728871524,1,0.0018377728871524
R-HSA-6804756,Regulation of TP53 Activity through Phosphorylation,0.0110348921571041,18,0.0006130495642835611
R-HSA-6804757,Regulation of TP53 Degradation,0.0071954099566562,9,0.0007994899951840222
R-HSA-6804758,Regulation of TP53 Activity through Acetylation,0.0045971202046666,5,0.0009194240409333201
R-HSA-6804759,Regulation of TP53 Activity through Association with Co-factors,0.0021671747890173,2,0.00108358739450865
R-HSA-6804760,Regulation of TP53 Activity through Methylation,0.005986040127036,6,0.000997673354506
R-HSA-6805567,Keratinization,0.0006607016113203,2,0.00033035080566015
R-HSA-6806003,Regulation of TP53 Expression and Degradation,0.0071954099566562,9,0.0007994899951840222
R-HSA-6806667,Metabolism of fat-soluble vitamins,0.0047029194827133,12,0.000391909956892775
R-HSA-6806834,Signaling by MET,0.0157790072503808,20,0.00078895036251904
R-HSA-6806942,MET Receptor Activation,0.0009054456612246,2,0.0004527228306123
R-HSA-6807004,Negative regulation of MET activity,0.002912265900038,4,0.0007280664750095
R-HSA-6807070,PTEN Regulation,0.0080658600798714,11,0.0007332600072610364
R-HSA-6807878,COPI-mediated anterograde transport,0.0002878918642745,1,0.0002878918642745
R-HSA-6809371,Formation of the cornified envelope,0.0006607016113203,2,0.00033035080566015
R-HSA-6811434,COPI-dependent Golgi-to-ER retrograde traffic,0.0034865898833822,8,0.000435823735422775
R-HSA-6811442,Intra-Golgi and retrograde Golgi-to-ER traffic,0.0034865898833822,8,0.000435823735422775
R-HSA-6811555,PI5P Regulates TP53 Acetylation,0.0031747739383498003,2,0.0015873869691749001
R-HSA-6811558,"PI5P, PP2A and IER3 Regulate PI3K/AKT Signaling",0.0204520559618806,36,0.0005681126656077944
R-HSA-6814122,Cooperation of PDCL (PhLP1) and TRiC/CCT in G-protein beta folding,0.0030742243475555,6,0.0005123707245925834
R-HSA-68689,CDC6 association with the ORC:origin complex,0.0005857407642706,1,0.0005857407642706
R-HSA-68867,Assembly of the pre-replicative complex,0.0052400003795205,10,0.00052400003795205
R-HSA-68875,Mitotic Prophase,0.0054958766706577,9,0.0006106529634064111
R-HSA-68877,Mitotic Prometaphase,0.0144563819522906,28,0.00051629935543895
R-HSA-68881,Mitotic Metaphase/Anaphase Transition,0.0006693706418575,1,0.0006693706418575
R-HSA-68882,Mitotic Anaphase,0.0132922358591586,24,0.000553843160798275
R-HSA-68884,Mitotic Telophase/Cytokinesis,0.0015764553585601,3,0.0005254851195200333
R-HSA-68886,M Phase,0.0195682680703202,37,0.0005288721100086541
R-HSA-68911,G2 Phase,0.0011266543916164,2,0.0005633271958082
R-HSA-68949,Orc1 removal from chromatin,0.0055358158831683,10,0.00055358158831683
R-HSA-68952,DNA replication initiation,0.0003314144257639,1,0.0003314144257639
R-HSA-68962,Activation of the pre-replicative complex,0.0046200861534902,11,0.00042000783213547274
R-HSA-69002,DNA Replication Pre-Initiation,0.0064798836899885,13,0.0004984525915375769
R-HSA-69017,CDK-mediated phosphorylation and removal of Cdc6,0.0032120813238031,4,0.000803020330950775
R-HSA-69052,Switching of origins to a post-replicative state,0.0060065434025547,11,0.0005460494002322455
R-HSA-69091,Polymerase switching,0.0016972697397903001,4,0.00042431743494757504
R-HSA-69109,Leading Strand Synthesis,0.0016972697397903001,4,0.00042431743494757504
R-HSA-69166,Removal of the Flap Intermediate,0.0012769536371639001,3,0.00042565121238796673
R-HSA-69183,Processive synthesis on the lagging strand,0.0012769536371639001,3,0.00042565121238796673
R-HSA-69186,Lagging Strand Synthesis,0.0020854088699636,5,0.00041708177399272
R-HSA-69190,DNA strand elongation,0.0054059521431440005,13,0.0004158424725495385
R-HSA-69200,Phosphorylation of proteins involved in G1/S transition by active Cyclin E:Cdk2 complexes,0.0005109347419677,1,0.0005109347419677
R-HSA-69202,Cyclin E associated events during G1/S transition ,0.006105033876231901,11,0.0005550030796574456
R-HSA-69205,G1/S-Specific Transcription,0.004449284377252,8,0.0005561605471565
R-HSA-69206,G1/S Transition,0.0141934899306858,27,0.0005256848122476222
R-HSA-69231,Cyclin D associated events in G1,0.0076526295075277,11,0.0006956935915934273
R-HSA-69236,G1 Phase,0.0076526295075277,11,0.0006956935915934273
R-HSA-69239,Synthesis of DNA,0.0092666207300916,19,0.00048771688053113685
R-HSA-69242,S Phase,0.013521790654821,29,0.0004662686432696897
R-HSA-69273,Cyclin A/B1/B2 associated events during G2/M transition,0.0053663869047816,9,0.0005962652116424
R-HSA-69275,G2/M Transition,0.0146092753687278,22,0.0006640579713058091
R-HSA-69278,"Cell Cycle, Mitotic",0.0420620873239739,79,0.0005324314851135937
R-HSA-69306,DNA Replication,0.0096540117356142,20,0.00048270058678071004
R-HSA-69416,Dimerization of procaspase-8,0.00043872493162,1,0.00043872493162
R-HSA-69473,G2/M DNA damage checkpoint,0.0097136663678459,16,0.0006071041479903688
R-HSA-69478,G2/M DNA replication checkpoint,0.0032812615390997,4,0.000820315384774925
R-HSA-69481,G2/M Checkpoints,0.0160052654720015,28,0.0005716166240000536
R-HSA-69541,Stabilization of p53,0.0049996339749901,6,0.0008332723291650167
R-HSA-69560,Transcriptional activation of p53 responsive genes  ,0.0022558379754913,2,0.00112791898774565
R-HSA-69563,p53-Dependent G1 DNA Damage Response,0.0064847993040584,9,0.0007205332560064889
R-HSA-69580,p53-Dependent G1/S DNA damage checkpoint,0.0064847993040584,9,0.0007205332560064889
R-HSA-69601,Ubiquitin-Mediated Degradation of Phosphorylated Cdc25A,0.0034309130250918998,6,0.0005718188375153166
R-HSA-69613,p53-Independent G1/S DNA Damage Checkpoint,0.0034309130250918998,6,0.0005718188375153166
R-HSA-69615,G1/S DNA Damage Checkpoints,0.0081780005586824,13,0.0006290769660524923
R-HSA-69618,Mitotic Spindle Checkpoint,0.0084209581600055,17,0.0004953504800003235
R-HSA-69620,Cell Cycle Checkpoints,0.0269148616105997,51,0.0005277423845215628
R-HSA-69656,Cyclin A:Cdk2-associated events at S phase entry,0.006105033876231901,11,0.0005550030796574456
R-HSA-69895,Transcriptional  activation of  cell cycle inhibitor p21 ,0.0022558379754913,2,0.00112791898774565
R-HSA-70171,Glycolysis,0.0013801206464538,2,0.0006900603232269
R-HSA-70263,Gluconeogenesis,0.0005337117399146,1,0.0005337117399146
R-HSA-70268,Pyruvate metabolism,0.0013890700171119,1,0.0013890700171119
R-HSA-70326,Glucose metabolism,0.0013801206464538,2,0.0006900603232269
R-HSA-70635,Urea cycle,0.0018377728871524,1,0.0018377728871524
R-HSA-71064,Lysine catabolism,0.000329580623872,1,0.000329580623872
R-HSA-71291,Metabolism of amino acids and derivatives,0.0056772463182644005,8,0.0007096557897830501
R-HSA-71387,Metabolism of carbohydrates and carbohydrate derivatives,0.007518227782996201,15,0.0005012151855330801
R-HSA-72163,mRNA Splicing - Major Pathway,0.0012291653977531,3,0.0004097217992510333
R-HSA-72165,mRNA Splicing - Minor Pathway,0.0002974535065089,1,0.0002974535065089
R-HSA-72172,mRNA Splicing,0.0012291653977531,3,0.0004097217992510333
R-HSA-72187,mRNA 3'-end processing,0.0025249143522210003,4,0.0006312285880552501
R-HSA-72203,Processing of Capped Intron-Containing Pre-mRNA,0.0031659120164354002,5,0.0006331824032870801
R-HSA-72312,rRNA processing,0.0017739457547168,2,0.0008869728773584
R-HSA-72613,Eukaryotic Translation Initiation,0.0017739457547168,2,0.0008869728773584
R-HSA-72649,Translation initiation complex formation,0.0017739457547168,2,0.0008869728773584
R-HSA-72662,"Activation of the mRNA upon binding of the cap-binding complex and eIFs, and subsequent binding to 43S",0.0017739457547168,2,0.0008869728773584
R-HSA-72689,Formation of a pool of free 40S subunits,0.0017739457547168,2,0.0008869728773584
R-HSA-72695,"Formation of the ternary complex, and subsequently, the 43S complex",0.0017739457547168,2,0.0008869728773584
R-HSA-72702,Ribosomal scanning and start codon recognition,0.0017739457547168,2,0.0008869728773584
R-HSA-72706,GTP hydrolysis and joining of the 60S ribosomal subunit,0.0017739457547168,2,0.0008869728773584
R-HSA-72737,Cap-dependent Translation Initiation,0.0017739457547168,2,0.0008869728773584
R-HSA-72764,Eukaryotic Translation Termination,0.0017739457547168,2,0.0008869728773584
R-HSA-72766,Translation,0.0017739457547168,2,0.0008869728773584
R-HSA-73762,RNA Polymerase I Transcription Initiation,0.0015945122948747,3,0.0005315040982915666
R-HSA-73854,RNA Polymerase I Promoter Clearance,0.0015945122948747,3,0.0005315040982915666
R-HSA-73856,RNA Polymerase II Transcription Termination,0.0002974535065089,1,0.0002974535065089
R-HSA-73857,RNA Polymerase II Transcription,0.062118223395426,117,0.0005309249862856923
R-HSA-73864,RNA Polymerase I Transcription,0.0015945122948747,3,0.0005315040982915666
R-HSA-73884,Base Excision Repair,0.0027642919044671,7,0.0003948988434953
R-HSA-73886,Chromosome Maintenance,0.0055191765089028,13,0.0004245520391463692
R-HSA-73887,Death Receptor Signaling,0.0064334140009859,12,0.0005361178334154917
R-HSA-73893,DNA Damage Bypass,0.0038016382972598,7,0.0005430911853228286
R-HSA-73894,DNA Repair,0.0131519985201266,25,0.000526079940805064
R-HSA-73933,Resolution of Abasic Sites (AP sites),0.0027642919044671,7,0.0003948988434953
R-HSA-74160,Gene expression (Transcription),0.0652099543227673,123,0.0005301622302664008
R-HSA-74713,IRS activation,0.0004523372765193,1,0.0004523372765193
R-HSA-74749,Signal attenuation,0.0011035964426108,2,0.0005517982213054
R-HSA-74751,Insulin receptor signalling cascade,0.0092891299163592,13,0.0007145484551045538
R-HSA-74752,Signaling by Insulin receptor,0.0092891299163592,13,0.0007145484551045538
R-HSA-75035,Chk1/Chk2(Cds1) mediated inactivation of Cyclin B:Cdk1 complex,0.0047514360212122,8,0.000593929502651525
R-HSA-75067,Processing of Capped Intronless Pre-mRNA,0.0002974535065089,1,0.0002974535065089
R-HSA-75105,Fatty acyl-CoA biosynthesis,0.0002984522135264,1,0.0002984522135264
R-HSA-75153,Apoptotic execution phase,0.0008219769249333,2,0.00041098846246665
R-HSA-75205,Dissolution of Fibrin Clot,0.0002999236572726,1,0.0002999236572726
R-HSA-75815,Ubiquitin-dependent degradation of Cyclin D,0.0020391289121329,2,0.00101956445606645
R-HSA-75892,Platelet Adhesion to exposed collagen,0.0046868066069264,8,0.0005858508258658
R-HSA-75893,TNF signaling,0.0023149832297324003,3,0.0007716610765774668
R-HSA-76002,"Platelet activation, signaling and aggregation",0.0318792650696377,59,0.0005403265266040289
R-HSA-76005,Response to elevated platelet cytosolic Ca2+,0.0126086429761922,25,0.0005043457190476879
R-HSA-76009,Platelet Aggregation (Plug Formation),0.0066485240794668,10,0.00066485240794668
R-HSA-774815,Nucleosome assembly,0.0023195910825246,6,0.0003865985137541
R-HSA-77588,SLBP Dependent Processing of Replication-Dependent Histone Pre-mRNAs,0.0002974535065089,1,0.0002974535065089
R-HSA-844455,The NLRP1 inflammasome,0.0002986950360974,1,0.0002986950360974
R-HSA-844456,The NLRP3 inflammasome,0.0007375955243429,1,0.0007375955243429
R-HSA-877300,Interferon gamma signaling,0.0077384651641453,16,0.00048365407275908123
R-HSA-877312,Regulation of IFNG signaling,0.0037681139758018,6,0.0006280189959669667
R-HSA-879415,Advanced glycosylation endproduct receptor signaling,0.0007375955243429,1,0.0007375955243429
R-HSA-881907,Gastrin-CREB signalling pathway via PKC and MAPK,0.0059580217985104,6,0.0009930036330850667
R-HSA-8847993,ERBB2 Activates PTK6 Signaling,0.0035351051994236002,5,0.00070702103988472
R-HSA-8848021,Signaling by PTK6,0.0118245006504287,17,0.0006955588617899236
R-HSA-8849469,PTK6 Regulates RTKs and Their Effectors AKT1 and DOK1,0.0020068202388134,2,0.0010034101194067
R-HSA-8849470,PTK6 Regulates Cell Cycle,0.0009506161127162,2,0.0004753080563581
R-HSA-8849471,"PTK6 Regulates RHO GTPases, RAS GTPase and MAP kinases",0.0040123317780953,5,0.00080246635561906
R-HSA-8849473,PTK6 Expression,0.0010051744084276,2,0.0005025872042138
R-HSA-8849932,Synaptic adhesion-like molecules,0.0031348978131535998,6,0.0005224829688589333
R-HSA-8851708,Signaling by FGFR2 IIIa TM,0.0008887118759254,2,0.0004443559379627
R-HSA-8851805,MET activates RAS signaling,0.00473022176446,6,0.0007883702940766667
R-HSA-8851907,MET activates PI3K/AKT signaling,0.0033111478602206998,5,0.00066222957204414
R-HSA-8852135,Protein ubiquitination,0.0027644179095868,4,0.0006911044773967
R-HSA-8852276,The role of GTSE1 in G2/M progression after G2 checkpoint,0.007990931816261801,8,0.0009988664770327251
R-HSA-8853333,Signaling by FGFR2 fusions,0.0003501962831054,1,0.0003501962831054
R-HSA-8853336,Signaling by plasma membrane FGFR1 fusions,0.0004377409888516,1,0.0004377409888516
R-HSA-8853659,RET signaling,0.0084549851028894,11,0.0007686350093535819
R-HSA-8853884,Transcriptional Regulation by VENTX,0.0051323871227988,8,0.00064154839034985
R-HSA-8854050,FBXL7 down-regulates AURKA during mitotic entry and in early mitosis,0.0019530689565047002,2,0.0009765344782523501
R-HSA-8854518,AURKA Activation by TPX2,0.0052792062896178,9,0.0005865784766242
R-HSA-8854521,Interaction between PHLDA1 and AURKA,0.0005639989393928,1,0.0005639989393928
R-HSA-8854691,Interleukin-20 family signaling,0.0041732581548955,7,0.0005961797364136429
R-HSA-8856688,Golgi-to-ER retrograde transport,0.0034865898833822,8,0.000435823735422775
R-HSA-8856825,Cargo recognition for clathrin-mediated endocytosis,0.0083882260934895,13,0.0006452481610376538
R-HSA-8856828,Clathrin-mediated endocytosis,0.0097368755237847,16,0.0006085547202365438
R-HSA-8857538,PTK6 promotes HIF1A stabilization,0.0023582870946007,3,0.0007860956982002333
R-HSA-8862803,Deregulated CDK5 triggers multiple neurodegenerative pathways in Alzheimer's disease models,0.0032808227162664,6,0.0005468037860444
R-HSA-8863678,Neurodegenerative Diseases,0.0032808227162664,6,0.0005468037860444
R-HSA-8863795,Downregulation of ERBB2 signaling,0.006415511784136,8,0.000801938973017
R-HSA-8864260,Transcriptional regulation by the AP-2 (TFAP2) family of transcription factors,0.0072125657544993,9,0.0008013961949443666
R-HSA-8865999,MET activates PTPN11,0.0020980054452744,4,0.0005245013613186
R-HSA-8866376,Reelin signalling pathway,0.0009452244878992,1,0.0009452244878992
R-HSA-8866423,VLDL assembly,0.0004307261962231,1,0.0004307261962231
R-HSA-8866427,VLDLR internalisation and degradation,0.0017780803163162,2,0.0008890401581581
R-HSA-8866652,Synthesis of active ubiquitin: roles of E1 and E2 enzymes,0.0018597975364983,2,0.00092989876824915
R-HSA-8866654,E3 ubiquitin ligases ubiquitinate target proteins,0.0022936903902004,3,0.0007645634634001333
R-HSA-8866907,Activation of the TFAP2 (AP-2) family of transcription factors,0.0013370010511974,1,0.0013370010511974
R-HSA-8866910,TFAP2 (AP-2) family regulates transcription of growth factors and their receptors,0.0042607325687135,5,0.0008521465137426999
R-HSA-8866911,TFAP2 (AP-2) family regulates transcription of cell cycle factors,0.0011900364034436,2,0.0005950182017218
R-HSA-8868773,rRNA processing in the nucleus and cytosol,0.0017739457547168,2,0.0008869728773584
R-HSA-8873719,RAB geranylgeranylation,0.0006449814465413,2,0.00032249072327065
R-HSA-8874081,MET activates PTK2 signaling,0.0055185549120713,9,0.0006131727680079222
R-HSA-8875360,InlB-mediated entry of Listeria monocytogenes into host cell,0.0024700222880454,3,0.0008233407626818001
R-HSA-8875513,MET interacts with TNS proteins,0.0020421725008796,3,0.0006807241669598667
R-HSA-8875555,MET activates RAP1 and RAC1,0.0012115784876648,3,0.0004038594958882667
R-HSA-8875656,MET receptor recycling,0.0012115784876648,3,0.0004038594958882667
R-HSA-8875791,MET activates STAT3,0.0009054456612246,2,0.0004527228306123
R-HSA-8875878,MET promotes cell motility,0.0069614145781665,11,0.000632855870742409
R-HSA-8876198,RAB GEFs exchange GTP for GDP on RABs,0.0009743833484062,3,0.00032479444946873333
R-HSA-8876384,Listeria monocytogenes entry into host cells,0.0044006154661865,4,0.001100153866546625
R-HSA-8876493,InlA-mediated entry of Listeria monocytogenes into host cells,0.003319663195253,2,0.0016598315976265
R-HSA-8876725,Protein methylation,0.0006409976642144,1,0.0006409976642144
R-HSA-8877330,RUNX1 and FOXP3 control the development of regulatory T lymphocytes (Tregs),0.0020998383178204,5,0.00041996766356407997
R-HSA-8878159,Transcriptional regulation by RUNX3,0.014722379338017899,20,0.000736118966900895
R-HSA-8878166,Transcriptional regulation by RUNX2,0.0134808865838239,21,0.0006419469801820905
R-HSA-8878171,Transcriptional regulation by RUNX1,0.0139609438611247,23,0.0006069975591793347
R-HSA-888568,GABA synthesis,0.0003237674045842,1,0.0003237674045842
R-HSA-888590,"GABA synthesis, release, reuptake and degradation",0.0036045848339965,8,0.0004505731042495625
R-HSA-8931987,RUNX1 regulates estrogen receptor mediated transcription,0.0016461540392022,3,0.0005487180130674
R-HSA-8934593,Regulation of RUNX1 Expression and Activity,0.0038227366055893,4,0.000955684151397325
R-HSA-8934903,Receptor Mediated Mitophagy,0.0019305931781411,1,0.0019305931781411
R-HSA-8935964,RUNX1 regulates expression of components of tight junctions,0.0008173783665450999,2,0.00040868918327254997
R-HSA-8936459,RUNX1 regulates genes involved in megakaryocyte differentiation and platelet function,0.0029369294817762,5,0.00058738589635524
R-HSA-8939211,ESR-mediated signaling,0.0275850139771995,43,0.0006415119529581279
R-HSA-8939236,RUNX1 regulates transcription of genes involved in differentiation of HSCs,0.0030185032883488,6,0.0005030838813914667
R-HSA-8939242,RUNX1 regulates transcription of genes involved in differentiation of keratinocytes,0.0003556575748176,1,0.0003556575748176
R-HSA-8939243,RUNX1 interacts with co-factors whose precise effect on RUNX1 targets is not known,0.001692658626015,2,0.0008463293130075
R-HSA-8939245,RUNX1 regulates transcription of genes involved in BCR signaling,0.0003556575748176,1,0.0003556575748176
R-HSA-8939246,RUNX1 regulates transcription of genes involved in differentiation of myeloid cells,0.0017533492107482999,4,0.00043833730268707496
R-HSA-8939247,RUNX1 regulates transcription of genes involved in interleukin signaling,0.0003556575748176,1,0.0003556575748176
R-HSA-8939256,RUNX1 regulates transcription of genes involved in WNT signaling,0.0020345767075648,4,0.0005086441768912
R-HSA-8939902,Regulation of RUNX2 expression and activity,0.0048909387246821,7,0.0006987055320974428
R-HSA-8940973,RUNX2 regulates osteoblast differentiation,0.0051021381882571,8,0.0006377672735321375
R-HSA-8941284,RUNX2 regulates chondrocyte maturation,0.0005383844602828,1,0.0005383844602828
R-HSA-8941326,RUNX2 regulates bone development,0.0051021381882571,8,0.0006377672735321375
R-HSA-8941332,RUNX2 regulates genes involved in cell migration,0.0012377776033792,3,0.0004125925344597333
R-HSA-8941333,RUNX2 regulates genes involved in differentiation of myeloid cells,0.0008940420351004,2,0.0004470210175502
R-HSA-8941855,RUNX3 regulates CDKN1A transcription,0.003475727912703,4,0.00086893197817575
R-HSA-8941856,RUNX3 regulates NOTCH signaling,0.0024967802077917,3,0.0008322600692639001
R-HSA-8941858,Regulation of RUNX3 expression and activity,0.0060173190969316,6,0.0010028865161552667
R-HSA-8943723,Regulation of PTEN mRNA translation,0.0006744434219617,1,0.0006744434219617
R-HSA-8943724,Regulation of PTEN gene transcription,0.0056729447389329,8,0.0007091180923666125
R-HSA-8948216,Collagen chain trimerization,0.0003905875630747,1,0.0003905875630747
R-HSA-8948747,Regulation of PTEN localization,0.0020635134390736,2,0.0010317567195368
R-HSA-8948751,Regulation of PTEN stability and activity,0.0023929153409385,3,0.0007976384469795
R-HSA-8949275,RUNX3 Regulates Immune Response and Cell Migration,0.0002878836473724,1,0.0002878836473724
R-HSA-8950505,Gene and protein expression by JAK-STAT signaling after Interleukin-12 stimulation,0.0009542775849428,2,0.0004771387924714
R-HSA-8951430,RUNX3 regulates WNT signaling,0.0021059175406958,4,0.00052647938517395
R-HSA-8951664,Neddylation,0.0050169997865236,9,0.0005574444207248444
R-HSA-8951671,RUNX3 regulates YAP1-mediated transcription,0.0003364370071449,1,0.0003364370071449
R-HSA-8951936,RUNX3 regulates p14-ARF,0.0037816934042736,5,0.00075633868085472
R-HSA-8952158,RUNX3 regulates BCL2L11 (BIM) transcription,0.0012328432766261,2,0.00061642163831305
R-HSA-8953750,Transcriptional Regulation by E2F6,0.0038092783990482,8,0.000476159799881025
R-HSA-8953854,Metabolism of RNA,0.0056738053371569,10,0.0005673805337156901
R-HSA-8953897,Cellular responses to stimuli,0.0511401131630366,94,0.0005440437570535809
R-HSA-8957275,Post-translational protein phosphorylation,0.0063796264170006,12,0.00053163553475005
R-HSA-8957322,Metabolism of steroids,0.0050177696888008,12,0.00041814747406673336
R-HSA-8963693,Aspartate and asparagine metabolism,0.0003135425806234,1,0.0003135425806234
R-HSA-8963888,Chylomicron assembly,0.0013330909372008,3,0.0004443636457336
R-HSA-8963889,Assembly of active LPL and LIPC lipase complexes,0.000684725228856,2,0.000342362614428
R-HSA-8963896,HDL assembly,0.0013239779163721,2,0.00066198895818605
R-HSA-8963898,Plasma lipoprotein assembly,0.00217949984374,4,0.000544874960935
R-HSA-8963899,Plasma lipoprotein remodeling,0.0027787316629484,6,0.00046312194382473336
R-HSA-8963901,Chylomicron remodeling,0.0017254657010803,4,0.000431366425270075
R-HSA-8964011,HDL clearance,0.0004775690098329,1,0.0004775690098329
R-HSA-8964026,Chylomicron clearance,0.0008555219273679,2,0.00042776096368395
R-HSA-8964038,LDL clearance,0.0008197364954274,2,0.0004098682477137
R-HSA-8964041,LDL remodeling,0.0004307261962231,1,0.0004307261962231
R-HSA-8964043,Plasma lipoprotein clearance,0.003111171253517,5,0.0006222342507034
R-HSA-8964046,VLDL clearance,0.0004307261962231,1,0.0004307261962231
R-HSA-8964058,HDL remodeling,0.0016632802378693,3,0.0005544267459564333
R-HSA-8964315,G beta:gamma signalling through BTK,0.0020726465785754,5,0.00041452931571507996
R-HSA-8964539,Glutamate and glutamine metabolism,0.0003135425806234,1,0.0003135425806234
R-HSA-8964616,G beta:gamma signalling through CDC42,0.0021680696479046,5,0.00043361392958092
R-HSA-8978868,Fatty acid metabolism,0.0028885095106718,8,0.000361063688833975
R-HSA-8978934,Metabolism of cofactors,0.0018155262236104,3,0.0006051754078701333
R-HSA-8979227,Triglyceride metabolism,0.00214599529533,3,0.00071533176511
R-HSA-8980692,RHOA GTPase cycle,0.0036581363663481,7,0.0005225909094783
R-HSA-8982491,Glycogen metabolism,0.0013890700171119,1,0.0013890700171119
R-HSA-8983432,Interleukin-15 signaling,0.0027476084180074,6,0.0004579347363345666
R-HSA-8983711,OAS antiviral response,0.0004055821814909,1,0.0004055821814909
R-HSA-8984722,Interleukin-35 Signalling,0.0020497617367347,3,0.0006832539122448999
R-HSA-8985947,Interleukin-9 signaling,0.0028045371493795,6,0.00046742285822991666
R-HSA-8986944,Transcriptional Regulation by MECP2,0.0079096886976424,17,0.0004652758057436706
R-HSA-9005891,Loss of function of MECP2 in Rett syndrome,0.0007506260776557,2,0.00037531303882785
R-HSA-9005895,Pervasive developmental disorders,0.0007506260776557,2,0.00037531303882785
R-HSA-9006115,Signaling by NTRK2 (TRKB),0.0116264781985378,14,0.0008304627284669858
R-HSA-9006335,Signaling by Erythropoietin,0.0097214335799441,14,0.00069438811285315
R-HSA-9006925,Intracellular signaling by second messengers,0.0373193196772519,69,0.0005408597054674188
R-HSA-9006927,Signaling by Non-Receptor Tyrosine Kinases,0.0118245006504287,17,0.0006955588617899236
R-HSA-9006931,Signaling by Nuclear Receptors,0.029640127070082,48,0.0006175026472933751
R-HSA-9006934,Signaling by Receptor Tyrosine Kinases,0.0585725736235951,104,0.000563197823303799
R-HSA-9006936,Signaling by TGFB family members,0.0143863177318851,25,0.000575452709275404
R-HSA-9007101,Rab regulation of trafficking,0.0009743833484062,3,0.00032479444946873333
R-HSA-9007892,Interleukin-38 signaling,0.0006805384037901,1,0.0006805384037901
R-HSA-9008059,Interleukin-37 signaling,0.0020709927106309,3,0.0006903309035436333
R-HSA-9009391,Extra-nuclear estrogen signaling,0.0206017177531578,30,0.00068672392510526
R-HSA-901032,ER Quality Control Compartment (ERQC),0.0013890700171119,1,0.0013890700171119
R-HSA-901042,Calnexin/calreticulin cycle,0.0016861439567681,2,0.00084307197838405
R-HSA-9010553,Regulation of expression of SLITs and ROBOs,0.0017739457547168,2,0.0008869728773584
R-HSA-9010642,ROBO receptors bind AKAP5,0.0018196629496982,3,0.0006065543165660667
R-HSA-9012546,Interleukin-18 signaling,0.0003238443263041,1,0.0003238443263041
R-HSA-9012852,Signaling by NOTCH3,0.007584921534342,9,0.0008427690593713333
R-HSA-9012999,RHO GTPase cycle,0.0151187822204939,26,0.00058149162386515
R-HSA-9013026,RHOB GTPase cycle,0.0032645947474247,6,0.0005440991245707833
R-HSA-9013106,RHOC GTPase cycle,0.0028711602322029,5,0.0005742320464405799
R-HSA-9013148,CDC42 GTPase cycle,0.0040282152405756,8,0.00050352690507195
R-HSA-9013149,RAC1 GTPase cycle,0.0072031633988641,12,0.0006002636165720084
R-HSA-9013404,RAC2 GTPase cycle,0.0063269062853243,10,0.00063269062853243
R-HSA-9013405,RHOD GTPase cycle,0.0028673349062569,5,0.00057346698125138
R-HSA-9013406,RHOQ GTPase cycle,0.0024659475726863,5,0.00049318951453726
R-HSA-9013407,RHOH GTPase cycle,0.0025488613025735,5,0.0005097722605147
R-HSA-9013408,RHOG GTPase cycle,0.0033701735064088,4,0.0008425433766022
R-HSA-9013409,RHOJ GTPase cycle,0.0037678166201233,7,0.0005382595171604715
R-HSA-9013418,RHOBTB2 GTPase cycle,0.0014530549005839,2,0.00072652745029195
R-HSA-9013420,RHOU GTPase cycle,0.004551163153612,6,0.0007585271922686668
R-HSA-9013423,RAC3 GTPase cycle,0.004555098700221,7,0.0006507283857458571
R-HSA-9013424,RHOV GTPase cycle,0.0018900054545644,3,0.0006300018181881333
R-HSA-9013507,NOTCH3 Activation and Transmission of Signal to the Nucleus,0.0035816641536239,3,0.0011938880512079666
R-HSA-9013508,NOTCH3 Intracellular Domain Regulates Transcription,0.0040032573807181,6,0.0006672095634530167
R-HSA-9013694,Signaling by NOTCH4,0.0055382039817409,7,0.0007911719973915571
R-HSA-9013695,NOTCH4 Intracellular Domain Regulates Transcription,0.0035902218021784,5,0.0007180443604356799
R-HSA-9013700,NOTCH4 Activation and Transmission of Signal to the Nucleus,0.0005589121624506,1,0.0005589121624506
R-HSA-9013973,TICAM1-dependent activation of IRF3/IRF7,0.0013890700171119,1,0.0013890700171119
R-HSA-9014325,"TICAM1,TRAF6-dependent induction of TAK1 complex",0.0013890700171119,1,0.0013890700171119
R-HSA-9018519,Estrogen-dependent gene expression,0.0106689151511821,18,0.0005927175083990056
R-HSA-9018677,Biosynthesis of DHA-derived SPMs,0.0015202962167199,4,0.000380074054179975
R-HSA-9018678,Biosynthesis of specialized proresolving mediators (SPMs),0.0015202962167199,4,0.000380074054179975
R-HSA-9018679,Biosynthesis of EPA-derived SPMs,0.0003141573394724,1,0.0003141573394724
R-HSA-9018681,Biosynthesis of protectins,0.0003988869263802,1,0.0003988869263802
R-HSA-9018682,Biosynthesis of maresins,0.0008072519508673,2,0.00040362597543365
R-HSA-9018683,Biosynthesis of DPA-derived SPMs,0.0003141573394724,1,0.0003141573394724
R-HSA-9020558,Interleukin-2 signaling,0.0042344765197752,9,0.00047049739108613337
R-HSA-9020591,Interleukin-12 signaling,0.0022958514242139,4,0.000573962856053475
R-HSA-9020702,Interleukin-1 signaling,0.0068135411495645,10,0.00068135411495645
R-HSA-9020933,Interleukin-23 signaling,0.0007735273390646,1,0.0007735273390646
R-HSA-9020956,Interleukin-27 signaling,0.0020497617367347,3,0.0006832539122448999
R-HSA-9020958,Interleukin-21 signaling,0.0028045371493795,6,0.00046742285822991666
R-HSA-9022537,Loss of MECP2 binding ability to the NCoR/SMRT complex,0.0007506260776557,2,0.00037531303882785
R-HSA-9022692,Regulation of MECP2 expression and activity,0.0032202234880863,7,0.00046003192686947143
R-HSA-9022699,MECP2 regulates neuronal receptors and channels,0.0023873952490348,5,0.00047747904980696004
R-HSA-9022702,MECP2 regulates transcription of neuronal ligands,0.0004585503162317,1,0.0004585503162317
R-HSA-9022707,MECP2 regulates transcription factors,0.0005679208282607,1,0.0005679208282607
R-HSA-9022927,MECP2 regulates transcription of genes involved in GABA signaling,0.0003237674045842,1,0.0003237674045842
R-HSA-9024446,NR1H2 and NR1H3-mediated signaling,0.0038455462324645,7,0.0005493637474949286
R-HSA-9024909,BDNF activates NTRK2 (TRKB) signaling,0.0007905113697009,2,0.00039525568485045
R-HSA-9025046,NTF3 activates NTRK2 (TRKB) signaling,0.0003319610534692,1,0.0003319610534692
R-HSA-9025094,Biosynthesis of DPAn-3 SPMs,0.0003141573394724,1,0.0003141573394724
R-HSA-9026357,NTF4 activates NTRK2 (TRKB) signaling,0.0003319610534692,1,0.0003319610534692
R-HSA-9026519,Activated NTRK2 signals through RAS,0.0046152874729363,6,0.0007692145788227167
R-HSA-9026527,Activated NTRK2 signals through PLCG1,0.0007905113697009,2,0.00039525568485045
R-HSA-9027276,Erythropoietin activates Phosphoinositide-3-kinase (PI3K),0.0041756374774672,6,0.0006959395795778666
R-HSA-9027277,Erythropoietin activates Phospholipase C gamma (PLCG),0.0019094347576224,3,0.0006364782525408
R-HSA-9027283,Erythropoietin activates STAT5,0.0023253534317619,4,0.000581338357940475
R-HSA-9027284,Erythropoietin activates RAS,0.0056719726266919,7,0.0008102818038131285
R-HSA-9027307,Biosynthesis of maresin-like SPMs,0.0008072519508673,2,0.00040362597543365
R-HSA-9027604,Biosynthesis of electrophilic ω-3 PUFA oxo-derivatives,0.0003141573394724,1,0.0003141573394724
R-HSA-9028335,Activated NTRK2 signals through PI3K,0.003196213568697,5,0.0006392427137394
R-HSA-9028731,Activated NTRK2 signals through FRS2 and FRS3,0.0055017144305459,7,0.0007859592043636999
R-HSA-9029558,NR1H2 & NR1H3 regulate gene expression linked to lipogenesis,0.000879691284082,2,0.000439845642041
R-HSA-9029569,NR1H3 & NR1H2 regulate gene expression linked to cholesterol transport and efflux,0.0035470940189381,6,0.0005911823364896833
R-HSA-9031525,NR1H2 & NR1H3 regulate gene expression to limit cholesterol uptake ,0.0005812390705556,1,0.0005812390705556
R-HSA-9031528,NR1H2 & NR1H3 regulate gene expression linked to triglyceride lipolysis in adipose,0.0005812390705556,1,0.0005812390705556
R-HSA-9031628,NGF-stimulated transcription,0.0030861446745647,5,0.00061722893491294
R-HSA-9032500,Activated NTRK2 signals through FYN,0.0040997642314767,5,0.0008199528462953401
R-HSA-9032759,NTRK2 activates RAC1,0.0017357358576001,3,0.0005785786192000333
R-HSA-9032845,Activated NTRK2 signals through CDK5,0.0012003200769209002,3,0.0004001066923069667
R-HSA-9033241,Peroxisomal protein import,0.0030999976433607,6,0.00051666627389345
R-HSA-9033500,TYSND1 cleaves peroxisomal proteins,0.0003096728742802,1,0.0003096728742802
R-HSA-9034015,Signaling by NTRK3 (TRKC),0.0083072759304517,8,0.0010384094913064624
R-HSA-9034864,Activated NTRK3 signals through RAS,0.0038247761032354,4,0.00095619402580885
R-HSA-9035034,RHOF GTPase cycle,0.0025244597979005,4,0.000631114949475125
R-HSA-9036866,Expression and Processing of Neurotrophins,0.0007168639657572,2,0.0003584319828786
R-HSA-909733,Interferon alpha/beta signaling,0.0050040731611107,8,0.0006255091451388375
R-HSA-912446,Meiotic recombination,0.0023343394634724,5,0.00046686789269448
R-HSA-912526,Interleukin receptor SHC signaling,0.0071246506655971995,13,0.0005480500511997846
R-HSA-912631,Regulation of signaling by CBL,0.008562424210548,13,0.000658648016196
R-HSA-912694,Regulation of IFNA/IFNB signaling,0.0025956089919829998,4,0.0006489022479957499
R-HSA-913531,Interferon Signaling,0.0152183968316585,27,0.000563644327098463
R-HSA-913709,O-linked glycosylation of mucins,0.0010471614203507,3,0.00034905380678356665
R-HSA-917729,Endosomal Sorting Complex Required For Transport (ESCRT),0.0013890700171119,1,0.0013890700171119
R-HSA-917937,Iron uptake and transport,0.0013890700171119,1,0.0013890700171119
R-HSA-918233,TRAF3-dependent IRF activation pathway,0.0013370010511974,1,0.0013370010511974
R-HSA-927802,Nonsense-Mediated Decay (NMD),0.0017739457547168,2,0.0008869728773584
R-HSA-933541,TRAF6 mediated IRF7 activation,0.0017757259828174,2,0.0008878629914087
R-HSA-933542,TRAF6 mediated NF-kB activation,0.0024035810007712,5,0.00048071620015424003
R-HSA-933543,NF-kB activation through FADD/RIP-1 pathway mediated by caspase-8 and -10,0.0004871882810005,1,0.0004871882810005
R-HSA-936440,Negative regulators of DDX58/IFIH1 signaling,0.0013890700171119,1,0.0013890700171119
R-HSA-936837,Ion transport by P-type ATPases,0.0011938850459364,3,0.00039796168197880005
R-HSA-936964,"Activation of IRF3, IRF7 mediated by TBK1, IKKε (IKBKE)",0.0028634053881771,3,0.0009544684627257001
R-HSA-937039,IRAK1 recruits IKK complex,0.0021697778035526002,3,0.0007232592678508668
R-HSA-937041,IKK complex recruitment mediated by RIP1,0.002464166711568,3,0.0008213889038560001
R-HSA-937042,IRAK2 mediated activation of TAK1 complex,0.0013890700171119,1,0.0013890700171119
R-HSA-937061,TRIF (TICAM1)-mediated TLR4 signaling ,0.0106536135920084,15,0.0007102409061338933
R-HSA-937072,TRAF6-mediated induction of TAK1 complex within TLR4 complex,0.0019769784305675,2,0.00098848921528375
R-HSA-948021,Transport to the Golgi and subsequent modification,0.0009892728615661,3,0.0003297576205220333
R-HSA-9603381,Activated NTRK3 signals through PI3K,0.0044824998272163,4,0.001120624956804075
R-HSA-9603798,Class I peroxisomal membrane protein import,0.0002943542683364,1,0.0002943542683364
R-HSA-9604323,Negative regulation of NOTCH4 signaling,0.0019479821795625,2,0.00097399108978125
R-HSA-9607240,FLT3 Signaling,0.013701129596374,19,0.0007211120840196842
R-HSA-9609507,Protein localization,0.0050691338689223,10,0.0005069133868922301
R-HSA-9609523,Insertion of tail-anchored proteins into the endoplasmic reticulum membrane,0.0019691362255616,4,0.0004922840563904
R-HSA-9609646,HCMV Infection,0.0046205220154971,7,0.0006600745736424429
R-HSA-9609690,HCMV Early Events,0.0046205220154971,7,0.0006600745736424429
R-HSA-9609736,Assembly and cell surface presentation of NMDA receptors,0.0053251849455022,12,0.00044376541212518336
R-HSA-9612973,Autophagy,0.0068482227387443,8,0.0008560278423430375
R-HSA-9613354,Lipophagy,0.0006409976642144,1,0.0006409976642144
R-HSA-9613829,Chaperone Mediated Autophagy,0.0040852442580481,5,0.0008170488516096201
R-HSA-9614085,FOXO-mediated transcription,0.0093605765405103,18,0.0005200320300283501
R-HSA-9614399,Regulation of localization of FOXO transcription factors,0.0021880257786559,5,0.00043760515573118
R-HSA-9614657,FOXO-mediated transcription of cell death genes,0.0026672674901787002,4,0.0006668168725446751
R-HSA-9615017,"FOXO-mediated transcription of oxidative stress, metabolic and neuronal genes",0.004531508908347,9,0.0005035009898163333
R-HSA-9615710,Late endosomal microautophagy,0.0025954493515096,3,0.0008651497838365334
R-HSA-9616222,Transcriptional regulation of granulopoiesis,0.0049255747166248,9,0.0005472860796249777
R-HSA-9617324,Negative regulation of NMDA receptor-mediated neuronal transmission,0.0046348852236556,10,0.00046348852236556
R-HSA-9617629,Regulation of FOXO transcriptional activity by acetylation,0.0028377318117945,4,0.000709432952948625
R-HSA-9617828,FOXO-mediated transcription of cell cycle genes,0.0032213130397468,6,0.0005368855066244666
R-HSA-9619665,EGR2 and SOX10-mediated initiation of Schwann cell myelination,0.0013467456900128,3,0.0004489152300042667
R-HSA-9620244,Long-term potentiation,0.0078134011516686,14,0.000558100082262043
R-HSA-9623433,NR1H2 & NR1H3 regulate gene expression to control bile acid homeostasis,0.0014828421316849,3,0.0004942807105616333
R-HSA-9630747,Diseases of Cellular Senescence,0.0003505948991515,1,0.0003505948991515
R-HSA-9630750,Evasion of Oncogene Induced Senescence Due to p16INK4A Defects,0.0003505948991515,1,0.0003505948991515
R-HSA-9630791,Evasion of Oncogene Induced Senescence Due to Defective p16INK4A binding to CDK4,0.0003505948991515,1,0.0003505948991515
R-HSA-9630794,Evasion of Oncogene Induced Senescence Due to Defective p16INK4A binding to CDK4 and CDK6,0.0003505948991515,1,0.0003505948991515
R-HSA-9632693,Evasion of Oxidative Stress Induced Senescence Due to p16INK4A Defects,0.0003505948991515,1,0.0003505948991515
R-HSA-9632697,Evasion of Oxidative Stress Induced Senescence Due to Defective p16INK4A binding to CDK4,0.0003505948991515,1,0.0003505948991515
R-HSA-9632700,Evasion of Oxidative Stress Induced Senescence Due to Defective p16INK4A binding to CDK4 and CDK6,0.0003505948991515,1,0.0003505948991515
R-HSA-9632974,NR1H2 & NR1H3 regulate gene expression linked to gluconeogenesis ,0.0005812390705556,1,0.0005812390705556
R-HSA-9633012,Response of EIF2AK4 (GCN2) to amino acid deficiency,0.0017739457547168,2,0.0008869728773584
R-HSA-9634285,Constitutive Signaling by Overexpressed ERBB2,0.0056157974245896,6,0.0009359662374316
R-HSA-9634597,GPER1 signaling,0.0108206620779661,19,0.0005695085304192684
R-HSA-9634600,"Regulation of glycolysis by fructose 2,6-bisphosphate metabolism",0.0008464089065392,1,0.0008464089065392
R-HSA-9634635,Estrogen-stimulated signaling through PRKCZ,0.0035570323342029,4,0.000889258083550725
R-HSA-9634638,Estrogen-dependent nuclear events downstream of ESR-membrane signaling,0.0052178881411179,9,0.0005797653490131
R-HSA-9634815,Transcriptional Regulation by NPAS4,0.0027954066312259,6,0.0004659011052043167
R-HSA-9635486,Infection with Mycobacterium tuberculosis,0.0021467079582236,3,0.0007155693194078667
R-HSA-9636383,Prevention of phagosomal-lysosomal fusion,0.0013890700171119,1,0.0013890700171119
R-HSA-9637628,Modulation by Mtb of host immune system,0.0021467079582236,3,0.0007155693194078667
R-HSA-9637687,Suppression of phagosomal maturation,0.0013890700171119,1,0.0013890700171119
R-HSA-9637690,Response of Mtb to phagocytosis,0.0013890700171119,1,0.0013890700171119
R-HSA-9638630,Attachment of bacteria to epithelial cells,0.001583836915803,3,0.000527945638601
R-HSA-9640148,Infection with Enterobacteria,0.0029729069329149003,4,0.0007432267332287251
R-HSA-9645135,STAT5 Activation,0.0017581254848384,3,0.0005860418282794666
R-HSA-9645460,Alpha-protein kinase 1 signaling pathway,0.0013890700171119,1,0.0013890700171119
R-HSA-9645722,Defective Intrinsic Pathway for Apoptosis Due to p14ARF Loss of Function,0.0003505948991515,1,0.0003505948991515
R-HSA-9645723,Diseases of programmed cell death,0.0071825210754373,12,0.0005985434229531084
R-HSA-9646303,Evasion of Oncogene Induced Senescence Due to p14ARF Defects,0.0003505948991515,1,0.0003505948991515
R-HSA-9646304,Evasion of Oxidative Stress Induced Senescence Due to p14ARF Defects,0.0003505948991515,1,0.0003505948991515
R-HSA-9646399,Aggrephagy,0.0031163863530308,3,0.0010387954510102666
R-HSA-9648002,RAS processing,0.0045625869542558,4,0.00114064673856395
R-HSA-9648025,EML4 and NUDC in mitotic spindle formation,0.0079502306406191,16,0.0004968894150386938
R-HSA-964975,Vitamin B6 activation to pyridoxal phosphate,0.0003583050262842,1,0.0003583050262842
R-HSA-9649913,RAS GTPase cycle mutants,0.0031735169371439,3,0.0010578389790479668
R-HSA-9649948,Signaling downstream of RAS mutants,0.0106578368161915,15,0.0007105224544127666
R-HSA-9651496,Defects of contact activation system (CAS) and kallikrein/kinin system (KKS),0.0003876891456191,1,0.0003876891456191
R-HSA-9652282,Drug-mediated inhibition of ERBB2 signaling,0.0017910213213542,2,0.0008955106606771
R-HSA-9656223,Signaling by RAF1 mutants,0.0106578368161915,15,0.0007105224544127666
R-HSA-9658195,Leishmania infection,0.0196013126397327,38,0.000515824016835071
R-HSA-9659379,Sensory processing of sound,0.0031261461811972,7,0.00044659231159959996
R-HSA-9659787,Aberrant regulation of mitotic G1/S transition in cancer due to RB1 defects,0.002239727311605,5,0.000447945462321
R-HSA-9660821,ADORA2B mediated anti-inflammatory cytokines production,0.0072194365722781,16,0.00045121478576738125
R-HSA-9660826,Purinergic signaling in leishmaniasis infection,0.001675149787699,3,0.0005583832625663333
R-HSA-9661069,"Defective binding of RB1 mutants to E2F1,(E2F2, E2F3)",0.002239727311605,5,0.000447945462321
R-HSA-9661070,Defective translocation of RB1 mutants to the nucleus,0.0005109347419677,1,0.0005109347419677
R-HSA-9662001,Defective factor VIII causes hemophilia A,0.0003876891456191,1,0.0003876891456191
R-HSA-9662360,Sensory processing of sound by inner hair cells of the cochlea,0.0031261461811972,7,0.00044659231159959996
R-HSA-9662361,Sensory processing of sound by outer hair cells of the cochlea,0.0008356771138065,2,0.00041783855690325
R-HSA-9662834,CD163 mediating an anti-inflammatory response,0.0016563905430908,3,0.0005521301810302667
R-HSA-9662851,Anti-inflammatory response favouring Leishmania parasite infection,0.0147791050980174,29,0.000509624313724738
R-HSA-9663199,Defective DNA double strand break response due to BRCA1 loss of function,0.0009487696019898,2,0.0004743848009949
R-HSA-9663891,Selective autophagy,0.0065203624979414,7,0.0009314803568487714
R-HSA-9664323,FCGR3A-mediated IL10 synthesis,0.0102357463692805,20,0.000511787318464025
R-HSA-9664407,Parasite infection,0.0069471188286342,12,0.00057892656905285
R-HSA-9664417,Leishmania phagocytosis,0.0069471188286342,12,0.00057892656905285
R-HSA-9664420,Killing mechanisms,0.0020501183678835002,3,0.0006833727892945001
R-HSA-9664422,FCGR3A-mediated phagocytosis,0.0069471188286342,12,0.00057892656905285
R-HSA-9664424,Cell recruitment (pro-inflammatory response),0.001675149787699,3,0.0005583832625663333
R-HSA-9664433,Leishmania parasite growth and survival,0.0147791050980174,29,0.000509624313724738
R-HSA-9664565,Signaling by ERBB2 KD Mutants,0.0109275181673907,13,0.0008405783205685153
R-HSA-9664873,Pexophagy,0.002221455319667,3,0.0007404851065556667
R-HSA-9665230,Drug resistance in ERBB2 KD mutants,0.0017910213213542,2,0.0008955106606771
R-HSA-9665233,Resistance of ERBB2 KD mutants to trastuzumab,0.0017910213213542,2,0.0008955106606771
R-HSA-9665244,Resistance of ERBB2 KD mutants to sapitinib,0.0017910213213542,2,0.0008955106606771
R-HSA-9665245,Resistance of ERBB2 KD mutants to tesevatinib,0.0017910213213542,2,0.0008955106606771
R-HSA-9665246,Resistance of ERBB2 KD mutants to neratinib,0.0017910213213542,2,0.0008955106606771
R-HSA-9665247,Resistance of ERBB2 KD mutants to osimertinib,0.0017910213213542,2,0.0008955106606771
R-HSA-9665249,Resistance of ERBB2 KD mutants to afatinib,0.0017910213213542,2,0.0008955106606771
R-HSA-9665250,Resistance of ERBB2 KD mutants to AEE788,0.0017910213213542,2,0.0008955106606771
R-HSA-9665251,Resistance of ERBB2 KD mutants to lapatinib,0.0017910213213542,2,0.0008955106606771
R-HSA-9665348,Signaling by ERBB2 ECD mutants,0.0102140937600977,11,0.0009285539781907
R-HSA-9665686,Signaling by ERBB2 TMD/JMD mutants,0.0085218159683946,10,0.0008521815968394599
R-HSA-9665737,Drug resistance in ERBB2 TMD/JMD mutants,0.0017910213213542,2,0.0008955106606771
R-HSA-9669914,Dasatinib-resistant KIT mutants,0.0005202323789066,1,0.0005202323789066
R-HSA-9669917,Imatinib-resistant KIT mutants,0.0005202323789066,1,0.0005202323789066
R-HSA-9669921,KIT mutants bind TKIs,0.0005202323789066,1,0.0005202323789066
R-HSA-9669924,Masitinib-resistant KIT mutants,0.0005202323789066,1,0.0005202323789066
R-HSA-9669926,Nilotinib-resistant KIT mutants,0.0005202323789066,1,0.0005202323789066
R-HSA-9669929,Regorafenib-resistant KIT mutants,0.0005202323789066,1,0.0005202323789066
R-HSA-9669933,Signaling by kinase domain mutants of KIT,0.0005202323789066,1,0.0005202323789066
R-HSA-9669934,Sunitinib-resistant KIT mutants,0.0005202323789066,1,0.0005202323789066
R-HSA-9669935,Signaling by juxtamembrane domain KIT mutants,0.0005202323789066,1,0.0005202323789066
R-HSA-9669936,Sorafenib-resistant KIT mutants,0.0005202323789066,1,0.0005202323789066
R-HSA-9669937,Drug resistance of KIT mutants,0.0005202323789066,1,0.0005202323789066
R-HSA-9669938,Signaling by KIT in disease,0.0142366928099505,18,0.0007909273783305833
R-HSA-9670439,"Signaling by phosphorylated juxtamembrane, extracellular and kinase domain KIT mutants",0.0142366928099505,18,0.0007909273783305833
R-HSA-9671555,Signaling by PDGFR in disease,0.007953016612803,10,0.0007953016612802999
R-HSA-9671793,Diseases of hemostasis,0.0007782767086938,2,0.0003891383543469
R-HSA-9672391,Defective F8 cleavage by thrombin,0.0003876891456191,1,0.0003876891456191
R-HSA-9672393,Defective F8 binding to von Willebrand factor,0.0003876891456191,1,0.0003876891456191
R-HSA-9673324,WNT5:FZD7-mediated leishmania damping,0.0020501183678835002,3,0.0006833727892945001
R-HSA-9673767,"Signaling by PDGFRA transmembrane, juxtamembrane and kinase domain mutants",0.0073251142186006,9,0.0008139015798445111
R-HSA-9673768,Signaling by membrane-tethered fusions of PDGFRA or PDGFRB,0.0006279023942024,1,0.0006279023942024
R-HSA-9673770,Signaling by PDGFRA extracellular domain mutants,0.0073251142186006,9,0.0008139015798445111
R-HSA-9674396,Imatinib-resistant PDGFR mutants,0.0002991463301239,1,0.0002991463301239
R-HSA-9674401,Sunitinib-resistant PDGFR mutants,0.0002991463301239,1,0.0002991463301239
R-HSA-9674403,Regorafenib-resistant PDGFR mutants,0.0002991463301239,1,0.0002991463301239
R-HSA-9674404,Sorafenib-resistant PDGFR mutants,0.0002991463301239,1,0.0002991463301239
R-HSA-9674415,Drug resistance of PDGFR mutants,0.0002991463301239,1,0.0002991463301239
R-HSA-9674428,PDGFR mutants bind TKIs,0.0002991463301239,1,0.0002991463301239
R-HSA-9674555,Signaling by CSF3 (G-CSF),0.0077876180214016995,11,0.0007079652746728817
R-HSA-9675108,Nervous system development,0.0383164897770693,66,0.0005805528754101409
R-HSA-9675126,Diseases of mitotic cell cycle,0.0027104548309914,6,0.0004517424718319
R-HSA-9675132,Diseases of cellular response to stress,0.0003505948991515,1,0.0003505948991515
R-HSA-9675135,Diseases of DNA repair,0.0042559512046249,10,0.00042559512046249005
R-HSA-9675136,Diseases of DNA Double-Strand Break Repair,0.0042559512046249,10,0.00042559512046249005
R-HSA-9675151,Disorders of Developmental Biology,0.0007506260776557,2,0.00037531303882785
R-HSA-9678108,SARS-CoV-1 Infection,0.0070689596150589,11,0.0006426326922780818
R-HSA-9679191,Potential therapeutics for SARS,0.0092298624775704,16,0.00057686640484815
R-HSA-9679506,SARS-CoV Infections,0.0242844859602024,46,0.000527923607830487
R-HSA-9679514,SARS-CoV-1 Genome Replication and Transcription,0.0005109347419677,1,0.0005109347419677
R-HSA-9680187,Signaling by extracellular domain mutants of KIT,0.0005202323789066,1,0.0005202323789066
R-HSA-9680350,Signaling by CSF1 (M-CSF) in myeloid cells,0.012780657977347799,16,0.0007987911235842374
R-HSA-9682385,FLT3 signaling in disease,0.010107356287782,12,0.0008422796906484999
R-HSA-9682706,Replication of the SARS-CoV-1 genome,0.0005109347419677,1,0.0005109347419677
R-HSA-9683683,Maturation of protein E,0.0013890700171119,1,0.0013890700171119
R-HSA-9683701,Translation of Structural Proteins,0.0013890700171119,1,0.0013890700171119
R-HSA-9686114,Non-canonical inflammasome activation,0.0005543117321675,1,0.0005543117321675
R-HSA-9687136,Aberrant regulation of mitotic exit in cancer due to RB1 defects,0.0009816622613541,2,0.00049083113067705
R-HSA-9687139,Aberrant regulation of mitotic cell cycle due to RB1 defects,0.0027104548309914,6,0.0004517424718319
R-HSA-9690406,Transcriptional regulation of testis differentiation,0.0003502337574485,1,0.0003502337574485
R-HSA-9692914,SARS-CoV-1-host interactions,0.0065580248730912,10,0.00065580248730912
R-HSA-9692916,SARS-CoV-1 activates/modulates innate immune responses,0.0024731591341338,4,0.00061828978353345
R-HSA-9693928,Defective RIPK1-mediated regulated necrosis,0.00043872493162,1,0.00043872493162
R-HSA-9694493,Maturation of protein E,0.0013890700171119,1,0.0013890700171119
R-HSA-9694516,SARS-CoV-2 Infection,0.0142064047091078,29,0.0004898760244519931
R-HSA-9694614,Attachment and Entry,0.0029130016213554,8,0.000364125202669425
R-HSA-9694635,Translation of Structural Proteins,0.0013890700171119,1,0.0013890700171119
R-HSA-9694682,SARS-CoV-2 Genome Replication and Transcription,0.0005109347419677,1,0.0005109347419677
R-HSA-9694686,Replication of the SARS-CoV-2 genome,0.0005109347419677,1,0.0005109347419677
R-HSA-9696264,RND3 GTPase cycle,0.0022333395630522,3,0.0007444465210174
R-HSA-9696270,RND2 GTPase cycle,0.0025276938313886,4,0.00063192345784715
R-HSA-9696273,RND1 GTPase cycle,0.0025276938313886,4,0.00063192345784715
R-HSA-9697154,Disorders of Nervous System Development,0.0007506260776557,2,0.00037531303882785
R-HSA-9699150,Defective DNA double strand break response due to BARD1 loss of function,0.0009487696019898,2,0.0004743848009949
R-HSA-9700206,Signaling by ALK in cancer,0.0152967926119581,23,0.0006650779396503522
R-HSA-9700645,ALK mutants bind TKIs,0.0016632023225178001,3,0.0005544007741726001
R-HSA-9701190,Defective homologous recombination repair (HRR) due to BRCA2 loss of function,0.0042559512046249,10,0.00042559512046249005
R-HSA-9701192,Defective homologous recombination repair (HRR) due to BRCA1 loss of function,0.0034474959718252,8,0.00043093699647815
R-HSA-9701193,Defective homologous recombination repair (HRR) due to PALB2 loss of function,0.0034474959718252,8,0.00043093699647815
R-HSA-9701898,STAT3 nuclear events downstream of ALK signaling,0.0028768423801247,4,0.000719210595031175
R-HSA-9702518,STAT5 activation downstream of FLT3 ITD mutants,0.0021761905731773,4,0.000544047643294325
R-HSA-9703465,Signaling by FLT3 fusion proteins,0.007214109091359,9,0.0008015676768176667
R-HSA-9703648,Signaling by FLT3 ITD and TKD mutants,0.0081005360489686,10,0.0008100536048968601
R-HSA-9704331,Defective HDR through Homologous Recombination Repair (HRR) due to PALB2 loss of BRCA1 binding function,0.0034474959718252,8,0.00043093699647815
R-HSA-9704646,Defective HDR through Homologous Recombination Repair (HRR) due to PALB2 loss of BRCA2/RAD51/RAD51C binding function,0.0034474959718252,8,0.00043093699647815
R-HSA-9705462,Inactivation of CSF3 (G-CSF) signaling,0.0059304870014482,9,0.0006589430001609112
R-HSA-9705671,SARS-CoV-2 activates/modulates innate and adaptive immune responses,0.0073303405000527,12,0.000610861708337725
R-HSA-9705677,SARS-CoV-2 targets PDZ proteins in cell-cell junction,0.0008290258659162,2,0.0004145129329581
R-HSA-9705683,SARS-CoV-2-host interactions,0.0107824683457847,20,0.0005391234172892349
R-HSA-9706369,Negative regulation of FLT3,0.0023206961511311,3,0.0007735653837103667
R-HSA-9706374,FLT3 signaling through SRC family kinases,0.002586778204745,4,0.00064669455118625
R-HSA-9706377,FLT3 signaling by CBL mutants,0.0020068202388134,2,0.0010034101194067
R-HSA-9706574,RHOBTB GTPase Cycle,0.0014530549005839,2,0.00072652745029195
R-HSA-9707564,Cytoprotection by HMOX1,0.0037528517414135002,8,0.00046910646767668753
R-HSA-9707616,Heme signaling,0.0062995233216381,12,0.000524960276803175
R-HSA-9708530,Regulation of BACH1 activity,0.0013890700171119,1,0.0013890700171119
R-HSA-9709275,Impaired BRCA2 translocation to the nucleus,0.0003381504246769,1,0.0003381504246769
R-HSA-9709570,Impaired BRCA2 binding to RAD51,0.0039254448257394,9,0.00043616053619326665
R-HSA-9709603,Impaired BRCA2 binding to PALB2,0.0034474959718252,8,0.00043093699647815
R-HSA-9709957,Sensory Perception,0.0102174030395266,25,0.000408696121581064
R-HSA-9710421,Defective pyroptosis,0.001274605641247,3,0.00042486854708233333
R-HSA-9711097,Cellular response to starvation,0.0017739457547168,2,0.0008869728773584
R-HSA-9711123,Cellular response to chemical stress,0.0127340674658896,24,0.0005305861444120666
R-HSA-9716542,"Signaling by Rho GTPases, Miro GTPases and RHOBTB3",0.0313237450171212,60,0.00052206241695202
R-HSA-9717189,Sensory perception of taste,0.0006103307701602,2,0.0003051653850801
R-HSA-9717207,"Sensory perception of sweet, bitter, and umami (glutamate) taste",0.0006103307701602,2,0.0003051653850801
R-HSA-9723905,Loss of function of TP53 in cancer due to loss of tetramerization ability,0.0018377728871524,1,0.0018377728871524
R-HSA-9723907,Loss of Function of TP53 in Cancer,0.0018377728871524,1,0.0018377728871524
R-HSA-9725370,Signaling by ALK fusions and activated point mutants,0.0152967926119581,23,0.0006650779396503522
R-HSA-9725371,Nuclear events stimulated by ALK signaling in cancer,0.0028683605449187,6,0.0004780600908197833
R-HSA-9725554,Differentiation of Keratinocytes in Interfollicular Epidermis in Mammalian Skin,0.002825993533386,5,0.0005651987066772
R-HSA-9730414,MITF-M-regulated melanocyte development,0.0127183776063141,26,0.0004891683694736192
R-HSA-9732724,IFNG signaling activates MAPKs,0.0017405514840253,3,0.0005801838280084334
R-HSA-9733458,Induction of Cell-Cell Fusion,0.0002923504649765,1,0.0002923504649765
R-HSA-9733709,Cardiogenesis,0.0010135079719702,3,0.00033783599065673333
R-HSA-9734009,Defective Intrinsic Pathway for Apoptosis,0.0054691905025703,8,0.0006836488128212875
R-HSA-9734091,Drug-mediated inhibition of MET activation,0.0009054456612246,2,0.0004527228306123
R-HSA-9734767,Developmental Cell Lineages,0.0123346141399239,22,0.00056066427908745
R-HSA-9734779,Developmental Cell Lineages of the Integumentary System,0.0077370760514214,12,0.00064475633761845
R-HSA-9735869,SARS-CoV-1 modulates host translation machinery,0.0017739457547168,2,0.0008869728773584
R-HSA-9735871,SARS-CoV-1 targets host intracellular signalling and regulatory pathways,0.0036999900013525,5,0.0007399980002704999
R-HSA-9748784,Drug ADME,0.0019617090666823,4,0.000490427266670575
R-HSA-9748787,Azathioprine ADME,0.0003935416189234,1,0.0003935416189234
R-HSA-9749641,Aspirin ADME,0.0015681674477589,3,0.0005227224825863
R-HSA-975110,TRAF6 mediated IRF7 activation in TLR7/8 or 9 signaling,0.0016825895225521,2,0.00084129476127605
R-HSA-975138,TRAF6 mediated induction of NFkB and MAP kinases upon TLR7/8 or 9 activation,0.0100809852360968,15,0.0006720656824064534
R-HSA-975144,IRAK1 recruits IKK complex upon TLR7/8 or 9 stimulation,0.0021697778035526002,3,0.0007232592678508668
R-HSA-975155,MyD88 dependent cascade initiated on endosome,0.0100809852360968,15,0.0006720656824064534
R-HSA-975163,IRAK2 mediated activation of TAK1 complex upon TLR7/8 or 9 stimulation,0.0019769784305675,2,0.00098848921528375
R-HSA-9753281,Paracetamol ADME,0.0003741481052693,1,0.0003741481052693
R-HSA-9753510,Signaling by RAS GAP mutants,0.0031735169371439,3,0.0010578389790479668
R-HSA-9753512,Signaling by RAS GTPase mutants,0.0031735169371439,3,0.0010578389790479668
R-HSA-9754119,Drug-mediated inhibition of CDK4/CDK6 activity,0.000650058895021,1,0.000650058895021
R-HSA-9754189,Germ layer formation at gastrulation,0.0031078661223185,6,0.0005179776870530833
R-HSA-9754678,SARS-CoV-2 modulates host translation machinery,0.0020713992612257,3,0.0006904664204085667
R-HSA-9754706,Atorvastatin ADME,0.000433103845598,1,0.000433103845598
R-HSA-9755511,KEAP1-NFE2L2 pathway,0.0085585274094363,15,0.00057056849396242
R-HSA-975576,N-glycan antennae elongation in the medial/trans-Golgi,0.0002896291055322,1,0.0002896291055322
R-HSA-975577,N-Glycan antennae elongation,0.0002896291055322,1,0.0002896291055322
R-HSA-9755779,SARS-CoV-2 targets host intracellular signalling and regulatory pathways,0.001940772735702,4,0.0004851931839255
R-HSA-975634,Retinoid metabolism and transport,0.0047029194827133,12,0.000391909956892775
R-HSA-9757110,Prednisone ADME,0.0011940193424896,2,0.0005970096712448
R-HSA-9758274,Regulation of NF-kappa B signaling,0.0041527561168848,4,0.0010381890292212
R-HSA-975871,MyD88 cascade initiated on plasma membrane,0.0094930768226412,14,0.0006780769159029428
R-HSA-9758890,Transport of RCbl within the body,0.0003346628203372,1,0.0003346628203372
R-HSA-9758919,Epithelial-Mesenchymal Transition (EMT) during gastrulation,0.0004377409888516,1,0.0004377409888516
R-HSA-9758920,Formation of lateral plate mesoderm,0.0011029354703913,3,0.0003676451567971
R-HSA-9758941,Gastrulation,0.0091283749674617,18,0.000507131942636761
R-HSA-9759194,Nuclear events mediated by NFE2L2,0.0067968520099751,11,0.0006178956372704636
R-HSA-9759475,Regulation of CDH11 Expression and Function,0.0003683511463438,1,0.0003683511463438
R-HSA-9759476,Regulation of Homotypic Cell-Cell Adhesion,0.010126111451642,16,0.000632881965727625
R-HSA-975956,Nonsense Mediated Decay (NMD) independent of the Exon Junction Complex (EJC),0.0017739457547168,2,0.0008869728773584
R-HSA-975957,Nonsense Mediated Decay (NMD) enhanced by the Exon Junction Complex (EJC),0.0017739457547168,2,0.0008869728773584
R-HSA-9761174,Formation of intermediate mesoderm,0.0009382183994207999,2,0.00046910919971039996
R-HSA-9762114,GSK3B and BTRC:CUL1-mediated-degradation of NFE2L2,0.0017375356109584,2,0.0008687678054792
R-HSA-9762292,Regulation of CDH11 function,0.0003683511463438,1,0.0003683511463438
R-HSA-9763198,Impaired BRCA2 binding to SEM1 (DSS1),0.0003381504246769,1,0.0003381504246769
R-HSA-9764260,Regulation of Expression and Function of Type II Classical Cadherins,0.0007153225161513,2,0.00035766125807565
R-HSA-9764265,Regulation of CDH1 Expression and Function,0.0097791400818345,15,0.0006519426721223
R-HSA-9764274,Regulation of Expression and Function of Type I Classical Cadherins,0.0097791400818345,15,0.0006519426721223
R-HSA-9764302,Regulation of CDH19 Expression and Function,0.0007153225161513,2,0.00035766125807565
R-HSA-9764560,Regulation of CDH1 Gene Transcription,0.0027410441439094,6,0.0004568406906515666
R-HSA-9764561,Regulation of CDH1 Function,0.0059737741578439,7,0.0008533963082634142
R-HSA-9764562,Regulation of CDH1 mRNA translation by microRNAs,0.0007719713151047,1,0.0007719713151047
R-HSA-9764725,Negative Regulation of CDH1 Gene Transcription,0.0022301094019417,5,0.00044602188038834003
R-HSA-9764790,Positive Regulation of CDH1 Gene Transcription,0.0005109347419677,1,0.0005109347419677
R-HSA-9766229,Degradation of CDH1,0.005175026959932,5,0.0010350053919864
R-HSA-9768727,Regulation of CDH1 posttranslational processing and trafficking to plasma membrane,0.0006607016113203,2,0.00033035080566015
R-HSA-9768759,Regulation of NPAS4 gene expression,0.0007283117481284001,2,0.00036415587406420005
R-HSA-9768777,Regulation of NPAS4 gene transcription,0.0007283117481284001,2,0.00036415587406420005
R-HSA-9768919,NPAS4 regulates expression of target genes,0.0020670948830975,4,0.000516773720774375
R-HSA-9770562,mRNA Polyadenylation,0.0025249143522210003,4,0.0006312285880552501
R-HSA-977068,Termination of O-glycan biosynthesis,0.0010471614203507,3,0.00034905380678356665
R-HSA-977225,Amyloid fiber formation,0.0044569808095984,8,0.0005571226011998
R-HSA-9772572,Early SARS-CoV-2 Infection Events,0.0034239363633231,9,0.0003804373737025667
R-HSA-9772573,Late SARS-CoV-2 Infection Events,0.0016814204820884001,2,0.0008407102410442001
R-HSA-9772755,Formation of WDR5-containing histone-modifying complexes,0.0005015679304228,1,0.0005015679304228
R-HSA-977443,GABA receptor activation,0.0046414301101193,12,0.0003867858425099417
R-HSA-977444,GABA B receptor activation,0.0043559509155411,11,0.00039599553777646367
R-HSA-977606,Regulation of Complement cascade,0.0010990630567921,3,0.00036635435226403337
R-HSA-9793380,Formation of paraxial mesoderm,0.0040307030615231,7,0.0005758147230747286
R-HSA-9793528,Ciprofloxacin ADME,0.0007609154968916,1,0.0007609154968916
R-HSA-9796292,Formation of axial mesoderm,0.0017959201799171,4,0.000448980044979275
R-HSA-9816359,Maternal to zygotic transition (MZT),0.0035112109454947,3,0.0011704036484982334
R-HSA-9818025,NFE2L2 regulating TCA cycle genes,0.00030013492753,1,0.00030013492753
R-HSA-9818026,NFE2L2 regulating inflammation associated genes,0.0016450593006162,2,0.0008225296503081
R-HSA-9818027,NFE2L2 regulating anti-oxidant/detoxification enzymes,0.0013370010511974,1,0.0013370010511974
R-HSA-9818028,NFE2L2 regulates pentose phosphate pathway genes,0.0013370010511974,1,0.0013370010511974
R-HSA-9818030,NFE2L2 regulating tumorigenic genes,0.0030279379930389,4,0.000756984498259725
R-HSA-9818032,NFE2L2 regulating MDR associated enzymes,0.0013370010511974,1,0.0013370010511974
R-HSA-9818035,NFE2L2 regulating ER-stress associated genes,0.0013370010511974,1,0.0013370010511974
R-HSA-9818564,Epigenetic regulation of gene expression by MLL3 and MLL4 complexes,0.0069359699565564,14,0.0004954264254683143
R-HSA-9818749,Regulation of NFE2L2 gene expression,0.0027671835924736,3,0.0009223945308245333
R-HSA-9819196,Zygotic genome activation (ZGA),0.0035112109454947,3,0.0011704036484982334
R-HSA-9820448,Developmental Cell Lineages of the Exocrine Pancreas,0.00566800577522,12,0.00047233381460166663
R-HSA-9820952,Respiratory Syncytial Virus Infection Pathway,0.0115088646544715,18,0.0006393813696928611
R-HSA-9820960,Respiratory syncytial virus (RSV) attachment and entry,0.0051131071411282,10,0.0005113107141128199
R-HSA-9820962,Assembly and release of respiratory syncytial virus (RSV) virions,0.0011619346657356,1,0.0011619346657356
R-HSA-9820965,"Respiratory syncytial virus (RSV) genome replication, transcription and translation",0.0026429593964969,4,0.000660739849124225
R-HSA-9823587,Defects of platelet adhesion to exposed collagen,0.0007782767086938,2,0.0003891383543469
R-HSA-9823730,Formation of definitive endoderm,0.0019490996693313,4,0.000487274917332825
R-HSA-9823739,Formation of the anterior neural plate,0.0019206207303004,4,0.0004801551825751
R-HSA-9824272,Somitogenesis,0.0010130773762837,2,0.00050653868814185
R-HSA-9824439,Bacterial Infection Pathways,0.0101344593345085,15,0.0006756306223005666
R-HSA-9824443,Parasitic Infection Pathways,0.0196013126397327,38,0.000515824016835071
R-HSA-9824446,Viral Infection Pathways,0.0421205054392092,82,0.000513664700478161
R-HSA-9824585,Regulation of MITF-M-dependent genes involved in pigmentation,0.0010040293318322,3,0.0003346764439440667
R-HSA-9824594,Regulation of MITF-M-dependent genes involved in apoptosis,0.0002986950360974,1,0.0002986950360974
R-HSA-9824878,"Regulation of TBK1, IKKε (IKBKE)-mediated activation of IRF3, IRF7 ",0.0019769784305675,2,0.00098848921528375
R-HSA-9825892,Regulation of MITF-M-dependent genes involved in cell cycle and proliferation,0.0040383672772976,8,0.0005047959096622
R-HSA-9825895,"Regulation of MITF-M-dependent genes involved in DNA replication, damage repair and senescence",0.0015396773095889,3,0.0005132257698629666
R-HSA-982772,Growth hormone receptor signaling,0.0039188262424481,7,0.0005598323203497285
R-HSA-9827857,Specification of primordial germ cells,0.001872402673892,4,0.000468100668473
R-HSA-9828211,"Regulation of TBK1, IKKε-mediated activation of IRF3, IRF7 upon TLR3 ligation",0.0013890700171119,1,0.0013890700171119
R-HSA-9828642,Respiratory syncytial virus genome transcription,0.0006409976642144,1,0.0006409976642144
R-HSA-9828806,Maturation of hRSV A proteins,0.0008400270665469001,2,0.00042001353327345003
R-HSA-9830364,Formation of the nephric duct,0.0012266029927981998,3,0.0004088676642660666
R-HSA-9830369,Kidney development,0.0026767263249804,5,0.00053534526499608
R-HSA-9830674,Formation of the ureteric bud,0.001849826138783,3,0.0006166087129276667
R-HSA-983168,Antigen processing: Ubiquitination & Proteasome degradation,0.0028024042154383,4,0.000700601053859575
R-HSA-983169,Class I MHC mediated antigen processing & presentation,0.0065300324395003,13,0.0005023101876538692
R-HSA-983170,"Antigen Presentation: Folding, assembly and peptide loading of class I MHC",0.0010211648967225,3,0.0003403882989075
R-HSA-983189,Kinesins,0.0034865898833822,8,0.000435823735422775
R-HSA-983231,Factors involved in megakaryocyte development and platelet production,0.0095715250090095,18,0.0005317513893894167
R-HSA-9832991,Formation of the posterior neural plate,0.00098881870527,2,0.000494409352635
R-HSA-9833109,Evasion by RSV of host interferon responses,0.0032941175685158,3,0.0010980391895052666
R-HSA-9833110,RSV-host interactions,0.006957165202791301,12,0.000579763766899275
R-HSA-9833482,PKR-mediated signaling,0.0051244310146089,6,0.00085407183576815
R-HSA-9833576,CDH11 homotypic and heterotypic interactions,0.0003683511463438,1,0.0003683511463438
R-HSA-9834752,Respiratory syncytial virus genome replication,0.0011619346657356,1,0.0011619346657356
R-HSA-9834899,Specification of the neural plate border,0.0019127329089426001,4,0.00047818322723565003
R-HSA-983695,Antigen activates B Cell Receptor (BCR) leading to generation of second messengers,0.0066830041703762,12,0.0005569170141980167
R-HSA-983705,Signaling by the B Cell Receptor (BCR),0.0130051654687821,20,0.000650258273439105
R-HSA-983712,Ion channel transport,0.0025829550630483,4,0.000645738765762075
R-HSA-9837999,Mitochondrial protein degradation,0.0007375955243429,1,0.0007375955243429
R-HSA-9839373,Signaling by TGFBR3,0.0050237347168229,9,0.0005581927463136555
R-HSA-9839389,TGFBR3 regulates TGF-beta signaling,0.0012237005548352,3,0.0004079001849450667
R-HSA-9839394,TGFBR3 expression,0.0029620246857053,4,0.000740506171426325
R-HSA-9839397,TGFBR3 regulates FGF2 signaling,0.00053851559282,1,0.00053851559282
R-HSA-9839406,TGFBR3 regulates activin signaling,0.0002994938834624,1,0.0002994938834624
R-HSA-9839923,Dengue Virus Infection,0.0136912836828803,28,0.0004889744172457249
R-HSA-9841251,Mitochondrial unfolded protein response (UPRmt),0.0018218960764245,3,0.0006072986921415
R-HSA-9841922,MLL4 and MLL3 complexes regulate expression of PPARG target genes in adipogenesis and hepatic steatosis,0.0069359699565564,14,0.0004954264254683143
R-HSA-9842640,Signaling by LTK in cancer,0.0024930038877777,3,0.0008310012959259
R-HSA-9842663,Signaling by LTK,0.0035966003303884997,5,0.0007193200660776999
R-HSA-9842860,Regulation of endogenous retroelements,0.0010929443644519,2,0.00054647218222595
R-HSA-9843743,Transcriptional regulation of brown and beige adipocyte differentiation,0.0036119981537225,7,0.0005159997362460714
R-HSA-9843745,Adipogenesis,0.0088584283145003,18,0.0004921349063611278
R-HSA-9843940,Regulation of endogenous retroelements by KRAB-ZFP proteins,0.0010929443644519,2,0.00054647218222595
R-HSA-9844594,Transcriptional regulation of brown and beige adipocyte differentiation by EBF2,0.0036119981537225,7,0.0005159997362460714
R-HSA-9845323,Regulation of endogenous retroelements by Piwi-interacting RNAs (piRNAs),0.0010929443644519,2,0.00054647218222595
R-HSA-9845614,Sphingolipid catabolism,0.0002943542683364,1,0.0002943542683364
R-HSA-9845619,Enhanced cleavage of VWF variant by ADAMTS13,0.0007782767086938,2,0.0003891383543469
R-HSA-9845620,Enhanced binding of GP1BA variant to VWF multimer:collagen ,0.0007782767086938,2,0.0003891383543469
R-HSA-9845621,Defective VWF cleavage by ADAMTS13 variant,0.0007782767086938,2,0.0003891383543469
R-HSA-9845622,Defective VWF binding to collagen type I ,0.0007782767086938,2,0.0003891383543469
R-HSA-9846298,Defective binding of VWF variant to GPIb:IX:V,0.0007782767086938,2,0.0003891383543469
R-HSA-9851695,Epigenetic regulation of adipogenesis genes by MLL3 and MLL4 complexes,0.0069359699565564,14,0.0004954264254683143
R-HSA-9854907,Regulation of MITF-M dependent genes involved in metabolism,0.0004743824064072,1,0.0004743824064072
R-HSA-9855142,Cellular responses to mechanical stimuli,0.0180449342883055,35,0.0005155695510944429
R-HSA-9856530,High laminar flow shear stress activates signaling by PIEZO1 and PECAM1:CDH5:KDR in endothelial cells,0.0115133429111769,24,0.0004797226212990375
R-HSA-9856532,Mechanical load activates signaling by PIEZO1 and integrins in osteocytes,0.0036008501448237,6,0.00060014169080395
R-HSA-9856649,Transcriptional and post-translational regulation of MITF-M expression and activity,0.0057179691895609,11,0.0005198153808691728
R-HSA-9856651,MITF-M-dependent gene expression,0.0083494517337761,18,0.00046385842965422777
R-HSA-9856872,Malate-aspartate shuttle,0.0003135425806234,1,0.0003135425806234
R-HSA-9860276,SLC15A4:TASL-dependent IRF5 activation,0.0004871882810005,1,0.0004871882810005
R-HSA-9860927,"Turbulent (oscillatory, disturbed) flow shear stress activates signaling by PIEZO1 and integrins in endothelial cells",0.0075123800569394,12,0.0006260316714116167
R-HSA-9860931,Response of endothelial cells to shear stress,0.0172733501194294,33,0.0005234348521039212
R-HSA-9861718,Regulation of pyruvate metabolism,0.0013890700171119,1,0.0013890700171119
R-HSA-9909396,Circadian clock,0.0074983406218753,13,0.0005767954324519462
R-HSA-9909505,Modulation of host responses by IFN-stimulated genes,0.0004871882810005,1,0.0004871882810005
R-HSA-9909615,Regulation of PD-L1(CD274) Post-translational modification,0.0033195081444826,5,0.00066390162889652
R-HSA-9909648,Regulation of PD-L1(CD274) expression,0.0106291457878132,17,0.0006252438698713647
R-HSA-9909649,Regulation of PD-L1(CD274) transcription,0.0073096376433306,12,0.00060913647027755
R-HSA-9913351,Formation of the dystrophin-glycoprotein complex (DGC),0.0021716556559585,6,0.00036194260932641666
R-HSA-991365,Activation of GABAB receptors,0.0043559509155411,11,0.00039599553777646367
R-HSA-9917777,Epigenetic regulation by WDR5-containing histone modifying complexes,0.0074375378869792,15,0.0004958358591319467
R-HSA-9918432,Maturation of DENV proteins,0.0027761858116007003,5,0.0005552371623201401
R-HSA-9918476,Assembly and Release of Dengue Virus Virions,0.000972478030445,2,0.0004862390152225
R-HSA-9918481,Dengue Virus-Host Interactions,0.0093321935900575,21,0.00044439017095511906
R-HSA-9918485,Dengue Virus Attachment and Entry,0.0037044539330993,8,0.0004630567416374125
R-HSA-9918487,Dengue Virus Genome Translation and Replication,0.0037156356893415002,7,0.0005308050984773572
R-HSA-9920588,Dengue virus activates/modulates innate and adaptive immune responses,0.0019372607432925999,3,0.0006457535810975333
R-HSA-9920951,Dengue virus modulates apoptosis,0.0004262736621098,1,0.0004262736621098
R-HSA-9924644,Developmental Lineages of the Mammary Gland,0.0070783633106076,10,0.0007078363310607601
R-HSA-9925561,Developmental Lineage of Pancreatic Acinar Cells,0.0003502337574485,1,0.0003502337574485
R-HSA-9925563,Developmental Lineage of Pancreatic Ductal Cells,0.0035242339813785,8,0.0004405292476723125
R-HSA-9926550,"Regulation of MITF-M-dependent genes involved in extracellular matrix, focal adhesion and epithelial-to-mesenchymal transition",0.001349166522665,3,0.00044972217422166666
R-HSA-9927353,Co-inhibition by BTLA,0.0013193745943129,2,0.00065968729715645
R-HSA-9927354,Co-stimulation by ICOS,0.0031594818297322,5,0.00063189636594644
R-HSA-9927418,Developmental Lineage of Mammary Gland Luminal Epithelial Cells,0.0053314152602908,8,0.00066642690753635
R-HSA-9927426,Developmental Lineage of Mammary Gland Alveolar Cells,0.0021643722783311,4,0.000541093069582775
R-HSA-9927432,Developmental Lineage of Mammary Gland Myoepithelial Cells,0.0049221297122437,6,0.0008203549520406166
R-HSA-9929356,GSK3B-mediated proteasomal degradation of PD-L1(CD274),0.0021014027492551003,3,0.0007004675830850335
R-HSA-9929491,SPOP-mediated proteasomal degradation of PD-L1(CD274),0.0020391289121329,2,0.00101956445606645
R-HSA-9931269,AMPK-induced ERAD and lysosome mediated degradation of PD-L1(CD274),0.0013890700171119,1,0.0013890700171119
R-HSA-9931295,PD-L1(CD274) glycosylation and translocation to plasma membrane,0.0019571165173184,2,0.0009785582586592
R-HSA-9931509,"Expression of BMAL (ARNTL), CLOCK, and NPAS2",0.0048033197021265005,9,0.0005337021891251667
R-HSA-9931529,Phosphorylation and nuclear translocation of BMAL1 (ARNTL) and CLOCK,0.00040980870722,1,0.00040980870722
R-HSA-9931530,Phosphorylation and nuclear translocation of the CRY:PER:kinase complex,0.0009574853087904,2,0.0004787426543952
R-HSA-9931953,Biofilm formation,0.001583836915803,3,0.000527945638601
R-HSA-9932298,Degradation of CRY and PER proteins,0.0017375356109584,2,0.0008687678054792
R-HSA-9933387,"RORA,B,C and NR1D1 (REV-ERBA) regulate gene expression",0.0048033197021265005,9,0.0005337021891251667
R-HSA-9937080,Developmental Lineage of Multipotent Pancreatic Progenitor Cells,0.00249400555129,5,0.000498801110258
R-HSA-9938206,Developmental Lineage of Mammary Stem Cells,0.0030179201691091003,5,0.00060358403382182
R-HSA-9942503,Differentiation of naive CD+ T cells to T helper 1 cells (Th1 cells),0.0014628231170353998,3,0.0004876077056784666
R-HSA-9945266,Differentiation of T cells,0.0014628231170353998,3,0.0004876077056784666
R-HSA-9948299,Ribosome-associated quality control,0.0017739457547168,2,0.0008869728773584
R-HSA-9953170,GBP-mediated host defense,0.0005928993491426001,2,0.00029644967457130003
R-HSA-9954709,Ribosome Quality Control (RQC) complex extracts and degrades nascent peptide,0.0013890700171119,1,0.0013890700171119
R-HSA-9954714,PELO:HBS1L and ABCE1 dissociate a ribosome on a non-stop mRNA,0.0017739457547168,2,0.0008869728773584
R-HSA-9954716,ZNF598 and the Ribosome-associated Quality Trigger (RQT) complex dissociate a ribosome stalled on a no-go mRNA,0.0017739457547168,2,0.0008869728773584
R-HSA-9956593,Enterobacterial factors antagonize host defense ,0.0013890700171119,1,0.0013890700171119
R-HSA-9958863,SLC-mediated transport of amino acids,0.0003256672575342,1,0.0003256672575342
R-HSA-9960519,CASP4-mediated substrate cleavage,0.0005543117321675,1,0.0005543117321675
R-HSA-9960525,CASP5-mediated substrate cleavage,0.0005543117321675,1,0.0005543117321675
R-HSA-9968551,Regulation of GBP-mediated host defense,0.0003005488841661,1,0.0003005488841661
R-HSA-997272,Inhibition  of voltage gated Ca2+ channels via Gbeta/gamma subunits,0.0021078098392177,5,0.00042156196784354
