,pagerank
SRC,0.0019305931781411238
TP53,0.0018377728871524276
EGFR,0.0014585634569394532
RPS27A,0.0013890700171119025
EP300,0.0013370010511974402
HRAS,0.0013295976959143078
HSP90AA1,0.001161934665735644
ITGB1,0.0011367268396550727
CDK1,0.001099831056767085
PIK3R1,0.0010879952606100657
DLG4,0.0010472929160698517
PIK3CA,0.0010115741119459342
FN1,0.0009726543845861834
KRAS,0.0009707040623439532
TNF,0.0009556436207723902
JUN,0.0009553289466844403
FYN,0.0009452244878992631
ESR1,0.0009179826010766037
GNAQ,0.0008872564404977194
PTPN11,0.0008864269576096669
NRAS,0.0008732151788857553
CD4,0.0008645226547058448
PRKACB,0.0008464089065392557
IL6,0.0008087401379257351
CCNB1,0.0008031883731266295
JAK2,0.0007735273390646027
CDH1,0.0007720767393102615
MYC,0.000771971315104793
CCNA2,0.0007665430230342968
ALB,0.0007609154968916376
CAV1,0.0007519097872204421
SMAD3,0.0007516181163180873
APP,0.0007375955243429734
GNAI1,0.0007357295538080332
VEGFA,0.0007348674761723941
EGF,0.0007340306795726776
ITGB3,0.0007118827354391733
STAT1,0.0007081878974636813
LCK,0.0007017245619415335
MAPK8,0.0006805384037901533
LYN,0.0006801275654685432
PRKCA,0.0006746822383356563
PTEN,0.0006744434219617806
PLK1,0.000669370641857588
CD44,0.0006671988071135943
HDAC2,0.0006633373130604207
GNAS,0.0006593742096033381
NOTCH1,0.0006582112261715648
FOS,0.0006569477292098841
BRCA1,0.0006539522760516654
SOS1,0.0006512591660915391
CCND1,0.0006500588950210682
SOX2,0.0006472057971032815
SNAP25,0.0006451649514705224
HSPA8,0.0006409976642144362
IGF1,0.0006388404561806939
GNG2,0.0006371841220774177
PTPRC,0.0006356756517618194
KIF11,0.0006305100774950647
ERBB2,0.0006290866556186319
KDR,0.0006279023942024662
BUB1,0.0006187149956891885
CBL,0.0006177502217015104
BUB1B,0.000614892659618432
AURKB,0.0006123750514338872
CCNB2,0.0006116990861719878
AR,0.0006113107355004802
ITGAV,0.0006106651596220076
ITGAM,0.0006090959910999025
CDC20,0.0005941410850935769
TLR4,0.0005879084134556797
CDC6,0.0005857407642706531
HIF1A,0.0005852707247087933
RXRA,0.0005812390705556153
SYK,0.0005781490993692988
JAK1,0.0005680465002065955
PPARG,0.0005679208282607813
TOP2A,0.0005670862388838161
CFTR,0.0005653816701833259
AURKA,0.0005639989393928832
RRM2,0.0005615346704594008
PCNA,0.0005613971555132878
YWHAZ,0.0005589121624506442
IL10,0.0005552999401886746
CD8A,0.0005545006955526747
IL1B,0.0005543117321675206
SDC1,0.0005534373737537639
PPP1CA,0.0005476766015704984
MDM2,0.0005417881304360318
FGF2,0.0005385155928200345
RUNX2,0.0005383844602828321
NCAPG,0.0005367816968012967
GAPDH,0.0005337117399146962
ATM,0.0005317662877823611
HIST2H2AC,0.0005298700116261831
MAD2L1,0.0005294083626346619
MAPK11,0.0005291670491246263
EZH2,0.0005270490730748299
POU5F1,0.0005242113970718603
IL2,0.0005211236008639542
CDC45,0.000521077879181546
KIT,0.0005202323789066631
ASPM,0.0005185559003697165
CXCR4,0.0005182266151069715
FOXO1,0.0005179376698662892
RB1,0.0005109347419677183
NDC80,0.0005097338518950096
MMP9,0.0005095519764466795
BIRC5,0.0005080659057080279
HIST2H2BE,0.0005077107712901254
CACNA1C,0.0005051151859300498
H2AFZ,0.0005032681430231809
KAT2B,0.00050156793042281
PRKCB,0.0004976468071933907
CHEK1,0.0004962375011268852
CDCA8,0.0004911965716261234
H2AFX,0.0004903352109874959
EXO1,0.00048783280352911613
IKBKB,0.0004871882810005423
CENPA,0.0004848006317793506
FOXO3,0.00048122516030818643
MCM2,0.00048047630654876253
APOA1,0.00047756900983292387
POMC,0.0004772707675001698
PPARGC1A,0.00047438240640723477
STAT5A,0.000474021904706821
KIF2C,0.00047394619453574135
STX1A,0.00047268385951950115
TTK,0.000471433776865624
UBE2C,0.000470727519386469
LEP,0.00047021450927249326
TGFB1,0.00046827182089370883
RFC4,0.00046670992593062915
ARRB1,0.0004658031683026596
VAMP2,0.00046450257336284466
MET,0.00046320204923202017
RAD51,0.0004628369415812314
EDN1,0.00046209784686092277
ITGA1,0.00046198025542104035
TJP1,0.00046172079172751795
BDNF,0.00045855031623175016
GRIN1,0.0004573160619437206
MCM4,0.0004563353667658654
PLCG2,0.00045577985308938685
KIF20A,0.00045366866466291667
CXCL12,0.00045358842281707356
NCOA1,0.0004534320883846645
KIF23,0.00045341605203970327
PDGFRB,0.00045310465283977884
IRS1,0.0004523372765193073
DLGAP5,0.00045223319046565585
IGF1R,0.0004501765982439059
NCOR1,0.00044817097274475986
EZR,0.0004473697814099566
ITGB2,0.00044646428060393905
RAC2,0.00044565158062487905
DMD,0.00044485959521080873
NTRK1,0.00044366003936671016
BMP2,0.0004430276586211728
TYMS,0.00044241864509750247
HGF,0.0004422436119926701
PPARA,0.0004420793956625994
THBS1,0.0004415122099834642
CAMK2B,0.0004408659872188188
TRAF2,0.00043872493162000497
FGFR1,0.0004377409888516509
YES1,0.0004373993148070653
CTLA4,0.0004356568290221782
GRIN2B,0.00043343519573556553
VCL,0.0004332182542859651
CYP3A4,0.00043310384559801625
PTPN6,0.00043294763670334905
GNA11,0.0004318981539033245
APOB,0.00043072619622314085
NANOG,0.00043026185511251317
MUC1,0.0004296340250033578
RBBP7,0.00042960705139158986
RAC3,0.0004291572944073476
CAV3,0.00042854765173496666
RASA1,0.0004281726614781475
ERBB4,0.0004271329455698301
NFKBIA,0.00042627366210985773
APOE,0.00042479573114485647
NGF,0.0004245135007807389
CAT,0.00042268831503981097
NR3C1,0.00041990368371894437
GRIN2A,0.0004183827784642822
CDKN1A,0.0004180650883389638
CD19,0.00041806345787948475
MMP2,0.0004171910778713621
MCM3,0.0004157636743690868
TPX2,0.0004150316382343917
DVL1,0.00041425101740909595
CENPE,0.00041306792124033806
PAK1,0.0004129998947501321
GRIA1,0.00041175189175942864
BCAR1,0.0004106421794733882
CDK5,0.000409808707220017
GRIA2,0.0004090379125427646
ACAN,0.000408247309740233
PBK,0.00040666644549172427
CAMK2A,0.0004064568938548518
TTN,0.00040634339885378483
ITPR1,0.00040605882498351113
FLNA,0.00040558218149098807
TYROBP,0.0004054824351119554
MCM5,0.00040524872698866646
PRC1,0.00040479634562680497
HSPG2,0.0004042790946874369
GNGT1,0.00040420158805924315
CENPF,0.00040250923530580815
BMP4,0.0003997028066008979
IFNG,0.0003989776447542246
CYP1A1,0.0003988869263802449
MAPK10,0.0003986856895101346
DCN,0.0003985008655722917
NUSAP1,0.00039813856164203244
STAT5B,0.00039767662252207563
NRXN2,0.00039715785973853094
CEP55,0.0003969691192844032
VAV1,0.0003935416189234657
PIK3R2,0.000393434515221865
GNB5,0.00039326903675944484
CD80,0.0003923955984366979
LPL,0.00039237476387957274
COL1A1,0.00039058756307474803
NCOA2,0.00039029880057715494
CEBPA,0.00038987544965354045
GNAO1,0.0003896129097711529
CLTC,0.00038901029920433597
FOXP3,0.0003884226683626152
PECAM1,0.0003884017995937976
CASK,0.00038830733239666185
FEN1,0.000388139130173386
VWF,0.0003876891456191327
MCM10,0.00038739100552263677
SDC4,0.00038676019661856403
MELK,0.00038632674334920764
CD28,0.000386208046483
WAS,0.00038582094178855783
CACNA1D,0.0003855242299554885
MCM7,0.0003849523722909006
FAU,0.0003848757376049698
CYP2A6,0.0003839514565819884
DTL,0.00038388411459377997
PRKCZ,0.00038351539705908593
C3,0.0003832425311886276
RUVBL1,0.00038183974865292126
ACTN2,0.0003813003731294647
B2M,0.00038086773949102474
TMEM30B,0.00038083513431120435
ITGAX,0.0003806045556173592
STXBP1,0.00037914243142023895
NGFR,0.0003781382115009114
CDC25C,0.0003775332671849548
TLR2,0.0003767702016207291
NCAM1,0.0003763578873895279
NRXN1,0.00037601336720382086
MED1,0.00037426081168648626
CYP2E1,0.00037414810526930026
EGR1,0.00037397912252807274
HJURP,0.00037381426961160435
AXIN1,0.00037251386330809167
CTTN,0.0003723961130887508
ITGA5,0.00036999124123151595
WNT1,0.0003696917168511038
JUP,0.00036835114634389945
GJA1,0.00036730507418872337
DLG3,0.00036671896918102025
ACTA1,0.00036552894362600497
JAK3,0.00036537093332246874
CD34,0.00036418227493200615
NEK2,0.0003638671382967977
MAPT,0.0003630709827132645
KIF15,0.00036264588024192447
SCN5A,0.00036244435392792794
HCK,0.00036168005553512735
CSF2,0.000361660368454646
PRKCD,0.0003602561332058795
E2F1,0.00036011136858223633
ZWINT,0.0003588708827356703
AOX1,0.00035830502628420984
CYCS,0.00035745443724930756
EHHADH,0.00035697608252820845
SPI1,0.0003567876482627265
HMMR,0.00035654270103166105
KIF4A,0.0003564599848103481
ITGA3,0.0003559894152944433
SYT1,0.00035573249634240423
RUNX1,0.00035565757481760053
LEF1,0.00035486615011224784
HIST1H2BJ,0.00035468875181175996
IGF2,0.00035431735834802843
FANCI,0.0003535253149218028
NOS3,0.00035345663034482927
SHH,0.00035299890634205765
CXCL10,0.00035290451313397327
GABBR2,0.0003527400860632279
CCR5,0.000352364709917916
ITGA2,0.0003521021785335384
CDKN2A,0.00035059489915159056
SNCA,0.0003504532280110679
GATA4,0.0003502337574485173
PIK3R3,0.00035019756801651263
FGFR2,0.0003501962831054196
NUF2,0.00034989233192651777
CDH2,0.00034985854702839457
SUOX,0.000349039257808861
CHEK2,0.000348641753356016
BTRC,0.00034846559384650274
BLM,0.0003476335333804741
PARP1,0.0003474686087396882
SOX10,0.0003469713698075667
TEK,0.00034680090115924713
CAMK2D,0.0003465621648628928
GLI3,0.00034649118733850244
ICAM1,0.000346370545719504
PBX1,0.0003460560849972498
NCAPH,0.0003459469725885135
AGRN,0.00034580549121742153
FOXM1,0.00034507607650185513
HLA-A,0.0003432232175753558
RACGAP1,0.00034287510835645524
KITLG,0.0003423968555907896
MEIS1,0.00034239357451477253
FLT4,0.0003418234780687657
RFC3,0.0003417453068691211
WNT3A,0.00034161290816688906
AGT,0.00034010912615994
HIST1H2BK,0.00033981563303058974
BRCA2,0.00033815042467698407
MKI67,0.0003374398218708763
CCL4,0.00033714995344638946
PTK2B,0.0003371300056847878
XBP1,0.00033698317476212633
ESPL1,0.00033672633827758143
DLG2,0.0003365538831956259
YAP1,0.00033643700714494856
HIST1H2AC,0.00033579808054039385
ENPP1,0.0003354295409296414
DNM1,0.00033525565299210376
KCNQ2,0.0003348867347042472
HPGDS,0.0003347707355924931
LRP2,0.00033466282033724036
MCM6,0.00033451279440809673
HIST1H3J,0.0003343603019888602
MAPK12,0.0003341993082975197
PLK4,0.00033327733008836527
KIAA0101,0.0003332052759167878
FCER1G,0.0003323685712554612
NTRK2,0.0003319610534692853
POLE2,0.00033141442576394155
BCL6,0.0003311036088070587
SDC2,0.00033097124761404163
HIST1H2BO,0.0003306352341463865
CSF1R,0.00033060545359178434
RAD51AP1,0.00033050637888557347
OIP5,0.00033028506354941187
ALDH7A1,0.0003295806238720128
AKT3,0.0003294019018649367
PDGFB,0.0003293510386148045
ADCY5,0.0003292924709834756
TCF7L2,0.00032902118045794506
GFAP,0.00032786024080292623
POLD1,0.00032741735147746485
ITGB5,0.0003263544462198332
SLC1A7,0.0003256672575342715
ASF1B,0.0003253641433312737
PTTG1,0.00032501373905462834
IL13,0.00032384432630412375
GAD1,0.0003237674045842837
MUC4,0.00032375481643038574
NPY,0.0003231454761283773
PRKCG,0.00032304783813065356
RAB3A,0.00032259345308259237
CHML,0.00032238799345889137
ITGB4,0.0003222757336689151
GINS2,0.0003221761526279778
AGXT,0.00032145542687065927
CD86,0.00032102608353172285
GNB3,0.00032041500625859835
ANLN,0.00032002892967236874
SLC9A3R1,0.0003196441643279827
CDC25A,0.00031933111052619574
CENPN,0.000319244317539913
PAX6,0.0003189416810129006
LRP1,0.00031868275378305814
ADRB2,0.00031846983950267976
SUZ12,0.00031794951678078227
BTK,0.0003175768254209235
FCGR3A,0.0003175212979040905
CDT1,0.0003171728373806391
NOS1,0.0003167806899855405
PIK3CD,0.00031628037393801456
SMC2,0.00031589655824581397
PRKAR2B,0.000315352178214092
NTN1,0.0003147424264133123
LRRK2,0.0003144529129526551
TGFB3,0.000314368186506171
PTGS2,0.00031415733947249224
GHRL,0.0003140422674378531
CD40,0.00031396121764499916
CSK,0.0003138759123177189
MAP3K1,0.00031379860169806985
GOT2,0.0003135425806234041
ITGA8,0.0003133964925272102
PRKCE,0.0003133140996514642
SMC4,0.0003126271669923271
SPAG5,0.00031225621074393615
OCLN,0.0003120940609934633
NRXN3,0.0003119441543585583
CHRM1,0.0003110349679448956
PRKG1,0.0003103149649052522
LAMA3,0.0003101715847848182
HSD17B4,0.0003096728742802572
SRF,0.00030840806440957
CCL2,0.00030805824941885205
CCL11,0.0003079110418009943
MAPK13,0.00030631304032260263
GAB1,0.0003061328264402615
GNAL,0.00030585374230175427
CDCA5,0.0003057490886436941
SORT1,0.0003055959193503506
PLCB1,0.00030519324916142575
BGN,0.00030481012292806365
TRIP13,0.00030426807953697283
ADIPOQ,0.0003038151591110553
ITGA9,0.00030319705256027585
HIST1H2BL,0.00030305336646527155
GPC3,0.0003028548036218954
LRP6,0.00030256047848260543
TBL1X,0.00030245510491109904
CD247,0.00030219627150596356
IRF4,0.00030219181191252847
KPNA2,0.00030215788009458255
LIN7A,0.00030199238945009284
RRAS,0.0003018618402647311
PRKAR1A,0.00030153763872743503
ITGA2B,0.0003011907153550775
LAMA1,0.00030101094643213253
SQSTM1,0.0003006190147728115
CDKN1B,0.0003005572176952029
SFN,0.00030054888416618903
IDH1,0.00030013492753008336
PLAUR,0.0002999236572726379
ACVR2A,0.0002994938834624483
PDGFRA,0.0002991463301239157
BCL2,0.0002986950360974686
PRKAR2A,0.0002985718048234075
FASN,0.00029845221352648414
CDKN3,0.0002982120321071936
LRP5,0.00029806225524404674
VTN,0.00029775706772417507
SNRPG,0.0002974535065089309
FGR,0.00029728817187140214
CALR,0.000297073939656266
NRP1,0.0002965429488661425
ITGA6,0.0002965232733446012
GZMB,0.0002961912266674135
LCP2,0.0002958784323678599
ADCY1,0.00029582928319379546
BARD1,0.00029481732593823767
HIST1H4E,0.0002944791684714772
ALDH3A2,0.0002943542683364783
MUC16,0.0002937725789171756
IRAK1,0.00029351950544027417
CYP7A1,0.00029303024448814143
FURIN,0.0002923504649765154
HIST1H3B,0.00029222521504507725
TCF3,0.00029216644763439023
GNAZ,0.0002920946092689942
ADCY8,0.00029172148967804084
IL2RG,0.0002912332911582175
ACTN1,0.00029112023484837693
SNRPN,0.00029071422702983115
GRM1,0.00028991576390173735
HIST1H3A,0.0002898008826519966
ADCY4,0.0002897145363586917
B4GALT2,0.0002896291055322764
TGFBR1,0.00028962556563894156
HOXA5,0.0002896188110370792
HIST1H2BD,0.00028917118381654127
CKS1B,0.0002889891969851185
CYP3A5,0.00028859639387327754
GATA3,0.0002883845933774851
ANK2,0.0002878918642745506
GLI1,0.0002878852265534221
ITGA4,0.0002878836473724422
HIST1H2AJ,0.0002877457289344197
CCR7,0.0002871867241421362
ERBB3,0.00028629146172325136
GABRG2,0.00028547919457822825
GNA13,0.00028482858628469944
B4GALT1,0.00028439686293894265
TIMELESS,0.0002842156260609069
UTRN,0.00028405468804605633
NOS2,0.00028390174797721416
HIST1H2AD,0.0002835514555686566
GLI2,0.0002833104228115008
ADCY3,0.00028320481964768805
NCOA3,0.0002831139456546399
EPRS,0.0002827331728494962
MLLT4,0.00028250994979867077
TPI1,0.0002825020970212213
CCT5,0.00028171491308854755
SAG,0.00028125210667578573
COL2A1,0.0002808391142181488
HIST1H3D,0.00028023772581140487
NCK2,0.00028020807495208913
HAP1,0.0002797475315111784
ADCY9,0.0002794059899349207
ESR2,0.00027929660365702845
RHOC,0.00027928364184440343
CRP,0.000279049152419495
HIST2H3C,0.00027873086168642104
ANPEP,0.0002783520818141034
DNAH5,0.00027751046432371865
LIPE,0.0002774380709313682
CD79A,0.0002772731596451539
KCNH2,0.0002772506178689508
INCENP,0.0002771158511341814
CHM,0.000277045184143273
LAMC2,0.0002768300817371852
PSMB8,0.0002766335436502497
GPC1,0.00027645892935236935
NT5E,0.00027631827091195455
CLU,0.00027628184299379095
RET,0.0002761415577534554
LDHA,0.0002761161617516503
RFC2,0.0002756621210308645
FGG,0.00027533326498827265
CKS2,0.0002753325064405711
KCND2,0.00027516335778960657
FCGR1A,0.0002749159391024263
CCNE1,0.00027450527014364565
MUCL1,0.00027400502946804364
GNB4,0.00027368072056746436
HIST1H3H,0.0002736696148474528
RYR1,0.00027344663697304874
FLT1,0.0002733661932616264
HIST1H3G,0.00027332498514280807
NEDD4L,0.0002723883843274837
CDK6,0.000272314696585903
GATA1,0.0002719856414077068
PGR,0.0002719178711162155
FGFR3,0.0002718612216056934
PKLR,0.0002714938001042978
CYP26A1,0.0002714576150680056
NPFF,0.0002714316492735515
LAMB3,0.0002713433198367112
BPTF,0.00027107106000339153
AP2B1,0.0002710423109540696
IL2RA,0.00027096313695961475
ATF2,0.0002709526407727754
MUC6,0.0002707824374089242
MSH2,0.0002705178323083254
KIFC1,0.00027037185473823585
DNMT1,0.0002701248861609444
FLT3,0.00026995925620157656
MUC5B,0.00026968746531511506
TGFBR2,0.000269540060235856
EPHB2,0.0002693097432497495
APBA1,0.00026893727316615107
ZAP70,0.0002689185891921479
IRS2,0.0002688328796901886
HLA-DRA,0.00026849045669984024
HP,0.0002683732006646311
SERPINC1,0.00026821171496917254
KCNQ1,0.00026819984538775844
HIST1H4I,0.00026817196052761496
HIST1H4H,0.00026817196052761496
CD38,0.00026807543809346276
CCL5,0.00026802005815206487
WDHD1,0.0002678297154528195
LAMA5,0.00026762360900137736
RPSA,0.00026753845275792387
RAD54L,0.00026748635299395275
HIST1H2BH,0.00026735825601671844
ADAM10,0.000267237646653508
UNC13B,0.00026718436045095214
HIST1H4C,0.00026700181333813133
SCN2A,0.0002669881407656816
ADCY6,0.00026690409280501285
TCEB1,0.00026689005953039606
CFP,0.0002668025144584648
ROCK1,0.0002666875710975421
COL3A1,0.00026589773834136696
FLNC,0.00026564029019630073
SNRPE,0.0002655531485877988
DNMT3A,0.0002651256170884994
KIF14,0.00026489446589137106
SOD1,0.0002647857846072685
SYP,0.0002647854634881862
MEF2C,0.00026461574617789736
NOTCH4,0.0002646087998124213
PRKG2,0.0002645480484763357
ACOX3,0.0002645299247265634
ENPP3,0.0002644419486334365
SYN1,0.00026442307316587615
HIST2H3D,0.000264198191673134
LGALS3,0.0002639153179141781
RPL23A,0.00026378887970905445
CXCR2,0.00026346744312373695
ECT2,0.000263443819253797
MMP3,0.0002633413305943289
TFDP1,0.000263156017644255
GNG7,0.0002631464946800592
GNG12,0.0002623920505815253
GRIA4,0.0002621074186881448
B4GALT3,0.00026208409104101554
CDCA3,0.0002620127444704987
UBE2T,0.00026172911599684764
CYP4A11,0.0002615537280071413
SPP1,0.00026154127919952337
CSF3,0.00026102253745081966
P4HA1,0.00026091372725073065
RUVBL2,0.00026080351861269656
RRAS2,0.00026076815400139224
TAC1,0.00026026856476192724
PLCB2,0.0002600147875466828
P4HA2,0.0002600109275512925
EPOR,0.0002598741933229924
RPL5,0.0002597189064646372
GPHN,0.0002595833167481869
GRM5,0.0002595596927645691
MMP1,0.000259381369973003
CYP2C9,0.0002592972318258676
WRN,0.00025882990310893255
COL1A2,0.00025865220369869344
UHRF1,0.0002583221202975578
DPP4,0.00025752543696675584
GNG13,0.00025743451629979617
GRIP1,0.0002573992657805768
ANK3,0.0002573473607844253
NKX2-5,0.0002566236572718998
NOTCH3,0.00025658513206768614
NOTCH2,0.0002562284733719295
KAT2A,0.0002559203502735212
PARK2,0.0002558944065193677
TUBB2B,0.00025589002760012265
PSMC5,0.0002557201348558839
RHOB,0.00025562916706083603
PRNP,0.00025534723468728854
MUC7,0.00025532401041457136
MUC13,0.00025532401041457136
MUC15,0.00025532401041457136
ACADS,0.00025529077860838217
SYNJ1,0.0002544470573754875
RAD51C,0.00025429765493595725
SLC26A4,0.0002538512176656181
WNT5A,0.00025363633253113117
IL2RB,0.00025355359671536403
NLGN2,0.00025350551882402146
FGA,0.0002535030585470613
SOCS3,0.0002533330435826927
RPS6KB1,0.0002526468569083854
HSPD1,0.000252613660308695
GMNN,0.0002523873589957742
DNAI1,0.0002523608382553762
SDC3,0.0002522831341838878
PLEC,0.0002520528891259761
CCDC114,0.00025194866065189896
MAP2K2,0.00025188948632672844
VCAN,0.0002516183224218064
NUP153,0.00025149741958934536
NRIP1,0.0002514121588964695
CASC5,0.000251366703113681
GNA15,0.0002512160360972428
PPP2R1B,0.00025109687299170987
SELL,0.0002510888018625818
SERPINE1,0.000251060299306656
CDH5,0.0002501384836917196
ADCY2,0.00024996688805277255
ENTPD3,0.0002498097521175823
AFP,0.0002497530574971591
KCNAB1,0.00024959803941100784
BYSL,0.00024930439827149103
MAOA,0.00024925897182510415
CCT2,0.0002492376747430994
MAP2K6,0.0002491420875874861
CACNG4,0.0002491221813090588
GNA14,0.00024902744947673857
FANCD2,0.00024849985465171415
SOX9,0.0002482795333293227
ADCY7,0.0002476118156648489
LAMB1,0.0002473625273341107
P4HA3,0.0002469862335479912
HIST1H3C,0.00024695338540365236
SREBF1,0.00024689475775429003
RAB27A,0.00024680202835044
LUM,0.00024671240215721964
CEBPB,0.0002466357274905016
ADH1B,0.00024635744053086623
SLC17A7,0.00024630549571465465
CDH17,0.0002461316097696251
BIRC3,0.0002459536675429111
DICER1,0.0002459432027747791
RPS18,0.00024523913591544195
RPS6,0.00024463817405583527
MYL9,0.0002446075589375351
RPS2,0.0002444519691066786
HIST1H3F,0.0002442564411506241
RAD21,0.00024394132877162387
PDPK1,0.00024393991215038632
RHO,0.00024364290226896318
DDX58,0.00024363918639009292
P4HB,0.00024327944024603738
PAK3,0.000243116427502709
A2M,0.00024285757808590832
GSTP1,0.0002428295766352013
CYP2B6,0.00024262634218503938
NF1,0.0002425449829519435
GTPBP4,0.00024247327151437527
VIP,0.00024213414761523007
ITGB6,0.00024212559707563323
DGAT1,0.0002420614340014959
PPL,0.00024196727178595078
KCNA1,0.0002417827024871449
BMPR1A,0.0002417806536360126
SMARCD3,0.00024171332567348954
NLGN1,0.00024163332443192132
NBN,0.00024160308874364455
FANCM,0.00024134318157431102
ERCC4,0.00024116664676039233
HDAC4,0.00024110611922426926
FTCD,0.00024106854727507334
CENPM,0.000240960370506984
RPS3,0.0002407733691701623
AGXT2,0.0002406802631586308
BLK,0.00024042025391365866
GRIA3,0.00024014308980417604
DRD2,0.00024003317076131298
EGR2,0.00023997712712942103
HIST1H2BM,0.000239858238524186
PSMA7,0.0002396311926643893
RNF2,0.00023934318041421852
FADD,0.00023888698433868522
UGT2B15,0.00023866359854149042
PDZK1,0.00023789785465673394
ESCO2,0.0002376015689002542
MX1,0.0002373543232979953
TH,0.00023725886833241613
HSPA1A,0.00023682316669097186
TLE1,0.00023658261218373645
STUB1,0.00023628291995480375
H3F3A,0.00023616994305156278
CTSG,0.0002361329403091429
HIST1H4B,0.00023608347230003133
KCNAB2,0.0002360605594312618
AMPH,0.00023603540328819396
CYB5A,0.0002359303144731709
NEDD4,0.00023592535968455016
HLA-C,0.00023540532509109524
CD2,0.0002353679494660228
FAS,0.000235252603222598
DNA2,0.00023522362075119487
KCNQ3,0.00023516556553392466
PIK3CG,0.0002349555486768154
GJB2,0.00023492002263795727
KCNC1,0.00023491491298706612
TRPC1,0.00023489072781429578
FCGR3B,0.00023479738309161143
SGOL1,0.00023470384753447067
LAMA2,0.0002344526356562662
HBEGF,0.00023444043083604575
HLA-DRB1,0.00023394969670291065
CXCL9,0.00023373687782804708
MYO1C,0.00023366785431487775
BMPR2,0.0002335520602659905
HIST1H4D,0.00023348540458966761
HIST1H4J,0.00023348540458966761
TUBA4A,0.00023336408022012905
HIST4H4,0.00023330614732006066
LDB3,0.0002331468538058207
ITK,0.0002331079328652342
HIST1H3E,0.0002330755287874498
HIST3H2A,0.00023296593524299559
NHP2,0.00023291677614519085
TRPV1,0.00023290465935460328
KIF18A,0.00023287708696373698
HIST1H2AH,0.00023270029491605
TWIST1,0.00023267551705572214
HSD17B6,0.0002325179129389799
CCNE2,0.00023245678797685236
RGS7,0.0002323256622450577
COMT,0.00023228897917960178
GMPS,0.00023219039514151056
SCN1A,0.00023202883459863175
ELN,0.00023193465937903574
IRF3,0.00023175731570755932
CD79B,0.00023175133771306453
POR,0.00023121153223488655
MYH11,0.00023114212335329556
HDAC5,0.0002310793672541895
STK11,0.0002308949595384419
TCF7,0.00023080609689107127
TIAM1,0.00023066872855025098
ITPR3,0.00023048832415200715
HIST2H4A,0.0002304111473264347
AKR1C3,0.0002303287199307091
KIF22,0.00023031987446316316
S100B,0.00023029351113852567
ACOT2,0.00023007377687244286
WWTR1,0.00022994122613863462
NCAPD2,0.00022969243522093127
CACNA1B,0.00022952909043469605
DISC1,0.00022937442721739223
CCNA1,0.0002293425388319967
RAPGEF3,0.0002293388574891734
C4A,0.0002292945059014606
KCNA2,0.00022926191004869642
HLA-E,0.00022921740044543027
NCAN,0.00022915581360942493
SNRPD1,0.00022912516346978784
FCGR2B,0.00022891162388923546
KCNMA1,0.00022868332504894873
ITGAL,0.00022868120805643344
MUC20,0.00022861764238385604
CASP1,0.0002285652999165923
TIMP1,0.00022846482240741176
F2R,0.00022843915547135377
RPS4X,0.0002281391144728292
H2AFB1,0.00022791696666562717
LIF,0.00022786551862117083
RIMS1,0.00022783062205076072
CAPNS2,0.0002276510504808869
RAPGEF4,0.00022762289328373357
EFNA1,0.0002276189488209224
IL7R,0.000227450027917849
HIST1H2BN,0.0002272223596195733
TPM1,0.00022714103169999117
HLA-B,0.00022696936214692658
PRKDC,0.00022692761949079512
KCNB1,0.00022690808503587873
ADRBK1,0.0002269075486124402
ISG15,0.0002266085058722228
GRIN2D,0.00022644646295881532
LAMA4,0.00022628578818236633
RMI1,0.00022621825754423852
MAP2K4,0.00022618275394759962
PLIN1,0.00022616377312120332
TPM2,0.00022611402198031218
CD40LG,0.00022605003158056953
TALDO1,0.00022586341717714494
SMO,0.00022576361276418388
PRKCQ,0.0002256673989865761
GSTM1,0.0002252063510853704
HNF4A,0.00022514698157876783
COL4A1,0.00022484215901986065
RORA,0.00022469277467086117
LMNB1,0.0002246070299222823
PPP3CA,0.00022453234781385747
RPS14,0.00022451788837734554
H2AFJ,0.00022451083142816278
ALDH1A1,0.00022438520310897253
ACSL1,0.00022438170786256252
CACNA1H,0.00022432042722328216
RPL11,0.0002240405046591387
RPS11,0.00022402712784381883
STX4,0.0002238842707969515
RPS5,0.00022386707684444356
CCDC40,0.00022379294174669365
CACNB2,0.00022379235370752575
NFASC,0.00022353281299326952
ACTA2,0.00022352950022473488
CXCL11,0.00022351180422623842
CYP2C8,0.00022342557557989063
EVPL,0.00022322524312652522
MYL3,0.00022317752451095124
B3GNT4,0.00022310271336658757
SLC2A4,0.00022302736726378502
FMOD,0.00022300468830509647
PTPN1,0.00022295905392419324
IL18,0.0002229280172967399
MYL2,0.00022290640803876053
SLC1A2,0.00022285819798435318
SNRPF,0.00022265290760464912
ST3GAL4,0.00022230704213677376
MLLT3,0.0002221912510114369
GPI,0.00022203582253126146
SKP2,0.0002219421359851572
KNTC1,0.00022180664345246406
IFIH1,0.0002217201217306816
ETV6,0.00022163014219885063
SHMT2,0.00022140342826452937
PLA2G7,0.00022117999111275724
MRE11A,0.00022110570073552059
THBS2,0.00022103088386189284
DNAH1,0.00022096010493211017
CXCR5,0.00022093121676369413
TXN,0.00022085489798906596
CNTNAP2,0.00022080590543065176
CKAP5,0.00022057552616172712
IVL,0.00022051579603362103
PROC,0.0002203961652258479
TROAP,0.00022034363183452032
IL4I1,0.0002202186627671458
EFNB1,0.00022006019376536053
SHCBP1,0.00022003552989758695
APRT,0.00021985045314705577
PICK1,0.00021983264356918337
SCN4B,0.00021979736436745096
AKAP9,0.00021975991855467133
DCC,0.00021964480579798255
KIF18B,0.00021956833921701993
PRKAR1B,0.0002195397820611127
SH3KBP1,0.00021934558573102455
MYH6,0.0002193001816925797
SOCS1,0.00021889040034361905
SHC2,0.0002187957936002827
MYO5A,0.00021839460099344545
LIPC,0.00021833434762185582
SCN1B,0.00021812870542427205
INPP5D,0.00021810880831306666
PCYOX1,0.0002180647061731432
KIF17,0.0002179958073315063
APC,0.00021798445247032434
MSTN,0.00021796521272229912
CALCA,0.00021792201716442895
CLTB,0.00021782308156578052
MUC21,0.0002177973300936391
MUC12,0.00021779733009363904
CD36,0.0002175588415319257
PRSS1,0.000217495329171395
LAMC1,0.00021744413251810558
MC4R,0.00021720713340110022
IRF7,0.00021716789488285848
EPO,0.00021712868386030828
SNRPB,0.00021700443878086865
LPAR2,0.00021678180495906553
CD274,0.00021675637423100607
CD3E,0.00021673382791074898
TFRC,0.00021666292581046747
ALOX5,0.00021643509833353731
LRP8,0.00021602422148502822
PNPLA2,0.0002158065185551556
LATS1,0.00021579872075453782
NTS,0.00021573640814969027
CYP19A1,0.0002156395944769087
LIN7B,0.00021528955080947802
RPS16,0.00021522640128842827
HIST1H2AE,0.00021514230732417369
UGT1A6,0.0002151192155051799
SLC27A2,0.0002147792246874433
RSAD2,0.0002146202677026972
HSPA2,0.00021421693486051396
PSMB4,0.00021410622270921905
ABAT,0.0002140997105093885
FBXO5,0.00021402685142161233
ADAM17,0.00021394066201811898
RPS3A,0.00021393229452914273
FZD2,0.00021384001899818814
USH1C,0.0002136590091872296
ENO2,0.00021344951903255445
ADH4,0.00021342060311292226
ADAMTS14,0.00021315193597870304
PRIM1,0.00021305667757572907
TPM4,0.00021304873843029502
INSR,0.0002125091963395318
CSPG5,0.00021244897249229813
DKK1,0.00021233143191357924
THSD7A,0.00021218660486526395
FBN1,0.0002120339405401716
TP73,0.00021197591145373995
RPS9,0.00021197439899709128
ALDH2,0.00021192314690519497
RPS8,0.00021180818607524561
CCT3,0.00021171138597744354
VEGFC,0.00021167524113419175
ENG,0.0002111971600824749
GTSE1,0.0002110804194195657
LIG1,0.0002109916027754956
HLA-F,0.0002108073253253775
DEPDC1,0.0002105353381740746
TERT,0.0002103392281258487
CLSPN,0.00021022291196952071
CCR3,0.000210202943309683
CPLX1,0.00021018220102996665
BAAT,0.00021018026416011557
ALDH6A1,0.0002101765171340333
CCL3,0.00021011241403982254
GNG4,0.00021005801237408456
CNR1,0.0002099989506448367
GABRA1,0.00020989944548382026
TRADD,0.0002098745441463127
MYB,0.00020986498585179135
FGB,0.00020958735161444552
GAB2,0.0002095837532577676
DCK,0.00020955627713684034
TUBA1C,0.00020951614980976396
SLC18A2,0.00020943165420010787
CD3G,0.000209364490154569
CXCR1,0.00020933417696764408
KCNA4,0.00020924092711442508
LPAR1,0.00020922380660884517
SEMA5A,0.0002091800209886411
GSTM2,0.0002091553752626352
GSTA2,0.00020913422574888983
RPS19,0.0002091234749600097
KCNQ4,0.00020910907126316824
TK1,0.00020910416847640996
DLGAP3,0.00020906532377876436
UGT2B4,0.0002090616882075892
ANK1,0.00020900155012867634
LCAT,0.0002087924977971362
KCND3,0.0002087742091967353
IQGAP1,0.00020874163452739775
IFT88,0.0002086745298224807
MND1,0.0002084933466254636
FADS2,0.00020842863754974236
BCAN,0.00020841039599961777
ACOX2,0.00020823296487960973
FBL,0.00020819535198531966
VCAM1,0.00020810560345975245
BAX,0.00020796526372310564
POLA2,0.00020792550779581806
FCGR2A,0.00020785664666916065
EYA1,0.00020785337227775542
SPRR1B,0.0002077794819408703
NME1,0.0002077381750473231
MYO6,0.0002077165858050622
SHFM1,0.00020768111113317952
CSF1,0.000207581956634234
ADH1A,0.00020754927737356657
SCD,0.00020753494934959215
TUBA1A,0.00020753205652256136
UGT2B11,0.0002075116290597661
SPTBN4,0.00020751071487596859
F3,0.00020738886679125853
RPS7,0.00020726996315166684
CCR2,0.00020726442720461925
GPC5,0.00020704116326060023
CXCR3,0.0002068124768746332
EFNB3,0.00020676237632162234
GRIN2C,0.00020639187022398456
BCL9,0.00020637870524870395
HES1,0.00020637335424789614
TRDN,0.0002062860327427623
NUDT12,0.00020606992962568217
ITGA10,0.00020593058546533648
CCND2,0.00020578821487747236
RPS15A,0.0002055843119218203
NRG1,0.00020556142757184153
CACNB3,0.0002054874948911155
RARA,0.00020545144858913252
CYC1,0.00020531959483556278
NCAPG2,0.00020516477663171958
ADH1C,0.0002051140292719032
GNG11,0.00020476112373129596
PDE1A,0.00020471413273362134
RYR2,0.00020466450457577232
STAT6,0.00020458994547164957
GSTA1,0.0002045491755592761
GFRA1,0.00020454871947938447
NOD2,0.00020440873968103295
PPAP2B,0.000204316908001995
MRPL13,0.00020430473800268342
EFNB2,0.00020424930983406941
MAP3K5,0.00020413726047579698
PPFIA2,0.00020413321911258062
NR1H3,0.0002040743623320815
CHD9,0.0002040609506542825
GNG3,0.0002040299872293706
APOC2,0.00020400028927679054
SCN3B,0.000203582410331939
UGCG,0.00020341276836936904
ACVR2B,0.0002032723067451683
NUDT7,0.00020317608980174716
NRP2,0.00020315516954766129
SPA17,0.00020300860635681195
ROBO1,0.00020282383632619973
ANGPT1,0.0002028009932867686
CKAP2,0.00020275342281275385
RPL35,0.00020273379841262556
RAD50,0.00020263426107247715
MME,0.00020239910861129305
TACC3,0.00020236733680994415
RBBP8,0.00020226160641292416
COL4A2,0.00020221444702659064
DNMT3B,0.00020214627270892825
CD3D,0.00020195114725299435
MAOB,0.00020159943519939015
CCDC103,0.00020134787337365502
RPL23,0.0002012340163575233
SIX3,0.00020122399725692363
TTLL12,0.00020119793207532346
NFATC1,0.00020110655511530468
GPC4,0.00020094557847015097
SAA1,0.00020093676477162513
WT1,0.00020093225846933965
RPS28,0.00020090684885027337
LAMC3,0.00020079258164659735
MBOAT2,0.00020078710842452518
GPC2,0.00020071429520805456
NUP210,0.00020070422797870434
PAK4,0.00020070124314544764
EEF2,0.00020063821554388976
PPFIA3,0.00020061602381468138
GNRH1,0.00020058787752532558
PRF1,0.0002005141431649422
TRH,0.00020032490813614722
CX3CR1,0.0002003061955172329
RPLP0,0.00020030238897652638
RBL1,0.000200294305808061
IL1A,0.00020021425462704026
STK39,0.0002001968228437699
ADAMTSL5,0.00020016317135544942
RBBP5,0.0002001267286540937
IL6ST,0.00019998499899649246
MYH3,0.00019993680299974868
PLP1,0.00019966821745401173
CACNA1F,0.00019958746010721967
ADAMTS5,0.0001995351560634491
PLN,0.00019953300987411146
PTPRS,0.00019920785449396806
HAO1,0.00019917098072537329
GGT1,0.00019910576008295124
AQP4,0.00019902865745363262
PPP2R5A,0.00019896523036386845
DHRS4,0.0001989093308231908
OGN,0.00019889346067589382
ROCK2,0.00019888699120447048
NPAS2,0.00019886205529368365
AKAP5,0.00019876317889787326
LAMB2,0.00019872151606450304
JAM3,0.00019867794495338683
KCNQ5,0.0001986059902657878
ADAMTS3,0.00019842009613508805
HSD3B2,0.00019839803384841183
FOXO4,0.00019838271951214175
ACSS2,0.0001982773559092958
ATRX,0.00019824340396535744
IL15,0.0001982150950219061
RPS20,0.00019816425738550055
GABBR1,0.000198148607979721
ADAMTS1,0.00019807619812014984
HK2,0.00019804409736799903
SELP,0.00019795116871247262
ARHGAP11A,0.000197867113963142
DDB2,0.00019782755098258516
HLA-G,0.00019780097373622252
IFNB1,0.00019779572530051964
RPL4,0.0001977504695096106
SPHK1,0.00019770777697497168
RPS23,0.00019770628063420283
FPR1,0.0001975775029695645
PSMD11,0.0001975207344481789
TNNT3,0.00019744396958444908
NUP93,0.00019738612058925453
CCDC39,0.0001973544238664482
PABPC1,0.00019734518802157734
CD2AP,0.00019694369506328169
RPL3,0.00019692589451595166
BSG,0.0001968935186913449
STAT4,0.00019686666839531102
SEMA5B,0.00019668995781439345
TCEB2,0.0001965544872288975
MYBL2,0.0001965407075416541
HBB,0.0001965034125804906
RSPH4A,0.0001965032182571187
ITGB8,0.00019649161037250671
STX1B,0.00019647669040785188
PDGFA,0.00019645888515766423
ZYX,0.00019641189578026422
TNNI3,0.0001963135192026503
FGFR4,0.00019630332601021329
ADAMTS4,0.00019627307096878506
HMGCR,0.0001962221832361853
NPHS1,0.00019617674131980394
RIPK2,0.00019613408565429512
PCK1,0.00019607222842130465
AMBP,0.00019603247133580237
BRAF,0.00019599053965347067
SCN11A,0.00019596908365745097
RPS15,0.00019589413480418838
TCF4,0.00019579854007242473
RPL30,0.00019577082916319693
PIPOX,0.00019570898500120853
FOXA1,0.00019565829942419272
DCAF13,0.000195605626642974
EEF1G,0.0001955468287639549
IL6R,0.00019532821253867127
RPS24,0.00019500659475573352
VAV2,0.0001949453188145256
FZD4,0.00019492107052229251
MYH10,0.00019490941653866264
SEC61G,0.00019487185457245127
TAL1,0.0001948601215379669
DHCR7,0.00019471808524642057
RPL8,0.00019471544980580473
SHMT1,0.00019458882646937039
ITGA7,0.00019445307380964007
WNT4,0.00019431393998605386
CHRD,0.00019428973218238877
SPARC,0.000194271915106546
ALDOC,0.00019420744947161401
JUNB,0.00019409890334237272
LMNA,0.00019380057696220712
LEPR,0.00019361210537994827
BMPR1B,0.00019355398544124692
HIST2H2AA3,0.00019346285417949383
UNC13A,0.00019342856106546204
WNT9B,0.00019342389692714727
ITIH4,0.00019341531375704753
CDC7,0.00019341155972388025
ALDH1A2,0.00019335694018459868
EPHX2,0.00019325589622421385
ANXA2,0.0001931838740863062
OAS2,0.00019318290733288522
CBX2,0.00019310523555718888
GCK,0.00019294172112336748
CSPG4,0.00019285980029462222
PARD6A,0.0001927870434919002
PLA2G16,0.0001927865488237613
SEMA3A,0.000192763619719182
TUBB2A,0.00019272694168720784
CCDC65,0.00019266760117295288
ACOT4,0.00019263616925745928
GIMAP8,0.00019248960065534415
CTGF,0.0001924681845414333
SNRPA1,0.00019216798374137008
CES1,0.00019203258947024754
BCL2L11,0.0001919997973809776
RPL13A,0.00019199790987558765
OSM,0.00019192478576872385
DIO2,0.0001917308595454485
NTRK3,0.00019140945867528885
CXCL1,0.0001913804414886908
THBD,0.00019135940025982972
ELTD1,0.0001912556056417378
NEFL,0.00019122219510104158
FGF1,0.00019118197460400716
GDNF,0.0001910381004792565
RORC,0.00019099968542007315
ARHGEF6,0.0001909856042166019
SERPINH1,0.0001909649765370935
IKZF1,0.00019076520822409462
ITSN1,0.00019073481576994435
GLUL,0.00019071704460948497
MGLL,0.0001906983992432713
HELLS,0.00019063789646136246
CACNA2D2,0.00019040306963302457
RPL9,0.00019035535489125014
GSR,0.00019024239861055282
PYGM,0.00019019209169732654
TRPC6,0.0001901707944191278
CCR1,0.00019005931076533056
VAV3,0.00018996749184720384
DOCK1,0.0001899591543392621
WNT2,0.00018990408972867424
PARD3,0.00018950756547739134
ST3GAL2,0.00018920325170297136
PSMB9,0.00018915597650886608
MAGEA3,0.00018912392981664195
PTPRD,0.00018906506007260122
ALDH1A3,0.00018900541448983336
RSPH9,0.00018899135909983391
PLAT,0.00018889373411376255
PLXNA4,0.0001888372071378599
EPHA4,0.0001887182912496057
PLXND1,0.00018849710256925635
ADSSL1,0.00018826534962304754
APOA5,0.00018820754639004166
CD163,0.0001882044404168773
FANCC,0.00018815270741929878
CENPW,0.00018811561509783165
ZEB1,0.0001879895779064322
CACNA1E,0.0001879287117915675
MMP14,0.00018784873394335364
EDN3,0.00018770289097722422
GRP,0.0001876455204940429
LAT,0.0001876160529040196
GUCY2D,0.00018753260586994367
VANGL2,0.00018744338104141725
KCNH1,0.00018740189278549225
F11R,0.00018729673004032202
GSTM3,0.0001872454820447346
DNAL1,0.00018720416724657537
RPL12,0.0001869544912800203
RAB27B,0.0001869179092476476
COL5A1,0.00018679139329117538
SCNN1A,0.0001867725484794682
S1PR1,0.00018658457021724175
CXCL2,0.00018651697367463036
SCNN1G,0.0001865156334601655
HMOX1,0.00018646689492114168
SAP30,0.00018632425849042115
ADAMTS2,0.00018621216262726089
CDH23,0.00018612954723150457
ABCA1,0.00018608592618023022
UBE2S,0.00018601732030969572
KIF20B,0.00018595168229351396
CCL20,0.00018587155263729606
SYN2,0.00018579458658717302
UGT2B10,0.00018560091186607897
RUNX3,0.0001855486986688117
CTBP2,0.00018552219493659533
IRF1,0.00018546446388355793
LDB2,0.00018543138790516378
PDIA4,0.00018543066155425695
IDE,0.00018540174800006347
CAMP,0.0001853613685179044
YPEL4,0.00018530582505713592
CROT,0.00018515589177677498
CEP290,0.00018515161840145907
BRIP1,0.0001851142250347738
HTR3A,0.00018510686910149437
FGF10,0.00018501324052248093
C1QB,0.00018496046988981455
PPAP2C,0.00018480281259050633
GATM,0.00018464985341574514
FAM64A,0.0001845858405047941
ADH6,0.00018453449151862285
ALDH4A1,0.0001844884873719483
RPS29,0.00018446039595188823
NKX3-2,0.00018424297799546292
NRCAM,0.0001842209232720175
BAG3,0.00018413641951423897
MRPS12,0.000184037448282617
ST3GAL1,0.00018387410038669244
FABP4,0.0001836329293095369
AGPAT2,0.00018359105261855934
PER2,0.00018357209610426795
CYP4A22,0.00018347463443906155
TKT,0.00018346584810718502
ALK,0.00018327953855375872
DDO,0.00018327120886555586
SGCE,0.00018325603563206487
HOMER1,0.00018317954769459248
IRF6,0.00018305605153693373
HMGCL,0.00018301181395180175
RPS27,0.00018273116896966605
NID1,0.00018260120927052518
CHTF18,0.00018254524263769308
GGT5,0.00018251121140874048
CACNB4,0.00018248685557787107
TCAP,0.00018246772974518937
KCNJ11,0.00018237330661686552
FASLG,0.00018237193594379007
BOP1,0.00018235229070299552
B3GAT1,0.0001823246486940208
ITGB7,0.00018225570258508916
HYOU1,0.0001822228000918721
DNAJC6,0.0001821554137513462
PLA2G4A,0.00018211289478106265
PHGDH,0.00018211167122617045
PKP3,0.00018207359125233755
PRKAA2,0.0001820155523760982
B3GNT3,0.00018188750724170043
SLC2A1,0.0001817552222615525
ARNTL,0.00018169739190748726
NASP,0.0001816590799653374
IL7,0.00018159933810801623
PPP1R9B,0.00018150545904525744
BBS1,0.0001814968667613063
CHMP4C,0.00018149430350418119
CYP1B1,0.00018149246943808094
SGK1,0.00018138920328234154
ITGA11,0.00018136545791489254
PSME4,0.00018085177704016116
POLR2H,0.00018082039482501068
RPL27A,0.00018080113441414
HK3,0.0001807070446209024
ALDH3A1,0.00018064298325216416
FCER1A,0.0001806339414907304
PLXNA1,0.00018057590040944697
ACTN3,0.00018051762978653333
NR0B2,0.00018050484987671615
PCDH15,0.00018049573838972236
RPL18A,0.000180388200850653
HYDIN,0.00018027374733031493
MRPL15,0.00018025282491276542
TIPIN,0.00018024904221280487
PIK3C2A,0.0001801976201317818
TGM1,0.0001801097245077917
ISL1,0.0001800989686149174
ARHGEF12,0.00018009745347530575
COL4A5,0.00017995386351928646
OASL,0.00017993148358145383
NT5C2,0.00017987515919727957
TLE3,0.00017984196577619917
LMO2,0.00017983796135069829
FJX1,0.00017977436943730592
PSMD3,0.00017953788011855842
SPTBN1,0.0001795068279907141
COL11A1,0.00017947409539173373
KCNH3,0.00017942652819805788
PIP5K1B,0.00017940810206473095
MYL7,0.00017940295167849437
NEB,0.0001793168310726008
HSD3B1,0.0001793047332451977
PLD1,0.000179303907068837
RECQL4,0.0001792504339993467
ALDOA,0.0001790060009145067
GATA2,0.00017887468063197757
MMP13,0.00017884894700086098
GJA3,0.0001787994205439561
ECH1,0.00017875685551683448
FUT4,0.00017871476453040934
NFKB2,0.00017862444770791236
CYP24A1,0.00017860917154493273
CACNA2D1,0.00017860837091666047
GP1BA,0.00017852898035898625
MYH2,0.0001785159502579662
ALOX15,0.00017848468358891791
DLL1,0.00017846149543383836
KLF4,0.00017844621906226547
SKA3,0.00017835490403177217
NLRP3,0.00017832393863599573
SEC16B,0.00017832311872586386
PSMD12,0.0001779127446648487
LRRC17,0.00017789847931819073
POLD2,0.00017778618348063534
SPON1,0.00017778382759519023
SALL4,0.00017772428600622351
ST3GAL3,0.00017770909958855145
ESYT3,0.0001776724004641741
KCNAB3,0.00017764997639163263
IGSF9,0.0001774851441331488
RIPK3,0.00017738469796606666
OAS3,0.00017735452782593314
F10,0.00017734571007923047
DSCC1,0.0001773159588053855
CTNND2,0.0001772757489133016
FLG,0.00017722249330226193
EPHA2,0.00017713952552139378
TEAD1,0.00017713794318320256
PDCD1,0.00017709633877212712
CPT1A,0.00017706546683824814
SQLE,0.00017702136294106395
EPHB1,0.00017701690229755438
RPL26,0.0001769468766466109
GNAT1,0.00017693008470771028
SCML2,0.00017687913973237233
KIF5A,0.0001768767787515433
ARHGDIA,0.0001766926175003872
PTPN13,0.00017648890013511465
POLR2L,0.00017646581726848463
CDCA2,0.0001764445916705031
TNNT2,0.00017643631285364043
AP2S1,0.00017640917407178727
GABRA5,0.00017640128876627475
FTO,0.00017637873627621175
TRPC3,0.00017637569159502863
GRAP2,0.0001763609691525719
TMC1,0.0001763444351086991
WNT11,0.00017627387509608117
STIP1,0.00017602838820275618
RPL19,0.00017602790257200866
CENPJ,0.00017593788202780545
MPO,0.0001759277228721071
PLOD1,0.0001758607457675044
GMDS,0.00017584632184499012
MYLPF,0.00017582958793079645
CD27,0.00017582801329556208
MYL6B,0.00017564784313766092
GPX2,0.00017555522577715748
COL11A2,0.0001754800910697289
KL,0.0001753660417800891
FZD1,0.00017536221730875417
FDFT1,0.00017535808824221464
CDK5R1,0.00017532022990835567
DYNC2H1,0.00017525343243055198
UGT2B28,0.0001752015462894961
STIL,0.0001751491310170178
IL12B,0.00017514506390548586
SPAG6,0.00017499737775407388
PIK3R6,0.0001749675837370888
ATRIP,0.00017485091329160323
RPS26,0.00017483330893595768
DUSP1,0.00017475735183338848
KRT5,0.0001747516000258748
GCNT1,0.00017472651703317964
RRS1,0.00017471878466392767
ENO1,0.00017463781953517207
ETS1,0.000174528193567421
APBB1,0.0001744926680784195
FIGF,0.00017442265079326225
CPAMD8,0.0001744089025522155
PAK7,0.00017440386875344446
SLURP1,0.00017430468088120658
SPC25,0.00017422633425475688
RPL13,0.0001741221369197539
THSD4,0.00017409287587142317
TET2,0.00017409030909388754
ALAS2,0.0001740725988204883
RPS17,0.00017404991211477768
AKR1D1,0.00017395337808636947
SKA1,0.00017391884362910175
KCNK2,0.000173918053465475
IHH,0.00017381565584998317
KLK3,0.00017373766526593737
GIMAP7,0.00017358875783703934
PCCA,0.00017343829730791493
PTPRZ1,0.00017342600354134898
SLC47A1,0.00017340540151382773
RPS25,0.00017335727847010522
TNRC6C,0.00017334317033756115
CHL1,0.00017329475518221017
MSX1,0.00017329150800846603
ADAMTS8,0.00017328836535469654
RPL18,0.00017325399234290238
PAX5,0.00017312948517814457
CRAT,0.00017310860047934973
SAMD11,0.00017308834395747316
GIPC1,0.00017306426669788948
SMAD9,0.00017292735672990784
RPL32,0.000172917721162843
P2RY12,0.00017286298547293386
PPP1R15A,0.00017282787991035342
HPRT1,0.00017262714444956717
GLS2,0.0001725788685391256
SERPINA5,0.00017249103599218502
IBSP,0.00017248635182548754
SLC40A1,0.0001724157921440044
HOXA7,0.00017241530323348946
COL4A6,0.00017239771175488156
REL,0.00017239284718483633
CLOCK,0.00017235459640421906
LGI1,0.00017230899630248488
TRAT1,0.0001723044380100914
SNTG2,0.00017213025794953667
LIMK1,0.0001720245524573235
SMAD5,0.00017199500551891818
SCN2B,0.00017197630097382617
MITF,0.00017191914199683598
NLGN4X,0.0001718438230486752
ABCG2,0.00017177761962448856
NFATC2,0.00017168493467931167
GNAT2,0.00017166663944328614
ASH2L,0.00017159918747695235
FZD5,0.00017159803589453636
SNAI2,0.00017157582711856058
NES,0.00017157259116716003
PKMYT1,0.0001715386204052568
TXNRD1,0.00017152578865419336
DYSF,0.0001713512466002339
ADAMTS7,0.00017135060333804507
CACNA1G,0.00017129521869288554
MAG,0.0001709251037924248
GYS2,0.00017090323438594156
CCK,0.00017088350027358445
GLDC,0.0001708406997932939
TNFAIP3,0.00017082709645231393
ITGAE,0.00017076131487776485
CASP14,0.00017065552512212295
AKR1C1,0.00017057947882444659
VPS13C,0.00017056823452267408
AGTR1,0.00017048885729894884
KDM6A,0.00017044916857175544
APH1B,0.00017039561079910194
ATAD2,0.00017033604186894466
WNT3,0.0001702661849328071
AK3,0.00017017061098368235
MAP3K14,0.0001701683813053377
RBL2,0.00017016421293279544
MOCS1,0.0001701567178941547
TRAF1,0.00017000219719708545
FGF19,0.0001699976406340737
PNPLA3,0.00016997713541474054
ADAMTS16,0.00016996795146200844
ADAMTS18,0.00016996795146200844
ADAMTSL4,0.00016993964250924527
PRIM2,0.00016986328419832738
CDKN1C,0.00016971467140352643
FZD6,0.0001697091719153484
LTA,0.0001697084707071263
LPCAT4,0.000169635687089992
RPL7A,0.0001695152590990732
ALPL,0.00016950788764178983
POLE4,0.00016948310154257085
CSAG1,0.00016932078279285732
CUX1,0.00016922004024956067
CATSPER2,0.00016921288343592746
GNGT2,0.000169160696791771
CBX8,0.00016913806511065525
WNT8B,0.0001690206053207748
CCNF,0.00016898385361679963
RPL27,0.00016890956788742712
PDE4D,0.0001687272066275837
ARL9,0.00016869178257903326
USP1,0.0001685794704855358
SNAI1,0.0001685772382830777
ADAMTSL3,0.0001685029670250455
OLIG2,0.00016845577724622569
C5,0.0001684555484678358
AOC3,0.00016837123568816387
H6PD,0.0001682582988327476
HPX,0.00016819973057735372
SULT1A1,0.00016817728067535556
RAD9A,0.00016816314919105316
MYLK,0.00016813789721932673
SCN8A,0.00016812856316545839
GLUD2,0.00016808936527611056
SREBF2,0.00016806725243000164
SPAG17,0.00016803754938010847
RPS21,0.0001679311163206536
ACAT2,0.0001678986738180866
PSMB3,0.00016787103641669994
RPL7,0.00016780237151430943
HIST1H2AM,0.00016767569206523617
GLRB,0.00016763778826258416
CD209,0.00016763427041440116
WIF1,0.00016749221048557172
LILRB2,0.00016747714144134802
TPT1,0.00016747418978247666
IFIT3,0.00016741286174580964
ACAA1,0.00016738214899731196
ITPA,0.0001673379613081096
THRB,0.00016733655965098758
SYNJ2,0.00016728703033559633
EDNRB,0.00016719114115245173
ATP1A2,0.00016717006453452368
PLA2G6,0.00016703935850950538
IFIT1,0.00016702412572550777
NR0B1,0.00016682328109177716
MYH8,0.0001668211299258594
SLC9A3,0.0001667944856605117
GABRB3,0.0001667272070011742
MBD3,0.0001667236270318044
IFI6,0.00016670681143842326
CBX6,0.00016669618069721905
LYPD1,0.0001666915706156919
LDHC,0.00016668451810301303
VLDLR,0.0001666591223990426
CMPK2,0.00016658825512667192
TMPRSS2,0.0001665837860479567
HIST2H2AB,0.00016657452907125199
PAX9,0.00016648281481937974
NUP155,0.00016642152220807933
ADCYAP1,0.00016641462915361789
MRC1,0.00016632118056955864
CARNS1,0.0001662680642984907
HIST1H2BC,0.00016618576811941742
LMO1,0.00016615978273754018
C1GALT1,0.00016602837427881023
CANT1,0.00016602409302104878
CD74,0.0001659586707558999
PFKP,0.0001658467780572801
CYP17A1,0.00016573171611238666
TBR1,0.0001656336713891688
GPX4,0.0001656114909990615
RPL35A,0.0001655792991194149
EME1,0.0001655543907852718
KERA,0.0001655101238799826
SLC7A5,0.00016543727533658724
SNTA1,0.00016543093166235495
PAX2,0.00016540880208206133
STS,0.0001653842672394119
LDHB,0.00016534596872093846
RPL29,0.00016532951111179978
TNFSF11,0.00016522232976208873
KCNN4,0.0001651665124692084
DHH,0.0001651591627855986
THSD1,0.0001650971438249923
ADAMTSL1,0.0001650971438249923
ADAMTS15,0.0001650971438249923
THSD7B,0.0001650971438249923
G6PD,0.00016508884905422718
MAP2K3,0.00016492154848422866
ELANE,0.0001648494692276969
TLE4,0.00016481475847231986
SNTB2,0.00016472762865971422
MAGI2,0.0001647252058778612
FGF7,0.00016468051814552735
PLXNB1,0.000164619198972631
MYH14,0.00016456417450028382
OXT,0.00016454912321102688
TEAD4,0.00016451260718161793
CACNA1A,0.0001644847622240426
RPE65,0.00016438720330188346
TLR3,0.00016438545260928617
CTAG1B,0.0001643222014321507
PLEK,0.00016428289520006268
MSN,0.00016415340761500647
FANCA,0.00016410359962187876
GPC6,0.00016404481507558482
FUT2,0.00016401139883581652
EPCAM,0.00016397958957334123
CCL22,0.00016393115151002962
PPIF,0.00016387999914717447
LPAR3,0.00016384485707246247
SHANK1,0.00016383562347094008
TCF7L1,0.00016380145507089664
PSMB10,0.00016379148416993417
ALDH3B2,0.00016369553219001476
BEX5,0.00016368253639338843
PSEN2,0.00016343348357595558
ERC1,0.00016343265235371128
GNG5,0.0001633880876365689
CD22,0.0001632943295354924
ANGPTL4,0.00016321135324049216
PNPLA4,0.0001631577735920998
CCL19,0.00016311076030464032
DGAT2,0.00016309453363695322
FUT3,0.00016307119201948097
ELMO1,0.00016305891119229596
GSTM5,0.00016303712834859623
COL5A2,0.00016303584310531504
ENO3,0.0001630158684056394
CD1C,0.00016296444353466335
SH3GL2,0.00016294214234187197
PDE1B,0.0001629410219633909
TBX21,0.0001628940790411127
SFTPB,0.00016282954534410342
KCNIP2,0.00016278653851044023
PTCH1,0.00016268076424732136
NLGN3,0.00016266315007846106
SCT,0.00016260006207073808
EDNRA,0.00016258583224916824
POLR1E,0.00016254796628773535
TBX5,0.00016244573017821812
KCNK12,0.0001623945434562984
PLCB3,0.00016239318635145363
WNT2B,0.00016237876864733618
CD5,0.0001623400555507259
AKAP2,0.00016220467265966353
GAL,0.00016218937283909936
PRDX1,0.00016201739154198398
RPS27L,0.0001619825333532047
AGTR2,0.0001618455919353062
UGT2B7,0.00016182934205899116
PGM5,0.0001618043473167551
GDAP1,0.00016173365136625182
HSD17B8,0.00016165343746076037
CPB2,0.00016164330119316646
PRELP,0.000161330828001784
PECR,0.00016130228635212793
RPL31,0.0001612638125280583
CDC25B,0.00016124096255829592
CYLD,0.0001612360796814491
PRTN3,0.00016116112704738273
MRPL2,0.00016102470263269604
MRPL11,0.00016097761677841456
CD69,0.00016096471665702876
AADAC,0.00016094538275988445
CFH,0.00016092991979191465
TOMM40,0.00016091984112503636
CHMP4A,0.0001609161466004441
PPAPDC1A,0.00016087290993200648
CH25H,0.00016073406277180793
TCEAL1,0.0001607033589776936
UGT1A9,0.00016067957223586028
MT1X,0.00016066604815915013
MT1H,0.00016066604815915013
BGLAP,0.0001606036953372759
RPF2,0.0001605646199616904
LATS2,0.00016048800473652104
FST,0.0001603794934628989
GPX3,0.00016035465991880935
HOXB4,0.0001603322830255442
MFSD9,0.00016021962155113832
INPP4B,0.0001601437965807391
CTSK,0.00016013909708708653
CYP3A7,0.0001600733486069454
KCNK3,0.00016004393124772028
NOP2,0.00016001636885684315
PSME2,0.00015992616727325667
POLR2F,0.00015980645476944296
PKD1L2,0.0001597893498437265
PRAME,0.0001597469356818707
UCHL5,0.0001597461247193585
GSN,0.00015966294691333873
PDE6B,0.00015964743149063043
RPL17,0.00015962487938472853
HOMER3,0.00015960966978615466
PDE1C,0.00015960759948099743
KCNE1,0.00015953100409908135
EYA4,0.00015947202306985448
HIST1H2AG,0.00015945808323428802
RPL38,0.00015936550850471847
RPS12,0.0001592481996786491
LOR,0.0001590741716829952
E2F8,0.00015896959575371672
RELN,0.00015893835578166125
LPAR4,0.000158935405673047
SPTBN2,0.00015893116284892766
HLA-DPA1,0.00015892759860425493
RPL37A,0.00015882786831988385
IDO1,0.00015879272233494256
ACO1,0.0001586724843939856
SMC1B,0.00015860250761822662
ERCC6L,0.00015856335757592332
CYP2D6,0.00015851691265606084
FBLN2,0.00015851117513971964
TDGF1,0.0001585030740416295
ACSS1,0.00015845515887762872
PRPF31,0.00015843426417157496
THRA,0.00015840668253922806
TDRKH,0.00015837949852754875
RAMP2,0.00015826278569237506
IRS4,0.00015822406997409083
GHR,0.00015821468573865412
WNT7A,0.0001581676550480679
ACSBG2,0.00015813917396522944
SPATA4,0.000158034920593745
SHANK2,0.00015803426403473286
RPL22L1,0.00015802918501432877
SGCA,0.00015798822654762457
TMPRSS6,0.0001579810756102117
MFAP2,0.00015796179191142692
FRS2,0.00015793954348643634
FOXL2,0.00015793220562758717
GGT7,0.0001579235295659992
OMD,0.00015790721700139818
CHAF1B,0.00015788047888217857
CYP2U1,0.00015776333298047148
RGS2,0.00015769469686626185
DYNLL2,0.00015753042121059604
ATP1B2,0.00015745476586377793
DECR2,0.00015739539611988134
RNASEH2A,0.00015736108923707624
CEBPD,0.00015721837984826367
GATA6,0.0001571859190133644
PRPF40B,0.00015716325743201251
PNP,0.00015710911630570812
MANF,0.00015690863012762107
GCNT3,0.00015673831277016016
PAOX,0.00015667818175231748
IMMP2L,0.00015666547887216008
SIX2,0.000156652329710331
ACSL5,0.00015661416346543657
PAX8,0.00015659982415674474
SERPINA1,0.0001565740616347485
MYOM2,0.0001563310563563634
CENPK,0.00015632629424547784
CLK1,0.00015626575790312692
CITED2,0.00015625882023606849
TJP3,0.00015623744079077564
KLK2,0.00015621862048164796
RPS10,0.00015613519454743042
EPHA3,0.00015609376617711052
CSTA,0.00015605283689118198
CENPI,0.00015602938163078589
E2F3,0.000155843574355275
SLAMF8,0.00015581203336520634
ACAA2,0.0001558027127076065
PTGS1,0.00015578597567840086
CRY2,0.00015577120065107065
RPL36,0.00015576885608659463
FOSB,0.00015573325182590206
RGS6,0.00015562987264533846
EEA1,0.00015560884817381984
PDE11A,0.00015557713103995867
CASQ2,0.0001555663579314893
KIF3A,0.00015555934923326662
CEL,0.0001554576189461527
GABRA3,0.00015542724622974593
TSSK4,0.00015525944646849053
AQP2,0.0001552439269657888
S100A7,0.00015518899201297844
ROBO2,0.0001551830094285437
ALOX15B,0.000155170077104411
CARD11,0.00015510244302500845
CCR8,0.00015509533650596259
TTR,0.0001550898611620531
ALOX12B,0.00015500822659270068
RPL24,0.00015497674179027607
CYP11A1,0.0001549762016694868
PGK1,0.00015496891714139686
UCP1,0.00015491256785880506
SLC6A3,0.00015485562282733964
HMGCS1,0.00015478889447629037
BHLHE40,0.00015475919268771791
CPE,0.00015475910966186935
RPL39L,0.00015471653479093512
PSME1,0.0001546697421248976
WNT5B,0.00015461859311915332
CD9,0.0001546172288400966
MEIS2,0.0001546123776255545
EEF1A2,0.0001545641047722127
CLTCL1,0.00015454017981446594
COX6C,0.0001545356525817693
AP1S1,0.00015450646815541241
GABARAPL1,0.00015443519673130358
KCNJ2,0.00015443228506241256
IL3RA,0.0001543747789479313
SYNGAP1,0.00015434869598216552
CCL7,0.0001542593231849607
PRKAA1,0.00015423320625968214
C3orf58,0.0001541679738084075
TAT,0.00015409984860739954
STRA13,0.00015409705546345274
RBM44,0.00015401161261468594
EPAS1,0.00015396748916722655
MYH1,0.00015389450785224665
DNAH8,0.00015388675621391963
TPSAB1,0.0001538746054088097
ENTPD8,0.00015381122016504975
AMACR,0.00015376033341295053
SPINT2,0.0001537559675665992
PBX3,0.00015364602309188703
EREG,0.00015361666004917003
AXIN2,0.0001535841823140766
BMI1,0.00015344936493507394
DPP6,0.00015343026770859273
GUCA1A,0.0001534185035055341
HSPA1B,0.00015341764365403118
RGS20,0.0001533578570837029
RGS11,0.000153352062640517
PPP3CC,0.0001533471341253101
FREM1,0.0001533049981255173
HEY1,0.00015322203295350966
CYP2S1,0.00015314608775322564
CCDC69,0.00015312583605308166
ZWILCH,0.00015309892842546092
AKR1B1,0.00015306350052442705
RAPSN,0.00015304684212641398
EPB41,0.00015291614551494575
SMPD1,0.00015291020161295474
LSM7,0.00015278439596015103
ADAMTS13,0.0001527774536945292
DSG1,0.00015275161967098896
KIAA1462,0.00015274462246345983
CBX7,0.0001526647616120402
TRPV4,0.0001526067454690122
SCARB1,0.00015258845678294572
ATP5D,0.0001525725880147681
FES,0.00015254813823688853
SH2D4B,0.00015253268742196704
HMGCS2,0.00015243298768797113
RPL21,0.0001523438282786634
JAM2,0.00015228910022908036
MRAS,0.00015227992237081778
DOCK4,0.00015221098999131867
IFI35,0.0001522080411497313
HOXB7,0.00015218273332075988
SYT2,0.0001520548621659263
PSMD5,0.00015202124516789202
FZD7,0.00015180961407589667
WNT10A,0.00015179632139581016
GSTA3,0.00015168657884997695
SERPIND1,0.0001516482735175537
FANCG,0.00015155351781596731
PTS,0.0001515230611822272
ALDH1B1,0.00015148160602831702
TLX1,0.00015132745016515335
CCNT1,0.00015131148674091252
GYPC,0.00015113041616045866
GINS1,0.00015101253453198767
SF3A2,0.00015100723736386355
MYL4,0.00015089782636799878
CHGA,0.0001508705535983545
TP63,0.000150703829114733
ANXA1,0.00015069543044293326
RPL34,0.0001506086341788161
S100A10,0.00015052863062760141
PLCE1,0.00015051918240339558
FHL2,0.00015050148815392274
PAX3,0.000150365674310906
AMT,0.0001503037710552167
LALBA,0.00015028208348669798
MAD2L2,0.00015027402223427285
SPC24,0.00015026460251455105
GPRASP1,0.0001502499157385104
MTHFR,0.00015024918475429235
GSTA4,0.0001502245048592908
E2F5,0.0001501930155813015
PRDM16,0.00015013625268736651
WNT9A,0.00015012130741893744
KCNJ4,0.00015009820951829826
ADAMTS9,0.00015007310469053535
DLGAP2,0.00015003392232057995
RAB25,0.00014999739032945216
ERN1,0.00014996247011960537
FZD9,0.00014991711524637593
PKNOX2,0.00014991061965190418
NUDT5,0.0001498691986604723
THY1,0.0001498197982689439
DAPK1,0.0001497401341388689
TUBB,0.00014969699597779823
AMPD1,0.00014964108797577564
AKAP1,0.0001495075092145288
NUP205,0.00014936665106387144
RND1,0.00014927311515008132
EIF3E,0.00014905340030925215
GSTM4,0.00014894923207558664
OAS1,0.00014893315929304026
POLQ,0.0001489151626582251
DHRS9,0.00014881465571947035
PDCD1LG2,0.00014874191541520873
MAML2,0.0001487114355676039
XRCC3,0.0001486989520743442
CCNB3,0.00014866228957113514
PPFIA4,0.00014860646008937482
HSPE1,0.00014852555777457728
ANO1,0.0001483105853606592
IFIT2,0.00014829865718524234
ACSL6,0.0001482860974066204
BMP7,0.0001482302301277146
DDX49,0.0001482070575526982
E2F2,0.00014818470203321324
GCLC,0.00014817835430845077
TNNC2,0.00014807374879718613
GABRA2,0.00014799834008706288
GABRB2,0.00014799073446434264
LPCAT1,0.00014793499696119213
MS4A2,0.00014781595472366444
PFKM,0.00014774333820645545
MYO7A,0.00014770878320674761
NDUFB9,0.00014767871815641104
RPL28,0.00014767193491230975
DDC,0.00014760637954060738
BST2,0.00014758733536430577
TPH1,0.00014757721477913656
HKDC1,0.00014756442482617664
DNAH11,0.0001475163208442833
MAP1B,0.00014748099577732135
ALDOB,0.00014747281691574005
LRRC6,0.00014746381492340135
FZD3,0.00014744191136682806
CYBB,0.00014743225743658685
PRL,0.0001474089349806021
PPFIA1,0.0001473970963209447
RPL14,0.0001473743735806358
MBOAT1,0.00014737209893719538
IRF8,0.00014733972013960007
HSD17B7,0.0001473330388647266
ITPR2,0.00014729834649631674
COL6A1,0.00014728021072422294
GPT,0.0001472071950054155
EFNA5,0.00014717865958654676
FBP1,0.00014715624441003432
WNT6,0.00014712282771963585
P2RX6,0.00014708550828858465
RDH10,0.00014708387020294632
RNF43,0.00014699886912169732
VIM,0.00014695284498545704
CPA3,0.00014691252466609574
NCS1,0.00014690686257427503
UGT8,0.0001468134481098736
SULT2B1,0.00014678483987000187
LRAT,0.00014670477543117803
ZMYND10,0.00014665617375538985
VHL,0.00014662024100135207
KDELR3,0.00014657599925435504
LY96,0.00014642221992425134
BSN,0.00014635166701010844
NCF2,0.00014631738092255324
KLRK1,0.00014626880902881463
SERPINE2,0.00014624538611535007
RELB,0.0001462360203839097
ACADL,0.00014622383955336505
PSMA8,0.00014622224904314548
FANCB,0.00014621201042753357
MYO15A,0.0001462027985097984
FBLN1,0.00014614693278220612
LPIN1,0.0001460750532765321
EPHA7,0.0001460268502340012
MYBPC1,0.0001460133444957002
IRF9,0.00014601185084127814
TGFA,0.0001460036087456298
IDH2,0.0001459772371251774
SMURF2,0.00014585814456156482
CYP21A2,0.00014583317702357624
SLIT2,0.0001457102221549364
CCL21,0.00014563474044404436
SCG5,0.00014557262091350476
STMN1,0.00014552390614758253
TGFB1I1,0.00014550618947385647
GEN1,0.00014548519666563
CHGB,0.00014547680963640877
IKZF3,0.00014546550911342362
PROM1,0.00014545103395960805
TUBB3,0.000145325291583453
AGPAT4,0.0001453249784276014
CD68,0.00014530749218209178
FOXG1,0.0001452887291335048
GULP1,0.00014521715390167933
KCNK9,0.00014517165160866436
CNIH2,0.00014515990876711978
MFAP5,0.00014505993707569954
LDLR,0.00014505796274538645
FANCE,0.00014496911396223462
ACSL3,0.00014489198446292892
ATP1A3,0.00014485939767947814
ARPC1B,0.00014485868672318379
PIM1,0.00014471103904934254
TYSND1,0.00014468586400899825
H3F3C,0.00014467628346523544
ATP5H,0.0001445758390530673
SCN9A,0.00014452695453604408
COL6A2,0.00014449579467814755
WWC1,0.0001444821940381756
SCGB1A1,0.00014443566311512755
SLC15A1,0.00014443303002420566
GLYCTK,0.0001444040978948359
LGALS4,0.00014436848034913771
KIF5C,0.0001443521355178562
RGMB,0.00014434435191156925
TIMP3,0.00014430936206934273
CKAP2L,0.00014424317516037932
LAG3,0.0001442126665375401
BTG2,0.0001442059721305274
FUT1,0.00014420084896944204
MYOZ2,0.00014419518996413677
IL11,0.00014419303996561028
EPHA5,0.000144188220464812
TNNT1,0.00014415135791212276
IGF2R,0.00014409397762126997
MAML3,0.0001440455932270573
XRCC2,0.00014397736646013467
SLC35F2,0.0001439749881740252
F5,0.00014378186851824926
RRM2B,0.00014376009411964965
ACAT1,0.0001436771547065886
CTH,0.0001436309192675669
PAG1,0.0001435422768926131
ATP2A1,0.00014352306765338235
MAF,0.00014351857030785398
NUP160,0.00014342343992642724
DAB2,0.00014335634836485324
HSD17B2,0.00014334652691213627
MEST,0.00014320777690602257
NAMPT,0.00014320142259265843
HOXA9,0.00014318338014640157
CX3CL1,0.00014316300012626437
STXBP2,0.00014315869494417686
MX2,0.00014304994400557992
NR1D1,0.00014297066398203824
EPHA6,0.000142946070137113
GPX1,0.00014294576927924809
SHC4,0.00014291836598520505
PFN1,0.00014288855251619667
PLCD3,0.00014287902344581934
HSD11B1,0.00014286427276782084
PLXNA3,0.00014285771137568747
CRYAB,0.00014280129294772913
WDR34,0.00014277413669047027
MRPS15,0.00014273489231935468
IRF5,0.0001426920387319114
C1QA,0.0001426864618130618
FUT5,0.00014259067016726088
RANGAP1,0.00014249436968895562
PLXNB3,0.0001423401267836537
GPAM,0.0001423391488939401
SASS6,0.0001423356425651929
CST3,0.00014231693414353127
FANCF,0.00014230355995834354
CTSB,0.00014225436936227676
CTSD,0.00014218990592322714
YBX1,0.00014216110494920782
SLC7A8,0.00014207469560828049
PKN1,0.00014203319291656522
HLA-DQA1,0.00014201616142703945
PLAU,0.00014200373492681675
PIK3C2G,0.0001420020671750231
ZNRF3,0.000141980768509771
IFITM2,0.0001418717950718945
MBP,0.000141862092930789
PEG10,0.0001418607962323623
F7,0.00014184921645260572
CENPH,0.000141829630642888
UQCRH,0.0001418073871677012
UQCRQ,0.00014179709143078881
HSPB8,0.00014170877671210836
QKI,0.00014163268013397246
GTF2A1,0.00014154535755382322
GAS2,0.00014153879713362633
SIRPA,0.0001415246014543713
RRP9,0.00014151879380505916
SCN4A,0.00014137788229674558
ZNF396,0.00014133597310502866
RAP2A,0.00014126750907000107
WNT10B,0.00014126010961725566
SMYD1,0.0001411672630760781
PSENEN,0.00014115972705827228
ALG3,0.00014115347737192807
ACTG2,0.0001411381040504243
TNFRSF4,0.00014107054990647545
B4GALNT1,0.00014105873178888747
GUCY1A2,0.00014104170275102998
CASP7,0.00014097213224905758
RCVRN,0.00014091803948402892
CHAF1A,0.00014089959832648462
WDR19,0.0001408148386661134
LMX1B,0.00014080345246424137
LSM2,0.00014080341074791468
DHFR,0.00014071222810025679
PDE5A,0.00014070522664980952
AXL,0.00014065611416032314
GGT6,0.0001406417428475965
SFRP1,0.0001406325079199852
NTF3,0.00014057757319788645
COL7A1,0.00014054039052042438
SLCO1A2,0.0001404845127605192
TNS1,0.00014047153447474474
PYGO1,0.00014046899490659088
HIST1H2BF,0.0001403918967334263
OTOF,0.00014029108632429105
PVALB,0.0001402815384563037
TP53BP2,0.00014024636485618597
SPON2,0.00014024041669147746
NT5C1B,0.00014023672420290393
PRSS3,0.0001401667460439895
ADAMTS12,0.00014012482328935004
TBC1D7,0.00014012364221216694
RTEL1,0.00014009315653543385
PES1,0.00014005524343622386
DKK2,0.00014002795169933921
COL18A1,0.0001400040432737227
GABRA4,0.0001399871686916145
HSPH1,0.0001399668964632868
BUB3,0.0001399651832778014
STRN,0.0001397499235450449
ME1,0.0001397297588230764
KLHDC1,0.00013959553428039313
AREG,0.0001395023098413349
NME2,0.00013945940979223325
CCDC155,0.00013945620169807988
DAAM1,0.0001394338483535359
PLCD1,0.00013938653288975773
MT1E,0.00013918420624063816
BZRAP1,0.00013916181424534834
TLR9,0.00013911845705494557
MLXIPL,0.0001390829543449367
SGCG,0.00013905184724818996
GINS4,0.00013904264395272456
RPL36A,0.00013901631927695885
HSPA1L,0.00013900872982888557
LMO4,0.00013900630654483043
SLC1A1,0.0001389471845944872
FGF5,0.0001388694372588892
VDR,0.00013877374151047576
APITD1,0.0001387617393576515
PDE3B,0.00013873219390337326
GCNT4,0.00013871956964852755
STAG1,0.00013864646109199334
RAP1GDS1,0.00013856959346663093
GABRB1,0.00013856644296350484
TNNI2,0.0001385308431533306
ANAPC1,0.00013850782825025677
DEK,0.0001384416198411458
REN,0.00013840457094045202
DBF4,0.0001383551992023476
NSF,0.00013828517345119957
LOX,0.00013827122093093826
KLHL3,0.0001382308995782805
NRG3,0.0001382296521206364
ZNF367,0.00013822026588549959
SLC30A8,0.00013812760809033613
FOXA2,0.00013811080036779221
MMP7,0.00013805863881376115
DHCR24,0.00013794186077544367
SIRT6,0.00013790813727088756
WNT16,0.00013788064996300855
ARHGAP26,0.00013785832102066373
HLA-DPB1,0.0001378490420881157
DEGS2,0.00013784541448338554
EPT1,0.0001378398263145475
HAND2,0.0001378327158124494
SPRY2,0.0001378099660635296
APOM,0.0001377826116380517
LAP3,0.0001377552571260802
RPLP2,0.00013770884170836954
HIST1H2BE,0.00013768615545385558
ST6GALNAC1,0.0001376500114357715
DOK1,0.00013763340316727288
GRIK2,0.00013763165001250192
HIST1H2BG,0.00013759777498308155
WNT7B,0.00013756367387439395
PRKAG3,0.0001375529018632779
EPS8,0.00013747117488586622
LSM4,0.0001374460220224101
DLL4,0.00013734718078410254
EPB41L1,0.00013733801241616419
RPL39,0.00013731810280064147
TBL3,0.00013728001102262965
CETP,0.00013720714642889047
ASCL1,0.00013712104942502248
AKAP6,0.00013710088547667324
H1F0,0.0001370893825559007
USP18,0.00013695888078665893
XAF1,0.000136952821932311
F8,0.0001369206567575495
PLCB4,0.0001369107525796678
INHBA,0.0001368646454383268
ATP6V1C2,0.00013682057640816044
PDE10A,0.00013679880360401267
DLGAP1,0.00013677888470659246
CYP2C18,0.0001367017664213257
CHST8,0.00013669203498289906
SLC46A1,0.00013667565621505533
EPN1,0.00013661536989994697
SLC6A4,0.00013659105611704721
MAGOHB,0.00013653446526714025
NR5A1,0.00013641945880264785
CALCR,0.00013638883908863772
TTC18,0.0001362932085466252
ATP1A1,0.00013627575452467846
BMP6,0.00013625111552038213
RAMP3,0.00013623992962951255
BMP1,0.0001360688715436937
ADHFE1,0.00013604295545961324
HIST1H2AL,0.00013602538108619752
RIMS2,0.0001359843440073286
ADAMTSL2,0.00013593936338255247
FAM172A,0.00013593141305850016
AMPD3,0.0001359280649126488
LPCAT2,0.00013591769149422022
CDON,0.00013591499676081603
RSPO1,0.00013588556372503448
HLA-DRB5,0.00013582262307929952
REST,0.00013579778654371338
WDR90,0.0001356129496611035
PYY,0.00013559461545976104
TNFSF13B,0.00013555983997640673
ZNF423,0.00013555443060251724
ASXL2,0.00013554201940055597
SEC24D,0.0001355279716587851
SCNN1B,0.00013546589591474607
RGS9,0.00013541896588511407
FMN1,0.0001354189552327969
IFI44,0.00013540244313318226
RXRG,0.00013540071790467257
PTK6,0.00013535199653661768
MYH4,0.00013534081259879957
PBRM1,0.00013530632591731464
SGCD,0.00013527725752004736
CNN1,0.0001352654705704818
PAX1,0.00013525296683466234
SRD5A2,0.00013525178963643466
B3GALT5,0.0001352510893186607
GLTSCR2,0.00013507084318475278
HLA-DQB2,0.0001350496975697471
HLA-DQB1,0.0001350496975697471
MRPL4,0.00013500933375677667
KSR1,0.00013500685229498834
SRD5A1,0.0001349371443714046
CALML5,0.00013486996591869868
WDR66,0.0001348485392652486
ASPA,0.00013481670503666344
IL1R1,0.00013477208602917376
MEFV,0.0001347714432822488
NPHP1,0.00013475404198119695
SSPN,0.00013475310350768893
LGR5,0.0001347226363368561
KEL,0.0001346793769409384
B4GALT6,0.00013467767144227072
B3GNT7,0.000134664067718408
BAMBI,0.0001346596058702738
GP6,0.0001346274127299115
ATF3,0.0001345449316007372
MYH7,0.0001345334821389835
NTNG2,0.0001345316762175347
COL17A1,0.00013452571970501897
PRKAB2,0.00013452325975511916
LRRC27,0.0001344791515460856
UPP1,0.0001344124364304115
CBX5,0.00013424129563785508
LDHAL6B,0.0001340872325561929
PIK3R5,0.00013407243501182355
ST3GAL6,0.00013404336222639228
ATAD5,0.00013404074589441702
NDUFA13,0.00013403089116959874
HOXA6,0.00013402883149807397
HOXD4,0.00013402883149807397
HOXC5,0.00013402883149807397
DFNB31,0.00013393907712986352
NME1-NME2,0.0001339284518094259
DYX1C1,0.00013390715171610718
CDCA7,0.00013381805078150483
RGS4,0.0001337998770188628
KCNE3,0.00013379711661366578
DCX,0.00013373496033440292
BEST1,0.00013366699045265723
THPO,0.00013366156684294263
KIF4B,0.00013365567932482214
GSTK1,0.00013365419596623137
BBS5,0.00013363642329884665
SLC9A3R2,0.0001336313112543404
LYVE1,0.00013360674921148293
MRPL12,0.00013360560166686836
LEPRE1,0.00013354113043723457
DSG3,0.00013345209825959696
CXCL13,0.00013343721277778978
PDGFC,0.00013341989055930283
CTNNA2,0.00013340622900551407
SPINK5,0.00013334654010589274
HMGA2,0.00013333950788629244
SLC46A3,0.00013319265401132293
DAZL,0.00013318105099405074
POLK,0.00013316837675188172
SHC3,0.00013312291972142869
MPDZ,0.00013308509758594466
RGS5,0.00013307418459739985
ROBO3,0.0001330253066460433
DSP,0.00013299974348894756
WASF1,0.0001329914971078167
PER3,0.00013287962091068729
GIMAP5,0.00013285829518637024
PDE2A,0.00013285038014135517
MAPRE3,0.00013278026684800744
PIWIL2,0.00013274341639356687
PLOD2,0.00013268474966812943
ADAMTS10,0.00013266717759594622
COL4A3BP,0.00013260291967630435
PIF1,0.00013255129509550046
CKM,0.0001324739386200336
SOD2,0.00013245102430768104
ATP5J2,0.00013241530553845411
CD47,0.00013228865109153753
CCBL1,0.00013225203627418994
LDHAL6A,0.0001322419467935296
NEO1,0.0001322091168732571
TAGLN,0.0001322043036811303
CHPT1,0.00013218101056730255
KRT1,0.00013216643558026177
CALML3,0.00013211547949919727
CD14,0.00013208961884790874
TKTL2,0.00013207476698310627
TRPM4,0.00013198444578392334
GBA,0.00013193613739253686
SLC36A1,0.00013184109952125715
P2RY2,0.0001317984641555133
KLHL13,0.00013175529384944153
RPLP1,0.00013173552118784664
EIF6,0.00013173492143076916
TBX18,0.0001316953620490633
PDE4A,0.00013169427954408486
AK1,0.00013166181775713229
PROS1,0.0001316594117599908
XAB2,0.0001316488427774409
ZFYVE16,0.00013156079961268647
RGS1,0.0001315460079396413
MAGI1,0.00013150853570124854
PLA2G1B,0.00013150240266766508
GAS8,0.00013143851074073654
TF,0.00013143693514337478
GABRD,0.0001314256044627725
IFT122,0.00013140676903326302
TMIE,0.00013138836164649421
DNALI1,0.0001313627190619338
GRM2,0.0001313399215101626
PLA2G2A,0.00013128883825059602
SEPT5,0.0001312618279744806
CBFA2T3,0.00013126121285982772
SELENBP1,0.00013122626522293538
COX5B,0.00013119827312751267
IL23A,0.00013119548212699742
LPAR6,0.00013119297179092098
NPR1,0.00013115070533213386
CSF2RB,0.00013112697329834504
IL4R,0.00013108769777774352
SLC16A2,0.00013098692551756185
FBXL6,0.00013098011654940424
FAM188A,0.00013097391397432094
TMTC1,0.00013095417107564298
CLCN2,0.0001309342378429058
PFDN6,0.00013090077666175643
LSS,0.00013089368589990695
KCNA5,0.00013088471384740572
TRPA1,0.00013088222635846916
ARHGAP23,0.0001308410110600084
CYP27C1,0.00013079342897584278
RETSAT,0.00013079342897584278
PC,0.00013079122727398975
PYGB,0.00013078174732484058
SF3B5,0.00013074628682883014
PRX,0.00013073836325960329
MYBBP1A,0.00013073583508534908
PLXNB2,0.00013073576855500624
PDE3A,0.00013070063091583128
HCN4,0.00013068500452958551
LNPEP,0.00013066660459667837
GRIN3A,0.00013054493086823147
PTRF,0.00013053818243892527
NPHP3,0.00013042033435202796
HTR2A,0.00013030430892150413
RCC1,0.00013030254182424183
MPP5,0.00013027585899643532
DPYSL2,0.00013026061200366575
NEFM,0.0001302438673541162
AVPR2,0.00013021594623373447
B3GNT5,0.00013015833849276608
MASP1,0.0001301460688575337
CSF2RA,0.00013013640078683464
HNF1A,0.00013008368896542835
SAMHD1,0.00013006243947305662
DDX25,0.00013001953003678545
SCRIB,0.0001299639068844539
POLR2K,0.00012992149203337711
GCH1,0.0001298815539611158
CATSPERG,0.00012987933655201324
MLPH,0.00012980059674378742
NUDT19,0.00012977613358946584
LRTOMT,0.0001297645852596694
SYTL4,0.00012974143399495814
TNFRSF9,0.000129692939683341
CAV2,0.0001296809684449158
CXCL3,0.00012968087354979212
PIP,0.00012966976189190683
L1CAM,0.00012958432800337717
MALT1,0.00012956716610883884
TBCB,0.00012952710193839853
HIST1H1E,0.00012951180867999592
PLTP,0.00012950196865397926
CDSN,0.00012942177387214066
TFF3,0.0001293965081101183
KRT7,0.00012939183079896353
ZIC4,0.0001292889340794572
NT5C,0.0001291240441400613
BLNK,0.00012890836300014216
PPFIBP1,0.00012889449605982088
SDS,0.00012876530587145203
ACSBG1,0.00012860980183658228
DOT1L,0.00012855144224671174
GPIHBP1,0.00012854485339092023
CDK8,0.00012854064187307304
MRPL36,0.00012847866129980654
ENY2,0.00012846100195633488
TFF1,0.0001284499349405938
NCF1,0.00012835885297099588
GLS,0.00012831074715675795
PRDM8,0.00012829854058688415
PFKL,0.00012829450517283506
STRC,0.00012828273009958644
NOC2L,0.00012821578878815154
GDF9,0.0001280863647699304
SDR16C5,0.00012807986674086248
TNFRSF1B,0.00012800495058458292
APOC1,0.0001279947831296951
STX11,0.00012792979929456732
ADAMTS19,0.00012785065275483835
ADAMTS6,0.00012785065275483835
ADAMTS20,0.00012785065275483835
ADAMTS17,0.00012785065275483835
DENND2D,0.00012782898363376038
NOS1AP,0.00012778444416355265
BAK1,0.00012777195126655624
LIPA,0.00012775579241855068
ENTPD5,0.000127673854176003
PHLDA2,0.00012763319356361765
PIGR,0.00012763054218998512
HAO2,0.0001275473351770441
ARMC4,0.0001275329266664722
HEY2,0.00012750400465269475
PDE6A,0.00012749894566339588
DDIT3,0.00012748867637755171
CALCRL,0.00012745741720498433
UBE2M,0.0001274538612374741
NOTUM,0.000127430901695842
WWOX,0.0001274238554154489
TDO2,0.00012740001233724132
CHMP6,0.00012739616502252765
SYN3,0.00012732565651596498
SRD5A3,0.00012728465015429964
UCHL1,0.00012723359251600437
RPS6KL1,0.00012721826692263294
MGST1,0.00012718372264826076
NDN,0.00012715850859755078
RLBP1,0.00012712230534602905
CNTF,0.00012711831469772853
WHSC1,0.00012700791074173105
CYTH2,0.00012700126465571375
IQCD,0.0001269597521026272
ATP6V1B1,0.00012693988162364687
ATP6V0D2,0.00012692211464526378
FAIM2,0.00012692208605889505
ATP1B1,0.00012688417008383809
FXYD1,0.00012687798907186923
CIDEA,0.000126862165788422
CNTNAP1,0.0001268239216809181
MN1,0.00012682172571432994
HSPB1,0.0001267521417333934
SLC6A1,0.00012675134608087523
RPL37,0.0001267355158770671
SMAD6,0.0001267307876018481
LONP2,0.00012669988918066066
TIMP2,0.0001266911345634401
RICTOR,0.00012668645283267667
TMOD1,0.00012666177249121637
PAH,0.0001266498599858653
CYBRD1,0.00012664881038524338
RGAG1,0.00012663371414229474
SLC12A2,0.00012662334798638756
WDR31,0.00012661448314296557
EEF1D,0.00012658058707751084
IFITM1,0.00012655923336504438
ANG,0.00012653652802484868
ANO6,0.00012651918746896376
PON1,0.00012637303132104083
EIF2AK2,0.00012636505044172583
CHRDL2,0.00012631068301889505
CD99L2,0.00012630242190019155
FUT8,0.00012629648551464726
TAF1,0.0001262864028038133
IGJ,0.0001262317420429564
CSF3R,0.00012621984586907965
ASS1,0.0001261923012511417
POU2F1,0.00012612346064854916
ADRB1,0.00012610523354036912
WNK1,0.0001260311242013413
PKD2,0.0001260175509921045
BANF1,0.0001259947762531349
NPR2,0.00012595512721957962
ATP8B3,0.0001259381860765848
AFF1,0.00012590286706632374
DIAPH3,0.00012586759684596793
DTYMK,0.00012580730065616752
CPS1,0.00012562642567719975
GIMAP6,0.00012560411640158032
ODC1,0.00012554018068403695
AKR1B10,0.00012550831967261995
CHMP2A,0.00012549632536511103
SPATA20,0.00012549244185879182
PDPN,0.0001254705135253239
PIN1,0.00012532727746321386
STXBP5,0.000125307798193706
MSX2,0.00012523645324848804
SUSD1,0.0001251856451320672
USH1G,0.00012518405235356276
CHRNB2,0.00012517003458117253
TREM2,0.0001251570791951459
NOG,0.0001250935466153731
CCR10,0.00012506044341750283
BIN1,0.00012505492067075566
JAG1,0.00012505481350505497
SPN,0.00012504735812303918
ADM2,0.00012503827006237253
MAPK8IP1,0.00012496616062191104
IL12RB2,0.0001249392859337866
NT5M,0.00012493740385841658
LACTB2,0.00012490235928162082
MAP1LC3C,0.00012489565029086958
CDC14A,0.00012486376883485254
NPHP4,0.0001248361503052474
IL33,0.00012483220036234782
BMP5,0.0001247972321062573
RBP4,0.00012473727450828064
TUBG1,0.00012459650586698403
HIP1R,0.00012455342543012587
MRPL24,0.00012454763750529034
IMPDH2,0.00012451922561787447
DGKQ,0.00012450615356916902
RGS19,0.0001244372800081525
TUBB8,0.0001244287877290469
ACE2,0.00012442306553701868
CD8B,0.0001244019310695022
FRMD1,0.00012436951806641566
KCNJ3,0.00012435020555791472
PAXIP1,0.00012432621356549525
KCNK5,0.0001243120240625239
FAM129A,0.00012431116293644339
TRPV6,0.00012425393522594826
DIRC3,0.00012422454975379954
KLRD1,0.00012422266616696066
WWP1,0.00012416998443038092
IL23R,0.0001241640287731771
EYA2,0.0001241458806428553
AMH,0.00012413991077413154
XDH,0.00012410676111122444
TFR2,0.0001240742449491994
PTPRG,0.0001240230164724696
MAPKAPK2,0.00012396458514320297
ALCAM,0.0001239238582453769
HLA-DQA2,0.00012385099697825711
XK,0.00012385011392017974
HADH,0.00012380883525948147
MC1R,0.00012375700445953805
STEAP2,0.00012373645618827755
ABCG5,0.00012372642301509255
HBA2,0.00012368861569487258
GPR98,0.00012368174054079389
ADRM1,0.0001236145511315619
APBA2,0.0001235916716488466
MAP1LC3A,0.0001235783815335553
RSPH1,0.00012357428751685987
PPAT,0.00012352104258057267
SOX17,0.0001234984222329845
SMARCA2,0.0001234875260810096
GCLM,0.00012346852866528305
SHISA9,0.00012345538664750139
RASSF5,0.0001234485859641353
PMP22,0.00012342432506555327
PGM1,0.00012341905358104966
FTSJ3,0.00012337177336800678
COL6A3,0.00012336302572384548
IFI44L,0.00012333645337106588
PTPRN,0.00012332858493794842
CLDN12,0.000123321021682521
MMP28,0.00012321994881335762
HSPA6,0.00012319378074396558
CBX1,0.00012316648322368987
CA9,0.0001231570043157932
NCR1,0.0001230934323410275
RYR3,0.00012306182003148658
SV2A,0.00012304350792119133
ITIH2,0.00012301498261902045
FZD8,0.0001230134049046324
NDUFB7,0.0001229905448712949
EMG1,0.00012297257701090493
TYRP1,0.00012296547501881335
ADAM22,0.00012294610713562912
RNASEL,0.00012289235058471817
EFNA3,0.0001228819597245511
RBPMS2,0.00012284492820780748
DNAH6,0.00012278702558879997
PTH1R,0.00012274803808267582
RPSAP58,0.00012273989120665846
TUBB1,0.00012270337993522013
CLEC7A,0.00012268628600127076
PDIA6,0.00012264341527671734
GUSB,0.00012263318749856266
SGCB,0.00012260870816138117
TG,0.00012260244751496747
LRRCC1,0.00012259488440858842
CEACAM5,0.00012255071271271455
ACVR1C,0.00012249470935166363
JUND,0.0001224927390523014
MYL5,0.00012246082479610044
IGFALS,0.0001224330981603322
ACSL4,0.0001224263126578347
GIMAP4,0.00012241457021586468
CACNG1,0.00012240080030404896
HTR2C,0.00012239416792985644
ASNS,0.00012238555427786303
SLC12A1,0.00012238486065814074
EPB41L3,0.0001223570832750539
CGA,0.00012229537394041498
WDFY4,0.00012225999549815033
MECOM,0.0001222518804125001
NAP1L2,0.00012220491289450516
KCNMB1,0.0001222005598940915
CCDC151,0.0001221959640864351
KLHL2,0.00012212578116777692
ATP5I,0.0001220395076268908
BAG2,0.00012202715139414806
AGER,0.00012198517839308438
TRAPPC5,0.0001219816680903456
XCR1,0.00012195960341987139
SCN3A,0.00012187183453996052
ATP6V0B,0.00012182494952128738
LGR4,0.000121787010481373
ARHGEF2,0.00012168716321474324
RRP1,0.0001216666334103437
TMTC4,0.00012164749356760586
SSBP2,0.00012159361496708336
RIMS4,0.00012158465196081431
ACE,0.00012152813720993366
COL4A3,0.0001214865789401986
APOD,0.00012148396095937758
DRD1,0.00012146516394350691
EMCN,0.00012142743545105641
UQCRB,0.00012130331593772978
FRMD6,0.00012129689069413794
TMEM38A,0.00012128035301618157
MYCN,0.00012124952436929158
MUSK,0.00012120017082395294
TCF19,0.00012115053052506766
ENAH,0.0001211273878910343
XYLT1,0.00012102410804293793
PPP1R12B,0.00012096939350872741
RPGR,0.00012095253781234903
MEF2A,0.00012094796365125484
SMPX,0.0001209426056903827
BSCL2,0.00012091250283712531
TMEM160,0.00012086571215598154
LIN9,0.00012085923968802293
IL12RB1,0.00012081616886040913
GCSH,0.00012080816041052357
TFAP2A,0.00012080430842221458
UBXN7,0.00012071488527658539
TKTL1,0.00012070271935049021
SYNPO,0.00012066312401393353
MAP2,0.000120602524249274
WNK4,0.00012056129051507128
S100A1,0.00012053674083673431
RAB13,0.00012047648743473879
KCNIP1,0.00012042007195835338
FAM83D,0.00012041132897621501
IL12A,0.00012040283493509836
PEX12,0.00012039487381086687
HDC,0.00012036431843500796
HSPA4L,0.00012031380336617992
MT2A,0.0001202944926737855
USP14,0.00012021780210608097
FBLN5,0.00012020650530960868
MRPL27,0.00012020537177577282
CD24,0.00012013168242920615
NRG2,0.00012012565685985525
EFHC1,0.00012011585239130802
CHRNA1,0.0001201140148891492
IL1RAPL1,0.00012011183315957202
HBA1,0.00012009730763254463
SNRNP70,0.00012009524655821035
EPHX1,0.0001200920076983822
BATF,0.00012008975022659696
VAMP8,0.00012007725675591908
INHBB,0.00012007569622435371
NMU,0.00012005830191512595
GJB1,0.0001200501837425054
FUT7,0.00012004594506723998
PCSK9,0.00012004430336850736
NIPSNAP3B,0.00011999516410239826
FAH,0.0001199878697346238
MAB21L1,0.00011997691824452458
PLD4,0.00011994592825714565
DKK4,0.00011985769439588553
CYP27A1,0.00011982741139052641
UGT1A7,0.00011982134428370267
EVC2,0.00011978924915860204
GGCT,0.00011978471479047048
FSCN1,0.00011975321469529152
MED13L,0.0001196832407318733
ACSS3,0.00011962419816476868
LHCGR,0.00011961915582488081
TLR7,0.00011961823668828256
MMP16,0.00011957129609460348
STXBP6,0.00011955412307844915
GHRH,0.00011954800899006595
SLC35A2,0.00011954099526261163
ARL13B,0.00011945689564404149
UTP18,0.00011941604662415852
GNMT,0.00011940394365996202
ESRP1,0.00011936501203619961
PVRL3,0.00011933491935319037
RSPH3,0.00011928454864616967
GRIK1,0.0001192621876138517
B3GALT1,0.00011925766877495199
TLN2,0.0001192500555366934
CWC25,0.00011924830215788031
MAFF,0.00011923180978440775
GRM3,0.00011922879057086861
PACSIN1,0.0001191693988330615
MPL,0.00011908894373350518
PNPLA7,0.00011907839506059637
ZBTB16,0.00011906065764619396
ASPH,0.0001190373801215011
ABCC8,0.00011903348899075073
TSPAN33,0.00011901030359142648
FXYD2,0.0001190060908415097
FCER2,0.00011899014740686449
TDRD9,0.00011898370177453727
EDA,0.0001189813865686856
SPOCK3,0.00011897069358444696
NOD1,0.00011896389175873133
EFNA4,0.00011889520627227172
UNC119,0.0001188563651752748
COMP,0.00011884356082080172
BID,0.00011880364733727526
BBOX1,0.00011875952308146289
UQCR11,0.00011868289793925972
SMPD3,0.00011865182957928156
NUDT13,0.00011857024963225154
MAGED1,0.00011854496082804946
AKAP13,0.00011847280395446283
EPHB3,0.00011844521632449125
OPTN,0.00011843779439786896
RPGRIP1L,0.00011841878258882739
SFRP4,0.00011839073154993255
SETD7,0.00011837135349235999
SRGAP3,0.0001183461929746416
TBXA2R,0.00011831064992498203
NEGR1,0.00011829431229804561
SOST,0.00011826607409727436
B4GALNT4,0.00011824036521279453
ANGPTL1,0.00011823111591671766
CXCR6,0.00011822582638673904
COL4A4,0.00011819256187693073
FKBP1B,0.00011812705988180526
LRIG1,0.00011810999541094985
APOL1,0.00011807706901978605
GPX7,0.00011797258960386408
NR2F2,0.00011794344319818402
S100A8,0.00011793172198112443
PPP2R2B,0.00011788885345075525
AMOTL2,0.00011782035316997476
DOCK3,0.00011778555667656244
GBP2,0.00011778349783631869
TLL1,0.00011773555421149009
NR1I2,0.00011770132171251027
RGS13,0.00011768239576601625
F13A1,0.00011764797709137239
FLRT3,0.00011761785571511705
NR4A1,0.0001175670458373571
MKX,0.0001175336386053751
ASAH1,0.00011752996361839801
DPYSL5,0.00011751043519274641
PLLP,0.00011750437148935987
SGMS1,0.00011749893233770894
F12,0.00011747949629208313
KAL1,0.00011746964097260538
TNNI1,0.00011746642428677049
LPCAT3,0.00011745734418706344
UQCR10,0.00011739108704424329
GUK1,0.00011737452703229307
NMNAT2,0.00011737417852257947
FANCL,0.00011735910459207599
AMOTL1,0.00011731021868003578
TSHR,0.00011730522135562865
EDAR,0.00011726749984980331
ATP12A,0.00011718338163944974
RASL10A,0.0001171639930832854
IFIT5,0.00011715223200554334
LCT,0.00011714903295943164
CATSPER1,0.00011713871572459437
PRKD1,0.00011713183690270945
EZH1,0.00011709528683613162
PEX11A,0.0001170592447315562
SIX1,0.00011704389674848607
SCUBE3,0.00011702820579709096
TNFRSF10A,0.00011699798863509644
MYCT1,0.00011694816977727055
ALDH3B1,0.00011691818520238206
RASL11A,0.00011689541369999888
PLA2G5,0.00011688134433754225
DTX1,0.00011686818860016097
NUMA1,0.0001168340109060905
CYP2A13,0.00011681834674197024
RAD54B,0.00011673818623933151
RPP25,0.00011665496188616921
HIST1H2AK,0.00011664826878754025
PLXDC1,0.00011655984436808385
ANGPT2,0.00011652200682102863
CLDN5,0.00011652138719465663
CACNA2D4,0.00011651678693662156
CNTN1,0.00011649219557481052
CTTNBP2,0.00011648779895131327
SMARCA1,0.00011647349986698821
ST8SIA2,0.00011643703790864829
PVR,0.00011638801644698208
PHC3,0.00011633325609641641
GALNT13,0.00011632785244885395
DYNC1I1,0.00011631135295730519
PIK3C2B,0.00011628705954636223
WNK3,0.00011628317829289944
WBSCR17,0.00011609855306185742
CHRNA3,0.00011608571416045215
UBE2L6,0.00011607584289203621
TTC21B,0.0001160598378307322
RASGRF1,0.00011604291181344396
IKBKE,0.00011603113995756609
LRRC49,0.00011602638736547675
SLC3A1,0.00011598427408045083
FAM63A,0.00011596832509268741
LHX2,0.00011585751155057585
GABRE,0.00011584590500932928
LCN2,0.00011582183866396442
HSD17B1,0.00011575653830397024
MTHFD1L,0.00011573485127527007
MCAM,0.0001157224508570027
COL9A3,0.00011569792905546745
KCNE2,0.00011566339351501415
USH2A,0.00011561929642348212
TBX3,0.00011560941378579253
CCDC137,0.00011560146694487721
SPRR1A,0.00011558806318807537
CAPN3,0.00011557826942773899
MOGAT1,0.00011555220183243367
B3GAT2,0.00011551053822592094
WFS1,0.00011549423861413343
HSPA12A,0.000115478317735588
PCSK1N,0.00011546831552475988
TSC22D3,0.00011545690667419665
GPSM2,0.00011542842530693136
S100A14,0.000115343229974256
SOCS2,0.00011532583090716128
ACER2,0.00011532282888298527
CHRNA2,0.00011527620656828483
PARVA,0.00011526050436396573
CCL18,0.00011525870828088258
COX4I2,0.00011523165298782575
MCM8,0.00011521627772804789
PER1,0.00011518044108980882
HOXC4,0.00011511522714639381
CMTM8,0.00011511160864574846
FAM58A,0.00011497764351948769
WDR35,0.00011495419884091137
P2RX7,0.00011492224384231396
BST1,0.00011488911529812401
NR4A2,0.00011488351239420917
RDH12,0.00011487405588683265
SPHK2,0.00011487052917258798
MSH4,0.00011477120019777194
MFSD10,0.00011475749155535587
ITGAD,0.00011466519721427251
COL15A1,0.00011466009393069545
GPX8,0.00011464735914956327
KLF1,0.00011464072088972252
RSPO3,0.00011462900536627726
CFI,0.00011459557882217915
MTHFD2,0.00011459095111904897
IGFBP1,0.00011457660045179825
MYOC,0.00011451403769972809
APOO,0.00011450757576654754
GSTO2,0.0001144935027530991
FYB,0.00011447889086516846
COX6B2,0.00011442874445509738
DPYD,0.00011442648611131237
MYBPC3,0.0001143870264261909
SYNE1,0.00011435222015020214
DNAH2,0.00011431774460758488
DAPP1,0.000114287867683515
DOPEY2,0.00011422581731914415
TM7SF2,0.00011421411417614956
TREM1,0.0001142030756140742
IGFBP3,0.00011415202250531216
FAM43B,0.00011404619185399624
SPATA6,0.00011404442494929778
ANAPC11,0.00011401479123030034
RPP21,0.00011392692333429958
SULT1A2,0.000113922963265781
NFKBIZ,0.00011392266469648913
GRAMD1B,0.0001138677160660658
GBP1,0.00011383152269963694
QDPR,0.00011381475065051685
ACADSB,0.00011380431408434703
SEC23A,0.00011379205720184337
SLC38A2,0.00011378274052427943
C4BPA,0.00011374361313805365
CMYA5,0.00011372605863654344
LGMN,0.0001137231643358221
IFT140,0.00011372012859101569
ACACB,0.00011370041151192864
CABYR,0.00011369890528173363
MSH5,0.00011367382954209136
HOXB1,0.00011363787215721457
NCALD,0.00011360882746970665
PTCHD3,0.0001136038634266294
POLR2I,0.00011358620220162347
PGAM2,0.00011356554219971899
CHST9,0.00011354064246229835
TSLP,0.00011353855782661778
ARHGAP11B,0.00011351028764668372
MYO3A,0.00011348444754450603
ARID4A,0.00011346729689285948
TRIM58,0.00011341206422898291
ALS2CL,0.0001133700200842188
CDKL5,0.00011336139128737268
CPB1,0.00011333094444734601
EPHA1,0.0001133159576898689
ANKRD29,0.00011331079034199143
SERPINF2,0.00011327772180747285
EBF1,0.00011315683161062796
FKBP4,0.0001131263321261556
DACH1,0.00011309897859115568
DBH,0.00011303490989851854
GAS1,0.0001130318432071782
TEX15,0.00011296805857235418
TPSB2,0.00011294018457845992
IGF2BP2,0.00011292839844934856
RAMP1,0.00011284768071154524
P2RX4,0.00011284290784670282
ATP1A4,0.00011284064830616157
AKR1C2,0.0001128222208789492
TUBA3E,0.0001127791450573525
KLK4,0.00011276130720058723
MAGEA6,0.00011273847967191271
PTCH2,0.00011264898681829213
DMGDH,0.00011263293633245976
ZCCHC5,0.00011257773173073932
TNFSF12,0.00011256530049111546
GPD1L,0.00011256259628154826
OTUD7A,0.00011255104039575755
TRIM25,0.00011254135122464887
SIRT7,0.00011253451813125898
ATP6V0C,0.00011252475191407397
HYLS1,0.00011246381347174889
ESPN,0.00011245688310674205
GLMN,0.00011240225243888528
EIF3G,0.00011235487253452835
ORM1,0.0001123299100139139
GAS2L3,0.0001122823999616738
ADM,0.00011227907506021264
LDOC1L,0.00011225766080022325
CUX2,0.00011225581022402986
SGOL2,0.00011223620549389836
CDYL2,0.00011221881594967924
PTPN22,0.00011217994910275644
ADRBK2,0.00011217801049534463
FPR2,0.00011211398799620284
PTK7,0.00011210608040147029
PPIB,0.00011210557592791176
PANK1,0.00011210548098996858
YEATS4,0.0001120765587935716
FKBP5,0.00011205179628472418
TLE2,0.00011203607798871937
CACNB1,0.00011200196787573758
MYOG,0.00011198173080996078
VAMP1,0.00011193865954428477
BCL2A1,0.0001119379541948294
ACOT1,0.00011186466801832218
CD33,0.00011185290057931018
IFI27,0.00011183243199086953
SORBS1,0.00011182315380510548
PANX2,0.00011181567760247341
EIF4EBP1,0.00011179515109174718
EIF3C,0.00011177271260905275
AHNAK,0.00011176015158902099
PLXNA2,0.00011175481250038253
NXPH3,0.00011171840733996322
GCNT2,0.00011171626633295536
ARC,0.00011170309809063767
RSPO4,0.00011169704481216639
KISS1,0.0001116786156439844
CTF1,0.00011167422502743768
PLIN2,0.00011165697642484163
CBX4,0.00011161134111427
DAB1,0.00011156425402439962
NDUFB10,0.00011154105802846948
ADRA1B,0.00011149371641452271
CSMD1,0.00011146788391748949
NDRG1,0.00011146127293099013
CRHR1,0.00011129993958094665
MYOCD,0.00011128822620943224
CDA,0.00011127360060889732
FHIT,0.00011123648504837541
HBG1,0.00011120819344668027
COX4I1,0.00011114903473282157
AGPAT5,0.00011113298954328872
SALL1,0.00011111944136747518
BCHE,0.00011110121221910053
ITPKA,0.000111091365905667
SERPING1,0.00011108326615007971
ADRA1D,0.00011102178050211798
MRPL21,0.00011098860543140103
ADCY10,0.00011098845091805527
PRRT2,0.00011097981722838366
LCLAT1,0.0001109388553132456
RPP40,0.00011090383977554552
HHEX,0.00011090152015232402
GAN,0.00011089637660430581
GRASP,0.00011082059975572454
APOF,0.00011068131207527578
TNFSF10,0.00011061969279489981
AHCY,0.0001106071403745684
NGFRAP1,0.00011047985505359426
DBI,0.0001104360277511067
CMA1,0.00011042565602481722
B3GALT2,0.00011036347695777148
HSD17B12,0.00011036163077238315
DSC1,0.00011035830682977123
FBXL3,0.00011034377893151092
FUT6,0.00011034300944589021
N4BP2,0.00011032923602435348
C7,0.00011032473198020626
MTMR2,0.00011031845278168757
PGF,0.00011022606888703086
HCLS1,0.00011021446380117547
REV3L,0.00011013995413336816
RSPO2,0.00011012977157540894
PMAIP1,0.00011007719835136104
ACTC1,0.00011006951601676807
C6,0.00011002322837031825
EME2,0.00010999358562901944
SART1,0.00010995741757352554
FNBP1,0.00010994517374585759
CC2D2A,0.00010992763965551262
CLEC14A,0.00010988143460112452
PTPN5,0.00010983237049614372
RAB8B,0.00010982033970121022
DLK1,0.00010981667982985035
HORMAD1,0.00010980120207685353
FOSL1,0.00010979768581338279
CYR61,0.00010978856869261798
CA4,0.000109778506005643
PRICKLE1,0.00010973315859667686
PDE9A,0.00010972371666127044
GUCY1A3,0.00010968046048937391
TUBB6,0.00010963216173799246
UBE2V2,0.000109580241531359
NIPAL4,0.00010953846494655311
PCGF2,0.00010948684842738911
PPP1R3C,0.00010947187787537681
UQCRHL,0.00010939003424102665
SESN1,0.00010931470959417151
TGFB2,0.00010928858798608779
GP2,0.00010922631775506574
NR2F1,0.0001091926708287815
KCNJ1,0.0001091904664687506
MUTYH,0.00010909621183850728
HSD17B3,0.00010895576610536944
SLC29A3,0.00010895089903646254
PHYH,0.00010893506857216632
SLC19A1,0.00010893280973693063
NAT8L,0.00010887920349784547
CHST11,0.00010886488513002968
TUBA8,0.00010886113434064125
AHR,0.0001088579381589171
GPR124,0.00010879828804740258
USP44,0.00010875587726698398
CD7,0.00010871516180156044
ST6GALNAC3,0.00010868885943574174
IFITM3,0.00010861212273619058
GPAT2,0.00010860840403164863
CYP4F8,0.00010859070121278622
ZMYM2,0.00010856856038808906
FOXP2,0.0001085294380403233
SLC16A12,0.00010846343302357663
AFAP1L1,0.00010842927919704736
SH2B1,0.00010829021183318723
MCM9,0.00010828898850047317
HGD,0.00010826823876117069
SHISA6,0.00010822628469340061
ECT2L,0.00010821794853634692
FOXD3,0.0001082085690732593
ALDH1L1,0.00010818444126071309
GLP1R,0.00010816439281077158
EML4,0.00010815394073661952
PNMAL1,0.00010814323775037276
NME4,0.00010814020365719584
GAPDHS,0.00010813952134300299
PHB,0.00010812687782379923
NLRC4,0.00010809661329787675
CNTN2,0.00010806809718097875
YIPF6,0.00010803343881581885
BCL11A,0.00010801639841002123
RIMBP2,0.00010796876242381299
BAD,0.00010794271714800418
HAAO,0.00010792234583793135
PAFAH1B2,0.0001079206299874801
LGALS12,0.00010789715974668605
NPAS4,0.00010782435932311258
ZDHHC13,0.00010776714895952148
EIF3H,0.0001077501001824912
IFNGR1,0.00010774565811050258
PAICS,0.00010773817858023315
CACNA2D3,0.000107649504728354
CLDN16,0.00010764022912408675
NMNAT3,0.00010761452047279858
CDK5R2,0.00010759433159602073
GRIK5,0.00010759002830081446
CYP51A1,0.00010753615968902765
PNMA2,0.0001075087423848424
RGS12,0.00010749309576565196
GYG2,0.00010748789018184654
CCR9,0.00010746929995744133
MCCC1,0.00010745373913952093
SEPT6,0.00010744809872456481
WNK2,0.0001074448311887852
GTF2I,0.00010744083751263828
TFAP2B,0.00010742728075887695
SOSTDC1,0.00010737555636486032
UST,0.00010734817276540233
CHRNA7,0.00010734008043802374
CIDEC,0.00010733325290632536
MAPK6,0.0001073268008119762
TPD52,0.0001073244528618151
NTF4,0.00010728801276498475
IQUB,0.00010727994600943122
CSE1L,0.00010723829752805857
TMOD4,0.00010720783936031322
ZAK,0.00010712645727419386
IQGAP2,0.00010707250851404265
TDRD12,0.00010705585828440368
PROCR,0.00010700920423518885
CCDC94,0.00010685021966824558
TRMT112,0.00010682507325887815
ESRRB,0.00010680491850224238
NR5A2,0.00010680274029595763
BHLHE41,0.00010678696531940768
AIM2,0.0001067842315199889
TANK,0.00010675041162797447
LIFR,0.00010674294721777388
NEDD9,0.00010672750187940228
MCHR1,0.0001067150972063707
PSMG1,0.00010668614683058773
DSN1,0.00010659981598316422
SLC25A19,0.00010658468400224213
JMJD7-PLA2G4B,0.00010654931879403141
GNPDA2,0.00010651857425648173
TRIP10,0.00010648649766971688
CNDP1,0.00010648535988393043
MYH7B,0.00010647301172543117
PYGL,0.00010641331469229899
CDS1,0.0001063092056058669
PFDN2,0.00010630421121750276
SYNPO2,0.00010629144733714368
KIAA1549,0.00010627500664940803
FBXL17,0.00010620293552943293
NDUFS7,0.00010619607138685773
CATSPERB,0.00010618224974459654
ID1,0.00010617443732644753
GMPR,0.00010614489487545947
DZIP1L,0.00010614424443196723
JAZF1,0.00010612049274843181
NTHL1,0.00010611508143833947
UBL5,0.00010609979055323671
TCIRG1,0.00010607840786458867
BCKDHB,0.00010606574818792354
SLC27A1,0.0001060201424246132
CEP135,0.00010600265314872512
PDGFD,0.00010600136359944796
GRB7,0.00010599970051434534
C1orf101,0.00010592843920593294
CPSF1,0.00010590143048596992
PFKFB3,0.00010588589015149674
ARHGDIB,0.00010586385686331316
PDE7B,0.00010584900412948206
TXNIP,0.0001058356825440733
PIP5KL1,0.00010582523970687979
UNC5A,0.00010579508740032329
BACE1,0.00010571977172135825
TCEAL6,0.00010568232929197491
GRK5,0.00010566764800937033
ISLR2,0.00010565507776848224
SDCBP,0.00010560768285346456
ADRA2A,0.00010558165320363673
CCL17,0.00010556959333991699
HSF1,0.00010553633271999511
ALOX12,0.00010544095779393107
NOC4L,0.00010541038425375118
HMGA1,0.00010540388657224333
CIT,0.00010538702365451796
NR3C2,0.00010533276795427434
TAGLN3,0.00010531428230627604
GREM1,0.00010531109509632901
HPD,0.00010529837152780474
KCNU1,0.00010529539709145416
RPS6KA1,0.00010529287297969242
BBS10,0.00010525783093280329
FFAR2,0.000105257046412099
HSPA12B,0.00010521148545249994
SGIP1,0.00010520478787966958
PACSIN2,0.00010515359828133729
GRB14,0.00010514275895901424
HEATR1,0.00010511062304490312
XRN1,0.00010508869144786922
FKBP6,0.00010505823240848931
GLRX,0.00010505525236690931
NAB2,0.00010504932822432375
KCNS2,0.00010501044165548344
ABCG8,0.00010497150656064745
BHMT2,0.00010492317356690197
CHRNB4,0.00010487266764512146
ENTPD2,0.00010486223316905333
FCHO2,0.000104839901971966
ACVRL1,0.00010483962851441891
TDRD1,0.00010483809769011812
RPS6KA2,0.00010479124268084331
CDX2,0.00010476691914755872
CCNB1IP1,0.00010475499600644317
KRT16,0.00010471643495190623
RGS9BP,0.00010471538067077722
RAB3IP,0.00010470918059592259
SMPD2,0.00010459531530979597
PFN2,0.00010457225586302258
ACADM,0.00010452477010354673
PPAN,0.0001045193439044249
FGF9,0.00010445898692325851
ATP1B3,0.00010443344281388943
BNIP3L,0.00010442103563634466
IRX1,0.00010439936976811377
INADL,0.00010435843338375429
SEPP1,0.000104348799070596
APOC4,0.00010433137205662382
GPR161,0.00010425884699039095
LIX1,0.00010425790596618653
SULT4A1,0.00010421588492886301
PIP4K2B,0.00010420627526177007
SELE,0.00010413117597446633
DMRT1,0.00010407121331010785
EXOC6,0.00010404063295411361
ABCA12,0.00010402692055936178
ISG20,0.00010395800551521527
ACACA,0.00010395113635250647
ARHGAP5,0.00010390004234211976
RGMA,0.00010389353483914723
AK5,0.0001038801575484472
MCCC2,0.0001038651600356707
RNF212,0.00010385699494103275
PLB1,0.00010385088133742465
ORM2,0.00010384064008277283
TET1,0.00010370478107186622
CPEB1,0.00010369974029086082
GRIK4,0.0001036750016789217
IGHMBP2,0.00010366456934206482
VWA2,0.00010365031016226718
RGS14,0.00010360219291812535
DDX11,0.00010355338766292684
IL17RD,0.00010354791214950444
REEP1,0.0001035380993077724
PTPRJ,0.0001035350467792874
C17orf70,0.00010352488608449562
CD1A,0.00010350427049089313
PRODH,0.00010350375250376487
RGS16,0.00010350053485376013
HLF,0.00010348351854714851
PRRT1,0.00010346959502969785
MDK,0.0001034469966127151
PGPEP1,0.00010341926590060003
LEFTY2,0.00010338770739795281
MRPS6,0.00010332062564769448
TRPC4,0.00010328814369945699
METTL1,0.00010327904970605268
ANKRA2,0.00010324687676333219
TXNRD2,0.00010314561982927049
RHOQ,0.0001031360558040694
GIMAP1,0.00010312668321092528
CDO1,0.00010311963808618847
CSTB,0.00010302669359363148
SEMA3E,0.00010296964353975325
PPP1R14A,0.00010296188424872317
GALNT10,0.00010295467715008696
GALNTL6,0.00010295467715008696
GALNT5,0.00010295467715008696
CXCL5,0.00010293591005283774
PLOD3,0.00010288894664862556
HOXD10,0.00010285424247105476
ATP6V1G2,0.00010285202246776736
AGR2,0.00010280718901355724
DLX5,0.00010276428761161066
PKP1,0.00010274868349981119
AMOT,0.00010274803232132225
SPTLC3,0.00010273515474868174
BOC,0.00010273021533477355
EHD1,0.00010272602075510417
TPK1,0.00010271699078855776
RTN4R,0.00010263521272632766
UTP20,0.000102626922395512
MIP,0.00010261837481819402
TNC,0.00010260122060640053
FAT1,0.00010257303079136075
SP7,0.0001025274646918623
KCNE4,0.000102523170350288
KCNH8,0.00010250633956712387
PLA2G12A,0.00010250168932888867
MYO3B,0.00010247600693467664
ABCA3,0.0001024641014909914
NDUFS8,0.00010243826839085245
BAI1,0.00010243714067945492
LPIN3,0.00010243525944595488
SLCO5A1,0.00010240866041902047
B4GALNT3,0.00010235856514634946
FABP6,0.00010231913477557974
LIG4,0.0001022860638164964
SPRR3,0.0001022781651605448
GUCY1B3,0.0001022395173427654
ROPN1L,0.00010222810336985364
COX6B1,0.00010220344059288438
PPP1R14C,0.00010216406192744933
CCDC36,0.0001021490111251228
APBB1IP,0.00010213361012349341
C19orf40,0.00010203752142214319
PDE8B,0.00010200367832084081
ORMDL3,0.00010195365768595376
RTN1,0.00010182661276228209
EPHA8,0.000101823703134189
GTSF1,0.00010181054001349603
PAFAH1B3,0.00010179796811633017
XKR9,0.00010178551154767415
SORL1,0.00010176362409127762
P2RX1,0.0001017477852195041
P2RX5,0.0001017477852195041
EFCAB1,0.00010174733703469476
EYA3,0.00010173184116670596
KLF15,0.00010172765770585813
NEIL3,0.00010170064947406325
CLCN1,0.00010167591951344235
NPC1L1,0.00010164779502610829
BCL11B,0.00010160182375649258
ATP5G1,0.00010158565694133257
TYMP,0.00010158528889936112
MOG,0.00010156023656832271
KLF6,0.00010154936049079227
AQP1,0.00010153854209565477
COX6A2,0.00010153813492525371
KIAA1919,0.00010149992379935185
MASP2,0.00010145487003670512
SAC3D1,0.00010141461599180257
KIAA1841,0.00010139694115864016
SAA4,0.00010137990868392016
RDH5,0.00010130867912626091
LRRC7,0.00010129760034787442
PYCR1,0.00010129045996971542
KIF1A,0.00010127035409063847
BTC,0.00010124241208708366
FKBPL,0.00010119010748757999
CNGB1,0.0001011878971116054
IL27RA,0.00010117358576003877
PLXNC1,0.00010110926820520372
PSAT1,0.00010109774599763064
PGK2,0.00010109530067513749
ADA,0.00010108742293523827
BBS4,0.00010106870457955937
SLC22A12,0.0001010657620929987
CADM2,0.00010105484078136734
NCAM2,0.00010099340374421326
HAVCR2,0.00010097211338072577
EAF1,0.00010094497853676747
ZIC1,0.00010093813324615086
KCNJ8,0.00010092662209037047
CNGA1,0.0001008834265215591
SLC1A5,0.00010084444982202357
KBTBD8,0.0001008180441535166
PARP3,0.00010081392139252137
CHAC1,0.00010081305210414997
PTGES,0.00010080029573546244
DGKI,0.00010079664079212938
GRB10,0.00010068770873256499
LBP,0.00010064817486123109
ABCB1,0.00010063512361050489
MAP6,0.0001006291203947634
ARHGAP21,0.00010060766433028608
MYCBP2,0.00010057508246774489
NUDT1,0.00010050581460861905
PYCARD,0.00010045891554548404
RASSF6,0.00010045614933361351
SH2B2,0.00010042646432520584
IFT74,0.00010041421166861066
PDE7A,0.00010040971732716233
IGF2BP1,0.00010039861847482779
KRT14,0.00010029351030712294
BDKRB2,0.00010025560147139338
C2,0.00010023113129135375
TUBA3D,0.00010021435407076475
DIO3,0.0001002118348012862
POLR2J,0.00010019989466172665
SLC1A3,0.00010019858812940086
PIKFYVE,0.00010019243782302151
GAP43,0.00010016888120296773
AOC2,0.00010014617920285214
CCNO,0.00010014031577682259
P2RY13,0.00010008916168717318
MVD,0.0001000604196447211
SELPLG,9.999988395045136e-05
POU3F2,9.991165615316248e-05
STRADB,9.988565222306425e-05
TRPV5,9.987063298772208e-05
NANOS1,9.984928103348546e-05
SLC36A2,9.984706279709141e-05
RPS6KA5,9.984162908110474e-05
CRB3,9.982211243835426e-05
FOXP1,9.977740711997111e-05
COL9A1,9.975905309106691e-05
SCGB1D2,9.973461655194449e-05
COL14A1,9.972700435887595e-05
NDUFS6,9.96939173213897e-05
C8B,9.968494756740557e-05
TBCE,9.968363113333497e-05
BPI,9.968181680448494e-05
E2F7,9.966914766197645e-05
MMP8,9.966760343471048e-05
KCNK13,9.965118512681581e-05
CTSS,9.958063385759207e-05
NAALADL2,9.95793244760709e-05
KIAA0922,9.955089712807267e-05
CCNG2,9.954548308571353e-05
BCAT1,9.951750020770782e-05
LHFPL5,9.951514971043829e-05
HMG20B,9.947983695859642e-05
MST4,9.945094247373364e-05
CRB1,9.943222780974693e-05
BHMT,9.93484539071827e-05
STAG3,9.930322402925536e-05
MLANA,9.929770120932229e-05
KCNJ5,9.928613000867482e-05
PRKX,9.928011367116205e-05
WLS,9.924262743858637e-05
SYT4,9.9234327859724e-05
SLIT3,9.922565138391133e-05
CD300C,9.918111707631632e-05
TRIM63,9.915712914137213e-05
FGF17,9.914831773495246e-05
NDUFV1,9.91003222869762e-05
TTC12,9.909420113115604e-05
CASP10,9.908216621557136e-05
IRX6,9.903289529534571e-05
BFSP1,9.903127103996717e-05
LYL1,9.902371513915296e-05
ST14,9.901847938198609e-05
MIF,9.899909658743825e-05
PTPRF,9.89882012718659e-05
MYOZ1,9.895339649185728e-05
DYNLT1,9.893711627034706e-05
TRIP6,9.891753603422696e-05
ARFGAP1,9.889489082031697e-05
ADORA2B,9.887699282821007e-05
LGR6,9.887396436067255e-05
HOXC6,9.884205421166826e-05
HOXB6,9.884205421166826e-05
HOXB5,9.884205421166826e-05
FBN2,9.88206094008791e-05
NDUFA2,9.879757479317533e-05
LPIN2,9.879337606645227e-05
NLK,9.878619835539473e-05
RASSF7,9.876483727309828e-05
MBOAT7,9.875614727134081e-05
FAM196A,9.873223507442536e-05
CALD1,9.872100449760215e-05
DNAH3,9.864707787744109e-05
FDPS,9.85771422538893e-05
ROR2,9.857448825864195e-05
TGFBR3,9.856349061993221e-05
GALC,9.848540868165753e-05
TLX3,9.848457825764191e-05
NKAIN1,9.847961872291026e-05
PLA2G2D,9.845700080236423e-05
SCN7A,9.84466935093733e-05
PUS7,9.84222221293412e-05
HAMP,9.840855913957142e-05
KIRREL,9.840339361109292e-05
LRRTM2,9.837961993044267e-05
NTSR1,9.835772763362892e-05
TUSC5,9.83395535612344e-05
DUSP5,9.833511431718873e-05
SH3GL3,9.828590288157244e-05
ATL1,9.827008393672132e-05
UNC13D,9.826741902463301e-05
TK2,9.824350162720009e-05
TWSG1,9.823761419206867e-05
IL17D,9.818819250494303e-05
NR2E1,9.818408072415912e-05
GPS1,9.81483397529439e-05
EIF2AK3,9.811870878664962e-05
KIAA0020,9.80933057694192e-05
KCNJ10,9.808475729915244e-05
TMEM147,9.805049676253781e-05
HIST3H2BB,9.803187382161677e-05
CHST7,9.803157922002971e-05
HOOK3,9.801904604091099e-05
PTPRB,9.80139588202946e-05
HLA-DOB,9.798310766252844e-05
PROX1,9.795672720662677e-05
IQCA1,9.7946579463815e-05
EPHB4,9.788241436299782e-05
ST6GAL1,9.787951323038177e-05
MORN5,9.786826749767424e-05
CAMK4,9.786091075049076e-05
SPRED1,9.784980337037827e-05
EFNA2,9.782822034057089e-05
LOXL4,9.77987717032479e-05
CSPP1,9.77234963180788e-05
CACNG6,9.771536917637518e-05
MED23,9.771271897639928e-05
ABCD2,9.769572527934366e-05
BAG1,9.759387840526905e-05
HPR,9.758796085596174e-05
GRIN3B,9.756774588834421e-05
DACT2,9.753385707971871e-05
HPSE2,9.752000685336461e-05
TTC23,9.75129519424784e-05
DNER,9.749971496208309e-05
SEMA4D,9.744455740920062e-05
HSPA13,9.73299277698109e-05
LIG3,9.732136553463133e-05
CYP2J2,9.730607180948304e-05
STX2,9.729415375086638e-05
FCN2,9.724895045228887e-05
SYCE2,9.723820623258451e-05
RDX,9.722890339349072e-05
RAB9B,9.722526136095604e-05
HSPB2,9.722374950136444e-05
TNFRSF18,9.720445719542049e-05
NDUFS5,9.718173457696534e-05
SPTB,9.715935274234745e-05
IFT81,9.714798379022415e-05
FREM2,9.710741093425158e-05
FRAS1,9.710741093425158e-05
POSTN,9.709975430657803e-05
STAC3,9.707544792009788e-05
ARHGAP10,9.702195557973538e-05
RHOU,9.700608406326862e-05
SLC22A18,9.697601482043336e-05
FUT9,9.693927911215911e-05
CDK14,9.691698316106705e-05
SLC12A5,9.68297021542006e-05
WASF3,9.682930000427604e-05
CHST4,9.680640642763853e-05
MAGOH,9.68054013065707e-05
TAGLN2,9.679541494908044e-05
FRMD4B,9.675302837533472e-05
SEPT3,9.675131768984597e-05
PRDX4,9.674985077678295e-05
ANKRD1,9.674913030593766e-05
B4GALT5,9.6740893792886e-05
FAM131B,9.672099554941538e-05
SLC6A11,9.670366005050774e-05
PCDH11X,9.670347079844224e-05
PLAGL1,9.666445195089477e-05
PPAPDC1B,9.666418677214518e-05
ELOVL6,9.664999445942925e-05
SESN2,9.663567295352502e-05
CATSPER3,9.659318060054324e-05
SAT1,9.659026051377767e-05
ETFA,9.655690775803877e-05
LDHD,9.655482954460514e-05
CPA1,9.652090559443931e-05
TTC8,9.651667440930127e-05
MAGEA12,9.64581431184392e-05
TNFSF4,9.64329024884645e-05
MED16,9.642906549326407e-05
PNPLA1,9.642158910876491e-05
CYP4F22,9.642158910876491e-05
TFPI,9.641341603083096e-05
RNF150,9.640317218289181e-05
PRDM6,9.639914123556198e-05
SCG3,9.638896606547298e-05
BAG4,9.6369825898928e-05
ZNF385B,9.633584433320096e-05
BDP1,9.633409686901466e-05
ABCA4,9.633295012013373e-05
ZP3,9.632521833158206e-05
ELOVL2,9.632475786102126e-05
SP100,9.632205090006859e-05
ATP6V1C1,9.628006886900537e-05
KCNJ12,9.626230022676236e-05
HIST1H1B,9.625222147113398e-05
ACP5,9.625177288821022e-05
ARRDC3,9.618989410558197e-05
UPP2,9.617903642276537e-05
GPR139,9.612053519083807e-05
GABRG1,9.608947619394394e-05
NUDT2,9.599469272194718e-05
FERMT2,9.59855988307684e-05
PEMT,9.597198585991187e-05
KNDC1,9.595591066051034e-05
OLIG1,9.594594033711113e-05
CYP8B1,9.59455562211309e-05
CADM1,9.59281881364108e-05
LLGL2,9.590040536386671e-05
GBE1,9.589751040394333e-05
LCN10,9.584972447991514e-05
EBF2,9.584909435342103e-05
TRPM8,9.582354720399442e-05
CENPO,9.581139950478216e-05
EHD2,9.579799913126567e-05
RGS17,9.579177342871855e-05
APLP1,9.577871961429707e-05
LMO3,9.575531942156127e-05
TNFRSF13C,9.573416705008747e-05
XYLT2,9.572207356970641e-05
FGL2,9.570900978880872e-05
INO80B,9.570763144803298e-05
FBXW5,9.56702754844954e-05
CALCB,9.565332701524663e-05
MMP12,9.565094842882463e-05
NDUFA11,9.560620047754043e-05
DCT,9.560137063889963e-05
WDR63,9.552035450509269e-05
AK7,9.549138456049392e-05
SLC4A4,9.548027005942543e-05
TRIB3,9.547637368621593e-05
DHX33,9.545409649012829e-05
COX7A1,9.544998120775581e-05
PSPH,9.544746115754598e-05
DOCK8,9.539877969372505e-05
LHX6,9.53983733476866e-05
RPH3AL,9.539754886816332e-05
CNIH3,9.537211251493542e-05
CDK12,9.535809150705202e-05
TTC30B,9.534419135938635e-05
TCEAL7,9.532652086718257e-05
TUBAL3,9.53250424481814e-05
ESRRA,9.531180242912856e-05
GPD1,9.530462247574793e-05
LFNG,9.530401391234451e-05
GRM4,9.529903513401441e-05
PFKFB1,9.529241624997655e-05
ZNF582,9.528379564841826e-05
CHRNA4,9.527678086933449e-05
HPSE,9.526331048709044e-05
HABP2,9.52578192448223e-05
HIST2H2BF,9.525101143871675e-05
TIGD4,9.523828542343068e-05
CCDC18,9.521452674753585e-05
TOMM7,9.517720891125162e-05
GPCPD1,9.517191506323982e-05
CENPT,9.516972042128603e-05
ADAM23,9.516021564135916e-05
PIWIL1,9.513124414597337e-05
KLRC1,9.511585229808439e-05
LCN6,9.510548950342582e-05
POLN,9.508663589956199e-05
PVRL2,9.508295761399678e-05
CYP26C1,9.50756793968668e-05
CYP26B1,9.50756793968668e-05
FER,9.505296618795054e-05
GRID1,9.503237355739572e-05
FBP2,9.502024986873673e-05
SLITRK3,9.501367873396185e-05
SETBP1,9.501323210965733e-05
LASP1,9.501266229778801e-05
EGR3,9.500649109083265e-05
LMNB2,9.49626107183727e-05
HOXB13,9.493938581229646e-05
ECHDC1,9.491934882951378e-05
IGFBP5,9.490342134510235e-05
KLC2,9.489002320019343e-05
SLC25A20,9.488329504355874e-05
CADM3,9.481866226535506e-05
GPR97,9.477280912030413e-05
ETFB,9.47615806100209e-05
PENK,9.476045529297463e-05
CPXM1,9.464128599266856e-05
PACRG,9.461458433089376e-05
ZFPM2,9.461084664273687e-05
MAGEA1,9.460105636903491e-05
MGST3,9.457776664340437e-05
NMI,9.457429544106634e-05
MAN1C1,9.457017130724408e-05
TXNL4A,9.456549150991296e-05
ATP7B,9.454011687278665e-05
CPLX2,9.453613554528926e-05
TPO,9.448253209409525e-05
SLC25A4,9.447927002574586e-05
TBX4,9.447642871682153e-05
KCND1,9.446997144587522e-05
APLP2,9.446060612436148e-05
POLD4,9.445493420801624e-05
GINS3,9.445392234974912e-05
LINGO1,9.443474617703463e-05
CHCHD7,9.442962130066382e-05
ZNF219,9.440599812678175e-05
IFT46,9.438748191152024e-05
PPP2R2C,9.437749225037636e-05
DNAJB4,9.435989392300175e-05
LPPR3,9.432222121695641e-05
TRPM6,9.42989869150057e-05
TMEM119,9.429516356837014e-05
NBEA,9.42173982454899e-05
TRAF5,9.417779869982952e-05
DES,9.415092292788652e-05
HCST,9.413221750856845e-05
BAIAP2,9.413062212456394e-05
LRRC16A,9.412257088089737e-05
HFE,9.412148824180132e-05
NPPA,9.409395325114292e-05
MAP4K4,9.404207001685907e-05
CPT1B,9.403132041815945e-05
CRTC1,9.402091318126994e-05
LPAR5,9.400795529862388e-05
C9orf41,9.398437824144057e-05
KCNMB2,9.397229094805555e-05
TIGIT,9.392357782235045e-05
REC8,9.389376392358174e-05
DYDC2,9.388805257207967e-05
MSRA,9.38879421365642e-05
GAMT,9.388002102652246e-05
MTG1,9.382917252553364e-05
IQGAP3,9.380395332389674e-05
RGAG4,9.380267029016248e-05
BTD,9.379554515626503e-05
MT1G,9.37670367444512e-05
PPAP2A,9.375240849327801e-05
GATSL3,9.374023044630834e-05
DLL3,9.37198755177458e-05
RGR,9.367839052093423e-05
RB1CC1,9.364449901269541e-05
RASGRP1,9.359489586166809e-05
TAB3,9.357557875219084e-05
ARHGEF9,9.354370149948599e-05
NOX4,9.352271263920823e-05
DTNA,9.347790293202727e-05
SHBG,9.347496841120232e-05
CYP46A1,9.347010161757503e-05
TMCC3,9.345218166898744e-05
UGP2,9.343934608577558e-05
SERPINI2,9.337677866607083e-05
CITED1,9.336190274358329e-05
ST8SIA1,9.33601032383936e-05
GPD2,9.335380304174984e-05
LBR,9.334374290646516e-05
DUSP4,9.333472538916948e-05
PARVB,9.330948205232305e-05
DNAH9,9.3309117333686e-05
AQP9,9.328571890125752e-05
SYCE1,9.322725106816689e-05
FBXL7,9.322265936244001e-05
TTC26,9.322229592662665e-05
SYT7,9.3216452295298e-05
VIPR2,9.314564592896495e-05
SULT1E1,9.314307040135351e-05
C10orf11,9.312286158799296e-05
MVK,9.305733613070138e-05
DMBT1,9.304506856048196e-05
SLC45A2,9.299202044745926e-05
KLRB1,9.297402585628186e-05
TRPM7,9.2964980846063e-05
C1orf111,9.295721968315361e-05
POU2AF1,9.291229729137299e-05
ME3,9.290064389097475e-05
SYT9,9.287889296005346e-05
CNTFR,9.28594551451038e-05
VANGL1,9.28416925987907e-05
HSPBP1,9.282583381146546e-05
SLC16A3,9.278570674628012e-05
NDUFA7,9.274703609981302e-05
HBD,9.273326169874272e-05
NAP1L5,9.272500139218673e-05
AGL,9.272027017647813e-05
RGS7BP,9.271599513697775e-05
NGEF,9.27079445165505e-05
FLI1,9.266796146336468e-05
ETV5,9.266002075420623e-05
NME3,9.26591731845412e-05
PLD3,9.263967234044359e-05
SCD5,9.259750790551801e-05
HIF3A,9.251460078220354e-05
PRDM1,9.245948384749675e-05
KCNC2,9.243298548475296e-05
MDGA2,9.239838975701187e-05
VIPR1,9.232364813047692e-05
LTB,9.23170524250969e-05
NUTF2,9.231172769319523e-05
HMGCLL1,9.230560741213208e-05
MYO5C,9.229940539179093e-05
LCP1,9.228001543665901e-05
VSX2,9.2266687656317e-05
LRRC2,9.226267605258478e-05
CALB2,9.224653110951995e-05
GOLGA7B,9.224483680955433e-05
PI16,9.221786676603881e-05
SLC26A5,9.220633894662071e-05
VPS37D,9.218203178864418e-05
RRAGC,9.216814106614893e-05
PTPLA,9.213835557905922e-05
RGL1,9.213027944801817e-05
PIWIL4,9.209178932496301e-05
USHBP1,9.209077586435842e-05
MAPK8IP2,9.206724178119078e-05
MOXD1,9.204346401924155e-05
VGF,9.195618374209866e-05
CCDC124,9.195194023659704e-05
B3GAT3,9.193618676077866e-05
TPSD1,9.193538187430542e-05
SEL1L,9.19268059366945e-05
LRRC4B,9.190595450293178e-05
FAM63B,9.187260156059809e-05
MED24,9.186485712942906e-05
TACR1,9.18611746026511e-05
LIN28A,9.185939172523462e-05
NR2E3,9.1856544108837e-05
RBCK1,9.1828318786855e-05
SEPT4,9.18012597408168e-05
JAG2,9.178425890184087e-05
SGK2,9.177983144837101e-05
PDZD7,9.176296082111295e-05
PXMP4,9.173070803711247e-05
RABEP1,9.167284568066991e-05
COBLL1,9.166572733847761e-05
ZEB2,9.166342902344698e-05
ME2,9.16509965368037e-05
HSF4,9.164303644757329e-05
COL5A3,9.158003325997244e-05
GPR39,9.157607300111557e-05
UPB1,9.156917149412827e-05
ARID2,9.14432780144825e-05
AMFR,9.135349097681586e-05
HDAC10,9.134059035321788e-05
EHD3,9.128473832040464e-05
KLHL9,9.1278306071906e-05
SLC39A4,9.127758911726627e-05
PTPN21,9.127336825611587e-05
CCL3L3,9.125353536860398e-05
ATP10A,9.123109332808775e-05
SFTPD,9.121945505022544e-05
TCF21,9.1216404439366e-05
RASGRF2,9.121396776005277e-05
SOD3,9.120563417782044e-05
REEP5,9.117248506810335e-05
MED13,9.11698148406952e-05
CCDC85A,9.11658532163282e-05
EPB42,9.11002320539858e-05
RTKN,9.108536842579809e-05
ZNF628,9.106143185463098e-05
SEMA3D,9.105211558228437e-05
PLK2,9.104882997484662e-05
NICN1,9.103456222115625e-05
NXT1,9.10310768157289e-05
RORB,9.100760028971002e-05
SAMD9L,9.100415475306831e-05
MGAM,9.09716259003847e-05
TBX20,9.096817677978654e-05
PCSK5,9.095584256772045e-05
RBP1,9.091089930933056e-05
ISL2,9.086438671905675e-05
S100A9,9.079578424857574e-05
PGBD5,9.07415964428539e-05
GLCE,9.072275506394896e-05
CCNG1,9.071272301167926e-05
CXCL14,9.065630333685991e-05
RASIP1,9.063195128449136e-05
RTN2,9.06203194429354e-05
LZTS1,9.059582218434767e-05
GREM2,9.058735079753068e-05
SMOC2,9.056877405324108e-05
PI3,9.053632748589497e-05
KY,9.052741974077628e-05
SMS,9.050535491906509e-05
SNX13,9.047066675776981e-05
SCTR,9.045676195354921e-05
C1orf27,9.041522623576777e-05
PACSIN3,9.038572097912382e-05
KCNK1,9.03640037817918e-05
NDUFB11,9.03330511213559e-05
TTC25,9.03292082194107e-05
RIC3,9.031356977364316e-05
INTS2,9.030365756697826e-05
PTGIS,9.030343785506296e-05
PLEKHM3,9.029133541153006e-05
CYP4F3,9.023841320461729e-05
CHAC2,9.022931350756086e-05
CDC14B,9.02279212633056e-05
BEGAIN,9.019672288233766e-05
CREB3L2,9.014593700033531e-05
CD248,9.01389953306418e-05
ATP2B4,9.013503048593282e-05
HS6ST3,9.012371925790194e-05
ADD2,9.011640293601354e-05
DBN1,9.010889597522461e-05
PDLIM4,9.010123461559771e-05
DPYSL3,9.009007204882692e-05
PTN,9.008801765536255e-05
EFEMP2,9.008238544394131e-05
DUSP6,9.005943862242297e-05
UNC5B,9.003010675358845e-05
RD3,9.002113131345508e-05
KCNIP4,9.002106347996732e-05
EOMES,9.001008826757169e-05
TFDP3,8.996454290550662e-05
PLA2G4D,8.994612740400017e-05
NAP1L3,8.985278175685109e-05
ARG1,8.984032526126041e-05
AFF4,8.983894911797016e-05
CD46,8.98327285282952e-05
FFAR3,8.979560195671686e-05
CRHR2,8.979320907719651e-05
SFRP2,8.978279168682382e-05
TNFRSF14,8.973512155792065e-05
SH2B3,8.972472183585576e-05
FLNB,8.967591330366418e-05
MKRN3,8.967550239539682e-05
CREB5,8.967251664515077e-05
ZNF154,8.967159643128392e-05
ASTN1,8.96382266788483e-05
SPOPL,8.960664161516163e-05
GAS2L2,8.959090533435242e-05
TEC,8.941762520214601e-05
DHX58,8.940264409003274e-05
SLC5A1,8.939893549284397e-05
XPO5,8.938782885750421e-05
ZNF366,8.935005878043826e-05
ANKDD1A,8.931686461927378e-05
PREX1,8.931544754509471e-05
SLC7A11,8.931305460162147e-05
ZNF593,8.927239471498931e-05
DLC1,8.926098758093903e-05
INPP5J,8.923177640245277e-05
TNNC1,8.922710332732866e-05
KDM5B,8.921028172943047e-05
SDSL,8.920120238095831e-05
ERLIN2,8.919667675424859e-05
HMGB2,8.919646096450582e-05
COCH,8.919089586285136e-05
EVC,8.91878784017728e-05
CISH,8.918625415034423e-05
SEMA7A,8.918324807940361e-05
AHI1,8.915018059247431e-05
UCK2,8.90859397431452e-05
KCNH7,8.90779526562101e-05
MYBPC2,8.907560202994733e-05
MS4A6A,8.905879547201954e-05
TMF1,8.9036209425234e-05
KCNF1,8.90147468957458e-05
RUNX1T1,8.897822458214723e-05
ANKK1,8.894309068185153e-05
SLC45A3,8.893679945936911e-05
CD72,8.89285450203972e-05
PLCD4,8.892004032892393e-05
AKAP3,8.889160986585335e-05
MAPRE2,8.884748034184036e-05
ZFHX3,8.883150493184119e-05
ZDHHC17,8.882841623535046e-05
STRA6,8.877868995045446e-05
IMPDH1,8.875363175014873e-05
NLRP1,8.87395284205542e-05
WIPF1,8.872646644552655e-05
LMOD1,8.86971497630248e-05
SLC47A2,8.868284903925858e-05
CEP120,8.865799998263407e-05
FIS1,8.865320314569787e-05
KALRN,8.862917101869668e-05
DOK2,8.860465017237855e-05
TFPT,8.85850535812361e-05
STRA8,8.857587935088982e-05
HIP1,8.857223765776034e-05
MAK16,8.856043862600816e-05
TEF,8.85589447866212e-05
PKP2,8.854328134979013e-05
CENPL,8.8531786394702e-05
GP5,8.851679314425105e-05
RBM24,8.850714455312065e-05
IRAK2,8.846824087016829e-05
ZNF608,8.843007614542356e-05
TECTA,8.842554525861226e-05
RAB6B,8.841798451777476e-05
FNIP2,8.841372502720637e-05
SHISA3,8.83886035994825e-05
DEGS1,8.83854110452462e-05
SPAG8,8.836248990739287e-05
SCGB2A2,8.83366180645368e-05
CAPZA3,8.833139106271195e-05
CABP1,8.828571045286116e-05
MRPL38,8.827001320002725e-05
PDE4B,8.825274727097979e-05
RARRES2,8.823854882502734e-05
NUDT17,8.82148895471693e-05
DONSON,8.821394976820299e-05
CREB3L1,8.821244247932734e-05
RETN,8.820367108829904e-05
RALGPS2,8.819459525819445e-05
PLD6,8.81682046455043e-05
MFAP4,8.816254971868808e-05
MYH13,8.813227633348496e-05
HTR7,8.812359080638501e-05
CASC1,8.805152879490851e-05
LCA5,8.801965897172763e-05
SEMA6A,8.7993196394218e-05
LRPAP1,8.796136241617867e-05
RGS18,8.796041461257788e-05
GFER,8.795826261301502e-05
CASQ1,8.795544194440395e-05
BMPER,8.795272680677198e-05
JMJD4,8.794986035412713e-05
PSIP1,8.793326904155928e-05
NTN4,8.790111167450578e-05
PGAM4,8.788994130122367e-05
STK3,8.786889661784256e-05
PAEP,8.785698244380274e-05
NDUFC2,8.78532080469198e-05
GSTZ1,8.785192281725189e-05
NRTN,8.782212022952535e-05
TNFRSF10B,8.77891000351803e-05
TNFRSF12A,8.775697250847732e-05
AQP7,8.774710307796694e-05
KIR2DL1,8.773795368611786e-05
DHFRL1,8.773204247132414e-05
EXOC2,8.772299232366856e-05
DDX60,8.771882703457898e-05
CLDN7,8.771533687050923e-05
COL10A1,8.767203891874984e-05
FAM150B,8.764921498165033e-05
HDAC9,8.764905781794099e-05
BAI3,8.764255113783585e-05
AP1S2,8.764086102989052e-05
ATXN1,8.762056461027381e-05
PPP4R4,8.75607723483247e-05
FBXO16,8.756035027930295e-05
MEOX1,8.75507205446021e-05
NPY1R,8.75414630367696e-05
WDR72,8.751686505232096e-05
KCNA3,8.750178677015134e-05
UBR5,8.747485889344073e-05
TNIK,8.746991787057806e-05
SLC24A5,8.746801832335069e-05
F2RL2,8.741274819501081e-05
FAM127A,8.735954562701475e-05
SEC16A,8.734836910992832e-05
SLC1A6,8.730738823273782e-05
IQCG,8.728916677405631e-05
QPRT,8.72481248848052e-05
S100A2,8.724810584675199e-05
SRL,8.724329266794908e-05
CRELD2,8.724278994967741e-05
IL21R,8.723339049507108e-05
SYT11,8.721693904230308e-05
WDR4,8.719702690297014e-05
MGST2,8.718865870952766e-05
NCF4,8.71557946355844e-05
FBLL1,8.710301645765853e-05
SLC26A3,8.710090845026098e-05
TAF10,8.702686320638216e-05
CCDC129,8.699141108790103e-05
HS3ST4,8.697220170103906e-05
FBLN7,8.689954727835689e-05
TRPM3,8.689667400379344e-05
LYSMD3,8.688649879034076e-05
EXOSC4,8.68727480241037e-05
SRPX2,8.685465989247991e-05
AKAP12,8.683328146207075e-05
SLC26A6,8.681113555451659e-05
ZFC3H1,8.680525121919689e-05
TMEM67,8.680413517680294e-05
LMX1A,8.680294682037999e-05
KIR3DL1,8.67913623597161e-05
KCNN3,8.678584133472563e-05
MRPL14,8.67554604061035e-05
TLL2,8.670032460722065e-05
PRDM11,8.66884844599512e-05
GUCY2C,8.667583621423263e-05
GARNL3,8.666009181325025e-05
UTP14C,8.664977730767912e-05
FADS1,8.664848980259262e-05
SYNM,8.664608077767807e-05
CIB2,8.662956172842647e-05
TUSC3,8.660607703908741e-05
GPR82,8.660136431067443e-05
C1S,8.659859881587662e-05
KRT17,8.658569348195228e-05
SIGMAR1,8.65673017156951e-05
DDX21,8.653747670365554e-05
GPLD1,8.651412054907337e-05
RASSF8,8.648918071751637e-05
SVOPL,8.64768586928618e-05
RTP4,8.64217115378705e-05
TCN1,8.641459072667179e-05
NAPB,8.640664674015954e-05
PCM1,8.640555806047135e-05
SGSM3,8.639197643838722e-05
PRPH2,8.635756751095534e-05
SH3TC2,8.629353648323483e-05
MAEL,8.626604855639124e-05
GRIK3,8.623028761536367e-05
DUSP9,8.617051720663272e-05
MST1,8.615632942219729e-05
IL10RA,8.614833316001946e-05
PCDH19,8.613564567500519e-05
C1QL4,8.612152721306366e-05
SLC16A9,8.61178023488444e-05
SPRY1,8.608559431229183e-05
UBA7,8.607953315545227e-05
SLC22A4,8.607585891682099e-05
SGCZ,8.607239262055876e-05
TTLL4,8.606665678209948e-05
MDM4,8.605266706871356e-05
RBM20,8.601546679449476e-05
CST4,8.60124562535777e-05
RTDR1,8.601133316197067e-05
PSMC3IP,8.600763747369894e-05
COL6A6,8.599122244090938e-05
UNC93A,8.595929514585037e-05
HCN2,8.58874187213003e-05
SNTB1,8.58801598778261e-05
PALM,8.586389398534009e-05
TCL1A,8.581614514979169e-05
SCG2,8.577128542744997e-05
COPZ2,8.576495032002658e-05
PGBD1,8.57288859853998e-05
GFRA2,8.570787738384494e-05
KLB,8.57034066808338e-05
CCL16,8.569735604840775e-05
SORD,8.568965620053129e-05
CPA4,8.56892375109981e-05
TRIP11,8.568114257373447e-05
TMPRSS3,8.567333420811134e-05
FRMPD1,8.566940163415175e-05
CAMK2N1,8.557173408738872e-05
IL1RAP,8.553909441262685e-05
CHST6,8.552931426979653e-05
C1QC,8.552816214322987e-05
TRPV2,8.552149986839654e-05
EPB41L5,8.551253216466383e-05
HRK,8.549590313864335e-05
PLEKHA7,8.54955156497032e-05
ASMT,8.544316828161139e-05
UNC5C,8.538627284224452e-05
ATP6V0E2,8.534820941498151e-05
BEX1,8.532955233410701e-05
GDF5,8.531557418283075e-05
CCDC101,8.529947992785577e-05
KLRG1,8.520495738064214e-05
KCNJ14,8.518106710608323e-05
LRRC48,8.516785473262914e-05
LYPD6B,8.506509271396284e-05
TNXB,8.49991078841223e-05
RAPGEF2,8.499380720811322e-05
NKX2-2,8.496065568587437e-05
CNTN6,8.493130588642359e-05
UBXN11,8.49233849347611e-05
PEG3,8.49153934891874e-05
CCDC135,8.486635810845386e-05
TNFRSF17,8.483332705340986e-05
MORN4,8.482756233921509e-05
PERP,8.48210482617525e-05
COPE,8.48168262177768e-05
MOGAT2,8.481383853087294e-05
NDUFA3,8.477119072002912e-05
INSC,8.476135099943595e-05
ATP5E,8.475738110072382e-05
PCLO,8.474062968632616e-05
SEMA3B,8.465955912089743e-05
IGFBP4,8.458410712733146e-05
ZMAT5,8.456160329679095e-05
NODAL,8.453199942679299e-05
KIAA1377,8.45209475319559e-05
OPN3,8.449709500808896e-05
ITIH3,8.44734817220132e-05
SOX5,8.447208980107729e-05
GRM7,8.444139737029407e-05
CFLAR,8.443104783004012e-05
PTGDR,8.437679014732182e-05
CHRNB1,8.436181562431929e-05
SPTA1,8.435590709475183e-05
GFI1,8.434100038942083e-05
GRAMD2,8.433769026966738e-05
SNAP91,8.42754130543062e-05
LRFN5,8.426735108228298e-05
WEE1,8.424568068292831e-05
RUNDC3A,8.421582881951864e-05
RANBP1,8.420456820860248e-05
AIF1,8.420088329094624e-05
NAT9,8.417319311865863e-05
SIRT4,8.41698774768995e-05
TTPA,8.415304708941145e-05
PLA2G4F,8.410880567684943e-05
ABCB11,8.410235707664908e-05
OGDHL,8.406319074130728e-05
LRRC4C,8.399898448332237e-05
TMEM206,8.399083428762397e-05
DKK3,8.398223275391011e-05
FGF13,8.397772900983344e-05
SLC12A3,8.397352711409648e-05
CBR1,8.396631374357328e-05
ZNF280B,8.393782435433579e-05
YOD1,8.393453346499799e-05
HSPB11,8.392840728432163e-05
POLI,8.39236762271567e-05
CD1D,8.390653964020537e-05
PTGER4,8.388010408156652e-05
KYNU,8.38632288353942e-05
ID4,8.373612940660414e-05
GALNT3,8.370065245896481e-05
ECSIT,8.369514549434426e-05
POF1B,8.369392325305775e-05
TARBP1,8.368231506401222e-05
MT1A,8.366903847057388e-05
SYCP1,8.366599288856826e-05
SOX11,8.366439809328704e-05
SCARF1,8.366026281960249e-05
HES5,8.36510798106825e-05
AP3S1,8.363897040995271e-05
DIO1,8.361900215693609e-05
HOXB2,8.357651924228307e-05
ICAM2,8.357448005352022e-05
HERC5,8.357248316566255e-05
NRG4,8.351757581603383e-05
APOBEC3B,8.348550409740388e-05
NRK,8.346066974462024e-05
RFPL4A,8.345508931356018e-05
CCKBR,8.343801646463506e-05
TIE1,8.340516846450224e-05
IPMK,8.338954089074579e-05
FZD10,8.338376747134243e-05
DGKZ,8.336538185896394e-05
AGPS,8.336230258719683e-05
GADD45A,8.335882534307163e-05
CLCN6,8.33427045020968e-05
PRICKLE2,8.332904744223188e-05
LYPLA1,8.331760281424419e-05
PLA2G10,8.33011443583953e-05
PCOLCE2,8.329938878693715e-05
NAT1,8.326169438695801e-05
MEOX2,8.32554151089129e-05
PIGW,8.324920821230115e-05
GJB3,8.322137085124755e-05
STK32A,8.318527117080446e-05
CP,8.317526161055454e-05
DLEC1,8.313620422647588e-05
LIPI,8.313435209232672e-05
IL1R2,8.313310517784594e-05
RHBDF2,8.311248349485103e-05
PARP8,8.311008135283789e-05
NPNT,8.304037061046256e-05
TGM2,8.30250857589644e-05
LPP,8.301433662732146e-05
WHSC1L1,8.298174757965135e-05
DSCAM,8.295692866658896e-05
PRLR,8.291204218843585e-05
SHARPIN,8.291060284459486e-05
SASH1,8.290434973391367e-05
A4GALT,8.290165727270501e-05
TST,8.288976196513922e-05
TCEAL5,8.288935036128325e-05
SV2B,8.286890745536754e-05
EDF1,8.283827159882968e-05
FRMD5,8.281667258373075e-05
FAM83H,8.27914866371306e-05
COL12A1,8.276828727456e-05
SPRR2A,8.26802351286436e-05
LPPR4,8.267560395019136e-05
ASPHD1,8.265638690685938e-05
COTL1,8.262205072929352e-05
NALCN,8.259358957813292e-05
BMX,8.258501489799267e-05
MOV10L1,8.253932082182709e-05
RBPMS,8.253384842607712e-05
ICT1,8.248848436594609e-05
CFB,8.248117451798356e-05
PLEKHG7,8.246662214212767e-05
ASAP1,8.246043256729506e-05
FKBP2,8.245657049028287e-05
FAM110B,8.24206460714368e-05
VOPP1,8.240795838370703e-05
PARD6B,8.24063138502626e-05
C2CD2,8.237039543017252e-05
FEZF2,8.233914447405692e-05
EGLN3,8.233538713322035e-05
MERTK,8.232831304910014e-05
RRP7A,8.231899162392591e-05
KLHL8,8.231218203612707e-05
AKAP11,8.225371131496949e-05
NNAT,8.224529510989637e-05
SEMA6D,8.223645653095615e-05
SDF2L1,8.223215739627324e-05
JPH2,8.221827895121554e-05
MIOX,8.22131930806976e-05
MAFG,8.216290650513172e-05
ID3,8.216184132897723e-05
KLHL29,8.215772666029264e-05
HFM1,8.215389831844154e-05
CTSO,8.214368174143081e-05
PHF6,8.212863420616684e-05
SERPINB3,8.210407990600405e-05
CACHD1,8.209185701078109e-05
ADRA1A,8.208627436353261e-05
NKTR,8.206080838274227e-05
PMP2,8.205976769681274e-05
ARHGDIG,8.19911438849387e-05
CAB39L,8.192374077281583e-05
SPRY4,8.189283017617673e-05
TRPV3,8.188419250392531e-05
LYZ,8.18421291894674e-05
DOCK2,8.183671403278081e-05
RUSC1,8.183277720532618e-05
SAMD5,8.182787401298937e-05
FANK1,8.179806504290915e-05
ROBO4,8.174519234653734e-05
RAB11FIP3,8.17416286585567e-05
SEMA3C,8.173061862375348e-05
BAIAP2L2,8.169826441118707e-05
P2RY11,8.169349238686763e-05
NR1D2,8.168351583530368e-05
ADAM12,8.167390625617254e-05
ACMSD,8.167261621461124e-05
CAPN2,8.165243192737937e-05
KIF9,8.165149729250817e-05
ID2,8.162409928845897e-05
PTBP2,8.161698671929287e-05
FAM69C,8.161365710078644e-05
DSC2,8.158894366670472e-05
ABHD6,8.15862660034084e-05
CAPG,8.157835950144092e-05
NPDC1,8.154448312356735e-05
ANKHD1-EIF4EBP3,8.153788617099356e-05
SLCO1C1,8.152997578774726e-05
SLC16A10,8.152997578774726e-05
ATOH7,8.151217299214077e-05
RAD21L1,8.14590063259847e-05
PTGER1,8.143028269968656e-05
PDE8A,8.141251094412171e-05
IMPA2,8.140006794827309e-05
GRM8,8.139145976274737e-05
MMP17,8.137795731800439e-05
EFEMP1,8.136233056395984e-05
DHDH,8.135406341784954e-05
STEAP3,8.130206114565035e-05
ZBTB47,8.130053026827921e-05
SRM,8.129499507969246e-05
KLK5,8.127804667215532e-05
TCHH,8.127290766469365e-05
MMP11,8.125602712503034e-05
CDH11,8.125546330262288e-05
PTPRK,8.119256119256082e-05
ZBTB41,8.118829669143643e-05
A2ML1,8.11795822804393e-05
TNN,8.115015411482184e-05
FOLR1,8.115005080775017e-05
XCL1,8.113191788672613e-05
MT1F,8.111471262260288e-05
RPH3A,8.110992497965434e-05
G6PC2,8.105930336982904e-05
GPR83,8.105782548746534e-05
OCIAD2,8.098528687480569e-05
NCAPD3,8.096903401418518e-05
MASTL,8.094391516390542e-05
ZFPM1,8.091942554326308e-05
DIRAS2,8.091213693242406e-05
GLRA3,8.089107260065266e-05
CYP4F2,8.088856660819487e-05
MAN1A1,8.088219841988561e-05
SH3RF2,8.087308032356502e-05
LTC4S,8.086734946053195e-05
FRZB,8.081906701388913e-05
STX10,8.07739879609046e-05
NEIL1,8.072648336638331e-05
NEUROG2,8.06197479437056e-05
FCN1,8.06128005790803e-05
ASAH2,8.060091429207995e-05
CYB5D2,8.058482820690075e-05
GCC2,8.055917739149053e-05
NR2F6,8.055459328888525e-05
FRS3,8.053644258617134e-05
TIMM10,8.050699121397679e-05
NKX3-1,8.045871171429573e-05
IL20RA,8.042118121202792e-05
NFKBIB,8.040076715662377e-05
KCNT1,8.038601868521506e-05
IRAK3,8.037284830129756e-05
AWAT2,8.036345166336578e-05
SCNN1D,8.036189048749284e-05
CDKN2D,8.035139412934674e-05
RARB,8.032035784540068e-05
GJD3,8.024602963379549e-05
NR2C2,8.02263725247662e-05
LONRF2,8.022204857247317e-05
KRT6A,8.0187114833567e-05
CLK4,8.016936173821252e-05
SOX18,8.016127580493559e-05
PINX1,8.015652606649123e-05
CEP152,8.014122476367167e-05
RAB3C,8.012874590299126e-05
PLK3,8.011882855121668e-05
GPBAR1,8.011285158758317e-05
RHOD,8.008279133995053e-05
B3GALT6,8.007222150732477e-05
B4GALT7,8.007222150732477e-05
PTGDS,8.005449821189034e-05
C9orf72,8.003774999571117e-05
DDN,8.001197382859954e-05
VEGFB,8.000315055452532e-05
SLC22A5,7.994549604263769e-05
COX17,7.994160609026547e-05
SPINK8,7.99357403516468e-05
STON2,7.992776718745049e-05
GDF11,7.992756500490999e-05
MPPED2,7.992211378882438e-05
AGR3,7.99005907787459e-05
ST3GAL5,7.984067981738548e-05
CR1,7.982237717910905e-05
IVD,7.98180590876451e-05
SLC22A16,7.981060613000504e-05
ATP2A3,7.979542340527702e-05
TRMT1,7.978807233384527e-05
TIMP4,7.977034647384541e-05
TMEM144,7.968645799394916e-05
LPHN3,7.966733742219195e-05
CTSH,7.965699854247742e-05
PCDH10,7.960968423721272e-05
FTL,7.958919580229037e-05
PTPN14,7.957576039047497e-05
KIR2DL4,7.9559994364423e-05
TPRN,7.95539596855535e-05
HBG2,7.952401127800982e-05
KCNMB3,7.947554971527205e-05
MB,7.94568456179128e-05
PCOLCE,7.944739449841268e-05
SLC35F1,7.942729457598928e-05
GAS6,7.938650625614043e-05
TRIM21,7.938302749059125e-05
SNCAIP,7.935813424950586e-05
PDSS1,7.93391717001267e-05
ARHGAP20,7.930897617215166e-05
LEPREL1,7.930366728812507e-05
CCDC13,7.929777818793322e-05
SP6,7.929001028544636e-05
IDO2,7.92874890097228e-05
KCNS1,7.928452359294115e-05
UGDH,7.928033992145952e-05
MICA,7.927449872942618e-05
ACHE,7.927291563982283e-05
XPOT,7.922717076096564e-05
KANK1,7.922374815974497e-05
SYNE2,7.920625262927766e-05
SLC34A2,7.920373329655784e-05
ZC3H6,7.91820247443284e-05
STK32B,7.915771426854644e-05
SPATA17,7.913802984626999e-05
SPDEF,7.911347745881596e-05
OXTR,7.910801327052284e-05
SEC24A,7.907570339771403e-05
MORN3,7.90746228102638e-05
HSD17B10,7.90510218893516e-05
PARD3B,7.905056831568459e-05
DYNLRB2,7.904668598104474e-05
ABCD3,7.904420999298712e-05
CYSLTR2,7.904118921372919e-05
CHRNA9,7.9018490848902e-05
NUBPL,7.901505317584073e-05
CFL2,7.900352867166447e-05
GNPTG,7.900159079663183e-05
PDLIM3,7.884763824560506e-05
OXCT1,7.883358425430056e-05
KCNN2,7.883072989898191e-05
TRIO,7.88002415228074e-05
ADCYAP1R1,7.875306621515281e-05
CR2,7.875291526808897e-05
ULBP2,7.874288265844887e-05
ASL,7.873988803381939e-05
PTPRQ,7.871294762627204e-05
AGPAT6,7.871001706726051e-05
ARNT2,7.87078036146545e-05
CNTD2,7.869836874134994e-05
DST,7.866926276842422e-05
SEC31B,7.862829067975428e-05
DFNB59,7.862825513096455e-05
KBTBD11,7.857573366561188e-05
TAPBP,7.848984752576223e-05
ULBP1,7.847899092400801e-05
TAS1R3,7.845222982456647e-05
SS18L1,7.845135899207113e-05
PGAP1,7.845048593033937e-05
STAB2,7.843551859234543e-05
MGMT,7.842231393464827e-05
PYCRL,7.842062825199868e-05
KCTD13,7.83768931083181e-05
CDK11A,7.836682928807852e-05
CACNA1I,7.832015382076622e-05
FRY,7.828250310616359e-05
ABHD8,7.827788566634024e-05
CD226,7.826485582435467e-05
S100A4,7.824533421762954e-05
ETNK1,7.820238922461522e-05
KCNH4,7.819779990021097e-05
EYS,7.81923445264004e-05
PFKFB2,7.81827916338837e-05
RHOF,7.817783592861612e-05
MFNG,7.81711817983861e-05
DHRS3,7.816973002164288e-05
NTN5,7.816059342637854e-05
AQP11,7.815937021695178e-05
NCR3,7.814479514143916e-05
CSAD,7.812456884443668e-05
CDHR5,7.811014244823487e-05
SPATA9,7.809174902963158e-05
ENAM,7.808709005921424e-05
CYTH3,7.808441767872016e-05
VDAC3,7.807304904995096e-05
WDR62,7.806499893478509e-05
PAX7,7.804764035841683e-05
TFAP2C,7.804604258505803e-05
DNAH17,7.801713667122076e-05
PISD,7.787876967597972e-05
MAGEL2,7.778120584568355e-05
COX8A,7.776819391582501e-05
AACS,7.7768060286868e-05
GJB6,7.77431343519757e-05
PI15,7.770493770051253e-05
PLAG1,7.769549488123603e-05
SEC11C,7.768669035214549e-05
ZSCAN18,7.763260460456097e-05
ABCA2,7.761763423590805e-05
PLA2R1,7.760799629266584e-05
IDI1,7.759970956622202e-05
P2RX2,7.759402771267569e-05
STK38L,7.757233748761904e-05
HPGD,7.755415176341605e-05
ARTN,7.750619792812064e-05
DSEL,7.750590114747699e-05
ACSM3,7.747912843036645e-05
MED30,7.735381202751647e-05
CLPB,7.731729728162737e-05
WDR74,7.728300549018022e-05
HSPB7,7.725568184734159e-05
MRGPRX2,7.724934632428532e-05
RBM11,7.72123375370964e-05
SLC22A17,7.720407303171185e-05
GFRA3,7.719489631757572e-05
ASPSCR1,7.719119883140524e-05
TAF1C,7.715453888151684e-05
SH3YL1,7.710580060223945e-05
OAT,7.709328350023109e-05
CD300LG,7.708962480738666e-05
NOX1,7.708130950113624e-05
DTX2,7.706786510296607e-05
TNKS2,7.70639484238651e-05
STRN3,7.706179426186214e-05
ABLIM3,7.704942806589275e-05
SDK2,7.704635121393144e-05
DNAJC3,7.704034529340011e-05
AGAP2,7.703855486424457e-05
RASGRP2,7.702679565168027e-05
FAT2,7.702512352921628e-05
SBSN,7.70241147072636e-05
PITX2,7.701768861827435e-05
MTMR10,7.701340854174665e-05
DPP10,7.701120930733347e-05
WWC2,7.699120241713364e-05
CRHBP,7.698839094862035e-05
KIF21A,7.698188362067313e-05
ILF2,7.697669422216099e-05
LEO1,7.696245470875355e-05
IFT27,7.692177027388777e-05
NOVA1,7.691530118228029e-05
CBLC,7.690954795215574e-05
OLFM2,7.690257617852726e-05
AFMID,7.686001772191953e-05
CIITA,7.685399921656622e-05
DCDC2,7.683812046792991e-05
TLR1,7.683808875353348e-05
EPS8L2,7.68339606660214e-05
ROS1,7.67943282526855e-05
SLC22A1,7.674690160982757e-05
KREMEN2,7.672024086043797e-05
NOXO1,7.671093982283485e-05
ESRRG,7.67020399058847e-05
CYP7B1,7.665824228329181e-05
SGPP2,7.663305953765601e-05
CLIC5,7.662487688911136e-05
DCLK1,7.660244155965158e-05
ADRA2C,7.65931206972795e-05
CHRDL1,7.658059811221186e-05
OSCAR,7.657862257475532e-05
XPNPEP2,7.652402518784336e-05
MARCH6,7.650714614096729e-05
PHF20L1,7.649439474895606e-05
NMUR1,7.649115142307889e-05
RRAGD,7.647363209811074e-05
HDGF,7.641082666555362e-05
STAR,7.640808257202869e-05
GLA,7.639947162168123e-05
MYRIP,7.639817513142634e-05
NFKBIE,7.6280883982726e-05
ESAM,7.627194092585543e-05
STBD1,7.626150419252087e-05
DEFB1,7.625811225476917e-05
VPS28,7.625704503988916e-05
GPR34,7.625652664972364e-05
PUSL1,7.622280271939866e-05
PDK1,7.619945131579574e-05
PAPSS1,7.619745511929395e-05
CLEC4E,7.618896328762661e-05
CLDN11,7.618361250450653e-05
ACSF2,7.618306669565566e-05
HTRA4,7.616850904355185e-05
MAGEA2,7.615290302591461e-05
GRN,7.612309790674906e-05
ACAD11,7.608823909534504e-05
SLC30A6,7.605971910650847e-05
ANGPT4,7.605950578050421e-05
HPDL,7.605363737062e-05
FOXH1,7.602612238317394e-05
SLC22A11,7.601112189320401e-05
RIBC2,7.597173420273071e-05
AMY2B,7.596149451804863e-05
RASD1,7.595577294101233e-05
SRGAP2,7.595215626326156e-05
LY6E,7.589789369289787e-05
SLC46A2,7.588850859827339e-05
ADCK5,7.588027454166592e-05
IDI2,7.585809774154915e-05
RHPN1,7.585026943748804e-05
ENTPD4,7.584376093611314e-05
TMC3,7.583023948787621e-05
EPC1,7.582613879924982e-05
MCTP1,7.580769638860336e-05
TAP1,7.580084710437306e-05
CALML6,7.578219620356747e-05
FMN2,7.57728289819108e-05
SAT2,7.576972939672047e-05
SPIRE2,7.573116355091077e-05
FCGRT,7.572253487791548e-05
SPEF2,7.571469231540355e-05
KCNJ6,7.56817788035555e-05
SNPH,7.567044654522054e-05
OLFM4,7.564677078258122e-05
CTAG2,7.564514574787714e-05
AQP5,7.564052040085219e-05
ARHGEF1,7.563621215632268e-05
APBB2,7.563399744738688e-05
TICAM2,7.56165828490121e-05
OSBPL1A,7.561394959453458e-05
MMP20,7.559027152075399e-05
EFHC2,7.5580583827978e-05
FBXO2,7.558012695239345e-05
POU4F1,7.555204026297122e-05
FAT4,7.554188537704813e-05
DNAH14,7.54968111404374e-05
TNNI3K,7.545883116613195e-05
FAM65C,7.545156181643373e-05
DLX6,7.544150287442286e-05
ABCB6,7.542389305648662e-05
FOXP4,7.541834511971833e-05
HBE1,7.538258447419481e-05
ZNF446,7.536033693571607e-05
PKN3,7.535297066369363e-05
RHOJ,7.534609910578164e-05
SGSM2,7.532869199827854e-05
RGS10,7.531699136339422e-05
B3GNT1,7.530639605960398e-05
CTSF,7.53043682142075e-05
LOXL1,7.529422313181316e-05
NFIL3,7.52782718705162e-05
MED25,7.526702885670892e-05
COL9A2,7.526455833297956e-05
CD83,7.525846350873262e-05
MAPK15,7.522705819483635e-05
TRIM66,7.516060980403518e-05
ZCWPW2,7.516060980403518e-05
FOLR2,7.513893790129406e-05
GADD45GIP1,7.510652697417084e-05
SLC6A2,7.509416004224532e-05
TAP2,7.509217604173543e-05
TWIST2,7.50823186686228e-05
COL8A2,7.508084810302695e-05
FBXO43,7.50621048735488e-05
HMCN1,7.50601820220483e-05
TNFRSF8,7.504241586787321e-05
ATP8A1,7.503030536827229e-05
KCNJ13,7.502173419231703e-05
CNGB3,7.500707348444919e-05
ULK2,7.500435244554004e-05
PTPRE,7.49996409507202e-05
MYO10,7.499331746255618e-05
CLCNKB,7.498951115337022e-05
ANKMY2,7.49853465820347e-05
GPR179,7.49773314005149e-05
FGF18,7.496428039300207e-05
LOXL2,7.495568040057145e-05
TCTEX1D2,7.492506354650392e-05
ZNF677,7.491800580791252e-05
KCNK15,7.491687981179719e-05
SLC39A6,7.491341801616818e-05
UTP23,7.489215657077426e-05
UNC45B,7.486217852350168e-05
UBD,7.48429464780966e-05
GPR162,7.483296198540028e-05
ZP2,7.483080350132259e-05
PRDM5,7.481814743370404e-05
CAPN8,7.48151398306579e-05
SOAT2,7.47591492247595e-05
LGI4,7.475841629156553e-05
GRPR,7.472308286441212e-05
WFIKKN2,7.471612213186905e-05
SGSM1,7.470477640556943e-05
CD276,7.466941999404728e-05
SYCP2,7.462699533741881e-05
SLC16A4,7.460907822051479e-05
MYOF,7.460855632348689e-05
COX6A1,7.459449698505348e-05
MAGEA4,7.457188564282251e-05
TACC1,7.45479555331535e-05
ATP6AP1L,7.454371894249306e-05
ACER1,7.453440682596274e-05
CTPS2,7.453429956840515e-05
HAUS7,7.453384369704289e-05
COX7A2,7.45268339438675e-05
MYCBPAP,7.451111625207759e-05
KLF2,7.450435331974207e-05
RPS6KA3,7.448342746423785e-05
TSSC4,7.447386956807132e-05
TMEM35,7.445038082988937e-05
ZNF280A,7.438635750557483e-05
DNAJC15,7.4369025616577e-05
MAPK8IP3,7.435875199254874e-05
TAF1D,7.435614167226839e-05
CHORDC1,7.430416884261964e-05
IL22RA1,7.428611192317266e-05
RTN4RL1,7.426881276201435e-05
ATP2B3,7.425820927840196e-05
MSRB3,7.424528518703457e-05
CLDN14,7.423921041847158e-05
LIN37,7.422258145527323e-05
CDK19,7.41900502794879e-05
TMEM231,7.41788794432097e-05
CLIP3,7.417069067024442e-05
ELAVL4,7.415033317662188e-05
KLRC2,7.413844274677239e-05
LRMP,7.412209376473795e-05
RABAC1,7.41190048126679e-05
ACRV1,7.409530890953276e-05
CLIC2,7.407852089379554e-05
LYPD6,7.407302483537629e-05
LIPG,7.40675901821757e-05
SGPP1,7.406044411852287e-05
ZNF853,7.405148846604872e-05
KCTD15,7.402872747435001e-05
AP1G2,7.402723733685453e-05
FGFR1OP,7.402229051595635e-05
TRIM5,7.401477277140001e-05
SEC61A2,7.396820793899613e-05
ZNF521,7.394223449191768e-05
CHRM3,7.393894081422699e-05
KLHDC10,7.393867648145275e-05
PTHLH,7.384367523638095e-05
SLC12A4,7.38358524828615e-05
SLC28A1,7.382185272621635e-05
MAFB,7.38040177165579e-05
PLA2G3,7.379563669531657e-05
CLEC4M,7.376154883414229e-05
PARP11,7.376126394557887e-05
DHRS11,7.374492099953372e-05
RBM42,7.37282055912737e-05
SLAMF1,7.370665208314212e-05
OLR1,7.369671274729152e-05
CYP4X1,7.367592507494825e-05
SBF2,7.367245433214547e-05
DYNLRB1,7.365878319529797e-05
PSMG3,7.36404038243263e-05
TMEM26,7.362982033554129e-05
TTC30A,7.359848210863805e-05
PHPT1,7.359848138350029e-05
TNKS,7.358365669394708e-05
PDLIM7,7.356631650510477e-05
RHCE,7.355014504951599e-05
TPPP,7.351053866808044e-05
OCA2,7.338044590773613e-05
PCSK2,7.337184265173817e-05
P2RY14,7.334464459918957e-05
CNTN4,7.334366017795003e-05
RBP2,7.331912596011778e-05
DALRD3,7.329559051546238e-05
INSRR,7.324999658499061e-05
CLDN23,7.323502572833624e-05
SLC22A23,7.322314620283161e-05
UCN,7.321050537012544e-05
ING1,7.320861037902172e-05
APOBEC3A,7.318927908644786e-05
KIR2DL3,7.31404396290449e-05
KCNMB4,7.31396641518939e-05
STEAP1,7.313700739618181e-05
CHRNA6,7.31290311848163e-05
PKD1L1,7.312781896081521e-05
SARM1,7.311233623577001e-05
G0S2,7.307803988464961e-05
PITX1,7.306095641809049e-05
EN1,7.304379413574646e-05
TUBG2,7.303004609748488e-05
BACH2,7.302356040509065e-05
TRPM5,7.301074247911996e-05
MAFK,7.298952310454113e-05
SLC5A12,7.295811789335774e-05
PPP1R1B,7.292952671806887e-05
SP5,7.291415469574773e-05
ABO,7.290348931480393e-05
PLEKHG4B,7.289916992913407e-05
SEMA3G,7.288899981234068e-05
G6PC3,7.288355066562618e-05
SEPHS2,7.286635876495248e-05
PMCH,7.286239782483451e-05
TNMD,7.285033226752146e-05
GZMA,7.284307169231745e-05
EDA2R,7.281839116396677e-05
BMP8A,7.277967007759956e-05
PDXDC1,7.277203970635824e-05
RNASE2,7.275595728065376e-05
MAD1L1,7.27335750626368e-05
NEFH,7.27198406861933e-05
TAF2,7.271914978578712e-05
WIPI1,7.270562929079522e-05
NDUFB2,7.26923353605206e-05
ATP6V1E2,7.264784517683483e-05
EDARADD,7.264502205592808e-05
ERP27,7.264193626964636e-05
SLC24A4,7.259796640978635e-05
CABLES1,7.259288985199089e-05
ELK4,7.257251126931849e-05
FABP5,7.253856621303054e-05
IQSEC3,7.24905950778279e-05
DACH2,7.246388966056564e-05
NFE2,7.242630338138422e-05
KBTBD12,7.24235971572766e-05
DOK6,7.241704674164085e-05
GGH,7.240680709372793e-05
CLDN6,7.236796503880101e-05
CLYBL,7.235501637412483e-05
HIGD1B,7.23474098381469e-05
KCNT2,7.233261033094565e-05
KCNK10,7.230548361389587e-05
C1QL3,7.2281002722752e-05
ABCD1,7.225013686344753e-05
MARVELD2,7.224424062178378e-05
SESN3,7.223420064156276e-05
NUDT22,7.219956385950992e-05
BRMS1,7.219042621628399e-05
PPAPDC3,7.215623083941943e-05
BCL3,7.212945621186783e-05
VASH2,7.210506815380461e-05
SEMA6B,7.208588402596354e-05
MYSM1,7.208418209462423e-05
MGP,7.206943632407968e-05
APC2,7.205668136467706e-05
PLEKHN1,7.204688178252794e-05
PGD,7.202554719299163e-05
MAMLD1,7.201439593523992e-05
INTS7,7.201281416116684e-05
PVRL4,7.199679066730187e-05
ICOS,7.197086572913715e-05
CRB2,7.19537480056111e-05
NME5,7.194928764065133e-05
PPP2R3B,7.194788181823277e-05
EML5,7.18943135019481e-05
LOXHD1,7.188106974953675e-05
KCNG3,7.186856490930936e-05
GEM,7.186592382539073e-05
NAALAD2,7.18619424025651e-05
POLR3K,7.184760204176668e-05
MAST1,7.182535644706785e-05
PM20D1,7.179727062635899e-05
KLHL30,7.178225168904451e-05
COL16A1,7.176571308332683e-05
CYP27B1,7.172638883550005e-05
CD70,7.172446372560793e-05
MYO18B,7.167651770262211e-05
SLC39A2,7.167562932392081e-05
SAGE1,7.165802273873765e-05
GLDN,7.158513213701087e-05
SLC5A4,7.154808088685405e-05
LILRB4,7.15256073522207e-05
CCDC73,7.151508357133634e-05
HAUS6,7.148873649787158e-05
LAPTM5,7.147790441255827e-05
UBR1,7.14722710340166e-05
RASD2,7.145121365427962e-05
PEX7,7.144552821919133e-05
SCGB2A1,7.144466202495156e-05
TSPYL2,7.141457043334968e-05
DNM3,7.140875827803427e-05
ANO2,7.140358456445809e-05
MYADM,7.140353197603147e-05
TSPAN7,7.139214391839158e-05
TNFRSF10D,7.136288516013505e-05
NFATC4,7.134581213114023e-05
MORN2,7.132730331628193e-05
CD151,7.131991097098448e-05
LIMK2,7.131371323739208e-05
ROPN1,7.13089608959352e-05
ABLIM1,7.128129255013678e-05
EPB41L2,7.122490734642942e-05
PLA2G4C,7.122080990878823e-05
FLT3LG,7.121821132028718e-05
BCOR,7.120940486076316e-05
SLC6A17,7.119340087766951e-05
SERPINF1,7.118509799945946e-05
ETV4,7.118104326227634e-05
CBLN1,7.11663686613299e-05
FABP7,7.11608492611463e-05
HOXD13,7.110703722905227e-05
PTPRM,7.109250984748812e-05
CCL25,7.106585985160516e-05
IL27,7.10611859445588e-05
MYLK2,7.105596151891108e-05
GIPR,7.102481676002725e-05
CABP4,7.10241841490209e-05
PPP1R3E,7.099308248500636e-05
ARSB,7.098999539951785e-05
MAP1A,7.098772208527068e-05
SGMS2,7.095452885736048e-05
NSMCE1,7.091666263376211e-05
PPP1R3B,7.089671477563444e-05
ABCA5,7.086820842036151e-05
ADAM11,7.085061180174212e-05
ARHGAP29,7.08418870454624e-05
CCL8,7.083052963796906e-05
TSPAN8,7.081490149947754e-05
BCL2L14,7.081050313757214e-05
HAPLN1,7.080052458146153e-05
KLK7,7.078753869250652e-05
PNMT,7.078473601335725e-05
SLC29A1,7.077211133200707e-05
TRIM9,7.07667013918551e-05
SLC22A3,7.076323167039528e-05
GALNT6,7.076104096407563e-05
GALNT4,7.076104096407563e-05
GALNT8,7.076104096407563e-05
GALNT2,7.076104096407563e-05
SLC4A1,7.074116757821948e-05
DDIT4,7.072035810435625e-05
CUBN,7.071179902007734e-05
KCNB2,7.070798375128714e-05
AADAT,7.070673042018972e-05
CCBE1,7.070459973605297e-05
UNC5D,7.070405879352753e-05
ASTN2,7.070029875952443e-05
PTGER3,7.06966345870363e-05
RPUSD1,7.069325105272728e-05
ZNF24,7.067603905587408e-05
TEAD2,7.063818090527729e-05
TAF1A,7.063768110614653e-05
ST5,7.062618499213915e-05
HUNK,7.0603938256842e-05
TAS1R1,7.056965659900383e-05
SHB,7.054213557906154e-05
FBN3,7.053697432973445e-05
ABTB2,7.052769881392976e-05
PLCH2,7.047971125311657e-05
LIN52,7.044683794397793e-05
MPPED1,7.042562494223169e-05
ASB15,7.04123134327485e-05
PODXL2,7.039263740071213e-05
RIMS3,7.03782666586608e-05
GNRHR,7.035900932435289e-05
CCL28,7.034789689520807e-05
CCDC66,7.032554999117831e-05
SYTL2,7.032469725668869e-05
KRT10,7.031717979892367e-05
FAM134B,7.028844719882574e-05
SEPSECS,7.028644742754748e-05
KCNV1,7.026240291608003e-05
FPR3,7.019179688767306e-05
KIAA1524,7.019034000279085e-05
SYTL1,7.018347787845392e-05
MNX1,7.01651122264923e-05
BRSK2,7.015616035504365e-05
LRFN1,7.013571385580279e-05
GPR84,7.008445564886476e-05
FEZ1,7.006958020056532e-05
CARD9,7.004674415608452e-05
HAPLN4,6.99910044655753e-05
CSRP1,6.996342380743991e-05
KLF5,6.994701621287368e-05
LNX1,6.992232864132086e-05
CHN1,6.991270025147638e-05
NLRP5,6.988744214649355e-05
OPLAH,6.985868968800077e-05
FOLH1,6.98565519548614e-05
ECEL1,6.98534937951746e-05
RASEF,6.985320492763774e-05
SPRED2,6.979781454644476e-05
S100A12,6.978536291121251e-05
THRSP,6.97690213829712e-05
ARNTL2,6.974702991780819e-05
CLDN19,6.974523914063452e-05
PHOSPHO1,6.97420621946548e-05
WDR24,6.973853912569351e-05
AQP8,6.972853686046596e-05
IL11RA,6.972661166602942e-05
ZNF483,6.970318998467204e-05
TMPRSS4,6.964799693113882e-05
FOXC1,6.959077479717278e-05
RECK,6.95871936524228e-05
SUV39H2,6.956189225984829e-05
ALOXE3,6.954059213071401e-05
TULP1,6.952833847263543e-05
KLHDC7A,6.949782447518915e-05
MAP3K8,6.949171000271666e-05
EDIL3,6.946145521714644e-05
CPT1C,6.944812939277429e-05
IGFBP2,6.944632705649186e-05
LRIG3,6.94351197365595e-05
PAPPA2,6.942796099855216e-05
CKB,6.941573249274193e-05
CRABP2,6.94104160352359e-05
SLC28A3,6.938743330484107e-05
KRT6B,6.938433573861714e-05
ABCB8,6.935628801333384e-05
DBF4B,6.935536421933208e-05
KHK,6.934182208500846e-05
HCN1,6.934123474585169e-05
UBXN6,6.928781746559886e-05
MMRN2,6.927364255510999e-05
IYD,6.925016885733079e-05
CA8,6.92453938699692e-05
DUSP2,6.921993219471605e-05
AKAP7,6.920995355063554e-05
IGSF21,6.919375023135095e-05
S100A11,6.919085533218119e-05
MAT1A,6.918463872176555e-05
VPS37B,6.917971494819793e-05
ASCL2,6.916606093803246e-05
SERPINB4,6.91571504627876e-05
BSND,6.914780121559663e-05
OXCT2,6.910053874826017e-05
LACRT,6.905536136769694e-05
CKMT2,6.905345965155376e-05
FGF12,6.900039137379472e-05
CLCNKA,6.899228391295648e-05
P2RY6,6.899228034701664e-05
SOX4,6.898796501507301e-05
KANK3,6.89850971635693e-05
ERO1LB,6.89801591111968e-05
ORAI1,6.898005478233934e-05
IL17B,6.896880487949525e-05
TET3,6.896160024868456e-05
POP1,6.895843430447892e-05
POP7,6.895843430447892e-05
COMTD1,6.889976748244406e-05
SYNPO2L,6.889948993095809e-05
THEM4,6.889003434484398e-05
EVL,6.884343840355996e-05
SPAG4,6.883943934127885e-05
PAPPA,6.883470656404027e-05
SPARCL1,6.880995965670333e-05
CHRNA5,6.877728447124312e-05
CNTD1,6.877409236113688e-05
PPP2R3A,6.876383027025301e-05
RHOH,6.874967063421144e-05
PHKB,6.874729537454788e-05
DUOX2,6.874612362279743e-05
SLC39A7,6.873970832569621e-05
ERC2,6.873296247956831e-05
C4BPB,6.87302677552546e-05
SFRP5,6.872407086691772e-05
ZFP36,6.869886638723817e-05
TIMM13,6.867754898903582e-05
ASXL3,6.867210191422956e-05
AGBL2,6.865649775597434e-05
CYSLTR1,6.864461038783079e-05
FKBP10,6.863782824179058e-05
PROK1,6.861652614331785e-05
HAUS8,6.861245266966842e-05
KCNJ16,6.861038934389489e-05
RUFY4,6.858679632356102e-05
PEX16,6.858627396054839e-05
NOSTRIN,6.858504956013442e-05
NFIA,6.85846920292826e-05
FAM189A2,6.856015699657313e-05
SARDH,6.851479660054387e-05
PEX5L,6.850531362160335e-05
CPNE4,6.848683527733322e-05
THBS4,6.848163049657003e-05
MORN1,6.847701557366354e-05
C1R,6.846943763761809e-05
MOBP,6.842168478365726e-05
HTR2B,6.841885756324578e-05
DQX1,6.830617792443e-05
EFCAB2,6.830597546384895e-05
GSG2,6.829879442938765e-05
LYST,6.828430435261135e-05
TMC2,6.826533042815691e-05
KCTD17,6.826285311656089e-05
CELSR3,6.825178333968806e-05
PROKR1,6.824070156871413e-05
ANKFN1,6.82012603264216e-05
KRT18,6.812971432613538e-05
AURKC,6.812686418362003e-05
SLC30A4,6.812309810676808e-05
CYBA,6.811444913608513e-05
SERTAD4,6.81030226687064e-05
MRPL48,6.808365967666231e-05
SPTLC2,6.807342714808478e-05
AMY1A,6.80611459598581e-05
SLC4A7,6.802347350935969e-05
TAF7L,6.800647733879138e-05
CDKN2C,6.800241014223463e-05
JPH4,6.799658453372885e-05
TAF4B,6.798826045767111e-05
DGKG,6.795082759872119e-05
EID1,6.793530994624809e-05
ENTPD6,6.790902539107613e-05
CGB7,6.788931314259528e-05
DNAJC18,6.788682957490619e-05
ATP6AP1,6.785216658925956e-05
TLR8,6.784749995729597e-05
KCNK7,6.781837142991611e-05
EIF5A2,6.775222892127884e-05
IL1RN,6.770950824126857e-05
ETS2,6.767197507738523e-05
RAI2,6.766970014171207e-05
EXOSC5,6.766274964746309e-05
ACSF3,6.766197264943752e-05
STMN2,6.761261149971186e-05
FGF20,6.760644754736553e-05
LY6H,6.760045835195611e-05
GPT2,6.759124247761815e-05
SYNC,6.758390031024689e-05
JOSD2,6.757181486164698e-05
SUN2,6.755522230416507e-05
KLHL24,6.754257308674701e-05
ACOT11,6.754002871821903e-05
PREP,6.753235462597253e-05
SIM2,6.752788569474958e-05
MAP4K1,6.751925795229622e-05
FAM161B,6.751752559136764e-05
MPP2,6.750552973615994e-05
NBEAL1,6.747570699002926e-05
PGM2L1,6.745462792094068e-05
GALE,6.744627742823475e-05
SLC38A5,6.736364147811731e-05
PADI2,6.735496009182111e-05
BFSP2,6.734598525005453e-05
HOXD11,6.727857882841837e-05
LRFN4,6.727152000597918e-05
EBP,6.726928782836475e-05
EDN2,6.726893832970111e-05
ECE1,6.726893832970111e-05
EID3,6.726604916660325e-05
MCOLN2,6.723897408718005e-05
NFIB,6.721239290200632e-05
SV2C,6.720229144505689e-05
HTRA1,6.715069957104965e-05
PLAC1,6.710651534823731e-05
ARHGAP39,6.705982298199051e-05
CHSY3,6.705796508058393e-05
GPR37,6.704134404163559e-05
CILP,6.702384490985187e-05
NENF,6.701373388724931e-05
CLEC4D,6.699075298860576e-05
FITM2,6.699037214675851e-05
MGA,6.697979736105899e-05
FLRT2,6.696067814810178e-05
PPP1R14B,6.693387695407033e-05
ACOT7,6.692650951684103e-05
NPY5R,6.690801723263978e-05
TCEAL3,6.690627985927872e-05
CD99,6.689716044552622e-05
OPN1SW,6.686333006503856e-05
SLC16A7,6.683294333585573e-05
KCNK4,6.682715597084226e-05
USP2,6.681598082153506e-05
BBC3,6.680885403951146e-05
EPHB6,6.680489833415547e-05
ACADVL,6.679817528592337e-05
RAB11FIP2,6.679610033192886e-05
HS6ST1,6.67784411060024e-05
PVRL1,6.677481981426463e-05
TENC1,6.675835451438233e-05
PNOC,6.67415361935064e-05
LHX4,6.673548140539523e-05
MAP3K12,6.672647383209578e-05
S100A3,6.672521964484103e-05
SLC34A3,6.670666332262696e-05
BAIAP3,6.669190728070705e-05
COL21A1,6.661614647383336e-05
ZNF462,6.660390007428564e-05
TRAK2,6.65949654283834e-05
FMO5,6.658016780396192e-05
PYROXD2,6.657546661029223e-05
CNTLN,6.657514225412057e-05
ALAD,6.653803211460883e-05
RCOR2,6.652618349877515e-05
PPM1D,6.652066993199633e-05
CCDC138,6.651311268298656e-05
PROK2,6.650732786883266e-05
ATOX1,6.650457862929956e-05
ZNF763,6.649803323742323e-05
CHST12,6.648648139517028e-05
CEP97,6.648212109843551e-05
SKAP2,6.64759782038638e-05
SAMD1,6.647507138606872e-05
CFHR1,6.64721152970746e-05
SLC19A3,6.64537471319956e-05
CA2,6.644242001940103e-05
KLHL21,6.642030617054964e-05
CCR4,6.641855673834507e-05
TMEM45A,6.641674986814908e-05
RNPC3,6.64022378073128e-05
CFD,6.639681771523327e-05
CHCHD6,6.638669788876435e-05
HERC6,6.637390880345901e-05
SAMD4A,6.637092852886688e-05
NXN,6.63674083971235e-05
LSP1,6.636332439635976e-05
SH2D2A,6.635474757462691e-05
PCDH7,6.635340044159504e-05
NDST1,6.633736551832975e-05
ARG2,6.630263408915849e-05
TOX3,6.629727505003748e-05
PRCD,6.628693127461334e-05
PALMD,6.624502105617995e-05
DEPDC1B,6.620450068188977e-05
FAM126A,6.617666877427841e-05
DARS2,6.615439106339928e-05
SEPT12,6.614215215994075e-05
MOCOS,6.613096475757983e-05
TTLL10,6.612605846641499e-05
INPP5F,6.612111934867596e-05
KISS1R,6.611592816719612e-05
MIB1,6.609557283250323e-05
CERK,6.602386877531146e-05
SNRNP25,6.601443262716414e-05
FCHO1,6.601426348348513e-05
HEG1,6.599473869064257e-05
ETHE1,6.599218505436905e-05
KSR2,6.597510062959864e-05
EBF4,6.597482547486648e-05
HOXA10,6.594872700307543e-05
CDH13,6.590566529729883e-05
SLC8A3,6.589814972443932e-05
LRP4,6.588391747623243e-05
APOA1BP,6.585564615889672e-05
ACSM1,6.584690218921978e-05
KLKB1,6.584345718225496e-05
SIK2,6.583855652406808e-05
KRT19,6.582965918469843e-05
ABCC9,6.582171521926235e-05
SLIT1,6.581889264459786e-05
DRP2,6.581313296728589e-05
CDK2AP1,6.58033888322311e-05
SLC2A9,6.579518553773455e-05
LRRC26,6.578315629004727e-05
CALB1,6.574457882947186e-05
AVPR1A,6.570871137877777e-05
NKD1,6.570280857454132e-05
AGPAT9,6.567769183249601e-05
SLC25A18,6.566256404486978e-05
DCAF16,6.564998313133904e-05
ZFP42,6.563952532803491e-05
ASRGL1,6.56265844337077e-05
APLNR,6.560408442100906e-05
EIF4E3,6.559407868029102e-05
SLC5A7,6.558378864994094e-05
OR2W3,6.557572712460507e-05
FSTL3,6.556763199303382e-05
RND2,6.556630294319904e-05
SAV1,6.556190597312472e-05
LILRB1,6.555866056414349e-05
H1FX,6.552053561026194e-05
PLCH1,6.5512403302666e-05
DGKE,6.550759637425003e-05
F2RL3,6.549580349090732e-05
VENTX,6.548104976344985e-05
PKHD1,6.546953662650757e-05
KCNE1L,6.544408342935195e-05
SULT1C2,6.543082652948715e-05
NXNL1,6.542807196413376e-05
FAAH,6.537833787678086e-05
TNFRSF11B,6.536656715149968e-05
FXYD6,6.535859652691633e-05
CPN2,6.535090822276014e-05
HTR6,6.534358933070155e-05
RPUSD3,6.532288448312981e-05
CST1,6.526728734884562e-05
UMOD,6.525024971937955e-05
SPTBN5,6.521483064554236e-05
HABP4,6.519473821577406e-05
UBE2QL1,6.519086308650907e-05
IGF2BP3,6.517963296261671e-05
NOV,6.517225161139873e-05
COL27A1,6.514892476941764e-05
CLDN8,6.512443961715676e-05
PLA2G2F,6.512125850120487e-05
CGNL1,6.510112495071709e-05
FLVCR1,6.508779327088894e-05
RAB33B,6.507136184398785e-05
YIF1B,6.507088197622072e-05
CHST1,6.505970630628946e-05
BICD1,6.505852559744668e-05
BAALC,6.50497776797481e-05
SLC43A1,6.504570928528918e-05
MEGF10,6.504289915195364e-05
CRABP1,6.503749290058086e-05
FAM19A3,6.50206916553343e-05
CARD14,6.501677232571272e-05
TMED7,6.500193138879408e-05
ANP32E,6.500082337478123e-05
CSNK1G2,6.497957511864604e-05
SMOX,6.496939416097253e-05
TMEM98,6.493750218000501e-05
ZMYND19,6.493510936276792e-05
TRHDE,6.492605927592142e-05
AQPEP,6.491457186223872e-05
ANKRD32,6.48655796828023e-05
BTBD11,6.486281486296652e-05
ABCC3,6.485090914498602e-05
SFTPA2,6.478946724565725e-05
PAPLN,6.478047111573948e-05
GALNT7,6.477702380317934e-05
GALNT9,6.477702380317934e-05
GALNT12,6.477702380317934e-05
RNF183,6.476688161784512e-05
A1BG,6.476654460407701e-05
LARP6,6.473548586696718e-05
ANXA6,6.472582894793048e-05
ETV1,6.4725200577879e-05
SCEL,6.471783466518934e-05
EIF3L,6.471679339793594e-05
ST6GALNAC4,6.470775963973118e-05
PHLDB2,6.469504174637918e-05
NAALADL1,6.467164089930699e-05
GRIP2,6.466697429047129e-05
NDP,6.46536275745875e-05
ANO5,6.462135274390466e-05
SLC39A11,6.460962643389796e-05
TCTE3,6.459437692019467e-05
GREB1,6.458775249388861e-05
AMHR2,6.456444128665014e-05
BATF3,6.454652056869954e-05
CREB3L3,6.451100192345988e-05
GJB4,6.449105626340981e-05
PDE6G,6.447895142068806e-05
LRRN3,6.447628129581677e-05
SOX3,6.447579899071065e-05
PRND,6.4455194147187e-05
CDCA4,6.444591308756093e-05
MACROD1,6.443986416011534e-05
ADORA1,6.441855386594208e-05
PAQR4,6.438681533737164e-05
GJA5,6.437947125843024e-05
BANK1,6.437766520205065e-05
SLC8A1,6.435654502594483e-05
CYFIP2,6.43456887440842e-05
KCTD3,6.430237343826918e-05
PKD1,6.430058650985947e-05
BIK,6.42973663538036e-05
RNF145,6.429490021573807e-05
RIF1,6.426827695026382e-05
RUNDC3B,6.426579896469942e-05
LRRIQ1,6.425250775089639e-05
SYNGR3,6.424431477928958e-05
AMTN,6.423503272200064e-05
C11orf49,6.423110675912066e-05
DHRS2,6.42223977233969e-05
SLC2A5,6.420775214331473e-05
CLDN10,6.414473979887196e-05
PTDSS1,6.41373937521263e-05
PRSS50,6.412307845113512e-05
B9D2,6.411950986320057e-05
KCNC4,6.407067541759403e-05
KMO,6.406838603116147e-05
PCP2,6.403707744146003e-05
LUC7L,6.400840693966044e-05
MID2,6.400381384124411e-05
DNAH7,6.399941201974106e-05
TM6SF2,6.399777809444123e-05
CARD10,6.397511123151134e-05
OLFM1,6.396880850521557e-05
DLX2,6.395396872320788e-05
LGI2,6.393108114338125e-05
CDK3,6.386537978893365e-05
INSIG1,6.386236266750014e-05
CSN1S1,6.380426767816765e-05
LIMCH1,6.370783613879715e-05
MSMB,6.367758222751039e-05
HYAL1,6.366683000271934e-05
CHI3L1,6.365980889518928e-05
RNF168,6.365821371670263e-05
SELO,6.364716321890033e-05
ELAVL2,6.364291620609204e-05
BCAS1,6.362997459543865e-05
DIXDC1,6.361699976589253e-05
PCK2,6.361633083440323e-05
TTC28,6.360119599361786e-05
FADS6,6.359463940025728e-05
MCF2L2,6.35561387153699e-05
PEX26,6.35558711058287e-05
INSM1,6.3548100440295e-05
HS3ST5,6.353563049662588e-05
CPEB2,6.352385602816714e-05
PTAFR,6.350745804988524e-05
SLC30A10,6.349261740978535e-05
MAP3K2,6.347817137465984e-05
TMEM63C,6.34603776338581e-05
CD55,6.343777124474837e-05
PTPRN2,6.341780311917711e-05
DTWD2,6.340716593414683e-05
CST7,6.339602280043029e-05
SYT3,6.338408724782118e-05
HEPACAM2,6.335698088939053e-05
GFPT1,6.328677726508474e-05
PRDX2,6.327862751620081e-05
CCDC8,6.324453301814586e-05
DPT,6.32284323424483e-05
HYAL3,6.321116446768544e-05
DCHS1,6.31859421168185e-05
LRRTM1,6.318382945586537e-05
CD1B,6.31773131952027e-05
CDC34,6.317313563411543e-05
ENTHD1,6.316421356691206e-05
ARHGAP22,6.315223637154335e-05
AGMAT,6.314730656980688e-05
PKDREJ,6.313175837303927e-05
RDH16,6.31156254185427e-05
IGFBP6,6.311552543263515e-05
TTBK2,6.310129225102827e-05
NFE2L3,6.309721844297262e-05
ZBP1,6.30750376275261e-05
MYOZ3,6.306472990706244e-05
ITM2B,6.30276708361306e-05
INMT,6.300449763507386e-05
TFEB,6.298904224916456e-05
PRCP,6.297457811095903e-05
SLC38A4,6.297325689315117e-05
ATP8B2,6.297166995228547e-05
ATP8B4,6.297166995228547e-05
ATP8A2,6.297166995228547e-05
ATP10B,6.297166995228547e-05
MRAP2,6.296537982117248e-05
MPST,6.294165939154428e-05
INTU,6.292220645956328e-05
EIF4E1B,6.291087846103538e-05
SPR,6.28877769845759e-05
RPS6KB2,6.287885657299895e-05
CA12,6.287873487185795e-05
CLIC4,6.284726247393196e-05
AZU1,6.282570935287735e-05
CALCOCO1,6.282410724240496e-05
DMXL1,6.280958746577092e-05
BEST4,6.280100580116865e-05
IFNAR2,6.278712801222655e-05
MYO9A,6.278234564732455e-05
BDH2,6.277980152173415e-05
ZNF518B,6.277323413088664e-05
GLRX2,6.276900323177177e-05
DGKA,6.276632390967481e-05
TLX2,6.274303930504313e-05
KLHL7,6.269996914936008e-05
ENC1,6.269996914936008e-05
KLHL25,6.269996914936008e-05
NUDT8,6.268270985798628e-05
C3AR1,6.266196224751813e-05
VGLL1,6.264193187577411e-05
MFRP,6.263915990545259e-05
CCDC68,6.263853328096974e-05
ABCG1,6.263678904807104e-05
THNSL2,6.26330723179244e-05
CLEC6A,6.261789806996471e-05
SEZ6L,6.258957494824675e-05
NUDT18,6.253471097168232e-05
CHST3,6.253429141145619e-05
AHCYL2,6.253330611435768e-05
BCL2L12,6.252448194656084e-05
GDF15,6.252279012112706e-05
A4GNT,6.250864035871282e-05
COL22A1,6.250774411695495e-05
WDR18,6.249653658532696e-05
SVOP,6.248578597455312e-05
FAM174B,6.248523049481502e-05
MICAL2,6.247701196636694e-05
B3GNTL1,6.241922954145735e-05
FATE1,6.240022959856698e-05
PTP4A1,6.23686702895736e-05
PTPRR,6.236424020285059e-05
KLHDC8B,6.233327198571816e-05
PRG4,6.233124706115505e-05
BEND6,6.232484632290163e-05
C1QTNF9,6.232167817270331e-05
APBB3,6.230666977019873e-05
HOMER2,6.229897010249373e-05
SSTR1,6.22888000004257e-05
KCNC3,6.228807564789868e-05
PKIA,6.228713296585856e-05
SLC25A6,6.227597976082586e-05
CASP5,6.227520446591204e-05
GET4,6.223645043968256e-05
GPR88,6.222986378038961e-05
GSDMC,6.221898259740556e-05
CLCN5,6.218538065455073e-05
KLC3,6.21658407443166e-05
UROC1,6.215138071823101e-05
LOXL3,6.214648842048862e-05
ELOVL5,6.214066356974505e-05
SORBS2,6.213168661171962e-05
DDX43,6.211634613467141e-05
OVGP1,6.211575442702416e-05
NDUFB1,6.206317319761325e-05
PGM3,6.203860998307351e-05
MAP3K13,6.203211289691319e-05
FLAD1,6.201722954275306e-05
RNF128,6.201020711678153e-05
RASGRP4,6.196024836439338e-05
PRUNE2,6.195643985163247e-05
ZC3H13,6.19548438240632e-05
RFWD3,6.195090978033484e-05
FOXI2,6.187132031404655e-05
TEX11,6.180866945213847e-05
FGF16,6.179367081571496e-05
CHST13,6.176340249036008e-05
FSTL1,6.173840395207207e-05
GSPT2,6.172720764793928e-05
SLC6A8,6.172493500149301e-05
ADRB3,6.172133026116396e-05
MAN2A1,6.168561510848779e-05
PNMAL2,6.165675319946654e-05
PUS1,6.164758539861262e-05
CCDC80,6.16345784217342e-05
CCDC96,6.163445994123305e-05
ZDHHC14,6.162053505742565e-05
GLP2R,6.158265401188674e-05
HRC,6.157530206028674e-05
KCNJ9,6.156940181066046e-05
MYO5B,6.156754022493499e-05
FBXO36,6.156725436494065e-05
FBXO39,6.155903444535728e-05
ZNF541,6.154745453892054e-05
SULT1A3,6.154718573178634e-05
MFSD3,6.154654445964102e-05
SIX4,6.152291424599889e-05
FOSL2,6.149943908604461e-05
POC1A,6.146206039354715e-05
KIF13B,6.144993698340556e-05
MYADML2,6.142686955481255e-05
SIRPG,6.142490631283896e-05
CYYR1,6.137167579173855e-05
MYO18A,6.1356981658695e-05
WISP1,6.134267351243518e-05
NMB,6.132905060691399e-05
DTNB,6.132864207389157e-05
GBX2,6.131715816578041e-05
TM4SF1,6.131297662003171e-05
TMEM151A,6.129376416281175e-05
HOXD1,6.1292122534352e-05
HSPB3,6.127928459877447e-05
UBXN1,6.12732256291509e-05
CLEC9A,6.12131199462113e-05
ARMCX1,6.12099632365305e-05
KRT8,6.120227461115128e-05
GSC,6.119416461340259e-05
MBLAC2,6.117216702002755e-05
LSR,6.116720536731155e-05
FAM154B,6.114803958487546e-05
SLC7A4,6.11422093790095e-05
COLEC11,6.111768582367113e-05
ANKRD27,6.111170352160496e-05
BMP3,6.105284653638233e-05
SYBU,6.103000990664945e-05
PLIN5,6.1029551736245925e-05
MMP19,6.1027282467857295e-05
COLEC12,6.1025710546750364e-05
UTS2,6.1024981757756814e-05
GNPNAT1,6.101418785471903e-05
TRAIP,6.0974910849371434e-05
COLQ,6.097221545686896e-05
NFIC,6.0963701432249996e-05
USMG5,6.0939907236210826e-05
TAL2,6.093171278967953e-05
ZFP2,6.092725447992641e-05
RFX6,6.0917883061082184e-05
BRDT,6.0908071591219335e-05
MAS1L,6.0898242014553084e-05
MRGPRX3,6.0898242014553084e-05
MRGPRF,6.0898242014553084e-05
COL25A1,6.089028446797986e-05
FSIP1,6.086729461742966e-05
C1QTNF7,6.086545134512239e-05
NEK5,6.086545134512239e-05
KLF9,6.085175855933676e-05
FAM13A,6.084192765565248e-05
TAF13,6.082909585568934e-05
CCNJL,6.080886599877176e-05
UBASH3B,6.079285516249328e-05
KIF3C,6.0763911006436305e-05
P2RY4,6.073144211835516e-05
RASSF9,6.071054966539538e-05
CCDC67,6.059785232557275e-05
CEACAM16,6.058059632235412e-05
SLC5A5,6.055669758379999e-05
CBR3,6.055572566408173e-05
DHTKD1,6.054064832455243e-05
BACH1,6.0530291427685774e-05
HEPHL1,6.050642204378819e-05
SLC16A1,6.048726611000438e-05
LTF,6.048644691002632e-05
RPA4,6.0478612104040074e-05
IQCE,6.047746338573154e-05
SAR1B,6.047126686551142e-05
CCNDBP1,6.046660319972964e-05
FAM90A1,6.046653752953145e-05
MSI2,6.046633074050055e-05
RSF1,6.046495368347316e-05
ABI3,6.0458989400135764e-05
RRAD,6.045277305775618e-05
CCDC60,6.044378969390492e-05
TNRC18,6.0443111568288385e-05
PDE4DIP,6.042827838512227e-05
B9D1,6.0408835519758274e-05
MPZ,6.038812700340118e-05
ARSG,6.0380857418658576e-05
CHST2,6.036648002401408e-05
POLB,6.0356594559758844e-05
ELMOD2,6.03285562728947e-05
GTF2H3,6.0291385675100935e-05
ASPN,6.02808104430054e-05
KCNN1,6.027652468298786e-05
MTCP1,6.027299348584106e-05
SPRR2E,6.024437518489917e-05
SPRR2D,6.024437518489917e-05
CSN3,6.023934572285687e-05
FAM135B,6.0239073101842834e-05
ST8SIA5,6.0237548860394674e-05
NQO1,6.0218917217890695e-05
AASS,6.021718825232387e-05
PHKA1,6.018554686388963e-05
PHF10,6.018142382670677e-05
PRR19,6.016794638465432e-05
PLAC8L1,6.015968837127583e-05
LILRB5,6.015955723178681e-05
SOBP,6.013845600469354e-05
C2CD2L,6.011987943674265e-05
SNRNP35,6.010089046451241e-05
NDRG2,6.0052194258389255e-05
AMD1,6.0045051522368036e-05
IL5RA,6.00311298737968e-05
SLC29A4,6.001803908710939e-05
GABRQ,6.0012365300583694e-05
HLTF,5.999273273747149e-05
SLCO2A1,5.998826540032892e-05
HES6,5.9978770586883014e-05
CCDC64,5.996869028411402e-05
NAV1,5.996621848862602e-05
LIMS2,5.9952310454235356e-05
SPESP1,5.994989539659722e-05
MAGI3,5.994539931217571e-05
SOX7,5.994114261334685e-05
MFI2,5.9914845228970584e-05
GALT,5.986976062470018e-05
OPRD1,5.9860325790660426e-05
HTR1B,5.986030540316943e-05
TMEM141,5.9834972347203944e-05
SEC23B,5.9780642381769584e-05
HEPH,5.9777139090965044e-05
TTC36,5.977043824212201e-05
PASK,5.9728848137560835e-05
CELF2,5.966013972685092e-05
CLN8,5.9652519239076456e-05
ARSA,5.963368926592002e-05
CWH43,5.961537177432724e-05
DENND2C,5.9611422637063946e-05
DENND2A,5.9611422637063946e-05
WDR27,5.960792203279844e-05
MMP15,5.959081790705056e-05
PIGQ,5.9584185180692826e-05
BICC1,5.957663607008029e-05
TSPAN5,5.957616281345213e-05
DPM2,5.954910770329945e-05
MBNL1,5.952380486634544e-05
PPP1R3D,5.948741897383074e-05
IGLON5,5.948474400639006e-05
CLEC5A,5.948418201903205e-05
LMOD2,5.946386177925237e-05
INHA,5.946303667134048e-05
PHOSPHO2,5.944465334394487e-05
SYT16,5.9426120979946e-05
TSPAN32,5.940858032799129e-05
ERO1L,5.937780962601802e-05
CLDN9,5.937189638471387e-05
SLC39A14,5.936754765490865e-05
QRFP,5.9351073196190125e-05
CHD7,5.933952484869523e-05
SLC13A2,5.93246339460792e-05
OPRK1,5.932453523562278e-05
ATHL1,5.931886204285052e-05
PYDC1,5.930611264164793e-05
MRPL41,5.9303073505871255e-05
PNPO,5.927433494776428e-05
PCGF5,5.9236411687480804e-05
DAB2IP,5.923282705068011e-05
ALDH16A1,5.92318435634275e-05
CEBPE,5.922732957759223e-05
ARSK,5.9225367974054706e-05
TAF9B,5.9188184424393966e-05
ADARB2,5.9180380993705645e-05
PPARGC1B,5.917576139289978e-05
IL17RB,5.9165694765348334e-05
CTSA,5.9148443294471514e-05
SCAND1,5.9147255114436474e-05
FGD1,5.912191640003846e-05
PRPS2,5.912182381388138e-05
HOXA2,5.9104908222620654e-05
MRAP,5.909471484367857e-05
CCDC85B,5.908865420741013e-05
MRVI1,5.906822986136807e-05
NNT,5.9059841434781035e-05
ACYP2,5.905198777449924e-05
SLC30A1,5.9042412906334986e-05
GALR1,5.902746828624617e-05
CGN,5.8996244603886275e-05
IL32,5.8992032703474986e-05
RAET1L,5.89892445865852e-05
IGSF1,5.8989193732560695e-05
FBXO10,5.89680819420224e-05
DSC3,5.896382811344736e-05
ARID5B,5.895890009581628e-05
GOLGA4,5.895847403685404e-05
CYTL1,5.8947711134056145e-05
GCNT7,5.894536793512806e-05
PDK4,5.894034285108065e-05
ZC3H3,5.893167421068563e-05
KCNIP3,5.8927418600129365e-05
CLDN1,5.889807460876525e-05
SMCR8,5.8892420383469224e-05
HS3ST1,5.888709002261045e-05
NXPH1,5.8884021439287324e-05
OMG,5.888120137120679e-05
IL1RAPL2,5.886841048281317e-05
DECR1,5.8859930682490696e-05
HTR1D,5.884402370581291e-05
KIR3DL2,5.884248986835066e-05
PDE4C,5.883453542857388e-05
GPM6A,5.881471505925721e-05
NCLN,5.8805400468195474e-05
CYGB,5.88015389341775e-05
CPEB3,5.8796842433703645e-05
GAS7,5.87860690789963e-05
FAM188B,5.875878122959598e-05
ITPKB,5.874393688503919e-05
PODXL,5.872470550213694e-05
CTHRC1,5.870375306514275e-05
LIMS3,5.868937158973235e-05
TRAF4,5.868727268265827e-05
RILPL2,5.86667873064237e-05
ATXN1L,5.865281641895286e-05
TRIM23,5.861812021153699e-05
MTRR,5.8607716850109095e-05
MAL,5.8599912424459656e-05
FYCO1,5.859470958680695e-05
PIH1D2,5.859416459379189e-05
IL20,5.857516867385252e-05
TRAK1,5.856459574431304e-05
PSTPIP1,5.8561753412673975e-05
IL1RL1,5.855885049130145e-05
ST6GALNAC2,5.855815866774279e-05
CHSY1,5.8555115850431764e-05
ZNF397,5.855261338607481e-05
PIGT,5.853791891971107e-05
HSPB6,5.851527451421023e-05
TCTN1,5.849839989450579e-05
TSHZ2,5.849772752075811e-05
ASB12,5.8426493616790406e-05
RLTPR,5.84264324911395e-05
SPHKAP,5.8419869457813835e-05
CCL13,5.8405428006146876e-05
HNMT,5.832218815410615e-05
SOAT1,5.83198871286463e-05
ADORA2A,5.8319710348798976e-05
TIMM44,5.8318335119496944e-05
KANK2,5.831199515243795e-05
PGPEP1L,5.831012381316112e-05
LIMS1,5.827218507685134e-05
LIMA1,5.8266594253207895e-05
VAX1,5.8265597113411245e-05
FAM180A,5.824503775009383e-05
RBKS,5.824469821899258e-05
LUZP2,5.824462838823265e-05
HLA-DMA,5.8215475981226416e-05
CNKSR2,5.819733956721286e-05
XIRP1,5.818665941414734e-05
MLLT6,5.8166014702591234e-05
NADSYN1,5.81595293341161e-05
DIRAS1,5.811814032789399e-05
PDK2,5.811544566200011e-05
ABCC6,5.8108444103826745e-05
P2RY1,5.810590901530339e-05
ANGPTL3,5.8104843622605683e-05
DNAJB5,5.80955432025939e-05
OAZ3,5.808820283457329e-05
S1PR2,5.8076904333401645e-05
RGP1,5.805434467571178e-05
RNASE7,5.803302784247026e-05
MCC,5.801505260623388e-05
SCUBE2,5.8013994733067355e-05
CAMK1,5.80085829921829e-05
PPP1R1A,5.8003452490275806e-05
LRP12,5.7992563142907967e-05
USP6,5.798818438305528e-05
GYLTL1B,5.797202711745141e-05
VGLL3,5.797045264580824e-05
EGLN1,5.793632492184869e-05
SCUBE1,5.7895723983421527e-05
MSLN,5.789142322019277e-05
NPEPL1,5.7887382934621495e-05
ANKRD35,5.7884445245419625e-05
MT1M,5.7874148581195194e-05
RNF24,5.7868048025634524e-05
CORO1A,5.786236573392369e-05
ONECUT2,5.7857810830632425e-05
SLC45A1,5.7848077215838005e-05
LIN28B,5.7837464011181646e-05
GJA4,5.781803901645657e-05
HOXC11,5.779899081588605e-05
SH2D3C,5.7767027383661396e-05
UTS2R,5.7761943645286244e-05
DENND5B,5.7750208870775006e-05
SRPK3,5.7743301745249575e-05
AKAP10,5.77416543570331e-05
MTHFD2L,5.773835940664489e-05
OTOA,5.7730612290777024e-05
IFI30,5.7705728933762516e-05
TSPO,5.768438095630621e-05
PTPN3,5.767889567349594e-05
CDHR2,5.7627025153131784e-05
ERAP1,5.75843260074746e-05
MRPS34,5.7581705397219406e-05
STOM,5.757554260372973e-05
ARHGEF4,5.7560070710680656e-05
CCDC14,5.7523992559125586e-05
ABCC2,5.7523433011841584e-05
GPR158,5.751954554107598e-05
SYNJ2BP,5.750359199437304e-05
ZNF516,5.750350140014194e-05
TLCD1,5.750225754323817e-05
FBXL19,5.749497939940706e-05
ARL16,5.749381368340179e-05
SAMD8,5.748487822390188e-05
RBP5,5.747696733546892e-05
HSD17B13,5.747541474810446e-05
PAK1IP1,5.74375415034053e-05
IL13RA1,5.742574875010404e-05
TCERG1L,5.7387906179290146e-05
PARP12,5.7384112403403274e-05
KPTN,5.7380560592039596e-05
C12orf66,5.7380560592039596e-05
MAN2A2,5.735901634439936e-05
LAPTM4B,5.733096414270633e-05
FAM3B,5.7320002524452015e-05
ERG,5.7319280275548875e-05
XKRX,5.731494454536137e-05
PABPC5,5.731005462165055e-05
ROMO1,5.7300047081850066e-05
RNF125,5.7288717612948134e-05
SNX16,5.728023670352166e-05
KCNG1,5.727853231443703e-05
SIGLEC15,5.7194590252568456e-05
TLR6,5.719105671828583e-05
MARCH10,5.7189121280767205e-05
MYLIP,5.7178652887500736e-05
GPR133,5.71699306513082e-05
FRMPD2,5.716897098872151e-05
GBP5,5.716851835013181e-05
PRIMA1,5.7154764738220796e-05
EPGN,5.7132141823133425e-05
NEURL1B,5.706975218546735e-05
TEX14,5.704784453285555e-05
AIFM3,5.703925123245866e-05
PTDSS2,5.700314337526474e-05
DSG2,5.6999445559287884e-05
MDS2,5.6983977355053917e-05
ANTXR2,5.698204959006952e-05
TMEM17,5.695660190539513e-05
GPR143,5.6955665272863714e-05
FNDC5,5.693746431667215e-05
TDRD5,5.692238380801235e-05
GSDMD,5.692066712356311e-05
ATG2B,5.690058484808505e-05
ATP6V0A4,5.687669050556418e-05
ARF5,5.686897085446429e-05
DNAH12,5.68378627016994e-05
ANGPTL2,5.6800980783671385e-05
LGALS8,5.679486981037079e-05
PTGER2,5.678537862420889e-05
SPINK1,5.6783782154761994e-05
TSPAN31,5.676994964175325e-05
PEBP4,5.673679906225585e-05
SH3PXD2A,5.6720586068340626e-05
CA3,5.664590026236452e-05
PHKG1,5.664556827179984e-05
INTS4,5.6640077490411176e-05
TBC1D9,5.660291273822064e-05
NUDT6,5.659845269682719e-05
ZFYVE9,5.6588716670890135e-05
CPEB4,5.658087560272114e-05
ASB14,5.6577220216274114e-05
GLYATL1,5.6576247968758654e-05
GPRASP2,5.657147556587791e-05
LRRC32,5.6566348817609596e-05
CCDC74B,5.654724650010757e-05
ARL2,5.653671753981219e-05
CDH4,5.653389948797211e-05
SYTL5,5.650377520004536e-05
SPAG9,5.649987846543879e-05
PTGR2,5.6499793597907145e-05
SYT6,5.649696865435694e-05
DGKB,5.649563034568044e-05
MARCH4,5.648115008192729e-05
EDEM1,5.644786568618738e-05
NXNL2,5.644571413272055e-05
LCN12,5.644394721666748e-05
RHBDL2,5.643910013452492e-05
CKAP4,5.6431969062369285e-05
MYO19,5.642012564255023e-05
CSMD3,5.64190848559268e-05
KCNH6,5.641187976877935e-05
CYS1,5.640614687582215e-05
CHI3L2,5.639659252858545e-05
GPR37L1,5.639659252858545e-05
GALM,5.637476047411808e-05
DPF3,5.6350080043859996e-05
MATN3,5.633345095204132e-05
SPAG1,5.631244892025617e-05
SRR,5.6310653190587727e-05
S100P,5.631065212800736e-05
PPBP,5.627250652701723e-05
TRIM34,5.6211918954012055e-05
EDEM3,5.6181785538817347e-05
FCAMR,5.61518930513152e-05
BEND7,5.613528086969887e-05
SASH3,5.6123323498555375e-05
UNC13C,5.611531318576038e-05
ZFYVE28,5.610784790489618e-05
SLC10A4,5.60986152719905e-05
PMFBP1,5.6095383638175986e-05
RBM38,5.607546155463546e-05
LOC93432,5.6070897516116776e-05
SIAH2,5.607048639669614e-05
CPZ,5.606616716698295e-05
FETUB,5.604878701329548e-05
SCNM1,5.603656736065374e-05
GDF3,5.602948756681412e-05
HHIP,5.6023663555864764e-05
CDR1,5.601276989915458e-05
CLDN3,5.59786591030828e-05
INA,5.595786257225877e-05
SNRK,5.5955916308226915e-05
RANBP17,5.595567944085567e-05
SECTM1,5.5951998311574724e-05
DSE,5.594877632092194e-05
FGFBP2,5.593010554157637e-05
CCL23,5.59278534351033e-05
NXT2,5.591598457764446e-05
OOEP,5.588921355765418e-05
GFPT2,5.587777100740764e-05
PUF60,5.587755423964593e-05
AMDHD1,5.585012664207386e-05
TNFRSF21,5.584048166336452e-05
OTUB2,5.583814929766037e-05
BOLA3,5.583536204585304e-05
ASAP2,5.583380561809633e-05
NNMT,5.5816769193545395e-05
CHD1,5.581439194374606e-05
HLA-DMB,5.58117909979284e-05
MACROD2,5.5797039693828825e-05
ZNF710,5.5791071291707314e-05
SH2D1A,5.577868792448521e-05
BARX1,5.5777089927454045e-05
SLC26A9,5.577691048886374e-05
ELF3,5.577369653698034e-05
TMEM54,5.577264721913206e-05
CNTN3,5.576956208055864e-05
UBE2E2,5.5731447255738066e-05
VPREB3,5.5718577248173006e-05
IDUA,5.570838049384323e-05
RAB32,5.5697974830616713e-05
CSTL1,5.569532971506899e-05
MFSD4,5.568230759293177e-05
CCRL2,5.567429153360938e-05
ABCA7,5.56029399132057e-05
FGL1,5.559966871817061e-05
ITPKC,5.5583993896916116e-05
HIRIP3,5.556276007866738e-05
MICALL1,5.554972016787106e-05
TRPM2,5.552180701338554e-05
RHOBTB2,5.551775549245594e-05
HOXA4,5.5500420561980675e-05
CPD,5.548796483170084e-05
HSD11B2,5.5471829519717555e-05
CABLES2,5.546379112444993e-05
NSMCE2,5.5452904079649425e-05
ANKLE1,5.5448689732107015e-05
KIRREL2,5.5441793975213836e-05
CLSTN2,5.542721124873089e-05
PAM,5.542185824270884e-05
CLPP,5.5415654458626646e-05
ENPP2,5.541465061392051e-05
RHOT2,5.5395929872776856e-05
CCDC113,5.537050138340337e-05
CXCL6,5.5367371263878703e-05
PALM2,5.534580184827101e-05
SEPT11,5.5330586519101137e-05
SEPT8,5.5330586519101137e-05
SIGLEC1,5.53275248982377e-05
LEFTY1,5.530077509240775e-05
DOC2B,5.529871412086197e-05
TSTA3,5.5297912871548775e-05
CD59,5.5284652207324546e-05
SLAMF6,5.527390035430996e-05
MIA2,5.526720021337581e-05
SIAE,5.524609046984746e-05
TTYH2,5.524161459208315e-05
EMX2,5.5217680812669e-05
TMEM9,5.5208117110738456e-05
SERPINB2,5.520282729911755e-05
CAPN6,5.520231565079018e-05
CAPN13,5.520231565079018e-05
CAPN11,5.520231565079018e-05
SLC39A5,5.517899979274229e-05
CLIC6,5.517774485065233e-05
KIFC2,5.516299029871564e-05
TIGD5,5.513346904467518e-05
FIG4,5.5124316311172875e-05
DGKH,5.5113639151293976e-05
MKL2,5.5113012272354817e-05
KDM1B,5.510318699739655e-05
KBTBD3,5.509532454816024e-05
GADD45G,5.508041509724831e-05
FAM19A4,5.506685352746265e-05
SPRED3,5.503546350385582e-05
KCTD19,5.502728827552487e-05
AZGP1,5.499679835568031e-05
AKR7A3,5.49841519849936e-05
ARMC3,5.495570761330286e-05
RPS6KA6,5.494906864064713e-05
MYBL1,5.4940050281756514e-05
PCBD1,5.492285904310721e-05
TSC22D1,5.4921168869180356e-05
HSD11B1L,5.489992344614986e-05
STAC2,5.488491558489188e-05
GALNT14,5.487887056647448e-05
KIF24,5.487576193648059e-05
DDR2,5.485090620881864e-05
ZBTB7C,5.48315928332793e-05
SSBP4,5.4783671377470186e-05
DMC1,5.478159051475698e-05
HOXA11,5.477193310946381e-05
P2RY8,5.476073913730317e-05
BEND3,5.4759723046254456e-05
FGF14,5.475902389817465e-05
PPM1L,5.4757243767471463e-05
SORCS2,5.471745123128158e-05
FAT3,5.469635483233571e-05
CXXC5,5.469485353999021e-05
RNF213,5.463812829814709e-05
JAKMIP1,5.4633877975466895e-05
GPR156,5.4633877975466895e-05
FCGBP,5.462412431598362e-05
ROM1,5.462197957982269e-05
WISP2,5.461645457973568e-05
INS-IGF2,5.4598102732233807e-05
SHISA4,5.459688845857404e-05
NR4A3,5.4590114879224776e-05
PRPH,5.4589747238886587e-05
LRP2BP,5.458892112491795e-05
LGALS9,5.457796648453089e-05
C12orf5,5.457796294152102e-05
C1orf86,5.4574487193970974e-05
ZFP36L2,5.457013394939723e-05
CALU,5.456893069024975e-05
RASAL1,5.455786445554653e-05
SPNS2,5.454514729072812e-05
TCF15,5.45401197602801e-05
TNFRSF25,5.450934921668876e-05
TMSB10,5.449000205390427e-05
IGSF9B,5.4487971906322995e-05
IRX4,5.4485132629763215e-05
SBK1,5.4463347159192964e-05
TMEM200B,5.446258937790437e-05
PPEF1,5.445825160933314e-05
IGDCC3,5.4409278943470116e-05
S1PR3,5.4402915165698504e-05
RFXANK,5.4390130341393975e-05
MYO1F,5.4383019583640595e-05
MRPL54,5.436223449896264e-05
MAGEC1,5.435982335744913e-05
TMEM97,5.435219644982146e-05
ZBTB20,5.434611718699407e-05
HIC1,5.43428415316461e-05
OLFML3,5.430459260544642e-05
SRPK1,5.429074134446612e-05
ACTR3B,5.428134030481702e-05
HRASLS5,5.427986969668503e-05
SMYD3,5.423805721198745e-05
GOLIM4,5.4237340161772484e-05
AURKAIP1,5.422871427407233e-05
HOXD9,5.421201259592909e-05
ARL4A,5.41963988652265e-05
HOXC10,5.4175687198881115e-05
LRRC45,5.416551775848782e-05
GYPE,5.416466065821409e-05
ZNF703,5.414034133940209e-05
SEL1L2,5.412311137476416e-05
MUM1L1,5.411353942985483e-05
GDAP1L1,5.4107500273963215e-05
KLRF1,5.4095908237859943e-05
CD1E,5.407565536957898e-05
CST9,5.406651339527423e-05
BZW2,5.406412241673885e-05
HDDC3,5.406283352328959e-05
GATSL2,5.40604801397778e-05
FCRL4,5.404769075096576e-05
N6AMT1,5.400391479905293e-05
RAPGEF6,5.397618358864012e-05
PDX1,5.397032411677886e-05
ISYNA1,5.396579539476854e-05
SLC25A22,5.3961229372903464e-05
CCDC62,5.395553923273099e-05
RBP3,5.3950005020376655e-05
ABHD1,5.394518040445025e-05
MARCKSL1,5.390954139931934e-05
BTLA,5.388151593571204e-05
MAN1A2,5.3862618532671384e-05
DRD4,5.385491142953808e-05
CHPF,5.385184462366718e-05
HOXA1,5.384586847751792e-05
HIPK4,5.3839740057351024e-05
PARD6G,5.38275925189858e-05
NOP16,5.3816323907312756e-05
CXCL16,5.3777829136980404e-05
DNMBP,5.376782018457072e-05
ABCB4,5.37541512718743e-05
AFAP1L2,5.3738113141089657e-05
SLC7A2,5.3718579847876585e-05
SLC7A3,5.3718579847876585e-05
FAM81B,5.368396941183345e-05
OPHN1,5.367831433537468e-05
TMEM204,5.3676645682213465e-05
GTF2H2,5.3673064806086474e-05
BNC2,5.363347152961304e-05
CLDN4,5.36033360760738e-05
KIDINS220,5.3573824508481574e-05
MATK,5.354109796410473e-05
USP13,5.3512337264409995e-05
HEPACAM,5.348766740028708e-05
HTATIP2,5.34843908477218e-05
PTP4A3,5.3449738692026136e-05
CCL24,5.3447091456358686e-05
CARTPT,5.343340785199226e-05
LY86,5.343172912789693e-05
MAL2,5.3411251016333134e-05
FNIP1,5.340575061962872e-05
SFT2D2,5.340040661516424e-05
SYT5,5.336574107830581e-05
RIN1,5.336426082285451e-05
TNFSF14,5.333266909037083e-05
TOP1MT,5.332505181435441e-05
CA5B,5.3281077951262694e-05
PRR11,5.3280605768924786e-05
SLC38A1,5.326713838628379e-05
NLRP7,5.32325616756525e-05
TPCN1,5.320498757198823e-05
MYOT,5.316167254654231e-05
SLC24A2,5.314660327291521e-05
MCCD1,5.310591582730309e-05
STARD13,5.306662397690633e-05
U2AF1L4,5.305876729794356e-05
DNAJA4,5.304174661547719e-05
CDH6,5.3033768965686386e-05
CELF4,5.3027448100010736e-05
GPR146,5.301078873932796e-05
PRPS1,5.300526698967546e-05
IL16,5.300154931066363e-05
POPDC2,5.2988716353263575e-05
CD93,5.297677727788963e-05
SRRM3,5.297618912591209e-05
IRX2,5.295624977148735e-05
ZSCAN20,5.295593340420642e-05
ARX,5.294479730810347e-05
RGN,5.293843325817849e-05
GZMH,5.2932244662865475e-05
NOVA2,5.2919048389484415e-05
SARS2,5.291357342332164e-05
CCDC28B,5.286680976715787e-05
LSM1,5.285132535949472e-05
EGLN2,5.2829979831565445e-05
PCDH8,5.2829694070391565e-05
PCDH18,5.2829694070391565e-05
SHD,5.279875722264706e-05
SPATA18,5.2785491153412e-05
DLX3,5.277821164789372e-05
PYCR2,5.276628925498089e-05
ECE2,5.274799796248708e-05
STARD8,5.274520032490495e-05
ERMN,5.2736564291542216e-05
SPAG16,5.272409708376231e-05
SALL2,5.2723806505551026e-05
ITGBL1,5.2717203703902606e-05
SNX22,5.270315186228607e-05
LRRC18,5.270315186228607e-05
ARHGAP6,5.269547220963383e-05
S100A6,5.268700298920705e-05
ZNF177,5.266512276272026e-05
SERPINA6,5.259925472240322e-05
PRSS8,5.259086474239044e-05
SLC25A39,5.25877449257169e-05
CD200,5.257931954710369e-05
VWCE,5.25682257501839e-05
NPY2R,5.255597168847701e-05
CORO2B,5.254645029362584e-05
HLA-DOA,5.254324931131551e-05
PALLD,5.254138364236903e-05
CEP170,5.2528062766130884e-05
NUDCD1,5.2510045963714914e-05
EGFL8,5.249694428293982e-05
DEPDC7,5.246099443517848e-05
THTPA,5.245196753260903e-05
ALDH1L2,5.245025950739208e-05
PARP9,5.243193553388248e-05
SPG20,5.2430906755970484e-05
CDH18,5.2427650514533494e-05
CMTM5,5.242746384303362e-05
SLC17A8,5.2425173701594985e-05
SLC38A7,5.239786918616017e-05
KIF13A,5.2397088751372455e-05
NACC1,5.2370347091304125e-05
KIF2A,5.236720392048328e-05
CMTM7,5.2340943235553e-05
NAT14,5.2338419970958576e-05
SAMD9,5.2292411795314665e-05
CENPP,5.2280008735795135e-05
CENPQ,5.2280008735795135e-05
ESRP2,5.227057828063605e-05
CKMT1A,5.225392887183376e-05
PAK6,5.224890662704567e-05
AQP3,5.224555045783567e-05
FAM65B,5.221736448588788e-05
CDK15,5.218518016056775e-05
LIMD2,5.211217213644471e-05
SULT1C4,5.211156518949776e-05
SEMA3F,5.209583193703616e-05
KIAA1467,5.209418945206464e-05
ACSM5,5.209403776935253e-05
CCDC136,5.205502283220292e-05
RAB30,5.203198672968113e-05
KREMEN1,5.1991942882076084e-05
DYNLT3,5.198929379637121e-05
MDGA1,5.1987285506671164e-05
SSR4,5.1976895012593e-05
CHST15,5.195267353038437e-05
BHLHE22,5.194429885353778e-05
FUK,5.1906067206992895e-05
ADAM8,5.190279915315789e-05
MNDA,5.1885898025182376e-05
AJAP1,5.188146692886596e-05
MLC1,5.184576383716657e-05
CPPED1,5.1809546961558814e-05
GPNMB,5.180577058501704e-05
ST6GALNAC6,5.1788381905249876e-05
TBX15,5.178605035400887e-05
NPAS3,5.176279123617447e-05
SLCO2B1,5.170811502955704e-05
ROR1,5.1704069131752445e-05
BAZ2B,5.1701574284163706e-05
JPH1,5.168139551159515e-05
SOX21,5.167407935683119e-05
CKMT1B,5.1670669480437604e-05
PLIN4,5.1660042249930574e-05
NVL,5.1651848821788306e-05
IL24,5.1639732456531935e-05
SLC2A14,5.163266087008787e-05
OR1F1,5.163031181209265e-05
UBXN8,5.162917378635456e-05
EPM2A,5.162634431109231e-05
PTGES2,5.155024425534269e-05
SDR39U1,5.154095447893741e-05
ALKBH6,5.153228671116878e-05
SAMD10,5.150063736183528e-05
ARL10,5.1493563532038006e-05
SOCS6,5.1492364232120004e-05
MICALCL,5.148860924573974e-05
CSGALNACT1,5.1477691057810594e-05
RNASE1,5.146673241972168e-05
HAL,5.1458406011787024e-05
SEPT10,5.145255597769492e-05
GDA,5.141780051375484e-05
PNKP,5.1408442513820664e-05
TRIL,5.140363011153025e-05
MURC,5.137123099444939e-05
CEP192,5.135944373958613e-05
SLC27A6,5.135566784624092e-05
TRIM47,5.1344506058583535e-05
BCAT2,5.1327944270885176e-05
CHIT1,5.13228854644544e-05
ALKBH7,5.131767485040392e-05
TEX9,5.13089233387882e-05
TAF1L,5.129454949706767e-05
PDLIM1,5.1286309864701934e-05
SLC35C1,5.1282504656307155e-05
RAG1,5.1281106074764206e-05
CCT6B,5.124759672052685e-05
TSPAN1,5.12200863406422e-05
TCTE1,5.1181813884381206e-05
INPP1,5.118139147841137e-05
SNX21,5.11653839062939e-05
RAB40AL,5.115744513629792e-05
AP1M2,5.115444232729674e-05
TDRD10,5.1141878950852934e-05
CRIP1,5.113918479301063e-05
TTC7B,5.1135669088583974e-05
B3GNT8,5.1097031081388916e-05
B3GNT9,5.1097031081388916e-05
ARHGEF10,5.108841723992719e-05
IL19,5.107411351337877e-05
STT3B,5.1046329213691815e-05
KLHL31,5.104403988931695e-05
SSX2IP,5.1038062175105174e-05
CSRNP1,5.103674825737976e-05
HDAC11,5.102994193707427e-05
ATP7A,5.101588180368975e-05
TGM3,5.099384757674465e-05
DUSP8,5.0983739920226986e-05
CCDC47,5.098037393239771e-05
BMP8B,5.097796880154004e-05
ARID5A,5.095945289806721e-05
PPAN-P2RY11,5.0952783223449736e-05
RCAN1,5.093260574422822e-05
BEST3,5.0923002298694465e-05
EXD1,5.090715341068492e-05
FBXL5,5.0864736973668804e-05
FAM46D,5.086088356166078e-05
PDCD5,5.084609236473161e-05
RFX2,5.083094928503678e-05
FMO1,5.081711304252316e-05
FMO2,5.081711304252316e-05
CDK18,5.081492330553202e-05
MS4A7,5.079618365308649e-05
ACAD8,5.0748774876709214e-05
CAMK2N2,5.074868770333467e-05
GNE,5.073965376877575e-05
PSRC1,5.073840739832105e-05
ZNF208,5.0729722845226324e-05
YTHDC2,5.071178300715888e-05
NUAK1,5.070827496419414e-05
PGAP3,5.070683655211323e-05
ZDHHC15,5.0704578696456194e-05
UBXN10,5.068587441607374e-05
FKTN,5.0636585453187734e-05
BIRC6,5.062705035288139e-05
TFPI2,5.06207561003653e-05
CORT,5.061799321344324e-05
GPR87,5.061370298291699e-05
MAP3K15,5.060710548739019e-05
MYF6,5.058050144271257e-05
FERMT3,5.056696024446613e-05
TCTN2,5.05595120996168e-05
PITPNM1,5.055901028918454e-05
SERINC5,5.055229818497873e-05
ZBTB32,5.055213601410856e-05
NEXN,5.0542268498992034e-05
C11orf21,5.053496097106979e-05
PDIA2,5.048002363271274e-05
CHDH,5.0465748982824985e-05
GJC3,5.045323258394218e-05
KCTD12,5.040211755924111e-05
SERPINA10,5.039566838482433e-05
DPY19L2,5.0365481286837305e-05
SULF1,5.035624220353519e-05
GDF6,5.0353348669713805e-05
SCGB3A1,5.031518733807172e-05
BOLA2,5.031099793674352e-05
SIDT1,5.029953049389458e-05
NR1I3,5.027890447622368e-05
NAGS,5.027251187487342e-05
CYB5R2,5.026886888436625e-05
FOXI1,5.0201974245428515e-05
SLC4A8,5.0201974245428515e-05
TRIM46,5.0195747470854326e-05
S100A7A,5.018295053198922e-05
NOXA1,5.018198985974738e-05
ZNF597,5.017487166788241e-05
ZDHHC2,5.017352335604019e-05
RELT,5.014839980486695e-05
BTG1,5.0086174597393165e-05
RCAN2,5.0050471973627603e-05
MRPL55,5.0033128343568914e-05
GPRIN1,5.002369667211396e-05
ZHX2,5.001803779551071e-05
TMPRSS13,5.0013141345449834e-05
USP53,5.000326657667535e-05
ALKBH2,4.9984792987049514e-05
BCL6B,4.997879071451437e-05
DIRAS3,4.9964458163743006e-05
CHAD,4.994860248279544e-05
NHLH2,4.9945229646031666e-05
FCGR1B,4.992134997184115e-05
PTPLAD1,4.9920852746530144e-05
BCAR3,4.991985932343923e-05
TP53AIP1,4.989105816234822e-05
TLX1NB,4.986576007646281e-05
FAM102B,4.979458412723622e-05
IFITM5,4.979251570596334e-05
HAUS1,4.9781346305342194e-05
UAP1,4.97728361777829e-05
THAP7,4.9763375665129454e-05
MRPL53,4.9735163614665596e-05
FSTL5,4.973047852470545e-05
WIPF2,4.9728353223701816e-05
ZNF274,4.971833275528611e-05
NCKAP1L,4.970811205068672e-05
ACER3,4.9705608115716846e-05
SLC7A10,4.9692357075124614e-05
NMUR2,4.968769596104329e-05
PPP1R12C,4.968432586967621e-05
ELMO3,4.9632169217150026e-05
PTGFR,4.9630416071389206e-05
VSIG2,4.962484479647468e-05
CD244,4.9607289229259935e-05
ALMS1,4.960292736488567e-05
HMBS,4.9596233971370745e-05
GPAA1,4.9550413913114746e-05
CTNNA3,4.954284847655109e-05
HSDL2,4.9542821299730625e-05
UCKL1,4.9540467762249206e-05
SNURF,4.9536546783814686e-05
HBQ1,4.953524547762376e-05
SPIC,4.951808622964632e-05
SCARA5,4.949224104961842e-05
HS6ST2,4.94314725466279e-05
CHKA,4.940780832658989e-05
CDH22,4.9407093190541584e-05
MPP7,4.9403010870419705e-05
CEACAM6,4.939924187210874e-05
NETO2,4.939045495022654e-05
STX19,4.9388191273717516e-05
TRAPPC6A,4.937061664536591e-05
CD48,4.93679278102178e-05
CNTNAP3,4.931797735049298e-05
MMP25,4.930442098595891e-05
SLC9A9,4.929626847080544e-05
MTX1,4.929486012643194e-05
GAL3ST1,4.9292578002918336e-05
ABHD11,4.928382260579797e-05
ARHGAP24,4.928334458213965e-05
RGL2,4.92813263073812e-05
PAPSS2,4.926333858323383e-05
FDXR,4.92198989723918e-05
DSCAML1,4.920573799903487e-05
PCYT2,4.9205615425174906e-05
SATB2,4.9201319638235746e-05
PTX3,4.919502978532719e-05
RAB23,4.9180199478551366e-05
RGL3,4.916540362840742e-05
FOXRED2,4.915315281414431e-05
ARFGAP3,4.914009759999237e-05
C1QTNF2,4.913391629354015e-05
FBXO32,4.910586724961802e-05
H2AFY2,4.908580496966128e-05
AQP10,4.90724378784574e-05
ADAM33,4.90693960253968e-05
RIMKLB,4.906129863480168e-05
CHCHD10,4.905851963234444e-05
C5AR1,4.9031417790226994e-05
BCORL1,4.9015215633450295e-05
PREX2,4.90131567522999e-05
PATZ1,4.9011929189915476e-05
CD53,4.9002589997500314e-05
RAB17,4.899550573761031e-05
TRAPPC9,4.899226369369123e-05
DEFB132,4.8988088088817144e-05
DOCK11,4.8976868819319975e-05
CASC3,4.896383234159988e-05
OSMR,4.8957947122916796e-05
FOXQ1,4.893514756485874e-05
COL8A1,4.8928391275009574e-05
RNASE4,4.892215458024169e-05
SSTR3,4.889811778028836e-05
STON1,4.889594656315859e-05
FAM184B,4.8884204599693756e-05
GPR182,4.887986123505975e-05
EEPD1,4.886062767817811e-05
PPM1E,4.8856132702082566e-05
TAX1BP3,4.8846801308903616e-05
AGBL4,4.8839787131487835e-05
TREX2,4.879710484173928e-05
WDR76,4.879468340966944e-05
CXXC4,4.8778255464813135e-05
ACBD7,4.87771738501319e-05
PFDN4,4.8768142118765776e-05
PRR5,4.875282045686362e-05
PHKG2,4.873183837139325e-05
BAIAP2L1,4.8715087458899406e-05
RAB11FIP1,4.870265715941639e-05
LILRB3,4.869479348670558e-05
DCTPP1,4.8682392761929946e-05
FAM96B,4.865493153768225e-05
FKBP14,4.864879231043881e-05
CHN2,4.863617448588115e-05
TRIM72,4.859821753434768e-05
CALN1,4.858992580881911e-05
PRR7,4.858445475678371e-05
FAM26F,4.854212300824515e-05
SLC16A5,4.8511869956592655e-05
CRYM,4.849004659780304e-05
POLR3G,4.848688714868363e-05
RAP2B,4.848570090476821e-05
MEGF6,4.848395686643364e-05
ABI3BP,4.8461285911895487e-05
LITAF,4.8446042923487766e-05
PUS7L,4.843767166242597e-05
CADPS2,4.8437623953734475e-05
POLR3GL,4.843383514709403e-05
EGFL7,4.8363776280260854e-05
MMRN1,4.835504888204421e-05
FRMD7,4.835156580917096e-05
SLC7A7,4.83515214099313e-05
MSC,4.834974278075141e-05
CHST10,4.8324959866351455e-05
BTAF1,4.829807130235123e-05
COL24A1,4.8295359732553395e-05
IMPA1,4.827943037773227e-05
NOL12,4.825593635867395e-05
PIGL,4.8230650889598876e-05
KRT222,4.8215410244148993e-05
EIF4EBP3,4.82055044175324e-05
DUOX1,4.819376922576694e-05
TCP11L2,4.8193412930998034e-05
CD300E,4.818663703490733e-05
PHIP,4.818571326935079e-05
SYT10,4.818374303202409e-05
SYT17,4.817880259085705e-05
MRPL45,4.813569350587136e-05
BIN2,4.813468739816838e-05
RASAL3,4.813094764980568e-05
MARCKS,4.812745824886303e-05
AFF3,4.8120995171643904e-05
IL17RC,4.8117613725033176e-05
WDFY3,4.810359922645542e-05
RGPD3,4.8056415251284207e-05
LPO,4.802083894757545e-05
SLC11A1,4.798497167827905e-05
TMEM44,4.7980144120546346e-05
ZP1,4.796457957647378e-05
STXBP5L,4.796401165578593e-05
TUBGCP4,4.7957766785796054e-05
REPS2,4.795602845520943e-05
CHKB,4.795410559729999e-05
C1QL2,4.7943873866156044e-05
PRR15,4.7931103352764524e-05
GPR160,4.792363435113931e-05
ADAM19,4.7892004997160056e-05
ABCB5,4.7866974673007185e-05
SLITRK6,4.785396402340477e-05
INTS8,4.785149064615137e-05
LZTFL1,4.7840658659092073e-05
EPSTI1,4.780178847253116e-05
AES,4.778770354062148e-05
TNFRSF11A,4.7783390390219805e-05
SLC29A2,4.778041876626988e-05
SERHL2,4.776697580363608e-05
ANKS1B,4.7764410288895684e-05
FNTA,4.775183400161595e-05
NAIP,4.774660146401619e-05
NCAPH2,4.774338174752204e-05
DAAM2,4.773311403532102e-05
NAV3,4.772487034249712e-05
PTPN7,4.771765251441919e-05
SERP2,4.769977932305061e-05
STEAP4,4.769230733064812e-05
MMP23B,4.768984087655907e-05
ANKAR,4.768878613809464e-05
HSD17B11,4.768630791005199e-05
DHRS12,4.768100382637469e-05
DBP,4.766885174060326e-05
FOXD1,4.7666677714890054e-05
THBS3,4.765953996775539e-05
FAM110C,4.76525114602377e-05
CALCOCO2,4.763836510339586e-05
CASP4,4.763809710938608e-05
PXMP2,4.762946507511593e-05
STC2,4.760925876910805e-05
TRIM6,4.7566285941742545e-05
NPM3,4.7565981343498985e-05
KCTD16,4.755430633504897e-05
HOXA13,4.7550384198716885e-05
GRAMD3,4.754361961285653e-05
GLIS1,4.7534904042799655e-05
WIPF3,4.749618627713415e-05
EGR4,4.74803508163291e-05
LPPR2,4.747129954340608e-05
KLK1,4.7469838702099526e-05
KIF1C,4.746081957948242e-05
MYBPH,4.745763523585639e-05
PHLDB3,4.745198442113708e-05
PGA3,4.742842352523319e-05
GPR116,4.742842352523319e-05
MFSD2B,4.742598925189189e-05
ART3,4.7416330872195285e-05
HHIPL2,4.741138008816565e-05
ASIP,4.733082397180732e-05
BVES,4.732599168728816e-05
DACT3,4.725659324647735e-05
GOLGA7,4.725264384277633e-05
FCRLA,4.725023496077907e-05
PRDX5,4.723534755158968e-05
KIAA1328,4.7211966361426257e-05
PQLC1,4.719646890519471e-05
CRYL1,4.7190838642397905e-05
AGTRAP,4.7185539330856874e-05
NRN1,4.7181329170695714e-05
TACO1,4.717353129147462e-05
PRRX1,4.71426052602329e-05
KLF10,4.712578927083029e-05
SEPW1,4.7108490775130615e-05
HCN3,4.710791448562963e-05
FOXL1,4.7099689944864645e-05
PCSK6,4.7097417219351454e-05
MRPS30,4.708645063634922e-05
LCORL,4.7071339065099284e-05
PDZD2,4.7046505225914276e-05
FER1L5,4.696289428133863e-05
CRTAC1,4.6944677612510146e-05
ABHD2,4.693262331616594e-05
CRMP1,4.6928270673037906e-05
SAA2,4.692422408688079e-05
ARHGEF15,4.691935519911341e-05
CRYBB2,4.689839562269447e-05
PRDM12,4.6888197988432536e-05
MAK,4.684840997018043e-05
GCKR,4.682605597949652e-05
NAT2,4.681671536859925e-05
LRRN4CL,4.6795439011230684e-05
CLEC4G,4.679238863479241e-05
FGD3,4.678490106153164e-05
MNS1,4.678220518496805e-05
SIL1,4.674491250920508e-05
PTPLB,4.674248384192225e-05
PTPLAD2,4.674248384192225e-05
CABP7,4.67392007156583e-05
CELSR1,4.672608549733841e-05
GK,4.671235010042956e-05
SEPT1,4.6689238300556317e-05
RAB39B,4.668222004266658e-05
NDST3,4.667960160616085e-05
TBC1D8B,4.6665939402965736e-05
DIAPH2,4.664539723981518e-05
MS4A14,4.6645065868879624e-05
DCAF10,4.66443035687691e-05
ADAM15,4.661889132376715e-05
CYTH4,4.6618420495878304e-05
OSR2,4.65685167739124e-05
CDC42EP4,4.656480994618542e-05
SOCS5,4.654712727413673e-05
SPRR2F,4.6545886169473626e-05
MARS2,4.654373739239896e-05
HS3ST3B1,4.653604964296363e-05
PAPL,4.650448548065758e-05
INHBC,4.6478838509150106e-05
TEPP,4.647296362445767e-05
MYH15,4.6448567642570345e-05
SH3D19,4.6443289673246004e-05
RAB11FIP4,4.64231466573443e-05
NKX6-1,4.641485149293658e-05
LRP1B,4.638314588890512e-05
HEATR4,4.637577893161913e-05
HOXB9,4.635145786104575e-05
GPR17,4.633455827670326e-05
CMBL,4.633092347583631e-05
ANKRD9,4.6320196629544194e-05
CARD16,4.631468688841268e-05
VAX2,4.6313992410820956e-05
PRKCH,4.63124949186621e-05
ABCA6,4.631219875003209e-05
STK38,4.6297693470004945e-05
AIM1L,4.6198351656590126e-05
PNMA5,4.619261114464412e-05
ELOVL4,4.6168176964482506e-05
PFKFB4,4.616270854897304e-05
EGFLAM,4.616250850038028e-05
GRAMD1A,4.616003692275976e-05
RELL2,4.6144197304385284e-05
KLHL34,4.613864582379231e-05
DNAJC5B,4.613570384248467e-05
PAMR1,4.612603575946653e-05
PRRG1,4.6118505438545185e-05
KIAA1715,4.611815852746887e-05
LYPD3,4.60898483436464e-05
HIST1H1C,4.605678819164866e-05
CIRBP,4.605658894634362e-05
ETV7,4.601080382042714e-05
CREBL2,4.601080382042714e-05
PARP10,4.600320395566042e-05
ART5,4.599051944079102e-05
PPP4R2,4.598249683952921e-05
RANGRF,4.5953144819436606e-05
CCKAR,4.594030669769744e-05
SRGAP1,4.593175602813558e-05
GNPTAB,4.5921697194814e-05
PELI2,4.591681362039872e-05
ATRNL1,4.590089492343849e-05
SDPR,4.589721733147244e-05
LTBP2,4.5895223450172706e-05
ATAD3A,4.5891406621343115e-05
SLC27A5,4.589024542933775e-05
TNFRSF13B,4.5889192814835123e-05
UNC80,4.588038583127719e-05
MPP6,4.587601004596441e-05
LTBP4,4.5873956728446317e-05
MATN2,4.5869391328603125e-05
KCNA6,4.5867371009041306e-05
C2CD4C,4.584649955424493e-05
BNIP3,4.580318306736031e-05
LRWD1,4.5792372700426515e-05
PLD5,4.573824977355576e-05
TNR,4.56962538202988e-05
RAB3B,4.569345537783716e-05
AKR7A2,4.5692833376143657e-05
PDGFRL,4.566713003101046e-05
LRCH2,4.565559300851129e-05
HIPK2,4.562025327259498e-05
APLF,4.561900854027121e-05
SLC12A8,4.5600341900258055e-05
FAM107A,4.554403317720183e-05
RARRES3,4.5528083285206736e-05
HSD3B7,4.5527538552713194e-05
ANXA13,4.549900746520812e-05
MRPS24,4.549283036543312e-05
MRPL34,4.549283036543312e-05
MRPS21,4.549283036543312e-05
MRPL28,4.549283036543312e-05
MRPS28,4.549283036543312e-05
MRPS23,4.549283036543312e-05
CHCHD1,4.549283036543312e-05
MRPS26,4.549283036543312e-05
MRPL52,4.549283036543312e-05
CLEC3A,4.5481191196507927e-05
PF4V1,4.548051859168724e-05
BCL7C,4.547776810708327e-05
MYO1A,4.5472141554793245e-05
INHBE,4.5467766609524874e-05
CELSR2,4.545843516645704e-05
WDR93,4.543754748454471e-05
CASD1,4.5436812481421135e-05
EXOSC3,4.54341443202766e-05
ALDH5A1,4.543301505637921e-05
SLC35A3,4.54245674442448e-05
ZNF770,4.5422834485619386e-05
TMEM37,4.539826864017143e-05
GAB3,4.538543189176193e-05
PMVK,4.538228485515873e-05
NBPF3,4.537852104482233e-05
LRG1,4.537761339010902e-05
LY75,4.5373638903243523e-05
ICAM3,4.537029730808559e-05
MAP9,4.536844740749893e-05
HIVEP3,4.534917532521081e-05
HPCA,4.534841863625551e-05
RNF39,4.53223387499891e-05
RAB38,4.532143917738007e-05
GPSM1,4.529073479255667e-05
NXPH4,4.528158372253391e-05
DNASE2B,4.5276385837120864e-05
TSPAN13,4.526811558151148e-05
UCHL3,4.521552847821496e-05
CLRN3,4.5209606812197645e-05
XYLB,4.520867052343255e-05
VWA5A,4.520422187833335e-05
DDR1,4.5190565491309255e-05
B4GALNT2,4.516919818025603e-05
TM6SF1,4.515290716336879e-05
RNLS,4.515142979711013e-05
GPRC5C,4.5128636845165706e-05
INO80E,4.510603980155472e-05
RHOXF1,4.50825790598021e-05
TRIM59,4.50686223850089e-05
MAZ,4.5066655207249816e-05
AMIGO1,4.5054850618859345e-05
PLEKHH2,4.5035999950033425e-05
IGFN1,4.500830166031922e-05
SEMA6C,4.499077311609662e-05
SLC6A14,4.499074496829927e-05
OTUD7B,4.498664713707337e-05
NR2C2AP,4.49844001169525e-05
GAS2L1,4.497250451149057e-05
ACSM2A,4.4971725815638156e-05
EFCAB7,4.496586449437245e-05
SLC30A2,4.494076370659738e-05
ARL4D,4.492000207478251e-05
SUPT3H,4.489951395412115e-05
PJA2,4.488857762363855e-05
TIMM8B,4.487005244298537e-05
ACPP,4.486569180020634e-05
SERPINI1,4.485546548319675e-05
SERPINB6,4.4834135391988505e-05
CMTM3,4.483340598264824e-05
SMN1,4.480846721215296e-05
AMY2A,4.479291966706348e-05
TNFSF9,4.478174928621514e-05
UAP1L1,4.477643511442e-05
LAMP3,4.475159138974513e-05
SRXN1,4.472196896945361e-05
CR1L,4.470308371560774e-05
RBMS2,4.470308371560774e-05
MRGPRE,4.4680317656348314e-05
ECM2,4.466756074873058e-05
CDNF,4.4663656819256e-05
RNF170,4.4661099616638e-05
TMEM120A,4.464898218264896e-05
PHF21B,4.463888844965506e-05
CDH20,4.462997312330891e-05
MTBP,4.4619812740867846e-05
IL17RE,4.4607845158877895e-05
TFF2,4.4578199406721975e-05
FAM110A,4.4550004129611426e-05
POU2F3,4.451423769190122e-05
CDKN2B,4.450491689125738e-05
APOBEC3G,4.449876480691193e-05
SLC14A2,4.449719233965671e-05
CNTNAP4,4.448167271299221e-05
PAN2,4.448153304862916e-05
GALK1,4.4474965130481666e-05
TNK2,4.446486914313008e-05
ZIC3,4.4425919610845795e-05
YY2,4.440327785586205e-05
MEP1A,4.438891239457799e-05
STAB1,4.4384150423619355e-05
GDF10,4.437932172423993e-05
CCL14,4.437005872690351e-05
SLC24A1,4.435140724533232e-05
SPINT1,4.4349972271073424e-05
TGFBI,4.434338720870427e-05
CYP4F12,4.430915637220002e-05
CYP4F11,4.430915637220002e-05
AARS,4.43085333966104e-05
DCBLD1,4.427956546255773e-05
RASL11B,4.425600613395885e-05
CCDC85C,4.425286376324222e-05
SCGN,4.4249225092198965e-05
SYT15,4.4249225092198965e-05
FAM189B,4.424152410355002e-05
ANKRD40,4.422807930190313e-05
TNIP3,4.422232499630104e-05
NUDT14,4.418856046931853e-05
CAPN9,4.41644302385361e-05
ALPK3,4.415091444664489e-05
GPR135,4.414730244855089e-05
TMEM171,4.410676136601517e-05
SPIB,4.40483719160624e-05
NEK8,4.404069929310745e-05
ZNF217,4.4036919322297314e-05
SYT13,4.402771132708403e-05
KCNK17,4.4013259060569234e-05
GREB1L,4.397166470900818e-05
CNRIP1,4.395664551188753e-05
CCDC141,4.3954723178014874e-05
SIK1,4.394467627696499e-05
SLC31A2,4.3928584754500725e-05
RSU1,4.3920814413582735e-05
CDH3,4.3920236024172476e-05
CA6,4.391746092829171e-05
PNCK,4.389462931048675e-05
UBE2W,4.38872423143585e-05
WBP2NL,4.386901113798191e-05
OLAH,4.386465937042373e-05
HEYL,4.385268221988993e-05
ICA1L,4.3834219102829305e-05
CEACAM1,4.3831540501437716e-05
RIN3,4.382005233825445e-05
GMPPB,4.38120540417907e-05
SPACA4,4.381189248610619e-05
APOOL,4.37867331162432e-05
C11orf30,4.377671524963806e-05
ELOVL3,4.376584367683424e-05
FRYL,4.376041439028323e-05
NGB,4.3740504511971884e-05
TRO,4.37332132102781e-05
NTNG1,4.3719609743724044e-05
RHOBTB3,4.3716205283004774e-05
NDST4,4.371276139025476e-05
HS3ST6,4.371276139025476e-05
MARCH8,4.37049704585179e-05
TSC22D4,4.369643420483234e-05
ATP4A,4.369086028969492e-05
PTPN4,4.3687832015369135e-05
SMG1,4.3686147662964865e-05
FHL5,4.365103264710104e-05
RP1,4.363968059823837e-05
ENDOD1,4.3630119173130146e-05
TRIM7,4.362865900529904e-05
SLAMF9,4.3620254705573255e-05
KPNA7,4.361124419493017e-05
ANO3,4.358338794896918e-05
TELO2,4.3579780044239526e-05
RADIL,4.357011417404674e-05
HS3ST3A1,4.3568424978394144e-05
ARHGEF19,4.3556969388073754e-05
C19orf70,4.35039025690881e-05
AVL9,4.3500547928013644e-05
NID2,4.349906159620684e-05
TOM1L2,4.349464005437911e-05
TMOD2,4.348823970180486e-05
LEPROT,4.347165222879913e-05
ARRDC4,4.343463871930803e-05
MXD3,4.343215056961159e-05
LXN,4.342798242037027e-05
PPIP5K1,4.342770792866101e-05
CPVL,4.342300301414595e-05
SLC18A1,4.342244412913765e-05
ZHX3,4.341473629668443e-05
PKD2L1,4.341112224058973e-05
DAPK2,4.3404033186944796e-05
PHYHIPL,4.3349212450005174e-05
REEP2,4.3344538912993526e-05
CYP2A7,4.333656009530893e-05
COBL,4.33356114284438e-05
SCRG1,4.3325056231505695e-05
CDH8,4.331657415831358e-05
CDH10,4.331657415831358e-05
ABHD3,4.326962537167052e-05
KLF8,4.3261491657159366e-05
LRRTM4,4.3255465370708134e-05
MICB,4.324801910623052e-05
UBL3,4.324167441581622e-05
RPS6KA4,4.322876219289868e-05
ARHGAP25,4.3209694247360086e-05
ECHDC2,4.3200207136779835e-05
RASGRP3,4.313565287185819e-05
C11orf70,4.311954865707868e-05
FBF1,4.31034261839601e-05
CTSC,4.3098540245193125e-05
YEATS2,4.3095603379451004e-05
SMARCD2,4.30898792056837e-05
PHYHIP,4.307119863965059e-05
PDZRN3,4.3067568618635954e-05
SKAP1,4.306416263837267e-05
FBXO15,4.306346475768929e-05
PEAR1,4.304723411389202e-05
LHB,4.303397293581115e-05
ZYG11A,4.303372558274972e-05
PROL1,4.300847766733006e-05
NELL2,4.299964876733248e-05
FAM149A,4.299811160831406e-05
SORCS1,4.299714859925571e-05
EXD3,4.299651406178043e-05
BBS12,4.2983660564589056e-05
ISM1,4.2982409949910894e-05
ISX,4.2980284374349825e-05
UBE2E3,4.2970651931071014e-05
GTF3C6,4.296254155055429e-05
TMEM163,4.294511312692432e-05
NKAIN2,4.293700088015727e-05
KRT2,4.2927548913193644e-05
SERPINB13,4.290179112264439e-05
HCRTR1,4.29015314728995e-05
FHOD3,4.28814773581299e-05
SYPL2,4.286424789955286e-05
ALX4,4.286106579823402e-05
RSPRY1,4.283257356982028e-05
LEMD1,4.282589704814107e-05
DTX4,4.2798214496153355e-05
WDR81,4.274960355542085e-05
GALR2,4.2746637022820114e-05
SPRY3,4.272864540965923e-05
DCD,4.27242213272014e-05
SAMD14,4.2712756248417655e-05
SIGLEC6,4.2710385483982526e-05
LRRC39,4.2649353770282855e-05
DCUN1D1,4.264247441694058e-05
PLEKHB1,4.26352026915107e-05
PTPRH,4.2633086306324585e-05
FOXJ1,4.262005163590194e-05
DFNA5,4.2615364720660165e-05
MFSD7,4.2604021704418286e-05
BMF,4.2571534396025366e-05
DLG5,4.2561825745991733e-05
SLC4A10,4.2558036271312676e-05
PPP4C,4.2555678368216006e-05
SLC1A4,4.2551341595608956e-05
NUMBL,4.2539937923010654e-05
MPEG1,4.246746116068128e-05
BOK,4.246264906794237e-05
MIA3,4.2444873620560187e-05
FILIP1,4.2433641261517145e-05
ZNF395,4.243328176200828e-05
PTPRT,4.2432161027031976e-05
DMPK,4.2424123620834095e-05
SUMO4,4.241680310693477e-05
EMP1,4.240150086889513e-05
MMP27,4.238462929158083e-05
IQCH,4.237638314021584e-05
TMCC2,4.2368847631911334e-05
TMEM88,4.2353797994154885e-05
ADAL,4.234115130269428e-05
FAM83B,4.2333142677379205e-05
C2orf74,4.2330255413657844e-05
MTUS1,4.2329632617326654e-05
GLYAT,4.232831224007903e-05
SLA,4.232813433760139e-05
ARAP3,4.23136698748544e-05
KIF26B,4.22989156337678e-05
RGS22,4.228095491534432e-05
SHROOM4,4.226961304799564e-05
WTIP,4.22667016129292e-05
APOBEC4,4.225886624349896e-05
MLLT11,4.224918928699639e-05
SYAP1,4.222557734675413e-05
ADI1,4.218417533865225e-05
MFGE8,4.216977251305666e-05
CCDC61,4.2169016975867295e-05
TNFRSF19,4.2147379475622706e-05
IMPAD1,4.213064160647592e-05
BEX2,4.210558420323702e-05
PLEKHA4,4.210233558383576e-05
NAAA,4.2095387478830356e-05
MLF1,4.209171616204883e-05
TNS4,4.208692713024967e-05
PPFIBP2,4.208186489381928e-05
DNAJC12,4.199860693389136e-05
C12orf54,4.1991708391304897e-05
FAM107B,4.197633415296484e-05
MYOM1,4.196254616207458e-05
SUB1,4.194095258614948e-05
PNLIPRP3,4.193031958624937e-05
FCN3,4.1927677806511717e-05
PDCD2L,4.192545448415646e-05
CDK10,4.192356990198659e-05
KCNK6,4.191924883203724e-05
DCUN1D3,4.1901244091853e-05
RASA4,4.187918565071691e-05
APCDD1,4.1872395440327586e-05
TMEM125,4.186066067748919e-05
KIAA1109,4.185460928833671e-05
BCAM,4.182201768048977e-05
TLE6,4.181834254741158e-05
ANGPTL5,4.1811533795333324e-05
KLRG2,4.178455577192935e-05
PRSS12,4.177932365436719e-05
NELL1,4.177422938791662e-05
PTGFRN,4.176640277554689e-05
PHLDB1,4.175430054379439e-05
NARFL,4.173055024361289e-05
DYDC1,4.171662044732838e-05
CD302,4.1682112792860384e-05
SLC41A1,4.167867225682115e-05
TMEM107,4.166215520387194e-05
CRYBB1,4.164206544872182e-05
GSDMB,4.1637756208173e-05
TMED9,4.1596428367303746e-05
KIAA0196,4.159508686673324e-05
NPEPPS,4.157881189051091e-05
MIB2,4.15636795075666e-05
ALG10,4.152113280562491e-05
ALG10B,4.152113280562491e-05
ESM1,4.150385697201808e-05
VSIG4,4.1486995410598676e-05
DCXR,4.143084521851549e-05
FAM175A,4.1408986404533765e-05
ATP8B1,4.1370637760789606e-05
GPR157,4.1336716383303236e-05
ITPRIPL1,4.1321390537704124e-05
LRRC70,4.13070175801634e-05
SPDYC,4.128824910998519e-05
TIMD4,4.1278202102228114e-05
GRHL3,4.1275456328764476e-05
PHLPP1,4.126554300924874e-05
POTEF,4.126464769787733e-05
KTN1,4.12528096031654e-05
PPP1R9A,4.124165937073877e-05
B3GALNT1,4.1226604032377435e-05
CELF6,4.121571814689806e-05
GDPD3,4.118317457991366e-05
SNCG,4.1150367296194596e-05
SYNGR1,4.114778321120587e-05
LPXN,4.1126206601762335e-05
CADPS,4.111411387035248e-05
SOCS7,4.109246811299844e-05
GDPD4,4.10883755092434e-05
PROSC,4.108821352698239e-05
MBIP,4.1082227599351384e-05
CEP350,4.10415651092819e-05
ITPK1,4.103442025517754e-05
PROZ,4.103387883156341e-05
TIMM17B,4.103180529311556e-05
DOHH,4.102797746068472e-05
GPR6,4.1006266033357195e-05
ATP11B,4.0996819891583355e-05
GRM6,4.098909723459869e-05
DGKD,4.094198031254877e-05
STARD3,4.092294835794628e-05
ATP5EP2,4.088326471926684e-05
KLRC4,4.086943689728664e-05
RASSF10,4.08589386665068e-05
XCL2,4.085201624440496e-05
DOK7,4.0849807881701087e-05
BCL2L10,4.083691020743098e-05
RAB43,4.080352922359025e-05
CFHR3,4.079860124045287e-05
HS3ST2,4.076825978440908e-05
SLC8A2,4.0758784004592155e-05
PRMT6,4.0741959648809225e-05
PLSCR1,4.072977776074366e-05
TMEM106B,4.072917178418748e-05
GPRIN2,4.071538708740824e-05
PPP1R14D,4.070930570526123e-05
SLA2,4.070004478999916e-05
ZBTB44,4.0672251527993664e-05
LYPLA2,4.066344101207923e-05
ERI1,4.065349861456387e-05
CLNS1A,4.061610967055285e-05
ZBTB17,4.060468093054327e-05
AHSA2,4.05727522885188e-05
TUBGCP6,4.051042138475882e-05
DAK,4.0489120653012176e-05
NDRG4,4.04870290170604e-05
CECR1,4.04853662538461e-05
DPPA4,4.045192009522774e-05
ZCWPW1,4.04339834843125e-05
AP3M2,4.0412900519223174e-05
TCN2,4.036217512648011e-05
APOBEC3C,4.036013650742854e-05
ZNF444,4.034590836111251e-05
SH3BP4,4.034068411408343e-05
TMED3,4.0304699512901114e-05
TRIM65,4.026834334703747e-05
EPN3,4.025841519658306e-05
PDXK,4.02367788318687e-05
FABP3,4.021458502761289e-05
SNX20,4.021147250722675e-05
DNAJB13,4.0196290705350884e-05
TPCN2,4.018478905002926e-05
C4orf32,4.017952578426514e-05
MST1R,4.015343026242097e-05
COLEC10,4.014753264196304e-05
SEMA4B,4.012216445701939e-05
ANKRD55,4.012018584331816e-05
SMTN,4.0119261445183936e-05
OPN4,4.01175140325549e-05
TRIM45,4.0105324017079995e-05
TMEM182,4.0104461151226676e-05
SLC7A1,4.0104442691784686e-05
LHX9,4.008746403451303e-05
CROCC,4.007326795440223e-05
EXPH5,4.0032047521002635e-05
PPP1R16B,3.9949682410281935e-05
NDUFAF3,3.99463945394464e-05
DPM3,3.99299118052836e-05
CYTIP,3.991168692333324e-05
TYRO3,3.99027661597127e-05
CREB3L4,3.9881620359269054e-05
DUSP13,3.9880443782611385e-05
TRPS1,3.986605591250751e-05
SLC6A13,3.984700004013791e-05
TTC7A,3.983727883695735e-05
KIFC3,3.9830379048164895e-05
RASAL2,3.981915197145578e-05
CRISP1,3.977747631277286e-05
SLC25A42,3.970668830979641e-05
PCSK1,3.969757938845815e-05
NAPSA,3.967772958164738e-05
MREG,3.967441127660747e-05
NACAD,3.966147822522089e-05
SLC7A14,3.9650634239579734e-05
SLC19A2,3.965029166996001e-05
PPCDC,3.9611779633413144e-05
SKIL,3.960758221235007e-05
LILRA1,3.957957260477222e-05
TAGAP,3.954304276274824e-05
THEM5,3.954103084187757e-05
MSI1,3.953762013216256e-05
KDM4B,3.945322482055842e-05
AHRR,3.940599577336135e-05
CPLX3,3.934322587912392e-05
VASN,3.933840919345648e-05
FSD2,3.932385407057124e-05
ANKRD6,3.9316041741411605e-05
FKBP8,3.931256603335742e-05
VASH1,3.9311580129420736e-05
PIGN,3.9200035090054734e-05
EHBP1,3.916560357690941e-05
ZNF496,3.916326087382026e-05
DHRS7B,3.915591593833317e-05
MSL1,3.914597332798257e-05
ATP2B2,3.913128290572543e-05
TNIP2,3.912515150546736e-05
ARL3,3.912374365553137e-05
WWC3,3.90774447012538e-05
TSKS,3.905509840413388e-05
AP4S1,3.9054529610419446e-05
SPATA5,3.9025839459374057e-05
SUCNR1,3.901758883116755e-05
SERINC2,3.901758883116755e-05
MESP2,3.8991250335214506e-05
DCAF4,3.8904973562382884e-05
FOXK1,3.885401147146767e-05
TOR1AIP2,3.883654953178641e-05
SIVA1,3.88243225699185e-05
MTMR7,3.8791115559046844e-05
BRSK1,3.8786326378735234e-05
COASY,3.872786050769778e-05
S1PR4,3.8666281630885664e-05
SLC22A2,3.8659327518846174e-05
AKAP14,3.863218838527103e-05
L2HGDH,3.8622194741578166e-05
SIK3,3.860232360619745e-05
GCA,3.857604759559381e-05
MMP24,3.856646188262456e-05
DAGLA,3.854637610163866e-05
CHD1L,3.853992595794538e-05
KIAA2022,3.84757041555632e-05
ATP10D,3.8455658359977114e-05
MEIG1,3.8449041462543763e-05
DERL3,3.830252593326724e-05
TBC1D4,3.8301748750331625e-05
NKG7,3.829978278144927e-05
UBXN2B,3.8280314491819474e-05
GFI1B,3.823881730193835e-05
MPG,3.82373106855895e-05
CRYGS,3.8236936947268785e-05
IL13RA2,3.817453880105679e-05
ATCAY,3.8130832048887616e-05
TBX19,3.8095703749310854e-05
ZSCAN1,3.808977414969538e-05
WFIKKN1,3.8081840722007104e-05
FEM1C,3.805582075757452e-05
GCDH,3.804111098071934e-05
PARVG,3.8037816495396625e-05
FCHSD1,3.801393446071109e-05
GRAP,3.79631742946669e-05
CLASP2,3.795285505680659e-05
RFNG,3.793430824025477e-05
MYLK3,3.788736766237399e-05
GRHL2,3.784970233874633e-05
ALG11,3.78122912956405e-05
DNAH10,3.771950283948672e-05
LRRC61,3.771630009696491e-05
PLXDC2,3.7710182748523484e-05
CHD5,3.7699712440052285e-05
SHPRH,3.769740775520788e-05
ACAP1,3.763500662346013e-05
SLC30A3,3.758064668588979e-05
LPGAT1,3.757076736115171e-05
RAB12,3.755595986737767e-05
SHKBP1,3.7555763251860045e-05
CLN3,3.7513139462329283e-05
DNHD1,3.751111661542131e-05
EN2,3.74949037586769e-05
SPCS2,3.747239948099779e-05
ANXA8,3.7466984410846455e-05
CD207,3.743948598027942e-05
LRRN2,3.7431437283473816e-05
TSPAN15,3.741534397143188e-05
TRPM1,3.7413094123003515e-05
ATP11C,3.7406685327571454e-05
CRYBB3,3.74034799603471e-05
ADIPOR2,3.734253097432805e-05
BDKRB1,3.73390027383153e-05
CDH15,3.73178958321496e-05
CHST5,3.731705324414108e-05
PLA1A,3.727160687224813e-05
BDH1,3.7258853138538095e-05
TNS3,3.722363042610185e-05
NUDT4,3.719611336449465e-05
PDLIM5,3.7191822417077484e-05
ATG4D,3.718025833795758e-05
PDXP,3.717665605930277e-05
SORBS3,3.71557576548918e-05
NDOR1,3.7114875340954476e-05
RAB3IL1,3.710621816975016e-05
PIGS,3.705909863683238e-05
NIPA1,3.7052991188446665e-05
FAM92A1,3.70462975525187e-05
UFSP1,3.697456708009564e-05
NOX5,3.697382482381946e-05
SLC6A12,3.695574636831396e-05
S100A13,3.695490475342427e-05
NBPF1,3.6939436353092365e-05
RENBP,3.690892292360463e-05
C8orf59,3.6904380676761555e-05
LAMB4,3.6890278188441136e-05
RS1,3.6885956678805765e-05
SPATA13,3.681634560182515e-05
TRMT61A,3.6795237034494825e-05
TNFAIP6,3.677728381621758e-05
LRRC66,3.67403524610049e-05
MGAT5B,3.6729603038317944e-05
TLR5,3.6676348665461865e-05
C4orf29,3.665554450456388e-05
SLC36A4,3.665111231332789e-05
GZMK,3.663830714056488e-05
PLEKHO1,3.663760804292449e-05
LGI3,3.65807629446579e-05
DOCK7,3.655863758507412e-05
TMEM173,3.654759955344258e-05
MTAP,3.653168613727953e-05
PARP14,3.647090747869049e-05
C16orf87,3.643224238815056e-05
ARAP1,3.638605388410269e-05
ZNF436,3.637112453737362e-05
MAB21L2,3.635443342287195e-05
MAGEF1,3.63481448064772e-05
WDR6,3.6336718298560076e-05
IL18R1,3.629584643728446e-05
KCTD9,3.628705317895725e-05
SLC6A20,3.627824678977054e-05
CNFN,3.6269788637912605e-05
NEK7,3.618665238269245e-05
SLC5A8,3.613311383427442e-05
SELM,3.612770316079435e-05
TRIM54,3.611519000291586e-05
TGIF2,3.6107889637189774e-05
KCTD7,3.6021809521085154e-05
TTC21A,3.6003262588578696e-05
EMB,3.593990968163925e-05
IL20RB,3.593583570728709e-05
PILRA,3.589016057606535e-05
SEMA4A,3.587357146246861e-05
IFI16,3.585410110592735e-05
GPA33,3.584453018048587e-05
TBX2,3.581383667957317e-05
HES7,3.581092146328223e-05
ARVCF,3.577001022323355e-05
PLEKHJ1,3.5758324026293365e-05
LYNX1,3.573334349920675e-05
CRLF1,3.5716532843056694e-05
CLDN2,3.570357541126425e-05
MGAT5,3.569070077022941e-05
KIAA0319,3.563719014393853e-05
LAT2,3.5636559475556055e-05
STK36,3.563136905808488e-05
EBI3,3.5619047535615607e-05
TMEM189-UBE2V1,3.5609728213830854e-05
MOCS2,3.559879089491902e-05
PIR,3.558275931091485e-05
SKA2,3.5573946127954905e-05
PPOX,3.555350003996144e-05
MTTP,3.548087945351076e-05
MDN1,3.546037506857522e-05
TCTEX1D1,3.544409044172356e-05
TMEM86B,3.5396766572698817e-05
CTNNAL1,3.5388496807099515e-05
ARL13A,3.537485633935674e-05
CLEC4C,3.5367157173979034e-05
DCPS,3.5352366272529934e-05
RHBDD3,3.5316594182933316e-05
CCS,3.5309827344059836e-05
NUFIP2,3.5277213492136934e-05
CTSE,3.520787005610661e-05
DDIT4L,3.5200210654256654e-05
PIK3AP1,3.5136640978219324e-05
PIGP,3.5129122506238e-05
CPA2,3.503922768559605e-05
KCNA7,3.503683031114284e-05
RAPGEF5,3.500902155229585e-05
AUTS2,3.499374527456471e-05
PPT1,3.4956994453631654e-05
FOXC2,3.495662180761771e-05
APOBEC3H,3.495400479035722e-05
SRGN,3.4908471644793904e-05
KLK6,3.4906232152927e-05
MMP10,3.4902218139879375e-05
UBL4B,3.4882196671257583e-05
TEX19,3.48821563764781e-05
SERPINA4,3.4859101835188874e-05
IL9R,3.484923127065645e-05
USP6NL,3.4841209202287994e-05
TREML1,3.483484458453381e-05
DISP1,3.482291674516191e-05
DUOXA2,3.4819630223056935e-05
LMBRD2,3.481268351028428e-05
RAB40B,3.4786700707281886e-05
CCL26,3.475358432077259e-05
GOLT1A,3.473409175762302e-05
SLC39A10,3.470406399214289e-05
NPFFR2,3.469785313729917e-05
SLC7A9,3.4640275381498936e-05
VSX1,3.4626432939431074e-05
TES,3.462127860639029e-05
RTTN,3.4614566833956066e-05
PDK3,3.4579095656244985e-05
TANC1,3.457903240964026e-05
SEZ6L2,3.457104413514706e-05
RASA2,3.454481321040544e-05
GATS,3.452696486574855e-05
CNR2,3.450314182717776e-05
PDCD4,3.449331410099088e-05
TXNDC5,3.447345753683011e-05
NUBP2,3.447168692040939e-05
ATF7IP,3.4448371677065765e-05
MED12L,3.440582715563187e-05
TDRD6,3.4376805995747795e-05
CD177,3.434244669901757e-05
JAKMIP2,3.430310946664131e-05
ZNF524,3.427771096778944e-05
RAB3D,3.425605663944003e-05
DOCK6,3.4244221826363165e-05
HMHA1,3.41510231810392e-05
PAAF1,3.41247323807895e-05
PEX6,3.4092558201158674e-05
ISOC1,3.402454915046145e-05
CD300LF,3.401494505168777e-05
ELL2,3.400053020064211e-05
ELL3,3.400053020064211e-05
ANKRD45,3.39975813523643e-05
QTRT1,3.399142617857339e-05
PNMA6A,3.397117268970309e-05
MBD5,3.39579230905375e-05
CTSZ,3.393611169183277e-05
LRRC19,3.393292839863505e-05
RCN1,3.3920410064253584e-05
CCL15,3.391247135682525e-05
FAM83C,3.3869228435620325e-05
REXO2,3.3854586614879425e-05
SSTR2,3.382991242624998e-05
FA2H,3.3820790829396846e-05
ST6GAL2,3.381619299469329e-05
SSH3,3.378549375064764e-05
TOR2A,3.3769365814476775e-05
TRAP1,3.371503598972836e-05
SPATA2L,3.3685553725784226e-05
UGT3A2,3.367695396752984e-05
UGT3A1,3.367695396752984e-05
GUCA1B,3.3658180268180275e-05
CNKSR1,3.3642282057574455e-05
ZNF165,3.3624655976092844e-05
TAZ,3.361296460481553e-05
SQRDL,3.361042648976775e-05
MTMR4,3.360755682273092e-05
SSH2,3.360475034469912e-05
NHLRC1,3.3604456234787836e-05
RNF139,3.3577001732842365e-05
REG4,3.3541616194184344e-05
GDPD1,3.3533152865814454e-05
DENND4C,3.35070774250846e-05
DZIP3,3.3497443267774125e-05
UCN2,3.345965560604302e-05
CNN2,3.344853939186689e-05
RNF32,3.3444251749156454e-05
TPD52L1,3.344139348807886e-05
DCBLD2,3.342752185478856e-05
NYNRIN,3.342612076589663e-05
WDR16,3.342281038289028e-05
BASP1,3.341691064054745e-05
NHS,3.340631343290592e-05
DLX1,3.339637830727067e-05
ZNF205,3.3383983918884405e-05
PTP4A2,3.336028161474899e-05
NRL,3.3355039840847535e-05
DIP2C,3.331177651057136e-05
GRK7,3.330133693301736e-05
OTOS,3.321386714707756e-05
TNFSF13,3.320360054377059e-05
PFN4,3.320322953108009e-05
KIAA1731,3.3175780444715744e-05
CTRL,3.312323562488832e-05
FBLIM1,3.306300693132387e-05
TXK,3.30254563815599e-05
MBTPS2,3.297656460605004e-05
ORAI2,3.2965132895254284e-05
TXLNG,3.295965428575755e-05
SPSB1,3.289809836916724e-05
DAPK3,3.285049722236437e-05
ARHGEF16,3.281687639652348e-05
CLECL1,3.280846033288713e-05
TACR3,3.2797961441928795e-05
SGK3,3.27945449703102e-05
PLAC8,3.279144711497055e-05
TMEM55A,3.276154179047225e-05
NDUFAF4,3.273183799200783e-05
TRMT2A,3.272983682673788e-05
NLRP6,3.268647221958069e-05
ISPD,3.267674735227741e-05
TRIM22,3.2667137200774224e-05
TARS2,3.265235229959352e-05
PCYOX1L,3.2642381378580846e-05
SELV,3.2636314907003134e-05
EPHA10,3.260022756505028e-05
CRTAM,3.258296778031215e-05
RND3,3.2555044927274136e-05
LRRC1,3.2554184496777014e-05
GLIPR1,3.251750188144649e-05
C4orf47,3.245820216152118e-05
CPSF4L,3.244876031671475e-05
NEU4,3.244051220659056e-05
GNLY,3.243637024085793e-05
PHF19,3.243520079254213e-05
NEK6,3.241007489735905e-05
PCBD2,3.238415334090468e-05
SLC2A3,3.23736250795081e-05
TSPAN12,3.236764247870802e-05
HAUS5,3.2361652193857335e-05
SRCIN1,3.2344440613025334e-05
TRIB1,3.234092828471154e-05
SLC39A8,3.233790785141405e-05
CRYBA4,3.2337317697816946e-05
DCDC2B,3.2334922566697806e-05
NFIX,3.232925784336804e-05
TCHHL1,3.230883147880966e-05
SLC5A2,3.229448589245907e-05
LRIT3,3.2277653964676116e-05
MAN2C1,3.2262260096727505e-05
S100A16,3.2253910265332976e-05
CLCN3,3.2249829853250864e-05
TEX264,3.223465095209499e-05
MLKL,3.2201823605151824e-05
GCM1,3.218559627904449e-05
UNC119B,3.218039083968939e-05
TAOK1,3.213543360190255e-05
TXLNB,3.213289130657839e-05
RNF141,3.213049808843521e-05
SLPI,3.2103052113485864e-05
SYT12,3.207943630997319e-05
TSPAN2,3.205060252959808e-05
ELAVL3,3.2020764455851155e-05
PSPN,3.199664515132728e-05
SNF8,3.198789310718385e-05
SLC26A2,3.1945697072671585e-05
GPATCH2,3.1877043523854876e-05
TUB,3.186655366699375e-05
RAB31,3.1862273505696296e-05
FMNL1,3.1850612856014237e-05
CMTM6,3.1849845500063645e-05
CTCFL,3.184747397745625e-05
TNKS1BP1,3.1838956239060444e-05
PPP1R3F,3.183820801222032e-05
TCEA2,3.1837946393175416e-05
DOC2A,3.1809981735358324e-05
INF2,3.180941795207356e-05
ATP2B1,3.1773991104496496e-05
ZNF609,3.1762550717637636e-05
GADD45B,3.175742644964655e-05
GTF2IRD1,3.1750449570586134e-05
TTYH1,3.174236949400048e-05
VEZF1,3.1734586754555694e-05
HHAT,3.168706658265348e-05
ETNK2,3.168291859727917e-05
CADM4,3.165146300096797e-05
XKR6,3.164983581486557e-05
ZNF385A,3.162581483360634e-05
LGALS3BP,3.1606808925266956e-05
CYP2F1,3.160306273732368e-05
LRRTM3,3.1601447515372054e-05
C4orf26,3.1589798566794084e-05
YIPF2,3.158293777677548e-05
PALM3,3.151253350326034e-05
NMBR,3.150997177932695e-05
IGSF5,3.149745295489422e-05
ULBP3,3.1490388717581274e-05
MYPN,3.144605650582396e-05
MCF2,3.139724749749708e-05
BLVRB,3.136428039934777e-05
SVIL,3.135331882944993e-05
OBSL1,3.132297238456373e-05
DSG4,3.12972943441983e-05
MBTD1,3.1293170355898645e-05
MACF1,3.1276125829928606e-05
NDE1,3.1192761963784856e-05
CD300LB,3.116920937922934e-05
PSMG4,3.1159713028951953e-05
SERPINA12,3.11521530828869e-05
SLC12A9,3.1133491667776596e-05
PRRG2,3.110653048525408e-05
NLRP9,3.110397949402418e-05
CARS2,3.1089837604428924e-05
ZNF185,3.105342541074948e-05
CNNM2,3.103281856375246e-05
HSPB9,3.0962882578995956e-05
PGLS,3.096027253312011e-05
LRFN2,3.0941137202226266e-05
TCEA3,3.0940753420799726e-05
SLC15A2,3.0895813532647554e-05
OCM,3.0839613250720916e-05
GPR123,3.082390637199931e-05
GCAT,3.080498024515063e-05
IL17C,3.079115153258763e-05
FARP2,3.0786590684398746e-05
APOBEC2,3.07706499921301e-05
HOOK1,3.0725652702337085e-05
SIGLEC9,3.072427565418202e-05
PPM1F,3.069500569650638e-05
CST6,3.068459640989487e-05
TBC1D16,3.066003927509087e-05
WEE2,3.062657544708065e-05
CTU2,3.055893531639814e-05
PCYT1B,3.05467956371001e-05
TCL1B,3.052382263096001e-05
BRWD3,3.0522490152236985e-05
RNF152,3.0502410596660496e-05
ZMYND8,3.048122911899006e-05
RAB4B,3.0473692066981818e-05
MAGEC2,3.0467414833164972e-05
SLC26A8,3.04343718470375e-05
PANK3,3.0433740751167526e-05
GDPD5,3.041202790023447e-05
CDKL1,3.039279384517217e-05
DEAF1,3.0390125586900158e-05
C8G,3.0384599741466975e-05
ABCC4,3.038209455881872e-05
LRRC16B,3.0337223903363994e-05
D2HGDH,3.0318973636257948e-05
ARMC9,3.0306332265478637e-05
MYO7B,3.0280332191287612e-05
ANKS4B,3.0280332191287612e-05
KRT20,3.0273146093464118e-05
JRK,3.022062970329238e-05
MCOLN3,3.01905583887354e-05
CLIC3,3.017901250584798e-05
PDLIM2,3.016906988312906e-05
SLITRK5,3.0099821437401604e-05
EXOC6B,3.0089229068366166e-05
PSTPIP2,3.00419127676715e-05
TMLHE,3.0023068801271474e-05
C10orf2,2.9997953698561195e-05
C11orf31,2.9992646634927414e-05
PDZD3,2.997209697329434e-05
GJC2,2.9969816033415256e-05
GRHL1,2.9938465937705187e-05
TIAM2,2.9938465937705187e-05
TMPO,2.991640908799751e-05
ASGR2,2.9866132600894195e-05
AP1S3,2.9837912445402193e-05
NRSN1,2.983782511682985e-05
PSCA,2.9834996042158196e-05
PMF1,2.9816392254867653e-05
POU2F2,2.980788843267008e-05
ASH1L,2.980583039512247e-05
NAF1,2.9804527494098902e-05
POU5F1B,2.979858929105817e-05
MICAL3,2.9786189141092473e-05
TTC14,2.9755551873028808e-05
CCDC108,2.975395553056341e-05
GALNS,2.974943910892345e-05
ALPP,2.9743376262770682e-05
DPF1,2.972906324867775e-05
CASS4,2.971242560694135e-05
CTTNBP2NL,2.9693590954224173e-05
ROGDI,2.9691699955784347e-05
CAPN14,2.968460076925516e-05
FOXF1,2.9680887631324132e-05
CD200R1,2.9672389696379658e-05
NXF5,2.9666937915492474e-05
MATN1,2.966181399680131e-05
TRIM17,2.966097361047778e-05
MIPOL1,2.9643800984157958e-05
CD300A,2.962469141104004e-05
KLK8,2.9609861013276912e-05
PLEKHG5,2.9599642118125228e-05
C6orf203,2.957803491754732e-05
NPM2,2.9492923782967376e-05
MID1IP1,2.9474585548327144e-05
DYRK2,2.9441856481208213e-05
LTB4R2,2.9439211935949375e-05
PIRT,2.9438283278422785e-05
TRIM6-TRIM34,2.9408463491976465e-05
SH3BGR,2.9374676821280513e-05
JDP2,2.9363959589417407e-05
LILRA4,2.9363609674163148e-05
KIRREL3,2.9351742952597874e-05
ZCCHC11,2.9346541751060184e-05
CYP39A1,2.933281997611007e-05
HIGD1A,2.930704151893284e-05
LILRA2,2.9265469496853275e-05
NAB1,2.925672140244657e-05
UVRAG,2.9252633201730084e-05
BRF1,2.9251986035256932e-05
SLC12A7,2.9230001521683725e-05
FIGNL1,2.9217485630676313e-05
RAB40C,2.9205529734682388e-05
MC5R,2.9190155143126637e-05
KATNB1,2.9163233036178697e-05
ANTXR1,2.912830867128959e-05
PRRX2,2.912821384119678e-05
ZNHIT1,2.908795413164807e-05
NAGPA,2.9084019091722813e-05
TNFRSF10C,2.9078451285852958e-05
C6orf25,2.906182761469653e-05
AICDA,2.9029400296973357e-05
F2RL1,2.8988424018296028e-05
MAGED2,2.8960963761868153e-05
CD82,2.8958001520655326e-05
LCOR,2.8914913444952074e-05
ANKS6,2.889593275216324e-05
SLC22A18AS,2.888384192297827e-05
ARHGAP4,2.88792878193198e-05
CHRFAM7A,2.886746468124996e-05
PADI4,2.8866192985430036e-05
ABHD12,2.8860251966626364e-05
RIN2,2.8859152832393767e-05
RILP,2.883776200105744e-05
CCPG1,2.8784725083435504e-05
HAGH,2.8735620136673087e-05
KCNG2,2.8718334012147647e-05
C15orf27,2.8694907448353734e-05
SH3BP5,2.868570203556476e-05
TMBIM4,2.8679593345822932e-05
MMP21,2.86517307043916e-05
NARS2,2.8619529182835035e-05
FNBP1L,2.8606622184033214e-05
C9orf117,2.860228287918732e-05
EMR1,2.857888300735981e-05
ALOX5AP,2.8574136832352108e-05
B3GALT4,2.854623486227107e-05
PQBP1,2.8507610387421132e-05
ESPNL,2.8501784785747893e-05
OPRL1,2.8494540253960412e-05
MTX3,2.847773556866362e-05
KCNJ15,2.8477007529619034e-05
POU3F3,2.8475997863507994e-05
ADAT2,2.8441710215628222e-05
LRRC52,2.8421914284495393e-05
SLC39A12,2.8403237545559956e-05
CD101,2.839992790061425e-05
SIGIRR,2.8369397927449163e-05
SLC38A3,2.833768771918858e-05
ZNF501,2.8320379890515607e-05
ZNF44,2.8320379890515607e-05
ZNF569,2.8320379890515607e-05
LRRN1,2.830435639950225e-05
APLN,2.830316633837458e-05
KIAA0319L,2.8290399577122073e-05
RHOBTB1,2.8284239411787188e-05
HAS2,2.8263470167852073e-05
ITLN1,2.8255726682148774e-05
LARGE,2.8222856262570354e-05
NFAT5,2.8206172277047385e-05
ERRFI1,2.820371142938109e-05
NAA10,2.818331318504013e-05
BRF2,2.8181331632202995e-05
HPN,2.8179269959066744e-05
WDR83,2.8155004417554363e-05
INSM2,2.8135255396510077e-05
GPR126,2.813164076148045e-05
NRM,2.8130149892387293e-05
ZNF420,2.812694662229799e-05
C14orf2,2.8125117905189263e-05
SLC4A5,2.811754272435821e-05
PITPNM3,2.8103064742533388e-05
TRAF3IP3,2.8088868276908285e-05
INSL3,2.8083470012205177e-05
LY6K,2.8083439833446345e-05
L3MBTL3,2.8072060278813575e-05
ZC3H12C,2.8068363746256273e-05
PHEX,2.8064968761267584e-05
MOB2,2.8055562285450292e-05
SLITRK2,2.805335901995154e-05
DCLK3,2.8046489738615173e-05
ASGR1,2.8036370083473744e-05
ALDH8A1,2.8020439623501532e-05
TTLL9,2.7948405119507372e-05
JPH3,2.7939373600855417e-05
LMF1,2.7913391500161122e-05
GCGR,2.7854256122215533e-05
CHRM5,2.78522896437163e-05
GABRG3,2.784999829046538e-05
CRYZ,2.7844827185329903e-05
LMAN2,2.7842015604539042e-05
DENND1B,2.7827564902743198e-05
KCNS3,2.7782419992052654e-05
SLITRK1,2.7779483599815384e-05
SLC17A5,2.7732191611387562e-05
GPR55,2.773216603920773e-05
ATP13A2,2.77289737273873e-05
MYT1L,2.7679736531793228e-05
CBLN2,2.7663654814777263e-05
DOK4,2.765895172081465e-05
OBP2A,2.7656339989138548e-05
GAA,2.7635524050630844e-05
ARHGAP31,2.763356727376547e-05
CEP250,2.7608997585696752e-05
FAP,2.76058465250244e-05
FAM20A,2.7577676665763593e-05
PHACTR3,2.757247404299505e-05
MTMR8,2.754929284405123e-05
C10orf35,2.7541817386228214e-05
TAPT1,2.7533614665094683e-05
RFX3,2.7520635745903398e-05
LRRIQ3,2.750109485579762e-05
TRAM2,2.7481480275261035e-05
CMTM2,2.7449891805106068e-05
XPO4,2.7449731635999914e-05
HCFC2,2.741903077876082e-05
ARMCX3,2.7415009378337785e-05
RXFP1,2.7378500833711374e-05
PAWR,2.7377471805097597e-05
NEIL2,2.7334115346360406e-05
FRAT1,2.7318348069808824e-05
STXBP4,2.7296099535388084e-05
RHOV,2.728588179061282e-05
BLMH,2.728017944109777e-05
LHX8,2.726267503263865e-05
RRH,2.7198115322258215e-05
POU3F1,2.7163758687015793e-05
RFX7,2.7162658392276765e-05
SIM1,2.7158164409009423e-05
RIBC1,2.714632616004137e-05
FAAH2,2.7142056677959003e-05
SOX6,2.7118256747740642e-05
ELF1,2.71167122462688e-05
XG,2.7106554273663697e-05
LTBP1,2.7079803209793167e-05
CD6,2.7030784646747658e-05
TBC1D1,2.697285757191457e-05
ZFP57,2.697176947924542e-05
PDDC1,2.6969747524213948e-05
KIF7,2.689172696010199e-05
HOXC9,2.6854412133826213e-05
GATA5,2.6851554022895758e-05
SBF1,2.684324674131199e-05
SURF2,2.6838895480652635e-05
SLK,2.680287851939787e-05
FGFRL1,2.679619996100735e-05
PATL2,2.6752059057220578e-05
PHACTR1,2.6720026026373265e-05
TGM5,2.6679727472210787e-05
TPTE2,2.6670074352451646e-05
DAND5,2.664607219562865e-05
PLS3,2.6630011750061276e-05
EAF2,2.662376268677777e-05
TMEM145,2.661546659881307e-05
SHROOM2,2.659720633485493e-05
TBC1D10A,2.6579774818192497e-05
ERGIC1,2.654739513548629e-05
SLC12A6,2.654137371372944e-05
ADARB1,2.6527998935424917e-05
ANKRD37,2.652421450887391e-05
SPIRE1,2.6484485593077368e-05
ADAT1,2.6480694391436496e-05
WARS,2.6480046325021195e-05
PRG2,2.647925429635987e-05
GLB1L2,2.6472725101620162e-05
LILRA6,2.646646966768201e-05
MYT1,2.646179718904163e-05
TTC37,2.6449725077601947e-05
VPS13A,2.6443337438316856e-05
TMEM120B,2.6379692097427013e-05
CD52,2.6372240386911895e-05
HRH2,2.6364144198279585e-05
RAET1G,2.6358767770931813e-05
TBCEL,2.635585668280328e-05
MAPK4,2.635277271799704e-05
C12orf57,2.63427451133326e-05
NEU3,2.6315465577006836e-05
KIAA1429,2.6311837675119278e-05
STAC,2.6301805045901085e-05
DENND1C,2.6295159369603284e-05
APOBEC3F,2.6283758400444725e-05
PCP4,2.6278825364949687e-05
CASKIN1,2.6266453386907725e-05
FAM46C,2.6263875877894616e-05
ARSE,2.6235596844980176e-05
SLC22A14,2.6233773824379043e-05
LTB4R,2.6227586346051222e-05
OSBPL5,2.6225449423015425e-05
MS4A1,2.6213152459498393e-05
CAP2,2.6193853283018805e-05
SLC25A21,2.617257110284534e-05
CD160,2.6068017804187e-05
DHODH,2.6063689506339354e-05
ARFRP1,2.603561964015641e-05
UBR2,2.60296008986999e-05
ARMC5,2.6029055817331173e-05
CRISP2,2.602871227383854e-05
RC3H2,2.6027781046713714e-05
PTCHD2,2.5972210529881568e-05
SEMA4C,2.5954602236473492e-05
DISP2,2.5951929473552225e-05
PLEKHA8,2.5950534931014768e-05
ATF5,2.594403317352056e-05
DPP8,2.5935756220057082e-05
CHCHD5,2.5901645411314306e-05
YBX2,2.588551235317328e-05
FADS3,2.588371797164741e-05
KLK14,2.5839073218611168e-05
SH3RF1,2.5832571953143622e-05
FGD6,2.581260969524267e-05
ISM2,2.580664280790106e-05
OBSCN,2.5758144332556686e-05
PHLPP2,2.5746000455387366e-05
NLRC5,2.5683731701688718e-05
CAPN10,2.5631418187296368e-05
CIB1,2.5628074157826143e-05
ADAT3,2.5603736675279496e-05
PRH2,2.5600497287838657e-05
PRH1,2.5600497287838657e-05
USP25,2.5591426337374603e-05
ZNF41,2.5561200708052058e-05
ZNF81,2.5561200708052058e-05
SCGB3A2,2.554807444353813e-05
SRRM4,2.5540488735601044e-05
SOX13,2.5512156228892635e-05
RHBDL1,2.5506848876683253e-05
C5orf42,2.5502305887371673e-05
DDX26B,2.5479005669203853e-05
ZNF827,2.547495271024719e-05
RPGRIP1,2.546775732402484e-05
VNN2,2.546233586734505e-05
LHX1,2.545083811844306e-05
HGFAC,2.542436648492334e-05
GTF3C4,2.540424493519493e-05
CYB561,2.538566064296259e-05
ZFX,2.5375094399999695e-05
PDZD8,2.5326024390428507e-05
IGFBP7,2.5323627152189133e-05
EPS8L3,2.5311410882477787e-05
CDC20B,2.5282706811865678e-05
RFESD,2.5275114748282278e-05
RAB40A,2.5255679082455502e-05
OPCML,2.524450655829481e-05
NKX2-8,2.5241196977167437e-05
GPM6B,2.522068003051927e-05
SPOCK1,2.5216960209207387e-05
KIF27,2.5215470934389946e-05
NANOS3,2.5215041628294214e-05
PTCRA,2.5169827653454258e-05
SEMA4G,2.516724033786321e-05
MAF1,2.5159628553635454e-05
KIF19,2.5145895788609614e-05
FAM167A,2.5109338707835233e-05
LHPP,2.5100103434095748e-05
MYO1D,2.5090375316382918e-05
RRBP1,2.5071517118312232e-05
ZIC2,2.503642604463748e-05
TEKT1,2.5034240004092732e-05
PAIP2B,2.5027112936476952e-05
MAP3K10,2.502576812733405e-05
ZFP37,2.5012386193545697e-05
DCHS2,2.5008288769910878e-05
FAM161A,2.5001891496276272e-05
L1TD1,2.4982979160796327e-05
GPR125,2.4942805375779626e-05
ACOT9,2.49408243115562e-05
ATE1,2.493961571341981e-05
SNAPC4,2.4931951584867895e-05
CISD1,2.491767884785487e-05
NPPC,2.491327781522536e-05
RCSD1,2.487960903136633e-05
TGFBRAP1,2.486438145589905e-05
DPP7,2.482166874828191e-05
CECR2,2.4794680379015535e-05
ATP11A,2.4794016605377843e-05
TMEM180,2.4789898213222092e-05
MFSD6L,2.4789898213222092e-05
YIF1A,2.477932195587184e-05
LEPREL2,2.4750672575933774e-05
THOC3,2.4745860729781555e-05
SIX5,2.4730709948451507e-05
CA14,2.4701081524950334e-05
CD58,2.4696094478920844e-05
CALHM1,2.469005978164327e-05
MYO1G,2.4642301898028565e-05
KRT24,2.463769005098268e-05
FGFBP1,2.462264603938047e-05
ACY1,2.4618014295423925e-05
SLC4A3,2.4605095949199848e-05
CDK5RAP3,2.4603974838529393e-05
ORAI3,2.4602929156706893e-05
LRRC56,2.4598130395218315e-05
CAMKK1,2.4571888640950697e-05
FBXL13,2.4570459082707044e-05
ZNF711,2.4554908613550358e-05
DKKL1,2.4553605665392758e-05
STK31,2.4552293904809352e-05
STAP1,2.4543720169574344e-05
FLRT1,2.4522387695234955e-05
MARCO,2.451145036969091e-05
LCA5L,2.4459826177135823e-05
BIN3,2.445755549131042e-05
GCHFR,2.4456173578530815e-05
NINL,2.4407147140946517e-05
AFAP1,2.437557453395722e-05
PDP1,2.4345900587078366e-05
GNB1L,2.434264694261663e-05
BIRC7,2.4335585952110515e-05
TPST2,2.4291386286767823e-05
HEXIM1,2.4274428152125182e-05
EVX1,2.424480285615008e-05
EML1,2.419638449128643e-05
HCRTR2,2.4195498694133573e-05
OXR1,2.4195498694133573e-05
CTU1,2.4187526688449348e-05
CBR4,2.413587628745104e-05
NPR3,2.4131854307332728e-05
SLC9A6,2.4130164105368357e-05
ITGB1BP2,2.409306822096996e-05
ALG8,2.408914079853735e-05
LIPK,2.408903925626489e-05
GLYATL2,2.408903925626489e-05
PRKD3,2.4055216142504064e-05
TMEM38B,2.4046501168771945e-05
MAGED4,2.40301078990393e-05
MAGED4B,2.40301078990393e-05
RASA3,2.4014160163405353e-05
TULP2,2.3983244991091217e-05
TEX2,2.395836537966835e-05
PNRC1,2.395400428977778e-05
FUZ,2.3947736503058352e-05
FAM109B,2.3939845336272843e-05
LMOD3,2.3838366716902322e-05
APBA3,2.379891387943373e-05
JMY,2.377789416615463e-05
LRRC4,2.3768730248090614e-05
COL19A1,2.374112292878721e-05
RCAN3,2.3660548027897436e-05
RASSF2,2.365184769687064e-05
TTLL6,2.363414564296776e-05
ATG16L2,2.3626034679723744e-05
EVI2B,2.3620982933112515e-05
NETO1,2.3614036972663437e-05
SCML4,2.359140825832375e-05
BACE2,2.3584529546467033e-05
CXXC1,2.3572535433307687e-05
CERKL,2.3564375894852395e-05
TOB1,2.3493691120856362e-05
AMMECR1,2.3486908138540196e-05
C8orf37,2.3486616591691735e-05
MLXIP,2.3471419775545378e-05
RUNDC1,2.3456925074826586e-05
DHX40,2.3452900360581665e-05
CXADR,2.343700638715175e-05
MTMR9,2.3399892901481886e-05
KLK13,2.3396036845313988e-05
FBXO41,2.338960101803303e-05
CCDC15,2.3372546629685485e-05
RCE1,2.3318523360852776e-05
KCTD1,2.324601624538228e-05
ERMP1,2.3242853665912284e-05
PDRG1,2.3216829762611833e-05
SCO2,2.3205101706395115e-05
SLC25A37,2.3201081951281444e-05
CCDC12,2.3189916553391348e-05
SP110,2.3141444887546386e-05
ASB9,2.3129180770104243e-05
ADORA3,2.3106848850058727e-05
TRMU,2.3101126301257313e-05
LTBP3,2.306512501540667e-05
ERCC6,2.3061908231933358e-05
EMID1,2.305391168393402e-05
LAIR1,2.3051713698152552e-05
SH2D1B,2.3050925040438e-05
DUSP16,2.304294022125262e-05
RP2,2.3009180075751507e-05
ARL6IP1,2.2994513673119933e-05
RXFP3,2.2981695932010606e-05
MBNL2,2.2981072075221892e-05
PTH2R,2.297783253138254e-05
USE1,2.2952801282837973e-05
CLPS,2.2929315310000752e-05
IL22RA2,2.2926280578060965e-05
ZNF276,2.291425649486964e-05
USP28,2.291091126258903e-05
ENKUR,2.2891150838309492e-05
ANKRD34B,2.287872146875052e-05
SLC35D1,2.285790315118529e-05
XRRA1,2.285101523828263e-05
FNDC4,2.2829823103399147e-05
FAM178B,2.2821791558387935e-05
TMEM87B,2.2800584826493438e-05
ACOXL,2.2800584826493438e-05
LRGUK,2.2759876183175526e-05
NPL,2.27570350090479e-05
IL18RAP,2.2739287988300874e-05
ALX3,2.272268034248826e-05
RLN1,2.2719247390868855e-05
CORO1C,2.2697286475588622e-05
EFS,2.2691795454658458e-05
NUP210L,2.268657616090855e-05
DPYS,2.268097463712295e-05
PSD,2.2674970201007864e-05
PRKRIR,2.266952133990195e-05
ZBBX,2.2635647421813096e-05
NRSN2,2.2635647421813096e-05
C7orf43,2.2616114122695975e-05
MTDH,2.260422011375803e-05
HIST1H1D,2.2589264593820866e-05
SENP7,2.258048752327985e-05
TBX1,2.2577525813578348e-05
FDXACB1,2.257104866083166e-05
PNLDC1,2.255001406352181e-05
MRC2,2.2539049868065456e-05
NIPAL1,2.2537929551011628e-05
DNAJB2,2.252417122058403e-05
ELFN1,2.2516630407902376e-05
ZFP36L1,2.2504272290941537e-05
SLC20A2,2.2496031826789352e-05
PDPR,2.2486616422230687e-05
NACA2,2.247938003165784e-05
SH2D3A,2.2424564877720396e-05
DUSP27,2.240253443928276e-05
CCDC64B,2.2389842806720937e-05
ITFG1,2.2364384388831347e-05
DCDC1,2.2363893368426733e-05
IGSF6,2.2356547703945247e-05
MAP3K9,2.2341066166836884e-05
NOSIP,2.2325709925684785e-05
ZNHIT2,2.229648360978654e-05
RFPL4B,2.228888418262383e-05
LIPT2,2.228757087207709e-05
FRAT2,2.2285017273196336e-05
PCBP4,2.2282624889219252e-05
FICD,2.227671400700572e-05
CDCP1,2.227163246980735e-05
RAP1GAP2,2.2268619026992403e-05
ELMOD1,2.226639606890493e-05
ZNF215,2.2260115773023228e-05
SERPINB5,2.223439388007817e-05
CGB,2.223310810769349e-05
RXFP4,2.2227778511161528e-05
UCP3,2.220689377261781e-05
CASP8AP2,2.2203543380842587e-05
TCEAL4,2.219458284490309e-05
NANS,2.2193804310307774e-05
ETV2,2.2176994409453628e-05
EXTL3,2.2123541031088774e-05
PCTP,2.208850153059075e-05
GJB5,2.207260986161565e-05
MIXL1,2.2045381064874652e-05
SNCB,2.2040424929786056e-05
ACYP1,2.2033076105025538e-05
TP53I3,2.200394371412657e-05
DZIP1,2.1961264920144888e-05
MEPE,2.195434121490339e-05
KRTDAP,2.194030867758937e-05
CLCF1,2.191486877937104e-05
SHOX2,2.1891074563074256e-05
KPNA5,2.1883532681256926e-05
FXYD7,2.184117642827778e-05
DUOXA1,2.1829730473965306e-05
GSDMA,2.1826775733696257e-05
ZNF467,2.1817772714940588e-05
UHMK1,2.1809175128682254e-05
CNGA2,2.18037961726664e-05
RIMKLA,2.175850102017817e-05
AMICA1,2.172353207702266e-05
PCBP3,2.17182637173018e-05
MPND,2.169292530151367e-05
DMP1,2.168296255048857e-05
PARP4,2.1673042287275926e-05
C17orf96,2.1648631899179754e-05
SPSB2,2.1635137127371682e-05
SLC13A4,2.1630318822084105e-05
KIAA1598,2.162586409707966e-05
LMAN1L,2.162247261449885e-05
TSNARE1,2.1599161205278822e-05
WDR78,2.1595629441554257e-05
AS3MT,2.156936784585601e-05
RAB34,2.154673272516088e-05
GPR18,2.1545350449452526e-05
SYTL3,2.1527117922156054e-05
GRID2IP,2.151892679788424e-05
CLIP2,2.1499881247638453e-05
IL34,2.1496759331432668e-05
TRIM44,2.146694454560724e-05
KRT77,2.1461809834832068e-05
C14orf39,2.145518753180124e-05
DCUN1D2,2.142688507294676e-05
GSTCD,2.141105988573362e-05
CCDC116,2.139898272317267e-05
EP400NL,2.1327266006463758e-05
SHROOM3,2.1277043148515234e-05
FOXE1,2.1276260918212808e-05
VNN1,2.1242686256724215e-05
TTC39C,2.1224193579400985e-05
GPR35,2.1217643106731355e-05
CLDN15,2.119424303780625e-05
ABLIM2,2.118345732727787e-05
RNASET2,2.1166984198184692e-05
MANEA,2.1143588267768198e-05
TRDMT1,2.1123989164018257e-05
TOM1L1,2.1119146940852124e-05
FBXL18,2.109230761811554e-05
RAET1E,2.1091033823036706e-05
KLF13,2.1068617670404057e-05
IGSF8,2.106773366644892e-05
VN1R1,2.1066551029698427e-05
C9orf142,2.10605368330213e-05
ZSWIM7,2.1060536833021296e-05
CEP72,2.1037062345992883e-05
C17orf62,2.100433589168025e-05
DHRS7,2.100433589168025e-05
TMEM189,2.0980532778571165e-05
RASGEF1B,2.0954754995422032e-05
CD96,2.0951422437407127e-05
KLHL17,2.0936467514112768e-05
SOHLH1,2.0933617114712505e-05
FAM71D,2.0929537705495356e-05
RAB36,2.0916863297961053e-05
PLS1,2.0904300926720742e-05
S1PR5,2.0902386657274867e-05
COMMD5,2.090217685652109e-05
SVIP,2.0899664723887344e-05
SGK494,2.0866717802536197e-05
C2CD3,2.0861642133863646e-05
POLR2J3,2.085049314072194e-05
POLR2J2,2.085049314072194e-05
ATP2C2,2.0837151816027476e-05
FAM83F,2.0831034476704793e-05
NEBL,2.0827817887196025e-05
DOK5,2.0758246606536055e-05
PATL1,2.0732427244079302e-05
RHBDF1,2.0732077172396485e-05
PRR4,2.072668038355562e-05
HYAL4,2.0656515712845255e-05
C6orf48,2.0644805792181356e-05
STMN4,2.064433050769757e-05
NLRP12,2.0639490946714983e-05
GSG1L,2.0635907544172755e-05
TMEM194A,2.060185737832665e-05
KIAA1958,2.059632931042719e-05
PITX3,2.0579890322315307e-05
GJC1,2.0578666192760613e-05
NTSR2,2.0574215480447236e-05
COL13A1,2.0564319104899092e-05
TRAF3IP2,2.05523243926575e-05
CNGA3,2.054161529827424e-05
CARD17,2.0517872547838097e-05
CNNM1,2.0510230995696118e-05
CXorf22,2.047345399504432e-05
S100G,2.0467878783371554e-05
DENND3,2.0459239706430888e-05
SCAF1,2.0453349938683556e-05
CCNI,2.0445388575951233e-05
ODAM,2.0428759989797384e-05
PSTK,2.042505616414242e-05
ECM1,2.0419354354671737e-05
RNF166,2.0412171205175664e-05
CA7,2.0407256668619223e-05
PPIL6,2.040458170993358e-05
TACSTD2,2.0396088052588305e-05
FGD4,2.039301660543872e-05
CMTM1,2.038951171278241e-05
MPP3,2.0379149030238812e-05
DUS1L,2.0371038443042297e-05
CD37,2.0358217685379153e-05
DPY19L3,2.0327301671975713e-05
DPY19L4,2.0327301671975713e-05
MAN2B2,2.03203038238747e-05
ACR,2.0314744675586066e-05
C11orf74,2.0311441910964547e-05
LGALS9C,2.0309768659321704e-05
SOHLH2,2.0308066099856748e-05
NAGLU,2.030525219377459e-05
FAM60A,2.0264383318663592e-05
TREML2,2.02370017063818e-05
RAB15,2.0224009851653894e-05
LRBA,2.0176968595701354e-05
GIGYF1,2.0176045976637602e-05
SMYD2,2.0146046711593215e-05
MOSPD2,2.0144633914150554e-05
TMEM181,2.0143153422356986e-05
ADAM28,2.0130000793204022e-05
TIAF1,2.0129285237289486e-05
STAP2,2.0116185526404693e-05
FMNL2,2.0112174313532324e-05
CHRNE,2.009501245190569e-05
GPHA2,2.008867521925242e-05
IRX5,2.0082779960099018e-05
METTL11B,2.0072712105489776e-05
TMEM176A,2.0072371456530323e-05
ZNFX1,2.0057977782444714e-05
GPR12,2.0046194787067888e-05
FDX1L,2.0037082198880167e-05
ARHGEF3,2.0029003581652567e-05
CNTN5,2.0018662100125526e-05
POU4F3,1.9999659135761826e-05
RDH13,1.9963736307106583e-05
SPRN,1.995227179277679e-05
OTP,1.9925321242111715e-05
ADAM9,1.991391111425049e-05
XKR4,1.990333949990097e-05
SLC44A1,1.9899230911312068e-05
RPS19BP1,1.9877089429748762e-05
CAGE1,1.9833607982685333e-05
NBL1,1.982080550797862e-05
MTSS1,1.9806334973897002e-05
ARHGEF17,1.979226439500235e-05
BLOC1S1,1.9789928234679634e-05
SYT8,1.9759850804090373e-05
HECTD1,1.9749103247814947e-05
C5orf30,1.9745534351169196e-05
TCP11,1.9718070636513908e-05
GPR89B,1.9685875985954068e-05
PVRIG,1.9669826013619325e-05
VPS13D,1.9601513926737085e-05
KHDRBS3,1.9566479887662098e-05
BLVRA,1.953427650636853e-05
RARRES1,1.9492046370925995e-05
BOLA1,1.9435159581309307e-05
IGSF11,1.941907093111667e-05
TMEM200A,1.9393020487258675e-05
ARMCX2,1.9384623663552502e-05
SLC16A8,1.936838104660617e-05
SSTR5,1.934461254925183e-05
UEVLD,1.9305384135414164e-05
SLC7A13,1.929302020356205e-05
TBXAS1,1.9244070635237037e-05
ENPEP,1.9226148875443066e-05
RINL,1.918857244577936e-05
KIF6,1.9153322567732752e-05
R3HDML,1.914757148096152e-05
COMMD6,1.9144693639584208e-05
CMTM4,1.914317607075775e-05
XKR3,1.913729119845375e-05
ARMC1,1.9109355478807248e-05
EPX,1.9108902232768423e-05
C19orf33,1.9104560130890023e-05
IER2,1.9097135925715274e-05
SHPK,1.90795458155431e-05
ZC3H12A,1.9019812864180374e-05
ZDHHC8,1.9001817590535482e-05
MEGF11,1.899976974051314e-05
MYO1E,1.897451396905758e-05
KIF1B,1.8955654583681486e-05
BTN3A1,1.8891925974187117e-05
NRAP,1.8854009932421912e-05
NECAB3,1.8851473862276657e-05
LILRA5,1.88284790252513e-05
LRCH3,1.8819395599708574e-05
R3HCC1,1.880993068535457e-05
NAT8,1.8767041875431777e-05
TPST1,1.8760427317164092e-05
CFHR5,1.8755615458162677e-05
MADCAM1,1.87438361883859e-05
TXNDC16,1.8720856631284513e-05
TUBE1,1.8692566522402168e-05
CTDSPL,1.8678570491224746e-05
ARAP2,1.8672703886773697e-05
TGM4,1.8660797562530756e-05
ZNF644,1.862243800922244e-05
LETM2,1.8620458574984922e-05
HRH1,1.861806603713203e-05
OR3A2,1.8585229131107353e-05
ANKRD50,1.8575783361287476e-05
LMCD1,1.855049262977353e-05
FERMT1,1.8543998981404145e-05
AMN,1.8529402967673185e-05
LGALS1,1.8511860566689455e-05
MAN2B1,1.8504852493359265e-05
TMEM150B,1.8497140750827232e-05
TRIM69,1.847153496045311e-05
NLRP4,1.8470337776813397e-05
AZIN1,1.8465614965137428e-05
ARHGAP8,1.846171808305981e-05
FAM73A,1.8456809879228884e-05
SPSB4,1.838687187337926e-05
MEGF8,1.8386841719553e-05
HES4,1.8347516679437715e-05
CCDC146,1.8283262966683765e-05
ATPIF1,1.825609637569721e-05
CHRM4,1.825554482382715e-05
SPIN3,1.8240157853258813e-05
HEATR6,1.8230961454497234e-05
ART1,1.8230785770200717e-05
CYB5RL,1.8222718562751028e-05
DUSP10,1.8217996614037887e-05
ACTR3C,1.8208447598711712e-05
PLGLB2,1.8206994290997492e-05
ZNF652,1.820182770380708e-05
CLCN4,1.8192140809362872e-05
SLC25A40,1.8161088207648963e-05
IL15RA,1.8147714993139813e-05
TMX4,1.8114916840890375e-05
NXF3,1.8107608005094752e-05
FCRL3,1.809633674959051e-05
GPR171,1.808789865709684e-05
HOOK2,1.8082667462147307e-05
FRMD3,1.8074403870825214e-05
COL23A1,1.8066412857306698e-05
DYRK1B,1.804656937700071e-05
TOMM20L,1.8040161934493345e-05
BHLHB9,1.802700849680333e-05
ZNF598,1.800095185214525e-05
C1orf162,1.7992560570124458e-05
ARMC2,1.7988686611032544e-05
DMRTA1,1.7968381432975094e-05
CAMK1G,1.796407553980271e-05
PABPC1L,1.7952298484244737e-05
DTX3L,1.7927978942277945e-05
TWF2,1.7924152404465177e-05
CCNI2,1.792281731318405e-05
TMEM169,1.792096192508288e-05
PXK,1.792096192508288e-05
LANCL3,1.7913893649948552e-05
FAM102A,1.790977874388595e-05
CLEC12A,1.7894021711620052e-05
SLN,1.788987854634724e-05
CDC42EP5,1.788925353778101e-05
SDCBP2,1.7885262193668533e-05
WSB1,1.7866534051516417e-05
CC2D1A,1.7850213478518846e-05
MXD1,1.784390017310171e-05
MS4A4A,1.7830064746320115e-05
CCNL2,1.782738423950504e-05
HELZ,1.7812123732046197e-05
C1QL1,1.7765714764269846e-05
GPR1,1.7747917280232302e-05
NPC2,1.7730217121581264e-05
NET1,1.7729959311101015e-05
ZNF771,1.7722452193050044e-05
OLFM3,1.77218664693694e-05
GPR183,1.768223291607942e-05
CTAGE1,1.7658117098292288e-05
LYSMD2,1.7651193690705802e-05
TACC2,1.7638632640285156e-05
ST6GALNAC5,1.7634951601536117e-05
HGSNAT,1.7615672189906506e-05
ASB4,1.7610530417330588e-05
FAM132A,1.7591063898660324e-05
TTC29,1.7576761927519943e-05
TMC4,1.7565310938031106e-05
C10orf32,1.7562948206084196e-05
TOX,1.7561734761279028e-05
NFKBID,1.7500358678419395e-05
RP1L1,1.7471495781870814e-05
SULF2,1.7468423768791362e-05
ADRA2B,1.7462937985114544e-05
SLC25A35,1.744912353135678e-05
FRRS1,1.7438821700575097e-05
PLVAP,1.7399090509788036e-05
BTN1A1,1.7388269392225944e-05
C11orf65,1.737816516928383e-05
GDF1,1.736266665682243e-05
ATL3,1.7343775112641843e-05
MEF2B,1.7303331487394266e-05
SLC27A4,1.729230871157463e-05
HSH2D,1.7291808502745582e-05
CST9L,1.7287772658400693e-05
SIRPB1,1.7270421765565112e-05
TMEM229B,1.722866172289668e-05
SPINK4,1.718649267248522e-05
SPINK2,1.718649267248522e-05
TFCP2L1,1.7132259975281213e-05
DPYSL4,1.7095617818471714e-05
VCPIP1,1.7076820108744804e-05
CYB5D1,1.7054509177872174e-05
C4orf33,1.7053455632649087e-05
TRIB2,1.7052498740935546e-05
EMX1,1.7040027465761378e-05
HOPX,1.702493740519248e-05
CAPN5,1.7024662303882563e-05
TMED1,1.6995761886307582e-05
ARHGEF5,1.698538825387449e-05
RBM46,1.697031599242511e-05
FOXE3,1.695092543621575e-05
CLDN18,1.6913827086265197e-05
SERTAD2,1.6913827086265197e-05
PLEKHA6,1.690808687521774e-05
MAP4K2,1.6880441783834068e-05
SLC4A11,1.6802954530550504e-05
DOK3,1.6797889604137946e-05
SLC35B1,1.6772572669729798e-05
CDCA7L,1.673143623055209e-05
GPR153,1.672757593116914e-05
CLVS1,1.6724838319844164e-05
MRI1,1.6723431894323496e-05
FAM91A1,1.672116235856302e-05
LPHN1,1.6717812092293927e-05
HOXB8,1.6712712298467664e-05
SERTAD1,1.6687327333129556e-05
SGK223,1.6678019153820455e-05
HAVCR1,1.666959419980096e-05
TRIM3,1.6644330434425948e-05
TRIM16,1.6639273032613602e-05
PPP1R1C,1.6638496777058403e-05
IP6K3,1.662519386053963e-05
VCX,1.662505818553692e-05
TREML4,1.6614782621147573e-05
SLC2A13,1.6609942692248166e-05
UCP2,1.6589326650036863e-05
WDR64,1.6571799275930412e-05
MAP1S,1.655916491342735e-05
TMEM159,1.6533611583060913e-05
ORAOV1,1.6524782197260183e-05
NSUN7,1.6491881279486607e-05
RIPK4,1.648767122528722e-05
MGAT3,1.6478426181558516e-05
GLIS2,1.6458575920762564e-05
TSPAN3,1.644206457017122e-05
CLIP4,1.6415635996633167e-05
PPP1R13L,1.6359571117363353e-05
TTBK1,1.632947156030476e-05
GMIP,1.6285693812285345e-05
CLEC4A,1.627208598348336e-05
KRT3,1.6259375092650097e-05
MGAT4A,1.6241038342439134e-05
ELOVL7,1.6226316129187088e-05
CST2,1.622044134752903e-05
EXOC3L2,1.6216915149923244e-05
WBSCR27,1.6204989170380445e-05
STOML1,1.618009450591672e-05
CELF3,1.6179809339805815e-05
FAM20C,1.615870387028679e-05
GLOD5,1.6152242952139774e-05
PTPRO,1.6150093331255728e-05
SUV420H2,1.6137613950747478e-05
METTL12,1.61323929993205e-05
LZTS2,1.6110949015914684e-05
SLC25A24,1.60889618301737e-05
FCRL1,1.6082558874366036e-05
GPR128,1.608197742458983e-05
NLRP2,1.6077485028814515e-05
HRSP12,1.6070266541215864e-05
TRIM67,1.6063426563822115e-05
AP1AR,1.606265012631476e-05
PDZK1IP1,1.6031767273192355e-05
GPR137C,1.6024311335098738e-05
CITED4,1.6017050292007208e-05
NUPR1,1.601663240500658e-05
PTCHD1,1.6005694783060684e-05
MICAL1,1.6000999652580937e-05
PEX11G,1.5993265280142658e-05
MPP1,1.598700731130647e-05
CA13,1.5940082315191125e-05
CDC42BPA,1.5909315039268056e-05
TMEM86A,1.5907270210390086e-05
GPR111,1.5899439095969716e-05
MXD4,1.5896795070778862e-05
HLX,1.5885302178875192e-05
FCRL5,1.5870037404058138e-05
FIBCD1,1.585379342230035e-05
LTK,1.5849261410555264e-05
TAS2R4,1.5834263108693782e-05
FHOD1,1.5825976012375556e-05
HIPK1,1.582007993220623e-05
MVP,1.5817466833199855e-05
CCDC125,1.581542173716929e-05
LRCH1,1.5812558976968442e-05
SGTB,1.5794273072052622e-05
PAQR5,1.5792183481749438e-05
HNF4G,1.5776683614192715e-05
TUBD1,1.577573466109804e-05
PELI1,1.5763743924380832e-05
NPAS1,1.573593920459761e-05
KRTCAP2,1.5719654697776583e-05
FHAD1,1.5719062457766863e-05
ZBTB7B,1.5718696697697134e-05
SLC25A30,1.571355572761389e-05
CCDC86,1.5712092330697753e-05
MAGEA11,1.5701713280079177e-05
DDAH2,1.5697296944674554e-05
SAMSN1,1.5672018202478436e-05
APPBP2,1.565216245334036e-05
LMO7,1.561410915236e-05
PLEKHG1,1.5604047455207615e-05
PPIP5K2,1.5579009519013586e-05
DRAP1,1.5538485477424577e-05
FOXN4,1.552982222041771e-05
FAM109A,1.5501008699682538e-05
CNKSR3,1.550065020498052e-05
SIPA1L2,1.5498992335305846e-05
LRRC23,1.548572819297261e-05
SPSB3,1.548513967493084e-05
CCDC102A,1.548025834245084e-05
NCKAP5L,1.547648615763621e-05
ARSF,1.547139265508339e-05
ZMAT4,1.5457783052596345e-05
GMCL1,1.5457783052596345e-05
GZMM,1.54556066397733e-05
LHFPL3,1.5451005844040954e-05
PMM1,1.543007844706804e-05
RASSF3,1.541216318633902e-05
ARHGAP32,1.5389717966153636e-05
EFR3B,1.5381314445683468e-05
EFR3A,1.5381314445683468e-05
IRX3,1.5373469366977444e-05
XPR1,1.532330208940004e-05
FAM81A,1.5322273321667128e-05
GTPBP3,1.530976108521141e-05
TBX6,1.528251201035595e-05
SCPEP1,1.5222753268256616e-05
NLRX1,1.5219650702231976e-05
THOP1,1.5206965901175772e-05
ACP6,1.5189299735715324e-05
NDUFA4L2,1.5178827966553807e-05
SHISA7,1.5171852771810014e-05
QRSL1,1.5161920663448572e-05
ANKRD10,1.515586825637418e-05
ANKRD2,1.5149250074647905e-05
LHFPL4,1.5146784536184373e-05
TXNDC2,1.5141957092882635e-05
GPR22,1.5129451643275046e-05
NRGN,1.5125070150203277e-05
CLEC2B,1.5121121541711892e-05
SLC43A2,1.5112850101967865e-05
LENG8,1.5109654568253369e-05
SMOC1,1.5109351636370211e-05
SLC9A2,1.5102436923990154e-05
OTUD3,1.5098199784246297e-05
PPM1K,1.5096955030487135e-05
QSER1,1.5096159216732539e-05
VNN3,1.5092455050530955e-05
AHNAK2,1.5088651056460956e-05
AIP,1.5078641983184383e-05
SLC25A13,1.5068062301804022e-05
ANKS3,1.5056440819342493e-05
VRK2,1.5015025763273489e-05
MYEOV2,1.4994321248873732e-05
RLN2,1.4979736773794908e-05
MYLK4,1.4979363616414432e-05
EVI5L,1.4971723353907537e-05
TULP4,1.495930547361122e-05
OGFOD2,1.494515776969249e-05
VTCN1,1.494141954626445e-05
SBNO1,1.4927902386559098e-05
SH2D4A,1.4922978440521591e-05
KHDRBS2,1.4881617835931357e-05
CCDC82,1.4868973734172123e-05
SSSCA1,1.4866776762890347e-05
GPR3,1.4833135392420342e-05
CCDC102B,1.4817518560413235e-05
SLC39A3,1.4813755634222691e-05
KIF25,1.4807032266327592e-05
DDRGK1,1.480552162020108e-05
FRMD4A,1.4758182161637942e-05
FMNL3,1.473662817401671e-05
RTN4RL2,1.4714843083973443e-05
ODF2L,1.4700168043588998e-05
ABTB1,1.4687958007302907e-05
OTOR,1.468264101338962e-05
VWC2,1.4655647368430222e-05
TBC1D24,1.4647056682359717e-05
TTF2,1.464693949906471e-05
MSR1,1.464115073373358e-05
SIPA1,1.4638714132123685e-05
TMEM219,1.463645678357785e-05
CENPV,1.4585849213251035e-05
SIGLEC7,1.4573262553489635e-05
NHLRC2,1.4558877401769034e-05
PTGIR,1.4532567135214882e-05
CLGN,1.4529966492434718e-05
RCCD1,1.4525498515378455e-05
HIVEP2,1.4518653028907143e-05
LRP11,1.4504352027952482e-05
DOCK5,1.4487065084538587e-05
SERPINB9,1.4479231539637164e-05
FLYWCH1,1.4477049562561705e-05
PRAM1,1.4449251607714113e-05
HRH4,1.4447118196915421e-05
SLC5A10,1.4439332844406877e-05
FOLR3,1.4424081319179195e-05
FLVCR2,1.4424081319179195e-05
DACT1,1.4402851872804767e-05
SMTNL1,1.4402236751747701e-05
TRIM36,1.4397906389398074e-05
ANKRD46,1.436903242188491e-05
ZNF232,1.436536898049558e-05
SOX8,1.4352368115460004e-05
SPATA24,1.4330335076050196e-05
SLC6A16,1.4322343616447317e-05
ADAP1,1.429269810671007e-05
ACTBL2,1.4284074528399501e-05
CECR5,1.4267836862701523e-05
SLC13A3,1.4251093850195412e-05
CLEC12B,1.4201272008360014e-05
ZNF292,1.4201085369396846e-05
THEMIS,1.4197319100052822e-05
SH3GLB2,1.4185410059452235e-05
LRFN3,1.4167540254986325e-05
TSTD2,1.4160766624050957e-05
UNC93B1,1.4150728128634533e-05
HMGN5,1.4139952279496031e-05
RSAD1,1.4135797425765342e-05
POLRMT,1.4129890781738666e-05
MOAP1,1.4117536664130938e-05
SYCP2L,1.4111667703964377e-05
PARP15,1.4083155820527643e-05
C10orf12,1.4076577363090365e-05
ARRDC1,1.4069015132044283e-05
LRRC14,1.4042059492386173e-05
HYI,1.4040457237909469e-05
PIGZ,1.4029020767351926e-05
IPCEF1,1.4025141907653282e-05
NEUROD2,1.4024170049125156e-05
HECW1,1.3986329741642746e-05
TMED6,1.3960426923587696e-05
RAP1GAP,1.3955575500332757e-05
SLCO4A1,1.3932259285531825e-05
MARCH3,1.3930139178457883e-05
KCTD6,1.3903248765786667e-05
TRIM55,1.3902662497534293e-05
ETV3,1.3898723895374858e-05
FAM171B,1.3885850362109826e-05
ZNF575,1.3878676139074017e-05
SPEF1,1.3876603536764086e-05
FAM89B,1.3876067096055825e-05
MPHOSPH6,1.3862733521476754e-05
NXPH2,1.3855030520291852e-05
TBKBP1,1.3840330073835048e-05
PTRH2,1.381665132763842e-05
DENND4A,1.3800285526572602e-05
ST8SIA4,1.3770683551830702e-05
KRT72,1.375286441986724e-05
COMMD4,1.3749913146944454e-05
COQ4,1.3742984014553828e-05
COQ3,1.3742984014553828e-05
CSNK1A1L,1.3687543860315181e-05
WASH2P,1.367202701521778e-05
FAM21A,1.367202701521778e-05
TMEM63A,1.366517656450819e-05
HERC1,1.3653980853259624e-05
TIGD3,1.364332357158776e-05
MID1,1.3592680711678575e-05
TMEM27,1.3529255619941223e-05
SCAMP5,1.3527975400212568e-05
BMP2K,1.3496316392354694e-05
MMACHC,1.3493076401499384e-05
LONP1,1.3486572647979202e-05
GK5,1.3468399712550707e-05
DOCK10,1.3467692412030254e-05
GMFG,1.3466763439477962e-05
GOLM1,1.3460126589468547e-05
USP12,1.3452475924620302e-05
NCEH1,1.3411318717171032e-05
ARFGEF2,1.3365957293050946e-05
NFKBIL1,1.3317859949253953e-05
TMUB1,1.3314807292361271e-05
STARD5,1.3298004353275902e-05
ARID3B,1.328375162555169e-05
SYT14,1.3266084057186243e-05
UBASH3A,1.323593064436195e-05
ZDHHC23,1.3230380846741746e-05
C16orf59,1.3209363001857474e-05
C14orf80,1.3209363001857474e-05
BCAS4,1.3197885759616206e-05
CHIA,1.318659451325976e-05
TRIM2,1.3171315784504194e-05
CRISP3,1.3164820408960622e-05
CCRN4L,1.3133674783002425e-05
MANBA,1.3111148362189115e-05
VSNL1,1.3109602731394255e-05
S100Z,1.3106948969403519e-05
ENPP6,1.3092569586440966e-05
ZNF775,1.3069920609752332e-05
MPP4,1.3043618610744818e-05
C2orf71,1.3023075617243535e-05
IMPG2,1.3023075617243535e-05
MAP7D3,1.3021444367601644e-05
TMEM129,1.30098563733846e-05
C6orf15,1.300146281855426e-05
ARFIP2,1.2990932678441777e-05
STARD10,1.2989767924506052e-05
MAGEH1,1.2986814132731802e-05
C16orf74,1.2976374986486938e-05
PRAF2,1.297037193657771e-05
TIGD1,1.2958540769801412e-05
C21orf2,1.2955256792179731e-05
RSC1A1,1.2953903077002139e-05
CEND1,1.2951039369502492e-05
C17orf59,1.2944190738549395e-05
TMC8,1.2933514894513005e-05
PAPD5,1.2930955404171319e-05
TP53INP1,1.2906336720651812e-05
RBM7,1.288853221250067e-05
CORO7,1.2883686146080444e-05
SHOX,1.2881734761322607e-05
PQLC3,1.2867606283026249e-05
STK33,1.2841077767422232e-05
CAMK1D,1.2824483328803691e-05
C1orf112,1.2787623767392847e-05
PRR5L,1.2784103715360181e-05
TNFAIP2,1.277305151650967e-05
TRIM56,1.2733370037403252e-05
ZNF511,1.2722541693584312e-05
TM4SF4,1.2704147896698644e-05
FXYD5,1.2693900314737806e-05
C6orf52,1.26926765172273e-05
ZFP3,1.2678401490666172e-05
BCAS3,1.267748233741408e-05
KRT71,1.267063027096363e-05
GPR20,1.265930907122967e-05
FMO3,1.263945969561554e-05
FMO4,1.263945969561554e-05
ASB2,1.2618044030895192e-05
ENDOG,1.260346994650752e-05
ZRANB3,1.259419713431072e-05
ICAM4,1.2558910921061958e-05
SLC9A7,1.2540177894407996e-05
EPM2AIP1,1.2513104391675614e-05
KIAA0195,1.2482777247184083e-05
ANXA10,1.2471595315926266e-05
LIPH,1.246526436831971e-05
CTNNBIP1,1.2447623032253777e-05
COL28A1,1.2416683767584942e-05
MICALL2,1.2410910894017178e-05
PPTC7,1.2374271144415746e-05
CD180,1.2339587538596398e-05
TBX22,1.2322176215566283e-05
SLC41A2,1.2317003736754525e-05
SNX24,1.2304127106767002e-05
PRKCDBP,1.229946308392937e-05
RIMBP3,1.2299209064091924e-05
CLSTN3,1.228234722204257e-05
TEKT3,1.2268916528075899e-05
SPOCK2,1.2263208505730325e-05
HECW2,1.2260325491842043e-05
APOBEC3D,1.2225270979411694e-05
CDC42EP2,1.2191036379537916e-05
CDC42EP3,1.2191036379537916e-05
THAP3,1.2184605027116739e-05
FBXL2,1.2175830895504967e-05
DBNDD2,1.2153330949376347e-05
HAPLN2,1.2144514019130395e-05
CTXN3,1.2134249935113952e-05
MARCH9,1.2115854341320027e-05
BCL2L15,1.2102855056409935e-05
CYB5R1,1.2091215537458632e-05
FCAR,1.2087629215144009e-05
DDAH1,1.2084134236466767e-05
ANKRD23,1.2064247585919284e-05
USP37,1.2057134196900164e-05
FAM127C,1.2047351728774285e-05
RNF126,1.2022724434934373e-05
PLSCR3,1.2005287974403678e-05
KHDC1,1.2004188205952217e-05
CCDC24,1.1931528276840126e-05
TMEM161A,1.1926665640313523e-05
FCRL2,1.1919770209109944e-05
HEBP1,1.191489992164502e-05
TC2N,1.1908121589102292e-05
HIVEP1,1.185764317891651e-05
FLG2,1.1853881563457275e-05
GPR75,1.1829060706598678e-05
TNFAIP8,1.1805376811128696e-05
FAM155A,1.1784201615253937e-05
JMJD1C,1.178103079085027e-05
ZDHHC21,1.1770148926519833e-05
OSGIN2,1.1754241267394741e-05
RMND1,1.1744225933608019e-05
PADI3,1.1729542540724141e-05
LACTB,1.1724895603253661e-05
ZMIZ1,1.1719775648331002e-05
SDR42E1,1.171753612191472e-05
HOXC8,1.1712454664684383e-05
RFXAP,1.1681078153140933e-05
KIAA0513,1.1672735710668683e-05
KBTBD7,1.1653166449098714e-05
PILRB,1.1642334098298954e-05
CDC42BPG,1.1629135075840837e-05
CD97,1.1617365764930116e-05
RAD54L2,1.1615745960430546e-05
ZNF358,1.1614387732316815e-05
OBP2B,1.1601698640038316e-05
ZNF536,1.1575354699916487e-05
DMXL2,1.1568153014630375e-05
OGFR,1.1559147697548328e-05
CCDC84,1.1556348608980478e-05
LRP5L,1.1556006102865606e-05
ZNF512,1.154362683651979e-05
C2orf16,1.154362683651979e-05
MDFIC,1.1524451624765881e-05
PRB3,1.1516048595795947e-05
SERPINB8,1.1500290157051718e-05
EMILIN1,1.1489073753835726e-05
ASAP3,1.1465742356852984e-05
SLAMF7,1.14618511953954e-05
NTM,1.1447715446074003e-05
CORO1B,1.1418597332103786e-05
SCRT1,1.1414299441925304e-05
ARL11,1.1406744862003486e-05
DCUN1D5,1.1393149497639834e-05
PAQR8,1.1384024396252486e-05
CD84,1.1370467130167626e-05
SLC25A45,1.1365323095123564e-05
CXorf40A,1.1358460815507745e-05
CNPY3,1.1344995565525178e-05
EXTL2,1.1344210007880887e-05
FRMPD4,1.1340817344653173e-05
HIPK3,1.1336152854323763e-05
MIIP,1.1334112515840085e-05
NEK1,1.1314231091965343e-05
PJA1,1.1312725816280438e-05
LNX2,1.130620025762886e-05
CLDN25,1.1298059561161646e-05
SIGLEC10,1.1286195905965493e-05
FAM184A,1.1279428651084805e-05
EHBP1L1,1.1270865550611636e-05
CNN3,1.1263614006959035e-05
OVOL2,1.1258025996632653e-05
ARFGEF1,1.1250419137616327e-05
LY9,1.124810363458146e-05
SLC5A3,1.1201452167056977e-05
SCIN,1.1200635075460974e-05
ZNF239,1.1189071314933328e-05
YPEL3,1.11750540099826e-05
KRT36,1.1168156013128816e-05
CCHCR1,1.116611108662614e-05
MATN4,1.1160539984675528e-05
ABCC1,1.1134962057982475e-05
ALKBH3,1.1100285575375922e-05
SLC25A1,1.1098434595960694e-05
STYK1,1.1095140655778094e-05
ZNF653,1.1090202148956303e-05
NKPD1,1.108508891764541e-05
VAMP5,1.1080596844399362e-05
KAAG1,1.1063471428825153e-05
GPR56,1.1015381681286407e-05
FAM57B,1.0999131563880639e-05
DDHD2,1.0994611451960421e-05
SLC25A41,1.099042300707317e-05
ARID3A,1.0980410771331481e-05
ZNF639,1.092484371735465e-05
STRBP,1.0920350210012303e-05
RNASE6,1.0919093917392164e-05
FRK,1.0917613181252783e-05
PABPC3,1.0904201982433042e-05
C11orf85,1.0903787799079383e-05
TMEM117,1.0869366493510806e-05
AQP6,1.0861404548511113e-05
PLEKHG4,1.0824798668538499e-05
GBGT1,1.082286649960578e-05
PLEKHA2,1.0800729152821085e-05
ATP13A3,1.078848962216291e-05
NKD2,1.0783848570453703e-05
FXYD3,1.0772615449002885e-05
FOXF2,1.0757494217951122e-05
PTPRCAP,1.0754073349859807e-05
WDYHV1,1.0703689042126268e-05
BTN2A2,1.0702206769825403e-05
PIM2,1.0667123565780124e-05
LRRK1,1.0624512110406112e-05
ZAN,1.0593582051953859e-05
LRRC46,1.0577876145694363e-05
MINA,1.0574348600738293e-05
ICAM5,1.0553689197720512e-05
ABHD14A,1.0550665223729087e-05
TRIM29,1.0525105155511413e-05
REEP3,1.052281583027043e-05
TCTA,1.051652343463357e-05
MEX3D,1.0461389460353038e-05
TAPBPL,1.0452030027198505e-05
TEKT4,1.04302109453048e-05
AP3B2,1.0418306325969828e-05
FBXW9,1.0395414194701021e-05
RCN3,1.0384144229615981e-05
SFMBT2,1.0380536549952597e-05
CCDC57,1.0367421366374104e-05
ZNF512B,1.0364469661337529e-05
PWWP2B,1.0364469661337529e-05
ZNF503,1.0358251929579423e-05
COMMD3,1.0341219007774755e-05
C17orf75,1.0333403286489912e-05
TMEM164,1.0299904473295506e-05
RCOR3,1.0291565367822068e-05
TRMT12,1.0269250077381068e-05
ASPG,1.0262453957033777e-05
SNAPC2,1.0258463941982265e-05
RASGEF1A,1.0245255678103295e-05
ARL4C,1.0201701487973372e-05
ZNF365,1.0199390434655948e-05
FAM199X,1.0191798794993763e-05
GLIS3,1.018255270165228e-05
KIAA1751,1.0166523002837374e-05
BATF2,1.0162518823520838e-05
CRAMP1L,1.0157521853390564e-05
LENG9,1.0152110357392008e-05
ANKRD42,1.0151029794839611e-05
ZNF692,1.0132211205428796e-05
PDP2,1.0130450359246562e-05
DGCR6L,1.0116149122968747e-05
EPPK1,1.0108589375364153e-05
ASTL,1.0080676292065121e-05
PLP2,1.0068747631739455e-05
ZBTB39,1.004776225977559e-05
SLC5A9,9.988242032654237e-06
IRAK1BP1,9.985796687473843e-06
RP9,9.98412907756483e-06
TMIGD2,9.980588200067293e-06
FAR1,9.961040927838772e-06
FAR2,9.961040927838772e-06
SSNA1,9.959309373972953e-06
IL18BP,9.957594851191684e-06
SMAGP,9.956502395029762e-06
PRRG4,9.926608891440162e-06
TFAP4,9.922256286800895e-06
FUT11,9.912803180497369e-06
DNAJB14,9.905176136065125e-06
RAPH1,9.901799280531833e-06
MFHAS1,9.866270572258599e-06
FAM168A,9.849300124212419e-06
POU6F2,9.834568862034551e-06
MAP3K6,9.827105473528887e-06
C8orf46,9.820616687332403e-06
TACR2,9.81466561504314e-06
RASSF4,9.807756651517166e-06
NUCB2,9.766918828422211e-06
TSSK6,9.746011547645321e-06
HESX1,9.716372487543744e-06
TFAP2E,9.705769857257388e-06
USP49,9.701624411013135e-06
DTD1,9.697176239446631e-06
TMC6,9.696745228989428e-06
SLITRK4,9.676310676497146e-06
GGN,9.645087747422592e-06
FARP1,9.639764488664817e-06
SLMO2,9.623156477732966e-06
IQSEC2,9.586756941988064e-06
NAV2,9.5472169955895e-06
PHF3,9.543118357070457e-06
ENPP4,9.526973798336283e-06
RAB6C,9.511132791187018e-06
LECT1,9.50493880111735e-06
THOC6,9.49896147234342e-06
STAU2,9.483913158278187e-06
LBX2,9.454308923334362e-06
IRGM,9.448338902028236e-06
SLC24A3,9.435966268775986e-06
FAM160A1,9.420775278119544e-06
CCDC88A,9.408448191872808e-06
KIAA1210,9.403382235170891e-06
GPR152,9.37010494377356e-06
LRIG2,9.366880580202334e-06
TSEN54,9.355211512856323e-06
HHLA2,9.33085868117808e-06
TMEM2,9.30908789986383e-06
TLR10,9.304850950347578e-06
JSRP1,9.302267572105975e-06
RASL10B,9.293150561710854e-06
HRH3,9.283202335212616e-06
NAT6,9.272921317630989e-06
GABRR2,9.266766342707775e-06
GABRR1,9.266766342707775e-06
PON2,9.26594911357126e-06
ASCC3,9.254778837093044e-06
GKAP1,9.249118862283772e-06
PHLDA1,9.230941023880312e-06
LNP1,9.228625036977096e-06
ZNRF2,9.211623130844213e-06
C7orf61,9.208079490623413e-06
MSMP,9.193239015334583e-06
CCDC130,9.18549153747512e-06
FBXO6,9.169050419401779e-06
C19orf12,9.153769736227543e-06
RIPPLY1,9.113720100058916e-06
FUCA1,9.099727284482008e-06
PRAP1,9.072873588010667e-06
PDIA5,9.072507138506112e-06
IMPG1,9.063169955468914e-06
C2orf88,9.05074021865333e-06
MCF2L,9.034330039299518e-06
CDC42EP1,9.013117944147323e-06
HMX3,9.011611489153365e-06
RALGAPA1,9.008353224570623e-06
P4HTM,8.965985968486676e-06
SCAI,8.935889628428084e-06
ZNF141,8.927715417051736e-06
LGALS9B,8.924761337878852e-06
QSOX2,8.893017389135212e-06
RBM47,8.892477253342402e-06
GAL3ST3,8.871888781832435e-06
MARVELD3,8.85219852595814e-06
ASMTL,8.849176051698194e-06
BTN3A2,8.844412975384296e-06
BTN3A3,8.844412975384296e-06
FAM133A,8.827426340327425e-06
C14orf159,8.826317805036644e-06
CPNE3,8.812778276702052e-06
CCDC134,8.810083804321164e-06
NIPAL2,8.80730357113802e-06
PMEPA1,8.79997588810841e-06
GPATCH4,8.799468555176277e-06
TCP10L,8.789557680600804e-06
LAX1,8.783843093816827e-06
FOXA3,8.758855244039437e-06
RHPN2,8.748776638599934e-06
OR51E2,8.746349915859472e-06
FAM83G,8.73732481407823e-06
DNAJC1,8.734211985170592e-06
LGSN,8.729667444559291e-06
TIFA,8.71844283266578e-06
FAM120C,8.713700442142604e-06
FNDC3A,8.71280005971841e-06
SPEG,8.697395505939378e-06
STARD4,8.692665230898962e-06
NR6A1,8.686396716676457e-06
ELP2,8.668194564687665e-06
SYNGR4,8.660621177419457e-06
TRIM14,8.660413262849641e-06
L3MBTL4,8.62792790103799e-06
CA10,8.617785664323066e-06
RBMS1,8.588065077395106e-06
USP43,8.564529199867273e-06
MARCH1,8.532471559064723e-06
QRFPR,8.508487787116821e-06
TMEM68,8.50450675861735e-06
TTC38,8.504037548533273e-06
ZG16,8.504037548533273e-06
RAPGEFL1,8.483765012764323e-06
FKBP11,8.475789680205705e-06
MZF1,8.448663401115284e-06
ZFYVE19,8.44212540714278e-06
ZNF281,8.436227336496948e-06
HPCAL1,8.420420286932727e-06
TNFRSF6B,8.40757617020295e-06
MSRB2,8.393840208770628e-06
NEURL2,8.362056116285662e-06
CUZD1,8.361804487594536e-06
NDUFAF2,8.355408140913716e-06
C6orf165,8.342745447035994e-06
FGF11,8.32959811942897e-06
AMDHD2,8.293024527209006e-06
MTMR12,8.292195861256478e-06
KIAA1161,8.279422312960977e-06
KANK4,8.231598442309775e-06
SPNS3,8.226124190640155e-06
FGFBP3,8.209675400294737e-06
GTF2A1L,8.204091459961816e-06
PRELID2,8.195644897264075e-06
C15orf59,8.18536597662621e-06
ZBTB37,8.173100640747822e-06
TTC39A,8.156904929795643e-06
RAX,8.136339063913337e-06
NMT2,8.134009764511586e-06
EFHD2,8.118409196918392e-06
ARSI,8.107548231509466e-06
ARSJ,8.107548231509466e-06
ARL6IP4,8.10316475667744e-06
CNNM4,8.092959943537962e-06
CNGA4,8.04380595625875e-06
NIPSNAP1,8.04247791735284e-06
ATL2,8.032801123597433e-06
LRRC25,8.028501500452153e-06
KDELC1,8.027126705532688e-06
VWA3A,8.017801114510529e-06
POTEE,7.999868941331513e-06
ZNF114,7.987836464303897e-06
MARK1,7.976729448592852e-06
ZNF469,7.974487287663547e-06
NCOA7,7.971660393097993e-06
TAS2R5,7.964706288669443e-06
TAS2R14,7.964706288669443e-06
TAS2R31,7.964706288669443e-06
TAS2R3,7.964706288669443e-06
TAS2R20,7.964706288669443e-06
TAS2R19,7.964706288669443e-06
TAS2R10,7.964706288669443e-06
GAL3ST2,7.948033259050224e-06
AVIL,7.929358673462289e-06
ACRBP,7.92182257810966e-06
ZNF320,7.906271778506984e-06
RNASEH2C,7.883152051193297e-06
NRBP2,7.879952298763748e-06
TMC7,7.8755294553798e-06
SNX25,7.872145793428845e-06
ZNF426,7.843686967641055e-06
EXTL1,7.817173440758315e-06
SMPDL3A,7.81286824709202e-06
WFDC12,7.768905567293006e-06
TMEM175,7.76074197241742e-06
TMEM116,7.755542884791938e-06
LIX1L,7.749794168397624e-06
PELI3,7.739160273491104e-06
FSCN2,7.722924222376314e-06
HEXIM2,7.722548701899965e-06
WDR49,7.718176277190274e-06
PLEKHG3,7.718176277190274e-06
TCTEX1D4,7.716480090619139e-06
FAM46A,7.711778014335427e-06
C12orf74,7.709573797161752e-06
KIF21B,7.706163181495799e-06
KIAA1522,7.702298087886059e-06
WFDC5,7.699868380622832e-06
C4orf19,7.696920327032244e-06
ZNF804A,7.695139104139584e-06
AIM1,7.667992532340627e-06
VCX3A,7.66244786326954e-06
CARD6,7.638904629888928e-06
CUTA,7.637063581597942e-06
COQ10A,7.621229786687572e-06
DTX3,7.580572469366884e-06
RNF144A,7.57946907411285e-06
SCAPER,7.5750675299099285e-06
SLC22A15,7.556965273852312e-06
ARHGAP30,7.55687264711496e-06
HIC2,7.554688091019309e-06
TRIM31,7.541310848311702e-06
TPBG,7.540515993334539e-06
MTL5,7.5352771933459675e-06
MYO1B,7.530324467112538e-06
PGP,7.497591026030511e-06
DDT,7.489862834629441e-06
SNAI3,7.479839873477923e-06
UACA,7.4641243968092775e-06
ATPAF2,7.458797223218285e-06
MGAT4C,7.4583562545487905e-06
EVI2A,7.432402060042979e-06
ARGLU1,7.430961707406747e-06
LRRC43,7.4043661495905485e-06
SSFA2,7.398834365175229e-06
RFX4,7.392179215664135e-06
SLC6A6,7.383786779584008e-06
NLN,7.374594740049978e-06
GGTLC1,7.371628364541146e-06
ELAC1,7.354380069903532e-06
RGL4,7.350338192400507e-06
E4F1,7.334622630173449e-06
C3orf14,7.3313443426545495e-06
LEKR1,7.329259417894855e-06
FAHD2A,7.281739160167952e-06
DPEP2,7.278059505936023e-06
ZACN,7.2722371589287055e-06
TRERF1,7.264731446092185e-06
C7orf31,7.262780742790177e-06
ASPRV1,7.240288449437894e-06
CAPSL,7.236057266999472e-06
TMEM81,7.229035442781114e-06
SPG11,7.214503163943073e-06
SUSD2,7.207450780277524e-06
KIAA1045,7.204306884465784e-06
TMEM108,7.197500383254467e-06
DNAJC28,7.197463773278873e-06
TMTC2,7.182462583989928e-06
KIAA1217,7.182462583989928e-06
C6orf226,7.168192589121168e-06
CCDC110,7.140506907679441e-06
SLC45A4,7.121176722262797e-06
ANKRD17,7.096902295928231e-06
HNF1B,7.094014636618883e-06
CERCAM,7.088895120742721e-06
NUP62CL,7.0820808135868465e-06
SH3PXD2B,7.079929291537386e-06
ADAP2,7.079258035772e-06
STAMBPL1,7.074474342308052e-06
CDK17,7.070643862850043e-06
KDELC2,7.0696137237619484e-06
JTB,7.068213489465929e-06
CCDC11,7.067005326245313e-06
LRP3,7.066130253512649e-06
LGALS7B,7.041327276091642e-06
LGALS7,7.041327276091642e-06
TSPAN9,7.0350350482656995e-06
FBXO24,7.010666758175631e-06
PPIC,7.009575679733436e-06
FAM181B,6.999623831385014e-06
FAM181A,6.999623831385014e-06
ROPN1B,6.997414901637817e-06
SCYL2,6.989543548365888e-06
ERI2,6.977263017561262e-06
ARHGAP9,6.975584001893855e-06
SLC26A11,6.9686547399789915e-06
CD164,6.953709563302305e-06
GPRC5A,6.95098349825809e-06
GTDC1,6.922385651790596e-06
PNKD,6.922385651790596e-06
HTRA3,6.90564827706411e-06
KATNAL1,6.8974027232286625e-06
CCDC159,6.882597490461827e-06
MTSS1L,6.87634067381493e-06
SLC35D3,6.865720406463102e-06
CSRP2,6.858346603125808e-06
CCDC106,6.855917543876455e-06
ENGASE,6.855209946463399e-06
BTBD19,6.850353862340112e-06
VWA5B2,6.837851655617122e-06
F8A1,6.8227706605558484e-06
PCDHB1,6.811255621523088e-06
TMEM218,6.811255621523088e-06
PPM1H,6.795040497551927e-06
DGCR6,6.790937084762297e-06
CCNYL1,6.779242846244193e-06
XKR5,6.77319019896432e-06
KCP,6.763078184728476e-06
ERICH1,6.725061372808942e-06
RHD,6.716006169322782e-06
CORO2A,6.698085260400099e-06
ZNF518A,6.695700572136917e-06
NCDN,6.68606262240054e-06
VWA1,6.6727232114566135e-06
TUFT1,6.65583203145919e-06
SPPL2B,6.650616524907766e-06
CLCN7,6.643396812085244e-06
KIAA0907,6.641842004273714e-06
ARL5B,6.623852551067197e-06
ITGB1BP1,6.608776534283218e-06
ARPP21,6.6081241954970754e-06
RHBG,6.603076365005466e-06
FAHD2B,6.591797380292077e-06
SPDYA,6.589306565681123e-06
TNFAIP8L3,6.581608172681663e-06
C7orf50,6.54742542232343e-06
TXNDC17,6.5470675870020615e-06
ZXDA,6.536142301045259e-06
ENOSF1,6.533967757972728e-06
DPY19L1,6.5312621840080024e-06
PSORS1C1,6.5307627470157166e-06
AGBL3,6.525430368700122e-06
MBOAT4,6.51098028715274e-06
NOMO2,6.504333321532876e-06
C17orf64,6.485765134153605e-06
TM2D2,6.472345323057806e-06
ISOC2,6.454430117727272e-06
IL31RA,6.4542162866392794e-06
MFSD6,6.44112520062433e-06
LMF2,6.433952559739397e-06
NOMO3,6.43243510325745e-06
CARHSP1,6.424101476938285e-06
C8orf4,6.414413254309321e-06
CYHR1,6.409521062961891e-06
TMEM233,6.393892443348426e-06
SCHIP1,6.38847777281865e-06
HEMK1,6.380985134838309e-06
RAB33A,6.3713343022996485e-06
C20orf194,6.360975627030316e-06
KATNAL2,6.3598758182726955e-06
ANO4,6.35685261418352e-06
CMKLR1,6.341735647368567e-06
GXYLT2,6.340015780722418e-06
PQLC2,6.301016834227522e-06
CALHM2,6.301016834227522e-06
CALHM3,6.301016834227522e-06
IQCJ,6.289288471154511e-06
HTR4,6.2848766201606e-06
AKR1B15,6.275461373875108e-06
GPR113,6.274103887602143e-06
GPR114,6.274103887602143e-06
IER5,6.267717633198328e-06
TRPT1,6.236365394695277e-06
ZNF224,6.207130265243922e-06
NMRAL1,6.2048505585252605e-06
C14orf37,6.203735122927966e-06
ARHGAP12,6.184893233849499e-06
GHDC,6.178937377061636e-06
NPAT,6.172356574648594e-06
ERN2,6.159176418490006e-06
SLC25A43,6.159158046304128e-06
TBC1D12,6.156061834497257e-06
ZSCAN16,6.153591014084621e-06
ITLN2,6.139014375833149e-06
CDK20,6.105639346376715e-06
CEMP1,6.1019121156501156e-06
KLHDC3,6.0924875466012935e-06
SPATC1,6.0923527973758625e-06
DPCD,6.0918329907576094e-06
HELB,6.077919022233032e-06
FAM111A,6.070763519015116e-06
TSSK1B,6.069055606216226e-06
TSSK3,6.069055606216226e-06
BHLHA15,6.052800602082006e-06
ELF5,6.047751815172054e-06
C10orf90,6.046166289336844e-06
C1QTNF1,6.042255715651617e-06
TMEM59L,6.0188641248218235e-06
KLHL6,5.986247662672639e-06
ODF4,5.9804931162631915e-06
PGBD4,5.976705097905289e-06
BBX,5.974214465631075e-06
ZNF488,5.961504688455225e-06
TNFSF8,5.960503432100199e-06
RNF169,5.9532600927438956e-06
SLC35E3,5.9172601850664065e-06
MDM1,5.9172601850664065e-06
THEG,5.89212800925551e-06
POMZP3,5.873700347391906e-06
REP15,5.865812011171227e-06
DNLZ,5.830193634558192e-06
GBP3,5.830181356476239e-06
ABCG4,5.802669615069461e-06
SLC20A1,5.755632042146156e-06
C10orf54,5.751961438901931e-06
KIAA1875,5.751544250158476e-06
CALY,5.733384191399165e-06
C6orf163,5.733252280576175e-06
MEX3B,5.72782899070399e-06
FOXN2,5.7159017649649025e-06
RNF19A,5.696007177063908e-06
TM7SF3,5.692524274060113e-06
MAP7,5.687682698949341e-06
SYNGR2,5.685084190400123e-06
TM9SF2,5.670674834181616e-06
ICA1,5.656565755921684e-06
ZNF350,5.647663321519847e-06
MEX3C,5.630451734987042e-06
SLC27A3,5.615866437115577e-06
LRRC55,5.604436062915051e-06
HTR1E,5.595557082556857e-06
LEAP2,5.580803276100087e-06
HIST1H1T,5.558408757947528e-06
ITIH1,5.545923156329428e-06
CLDN20,5.545516328718752e-06
TP53INP2,5.5055066303558756e-06
TREX1,5.4982285993954875e-06
CRYBA2,5.488163189104703e-06
MOSPD3,5.488163189104703e-06
HEBP2,5.478208224817173e-06
SCARF2,5.46396676784949e-06
GATC,5.461030300762236e-06
PXDN,5.459851645862891e-06
TTC9B,5.450728218978189e-06
TNFAIP8L1,5.450728218978189e-06
TNFAIP8L2,5.450728218978189e-06
RIMBP3C,5.432569683010965e-06
ALS2CR12,5.4144545778800514e-06
SFMBT1,5.407800921304659e-06
AKAP8L,5.407604729406805e-06
OR2C1,5.4057346020615595e-06
OR13J1,5.4057346020615595e-06
OR13A1,5.4057346020615595e-06
CCDC50,5.397196081819263e-06
KLHDC4,5.368622522683847e-06
MFAP3L,5.352198239048874e-06
MKNK2,5.347398794013077e-06
ALPK1,5.344160198660278e-06
ZGLP1,5.342547728388528e-06
FBXW10,5.328495376213525e-06
RFTN1,5.3234123478469446e-06
TMTC3,5.322922062354444e-06
OTUD6B,5.322892183547941e-06
DGAT2L6,5.321762222904676e-06
ZADH2,5.3006137706582525e-06
AIFM2,5.296487698039572e-06
GPR21,5.294851529254187e-06
ABCB9,5.280151535969644e-06
KRT79,5.273368714031886e-06
C6orf1,5.2666321232491576e-06
ZSWIM6,5.26352898801529e-06
ARRDC5,5.256985372400416e-06
PRSS16,5.222153099501394e-06
SLCO4C1,5.219254881906849e-06
EID2B,5.218765022792227e-06
PPP1R16A,5.216817195686219e-06
TANC2,5.214457414664503e-06
C1QTNF3,5.2130593946475465e-06
KRBA1,5.2130593946475465e-06
LST1,5.211130607438334e-06
NKAIN4,5.210035835470872e-06
NCKAP5,5.208151784882084e-06
C21orf91,5.206912802753593e-06
STC1,5.204749508212602e-06
SATL1,5.188629994831583e-06
SH3TC1,5.182057423193667e-06
FUT10,5.181002756737098e-06
ZNF532,5.155947220283057e-06
ERAP2,5.1545970261162084e-06
TNFSF18,5.137157773641306e-06
GTF2H2C,5.126664646512677e-06
MDH1B,5.1183456556117135e-06
NTN3,5.101119292255276e-06
SLC16A14,5.101026304182894e-06
TNFSF15,5.085679067033733e-06
PTX4,5.055699147054136e-06
SLC25A29,5.0545108629561954e-06
KIAA0247,5.048829930974748e-06
C6orf211,5.04771440894664e-06
GPR155,5.047450704158759e-06
ZNF750,5.046739191455147e-06
SLFN12,5.042428232430588e-06
ZNF22,5.033308052729997e-06
SLC2A10,5.030930524563608e-06
MAGEE1,5.020462474978894e-06
RNF122,4.99073551317288e-06
DHX34,4.97419373755572e-06
TMEM134,4.9653909982207864e-06
STOML3,4.9626641806925104e-06
DOPEY1,4.95362603054657e-06
SAMD12,4.943729900940729e-06
C17orf104,4.939810786087533e-06
LRRN4,4.937843690117366e-06
KLHL15,4.936913968653949e-06
ADAD2,4.900933045105765e-06
STMN3,4.896784238229519e-06
SOX15,4.88581141078167e-06
CD320,4.877051649341448e-06
SLC35E4,4.877051649341448e-06
NBEAL2,4.870241478183651e-06
RGPD1,4.8632482745954115e-06
RGPD5,4.8632482745954115e-06
RGPD6,4.8632482745954115e-06
RGPD8,4.8632482745954115e-06
MALL,4.851691880404728e-06
MESP1,4.841045786316098e-06
KLHL11,4.839286181459547e-06
ZNF34,4.824108376694966e-06
TMEM179,4.820458261406439e-06
ZMAT3,4.820100342480408e-06
NLRC3,4.80825462897002e-06
ZNF772,4.8008189821677255e-06
ZNF773,4.8008189821677255e-06
ANO7,4.797152372717194e-06
SLC26A1,4.777112416673843e-06
GOLPH3L,4.752443360239834e-06
CCNJ,4.746006565768465e-06
RREB1,4.737886935598403e-06
OSBPL6,4.721955655069737e-06
C1orf192,4.702623175319747e-06
LONRF1,4.683198432958452e-06
EMP3,4.6771120314250706e-06
C1orf177,4.648243701233449e-06
KIAA1147,4.6383581998066015e-06
KRT74,4.623758497319279e-06
STK32C,4.6207995234777596e-06
TMEM64,4.609677175901345e-06
TMEM102,4.604355630845895e-06
PLBD1,4.563040351395813e-06
IER3,4.546313742135707e-06
CRIP2,4.533011519622759e-06
TMEM74,4.5057753267166676e-06
ZNF251,4.5052365251630444e-06
C19orf43,4.493831027691853e-06
NARF,4.473065145610546e-06
AATK,4.4542757467319285e-06
C1orf116,4.451690443402829e-06
KIAA1671,4.450864675288546e-06
LENG1,4.447436006220477e-06
TATDN1,4.43383235281747e-06
TOX2,4.429420791265482e-06
ACCS,4.429420791265482e-06
RAI1,4.423034133700107e-06
FBXO30,4.421028551091622e-06
SRMS,4.418986178229586e-06
TBC1D2,4.418415548966193e-06
ANKH,4.397990770441931e-06
VEPH1,4.3892666140512115e-06
ANXA3,4.378141449802098e-06
C20orf196,4.368634053898419e-06
REM2,4.368553215285596e-06
SLC2A11,4.36779823455297e-06
C8orf34,4.3593413451360245e-06
SP140,4.3537445301673965e-06
SH3BGRL,4.327526850437516e-06
PRTFDC1,4.326928023711492e-06
FAM135A,4.288128972349633e-06
PCMTD1,4.272511653655983e-06
GPR25,4.268384766143897e-06
UBR3,4.2652721723729e-06
CXCL17,4.258933763700407e-06
CIDEB,4.255172369814489e-06
USP26,4.252520420121071e-06
ANKRD34A,4.245932298367656e-06
RAP2C,4.244573307356039e-06
FGGY,4.1989986540977065e-06
C10orf107,4.196115052068918e-06
SERGEF,4.194289539414422e-06
PPP1R3G,4.188036100883014e-06
PLCL2,4.188036100883014e-06
C20orf27,4.188036100883014e-06
TECPR1,4.180199442659014e-06
CCDC88C,4.176144647247267e-06
TMEFF2,4.175078660547598e-06
AKNA,4.164316180709928e-06
MRM1,4.163743404643961e-06
MAFA,4.161647052806575e-06
FBXO25,4.158966187980018e-06
ZBED3,4.155489330471586e-06
CD109,4.141731183998122e-06
ARHGAP27,4.136016527946776e-06
GPR64,4.117071794822085e-06
EMP2,4.116666601844333e-06
ILDR2,4.112622319821776e-06
ILDR1,4.112622319821776e-06
APOL4,4.1007745365094934e-06
APOL6,4.1007745365094934e-06
BEND4,4.100549541243185e-06
TESK2,4.0927652182703185e-06
ZDHHC12,4.0891275995353776e-06
TMEM8B,4.08327253920027e-06
STK10,4.08327253920027e-06
PLEKHG6,4.08327253920027e-06
ZNF14,4.0821399467106785e-06
ZNF513,4.0615936979082706e-06
ADAM32,4.036365676349715e-06
STK17A,4.034972484609883e-06
KLF11,4.034972484609883e-06
IL1RL2,4.0324525266133585e-06
ZNF296,4.0297806651251055e-06
HSD17B14,4.009584919762657e-06
NECAB2,4.00455448696512e-06
GPRIN3,3.996949971389287e-06
SESTD1,3.996467787672822e-06
PITPNC1,3.996114526478885e-06
ARSH,3.976131801656966e-06
FAM118A,3.974650281024496e-06
PROM2,3.974650281024496e-06
ZDHHC19,3.96644106667025e-06
NRARP,3.955366222316844e-06
TSTD1,3.954037255653375e-06
SLC25A10,3.954036283380151e-06
GIPC3,3.933779258242638e-06
LMTK2,3.933779258242638e-06
ICK,3.924780190012266e-06
LMLN,3.919317945060709e-06
MIA,3.919317945060709e-06
CCDC17,3.902905945957689e-06
CDX1,3.900941082973254e-06
ZNF169,3.892170263323566e-06
PBXIP1,3.889520446387314e-06
TMEM212,3.883170687619466e-06
GLT1D1,3.881679556732575e-06
ARSD,3.866681740248145e-06
IKZF2,3.86258808660393e-06
EMR2,3.859365517347476e-06
NLRP14,3.855046065200964e-06
BNIPL,3.847912471166526e-06
QSOX1,3.847912471166526e-06
DSCR8,3.847912471166526e-06
SLC2A8,3.84744517861006e-06
PON3,3.827675732709512e-06
ERF,3.825282078251113e-06
METRNL,3.803144000912634e-06
GPSM3,3.7973993051708696e-06
C19orf60,3.7887522367139755e-06
PSG9,3.7769854364779897e-06
RALGPS1,3.7745834989737926e-06
ZDHHC22,3.7638397856168213e-06
ZNF780B,3.753777872927986e-06
MIER3,3.7292349548322435e-06
NUDT16L1,3.7169972848546953e-06
OR2H2,3.7163721292004585e-06
SHF,3.714301356856806e-06
DPEP1,3.7132862632244603e-06
MS4A15,3.710173323276299e-06
TMEM176B,3.710173323276299e-06
ZHX1,3.7097774695176544e-06
NEK4,3.7085936506747223e-06
TRIM62,3.7060496662717935e-06
ZC3H12D,3.701803795658786e-06
C6orf174,3.6795881133707576e-06
CASZ1,3.669905302843335e-06
BAI2,3.6624451689750004e-06
C17orf47,3.6549967809735686e-06
AOAH,3.633880448425703e-06
FAM57A,3.631463808013713e-06
ODF3L2,3.6313783607655487e-06
SH3BGRL3,3.6313783607655487e-06
LOC81691,3.618969402116707e-06
HHLA3,3.5814685759126415e-06
RHBDD2,3.5740214103689853e-06
ZNF414,3.569681724050322e-06
CDH7,3.5617710152550513e-06
TMPPE,3.560858247114357e-06
AARSD1,3.5598378884432667e-06
C9orf3,3.5570291765784104e-06
TMEM63B,3.5515426823750482e-06
SIGLEC14,3.5410682755484243e-06
TMEM106A,3.5375645059831652e-06
LYSMD4,3.537557912842071e-06
KLF12,3.5361818251378954e-06
C1RL,3.530612028718509e-06
CCDC153,3.524130174120074e-06
BIVM,3.523653055402849e-06
CPM,3.5160556845573535e-06
CDHR1,3.5158402563781407e-06
FAM73B,3.515775386900373e-06
MXI1,3.511889005893088e-06
ASB13,3.505983880443565e-06
ASB5,3.505983880443565e-06
GRINA,3.4983820304960586e-06
DNASE1,3.4745819036457905e-06
CORIN,3.468455041868044e-06
PTPRU,3.4593532972863414e-06
DIRC1,3.4573615962087125e-06
IGSF3,3.454051006831499e-06
TSPAN10,3.454051006831499e-06
AMZ2,3.4425643678014324e-06
EPB41L4B,3.4229118015514864e-06
GGTLC2,3.4184659241208983e-06
TRIM37,3.4065208461524464e-06
FIGN,3.406308401679388e-06
DCAKD,3.392805953319862e-06
C2orf40,3.3851045717441483e-06
CES3,3.3713543755916633e-06
TMEM208,3.364668850567549e-06
GFOD1,3.3526126450389935e-06
KLHDC9,3.3460136502512444e-06
OR51E1,3.340615313797912e-06
GPR63,3.3390497725544456e-06
C11orf87,3.334373614906756e-06
PITPNM2,3.320475005295779e-06
AVEN,3.3133614937185904e-06
ZNF19,3.3076624310879973e-06
ZKSCAN1,3.3076624310879973e-06
FAM174A,3.3059995457672815e-06
FSD1L,3.30313129956751e-06
SIGLEC11,3.3007643424691553e-06
SIT1,3.3007643424691553e-06
RAI14,3.2951852188823646e-06
MR1,3.2929840873251828e-06
PTMS,3.286293145532809e-06
LRRC8E,3.263440788465057e-06
WDR38,3.235858309576909e-06
CHD6,3.235858309576909e-06
GDPD2,3.230625646459425e-06
LIME1,3.222968679428843e-06
DPEP3,3.2208606846707997e-06
VAT1L,3.2192564265257952e-06
DNAJC4,3.2114313141249943e-06
PLCXD1,3.208896808850088e-06
OLFML2B,3.2076289365319603e-06
ZBTB46,3.2022567345412136e-06
SLC13A5,3.198362699132252e-06
PRMT8,3.1787062923290817e-06
ARHGAP15,3.178400846882989e-06
SATB1,3.162966216392608e-06
FKBP7,3.1313673656063476e-06
SPDYE2,3.1105957630775716e-06
SPDYE6,3.1105957630775716e-06
SPDYE1,3.1105957630775716e-06
SPDYE5,3.1105957630775716e-06
C12orf45,3.1082987538452304e-06
DNASE1L2,3.0965433654220265e-06
PKIG,3.0755365380958844e-06
CISD3,3.061510957974459e-06
GLIPR2,3.0570885095385385e-06
C19orf66,3.050580799421952e-06
ARHGAP19,3.0319732889237195e-06
ATAD3B,3.0014485917139738e-06
GPR4,3.001242074298279e-06
RNFT1,2.9995385384237385e-06
DNAJC17,2.9812885594124126e-06
SNX10,2.9797297473241663e-06
NSUN5,2.975575734996902e-06
TMEM205,2.9733489401223273e-06
PLCXD2,2.969774850645218e-06
FBXO44,2.959546318168539e-06
ASB16,2.959360008302314e-06
HSF2BP,2.9519489628267478e-06
CNIH4,2.937178303930971e-06
TFEC,2.910134295756347e-06
TMED7-TICAM2,2.9078399775938264e-06
ZFAND2B,2.9049753659618678e-06
MTUS2,2.889870870266929e-06
CIB3,2.889870870266929e-06
ITM2C,2.8737198030283253e-06
MPHOSPH9,2.8647720959150744e-06
TMPRSS9,2.8597912424284033e-06
CD5L,2.8530000485194275e-06
SLC15A3,2.852646813954313e-06
ACRC,2.8396639049104575e-06
PPM1J,2.834895070960871e-06
C15orf41,2.802591727138797e-06
DCAF4L1,2.7945236401816215e-06
ZNF831,2.7872649641541294e-06
BTG3,2.7847176317598884e-06
RABEP2,2.779981043669939e-06
TRIM38,2.75619877471574e-06
INCA1,2.7081458905446204e-06
LYSMD1,2.688753498354229e-06
EPS8L1,2.6873797096790615e-06
ZNF300,2.675006175534588e-06
ANKRD12,2.6728823100662196e-06
HUS1B,2.6542908784799055e-06
C2CD4A,2.621239247008636e-06
FBXL15,2.604598004283644e-06
FUCA2,2.603844983853224e-06
NT5DC3,2.5870589937209864e-06
C19orf10,2.5865036661577286e-06
PTAR1,2.5570355243808852e-06
IFNE,2.51366311355071e-06
VIL1,2.436666472549563e-06
FBXL4,2.4298273500452217e-06
KLRC3,2.363272884660961e-06
IFRD1,2.2823794820970656e-06
SIAH3,2.221057011287236e-06
TYW1B,2.1951125265800324e-06
DUS3L,2.1951125265800324e-06
C11orf48,2.145357524459295e-06
C7orf55,2.1410923146922106e-06
OSBP2,2.0758286530332013e-06
ZNF223,2.053603450811374e-06
IRF2BP1,1.9734248753506256e-06
KCTD20,1.6272811794681798e-06
MIF4GD,1.3239608817944013e-06
