drug,n_pathways_luma,mean_pathway_score_luma,max_pathway_score_luma,sum_pathway_score_luma,n_pathways_lumb,mean_pathway_score_lumb,max_pathway_score_lumb,sum_pathway_score_lumb,n_pathways_her2,mean_pathway_score_her2,max_pathway_score_her2,sum_pathway_score_her2,n_pathways_tnbc,mean_pathway_score_tnbc,max_pathway_score_tnbc,sum_pathway_score_tnbc
CHEMBL1778,16,0.0540384910159353,0.1537842052477922,0.8646158562549662,16,0.0005533686415535,0.0006231696314845,0.0088538982648571,16,0.0005453479162848,0.0006271066668271,0.008725566660558,16,0.0005436087304297,0.0006179740906595,0.0086977396868759
CHEMBL1782,5,0.0150572254259608,0.0451741251076365,0.0752861271298044,6,0.0004440346351631,0.0005292513098544,0.0026642078109787,5,0.0004500769973641,0.0005106120661872,0.0022503849868205,5,0.0004427200128293,0.0005043894392236,0.0022136000641466
CHEMBL1783,29,0.046635296492818,0.1537842052477922,1.352423598291723,29,0.0006116098161721,0.0010223858045129,0.017736684668992,29,0.0006058573475375,0.0010171757063439,0.0175698630785885,29,0.0006004067379724,0.0010115523172975,0.0174117954011998
CHEMBL1785,10,0.0411351773104401,0.1537842052477922,0.4113517731044011,10,0.0004872895167807,0.0006110699911817,0.0048728951678072,10,0.0004813887169066,0.000591415289828,0.0048138871690668,10,0.0004819041722717,0.0005938015641085,0.004819041722717
CHEMBL1786,2,0.023320304839422,0.0451741251076365,0.0466406096788441,2,0.0004916849717646,0.0004936835880067,0.0009833699435293,2,0.0004896231841693,0.0004965379542791,0.0009792463683387,2,0.0004787365934677,0.0004790010121981,0.0009574731869355
CHEMBL1787,5,0.01453977705182,0.0451741251076365,0.0726988852591002,5,0.0005016786287572,0.0005292513098544,0.0025083931437863,5,0.0004681750242173,0.0005106120661872,0.0023408751210869,5,0.0004712158920977,0.0005043894392236,0.0023560794604886
CHEMBL1790,16,0.0305690285980178,0.1537842052477922,0.4891044575682848,16,0.0005131553103132,0.0008107818657282,0.0082104849650122,16,0.0005026250871565,0.0008108424355144,0.0080420013945043,16,0.0005109247095357,0.0008106735657093,0.0081747953525723
CHEMBL1791,5,0.0056027792140825,0.012564049150908,0.0280138960704129,5,0.0005211671449512,0.0008492131230125,0.0026058357247564,5,0.0004737238104117,0.0006680225852612,0.0023686190520586,5,0.0006414398045663,0.0013890700171119,0.0032071990228318
CHEMBL1793,6,0.0447798150171784,0.1537842052477922,0.2686788901030708,6,0.0004832877369013,0.0005444404172623,0.0028997264214082,6,0.000479755388673,0.0005393420828279,0.0028785323320385,6,0.0004812285599901,0.0005491911751487,0.0028873713599411
CHEMBL1795,3,0.0053420854392114,0.0094050932772035,0.0160262563176342,3,0.0004337704398546,0.0004798179331667,0.0013013113195638,3,0.0004241782411827,0.0004573696539163,0.0012725347235483,3,0.0004117704698143,0.0004259008439356,0.0012353114094431
CHEMBL1798,15,0.0423564148249641,0.1537842052477922,0.635346222374462,15,0.000512546293695,0.0006110699911817,0.0076881944054257,15,0.0005036297052479,0.000591415289828,0.0075544455787198,15,0.0005046642882129,0.0005938015641085,0.0075699643231938
CHEMBL1800,6,0.0447798150171784,0.1537842052477922,0.2686788901030708,6,0.0004832877369013,0.0005444404172623,0.0028997264214082,6,0.000479755388673,0.0005393420828279,0.0028785323320385,6,0.0004812285599901,0.0005491911751487,0.0028873713599411
CHEMBL1803,13,0.0480559952916398,0.1097527112367198,0.6247279387913176,14,0.0005241277655262,0.0007575345857585,0.0073377887173673,13,0.0005351973030045,0.0007688162927665,0.0069575649390593,14,0.0005172530796214,0.0007361189669008,0.0072415431146997
CHEMBL1804,7,0.0412687980194284,0.1537842052477922,0.2888815861359991,7,0.0004571555589859,0.0005265310806402,0.0032000889129016,7,0.0004517062830324,0.0005267415572554,0.0031619439812271,7,0.0004499516073119,0.0005182265072725,0.0031496612511838
CHEMBL1806,10,0.024829256651538,0.0605095401637408,0.2482925665153801,10,0.0005532450530325,0.0006101465679182,0.0055324505303259,10,0.0005450464102587,0.0006016584378893,0.0054504641025878,10,0.0005554519934118,0.0006290015040852,0.005554519934118
CHEMBL1807,11,0.0288103837838002,0.1262818772289532,0.3169142216218026,11,0.0004840707015314,0.0005829893311849,0.0053247777168458,11,0.0004743137560123,0.0005772331246023,0.0052174513161353,11,0.0004845087677563,0.000645738765762,0.0053295964453201
CHEMBL1808,3,0.0226649166298163,0.0605095401637408,0.0679947498894489,3,0.0004139962955177,0.0005109867686159,0.0012419888865533,3,0.0004032947967065,0.0004922029096758,0.0012098843901197,3,0.0004166023645587,0.0005009456780062,0.0012498070936762
CHEMBL1811,6,0.0468010303095604,0.1537842052477922,0.2808061818573627,6,0.0004904395415066,0.0006110699911817,0.0029426372490396,6,0.0004830226077117,0.000591415289828,0.0028981356462705,6,0.0004807426459133,0.0005938015641085,0.0028844558754803
CHEMBL1817,6,0.0307186194554403,0.1537842052477922,0.184311716732642,6,0.0006906620035964,0.0008222820307862,0.0041439720215787,6,0.0006763166591344,0.0008177874445205,0.0040578999548067,6,0.0006502415812182,0.0008102818038131,0.0039014494873093
CHEMBL1821,6,0.0466208612122854,0.1537842052477922,0.2797251672737126,8,0.0004375572476322,0.0005265310806402,0.0035004579810581,8,0.0004264105906822,0.0005267415572554,0.0034112847254579,8,0.0004223069631115,0.0005182265072725,0.0033784557048922
CHEMBL1822,12,0.0424917699957175,0.1262818772289532,0.509901239948611,12,0.0005120736387229,0.0005829893311849,0.0061448836646752,12,0.0005041199023147,0.0005772331246023,0.0060494388277775,12,0.0005048595214027,0.0005768664048481,0.0060583142568334
CHEMBL1824,58,0.0250164627553766,0.1537842052477922,1.4509548398118446,58,0.0007262894745836,0.0010109100231417,0.0421247895258542,58,0.0007262967440585,0.0010033988242803,0.042125211155397,58,0.0007084348507167,0.0009405602640435,0.041089221341571
CHEMBL1827,11,0.0278393011818258,0.1537842052477922,0.3062323130000838,11,0.0005342671472821,0.0011207536784544,0.0058769386201037,11,0.0005371983457093,0.0011668691714855,0.005909181802803,11,0.000485232874239,0.0007265274502919,0.0053375616166293
CHEMBL1832,6,0.0447798150171784,0.1537842052477922,0.2686788901030708,6,0.0004832877369013,0.0005444404172623,0.0028997264214082,6,0.000479755388673,0.0005393420828279,0.0028785323320385,6,0.0004812285599901,0.0005491911751487,0.0028873713599411
CHEMBL1833,6,0.0468010303095604,0.1537842052477922,0.2808061818573627,7,0.0004695132989936,0.0006110699911817,0.0032865930929555,7,0.0004601569751573,0.000591415289828,0.0032210988261017,7,0.000457029754172,0.0005938015641085,0.003199208279204
CHEMBL1835,9,0.0244501039063076,0.1262818772289532,0.2200509351567686,10,0.0004301260909543,0.0005292513098544,0.0043012609095439,10,0.0004192570819871,0.0005106120661872,0.0041925708198712,10,0.0004189106533443,0.0005043894392236,0.0041891065334433
CHEMBL1836,6,0.045540954622685,0.1537842052477922,0.2732457277361101,6,0.00047933461252,0.0005444404172623,0.0028760076751202,6,0.0004743437398784,0.0005393420828279,0.0028460624392705,6,0.0004733075810867,0.0005491911751487,0.0028398454865205
CHEMBL1839,4,0.0133199542799323,0.0451741251076365,0.0532798171197295,4,0.0007166000105331,0.0008029280972434,0.0028664000421324,4,0.0006965855173285,0.0007682808923763,0.0027863420693141,4,0.0006731190941054,0.0007519097872204,0.0026924763764219
CHEMBL1842,10,0.0501522774071721,0.1262818772289532,0.5015227740717215,10,0.0005101539160907,0.0005758713305384,0.0051015391609071,10,0.0004975274749893,0.0005641791011353,0.0049752747498938,10,0.0005014641218339,0.0005673045318414,0.0050146412183394
CHEMBL1843,3,0.0173955548660637,0.0451741251076365,0.0521866645981911,3,0.0006878239816296,0.0008029280972434,0.002063471944889,3,0.0006726870589792,0.0007682808923763,0.0020180611769378,3,0.0006468555297338,0.0007519097872204,0.0019405665892015
CHEMBL1845,8,0.0265617771145753,0.0978185915307112,0.2124942169166029,8,0.0004770237061599,0.000581476867447,0.0038161896492796,8,0.0004753048206841,0.000584925819992,0.0038024385654734,8,0.0004759106838366,0.0005868213347151,0.0038072854706933
CHEMBL1846,6,0.0055916587269598,0.012564049150908,0.0335499523617588,6,0.0005124755205477,0.0008492131230125,0.0030748531232866,6,0.0004711853609659,0.0006680225852612,0.0028271121657955,6,0.0006143488323098,0.0013890700171119,0.0036860929938593
CHEMBL1851,13,0.0090076714204682,0.0451741251076365,0.1170997284660876,13,0.0004862842604965,0.0005600258378752,0.0063216953864553,13,0.0004464624826269,0.0005106120661872,0.0058040122741507,13,0.0004418836728251,0.0005043894392236,0.0057444877467274
CHEMBL1854,7,0.0391383544888186,0.1537842052477922,0.2739684814217305,6,0.00047933461252,0.0005444404172623,0.0028760076751202,6,0.0004743437398784,0.0005393420828279,0.0028460624392705,6,0.0004733075810867,0.0005491911751487,0.0028398454865205
CHEMBL1855,7,0.0402184193632833,0.1537842052477922,0.2815289355429831,6,0.0004904395415066,0.0006110699911817,0.0029426372490396,6,0.0004830226077117,0.000591415289828,0.0028981356462705,6,0.0004807426459133,0.0005938015641085,0.0028844558754803
CHEMBL1856,5,0.01453977705182,0.0451741251076365,0.0726988852591002,5,0.0005016786287572,0.0005292513098544,0.0025083931437863,5,0.0004681750242173,0.0005106120661872,0.0023408751210869,5,0.0004712158920977,0.0005043894392236,0.0023560794604886
CHEMBL1859,10,0.0289052998677463,0.0978185915307112,0.2890529986774638,10,0.0005267411670318,0.0007040228762591,0.0052674116703189,10,0.0005261230961433,0.0007276162350441,0.0052612309614337,10,0.0005372518179882,0.000795557959329,0.0053725181798825
CHEMBL1860,9,0.0454037116269816,0.086774286801405,0.4086334046428351,9,0.0005555268549038,0.0006164629036573,0.0049997416941349,9,0.0005450588025454,0.0006011135964601,0.0049055292229094,9,0.0005499407943611,0.0005994576540304,0.0049494671492506
CHEMBL1861,2,0.0255467560383263,0.0451741251076365,0.0510935120766527,2,0.0006302719238228,0.000770857492123,0.0012605438476456,2,0.0006248901422807,0.0007670718705019,0.0012497802845615,2,0.0005943284009905,0.000709655789783,0.0011886568019811
CHEMBL1864,3,0.0329739716555632,0.058212054098014,0.0989219149666899,3,0.0005979995232651,0.0006835733294709,0.0017939985697953,3,0.0005812383573125,0.000645716654579,0.0017437150719375,3,0.0005797411559679,0.0006648524079466,0.0017392234679038
CHEMBL1867,15,0.0343905062139155,0.1537842052477922,0.5158575932087335,17,0.0004755684428596,0.0006835733294709,0.0080846635286141,17,0.000467258466074,0.000645716654579,0.0079433939232584,17,0.0004665848920284,0.0006648524079466,0.0079319431644831
CHEMBL1868,6,0.0427330169394347,0.1537842052477922,0.2563981016366086,6,0.0005506754418161,0.0006474910410066,0.0033040526508971,6,0.0005802970782045,0.0006572232561863,0.0034817824692273,6,0.0005476339011863,0.000640963966067,0.0032858034071179
CHEMBL1869,2,0.0255467560383263,0.0451741251076365,0.0510935120766527,2,0.0006302719238228,0.000770857492123,0.0012605438476456,2,0.0006248901422807,0.0007670718705019,0.0012497802845615,2,0.0005943284009905,0.000709655789783,0.0011886568019811
CHEMBL1871,23,0.0354886144876884,0.1537842052477922,0.8162381332168335,23,0.0005703329055377,0.0007040983899847,0.0131176568273675,23,0.0005609437905836,0.0007087246690573,0.0129017071834244,23,0.0005630925987841,0.0007085366872923,0.0129511297720357
CHEMBL1874,4,0.0356469954939652,0.1262818772289532,0.1425879819758611,4,0.0005276961032538,0.0008107818657282,0.0021107844130152,4,0.000530386366878,0.0008108424355144,0.0021215454675122,4,0.0005273428119377,0.0008106735657093,0.0021093712477508
CHEMBL1875,6,0.045540954622685,0.1537842052477922,0.2732457277361101,7,0.0004599947884337,0.0005444404172623,0.003219963519036,7,0.0004527179455859,0.0005393420828279,0.0031690256191016,7,0.0004506568414634,0.0005491911751487,0.0031545978902442
CHEMBL1876,4,0.0356469954939652,0.1262818772289532,0.1425879819758611,4,0.0005276961032538,0.0008107818657282,0.0021107844130152,4,0.000530386366878,0.0008108424355144,0.0021215454675122,4,0.0005273428119377,0.0008106735657093,0.0021093712477508
CHEMBL1881,6,0.045540954622685,0.1537842052477922,0.2732457277361101,6,0.00047933461252,0.0005444404172623,0.0028760076751202,6,0.0004743437398784,0.0005393420828279,0.0028460624392705,6,0.0004733075810867,0.0005491911751487,0.0028398454865205
CHEMBL1882,3,0.0222889815561612,0.0229847162537001,0.0668669446684838,3,0.0004878135630269,0.0004983975909496,0.0014634406890808,3,0.0004943842959022,0.000500467121225,0.0014831528877067,3,0.0004926539126606,0.0005054886485959,0.0014779617379819
CHEMBL1883,3,0.0222889815561612,0.0229847162537001,0.0668669446684838,3,0.0004878135630269,0.0004983975909496,0.0014634406890808,3,0.0004943842959022,0.000500467121225,0.0014831528877067,3,0.0004926539126606,0.0005054886485959,0.0014779617379819
CHEMBL1886,14,0.0183617510504308,0.1262818772289532,0.2570645147060324,14,0.0005206767329353,0.0008107818657282,0.0072894742610945,14,0.0005187921963926,0.0008108424355144,0.0072630907494975,14,0.0005219134349192,0.0008106735657093,0.00730678808887
CHEMBL1889,9,0.0465420997129753,0.1537842052477922,0.4188788974167785,9,0.0005185741224294,0.0008107818657282,0.0046671671018646,9,0.0005112831813621,0.0008108424355144,0.0046015486322596,9,0.0005101809879687,0.0008106735657093,0.0045916288917187
CHEMBL1892,2,0.0255467560383263,0.0451741251076365,0.0510935120766527,3,0.0005210321324692,0.000770857492123,0.0015630963974076,3,0.0005266405306448,0.0007670718705019,0.0015799215919345,3,0.0005007331275348,0.000709655789783,0.0015021993826045
CHEMBL1893,6,0.0085767343853642,0.0229847162537001,0.0514604063121853,6,0.0004428534199843,0.0004864046289194,0.002657120519906,6,0.0004571781953768,0.0004950294023541,0.0027430691722611,6,0.0004481213519752,0.0004931057336792,0.0026887281118517
CHEMBL1898,6,0.0466208612122854,0.1537842052477922,0.2797251672737126,7,0.0004483841766129,0.0005265310806402,0.0031386892362908,7,0.0004417815109638,0.0005267415572554,0.0030924705767472,7,0.000438202962421,0.0005182265072725,0.0030674207369474
CHEMBL1899,3,0.0222889815561612,0.0229847162537001,0.0668669446684838,3,0.0004878135630269,0.0004983975909496,0.0014634406890808,3,0.0004943842959022,0.000500467121225,0.0014831528877067,3,0.0004926539126606,0.0005054886485959,0.0014779617379819
CHEMBL1900,5,0.0157849021690091,0.0451741251076365,0.0789245108450455,5,0.0004983090587363,0.0005292513098544,0.0024915452936818,5,0.0004754919991073,0.0005106120661872,0.0023774599955367,5,0.0004760047757043,0.0005043894392236,0.0023800238785216
CHEMBL1901,7,0.0414232286742356,0.1537842052477922,0.2899626007196492,7,0.0004782846813666,0.0006110699911817,0.0033479927695662,7,0.0004700817472259,0.000591415289828,0.0032905722305815,7,0.0004687783990629,0.0005938015641085,0.0032814487934405
CHEMBL1903,6,0.0105648588738044,0.0229847162537001,0.0633891532428268,6,0.0004355533341676,0.0004864046289194,0.0026133200050056,6,0.0004479944920877,0.0004950294023541,0.0026879669525267,6,0.0004403812513267,0.0004931057336792,0.0026422875079607
CHEMBL1904,32,0.0315488121829013,0.1537842052477922,1.0095619898528427,32,0.0005608719625799,0.0008925004860879,0.0179479028025578,32,0.0005638635711007,0.0008762298186756,0.0180436342752239,32,0.0005595057870633,0.0008304627284669,0.0179041851860266
CHEMBL1905,73,0.0239124349053916,0.1537842052477922,1.745607748093593,73,0.0005983905968381,0.0011889145420541,0.0436825135691843,73,0.0005934774258678,0.0011637808096138,0.0433238520883565,73,0.000585470999641,0.001136726839655,0.0427393829737993
CHEMBL1907,6,0.0408155326985074,0.1097527112367198,0.244893196191045,6,0.0004735053847737,0.0005758713305384,0.0028410323086424,6,0.0004605645909572,0.0005641791011353,0.0027633875457436,6,0.0004680938347241,0.0005673045318414,0.0028085630083451
CHEMBL1910,5,0.0369375063249531,0.1262818772289532,0.1846875316247657,5,0.0004831603970032,0.0005083924665701,0.0024158019850163,5,0.00047999376816,0.0005001339661636,0.0023999688408,5,0.0004853473182479,0.0005019766577784,0.0024267365912396
CHEMBL1911,4,0.0124293669910237,0.0229847162537001,0.049717467964095,4,0.0004554274810722,0.0004864046289194,0.0018217099242888,4,0.0004693494716731,0.0004950294023541,0.0018773978866926,4,0.000460774089622,0.0004931057336792,0.001843096358488
CHEMBL1912,2,0.0540988665101652,0.0605095401637408,0.1081977330203304,2,0.0005219703315096,0.0005329538944032,0.0010439406630192,3,0.0004370185785079,0.000513848015323,0.0013110557355239,3,0.0004403397929747,0.0005201500436453,0.0013210193789241
CHEMBL1913,15,0.0526405539372879,0.1537842052477922,0.7896083090593186,15,0.0005930786237095,0.0007409815052308,0.008896179355643,15,0.0005938987110909,0.0007539562719295,0.0089084806663639,15,0.0005867428516183,0.0007432413772932,0.0088011427742758
CHEMBL1914,10,0.0189601297479784,0.0605095401637408,0.189601297479784,10,0.0005067663884477,0.0006561894395572,0.0050676638844774,10,0.0004914883447234,0.0006371887289965,0.004914883447234,10,0.0004992064543826,0.0006389875419489,0.0049920645438268
CHEMBL1916,15,0.0343905062139155,0.1537842052477922,0.5158575932087335,17,0.0004755684428596,0.0006835733294709,0.0080846635286141,17,0.000467258466074,0.000645716654579,0.0079433939232584,17,0.0004665848920284,0.0006648524079466,0.0079319431644831
CHEMBL1919,5,0.0254090986019643,0.0600752921190352,0.1270454930098215,5,0.0005324399943305,0.0006217043042468,0.0026621999716526,5,0.0005276461567067,0.0006094101430068,0.0026382307835335,5,0.0005264456176676,0.0006001416908039,0.002632228088338
CHEMBL1920,7,0.0456136279988029,0.1537842052477922,0.3192953959916209,7,0.0005363741571541,0.0008492473242828,0.0037546191000793,7,0.0005376888263197,0.0008384884579006,0.0037638217842384,7,0.0005305850386252,0.0008031264859969,0.0037140952703765
CHEMBL1925,7,0.0389683573269708,0.1537842052477922,0.2727785012887956,7,0.0004800104208872,0.0005444404172623,0.0033600729462104,7,0.0004752676931828,0.0005393420828279,0.0033268738522799,7,0.0004814657360703,0.0005491911751487,0.0033702601524926
CHEMBL1927,24,0.0301006545840162,0.1262818772289532,0.7224157100163897,25,0.0006288299533826,0.0013951846487226,0.015720748834566,25,0.0006202867039873,0.0013523210653637,0.0155071675996826,25,0.0006197445946052,0.0013370010511974,0.0154936148651313
CHEMBL1929,6,0.0360589161258271,0.1097527112367198,0.2163534967549629,7,0.0004583154945514,0.0005549961824303,0.0032082084618599,7,0.000454271051857,0.0005375849566791,0.0031798973629995,6,0.0004860761275116,0.0005479474365246,0.0029164567650701
CHEMBL1935,9,0.0194748550965977,0.0605095401637408,0.1752736958693793,9,0.0004881254414145,0.0007600670673291,0.0043931289727311,9,0.0004785477017304,0.000722902125727,0.0043069293155737,9,0.0004795806335384,0.0007375955243429,0.0043162257018461
CHEMBL1936,42,0.030068131624738,0.1537842052477922,1.2628615282389968,42,0.0005989043624714,0.0008819777062999,0.0251539832238026,42,0.000593571426166,0.0008750483985329,0.024929999898972,42,0.0005838372509067,0.0008521465137426,0.024521164538084
CHEMBL1940,13,0.0218349771832699,0.0978185915307112,0.2838547033825096,13,0.000494455087247,0.0007040228762591,0.0064279161342113,13,0.0004915210288524,0.0007276162350441,0.0063897733750814,13,0.0005001022572169,0.000795557959329,0.0065013293438203
CHEMBL1941,6,0.045540954622685,0.1537842052477922,0.2732457277361101,7,0.0004599947884337,0.0005444404172623,0.003219963519036,7,0.0004527179455859,0.0005393420828279,0.0031690256191016,7,0.0004506568414634,0.0005491911751487,0.0031545978902442
CHEMBL1942,10,0.0385214076442515,0.1537842052477922,0.3852140764425158,12,0.000473741433959,0.0006835733294709,0.0056848972075088,12,0.0004659724860568,0.000645716654579,0.0055916698326824,12,0.000462602071522,0.0006648524079466,0.0055512248582642
CHEMBL1944,14,0.0284115425816074,0.1097527112367198,0.3977615961425036,14,0.0005362926780927,0.0008674914754998,0.0075080974932986,14,0.0005242033179733,0.0008515685639294,0.0073388464516268,14,0.0005218639640378,0.0008203549520406,0.0073060954965294
CHEMBL1947,9,0.0454037116269816,0.086774286801405,0.4086334046428351,9,0.0005555268549038,0.0006164629036573,0.0049997416941349,9,0.0005450588025454,0.0006011135964601,0.0049055292229094,9,0.0005499407943611,0.0005994576540304,0.0049494671492506
CHEMBL1950,5,0.0366591985412494,0.0605095401637408,0.1832959927062471,7,0.0004899248364714,0.0005503254614852,0.0034294738552999,7,0.0004804943736102,0.0005446992870151,0.0033634606152715,7,0.0004830693954694,0.0005340445333531,0.0033814857682863
CHEMBL1951,13,0.0407344388106629,0.1262818772289532,0.5295477045386179,13,0.0004885892942221,0.0005895078388938,0.0063516608248883,13,0.0004841368027716,0.0005706336189103,0.0062937784360319,13,0.0004819319829463,0.0005773690305196,0.0062651157783026
CHEMBL1952,8,0.0191225984086639,0.0451741251076365,0.1529807872693113,8,0.0005187879663058,0.0005767540095035,0.0041503037304467,8,0.0005182943408041,0.0005797088551034,0.0041463547264334,8,0.0005240017647799,0.0005779818484811,0.0041920141182397
CHEMBL1957,14,0.0455546143004315,0.1537842052477922,0.6377646002060421,14,0.0006053348050461,0.0007546323944717,0.0084746872706455,14,0.0006119656609055,0.0007570550520603,0.0085675192526777,14,0.0006026712760892,0.0007525872165725,0.0084373978652501
CHEMBL1958,7,0.0106418463263067,0.0451741251076365,0.0744929242841473,6,0.0005039948410471,0.0005292513098544,0.0030239690462828,6,0.0004670567256626,0.0005106120661872,0.0028023403539757,6,0.0004722250379981,0.0005043894392236,0.0028333502279887
CHEMBL1959,11,0.0514589153989559,0.1262818772289532,0.5660480693885153,11,0.0005651349438563,0.0007285015022419,0.0062164843824195,11,0.0005487006554615,0.0006710660026337,0.0060357072100774,11,0.0005469646684968,0.0006813541149564,0.0060166113534652
CHEMBL1962,7,0.0456136279988029,0.1537842052477922,0.3192953959916209,7,0.0005363741571541,0.0008492473242828,0.0037546191000793,7,0.0005376888263197,0.0008384884579006,0.0037638217842384,7,0.0005305850386252,0.0008031264859969,0.0037140952703765
CHEMBL1963,7,0.0391383544888186,0.1537842052477922,0.2739684814217305,6,0.00047933461252,0.0005444404172623,0.0028760076751202,6,0.0004743437398784,0.0005393420828279,0.0028460624392705,6,0.0004733075810867,0.0005491911751487,0.0028398454865205
CHEMBL1966,2,0.0227856342349543,0.0451741251076365,0.0455712684699087,2,0.0004910704502006,0.0004924545448787,0.0009821409004013,2,0.0004888382773465,0.0004949681406336,0.0009776765546931,2,0.0004904888349882,0.0005019766577784,0.0009809776699765
CHEMBL1968,3,0.0189033684090935,0.0451741251076365,0.0567101052272807,3,0.0004454508703657,0.0004896863555226,0.0013363526110971,3,0.0004296036455926,0.0004827084140595,0.0012888109367779,3,0.0004290634253972,0.0004790010121981,0.0012871902761916
CHEMBL1969,3,0.0173955548660637,0.0451741251076365,0.0521866645981911,3,0.0006878239816296,0.0008029280972434,0.002063471944889,3,0.0006726870589792,0.0007682808923763,0.0020180611769378,3,0.0006468555297338,0.0007519097872204,0.0019405665892015
CHEMBL1970,7,0.0360540588621193,0.1537842052477922,0.2523784120348357,7,0.0005000286993607,0.0006086728991084,0.0035002008955254,7,0.0004911993775116,0.000626279079074,0.0034383956425815,7,0.000494197520185,0.0006175026472933,0.0034593826412951
CHEMBL1971,11,0.0173266262259581,0.1262818772289532,0.1905928884855396,11,0.000532160782457,0.0008107818657282,0.0058537686070278,11,0.0005318583438595,0.0008108424355144,0.0058504417824546,11,0.0005355324418078,0.0008106735657093,0.0058908568598862
CHEMBL1972,17,0.0230419511698612,0.086774286801405,0.391713169887642,17,0.000491417450006,0.0005811357953646,0.0083540966501033,17,0.0004980957257358,0.0005740803409001,0.0084676273375087,17,0.0004953111949427,0.0005682707195867,0.0084202903140274
CHEMBL1975,10,0.0257042078714154,0.1097527112367198,0.2570420787141549,10,0.0005795365794206,0.0007086395501322,0.0057953657942064,10,0.000572854478271,0.0006963034958874,0.0057285447827109,10,0.0005679077174039,0.0006988080319964,0.0056790771740395
CHEMBL1976,4,0.0499864156203893,0.1097527112367198,0.1999456624815574,4,0.000560658656716,0.0006149771129417,0.0022426346268643,4,0.0005460154342204,0.0005927927552194,0.0021840617368818,4,0.0005484453996777,0.0005760236835499,0.0021937815987108
CHEMBL1977,12,0.0398684459416119,0.086774286801405,0.4784213512993435,13,0.0005210908426875,0.0006164629036573,0.0067741809549382,13,0.0005085725747255,0.0006011135964601,0.0066114434714321,13,0.0005142821457751,0.0005994576540304,0.0066856678950763
CHEMBL1978,10,0.022739227334122,0.1262818772289532,0.2273922733412203,10,0.00047432151999,0.0005292513098544,0.0047432151999006,10,0.0004482572153197,0.0005106120661872,0.004482572153197,10,0.0004488779575796,0.0005043894392236,0.0044887795757965
CHEMBL1981,10,0.0395795850589693,0.1537842052477922,0.3957958505896938,10,0.0005809956327856,0.000731754712725,0.0058099563278564,10,0.000591176461383,0.0007589170980432,0.0059117646138302,10,0.0005744929758591,0.0007145484551045,0.0057449297585917
CHEMBL1983,6,0.0466208612122854,0.1537842052477922,0.2797251672737126,7,0.0004483841766129,0.0005265310806402,0.0031386892362908,7,0.0004417815109638,0.0005267415572554,0.0030924705767472,7,0.000438202962421,0.0005182265072725,0.0030674207369474
CHEMBL1985,11,0.0321044788616856,0.1537842052477922,0.3531492674785419,11,0.0004847402777005,0.0006110699911817,0.0053321430547063,11,0.0004779554633702,0.000591415289828,0.0052575100970724,11,0.0004831510497724,0.0005938015641085,0.0053146615474969
CHEMBL1987,6,0.0468010303095604,0.1537842052477922,0.2808061818573627,6,0.0004904395415066,0.0006110699911817,0.0029426372490396,6,0.0004830226077117,0.000591415289828,0.0028981356462705,6,0.0004807426459133,0.0005938015641085,0.0028844558754803
CHEMBL1988,3,0.0053420854392114,0.0094050932772035,0.0160262563176342,3,0.0004337704398546,0.0004798179331667,0.0013013113195638,3,0.0004241782411827,0.0004573696539163,0.0012725347235483,3,0.0004117704698143,0.0004259008439356,0.0012353114094431
CHEMBL1989,12,0.0282453705959537,0.1262818772289532,0.3389444471514453,12,0.0004717160797909,0.0005292513098544,0.0056605929574917,12,0.0004596336361962,0.0005145978562165,0.0055156036343551,12,0.0004602019296474,0.0005166505408682,0.0055224231557691
CHEMBL1991,82,0.0172662509110846,0.1537842052477922,1.4158325747089389,82,0.0006381539978296,0.0010339740739691,0.052328627822031,82,0.0006253571958944,0.001022318629233,0.0512792900633428,82,0.0006202152085598,0.0010381890292212,0.050857647101907
CHEMBL1992,17,0.024369229251961,0.1262818772289532,0.4142768972833377,15,0.0005248527400644,0.0006204709270786,0.0078727911009672,15,0.0005031102651455,0.0005915486887906,0.0075466539771825,15,0.0005337418330873,0.000617731095159,0.0080061274963109
CHEMBL1993,22,0.0338893482219686,0.1537842052477922,0.7455656608833099,20,0.0005713691133459,0.0007916713693819,0.0114273822669184,20,0.0005617127823618,0.0007791803970895,0.0112342556472366,20,0.0005726336142345,0.0007769222173077,0.0114526722846902
CHEMBL1994,12,0.042824222255469,0.086774286801405,0.5138906670656286,12,0.0005691919165255,0.0007040983899847,0.0068303029983071,12,0.000559272890065,0.0007087246690573,0.0067112746807808,12,0.0005635819023967,0.0007085366872923,0.0067629828287614
CHEMBL1995,9,0.0378589773330538,0.1537842052477922,0.340730795997485,9,0.0004824730824181,0.0005503254614852,0.0043422577417633,9,0.0004762606410273,0.0005446992870151,0.004286345769246,9,0.0004780297556264,0.0005491911751487,0.0043022678006378
CHEMBL1996,8,0.0482110483640703,0.1097527112367198,0.3856883869125631,8,0.0005812036626164,0.0007002593937212,0.0046496293009319,8,0.0005685105846286,0.0006835199965514,0.0045480846770292,8,0.0005765662377431,0.0007079652746728,0.0046125299019451
CHEMBL1997,4,0.0043558783028272,0.012564049150908,0.0174235132113091,4,0.0004148745376375,0.000464487553213,0.0016594981505501,4,0.0004170580272291,0.0004654490590626,0.0016682321089165,4,0.0004207900087666,0.0004904272666705,0.0016831600350666
CHEMBL2000,6,0.0355506752332541,0.1262818772289532,0.2133040513995248,9,0.0004405011009942,0.0005503254614852,0.0039645099089486,9,0.0004342625579263,0.0005446992870151,0.0039083630213374,9,0.000434139425079,0.0005340445333531,0.0039072548257116
CHEMBL2001,10,0.0381066129768383,0.1537842052477922,0.3810661297683832,10,0.0005015142645197,0.0006418126765693,0.0050151426451978,10,0.0005006701423981,0.0006740722549982,0.0050067014239814,10,0.0004994685439661,0.0006694861850876,0.004994685439661
CHEMBL2002,12,0.0424917699957175,0.1262818772289532,0.509901239948611,12,0.0005120736387229,0.0005829893311849,0.0061448836646752,12,0.0005041199023147,0.0005772331246023,0.0060494388277775,12,0.0005048595214027,0.0005768664048481,0.0060583142568334
CHEMBL2004,7,0.0642858529870786,0.1537842052477922,0.4500009709095503,7,0.0005474269487322,0.0006086728991084,0.003831988641126,7,0.0005427718529443,0.000626279079074,0.0037994029706102,7,0.0005458783569774,0.0006175026472933,0.0038211484988418
CHEMBL2008,10,0.0565387909176146,0.1537842052477922,0.5653879091761461,10,0.000544260083122,0.0006086728991084,0.0054426008312206,10,0.0005423838723435,0.000626279079074,0.0054238387234353,10,0.0005470505082366,0.0006175026472933,0.0054705050823664
CHEMBL2014,7,0.0412687980194284,0.1537842052477922,0.2888815861359991,7,0.0004571555589859,0.0005265310806402,0.0032000889129016,7,0.0004517062830324,0.0005267415572554,0.0031619439812271,7,0.0004499516073119,0.0005182265072725,0.0031496612511838
CHEMBL2015,23,0.0274936987885656,0.1537842052477922,0.6323550721370097,23,0.0005414347232546,0.000751799307137,0.0124529986348562,23,0.0005470784553367,0.0007516865291094,0.0125828044727459,23,0.0005436383880909,0.0007385837303751,0.0125036829260913
CHEMBL202,10,0.0162497364671334,0.0451741251076365,0.1624973646713344,10,0.0005377087318039,0.0007363386100038,0.005377087318039,10,0.0005392308218352,0.0007531305817134,0.0053923082183522,10,0.0005299901619255,0.0007576956480402,0.005299901619255
CHEMBL2023,10,0.0381098541885818,0.1262818772289532,0.3810985418858189,10,0.0004889653107144,0.0005829893311849,0.0048896531071441,10,0.000486003680813,0.0005772331246023,0.00486003680813,10,0.0004821650117843,0.0005768664048481,0.0048216501178432
CHEMBL203,78,0.0258362387822326,0.1537842052477922,2.0152266250141477,78,0.0007519602562178,0.0012291528621626,0.0586528999849922,78,0.000750762098222,0.0012178412415271,0.0585594436613214,78,0.0007268832632257,0.0011938880512079,0.0566968945316078
CHEMBL2033,10,0.022739227334122,0.1262818772289532,0.2273922733412203,10,0.00047432151999,0.0005292513098544,0.0047432151999006,10,0.0004482572153197,0.0005106120661872,0.004482572153197,10,0.0004488779575796,0.0005043894392236,0.0044887795757965
CHEMBL2034,28,0.0367450925969226,0.1537842052477922,1.028862592713835,28,0.0005533486696253,0.0007133106491734,0.0154937627495084,28,0.0005492093928955,0.0007273912437169,0.0153778630010766,28,0.0005475971896139,0.0007085366872923,0.0153327213091898
CHEMBL2035,6,0.0468010303095604,0.1537842052477922,0.2808061818573627,8,0.0004560452297153,0.0006110699911817,0.0036483618377228,8,0.0004424891218515,0.000591415289828,0.0035399129748124,8,0.0004387804058936,0.0005938015641085,0.0035102432471488
CHEMBL2039,3,0.0189033684090935,0.0451741251076365,0.0567101052272807,3,0.0004454508703657,0.0004896863555226,0.0013363526110971,3,0.0004296036455926,0.0004827084140595,0.0012888109367779,3,0.0004290634253972,0.0004790010121981,0.0012871902761916
CHEMBL2040,2,0.0417845355192788,0.058212054098014,0.0835690710385577,2,0.0006088174290892,0.0006673093966932,0.0012176348581784,2,0.000601118302271,0.000657537317527,0.0012022366045421,2,0.0005942186483705,0.000654392763388,0.0011884372967411
CHEMBL2044,4,0.0124293669910237,0.0229847162537001,0.049717467964095,4,0.0004554274810722,0.0004864046289194,0.0018217099242888,4,0.0004693494716731,0.0004950294023541,0.0018773978866926,4,0.000460774089622,0.0004931057336792,0.001843096358488
CHEMBL2045,4,0.0301889035923023,0.0978185915307112,0.1207556143692095,4,0.0004720739468859,0.0005491757597568,0.0018882957875439,4,0.0004672506264396,0.0005376933654451,0.0018690025057586,4,0.0004779602575178,0.0005606642790874,0.0019118410300714
CHEMBL2049,7,0.0414232286742356,0.1537842052477922,0.2899626007196492,7,0.0004782846813666,0.0006110699911817,0.0033479927695662,7,0.0004700817472259,0.000591415289828,0.0032905722305815,7,0.0004687783990629,0.0005938015641085,0.0032814487934405
CHEMBL205,6,0.0302432406140874,0.0978185915307112,0.1814594436845244,6,0.0004800095056235,0.0005491757597568,0.002880057033741,6,0.0004722129179362,0.0005376933654451,0.0028332775076175,6,0.0004899443776316,0.0005606642790874,0.00293966626579
CHEMBL2050,5,0.0527407772389515,0.1097527112367198,0.2637038861947579,5,0.0006152135327832,0.0007211847178144,0.0030760676639163,5,0.0005953424732458,0.0006855865214676,0.002976712366229,5,0.0006021263394382,0.0007271131756619,0.0030106316971914
CHEMBL2055,19,0.0397668843460294,0.1537842052477922,0.7555708025745602,19,0.0005708185188522,0.0007923227231535,0.0108455518581922,19,0.000561447533676,0.0007571747234435,0.010667503139845,19,0.0005632645546236,0.0007405061714263,0.0107020265378484
CHEMBL2056,6,0.045540954622685,0.1537842052477922,0.2732457277361101,7,0.0004599947884337,0.0005444404172623,0.003219963519036,7,0.0004527179455859,0.0005393420828279,0.0031690256191016,7,0.0004506568414634,0.0005491911751487,0.0031545978902442
CHEMBL2057,10,0.0162497364671334,0.0451741251076365,0.1624973646713344,10,0.0005377087318039,0.0007363386100038,0.005377087318039,10,0.0005392308218352,0.0007531305817134,0.0053923082183522,10,0.0005299901619255,0.0007576956480402,0.005299901619255
CHEMBL2059,4,0.0486567403376102,0.1097527112367198,0.1946269613504408,4,0.0005211676116733,0.0006258072682909,0.0020846704466933,4,0.000505168167384,0.0006098653326138,0.0020206726695361,4,0.0005142060273748,0.0006225554400558,0.0020568241094994
CHEMBL206,43,0.0351514514059904,0.1537842052477922,1.5115124104575886,43,0.0006227759939566,0.0011859745832475,0.0267793677401345,43,0.0006162159694606,0.0011766986999204,0.0264972866868062,43,0.0006119997865022,0.0011838199968139,0.0263159908195951
CHEMBL2060,20,0.017824782346825,0.0978185915307112,0.3564956469365,20,0.0004663138365084,0.0006022908833007,0.0093262767301687,20,0.0004637569686814,0.0005652112260919,0.0092751393736283,20,0.0004653997024372,0.0006003578762004,0.0093079940487455
CHEMBL2061,65,0.0176216535486515,0.1537842052477922,1.145407480662353,65,0.0005267579907784,0.0007923227231535,0.0342392694006014,65,0.0005109092788646,0.0007571747234435,0.0332091031261999,65,0.000509721724541,0.0007405061714263,0.0331319120951661
CHEMBL2062,6,0.0055916587269598,0.012564049150908,0.0335499523617588,6,0.0005124755205477,0.0008492131230125,0.0030748531232866,6,0.0004711853609659,0.0006680225852612,0.0028271121657955,6,0.0006143488323098,0.0013890700171119,0.0036860929938593
CHEMBL2063,2,0.0322371326794133,0.0451741251076365,0.0644742653588266,2,0.0005094688326885,0.0005292513098544,0.0010189376653771,3,0.0004266200332487,0.0005106120661872,0.0012798600997461,3,0.000425914906586,0.0005043894392236,0.0012777447197581
CHEMBL2064,16,0.022339353514292,0.1537842052477922,0.3574296562286726,17,0.0004292320792384,0.0005265310806402,0.0072969453470532,16,0.0004417508660455,0.0005267415572554,0.0070680138567287,17,0.0004374577245843,0.0005182265072725,0.0074367813179347
CHEMBL2066,2,0.0060197948319037,0.0094050932772035,0.0120395896638074,2,0.0004174441678166,0.0004228387476255,0.0008348883356332,2,0.000429420483234,0.0004459816915536,0.000858840966468,2,0.0004024545555709,0.000405401033437,0.0008049091111419
CHEMBL2069,11,0.0351855801326914,0.1537842052477922,0.3870413814596061,11,0.000507426765324,0.0006418126765693,0.0055816944185649,11,0.0005067638802339,0.0006740722549982,0.0055744026825732,11,0.0005030420290085,0.0006694861850876,0.0055334623190938
CHEMBL207,48,0.027055203683539,0.1537842052477922,1.2986497768098737,48,0.0006181536523301,0.000852502719215,0.0296713753118494,48,0.000615664167064,0.0008461166180533,0.0295518800190752,48,0.0006064232343773,0.0008258782208719,0.0291083152501131
CHEMBL2070,82,0.0210205350482589,0.1537842052477922,1.7236838739572318,85,0.0005749724460565,0.0010345792099268,0.048872657914803,85,0.0005626515027395,0.0010407767110391,0.0478253777328592,85,0.0005693249592731,0.0010387954510102,0.0483926215382185
CHEMBL2071,9,0.0250123127438455,0.1262818772289532,0.2251108146946103,9,0.0005371926123143,0.0008107818657282,0.0048347335108293,9,0.0005362280951878,0.0008108424355144,0.0048260528566907,9,0.0005383144791305,0.0008106735657093,0.0048448303121753
CHEMBL2074,3,0.0589661487671986,0.1097527112367198,0.1768984463015961,3,0.0005330144740296,0.0005758713305384,0.001599043422089,3,0.0005178343852079,0.0005641791011353,0.0015535031556238,3,0.0005195853048896,0.0005673045318414,0.0015587559146689
CHEMBL2075,10,0.0312983826814611,0.1262818772289532,0.3129838268146119,10,0.0005190532320602,0.000686340329549,0.0051905323206023,10,0.000512424735318,0.0006625912950968,0.0051242473531801,10,0.0005168940083473,0.0006558024873091,0.0051689400834736
CHEMBL2076,7,0.0294954775559048,0.1262818772289532,0.206468342891334,7,0.0004341636708459,0.0005083924665701,0.0030391456959218,7,0.000433954344164,0.0005001339661636,0.0030376804091481,7,0.0004285646328929,0.0004995065325689,0.0029999524302505
CHEMBL2079,3,0.0642743586215308,0.1537842052477922,0.1928230758645926,3,0.0005664535770717,0.0006086728991084,0.0016993607312152,3,0.0005613785489136,0.000626279079074,0.0016841356467409,3,0.0005605883661442,0.0006175026472933,0.0016817650984328
CHEMBL208,25,0.0399279851363583,0.1537842052477922,0.9981996284089596,25,0.0005994196751285,0.0008492473242828,0.014985491878213,25,0.0005926356877284,0.0008384884579006,0.0148158921932113,25,0.0005900516514853,0.0008031264859969,0.0147512912871326
CHEMBL2081,7,0.0079841242964407,0.0451741251076365,0.0558888700750853,7,0.0003889960004247,0.0004896863555226,0.002722972002973,7,0.0003944237780973,0.0004827084140595,0.0027609664466812,7,0.0004010647097598,0.0004904272666705,0.0028074529683189
CHEMBL2083,13,0.0247821650105518,0.0978185915307112,0.3221681451371739,13,0.0005411119630335,0.0007559947774312,0.0070344555194367,13,0.00053754596193,0.0007462603502602,0.006988097505091,13,0.000532758810745,0.00071533176511,0.0069258645396857
CHEMBL2084,3,0.0370305160597577,0.0605095401637408,0.1110915481792733,3,0.0005794811250113,0.0006945027120148,0.001738443375034,3,0.0005146086089316,0.0005377749017961,0.0015438258267949,3,0.0005187263617728,0.0005350833636668,0.0015561790853184
CHEMBL2085,10,0.041545112049276,0.1097527112367198,0.4154511204927606,10,0.0005701481481475,0.0006673093966932,0.005701481481475,10,0.0005560829217109,0.000657537317527,0.0055608292171095,10,0.0005508271553189,0.000654392763388,0.0055082715531895
CHEMBL2086,2,0.012518297140628,0.0229847162537001,0.0250365942812561,3,0.0004031887163101,0.0004786384692116,0.0012095661489303,3,0.0004017298803753,0.0004876563641275,0.0012051896411259,3,0.0004071233953548,0.0004793673557067,0.0012213701860645
CHEMBL2088,4,0.0301889035923023,0.0978185915307112,0.1207556143692095,4,0.0004720739468859,0.0005491757597568,0.0018882957875439,4,0.0004672506264396,0.0005376933654451,0.0018690025057586,4,0.0004779602575178,0.0005606642790874,0.0019118410300714
CHEMBL209,12,0.0168595175240982,0.0978185915307112,0.2023142102891792,11,0.0004295484141528,0.0005491757597568,0.0047250325556816,11,0.0004251352111677,0.0005376933654451,0.0046764873228456,11,0.0004359975083503,0.0005606642790874,0.0047959725918538
CHEMBL2094,7,0.0345899937224794,0.1097527112367198,0.2421299560573562,7,0.0004870382393779,0.0005758713305384,0.0034092676756457,7,0.0004796839570817,0.0005641791011353,0.0033577876995725,7,0.0004786295837431,0.0005673045318414,0.0033504070862018
CHEMBL2099,8,0.0381293349877775,0.1537842052477922,0.3050346799022207,8,0.0005132856150887,0.0005384383737071,0.0041062849207099,8,0.0005049441867696,0.0005359246183143,0.0040395534941574,8,0.000502152215976,0.0005270534225442,0.0040172177278087
CHEMBL210,14,0.0338846648700276,0.1537842052477922,0.4743853081803872,16,0.0005134762644105,0.0006620071675343,0.0082156202305692,16,0.0005013669226739,0.0006530297142755,0.0080218707627829,16,0.0005068126516158,0.0006542111730366,0.008109002425853
CHEMBL2100,7,0.010665890115519,0.0451741251076365,0.0746612308086335,7,0.0003971042656021,0.0005292513098544,0.0027797298592152,7,0.0003977948311606,0.0005106120661872,0.0027845638181242,7,0.0004019819321484,0.0005043894392236,0.0028138735250392
CHEMBL2102,4,0.0124300562276586,0.0451741251076365,0.0497202249106344,4,0.0010291722371836,0.0013902905273324,0.0041166889487346,4,0.0010319707360873,0.0013920415506414,0.0041278829443495,4,0.0010271118363223,0.0013890700171119,0.0041084473452895
CHEMBL2104,10,0.0304079699240304,0.1262818772289532,0.304079699240305,10,0.0005015444044943,0.0005720022486338,0.0050154440449434,10,0.0004889868739824,0.0005446992870151,0.004889868739824,10,0.0004956222803772,0.0005583832625663,0.0049562228037727
CHEMBL2105,6,0.0114416751774614,0.0451741251076365,0.0686500510647688,6,0.0005694501544176,0.000770857492123,0.0034167009265061,6,0.0005595855054551,0.0007670718705019,0.0033575130327308,6,0.0005034042877934,0.000709655789783,0.0030204257267604
CHEMBL2106,12,0.0289386096748462,0.1097527112367198,0.347263316098155,12,0.0005488993596378,0.0006730820851928,0.0065867923156541,12,0.0005472966329271,0.0006783527302884,0.0065675595951255,12,0.0005447224780437,0.0006900603232269,0.0065366697365248
CHEMBL2107,26,0.0306826518182205,0.1537842052477922,0.797748947273735,26,0.0005119877936542,0.0006412055921734,0.0133116826350099,26,0.0005039062606959,0.0006928168902318,0.0131015627780946,26,0.0005064285330862,0.0006809634463834,0.0131671418602418
CHEMBL2108,23,0.0365412259910674,0.1537842052477922,0.8404481977945524,20,0.0006187760033133,0.0009505587778377,0.0123755200662663,20,0.0005929035826466,0.00082597242584,0.0118580716529323,20,0.0006154424994347,0.0009084021929416,0.0123088499886956
CHEMBL2109,32,0.0272544966957629,0.1262818772289532,0.8721438942644135,32,0.0006097124958843,0.00075223742059,0.0195107998682986,32,0.0006095178658903,0.000731237854006,0.0195045717084903,32,0.0006181585901601,0.0007372521905589,0.019781074885125
CHEMBL2114,6,0.0466208612122854,0.1537842052477922,0.2797251672737126,6,0.0004657888987291,0.0005265310806402,0.002794733392375,6,0.0004615845661526,0.0005267415572554,0.0027695073969161,6,0.0004587780555372,0.0005182265072725,0.0027526683332237
CHEMBL2116,43,0.0254515260394617,0.1537842052477922,1.0944156196968535,41,0.0006028389110852,0.0013902905273324,0.0247163953544946,41,0.0005850335262495,0.0013920415506414,0.0239863745762305,41,0.0005854547061776,0.0013890700171119,0.0240036429532847
CHEMBL2117,38,0.0251952744636648,0.1537842052477922,0.9574204296192648,36,0.0006022510593278,0.0013902905273324,0.0216810381358027,36,0.0005864199046652,0.0013920415506414,0.02111111656795,36,0.0005883226023728,0.0013890700171119,0.0211796136854212
CHEMBL212,36,0.0346672609871224,0.1537842052477922,1.2480213955364072,36,0.0006226830264811,0.000852502719215,0.0224165889533216,36,0.0006199495716895,0.0008461166180533,0.0223181845808227,36,0.0006107669228181,0.0008258782208719,0.0219876092214534
CHEMBL2120,70,0.0161394544789582,0.1537842052477922,1.1297618135270742,70,0.0006922298695317,0.0011055463398207,0.0484560908672245,69,0.0007127847716929,0.0010988121193565,0.0491821492468119,69,0.000678909685341,0.0010724711934768,0.0468447682885321
CHEMBL2121,10,0.0150195028305015,0.0605095401637408,0.150195028305015,10,0.0004644580583722,0.0006945027120148,0.0046445805837224,10,0.0004421894135877,0.0005381322009644,0.0044218941358777,10,0.0004434465271312,0.0005439842606068,0.0044344652713123
CHEMBL2123,6,0.0466208612122854,0.1537842052477922,0.2797251672737126,6,0.0004657888987291,0.0005265310806402,0.002794733392375,6,0.0004615845661526,0.0005267415572554,0.0027695073969161,6,0.0004587780555372,0.0005182265072725,0.0027526683332237
CHEMBL2127,6,0.0042345261940779,0.012564049150908,0.0254071571644677,6,0.00048317777967,0.0006246380315436,0.0028990666780203,6,0.0004656943730207,0.0005694207023272,0.0027941662381247,6,0.0004857277303562,0.0006222342507034,0.0029143663821372
CHEMBL213,6,0.045540954622685,0.1537842052477922,0.2732457277361101,8,0.0004432633077625,0.0005444404172623,0.0035461064621004,8,0.0004370172287566,0.0005393420828279,0.0034961378300532,8,0.0004341334662183,0.0005491911751487,0.0034730677297468
CHEMBL2131,3,0.0177724364280716,0.0451741251076365,0.053317309284215,3,0.0007182077402333,0.0008940793730542,0.0021546232206999,3,0.0007103035421532,0.0008811303418983,0.0021309106264598,3,0.0006918765597798,0.0008869728773584,0.0020756296793395
CHEMBL2139,2,0.0350300965905296,0.0605095401637408,0.0700601931810593,2,0.0005141310125621,0.0005172752565084,0.0010282620251243,2,0.0005005055399724,0.000508808170269,0.0010010110799448,2,0.0005101386826497,0.0005193316872933,0.0010202773652995
CHEMBL2147,12,0.0457804084530314,0.1262818772289532,0.5493649014363776,14,0.0005911362934465,0.000862045568783,0.0082759081082515,14,0.0005802924374108,0.0008504893563143,0.0081240941237521,14,0.0005807668033942,0.0008422796906484,0.0081307352475193
CHEMBL2148,24,0.0422966701527748,0.1537842052477922,1.0151200836665977,24,0.0005637059917645,0.0007916713693819,0.0135289438023487,24,0.0005507159388073,0.0007791803970895,0.0132171825313757,24,0.0005458360988118,0.0007769222173077,0.013100066371485
CHEMBL215,15,0.029270348909923,0.1097527112367198,0.4390552336488464,19,0.000441346413133,0.0007054255212777,0.0083855818495288,19,0.0004345134876114,0.0006603210140613,0.0082557562646166,19,0.0004390804450272,0.0006592611060193,0.0083425284555183
CHEMBL2156,3,0.0053420854392114,0.0094050932772035,0.0160262563176342,3,0.0004337704398546,0.0004798179331667,0.0013013113195638,3,0.0004241782411827,0.0004573696539163,0.0012725347235483,3,0.0004117704698143,0.0004259008439356,0.0012353114094431
CHEMBL2158,5,0.0338560213161156,0.1097527112367198,0.169280106580578,5,0.0006538764249195,0.0008817609696392,0.0032693821245976,5,0.0006292855211579,0.0008562893258499,0.0031464276057899,5,0.0006353365631697,0.0008645226547058,0.0031766828158486
CHEMBL2159,5,0.0099440479529516,0.0451741251076365,0.0497202397647582,5,0.0004684967030226,0.0004924545448787,0.0023424835151134,5,0.0004660615476818,0.0004949681406336,0.0023303077384092,5,0.0004733846426697,0.0005019766577784,0.0023669232133489
CHEMBL216,6,0.0468010303095604,0.1537842052477922,0.2808061818573627,8,0.0004560452297153,0.0006110699911817,0.0036483618377228,8,0.0004424891218515,0.000591415289828,0.0035399129748124,8,0.0004387804058936,0.0005938015641085,0.0035102432471488
CHEMBL2160,8,0.0283273357582942,0.1097527112367198,0.2266186860663543,8,0.0004926908671503,0.0005758713305384,0.0039415269372024,8,0.0004854763617541,0.0005641791011353,0.003883810894033,8,0.0004907098910022,0.0005673045318414,0.0039256791280179
CHEMBL2161,6,0.0098587473032181,0.0451741251076365,0.0591524838193086,6,0.0003815947771002,0.0004896863555226,0.0022895686626015,6,0.000380163611226,0.0004827084140595,0.0022809816673563,6,0.0003830509563529,0.0004790010121981,0.0022983057381174
CHEMBL2164,26,0.025407915632377,0.1537842052477922,0.6606058064418029,26,0.0006116215681944,0.00099734482678,0.0159021607730549,26,0.0006067603127137,0.0010175465554114,0.0157757681305585,26,0.0005583792738946,0.00071533176511,0.0145178611212621
CHEMBL2167,142,0.0192260704777671,0.1537842052477922,2.7301020078429303,142,0.0007891203625489,0.0011476929330024,0.1120550914819444,142,0.00079033826508,0.0011512315270704,0.1122280336413688,142,0.0007699521215539,0.0011406467385639,0.1093332012606615
CHEMBL217,4,0.0551754671899669,0.1537842052477922,0.2207018687598676,5,0.0004297984042266,0.0005130037975436,0.0021489920211334,5,0.0004205883958036,0.000512515965027,0.0021029419790182,5,0.0004174360415645,0.0005055756779144,0.0020871802078229
CHEMBL2171,48,0.0278869963037188,0.1262818772289532,1.3385758225785032,48,0.0006200988706103,0.0011840479097208,0.029764745789297,48,0.000614749027033,0.0011544182125991,0.0295079532975878,48,0.0006369175653846,0.0015873869691749,0.0305720431384629
CHEMBL218,6,0.0466208612122854,0.1537842052477922,0.2797251672737126,6,0.0004657888987291,0.0005265310806402,0.002794733392375,6,0.0004615845661526,0.0005267415572554,0.0027695073969161,6,0.0004587780555372,0.0005182265072725,0.0027526683332237
CHEMBL2182,6,0.0466208612122854,0.1537842052477922,0.2797251672737126,7,0.0004483841766129,0.0005265310806402,0.0031386892362908,7,0.0004417815109638,0.0005267415572554,0.0030924705767472,7,0.000438202962421,0.0005182265072725,0.0030674207369474
CHEMBL2184,6,0.0137345535396093,0.0229847162537001,0.0824073212376559,6,0.0004604195891098,0.0004983975909496,0.0027625175346591,6,0.0004625243949517,0.000500467121225,0.0027751463697107,6,0.0004585147880109,0.0005054886485959,0.0027510887280658
CHEMBL2185,34,0.0265114217205125,0.1537842052477922,0.9013883384974282,34,0.0005437065800872,0.0006420723211867,0.0184860237229663,34,0.0005385659523538,0.0006336689435784,0.0183112423800319,34,0.0005431433789287,0.0006441218628414,0.0184668748835762
CHEMBL219,6,0.0466208612122854,0.1537842052477922,0.2797251672737126,7,0.0004483841766129,0.0005265310806402,0.0031386892362908,7,0.0004417815109638,0.0005267415572554,0.0030924705767472,7,0.000438202962421,0.0005182265072725,0.0030674207369474
CHEMBL2193,7,0.0499386349543933,0.1097527112367198,0.3495704446807531,8,0.0004942167874677,0.0005758713305384,0.0039537342997419,9,0.0004586147075791,0.0005641791011353,0.004127532368212,9,0.0004611052023394,0.0005673045318414,0.0041499468210552
CHEMBL2194,5,0.0109288150215699,0.0451741251076365,0.0546440751078496,5,0.0003995634035509,0.0004896863555226,0.0019978170177547,5,0.0004068308744669,0.0004827084140595,0.0020341543723345,5,0.0004158281227606,0.0004904272666705,0.0020791406138031
CHEMBL220,8,0.0231021790729342,0.0605095401637408,0.1848174325834741,8,0.000514790804065,0.0006561894395572,0.0041183264325204,8,0.0004949467046784,0.0006371887289965,0.0039595736374278,8,0.0004973643493212,0.0006389875419489,0.00397891479457
CHEMBL2200,7,0.0296869759587737,0.1537842052477922,0.2078088317114164,6,0.0004974296999549,0.0005938558018213,0.0029845781997296,6,0.0004903482559826,0.0005758943219129,0.002942089535896,6,0.0004896944674597,0.0005754527092754,0.0029381668047583
CHEMBL2202,7,0.0294954775559048,0.1262818772289532,0.206468342891334,7,0.0004341636708459,0.0005083924665701,0.0030391456959218,7,0.000433954344164,0.0005001339661636,0.0030376804091481,7,0.0004285646328929,0.0004995065325689,0.0029999524302505
CHEMBL2206,5,0.0144248118179344,0.0451741251076365,0.072124059089672,6,0.0005130165804384,0.0007151840405406,0.0030780994826306,6,0.0004947047125445,0.0007142412702925,0.0029682282752673,7,0.0004282915833861,0.0005166662738934,0.0029980410837032
CHEMBL221,6,0.0130870497827567,0.0451741251076365,0.0785222986965406,7,0.0004146827193012,0.0005292513098544,0.0029027790351084,7,0.000404153361856,0.0005106120661872,0.0028290735329923,7,0.0004037684441328,0.0005043894392236,0.00282637910893
CHEMBL222,4,0.0356469954939652,0.1262818772289532,0.1425879819758611,4,0.0005276961032538,0.0008107818657282,0.0021107844130152,4,0.000530386366878,0.0008108424355144,0.0021215454675122,4,0.0005273428119377,0.0008106735657093,0.0021093712477508
CHEMBL223,7,0.0406844995053671,0.1537842052477922,0.28479149653757,9,0.0004481074426199,0.0006110699911817,0.0040329669835799,9,0.0004415827263274,0.000591415289828,0.003974244536947,9,0.0004381069569378,0.0005938015641085,0.003942962612441
CHEMBL224,6,0.0468010303095604,0.1537842052477922,0.2808061818573627,7,0.0004695132989936,0.0006110699911817,0.0032865930929555,7,0.0004601569751573,0.000591415289828,0.0032210988261017,7,0.000457029754172,0.0005938015641085,0.003199208279204
CHEMBL2249,5,0.0055779501507929,0.0192867775554466,0.0278897507539646,5,0.0004132160719042,0.0005088278621382,0.002066080359521,5,0.0004066331395307,0.0005314568726946,0.0020331656976535,5,0.0004144760345835,0.0005120884080463,0.0020723801729175
CHEMBL225,6,0.0468010303095604,0.1537842052477922,0.2808061818573627,7,0.0004695132989936,0.0006110699911817,0.0032865930929555,7,0.0004601569751573,0.000591415289828,0.0032210988261017,7,0.000457029754172,0.0005938015641085,0.003199208279204
CHEMBL226,6,0.0466208612122854,0.1537842052477922,0.2797251672737126,6,0.0004657888987291,0.0005265310806402,0.002794733392375,6,0.0004615845661526,0.0005267415572554,0.0027695073969161,6,0.0004587780555372,0.0005182265072725,0.0027526683332237
CHEMBL227,11,0.0313760611029126,0.1537842052477922,0.3451366721320389,11,0.0005169971622576,0.0006290163317783,0.0056869687848345,11,0.0005036241350105,0.0006049246784944,0.0055398654851163,11,0.0005111420649433,0.0006452481610376,0.0056225627143763
CHEMBL228,4,0.014910279446533,0.0229847162537001,0.059641117786132,4,0.0004391632947119,0.0004864046289194,0.0017566531788479,4,0.0004483137080789,0.0004950294023541,0.0017932548323158,4,0.0004429160597146,0.0004931057336792,0.0017716642388586
CHEMBL229,7,0.0406844995053671,0.1537842052477922,0.28479149653757,9,0.0004481074426199,0.0006110699911817,0.0040329669835799,9,0.0004415827263274,0.000591415289828,0.003974244536947,9,0.0004381069569378,0.0005938015641085,0.003942962612441
CHEMBL230,11,0.0332120748775914,0.1097527112367198,0.3653328236535054,17,0.0004080182111558,0.0005895078388938,0.0069363095896493,17,0.0004051818073449,0.0005706336189103,0.0068880907248645,17,0.0004098751780631,0.0005773690305196,0.0069678780270735
CHEMBL231,6,0.0468010303095604,0.1537842052477922,0.2808061818573627,7,0.0004695132989936,0.0006110699911817,0.0032865930929555,7,0.0004601569751573,0.000591415289828,0.0032210988261017,7,0.000457029754172,0.0005938015641085,0.003199208279204
CHEMBL232,7,0.0406844995053671,0.1537842052477922,0.28479149653757,9,0.0004481074426199,0.0006110699911817,0.0040329669835799,9,0.0004415827263274,0.000591415289828,0.003974244536947,9,0.0004381069569378,0.0005938015641085,0.003942962612441
CHEMBL2326,1,0.0451741251076365,0.0451741251076365,0.0451741251076365,1,0.0004896863555226,0.0004896863555226,0.0004896863555226,1,0.0004827084140595,0.0004827084140595,0.0004827084140595,1,0.0004790010121981,0.0004790010121981,0.0004790010121981
CHEMBL2327,7,0.0414232286742356,0.1537842052477922,0.2899626007196492,7,0.0004782846813666,0.0006110699911817,0.0033479927695662,7,0.0004700817472259,0.000591415289828,0.0032905722305815,7,0.0004687783990629,0.0005938015641085,0.0032814487934405
CHEMBL2335,4,0.0587776250999025,0.1097527112367198,0.2351105003996101,6,0.000490379032106,0.0005758713305384,0.002942274192636,6,0.0004810074838911,0.0005641791011353,0.0028860449033467,6,0.0004780297898767,0.0005673045318414,0.0028681787392602
CHEMBL235,30,0.0311471140582742,0.1537842052477922,0.9344134217482276,30,0.0005361803724106,0.0006955026458843,0.0160854111723182,30,0.0005337886468171,0.0007286919515019,0.0160136594045145,30,0.0005340271521065,0.000733260007261,0.0160208145631959
CHEMBL236,11,0.0523869933392153,0.1537842052477922,0.5762569267313689,11,0.0004940257349833,0.0005895078388938,0.0054342830848171,11,0.0004854877605859,0.0005706336189103,0.0053403653664458,11,0.0004854328985088,0.0005773690305196,0.0053397618835974
CHEMBL2360,6,0.0309323547690634,0.1262818772289532,0.1855941286143806,6,0.0004698670836061,0.0005083924665701,0.0028192025016366,6,0.0004653638041366,0.0005001339661636,0.0027921828248198,6,0.0004700463683605,0.0005019766577784,0.002820278210163
CHEMBL237,12,0.0459534845480174,0.1537842052477922,0.5514418145762096,12,0.0004767029364046,0.000531144021009,0.0057204352368558,12,0.0004744602303358,0.0005277667113639,0.0056935227640307,12,0.0004738700828952,0.0005329376714561,0.0056864409947427
CHEMBL238,6,0.0314262357472102,0.1262818772289532,0.1885574144832613,6,0.0005126379185244,0.0008107818657282,0.0030758275111464,6,0.0005173718723323,0.0008108424355144,0.0031042312339939,6,0.0005136407228561,0.0008106735657093,0.0030818443371369
CHEMBL2388,2,0.0233447458543179,0.0451741251076365,0.0466894917086358,3,0.0005462201479439,0.0008464215385472,0.0016386604438318,3,0.0005579803834799,0.0008610914290072,0.0016739411504397,3,0.0005479499638963,0.0008513062988676,0.0016438498916891
CHEMBL239,33,0.0242558692752604,0.0978185915307112,0.8004436860835944,33,0.0005173558506117,0.0006164629036573,0.0170727430701866,33,0.0005043441873109,0.0006011135964601,0.0166433581812625,33,0.0005080382831845,0.0005994576540304,0.0167652633450911
CHEMBL2392,10,0.017236501359484,0.0605095401637408,0.1723650135948403,10,0.0004684290804955,0.0006620071675343,0.004684290804955,10,0.0004661675205636,0.0006530297142755,0.0046616752056363,10,0.0004776204998539,0.0006542111730366,0.004776204998539
CHEMBL2399,14,0.0357576405175346,0.1262818772289532,0.5006069672454856,15,0.0005285139605137,0.0013902905273324,0.0079277094077065,16,0.0005067251062054,0.0013920415506414,0.0081076016992871,16,0.0005059142350049,0.0013890700171119,0.0080946277600787
CHEMBL240,5,0.0079685662440087,0.0229847162537001,0.0398428312200436,5,0.0004062119070654,0.0004786384692116,0.0020310595353274,5,0.0004040709421515,0.0004876563641275,0.0020203547107579,5,0.0004061561503144,0.0004793673557067,0.0020307807515721
CHEMBL2401,13,0.0217491343713167,0.1537842052477922,0.2827387468271178,13,0.0005025370887066,0.0007901434237314,0.0065329821531868,13,0.0004831609819992,0.0007266500777587,0.0062810927659899,13,0.0005012399823772,0.0007720067050028,0.0065161197709048
CHEMBL241,4,0.0620437619313571,0.1537842052477922,0.2481750477254287,4,0.0005185408918014,0.0005444404172623,0.0020741635672058,4,0.0005162578536757,0.0005393420828279,0.002065031414703,4,0.0005140041852299,0.0005491911751487,0.0020560167409196
CHEMBL2412,57,0.0178057539781115,0.1262818772289532,1.0149279767523596,57,0.0006545653642944,0.0009899610138302,0.0373102257647842,57,0.0006445032427863,0.000982898792931,0.0367366848388199,57,0.0006544371710358,0.0009988664770327,0.037302918749044
CHEMBL2413,12,0.0463160393917219,0.1537842052477922,0.5557924727006636,12,0.0004720232759387,0.0005658546435071,0.0056642793112651,12,0.0004652881475701,0.0005542816278236,0.0055834577708423,12,0.0004629766146501,0.0005548060070827,0.0055557193758023
CHEMBL2414,8,0.0366618951564353,0.1537842052477922,0.2932951612514824,8,0.0004471916530896,0.0005265310806402,0.0035775332247168,8,0.0004424667064797,0.0005267415572554,0.0035397336518381,8,0.0004392918787383,0.0005182265072725,0.0035143350299068
CHEMBL2419,4,0.017810853989451,0.0451741251076365,0.0712434159578043,4,0.0004982043103224,0.0005292513098544,0.0019928172412898,4,0.0004698524720495,0.0005106120661872,0.0018794098881981,4,0.0004697021732471,0.0005043894392236,0.0018788086929885
CHEMBL242,16,0.0566305697310524,0.1537842052477922,0.9060891156968384,16,0.0005696976045064,0.0006756564833105,0.0091151616721028,16,0.0005704654079022,0.000681624752395,0.0091274465264358,16,0.0005656732980564,0.0006867239251052,0.0090507727689026
CHEMBL2421,7,0.0109223546724074,0.0451741251076365,0.0764564827068518,7,0.0005068414544536,0.0005750094841758,0.0035478901811753,7,0.000480734304752,0.0005588159531146,0.0033651401332642,7,0.0004919309140577,0.0005970096712448,0.003443516398404
CHEMBL2428,7,0.0348640221287831,0.1537842052477922,0.2440481549014817,7,0.0004761124402051,0.0005384383737071,0.0033327870814358,7,0.0004738341724261,0.0005359246183143,0.003316839206983,7,0.0004670307858183,0.0005270534225442,0.0032692155007281
CHEMBL2430,6,0.0055916587269598,0.012564049150908,0.0335499523617588,6,0.0005124755205477,0.0008492131230125,0.0030748531232866,6,0.0004711853609659,0.0006680225852612,0.0028271121657955,6,0.0006143488323098,0.0013890700171119,0.0036860929938593
CHEMBL2433,3,0.0226705073208067,0.0605095401637408,0.0680115219624202,3,0.0004686441859134,0.0005109867686159,0.0014059325577402,3,0.0004544379644272,0.0004922029096758,0.0013633138932818,3,0.0004594303946524,0.0005009456780062,0.0013782911839574
CHEMBL2434,11,0.0427448734139162,0.1537842052477922,0.4701936075530785,11,0.0004705978769823,0.0005758713305384,0.0051765766468059,11,0.000463021527951,0.0005641791011353,0.0050932368074619,11,0.0004611900858705,0.0005673045318414,0.0050730909445758
CHEMBL2438,3,0.0589661487671986,0.1097527112367198,0.1768984463015961,3,0.0005330144740296,0.0005758713305384,0.001599043422089,3,0.0005178343852079,0.0005641791011353,0.0015535031556238,3,0.0005195853048896,0.0005673045318414,0.0015587559146689
CHEMBL2439,4,0.0444374216291741,0.1097527112367198,0.1777496865166966,4,0.0004937959536143,0.0005758713305384,0.0019751838144572,4,0.0004796844090865,0.0005641791011353,0.001918737636346,4,0.0004826797204134,0.0005673045318414,0.0019307188816539
CHEMBL244,5,0.058634347943036,0.1262818772289532,0.2931717397151803,12,0.0004141253200838,0.0005503254614852,0.0049695038410056,12,0.0004054592950137,0.0005446992870151,0.0048655115401648,12,0.0004059660932772,0.0005340445333531,0.0048715931193264
CHEMBL2441,3,0.0230971537468982,0.0605095401637408,0.0692914612406948,3,0.0004927187431516,0.00055647278014,0.0014781562294548,3,0.0004487928872342,0.0004922029096758,0.0013463786617028,3,0.0004613545706044,0.0005009456780062,0.0013840637118132
CHEMBL2442,11,0.0303058840551723,0.1537842052477922,0.3333647246068956,11,0.0004924656321793,0.0005384383737071,0.0054171219539729,11,0.0004860665176556,0.0005359246183143,0.0053467316942124,11,0.0004853377905812,0.0005270534225442,0.0053387156963941
CHEMBL2443,6,0.0252973953668675,0.0978185915307112,0.1517843722012052,6,0.0005431232199568,0.0006808521405604,0.0032587393197409,6,0.000532606433883,0.0006633260501688,0.0031956386032981,6,0.0005357269940784,0.0006447563376184,0.0032143619644708
CHEMBL2447,2,0.0227856342349543,0.0451741251076365,0.0455712684699087,2,0.0004910704502006,0.0004924545448787,0.0009821409004013,2,0.0004888382773465,0.0004949681406336,0.0009776765546931,2,0.0004904888349882,0.0005019766577784,0.0009809776699765
CHEMBL245,10,0.0349636567295543,0.1537842052477922,0.3496365672955433,12,0.0004739526978569,0.0006110699911817,0.0056874323742839,12,0.0004620288396406,0.0005917841338324,0.0055443460756877,12,0.0004584109997172,0.0005938015641085,0.0055009319966071
CHEMBL2457,4,0.0167465796442241,0.0451741251076365,0.0669863185768964,5,0.0004091274598584,0.0005292513098544,0.0020456372992921,5,0.0004016976586688,0.0005106120661872,0.0020084882933441,5,0.0004015766293752,0.0005043894392236,0.0020078831468764
CHEMBL246,6,0.045540954622685,0.1537842052477922,0.2732457277361101,8,0.0004432633077625,0.0005444404172623,0.0035461064621004,8,0.0004370172287566,0.0005393420828279,0.0034961378300532,8,0.0004341334662183,0.0005491911751487,0.0034730677297468
CHEMBL2465,2,0.0227856342349543,0.0451741251076365,0.0455712684699087,2,0.0004910704502006,0.0004924545448787,0.0009821409004013,2,0.0004888382773465,0.0004949681406336,0.0009776765546931,2,0.0004904888349882,0.0005019766577784,0.0009809776699765
CHEMBL2468,3,0.0076729131172779,0.0119355972037564,0.0230187393518339,3,0.0005833728413647,0.0006456290065713,0.0017501185240942,3,0.00057712187061,0.0006380694815731,0.0017313656118301,3,0.0005899608847318,0.0006447001485519,0.0017698826541955
CHEMBL2469,2,0.0227856342349543,0.0451741251076365,0.0455712684699087,2,0.0004910704502006,0.0004924545448787,0.0009821409004013,2,0.0004888382773465,0.0004949681406336,0.0009776765546931,2,0.0004904888349882,0.0005019766577784,0.0009809776699765
CHEMBL2476,7,0.0315817716401051,0.0978185915307112,0.221072401480736,8,0.0004728822167058,0.000581476867447,0.0037830577336468,8,0.0004723686899909,0.000584925819992,0.0037789495199273,8,0.0004758695217614,0.0005868213347151,0.0038069561740916
CHEMBL248,17,0.0250024352895039,0.1537842052477922,0.4250413999215666,17,0.0006125780093383,0.0012105998159558,0.0104138261587525,17,0.0005968799803776,0.0011912537175731,0.0101469596664193,17,0.0006085506027393,0.0011960423096599,0.0103453602465688
CHEMBL2484,3,0.0222889815561612,0.0229847162537001,0.0668669446684838,3,0.0004878135630269,0.0004983975909496,0.0014634406890808,3,0.0004943842959022,0.000500467121225,0.0014831528877067,3,0.0004926539126606,0.0005054886485959,0.0014779617379819
CHEMBL2487,66,0.0219384474212371,0.1537842052477922,1.4479375298016546,66,0.0005872185044153,0.0008867432737385,0.038756421291411,66,0.0005761111624311,0.0008717589519336,0.0380233367204551,66,0.0005791811611737,0.0008014492583968,0.038225956637465
CHEMBL249,11,0.0313760611029126,0.1537842052477922,0.3451366721320389,11,0.0005169971622576,0.0006290163317783,0.0056869687848345,11,0.0005036241350105,0.0006049246784944,0.0055398654851163,11,0.0005111420649433,0.0006452481610376,0.0056225627143763
CHEMBL2490,6,0.0468010303095604,0.1537842052477922,0.2808061818573627,7,0.0004695132989936,0.0006110699911817,0.0032865930929555,7,0.0004601569751573,0.000591415289828,0.0032210988261017,7,0.000457029754172,0.0005938015641085,0.003199208279204
CHEMBL2492,3,0.0222889815561612,0.0229847162537001,0.0668669446684838,3,0.0004878135630269,0.0004983975909496,0.0014634406890808,3,0.0004943842959022,0.000500467121225,0.0014831528877067,3,0.0004926539126606,0.0005054886485959,0.0014779617379819
CHEMBL2493,6,0.0167512309977975,0.0229847162537001,0.1005073859867854,6,0.0005095121584131,0.0005811357953646,0.0030570729504787,6,0.0005129386177646,0.0005740803409001,0.0030776317065881,6,0.0005101380927578,0.0005682707195867,0.0030608285565469
CHEMBL2494,33,0.0259944140668395,0.1537842052477922,0.8578156642057038,33,0.0004614801489699,0.0005811357953646,0.0152288449160084,33,0.0004574272534635,0.0005740803409001,0.0150950993642986,33,0.0004556734094233,0.0005682707195867,0.0150372225109701
CHEMBL2498,137,0.0222336049184351,0.1537842052477922,3.046003873825612,137,0.0007265097760751,0.0011428427645277,0.0995318393222953,137,0.0007208670478084,0.0011322276226046,0.0987587855497612,137,0.0006957271885373,0.001120624956804,0.0953146248296161
CHEMBL250,14,0.0455375886801621,0.1537842052477922,0.6375262415222703,14,0.0005115582316949,0.0006110699911817,0.0071618152437287,14,0.0005000087211702,0.000591415289828,0.0070001220963828,14,0.0005020236973519,0.0005938015641085,0.0070283317629274
CHEMBL2502,4,0.0167465796442241,0.0451741251076365,0.0669863185768964,5,0.0004112225559067,0.0005292513098544,0.0020561127795339,5,0.0004045942020548,0.0005106120661872,0.002022971010274,5,0.0004036379689872,0.0005043894392236,0.0020181898449364
CHEMBL2503,2,0.0233447458543179,0.0451741251076365,0.0466894917086358,3,0.0005462201479439,0.0008464215385472,0.0016386604438318,3,0.0005579803834799,0.0008610914290072,0.0016739411504397,3,0.0005479499638963,0.0008513062988676,0.0016438498916891
CHEMBL2506,156,0.0204604360356803,0.1537842052477922,3.191828021566134,156,0.0007180300656452,0.0011428427645277,0.1120126902406634,156,0.0007099388140156,0.0011322276226046,0.1107504549864372,156,0.0006863586222633,0.001120624956804,0.1070719450730752
CHEMBL2508,28,0.0245726793912219,0.1262818772289532,0.6880350229542154,28,0.0005451083065478,0.000992234471577,0.0152630325833396,28,0.0005472936029827,0.0009785871414853,0.0153242208835165,28,0.0005419136147784,0.0009556841513973,0.0151735812137978
CHEMBL251,12,0.0376546862728233,0.1537842052477922,0.4518562352738798,12,0.0005083873940635,0.0006754103002822,0.0061006487287626,12,0.0005028163622999,0.0006632578307366,0.006033796347599,12,0.0005015299713634,0.0006764061392634,0.006018359656361
CHEMBL2514,7,0.0414232286742356,0.1537842052477922,0.2899626007196492,7,0.0004782846813666,0.0006110699911817,0.0033479927695662,7,0.0004700817472259,0.000591415289828,0.0032905722305815,7,0.0004687783990629,0.0005938015641085,0.0032814487934405
CHEMBL2517,3,0.0562786846986489,0.1097527112367198,0.1688360540959469,3,0.0005000899645151,0.0005549961824303,0.0015002698935453,3,0.0004831774535324,0.0005375849566791,0.0014495323605973,3,0.0004908652643524,0.0005479474365246,0.0014725957930574
CHEMBL252,7,0.0414232286742356,0.1537842052477922,0.2899626007196492,7,0.0004782846813666,0.0006110699911817,0.0033479927695662,7,0.0004700817472259,0.000591415289828,0.0032905722305815,7,0.0004687783990629,0.0005938015641085,0.0032814487934405
CHEMBL2524,5,0.0482745423320845,0.1097527112367198,0.2413727116604227,5,0.0005235962174932,0.0005758713305384,0.0026179810874661,6,0.0004722272092283,0.0005641791011353,0.00283336325537,6,0.0004727501057378,0.0005673045318414,0.0028365006344271
CHEMBL2527,24,0.0214688782794482,0.086774286801405,0.5152530787067576,24,0.0006417966688796,0.001005940864799,0.0154031200531115,24,0.0006433673439344,0.0009904448266841,0.015440816254426,24,0.0006475054108221,0.000997673354506,0.0155401298597319
CHEMBL253,6,0.0466208612122854,0.1537842052477922,0.2797251672737126,6,0.0004657888987291,0.0005265310806402,0.002794733392375,6,0.0004615845661526,0.0005267415572554,0.0027695073969161,6,0.0004587780555372,0.0005182265072725,0.0027526683332237
CHEMBL2531,4,0.01630787743894,0.058212054098014,0.0652315097557601,4,0.0004525560633891,0.0005503254614852,0.0018102242535567,4,0.0004510711359871,0.0005446992870151,0.0018042845439487,4,0.0004479127928832,0.0005340445333531,0.0017916511715328
CHEMBL2534,75,0.0288554885739141,0.1537842052477922,2.164161643043557,75,0.0006014616049636,0.0009097223363359,0.0451096203722751,75,0.00059666531052,0.0009008850903377,0.0447498982890059,75,0.0005894408019459,0.0008892580835507,0.044208060145947
CHEMBL2536,16,0.0322252413982474,0.1537842052477922,0.5156038623719591,16,0.000572229616865,0.0008808473548505,0.0091556738698411,16,0.0005628632065922,0.0008508302241145,0.0090058113054765,16,0.000554935484244,0.0008425433766022,0.0088789677479053
CHEMBL254,7,0.0401430505365338,0.1537842052477922,0.2810013537557372,7,0.0004921804800498,0.0005444404172623,0.003445263360349,7,0.0004875675135496,0.0005393420828279,0.0034129725948477,7,0.0004861197032433,0.0005491911751487,0.0034028379227035
CHEMBL255,14,0.0432772810110468,0.1537842052477922,0.605881934154656,14,0.0004940728728402,0.0005444404172623,0.0069170202197633,14,0.0004850244664118,0.0005393420828279,0.0067903425297662,14,0.0004899328346322,0.0005491911751487,0.0068590596848508
CHEMBL2552,7,0.0269643377512369,0.0978185915307112,0.1887503642586584,7,0.000447183524871,0.0005491757597568,0.0031302846740973,7,0.0004398409851254,0.0005376933654451,0.0030788868958784,7,0.0004516640176782,0.0005606642790874,0.0031616481237476
CHEMBL2553,50,0.0274491666507313,0.1537842052477922,1.3724583325365682,50,0.0006056567701843,0.0010213575529755,0.030282838509217,50,0.0006054889109259,0.0010216173209454,0.0302744455462986,50,0.0006082765136446,0.000993003633085,0.0304138256822333
CHEMBL2559,5,0.014603671848047,0.0605095401637408,0.0730183592402351,5,0.000397018876435,0.0005109867686159,0.0019850943821754,5,0.0003810819004499,0.0004922029096758,0.0019054095022496,5,0.0003923398015774,0.0005009456780062,0.0019616990078874
CHEMBL256,6,0.0466208612122854,0.1537842052477922,0.2797251672737126,6,0.0004657888987291,0.0005265310806402,0.002794733392375,6,0.0004615845661526,0.0005267415572554,0.0027695073969161,6,0.0004587780555372,0.0005182265072725,0.0027526683332237
CHEMBL2575,10,0.0162497364671334,0.0451741251076365,0.1624973646713344,10,0.0005377087318039,0.0007363386100038,0.005377087318039,10,0.0005392308218352,0.0007531305817134,0.0053923082183522,10,0.0005299901619255,0.0007576956480402,0.005299901619255
CHEMBL258,53,0.0302598862225769,0.1537842052477922,1.6037739697965778,53,0.0006091896486523,0.0008138588190817,0.0322870513785757,53,0.0005962379916389,0.0007980572120485,0.031600613556864,53,0.0005935981976306,0.0007909273783305,0.0314607044744267
CHEMBL2581,17,0.0389133585458961,0.1537842052477922,0.661527095280235,17,0.0005123073347235,0.000731754712725,0.0087092246903011,17,0.0005090911502731,0.0007589170980432,0.0086545495546434,17,0.0005122147958127,0.0007145484551045,0.0087076515288166
CHEMBL2582,62,0.016304661359351,0.086774286801405,1.0108890042797627,62,0.0006002886828688,0.0008104022260075,0.0372178983378695,62,0.0006055255124287,0.0008164272566713,0.0375425817705807,62,0.000607665066431,0.0008203153847749,0.0376752341187253
CHEMBL259,10,0.0403791318983148,0.1537842052477922,0.4037913189831485,10,0.0004806265593887,0.0005444404172623,0.0048062655938878,10,0.0004761813962066,0.0005393420828279,0.0047618139620667,10,0.0004774431333757,0.0005491911751487,0.0047744313337572
CHEMBL2595,2,0.0322371326794133,0.0451741251076365,0.0644742653588266,2,0.0005094688326885,0.0005292513098544,0.0010189376653771,3,0.0004266200332487,0.0005106120661872,0.0012798600997461,3,0.000425914906586,0.0005043894392236,0.0012777447197581
CHEMBL2597,72,0.022794734854049,0.1537842052477922,1.6412209094915349,75,0.0005699457980662,0.0010345792099268,0.0427459348549722,75,0.0005563924074266,0.0010407767110391,0.0417294305570024,75,0.0005636465716865,0.0010387954510102,0.042273492876488
CHEMBL2599,47,0.0271478332534125,0.1537842052477922,1.2759481629103893,47,0.0005964603969217,0.0007801989141368,0.0280336386553203,47,0.0005826676670701,0.0007538648441844,0.0273853803522966,47,0.00058194607917,0.0007211120840196,0.0273514657209933
CHEMBL2600,18,0.0250021404128823,0.1537842052477922,0.4500385274318831,18,0.0005052541915121,0.0006310118736127,0.0090945754472183,18,0.0005004724030196,0.0006157291586884,0.0090085032543544,18,0.0004999709101184,0.0006192669426573,0.0089994763821325
CHEMBL2608,10,0.0370570798311366,0.1262818772289532,0.3705707983113664,10,0.0007727502943402,0.0013902905273324,0.0077275029434028,10,0.000766722955599,0.0013920415506414,0.0076672295559904,10,0.0007661513818328,0.0013890700171119,0.0076615138183283
CHEMBL2609,2,0.0255467560383263,0.0451741251076365,0.0510935120766527,3,0.0005210321324692,0.000770857492123,0.0015630963974076,3,0.0005266405306448,0.0007670718705019,0.0015799215919345,3,0.0005007331275348,0.000709655789783,0.0015021993826045
CHEMBL2626,12,0.0282453705959537,0.1262818772289532,0.3389444471514453,12,0.0004717160797909,0.0005292513098544,0.0056605929574917,12,0.0004596336361962,0.0005145978562165,0.0055156036343551,12,0.0004602019296474,0.0005166505408682,0.0055224231557691
CHEMBL2632,28,0.0269506084346341,0.1262818772289532,0.7546170361697553,28,0.0005352862183269,0.0007470805240262,0.0149880141131548,28,0.0005161019457721,0.0007493319941873,0.0144508544816215,28,0.0005248002505827,0.0007645634634001,0.0146944070163174
CHEMBL2634,35,0.0345972930891299,0.1537842052477922,1.2109052581195496,35,0.0006643856236363,0.0011067888525794,0.0232534968272715,35,0.0006596527361642,0.0010881070898468,0.0230878457657474,35,0.0006430175368815,0.000968627766116,0.0225056137908546
CHEMBL264,4,0.0551754671899669,0.1537842052477922,0.2207018687598676,5,0.0004297984042266,0.0005130037975436,0.0021489920211334,5,0.0004205883958036,0.000512515965027,0.0021029419790182,5,0.0004174360415645,0.0005055756779144,0.0020871802078229
CHEMBL2641,3,0.0336767455887225,0.0978185915307112,0.1010302367661676,3,0.000393758236118,0.0005250877006656,0.001181274708354,3,0.0003932102185026,0.0005224229821941,0.0011796306555079,3,0.0003964369300846,0.0005286091789337,0.001189310790254
CHEMBL2650,17,0.0249489172476358,0.1537842052477922,0.4241315932098101,17,0.0004549669389244,0.0005503254614852,0.0077344379617159,17,0.0004513093606736,0.0005507366545556,0.0076722591314524,17,0.0004447649200919,0.0005491911751487,0.0075610036415625
CHEMBL2652,8,0.0392284998434289,0.1537842052477922,0.3138279987474312,8,0.0004799687060127,0.0005503254614852,0.0038397496481017,8,0.0004771662920854,0.0005446992870151,0.0038173303366838,8,0.000467548741873,0.0005491911751487,0.0037403899349845
CHEMBL2655,46,0.020569757555452,0.1537842052477922,0.9462088475507964,46,0.0004589599406112,0.000559865276261,0.0211121572681162,46,0.0004529967520068,0.0005548187973998,0.0208378505923154,46,0.0004564680616412,0.0005695085304192,0.0209975308354975
CHEMBL2656,2,0.0255467560383263,0.0451741251076365,0.0510935120766527,2,0.0006302719238228,0.000770857492123,0.0012605438476456,2,0.0006248901422807,0.0007670718705019,0.0012497802845615,2,0.0005943284009905,0.000709655789783,0.0011886568019811
CHEMBL267,168,0.0208845677301931,0.1537842052477922,3.5086073786724485,168,0.0007377057074339,0.0019733026243069,0.123934558848911,168,0.0007300969893755,0.0019745899272412,0.1226562942150844,168,0.000722261410129,0.0019305931781411,0.1213399169016844
CHEMBL268,14,0.0390134358361697,0.1097527112367198,0.5461881017063764,14,0.000494161051865,0.0006103455674322,0.0069182547261101,14,0.00048636162128,0.0006051128525361,0.0068090626979212,14,0.0004947532567535,0.0006069975591793,0.0069265455945494
CHEMBL2692,3,0.0642743586215308,0.1537842052477922,0.1928230758645926,3,0.0005664535770717,0.0006086728991084,0.0016993607312152,3,0.0005613785489136,0.000626279079074,0.0016841356467409,3,0.0005605883661442,0.0006175026472933,0.0016817650984328
CHEMBL271,22,0.0380866829361529,0.1537842052477922,0.8379070245953651,23,0.0005570312786663,0.0011476929330024,0.0128117194093251,23,0.0005491065705385,0.0011512315270704,0.0126294511223862,23,0.0005469819903114,0.0011406467385639,0.0125805857771636
CHEMBL2736,8,0.0351848353324704,0.1537842052477922,0.2814786826597633,9,0.0004153277963734,0.0005265310806402,0.003737950167361,8,0.000428782650992,0.0005267415572554,0.0034302612079361,9,0.0004117450651781,0.0005182265072725,0.0037057055866033
CHEMBL274,19,0.0429647116234194,0.1537842052477922,0.8163295208449692,19,0.0005033002455173,0.0006412055921734,0.0095627046648301,19,0.0004913474388517,0.0005876112742562,0.009335601338183,19,0.000493150360277,0.000634112265332,0.0093698568452646
CHEMBL275,6,0.044707511851007,0.1537842052477922,0.2682450711060421,6,0.0004834704905144,0.0005265310806402,0.0029008229430866,6,0.0004789384186699,0.0005267415572554,0.0028736305120198,6,0.0004756077912591,0.0005182265072725,0.0028536467475548
CHEMBL2754,32,0.0248635785076004,0.1262818772289532,0.7956345122432159,32,0.0006077868076327,0.0008817609696392,0.0194491778442478,32,0.0005838301339297,0.0008615599110383,0.0186825642857533,32,0.0005959792818789,0.0008673527552214,0.0190713370201277
CHEMBL278,16,0.0525788688106856,0.1262818772289532,0.8412619009709702,17,0.0005263317054591,0.0007575345857585,0.0089476389928047,16,0.0005353530065823,0.0007688162927665,0.0085656481053172,17,0.0005188801035058,0.0007361189669008,0.0088209617595995
CHEMBL279,18,0.0354254974848517,0.1537842052477922,0.637658954727331,18,0.0005720318592787,0.0008155385670609,0.0102965734670175,18,0.0005775583492877,0.0008021831037283,0.0103960502871801,18,0.0005659678237755,0.0007953016612802,0.0101874208279602
CHEMBL2796,10,0.0451626678930484,0.1262818772289532,0.451626678930484,10,0.0005731738358088,0.0007282538493695,0.0057317383580884,10,0.0005578087598297,0.0007108704260096,0.0055780875982974,10,0.0005644827637183,0.0007155693194078,0.0056448276371837
CHEMBL280,11,0.027542316957008,0.086774286801405,0.3029654865270886,11,0.0004578894275246,0.0006360995976312,0.0050367837027708,11,0.0004545696047478,0.0006281476404356,0.0050002656522258,11,0.0004640115176686,0.000641946980182,0.0051041266943555
CHEMBL281,2,0.0288690871292722,0.0451741251076365,0.0577381742585445,2,0.0004695127552152,0.0004896863555226,0.0009390255104304,2,0.0004606987727089,0.0004827084140595,0.0009213975454179,2,0.0004687648727474,0.0004790010121981,0.0009375297454948
CHEMBL2835,56,0.0224562033296535,0.1537842052477922,1.2575473864605975,56,0.0006277224455334,0.0011367748980054,0.0351524569498724,56,0.0006105282011319,0.0011079266601694,0.0341895792633885,56,0.0006100751936824,0.0010980391895052,0.0341642108462196
CHEMBL2847,33,0.0242558692752604,0.0978185915307112,0.8004436860835944,33,0.0005173558506117,0.0006164629036573,0.0170727430701866,33,0.0005043441873109,0.0006011135964601,0.0166433581812625,33,0.0005080382831845,0.0005994576540304,0.0167652633450911
CHEMBL2849,16,0.0208472726029097,0.1262818772289532,0.333556361646556,16,0.0006932553133634,0.0013902905273324,0.0110920850138159,16,0.000673001156375,0.0013920415506414,0.010768018502001,16,0.0006848032064288,0.0013890700171119,0.0109568513028619
CHEMBL2882,6,0.045540954622685,0.1537842052477922,0.2732457277361101,7,0.0004599947884337,0.0005444404172623,0.003219963519036,7,0.0004527179455859,0.0005393420828279,0.0031690256191016,7,0.0004506568414634,0.0005491911751487,0.0031545978902442
CHEMBL2883,7,0.0217976634152913,0.0451741251076365,0.1525836439070391,7,0.0005225498836525,0.0005767540095035,0.003657849185568,7,0.0005216266551142,0.0005797088551034,0.0036513865857998,7,0.0005271482086373,0.0005779818484811,0.0036900374604613
CHEMBL2885,1,0.0451741251076365,0.0451741251076365,0.0451741251076365,1,0.0004896863555226,0.0004896863555226,0.0004896863555226,1,0.0004827084140595,0.0004827084140595,0.0004827084140595,1,0.0004790010121981,0.0004790010121981,0.0004790010121981
CHEMBL2886,10,0.0265800664540297,0.1262818772289532,0.2658006645402978,10,0.0006613873832437,0.0013902905273324,0.0066138738324371,10,0.0006621803787871,0.0013920415506414,0.0066218037878716,10,0.0006690475616357,0.0013890700171119,0.006690475616357
CHEMBL2887,13,0.0288687623338595,0.1262818772289532,0.3752939103401746,13,0.0005471256562019,0.0006817183218088,0.0071126335306256,13,0.0005299018262158,0.0006757329605801,0.0068887237408059,13,0.0005476154405404,0.0007432267332287,0.0071190007270256
CHEMBL2888,5,0.0539691989451611,0.1537842052477922,0.2698459947258057,6,0.000449348612216,0.0005265310806402,0.0026960916732965,5,0.0004769580159539,0.0005267415572554,0.0023847900797695,6,0.000447779782477,0.0005182265072725,0.002686678694862
CHEMBL2896,22,0.0323008360072386,0.1537842052477922,0.7106183921592505,22,0.0005553250678144,0.0011476929330024,0.0122171514919179,22,0.0005510710320522,0.0011512315270704,0.012123562705149,22,0.0005428956796376,0.0011406467385639,0.0119437049520279
CHEMBL2897,37,0.0250886869071122,0.1262818772289532,0.9282814155631514,37,0.0006238140490781,0.0008195329067339,0.0230811198158933,37,0.0006207251585266,0.0008160732180989,0.0229668308654852,37,0.0006239455744504,0.0007415746306529,0.0230859862546655
CHEMBL2918,79,0.0219556185919209,0.1537842052477922,1.7344938687617528,79,0.0005563345921187,0.0009463314597991,0.0439504327773803,79,0.0005444793867176,0.0009284255444277,0.0430138715506951,79,0.0005463814255495,0.0009244098553747,0.0431641326184156
CHEMBL2938,27,0.0213865539386232,0.1537842052477922,0.5774369563428288,27,0.0004794665279389,0.0005600997788392,0.0129455962543519,27,0.0004734161139927,0.0005532991303434,0.0127822350778038,27,0.0004741903628832,0.0005480232010297,0.0128031397978474
CHEMBL2940,9,0.0528030793097087,0.1537842052477922,0.4752277137873788,9,0.0007421716347052,0.0013951846487226,0.0066795447123473,9,0.0007243376135608,0.0013721813080025,0.0065190385220474,9,0.0007230050196466,0.0013630355341546,0.0065070451768196
CHEMBL2959,7,0.0377401808484815,0.1097527112367198,0.2641812659393709,7,0.0005578859527216,0.0006700513464699,0.0039052016690518,7,0.0005560298104004,0.0006598667905231,0.0038922086728028,7,0.0005441499207866,0.0006458377726731,0.0038090494455066
CHEMBL2960,51,0.0194786522330947,0.1537842052477922,0.9934112638878344,51,0.0004629759884645,0.0005811357953646,0.023611775411694,51,0.0004562445822701,0.0005740803409001,0.0232684736957789,51,0.0004592996283955,0.0005695085304192,0.0234242810481723
CHEMBL2963,4,0.0077163677346301,0.0192867775554466,0.0308654709385205,4,0.0004219038250056,0.0004623301519147,0.0016876153000227,4,0.00041941625807,0.0004494411097803,0.00167766503228,4,0.0004309795597944,0.0004770733128853,0.0017239182391776
CHEMBL2964,36,0.0287546799332903,0.1537842052477922,1.0351684775984518,34,0.0006526479230895,0.0009834661096706,0.0221900293850439,34,0.0006495763435736,0.0009848898862814,0.0220855956815024,34,0.0006418582042516,0.0009793572525106,0.021823178944556
CHEMBL2971,65,0.0240009768139712,0.1537842052477922,1.5600634929081316,65,0.000651275162898,0.000900160384914,0.0423328855883712,65,0.0006379250198512,0.0008965658933728,0.0414651262903286,65,0.0006327429559777,0.0008839403125357,0.0411282921385569
CHEMBL2972,4,0.0139064007033573,0.0451741251076365,0.0556256028134293,4,0.0005836446445751,0.0006730820851928,0.0023345785783004,4,0.0005843659954937,0.0006783527302884,0.0023374639819749,4,0.0005900842110462,0.0006900603232269,0.0023603368441849
CHEMBL2979,5,0.0405301975393215,0.1097527112367198,0.2026509876966079,5,0.000476095748359,0.0005549961824303,0.0023804787417954,5,0.0004702159830564,0.0005375849566791,0.0023510799152821,5,0.0004759770347965,0.0005479474365246,0.0023798851739829
CHEMBL3023,2,0.0322371326794133,0.0451741251076365,0.0644742653588266,2,0.0005094688326885,0.0005292513098544,0.0010189376653771,3,0.0004266200332487,0.0005106120661872,0.0012798600997461,3,0.000425914906586,0.0005043894392236,0.0012777447197581
CHEMBL3024,51,0.0133249097232992,0.1537842052477922,0.6795703958882598,51,0.0006052926327003,0.0009899610138302,0.0308699242677162,51,0.0005978293133401,0.000982898792931,0.0304892949803484,51,0.0006070812175298,0.0009988664770327,0.0309611420940208
CHEMBL3025,1,0.0451741251076365,0.0451741251076365,0.0451741251076365,1,0.0004896863555226,0.0004896863555226,0.0004896863555226,1,0.0004827084140595,0.0004827084140595,0.0004827084140595,1,0.0004790010121981,0.0004790010121981,0.0004790010121981
CHEMBL3028,4,0.0273280305715546,0.0600752921190352,0.1093121222862184,4,0.0007855573327675,0.0010223858045129,0.00314222933107,4,0.0007753957967466,0.0010171757063439,0.0031015831869866,4,0.0007759254201065,0.0010115523172975,0.0031037016804263
CHEMBL3030,50,0.0242516010257142,0.1537842052477922,1.2125800512857134,50,0.000503364626009,0.0008219664649272,0.0251682313004513,50,0.0004854768567117,0.0007379277246919,0.0242738428355885,50,0.000505800347676,0.000793559915231,0.0252900173838006
CHEMBL3038,2,0.0540988665101652,0.0605095401637408,0.1081977330203304,2,0.0005219703315096,0.0005329538944032,0.0010439406630192,3,0.0004370185785079,0.000513848015323,0.0013110557355239,3,0.0004403397929747,0.0005201500436453,0.0013210193789241
CHEMBL3040,15,0.0119501690327927,0.0428796480328572,0.1792525354918905,15,0.0004778370551827,0.0005767540095035,0.0071675558277413,15,0.0004785072584437,0.0005797088551034,0.0071776088766563,15,0.0004947415048161,0.0005779818484811,0.0074211225722425
CHEMBL3043,2,0.0255467560383263,0.0451741251076365,0.0510935120766527,2,0.0006302719238228,0.000770857492123,0.0012605438476456,2,0.0006248901422807,0.0007670718705019,0.0012497802845615,2,0.0005943284009905,0.000709655789783,0.0011886568019811
CHEMBL3076,4,0.0468411360721368,0.1262818772289532,0.1873645442885473,4,0.0005574293447618,0.000770857492123,0.0022297173790475,4,0.0005516558779014,0.0007670718705019,0.0022066235116058,4,0.0005359971141434,0.000709655789783,0.0021439884565736
CHEMBL3079,3,0.0175129996051448,0.0451741251076365,0.0525389988154345,3,0.0004095672709549,0.0004896863555226,0.0012287018128647,3,0.0004041123412729,0.0004827084140595,0.0012123370238187,3,0.0004093235909532,0.0004790010121981,0.0012279707728598
CHEMBL3080,3,0.0589661487671986,0.1097527112367198,0.1768984463015961,3,0.0005330144740296,0.0005758713305384,0.001599043422089,3,0.0005178343852079,0.0005641791011353,0.0015535031556238,3,0.0005195853048896,0.0005673045318414,0.0015587559146689
CHEMBL3123,3,0.0076729131172779,0.0119355972037564,0.0230187393518339,3,0.0005833728413647,0.0006456290065713,0.0017501185240942,3,0.00057712187061,0.0006380694815731,0.0017313656118301,3,0.0005899608847318,0.0006447001485519,0.0017698826541955
CHEMBL3125,5,0.0398002355517132,0.0978185915307112,0.199001177758566,5,0.0005931046180435,0.0007172394571298,0.0029655230902177,5,0.0005773996431622,0.0006376509884904,0.0028869982158112,5,0.0005897832232739,0.0006917377793115,0.0029489161163696
CHEMBL3126,6,0.0372452286235705,0.1097527112367198,0.2234713717414234,6,0.0005930149428,0.0007346799395943,0.0035580896568002,6,0.0005776279456426,0.0007147780520863,0.0034657676738559,6,0.0005932646534417,0.0007609154968916,0.0035595879206502
CHEMBL3142,11,0.028838459126036,0.1097527112367198,0.3172230503863966,10,0.0006013863665445,0.0009270681307577,0.0060138636654457,10,0.0005945334204061,0.0009117789497089,0.005945334204061,10,0.0006024049276089,0.0009098832528549,0.0060240492760893
CHEMBL3143,15,0.026056644625639,0.1262818772289532,0.3908496693845854,22,0.0004595581953796,0.0006945027120148,0.0101102802983527,22,0.000445599259169,0.0005532991303434,0.0098031837017197,22,0.0004426167668364,0.0005439842606068,0.0097375688704011
CHEMBL3155,8,0.0378618425969585,0.1537842052477922,0.3028947407756687,8,0.0004696472231633,0.0005444404172623,0.003757177785307,8,0.000463118779677,0.0005393420828279,0.003704950237416,8,0.0004595825383995,0.0005491911751487,0.0036766603071962
CHEMBL3157,8,0.0386497903633683,0.1537842052477922,0.3091983229069468,8,0.0004763948630104,0.0006110699911817,0.0038111589040833,8,0.0004691699088818,0.000591415289828,0.0037533592710551,8,0.0004679328519115,0.0005938015641085,0.0037434628152924
CHEMBL3164,48,0.0199464171385789,0.1537842052477922,0.9574280226517884,48,0.0004545980094899,0.000559865276261,0.0218207044555199,48,0.0004491522096716,0.0005548187973998,0.0215593060642373,48,0.0004523350145704,0.0005695085304192,0.0217120806993803
CHEMBL3167,6,0.0117310065593552,0.0451741251076365,0.0703860393561315,6,0.0004374433955247,0.0005292513098544,0.0026246603731482,6,0.0004285264250137,0.0005106120661872,0.0025711585500825,6,0.0004362094866121,0.0005043894392236,0.0026172569196726
CHEMBL3191,6,0.0468010303095604,0.1537842052477922,0.2808061818573627,6,0.0004904395415066,0.0006110699911817,0.0029426372490396,6,0.0004830226077117,0.000591415289828,0.0028981356462705,6,0.0004807426459133,0.0005938015641085,0.0028844558754803
CHEMBL3201,9,0.0115582835058653,0.0451741251076365,0.1040245515527882,9,0.0004612565911915,0.0005292513098544,0.0041513093207238,9,0.0004431579291259,0.0005106120661872,0.0039884213621332,9,0.0004440826192617,0.0005043894392236,0.0039967435733561
CHEMBL3230,6,0.0466208612122854,0.1537842052477922,0.2797251672737126,6,0.0004657888987291,0.0005265310806402,0.002794733392375,6,0.0004615845661526,0.0005267415572554,0.0027695073969161,6,0.0004587780555372,0.0005182265072725,0.0027526683332237
CHEMBL3233,31,0.0184394119477642,0.1537842052477922,0.5716217703806902,30,0.0004966714194566,0.0011859745832475,0.0149001425836985,30,0.0004920122449382,0.0011766986999204,0.0147603673481486,30,0.0004771769147035,0.0011838199968139,0.0143153074411053
CHEMBL3240,10,0.0237465916497745,0.1097527112367198,0.2374659164977455,10,0.0005443766796403,0.0006290163317783,0.0054437667964037,10,0.0005211234989219,0.0006049246784944,0.0052112349892198,10,0.0005289459687377,0.0006452481610376,0.0052894596873773
CHEMBL3253,31,0.0159089593846429,0.0605095401637408,0.4931777409239309,31,0.0005531004967831,0.0007346799395943,0.0171461154002787,31,0.0005348930410731,0.0007147780520863,0.0165816842732667,31,0.0005483695557702,0.0007609154968916,0.0169994562288773
CHEMBL3254,13,0.0407344388106629,0.1262818772289532,0.5295477045386179,13,0.0004885892942221,0.0005895078388938,0.0063516608248883,13,0.0004841368027716,0.0005706336189103,0.0062937784360319,13,0.0004819319829463,0.0005773690305196,0.0062651157783026
CHEMBL3256,14,0.0287679687012607,0.1262818772289532,0.4027515618176504,14,0.0005149908596313,0.0006674594598146,0.0072098720348389,14,0.000504896560263,0.000657537317527,0.0070685518436833,14,0.0005109515050671,0.000654392763388,0.0071533210709398
CHEMBL3276,12,0.0493715327206886,0.1537842052477922,0.5924583926482643,12,0.0005602464652922,0.0006231696314845,0.0067229575835071,12,0.0005488452881392,0.0006271066668271,0.0065861434576709,12,0.0005445570260382,0.0006179740906595,0.0065346843124588
CHEMBL3311,15,0.0105973592710575,0.0451741251076365,0.1589603890658629,15,0.0004919585962457,0.0006290163317783,0.0073793789436869,15,0.0004773617672373,0.0006049246784944,0.0071604265085598,15,0.0004906873260143,0.0006452481610376,0.0073603098902157
CHEMBL3351,12,0.0193438191911293,0.1262818772289532,0.2321258302935516,12,0.0004587336549932,0.0006004995603472,0.0055048038599194,12,0.0004440755161735,0.0005714247580744,0.0053289061940826,14,0.0004222751992434,0.0005812390705556,0.0059118527894085
CHEMBL3371,6,0.045540954622685,0.1537842052477922,0.2732457277361101,7,0.0004599947884337,0.0005444404172623,0.003219963519036,7,0.0004527179455859,0.0005393420828279,0.0031690256191016,7,0.0004506568414634,0.0005491911751487,0.0031545978902442
CHEMBL3373,14,0.0338846648700276,0.1537842052477922,0.4743853081803872,16,0.0005134762644105,0.0006620071675343,0.0082156202305692,16,0.0005013669226739,0.0006530297142755,0.0080218707627829,16,0.0005068126516158,0.0006542111730366,0.008109002425853
CHEMBL3379,9,0.0094499271691548,0.0451741251076365,0.0850493445223938,8,0.0004249982266545,0.0005292513098544,0.0033999858132363,8,0.0004125465939372,0.0005106120661872,0.0033003727514979,8,0.0004135247209623,0.0005043894392236,0.0033081977676986
CHEMBL3409,14,0.0139858974440101,0.0600752921190352,0.1958025642161425,14,0.0005941673586925,0.0013951846487226,0.0083183430216959,14,0.0005761536627497,0.0013523210653637,0.0080661512784963,14,0.0005797261554209,0.0013370010511974,0.0081161661758937
CHEMBL3419,7,0.0333423816698583,0.1097527112367198,0.2333966716890084,7,0.0004326014583188,0.0005758713305384,0.0030282102082317,7,0.0004199959884379,0.0005641791011353,0.0029399719190656,7,0.0004361975861458,0.0005673045318414,0.0030533831030206
CHEMBL3421,17,0.0249489172476358,0.1537842052477922,0.4241315932098101,17,0.0004549669389244,0.0005503254614852,0.0077344379617159,17,0.0004513093606736,0.0005507366545556,0.0076722591314524,17,0.0004447649200919,0.0005491911751487,0.0075610036415625
CHEMBL3429,13,0.0291184552469128,0.086774286801405,0.3785399182098674,13,0.0005303636931274,0.0007133106491734,0.0068947280106573,13,0.0005208975680881,0.0006969891818183,0.006771668385146,13,0.0005253648938997,0.0006987055320974,0.0068297436206967
CHEMBL3438,19,0.0319251792643305,0.1537842052477922,0.6065784060222801,19,0.0006167855544668,0.0009097223363359,0.0117189255348704,19,0.0006117281767473,0.0009008850903377,0.0116228353582001,19,0.0006042702862293,0.0008892580835507,0.0114811354383568
CHEMBL3473,8,0.0366618951564353,0.1537842052477922,0.2932951612514824,8,0.0004471916530896,0.0005265310806402,0.0035775332247168,8,0.0004424667064797,0.0005267415572554,0.0035397336518381,8,0.0004392918787383,0.0005182265072725,0.0035143350299068
CHEMBL3474,6,0.0394255717526532,0.1097527112367198,0.2365534305159193,6,0.0005689024267117,0.0006561894395572,0.0034134145602702,6,0.0005513605039221,0.0006371887289965,0.0033081630235328,6,0.000552315287725,0.0006389875419489,0.0033138917263503
CHEMBL3475,20,0.0364339663561527,0.1537842052477922,0.7286793271230546,20,0.0005508718795914,0.0009505587778377,0.0110174375918292,21,0.0005232780314888,0.00082597242584,0.0109888386612661,21,0.0005307109665359,0.0009084021929416,0.0111449302972558
CHEMBL3477,8,0.0392284998434289,0.1537842052477922,0.3138279987474312,8,0.0004799687060127,0.0005503254614852,0.0038397496481017,8,0.0004771662920854,0.0005446992870151,0.0038173303366838,8,0.000467548741873,0.0005491911751487,0.0037403899349845
CHEMBL3478,11,0.0278393011818258,0.1537842052477922,0.3062323130000838,11,0.0005342671472821,0.0011207536784544,0.0058769386201037,11,0.0005371983457093,0.0011668691714855,0.005909181802803,11,0.000485232874239,0.0007265274502919,0.0053375616166293
CHEMBL3510,1,0.0451741251076365,0.0451741251076365,0.0451741251076365,1,0.0004896863555226,0.0004896863555226,0.0004896863555226,1,0.0004827084140595,0.0004827084140595,0.0004827084140595,1,0.0004790010121981,0.0004790010121981,0.0004790010121981
CHEMBL3514,3,0.0230971537468982,0.0605095401637408,0.0692914612406948,3,0.0004927187431516,0.00055647278014,0.0014781562294548,3,0.0004487928872342,0.0004922029096758,0.0013463786617028,3,0.0004613545706044,0.0005009456780062,0.0013840637118132
CHEMBL3568,9,0.0274910005633785,0.1097527112367198,0.2474190050704072,9,0.0004470155114165,0.0005758713305384,0.0040231396027486,9,0.0004404486344631,0.0005641791011353,0.0039640377101686,9,0.00044019689429,0.0005673045318414,0.0039617720486105
CHEMBL3572,9,0.0247860031922203,0.1537842052477922,0.2230740287299827,9,0.0005283960257259,0.0006127175113282,0.0047555642315335,9,0.0005243447943452,0.000626279079074,0.0047191031491072,9,0.0005275815119292,0.0006175026472933,0.0047482336073633
CHEMBL3582,17,0.0410553006448727,0.1537842052477922,0.6979401109628373,17,0.0005545312520995,0.0008740448693541,0.0094270312856922,17,0.000548438534945,0.0008680626830026,0.0093234550940666,17,0.000540637381721,0.0008241647399241,0.0091908354892571
CHEMBL3595,11,0.0099737524243858,0.0229847162537001,0.1097112766682439,11,0.0004738663735735,0.0005610334726564,0.0052125301093087,11,0.0004771567760811,0.0005555506503516,0.0052487245368926,11,0.0004837425453962,0.0005511075766126,0.0053211679993583
CHEMBL3610,56,0.0276425076393965,0.1537842052477922,1.5479804278062064,56,0.0006118894406549,0.0010177475718468,0.0342658086766753,56,0.00061474838017,0.0010115984387753,0.0344259092895213,56,0.0006061465153305,0.0010195644560664,0.0339442048585102
CHEMBL3636,7,0.0414232286742356,0.1537842052477922,0.2899626007196492,7,0.0004782846813666,0.0006110699911817,0.0033479927695662,7,0.0004700817472259,0.000591415289828,0.0032905722305815,7,0.0004687783990629,0.0005938015641085,0.0032814487934405
CHEMBL3650,47,0.025153537896971,0.1537842052477922,1.182216281157637,47,0.0006368017840536,0.0009999943938902,0.0299296838505211,47,0.0006367484774212,0.0009902599180457,0.029927178438799,47,0.0006178284624,0.0009666828260392,0.0290379377328018
CHEMBL3708,32,0.0249106160355158,0.1537842052477922,0.7971397131365057,31,0.0007425728285673,0.0013927375880275,0.0230197576855893,31,0.0007277643495762,0.0013920415506414,0.0225606948368652,31,0.0007196540427524,0.0013890700171119,0.0223092753253265
CHEMBL3710,6,0.0466208612122854,0.1537842052477922,0.2797251672737126,6,0.0004657888987291,0.0005265310806402,0.002794733392375,6,0.0004615845661526,0.0005267415572554,0.0027695073969161,6,0.0004587780555372,0.0005182265072725,0.0027526683332237
CHEMBL3721,17,0.0058603578347415,0.0451741251076365,0.0996260831906062,17,0.0004006551844516,0.0005292513098544,0.0068111381356786,17,0.0004025349700516,0.0005106120661872,0.0068430944908783,17,0.0004142600958252,0.0005227224825863,0.0070424216290291
CHEMBL3723,24,0.0098092369243031,0.0428796480328572,0.2354216861832745,24,0.0006599996616504,0.0009899610138302,0.01583999187961,24,0.0006494368238509,0.000982898792931,0.0155864837724224,24,0.0006622307892007,0.0009988664770327,0.0158935389408172
CHEMBL3724,7,0.0428631291492371,0.1537842052477922,0.3000419040446603,7,0.0004865433405081,0.0006110699911817,0.0034058033835568,7,0.000480131812392,0.000591415289828,0.0033609226867441,7,0.0004780671281903,0.0005938015641085,0.0033464698973322
CHEMBL3727,3,0.0160356980833505,0.0451741251076365,0.0481070942500517,3,0.0004923511771787,0.0004936835880067,0.0014770535315361,3,0.0004919281075392,0.0004965379542791,0.0014757843226178,3,0.000478648453891,0.0004790010121981,0.001435945361673
CHEMBL3764,7,0.0414232286742356,0.1537842052477922,0.2899626007196492,7,0.0004782846813666,0.0006110699911817,0.0033479927695662,7,0.0004700817472259,0.000591415289828,0.0032905722305815,7,0.0004687783990629,0.0005938015641085,0.0032814487934405
CHEMBL3768,14,0.0284115425816074,0.1097527112367198,0.3977615961425036,14,0.0005362926780927,0.0008674914754998,0.0075080974932986,14,0.0005242033179733,0.0008515685639294,0.0073388464516268,14,0.0005218639640378,0.0008203549520406,0.0073060954965294
CHEMBL3769,12,0.0168595175240982,0.0978185915307112,0.2023142102891792,11,0.0004295484141528,0.0005491757597568,0.0047250325556816,11,0.0004251352111677,0.0005376933654451,0.0046764873228456,11,0.0004359975083503,0.0005606642790874,0.0047959725918538
CHEMBL3770,2,0.0068358426393659,0.012564049150908,0.0136716852787318,2,0.0003958050403584,0.0004493391549078,0.0007916100807168,2,0.000405284532917,0.0004386891313584,0.0008105690658341,2,0.0003995955747363,0.0004585287332967,0.0007991911494726
CHEMBL3775,28,0.0184632370173269,0.1262818772289532,0.5169706364851556,28,0.0005673752387336,0.0006916021455252,0.0158865066845418,28,0.0005616319881426,0.0006694497676945,0.0157256956679953,28,0.0005669288995633,0.0006836488128212,0.0158740091877743
CHEMBL3816,23,0.0221005132328804,0.1537842052477922,0.5083118043562498,23,0.0004992130580899,0.0006766291657644,0.0114819003360684,23,0.0004920080814845,0.0006740722549982,0.0113161858741443,23,0.000491677762361,0.0007149739322423,0.0113085885343033
CHEMBL3817,18,0.0295231644902196,0.1537842052477922,0.5314169608239533,18,0.0005335878815019,0.0006456290065713,0.0096045818670345,18,0.0005356392046329,0.0006399261316043,0.0096415056833936,18,0.0005213086397594,0.0006447001485519,0.0093835555156705
CHEMBL3819,7,0.0428631291492371,0.1537842052477922,0.3000419040446603,7,0.0004865433405081,0.0006110699911817,0.0034058033835568,7,0.000480131812392,0.000591415289828,0.0033609226867441,7,0.0004780671281903,0.0005938015641085,0.0033464698973322
CHEMBL3841,2,0.012518297140628,0.0229847162537001,0.0250365942812561,3,0.0004031887163101,0.0004786384692116,0.0012095661489303,3,0.0004017298803753,0.0004876563641275,0.0012051896411259,3,0.0004071233953548,0.0004793673557067,0.0012213701860645
CHEMBL3856,6,0.0385448388162455,0.1097527112367198,0.2312690328974732,6,0.000662958059556,0.0013902905273324,0.0039777483573361,6,0.0006543838712772,0.0013920415506414,0.0039263032276633,6,0.000654673688252,0.0013890700171119,0.003928042129512
CHEMBL3861,7,0.0346490429678895,0.1537842052477922,0.242543300775227,7,0.0008308642399928,0.0013902905273324,0.0058160496799498,7,0.0008302883701557,0.0013920415506414,0.0058120185910905,7,0.000827173206246,0.0013890700171119,0.0057902124437224
CHEMBL3863,2,0.0322371326794133,0.0451741251076365,0.0644742653588266,2,0.0005094688326885,0.0005292513098544,0.0010189376653771,3,0.0004266200332487,0.0005106120661872,0.0012798600997461,3,0.000425914906586,0.0005043894392236,0.0012777447197581
CHEMBL3892,9,0.0419937015512473,0.1537842052477922,0.3779433139612259,9,0.0005230462564898,0.0006756564833105,0.0047074163084082,9,0.0005245494117255,0.000681624752395,0.0047209447055297,9,0.0005220452065089,0.0006867239251052,0.0046984068585805
CHEMBL3898,11,0.0048430294491242,0.0192867775554466,0.0532733239403672,11,0.0004511631170857,0.0006736986384878,0.0049627942879434,11,0.0004377957718724,0.0006522574715673,0.0048157534905964,11,0.0004585529766708,0.000661988958186,0.0050440827433791
CHEMBL3911,6,0.0468010303095604,0.1537842052477922,0.2808061818573627,6,0.0004904395415066,0.0006110699911817,0.0029426372490396,6,0.0004830226077117,0.000591415289828,0.0028981356462705,6,0.0004807426459133,0.0005938015641085,0.0028844558754803
CHEMBL3913,10,0.0432551301648069,0.1262818772289532,0.4325513016480697,13,0.0004544041937849,0.0006356243701749,0.0059072545192043,13,0.0004425589780594,0.0006445622039834,0.0057532667147726,11,0.0004814325894315,0.0006457535810975,0.0052957584837466
CHEMBL3958,9,0.0235888538103685,0.1262818772289532,0.2122996842933165,9,0.0004370100332438,0.0005083924665701,0.0039330902991943,9,0.0004356355974558,0.0005001339661636,0.0039207203771023,9,0.0004298500151341,0.000501215185533,0.003868650136207
CHEMBL3961,65,0.0250352737903534,0.1537842052477922,1.6272927963729733,65,0.0006043075186187,0.0009134402682043,0.0392799887102171,65,0.0006014393248099,0.0009009980466587,0.0390935561126441,65,0.0006044928737093,0.0008962556447185,0.0392920367911073
CHEMBL3969,1,0.0451741251076365,0.0451741251076365,0.0451741251076365,1,0.0004896863555226,0.0004896863555226,0.0004896863555226,1,0.0004827084140595,0.0004827084140595,0.0004827084140595,1,0.0004790010121981,0.0004790010121981,0.0004790010121981
CHEMBL3974,10,0.0388270015553682,0.1537842052477922,0.3882700155536826,11,0.0004974763279667,0.0006173689432131,0.0054722396076347,11,0.0004936221684735,0.0006473519749155,0.0054298438532095,11,0.0004893639421357,0.0006394943644759,0.0053830033634927
CHEMBL4018,7,0.0412687980194284,0.1537842052477922,0.2888815861359991,7,0.0004571555589859,0.0005265310806402,0.0032000889129016,7,0.0004517062830324,0.0005267415572554,0.0031619439812271,7,0.0004499516073119,0.0005182265072725,0.0031496612511838
CHEMBL402,10,0.0235403903009779,0.0978185915307112,0.2354039030097791,11,0.000468766207608,0.0005711514629925,0.0051564282836885,10,0.0004721441247668,0.0005741323054776,0.0047214412476683,10,0.0004754653896673,0.0005805528754101,0.0047546538966731
CHEMBL4068,9,0.0385592761916742,0.1537842052477922,0.3470334857250681,9,0.0004831536276168,0.0007364852520839,0.0043483826485518,9,0.0004770889834081,0.0007241079270678,0.0042938008506735,9,0.0004813927809242,0.0007150087621687,0.004332535028318
CHEMBL4069,9,0.0375522612604184,0.1537842052477922,0.3379703513437656,9,0.0004864314056514,0.00055647278014,0.0043778826508631,9,0.0004694345548601,0.0005393420828279,0.0042249109937413,9,0.0004746038968615,0.0005491911751487,0.0042714350717543
CHEMBL4071,25,0.0279239250473162,0.1262818772289532,0.6980981261829057,24,0.0005706168092314,0.0013902905273324,0.0136948034215538,24,0.0005562131731029,0.0013920415506414,0.0133491161544714,24,0.0005640675979397,0.0013890700171119,0.0135376223505533
CHEMBL4072,20,0.0199094507718542,0.1097527112367198,0.3981890154370849,20,0.0005748375899336,0.001062711297679,0.0114967517986729,20,0.0005649382122144,0.0010418013461732,0.011298764244288,20,0.0005698171929947,0.0010350053919864,0.0113963438598944
CHEMBL4074,3,0.0226649166298163,0.0605095401637408,0.0679947498894489,3,0.0004139962955177,0.0005109867686159,0.0012419888865533,3,0.0004032947967065,0.0004922029096758,0.0012098843901197,3,0.0004166023645587,0.0005009456780062,0.0012498070936762
CHEMBL4076,8,0.011914604939985,0.058212054098014,0.0953168395198802,8,0.0004242867135055,0.0005503254614852,0.0033942937080447,8,0.0004245235710761,0.0005446992870151,0.0033961885686094,8,0.0004221923717138,0.0005340445333531,0.0033775389737105
CHEMBL4121,64,0.0263934783091258,0.1537842052477922,1.6891826117840545,64,0.0005327027476147,0.000900160384914,0.0340929758473471,64,0.0005287920982288,0.0008965658933728,0.0338426942866465,64,0.0005285346188583,0.0008839403125357,0.0338262156069339
CHEMBL4142,38,0.0247934539690416,0.1537842052477922,0.9421512508235812,38,0.0006396528503139,0.0009943415000593,0.0243068083119296,38,0.0006393918636063,0.0009843452347358,0.0242968908170398,38,0.0006121107129783,0.0009520920417482,0.0232602070931783
CHEMBL4237,37,0.0283173663101406,0.1537842052477922,1.0477425534752038,37,0.0006310667572242,0.0009463314597991,0.0233494700172961,37,0.0006300229922436,0.0009284255444277,0.0233108507130144,37,0.0006376071913641,0.0009244098553747,0.0235914660804744
CHEMBL4271,6,0.0085767343853642,0.0229847162537001,0.0514604063121853,6,0.0004428534199843,0.0004864046289194,0.002657120519906,6,0.0004571781953768,0.0004950294023541,0.0027430691722611,6,0.0004481213519752,0.0004931057336792,0.0026887281118517
CHEMBL4273,17,0.0404091055549147,0.1537842052477922,0.6869547944335513,17,0.0005072115626629,0.0007216685854824,0.0086225965652705,17,0.0004953007971661,0.0006803201335936,0.0084201135518247,17,0.0004906996903553,0.000571878677965,0.0083418947360408
CHEMBL4305,2,0.012518297140628,0.0229847162537001,0.0250365942812561,2,0.0004348023352081,0.0004786384692116,0.0008696046704162,2,0.0004412105453403,0.0004876563641275,0.0008824210906806,2,0.0004432417256801,0.0004793673557067,0.0008864834513603
CHEMBL4306,5,0.0079685662440087,0.0229847162537001,0.0398428312200436,5,0.0004062119070654,0.0004786384692116,0.0020310595353274,5,0.0004040709421515,0.0004876563641275,0.0020203547107579,5,0.0004061561503144,0.0004793673557067,0.0020307807515721
CHEMBL4315,10,0.0385245743371586,0.1537842052477922,0.3852457433715866,10,0.0005371504331697,0.0006766291657644,0.0053715043316979,10,0.0005335422565578,0.0006740722549982,0.0053354225655781,10,0.0005343287052767,0.0007149739322423,0.0053432870527675
CHEMBL4330,13,0.0430022318612847,0.1537842052477922,0.5590290141967015,13,0.0005053953762552,0.0006110699911817,0.0065701398913177,13,0.0004959941084269,0.000591415289828,0.0064479234095499,13,0.0005000539065527,0.0005938015641085,0.0065007007851857
CHEMBL4425,17,0.0249489172476358,0.1537842052477922,0.4241315932098101,17,0.0004549669389244,0.0005503254614852,0.0077344379617159,17,0.0004513093606736,0.0005507366545556,0.0076722591314524,17,0.0004447649200919,0.0005491911751487,0.0075610036415625
CHEMBL4429,7,0.0414232286742356,0.1537842052477922,0.2899626007196492,7,0.0004782846813666,0.0006110699911817,0.0033479927695662,7,0.0004700817472259,0.000591415289828,0.0032905722305815,7,0.0004687783990629,0.0005938015641085,0.0032814487934405
CHEMBL4467,5,0.0405301975393215,0.1097527112367198,0.2026509876966079,5,0.000476095748359,0.0005549961824303,0.0023804787417954,5,0.0004702159830564,0.0005375849566791,0.0023510799152821,5,0.0004759770347965,0.0005479474365246,0.0023798851739829
CHEMBL4469,5,0.0081153941700856,0.0229847162537001,0.0405769708504282,5,0.0004337363031989,0.0004786384692116,0.0021686815159945,5,0.0004348829145369,0.0004876563641275,0.0021744145726847,5,0.0004319220882888,0.0004793673557067,0.0021596104414443
CHEMBL4478,2,0.0229847162537001,0.0229847162537001,0.0459694325074002,2,0.0004825215490655,0.0004864046289194,0.0009650430981311,2,0.0004913428832408,0.0004950294023541,0.0009826857664816,2,0.000486236544693,0.0004931057336792,0.000972473089386
CHEMBL4549,42,0.0164404725479723,0.1097527112367198,0.6904998470148395,42,0.0005041918548643,0.0007706787374255,0.0211760579043044,42,0.0004911917814145,0.000657537317527,0.0206300548194101,42,0.0004988826883909,0.000654392763388,0.0209530729124215
CHEMBL4550,5,0.0137546117599725,0.0451741251076365,0.0687730587998628,5,0.0004189592926456,0.0005292513098544,0.0020947964632283,5,0.0004128309968093,0.0005106120661872,0.0020641549840469,5,0.0004147599723168,0.0005043894392236,0.002073799861584
CHEMBL4551,15,0.0240507673464323,0.1097527112367198,0.3607615101964858,14,0.0005478036478698,0.0008817609696392,0.0076692510701777,14,0.0005317179398631,0.0008562893258499,0.0074440511580845,14,0.0005376023943725,0.0008645226547058,0.0075264335212152
CHEMBL4573,5,0.0539691989451611,0.1537842052477922,0.2698459947258057,6,0.000449348612216,0.0005265310806402,0.0026960916732965,5,0.0004769580159539,0.0005267415572554,0.0023847900797695,6,0.000447779782477,0.0005182265072725,0.002686678694862
CHEMBL4589,4,0.0129469025278776,0.0451741251076365,0.0517876101115106,4,0.0003876383013148,0.0004896863555226,0.0015505532052594,4,0.0003878382643992,0.0004827084140595,0.0015513530575971,4,0.0003873339943639,0.0004790010121981,0.0015493359774556
CHEMBL4605,2,0.0068358426393659,0.012564049150908,0.0136716852787318,2,0.0003958050403584,0.0004493391549078,0.0007916100807168,2,0.000405284532917,0.0004386891313584,0.0008105690658341,2,0.0003995955747363,0.0004585287332967,0.0007991911494726
CHEMBL4607,7,0.0412687980194284,0.1537842052477922,0.2888815861359991,7,0.0004571555589859,0.0005265310806402,0.0032000889129016,7,0.0004517062830324,0.0005267415572554,0.0031619439812271,7,0.0004499516073119,0.0005182265072725,0.0031496612511838
CHEMBL4608,10,0.0403791318983148,0.1537842052477922,0.4037913189831485,10,0.0004806265593887,0.0005444404172623,0.0048062655938878,10,0.0004761813962066,0.0005393420828279,0.0047618139620667,10,0.0004774431333757,0.0005491911751487,0.0047744313337572
CHEMBL4617,3,0.0173955548660637,0.0451741251076365,0.0521866645981911,3,0.0006878239816296,0.0008029280972434,0.002063471944889,3,0.0006726870589792,0.0007682808923763,0.0020180611769378,3,0.0006468555297338,0.0007519097872204,0.0019405665892015
CHEMBL4633,2,0.012518297140628,0.0229847162537001,0.0250365942812561,3,0.0004031887163101,0.0004786384692116,0.0012095661489303,3,0.0004017298803753,0.0004876563641275,0.0012051896411259,3,0.0004071233953548,0.0004793673557067,0.0012213701860645
CHEMBL4708,2,0.0777481303034229,0.1537842052477922,0.1554962606068459,2,0.0004616004993155,0.0004901882717595,0.000923200998631,2,0.0004443593191239,0.0004864318095925,0.0008887186382478,2,0.00044105114001,0.0004830233805839,0.0008821022800201
CHEMBL4712,7,0.0337202058346682,0.1537842052477922,0.2360414408426777,7,0.0005560413495286,0.0007627669051261,0.0038922894467006,8,0.000518616024049,0.0007569903348784,0.0041489281923927,8,0.0005047540305868,0.0007716610765774,0.0040380322446944
CHEMBL4714,6,0.0468010303095604,0.1537842052477922,0.2808061818573627,6,0.0004904395415066,0.0006110699911817,0.0029426372490396,6,0.0004830226077117,0.000591415289828,0.0028981356462705,6,0.0004807426459133,0.0005938015641085,0.0028844558754803
CHEMBL4715,7,0.0271874504577983,0.0978185915307112,0.1903121532045886,7,0.0005090604132111,0.0006561894395572,0.0035634228924783,7,0.0004999302450002,0.0006371887289965,0.0034995117150019,7,0.0005048884319203,0.0006389875419489,0.0035342190234421
CHEMBL4716,4,0.0620437619313571,0.1537842052477922,0.2481750477254287,4,0.0005185408918014,0.0005444404172623,0.0020741635672058,4,0.0005162578536757,0.0005393420828279,0.002065031414703,4,0.0005140041852299,0.0005491911751487,0.0020560167409196
CHEMBL4744,15,0.0343905062139155,0.1537842052477922,0.5158575932087335,17,0.0004755684428596,0.0006835733294709,0.0080846635286141,17,0.000467258466074,0.000645716654579,0.0079433939232584,17,0.0004665848920284,0.0006648524079466,0.0079319431644831
CHEMBL4761,18,0.0391960541318768,0.1537842052477922,0.7055289743737837,18,0.0004834233162412,0.0005758713305384,0.0087016196923423,18,0.0004703305285018,0.0005641791011353,0.008465949513033,18,0.0004780943057011,0.0005673045318414,0.0086056975026208
CHEMBL4763,59,0.0228424730554539,0.1537842052477922,1.3477059102717803,59,0.000533696204365,0.0009834661096706,0.0314880760575355,59,0.0005291832384213,0.0009848898862814,0.0312218110668579,59,0.0005217155961195,0.0009793572525106,0.0307812201710545
CHEMBL4770,3,0.009029490769604,0.0229847162537001,0.0270884723088121,3,0.0004230238862453,0.0004786384692116,0.0012690716587359,3,0.0004305283508184,0.0004876563641275,0.0012915850524553,3,0.0004360151397346,0.0004793673557067,0.0013080454192039
CHEMBL4777,7,0.0412687980194284,0.1537842052477922,0.2888815861359991,7,0.0004571555589859,0.0005265310806402,0.0032000889129016,7,0.0004517062830324,0.0005267415572554,0.0031619439812271,7,0.0004499516073119,0.0005182265072725,0.0031496612511838
CHEMBL4790,10,0.0334592176290756,0.1537842052477922,0.3345921762907566,10,0.0006435615905174,0.0013902905273324,0.0064356159051748,10,0.0006383293697468,0.0013920415506414,0.0063832936974686,10,0.000640231454241,0.0013890700171119,0.0064023145424104
CHEMBL4794,3,0.0055982403231402,0.012564049150908,0.0167947209694208,3,0.0006267444645525,0.0008492131230125,0.0018802333936575,3,0.0005465352799538,0.0006680225852612,0.0016396058398616,3,0.0008311125053902,0.0013890700171119,0.0024933375161707
CHEMBL4805,18,0.0308797343944116,0.1262818772289532,0.5558352190994097,18,0.0005358012693527,0.0007600670673291,0.0096444228483498,18,0.000520965117253,0.000722902125727,0.0093773721105549,18,0.0005271974656845,0.0007375955243429,0.0094895543823213
CHEMBL4808,3,0.0222889815561612,0.0229847162537001,0.0668669446684838,3,0.0004878135630269,0.0004983975909496,0.0014634406890808,3,0.0004943842959022,0.000500467121225,0.0014831528877067,3,0.0004926539126606,0.0005054886485959,0.0014779617379819
CHEMBL4811,2,0.0227856342349543,0.0451741251076365,0.0455712684699087,2,0.0004910704502006,0.0004924545448787,0.0009821409004013,2,0.0004888382773465,0.0004949681406336,0.0009776765546931,2,0.0004904888349882,0.0005019766577784,0.0009809776699765
CHEMBL4812,3,0.0336767455887225,0.0978185915307112,0.1010302367661676,3,0.000393758236118,0.0005250877006656,0.001181274708354,3,0.0003932102185026,0.0005224229821941,0.0011796306555079,3,0.0003964369300846,0.0005286091789337,0.001189310790254
CHEMBL4813,10,0.022739227334122,0.1262818772289532,0.2273922733412203,10,0.00047432151999,0.0005292513098544,0.0047432151999006,10,0.0004482572153197,0.0005106120661872,0.004482572153197,10,0.0004488779575796,0.0005043894392236,0.0044887795757965
CHEMBL4815,7,0.0414232286742356,0.1537842052477922,0.2899626007196492,7,0.0004782846813666,0.0006110699911817,0.0033479927695662,7,0.0004700817472259,0.000591415289828,0.0032905722305815,7,0.0004687783990629,0.0005938015641085,0.0032814487934405
CHEMBL4816,81,0.0270819901736972,0.1537842052477922,2.193641204069478,81,0.0005771332771242,0.0010981136612179,0.0467477954470665,81,0.0005753814128828,0.0010878782956958,0.0466058944435143,81,0.0005706555921035,0.0010835873945086,0.0462231029603878
CHEMBL4820,6,0.0468010303095604,0.1537842052477922,0.2808061818573627,6,0.0004904395415066,0.0006110699911817,0.0029426372490396,6,0.0004830226077117,0.000591415289828,0.0028981356462705,6,0.0004807426459133,0.0005938015641085,0.0028844558754803
CHEMBL4829,10,0.0095854798081657,0.0451741251076365,0.095854798081657,10,0.0004535630328517,0.0006004995603472,0.0045356303285174,10,0.0004372062967038,0.0005714247580744,0.0043720629670383,11,0.0004234608110263,0.0005812390705556,0.0046580689212896
CHEMBL4832,13,0.0515407874743652,0.1537842052477922,0.6700302371667484,12,0.0005806165237214,0.0008410515382945,0.0069673982846572,12,0.0005588689106456,0.000658200210987,0.0067064269277479,12,0.0005784588176866,0.0008407102410442,0.0069415058122401
CHEMBL4833,3,0.0175129996051448,0.0451741251076365,0.0525389988154345,3,0.0004095672709549,0.0004896863555226,0.0012287018128647,3,0.0004041123412729,0.0004827084140595,0.0012123370238187,3,0.0004093235909532,0.0004790010121981,0.0012279707728598
CHEMBL4834,3,0.0231855129451263,0.0451741251076365,0.0695565388353791,3,0.0005583757016447,0.0006561894395572,0.0016751271049343,3,0.0005435030697477,0.0006371887289965,0.0016305092092433,3,0.0005407926644569,0.0006389875419489,0.0016223779933707
CHEMBL4835,4,0.0124300562276586,0.0451741251076365,0.0497202249106344,4,0.0010291722371836,0.0013902905273324,0.0041166889487346,4,0.0010319707360873,0.0013920415506414,0.0041278829443495,4,0.0010271118363223,0.0013890700171119,0.0041084473452895
CHEMBL4863,5,0.0342180859894453,0.0978185915307112,0.1710904299472269,5,0.0004419073466956,0.0005250877006656,0.0022095367334783,5,0.0004361283470905,0.0005224229821941,0.0021806417354527,5,0.0004419176311107,0.0005286091789337,0.0022095881555536
CHEMBL4865,14,0.0220402542310466,0.0605095401637408,0.3085635592346538,14,0.000602322288283,0.0013902905273324,0.0084325120359633,14,0.0005898770285183,0.0013920415506414,0.0082582783992562,14,0.0005960457751997,0.0013890700171119,0.0083446408527958
CHEMBL4866,10,0.0190651935951374,0.0600752921190352,0.1906519359513744,10,0.0005981095072673,0.0013951846487226,0.0059810950726739,10,0.0005778932131241,0.0013523210653637,0.0057789321312412,10,0.0005710366296516,0.0013370010511974,0.0057103662965165
CHEMBL4867,7,0.0419374949295796,0.1537842052477922,0.2935624645070578,7,0.0004981539523288,0.0006110699911817,0.0034870776663019,7,0.000491068247014,0.000591415289828,0.0034374777290985,7,0.0004905210072327,0.0005938015641085,0.003433647050629
CHEMBL4868,3,0.0226649166298163,0.0605095401637408,0.0679947498894489,3,0.0004139962955177,0.0005109867686159,0.0012419888865533,3,0.0004032947967065,0.0004922029096758,0.0012098843901197,3,0.0004166023645587,0.0005009456780062,0.0012498070936762
CHEMBL4869,7,0.0287990905607377,0.0978185915307112,0.2015936339251643,7,0.0005496472844834,0.0007040228762591,0.0038475309913839,7,0.000552142434491,0.0007276162350441,0.003864997041437,7,0.0005562770700419,0.000795557959329,0.0038939394902938
CHEMBL4872,4,0.003891037065916,0.0094050932772035,0.015564148263664,3,0.0004561188447721,0.0005468631479192,0.0013683565343163,3,0.0004437934032235,0.0005162151400386,0.0013313802096706,3,0.0004381752504791,0.00050511518593,0.0013145257514375
CHEMBL4873,4,0.0301889035923023,0.0978185915307112,0.1207556143692095,4,0.0004720739468859,0.0005491757597568,0.0018882957875439,4,0.0004672506264396,0.0005376933654451,0.0018690025057586,4,0.0004779602575178,0.0005606642790874,0.0019118410300714
CHEMBL4876,9,0.0265703836990421,0.1537842052477922,0.2391334532913797,9,0.0005222270211959,0.0006310118736127,0.0047000431907632,9,0.0005277774384101,0.0006157291586884,0.0047499969456916,9,0.0005210938266859,0.0006192669426573,0.0046898444401738
CHEMBL4878,12,0.0187417343893087,0.1262818772289532,0.224900812671705,12,0.0004377988830574,0.0005292513098544,0.0052535865966895,12,0.0004229615805009,0.0005106120661872,0.0050755389660119,12,0.0004251225452477,0.0005043894392236,0.0051014705429724
CHEMBL4880,5,0.011227747266887,0.0451741251076365,0.0561387363344351,5,0.0005640171279726,0.0006730820851928,0.0028200856398633,5,0.0005733441688657,0.0006783527302884,0.0028667208443286,5,0.0005788097168199,0.0006900603232269,0.0028940485840995
CHEMBL4881,5,0.0235663461849939,0.0605095401637408,0.1178317309249696,5,0.0005214812894084,0.0007600670673291,0.0026074064470421,5,0.0005007831944361,0.000722902125727,0.0025039159721807,5,0.0005051462957081,0.0007375955243429,0.0025257314785408
CHEMBL4883,6,0.0572180389033234,0.1097527112367198,0.3433082334199405,6,0.0005322182577655,0.0005758713305384,0.0031933095465934,9,0.0004465853110236,0.0005641791011353,0.0040192677992131,9,0.0004459630157212,0.0005673045318414,0.0040136671414914
CHEMBL4892,7,0.0406844995053671,0.1537842052477922,0.28479149653757,9,0.0004481074426199,0.0006110699911817,0.0040329669835799,9,0.0004415827263274,0.000591415289828,0.003974244536947,9,0.0004381069569378,0.0005938015641085,0.003942962612441
CHEMBL4894,7,0.0412687980194284,0.1537842052477922,0.2888815861359991,7,0.0004571555589859,0.0005265310806402,0.0032000889129016,7,0.0004517062830324,0.0005267415572554,0.0031619439812271,7,0.0004499516073119,0.0005182265072725,0.0031496612511838
CHEMBL4924,11,0.0275566444182831,0.0978185915307112,0.3031230886011146,11,0.000561736334661,0.0007172394571298,0.0061790996812715,11,0.0005562910518581,0.0006376509884904,0.00611920157044,11,0.0005601900999162,0.0006917377793115,0.006162091099079
CHEMBL4925,3,0.0153228039440603,0.0451741251076365,0.0459684118321809,3,0.0004915318150933,0.0004924545448787,0.00147459544528,3,0.0004908815651089,0.0004949681406336,0.0014726446953267,3,0.0004943181092516,0.0005019766577784,0.001482954327755
CHEMBL4928,52,0.0222622961007669,0.1537842052477922,1.1576393972398802,52,0.0004907530376271,0.0006999305392248,0.0255191579566133,52,0.0004811808796621,0.0006656788155157,0.0250214057424325,52,0.0004832657766127,0.0006650779396503,0.0251298203838627
CHEMBL4939,4,0.0301889035923023,0.0978185915307112,0.1207556143692095,4,0.0004720739468859,0.0005491757597568,0.0018882957875439,4,0.0004672506264396,0.0005376933654451,0.0018690025057586,4,0.0004779602575178,0.0005606642790874,0.0019118410300714
CHEMBL4940,3,0.0160682861032117,0.0451741251076365,0.0482048583096351,3,0.0009087994738007,0.0013902905273324,0.0027263984214022,3,0.000911947131236,0.0013920415506414,0.0027358413937081,3,0.0009064591093925,0.0013890700171119,0.0027193773281776
CHEMBL4941,8,0.0394787283082474,0.1097527112367198,0.3158298264659792,9,0.0005527893005521,0.000770857492123,0.0049751037049691,9,0.0005452703481981,0.0007670718705019,0.0049074331337831,9,0.0005316209817724,0.000709655789783,0.0047845888359516
CHEMBL4942,4,0.01630787743894,0.058212054098014,0.0652315097557601,4,0.0004525560633891,0.0005503254614852,0.0018102242535567,4,0.0004510711359871,0.0005446992870151,0.0018042845439487,4,0.0004479127928832,0.0005340445333531,0.0017916511715328
CHEMBL4945,3,0.0642743586215308,0.1537842052477922,0.1928230758645926,3,0.0005664535770717,0.0006086728991084,0.0016993607312152,3,0.0005613785489136,0.000626279079074,0.0016841356467409,3,0.0005605883661442,0.0006175026472933,0.0016817650984328
CHEMBL4947,2,0.0233447458543179,0.0451741251076365,0.0466894917086358,2,0.0006680539470349,0.0008464215385472,0.0013361078940698,2,0.0006718999215333,0.0008610914290072,0.0013437998430667,2,0.0006651536555328,0.0008513062988676,0.0013303073110657
CHEMBL4949,8,0.0077816371104405,0.0451741251076365,0.0622530968835247,8,0.0007435516613243,0.0013902905273324,0.0059484132905944,8,0.0007454499322986,0.0013920415506414,0.0059635994583891,8,0.0007360547625412,0.0013890700171119,0.0058884381003301
CHEMBL4977,70,0.0294715144427717,0.1537842052477922,2.063006010994022,70,0.0006186239784661,0.0008524347830407,0.043303678492632,70,0.0006181819016865,0.0008350428454108,0.0432727331180566,70,0.000624431046582,0.0008319637350061,0.0437101732607459
CHEMBL4983,9,0.0225052990788606,0.0600752921190352,0.2025476917097455,9,0.0006531707224,0.0013951846487226,0.0058785365016003,9,0.0006290100900463,0.0013523210653637,0.0056610908104171,9,0.0006217767378174,0.0013370010511974,0.0055959906403572
CHEMBL4985,2,0.0264276099974389,0.0451741251076365,0.0528552199948778,2,0.0004942072039573,0.000498728052392,0.0009884144079147,2,0.000490379260699,0.0004980501073385,0.0009807585213981,2,0.0004901080988655,0.000501215185533,0.0009802161977311
CHEMBL5100,2,0.0255467560383263,0.0451741251076365,0.0510935120766527,2,0.0006302719238228,0.000770857492123,0.0012605438476456,2,0.0006248901422807,0.0007670718705019,0.0012497802845615,2,0.0005943284009905,0.000709655789783,0.0011886568019811
CHEMBL5103,18,0.0391040133864676,0.1537842052477922,0.7038722409564182,18,0.0006274813284141,0.0007727461136472,0.0112946639114553,18,0.0006203511087124,0.0007655157173034,0.0111663199568234,18,0.0006217954688752,0.0007589731163405,0.0111923184397543
CHEMBL5113,8,0.0363601295313873,0.1537842052477922,0.2908810362510988,8,0.0004576191135996,0.0006110699911817,0.003660952908797,8,0.0004498421053215,0.000591415289828,0.003598736842572,7,0.0004687783990629,0.0005938015641085,0.0032814487934405
CHEMBL5135,6,0.0067667904241533,0.0229847162537001,0.0406007425449202,6,0.0004296537805411,0.0005468631479192,0.0025779226832466,6,0.0004227616417994,0.0005162151400386,0.0025365698507965,6,0.000422649322917,0.00050511518593,0.0025358959375021
CHEMBL5136,14,0.0455375886801621,0.1537842052477922,0.6375262415222703,14,0.0005115582316949,0.0006110699911817,0.0071618152437287,14,0.0005000087211702,0.000591415289828,0.0070001220963828,14,0.0005020236973519,0.0005938015641085,0.0070283317629274
CHEMBL5444,24,0.0260037182228946,0.1262818772289532,0.6240892373494722,24,0.000584145491309,0.0006926805395962,0.014019491791416,24,0.0005781013313668,0.0006852145190859,0.013874431952804,24,0.0005834836371982,0.0006963686382371,0.0140036072927585
